player_code,web_name,team,position,season_minutes,season_starts,fbref_subs,fbref_unused_subs,long_form_minutes,long_form_expected_goals_90,long_form_expected_assists_90,long_form_expected_goals_conceded_90,long_form_defensive_contribution_90,long_form_bonus_90,short_form_minutes,short_form_expected_goals_90,short_form_expected_assists_90,short_form_expected_goals_conceded_90,short_form_defensive_contribution_90,short_form_bonus_90,team_long_form_xg90,team_long_form_xgc90,team_short_form_xg90,team_short_form_xgc90,long_form_expected_goals,long_form_expected_assists,long_form_expected_goals_conceded,long_form_defensive_contribution,long_form_bonus,long_form_bps,long_form_bps_90,short_form_expected_goals,short_form_expected_assists,short_form_expected_goals_conceded,short_form_defensive_contribution,short_form_bonus,short_form_bps,short_form_bps_90,fbref_squads_made
154561,Raya,Arsenal,GK,3330,37,0,0,6750,0.0,0.0013,0.8345,0.0,0.28,450,0.0,0.002,0.814,0.0,1.0,1.7351,0.8528,1.76,0.8417,0.0,0.1,62.59,0.0,21,1188,15.84,0.0,0.01,4.07,0,5,110,22.0,37
109745,Arrizabalaga,Arsenal,GK,90,1,0,0,2880,0.0019,0.0009,1.2441,0.0,0.2188,90,0.0,0.0,0.98,0.0,0.0,1.7351,0.8528,1.76,0.8417,0.06,0.03,39.81,0.0,7,417,13.0312,0.0,0.0,0.98,0,0,11,11.0,1
463748,Hein,Arsenal,GK,0,0,0,0,0,0.0,0.0,0.0,0.0,0.0,0,0.0,0.0,0.0,0.0,0.0,1.7351,0.8528,1.76,0.8417,0.0,0.0,0.0,0.0,0,0,0.0,0.0,0.0,0.0,0,0,0,0.0,0
551221,Setford,Arsenal,GK,0,0,0,0,0,0.0,0.0,0.0,0.0,0.0,0,0.0,0.0,0.0,0.0,0.0,1.7351,0.8528,1.76,0.8417,0.0,0.0,0.0,0.0,0,0,0.0,0.0,0.0,0.0,0,0,0,0.0,0
226597,Gabriel,Arsenal,DEF,2750,30,0,0,5113,0.0993,0.0521,0.7939,4.8758,0.6865,495,0.1745,0.0164,0.9091,8.1818,0.9091,1.7351,0.8528,1.76,0.8417,5.640000000000001,2.96,45.1,277.0,39,1183,20.8234,0.96,0.09,5.0,45,5,119,21.6364,30
462424,Saliba,Arsenal,DEF,2614,30,0,0,5653,0.0525,0.0396,0.8077,3.0727,0.4139,450,0.0,0.102,0.814,7.4,0.6,1.7351,0.8528,1.76,0.8417,3.3,2.49,50.730000000000004,193.0,26,1145,18.2293,0.0,0.51,4.07,37,3,121,24.2,30
466075,Calafiori,Arsenal,DEF,1697,22,0,0,2675,0.142,0.0488,0.6729,3.4318,0.2355,251,0.1578,0.0968,0.2725,2.51,0.7171,1.7351,0.8528,1.76,0.8417,4.22,1.45,20.0,102.0,7,531,17.8654,0.44,0.27,0.76,7,2,50,17.9283,22
445122,J.Timber,Arsenal,DEF,2452,28,0,0,4867,0.1098,0.0523,0.7127,2.7368,0.3329,0,0.0,0.0,0.0,0.0,0.0,1.7351,0.8528,1.76,0.8417,5.94,2.83,38.54,148.0,18,958,17.7152,0.0,0.0,0.0,0,0,0,0.0,28
440854,Kiwior,Arsenal,DEF,0,0,0,0,1117,0.0137,0.0234,1.1852,0.0,0.1611,0,0.0,0.0,0.0,0.0,0.0,1.7351,0.8528,1.76,0.8417,0.17,0.29000000000000004,14.709999999999999,0.0,2,178,14.342,0.0,0.0,0.0,0,0,0,0.0,0
499169,Lewis-Skelly,Arsenal,DEF,697,5,0,0,2059,0.0114,0.031,1.1216,1.0928,0.0,296,0.0,0.0365,0.7784,1.8243,0.0,1.7351,0.8528,1.76,0.8417,0.26,0.71,25.66,25.0,0,347,15.1676,0.0,0.12,2.5599999999999996,6,0,69,20.9797,5
198869,White,Arsenal,DEF,699,9,0,0,1894,0.0432,0.0946,1.2146,2.5185,0.1426,215,0.0,0.0753,0.5735,3.3488,0.0,1.7351,0.8528,1.76,0.8417,0.91,1.99,25.56,53.0,3,392,18.6272,0.0,0.18000000000000002,1.37,8,0,56,23.4419,9
563324,Clarke,Arsenal,DEF,0,0,0,0,0,0.0,0.0,0.0,0.0,0.0,0,0.0,0.0,0.0,0.0,0.0,1.7351,0.8528,1.76,0.8417,0.0,0.0,0.0,0.0,0,0,0.0,0.0,0.0,0.0,0,0,0,0.0,0
588793,Kacurri,Arsenal,DEF,0,0,0,0,0,0.0,0.0,0.0,0.0,0.0,0,0.0,0.0,0.0,0.0,0.0,1.7351,0.8528,1.76,0.8417,0.0,0.0,0.0,0.0,0,0,0.0,0.0,0.0,0.0,0,0,0,0.0,0
499167,Nichols,Arsenal,DEF,0,0,0,0,0,0.0,0.0,0.0,0.0,0.0,0,0.0,0.0,0.0,0.0,0.0,1.7351,0.8528,1.76,0.8417,0.0,0.0,0.0,0.0,0,0,0.0,0.0,0.0,0.0,0,0,0,0.0,0
223340,Saka,Arsenal,MID,2218,25,0,0,3942,0.3297,0.3411,0.76,4.2009,0.8219,223,0.2341,0.5691,0.4883,8.4753,1.6143,1.7351,0.8528,1.76,0.8417,14.44,14.94,33.29,184.0,36,1078,24.6119,0.58,1.41,1.21,21,4,73,29.4619,25
184029,Ødegaard,Arsenal,MID,1363,16,0,0,3684,0.149,0.2524,0.9371,2.4919,0.3909,293,0.0737,0.2273,1.0167,6.4505,0.0,1.7351,0.8528,1.76,0.8417,6.1,10.33,38.36,102.0,16,835,20.399,0.24,0.74,3.31,21,0,54,16.587,16
248857,Madueke,Arsenal,MID,1205,16,0,0,3233,0.302,0.1592,1.1781,1.9487,0.5846,263,0.0684,0.2498,0.8247,6.5019,1.0266,1.7351,0.8528,1.76,0.8417,10.85,5.72,42.32,70.0,21,679,18.9019,0.2,0.73,2.41,19,3,64,21.9011,16
444145,Martinelli,Arsenal,MID,1065,11,0,0,3349,0.3023,0.154,0.9871,2.0693,0.2419,173,0.3069,0.1353,1.2017,6.2428,1.0405,1.7351,0.8528,1.76,0.8417,11.25,5.73,36.730000000000004,77.0,9,617,16.5811,0.5900000000000001,0.26,2.31,12,2,33,17.1676,11
116216,Trossard,Arsenal,MID,1997,21,0,0,4543,0.2445,0.1527,0.7667,2.6348,0.5745,286,0.2014,0.2769,0.5381,5.035,0.6294,1.7351,0.8528,1.76,0.8417,12.34,7.71,38.7,133.0,29,1006,19.9296,0.64,0.88,1.71,16,2,90,28.3217,21
204480,Rice,Arsenal,MID,3093,35,0,0,5916,0.1013,0.1972,0.7759,5.7201,0.6085,423,0.0,0.1191,0.8298,11.0638,0.0,1.7351,0.8528,1.76,0.8417,6.66,12.96,51.0,376.0,40,1417,21.5568,0.0,0.56,3.9,52,0,69,14.6809,35
195384,Merino,Arsenal,MID,1024,10,0,0,2599,0.3155,0.0911,0.7989,3.913,0.4502,28,1.1893,0.0,2.475,6.4286,0.0,1.7351,0.8528,1.76,0.8417,9.11,2.63,23.07,113.0,13,562,19.4613,0.37,0.0,0.77,2,0,-2,-6.4286,10
438098,Fábio Vieira,Arsenal,MID,0,0,0,0,0,0.0,0.0,0.0,0.0,0.0,0,0.0,0.0,0.0,0.0,0.0,1.7351,0.8528,1.76,0.8417,0.0,0.0,0.0,0.0,0,0,0.0,0.0,0.0,0.0,0,0,0,0.0,0
128295,Nørgaard,Arsenal,MID,101,1,0,0,2921,0.1328,0.0438,1.4426,0.493,0.2157,45,0.06,0.08,0.1,10.0,0.0,1.7351,0.8528,1.76,0.8417,4.31,1.42,46.82,16.0,7,608,18.7333,0.03,0.04,0.05,5,0,9,18.0,1
499175,Nwaneri,Arsenal,MID,165,0,0,0,1047,0.1221,0.1599,0.5252,1.1175,0.3438,0,0.0,0.0,0.0,0.0,0.0,1.7351,0.8528,1.76,0.8417,1.42,1.8599999999999999,6.11,13.0,4,271,23.2951,0.0,0.0,0.0,0,0,0,0.0,0
481655,Zubimendi,Arsenal,MID,2991,34,0,0,2991,0.0855,0.0683,0.7851,9.2377,0.2708,319,0.0197,0.0197,1.0834,11.2853,0.0,1.7351,0.8528,1.76,0.8417,2.84,2.27,26.09,307.0,9,604,18.1745,0.07,0.07,3.84,40,0,60,16.9279,34
588796,Kabia,Arsenal,MID,0,0,0,0,0,0.0,0.0,0.0,0.0,0.0,0,0.0,0.0,0.0,0.0,0.0,1.7351,0.8528,1.76,0.8417,0.0,0.0,0.0,0.0,0,0,0.0,0.0,0.0,0.0,0,0,0,0.0,0
437742,Sambi,Arsenal,MID,0,0,0,0,0,0.0,0.0,0.0,0.0,0.0,0,0.0,0.0,0.0,0.0,0.0,1.7351,0.8528,1.76,0.8417,0.0,0.0,0.0,0.0,0,0,0.0,0.0,0.0,0.0,0,0,0,0.0,0
219847,Havertz,Arsenal,FWD,577,7,0,0,2449,0.4719,0.0842,0.9555,1.176,0.6247,263,0.6981,0.1848,1.2217,3.7643,1.0266,1.7351,0.8528,1.76,0.8417,12.84,2.29,26.0,32.0,17,486,17.8604,2.04,0.54,3.5700000000000003,11,3,91,31.1407,7
205651,G.Jesus,Arsenal,FWD,418,3,0,0,1018,0.5092,0.069,0.8655,2.6523,0.5305,100,0.792,0.027,0.36,3.6,0.0,1.7351,0.8528,1.76,0.8417,5.76,0.78,9.790000000000001,30.0,6,244,21.5717,0.88,0.03,0.4,4,0,19,17.1,3
232413,Eze,Arsenal,MID,1885,22,0,0,4473,0.3133,0.1475,0.9907,2.4145,0.4628,355,0.3296,0.0887,0.867,4.8169,0.0,1.7351,0.8528,1.76,0.8417,15.57,7.33,49.24,120.0,23,1044,21.006,1.3,0.35000000000000003,3.42,19,0,73,18.507,22
500040,Mosquera,Arsenal,DEF,986,9,0,0,986,0.0091,0.0575,0.8252,8.6714,0.0913,305,0.0295,0.0384,1.0446,7.377,0.0,1.7351,0.8528,1.76,0.8417,0.1,0.63,9.04,95.0,1,195,17.7992,0.1,0.13,3.54,25,0,43,12.6885,9
224117,Gyökeres,Arsenal,FWD,2217,26,0,0,2217,0.4977,0.0788,0.723,3.4506,0.6495,239,0.7569,0.064,1.0431,4.5188,1.1297,1.7351,0.8528,1.76,0.8417,12.26,1.94,17.81,85.0,16,474,19.2422,2.01,0.17,2.77,12,3,86,32.3849,26
616077,Dowman,Arsenal,MID,152,1,0,0,152,0.7046,0.1776,0.5211,9.4737,0.0,73,0.0986,0.1973,0.2589,11.0959,0.0,1.7351,0.8528,1.76,0.8417,1.19,0.30000000000000004,0.88,16.0,0,51,30.1974,0.08,0.16,0.21,9,0,8,9.863,1
646243,Harriman-Annous,Arsenal,MID,0,0,0,0,0,0.0,0.0,0.0,0.0,0.0,0,0.0,0.0,0.0,0.0,0.0,1.7351,0.8528,1.76,0.8417,0.0,0.0,0.0,0.0,0,0,0.0,0.0,0.0,0.0,0,0,0,0.0,0
448104,Hincapie,Arsenal,DEF,1787,20,0,0,1787,0.0181,0.0841,0.8829,8.6122,0.3525,288,0.0094,0.0875,1.0438,9.375,0.3125,1.7351,0.8528,1.76,0.8417,0.36,1.67,17.53,171.0,7,335,16.8719,0.03,0.28,3.34,30,1,53,16.5625,20
616065,Salmon,Arsenal,DEF,0,0,0,0,0,0.0,0.0,0.0,0.0,0.0,0,0.0,0.0,0.0,0.0,0.0,1.7351,0.8528,1.76,0.8417,0.0,0.0,0.0,0.0,0,0,0.0,0.0,0.0,0.0,0,0,0,0.0,0
98980,Martinez,Aston Villa,GK,2835,32,0,0,6030,0.0,0.0015,1.3121,0.0,0.2537,450,0.0,0.004,1.424,0.0,0.2,1.453,1.3926,1.5933,1.41,0.0,0.1,87.91,0.0,17,987,14.7313,0.0,0.02,7.12,0,1,77,15.4,32
72147,M.Bizot,Aston Villa,GK,585,6,0,0,585,0.0,0.0,1.6954,0.0,0.0,90,0.0,0.0,1.34,0.0,0.0,1.453,1.3926,1.5933,1.41,0.0,0.0,11.02,0.0,0,75,11.5385,0.0,0.0,1.34,0,0,10,10.0,6
462492,Gauci,Aston Villa,GK,0,0,0,0,0,0.0,0.0,0.0,0.0,0.0,0,0.0,0.0,0.0,0.0,0.0,1.453,1.3926,1.5933,1.41,0.0,0.0,0.0,0.0,0,0,0.0,0.0,0.0,0.0,0,0,0,0.0,0
462381,Marschall,Aston Villa,GK,0,0,0,0,0,0.0,0.0,0.0,0.0,0.0,0,0.0,0.0,0.0,0.0,0.0,1.453,1.3926,1.5933,1.41,0.0,0.0,0.0,0.0,0,0,0.0,0.0,0.0,0.0,0,0,0,0.0,0
199796,Cash,Aston Villa,DEF,3016,34,0,0,5085,0.0287,0.0738,1.3113,3.292,0.1593,484,0.0037,0.0446,1.3221,5.2066,0.186,1.453,1.3926,1.5933,1.41,1.62,4.17,74.09,186.0,9,736,13.0265,0.02,0.24000000000000002,7.109999999999999,28,1,42,7.8099,34
101188,Digne,Aston Villa,DEF,1842,21,0,0,4190,0.0316,0.1557,1.3474,2.4272,0.2578,216,0.025,0.2,1.7625,5.0,0.0,1.453,1.3926,1.5933,1.41,1.47,7.25,62.73,113.0,12,764,16.4105,0.060000000000000005,0.48,4.2299999999999995,12,0,31,12.9167,21
199798,Konsa,Aston Villa,DEF,3035,34,0,0,5971,0.0386,0.0181,1.398,2.9543,0.1959,360,0.0,0.0075,1.5325,4.75,0.0,1.453,1.3926,1.5933,1.41,2.56,1.2,92.75,196.0,13,945,14.2438,0.0,0.03,6.13,19,0,36,9.0,34
441302,Maatsen,Aston Villa,DEF,1590,17,0,0,2715,0.0706,0.1598,1.4569,4.2431,0.0331,327,0.0165,0.1486,1.2413,7.4312,0.2752,1.453,1.3926,1.5933,1.41,2.13,4.82,43.95,128.0,1,446,14.7845,0.06,0.54,4.51,27,1,34,9.3578,17
149484,Mings,Aston Villa,DEF,1322,15,0,0,2441,0.0804,0.024,1.3483,3.9451,0.3318,360,0.0725,0.0125,1.4625,6.75,0.0,1.453,1.3926,1.5933,1.41,2.18,0.65,36.57,107.0,9,376,13.8632,0.29000000000000004,0.05,5.85,27,0,21,5.25,15
244954,Pau,Aston Villa,DEF,1673,18,0,0,3692,0.0449,0.02,1.2798,2.7302,0.1219,197,0.3198,0.0091,1.2518,5.0254,0.0,1.453,1.3926,1.5933,1.41,1.84,0.8200000000000001,52.5,112.0,5,534,13.0173,0.7000000000000001,0.02,2.7399999999999998,11,0,19,8.6802,18
606798,A.García,Aston Villa,DEF,83,1,0,0,399,0.009,0.1128,2.082,2.2556,0.0,45,0.0,0.0,2.38,18.0,0.0,1.453,1.3926,1.5933,1.41,0.04,0.5,9.23,10.0,0,38,8.5714,0.0,0.0,1.19,9,0,5,10.0,1
106468,Alex Moreno,Aston Villa,DEF,0,0,0,0,952,0.0161,0.104,1.3179,0.0,0.0945,0,0.0,0.0,0.0,0.0,0.0,1.453,1.3926,1.5933,1.41,0.17,1.0999999999999999,13.94,0.0,1,126,11.9118,0.0,0.0,0.0,0,0,0,0.0,0
515597,Bogarde,Aston Villa,DEF,1042,11,0,0,1515,0.0024,0.0196,1.465,3.5644,0.2376,245,0.0,0.0037,1.2453,4.4082,0.0,1.453,1.3926,1.5933,1.41,0.04,0.33,24.66,60.0,4,143,8.495,0.0,0.01,3.3899999999999997,12,0,14,5.1429,11
514315,Sousa,Aston Villa,DEF,0,0,0,0,0,0.0,0.0,0.0,0.0,0.0,0,0.0,0.0,0.0,0.0,0.0,1.453,1.3926,1.5933,1.41,0.0,0.0,0.0,0.0,0,0,0.0,0.0,0.0,0.0,0,0,0,0.0,0
587178,Yasin,Aston Villa,DEF,0,0,0,0,0,0.0,0.0,0.0,0.0,0.0,0,0.0,0.0,0.0,0.0,0.0,1.453,1.3926,1.5933,1.41,0.0,0.0,0.0,0.0,0,0,0.0,0.0,0.0,0.0,0,0,0,0.0,0
244850,Rogers,Aston Villa,MID,3280,37,0,0,6395,0.1876,0.1345,1.3405,3.2369,0.4504,450,0.174,0.162,1.424,6.2,0.8,1.453,1.3926,1.5933,1.41,13.33,9.56,95.25,230.0,32,1139,16.0297,0.87,0.81,7.12,31,4,99,19.8,37
166989,Tielemans,Aston Villa,MID,1857,21,0,0,4882,0.082,0.1676,1.3865,3.7423,0.3318,449,0.0301,0.1122,1.365,9.6214,0.0,1.453,1.3926,1.5933,1.41,4.45,9.09,75.21,203.0,18,1103,20.3339,0.15000000000000002,0.56,6.81,48,0,99,19.8441,21
215711,Bailey,Aston Villa,MID,450,3,0,0,1582,0.1269,0.2492,1.1913,2.7307,0.1138,116,0.1474,0.194,1.2879,11.6379,0.0,1.453,1.3926,1.5933,1.41,2.23,4.38,20.94,48.0,2,243,13.8243,0.19,0.25,1.6600000000000001,15,0,27,20.9483,3
195546,Buendía,Aston Villa,MID,1753,21,0,0,1842,0.1969,0.1104,1.4805,9.6254,0.4886,288,0.15,0.0937,1.6031,11.5625,0.625,1.453,1.3926,1.5933,1.41,4.03,2.2600000000000002,30.3,197.0,10,419,20.4723,0.48,0.3,5.13,37,2,87,27.1875,21
469247,Iling Jr,Aston Villa,MID,0,0,0,0,0,0.0,0.0,0.0,0.0,0.0,0,0.0,0.0,0.0,0.0,0.0,1.453,1.3926,1.5933,1.41,0.0,0.0,0.0,0.0,0,0,0.0,0.0,0.0,0.0,0,0,0,0.0,0
204646,Malen,Aston Villa,MID,640,5,0,0,936,0.5942,0.0481,1.4769,1.5385,0.5769,0,0.0,0.0,0.0,0.0,0.0,1.453,1.3926,1.5933,1.41,6.18,0.5,15.36,16.0,6,273,26.25,0.0,0.0,0.0,0,0,0,0.0,5
122806,McGinn,Aston Villa,MID,2136,28,0,0,4353,0.1261,0.1408,1.4082,3.1013,0.1447,329,0.0766,0.4897,1.1599,4.3769,0.0,1.453,1.3926,1.5933,1.41,6.1000000000000005,6.8100000000000005,68.11,150.0,7,803,16.6023,0.28,1.79,4.24,16,0,94,25.7143,28
88894,Barkley,Aston Villa,MID,844,7,0,0,1411,0.215,0.1078,1.2451,4.7201,0.6378,378,0.1976,0.0381,1.3238,5.2381,0.4762,1.453,1.3926,1.5933,1.41,3.37,1.69,19.52,74.0,10,387,24.6846,0.8300000000000001,0.16,5.56,22,2,58,13.8095,7
491287,Barrenechea,Aston Villa,MID,0,0,0,0,0,0.0,0.0,0.0,0.0,0.0,0,0.0,0.0,0.0,0.0,0.0,1.453,1.3926,1.5933,1.41,0.0,0.0,0.0,0.0,0,0,0.0,0.0,0.0,0.0,0,0,0,0.0,0
461421,Dobbin,Aston Villa,MID,0,0,0,0,0,0.0,0.0,0.0,0.0,0.0,0,0.0,0.0,0.0,0.0,0.0,1.453,1.3926,1.5933,1.41,0.0,0.0,0.0,0.0,0,0,0.0,0.0,0.0,0.0,0,0,0,0.0,0
226944,Kamara,Aston Villa,MID,1410,17,0,0,3130,0.0388,0.048,1.2603,4.2843,0.2875,0,0.0,0.0,0.0,0.0,0.0,1.453,1.3926,1.5933,1.41,1.35,1.6700000000000002,43.83,149.0,10,578,16.6198,0.0,0.0,0.0,0,0,0,0.0,17
449871,Onana,Aston Villa,MID,1755,21,0,0,3368,0.1015,0.0409,1.3946,5.8521,0.2405,107,0.2355,0.0084,1.5645,7.5701,0.0,1.453,1.3926,1.5933,1.41,3.8000000000000003,1.53,52.19,219.0,9,677,18.0909,0.28,0.01,1.8599999999999999,9,0,12,10.0935,21
577731,Broggio,Aston Villa,MID,0,0,0,0,0,0.0,0.0,0.0,0.0,0.0,0,0.0,0.0,0.0,0.0,0.0,1.453,1.3926,1.5933,1.41,0.0,0.0,0.0,0.0,0,0,0.0,0.0,0.0,0.0,0,0,0,0.0,0
151589,Dendoncker,Aston Villa,MID,0,0,0,0,0,0.0,0.0,0.0,0.0,0.0,0,0.0,0.0,0.0,0.0,0.0,1.453,1.3926,1.5933,1.41,0.0,0.0,0.0,0.0,0,0,0.0,0.0,0.0,0.0,0,0,0,0.0,0
559962,Jimoh-Aloba,Aston Villa,MID,8,0,0,0,8,0.0,0.0,6.8625,11.25,0.0,0,0.0,0.0,0.0,0.0,0.0,1.453,1.3926,1.5933,1.41,0.0,0.0,0.61,1.0,0,3,33.75,0.0,0.0,0.0,0,0,0,0.0,0
537403,Young,Aston Villa,MID,0,0,0,0,0,0.0,0.0,0.0,0.0,0.0,0,0.0,0.0,0.0,0.0,0.0,1.453,1.3926,1.5933,1.41,0.0,0.0,0.0,0.0,0,0,0.0,0.0,0.0,0.0,0,0,0,0.0,0
178301,Watkins,Aston Villa,FWD,2833,33,0,0,5426,0.5062,0.0539,1.3603,1.5592,0.962,458,0.8902,0.0236,1.1653,2.3581,2.3581,1.453,1.3926,1.5933,1.41,30.52,3.25,82.01,94.0,58,1254,20.7999,4.53,0.12,5.93,12,12,235,46.179,33
576756,Redmond,Aston Villa,FWD,0,0,0,0,0,0.0,0.0,0.0,0.0,0.0,0,0.0,0.0,0.0,0.0,0.0,1.453,1.3926,1.5933,1.41,0.0,0.0,0.0,0.0,0,0,0.0,0.0,0.0,0.0,0,0,0,0.0,0
444884,Elliott,Aston Villa,MID,110,1,0,0,469,0.3972,0.1382,1.5122,1.1514,0.5757,0,0.0,0.0,0.0,0.0,0.0,1.453,1.3926,1.5933,1.41,2.07,0.7200000000000001,7.88,6.0,3,137,26.29,0.0,0.0,0.0,0,0,0,0.0,1
209243,Sancho,Aston Villa,MID,863,9,0,0,2617,0.0942,0.1709,1.2989,1.5132,0.1032,111,0.0,0.0405,2.2946,4.8649,0.0,1.453,1.3926,1.5933,1.41,2.74,4.97,37.77,44.0,3,508,17.4704,0.0,0.05,2.83,6,0,14,11.3514,9
481283,Wright,Aston Villa,GK,0,0,0,0,0,0.0,0.0,0.0,0.0,0.0,0,0.0,0.0,0.0,0.0,0.0,1.453,1.3926,1.5933,1.41,0.0,0.0,0.0,0.0,0,0,0.0,0.0,0.0,0.0,0,0,0,0.0,0
230046,Douglas Luiz,Aston Villa,MID,913,12,0,0,913,0.0522,0.14,1.3051,10.3505,0.0,99,0.0273,0.0364,1.6636,11.8182,0.0,1.453,1.3926,1.5933,1.41,0.53,1.42,13.24,105.0,0,220,21.6867,0.03,0.04,1.83,13,0,33,30.0,12
569577,Rowe,Aston Villa,DEF,0,0,0,0,0,0.0,0.0,0.0,0.0,0.0,0,0.0,0.0,0.0,0.0,0.0,1.453,1.3926,1.5933,1.41,0.0,0.0,0.0,0.0,0,0,0.0,0.0,0.0,0.0,0,0,0,0.0,0
645618,Burrowes,Aston Villa,MID,16,0,0,0,16,0.0,0.0,5.0625,5.625,0.0,0,0.0,0.0,0.0,0.0,0.0,1.453,1.3926,1.5933,1.41,0.0,0.0,0.9,1.0,0,3,16.875,0.0,0.0,0.0,0,0,0,0.0,0
564505,Proctor,Aston Villa,GK,0,0,0,0,0,0.0,0.0,0.0,0.0,0.0,0,0.0,0.0,0.0,0.0,0.0,1.453,1.3926,1.5933,1.41,0.0,0.0,0.0,0.0,0,0,0.0,0.0,0.0,0.0,0,0,0,0.0,0
534836,Patterson,Aston Villa,DEF,0,0,0,0,0,0.0,0.0,0.0,0.0,0.0,0,0.0,0.0,0.0,0.0,0.0,1.453,1.3926,1.5933,1.41,0.0,0.0,0.0,0.0,0,0,0.0,0.0,0.0,0.0,0,0,0,0.0,0
184667,Lindelöf,Aston Villa,DEF,942,11,0,0,1637,0.0154,0.0104,1.3481,2.9688,0.0,280,0.0,0.0096,1.2954,5.1429,0.0,1.453,1.3926,1.5933,1.41,0.28,0.19,24.52,54.0,0,224,12.3152,0.0,0.03,4.029999999999999,16,0,25,8.0357,11
577285,George Hemmings,Aston Villa,MID,25,0,0,0,25,0.144,0.036,2.196,3.6,0.0,0,0.0,0.0,0.0,0.0,0.0,1.453,1.3926,1.5933,1.41,0.04,0.01,0.61,1.0,0,5,18.0,0.0,0.0,0.0,0,0,0,0.0,0
516875,Hollingshead,Aston Villa,GK,0,0,0,0,0,0.0,0.0,0.0,0.0,0.0,0,0.0,0.0,0.0,0.0,0.0,1.453,1.3926,1.5933,1.41,0.0,0.0,0.0,0.0,0,0,0.0,0.0,0.0,0.0,0,0,0,0.0,0
664015,Leon Routh,Aston Villa,DEF,0,0,0,0,0,0.0,0.0,0.0,0.0,0.0,0,0.0,0.0,0.0,0.0,0.0,1.453,1.3926,1.5933,1.41,0.0,0.0,0.0,0.0,0,0,0.0,0.0,0.0,0.0,0,0,0,0.0,0
618027,Carroll,Aston Villa,DEF,0,0,0,0,0,0.0,0.0,0.0,0.0,0.0,0,0.0,0.0,0.0,0.0,0.0,1.453,1.3926,1.5933,1.41,0.0,0.0,0.0,0.0,0,0,0.0,0.0,0.0,0.0,0,0,0,0.0,0
653481,Alysson,Aston Villa,MID,47,0,0,0,47,0.0957,0.0957,3.5809,7.6596,0.0,0,0.0,0.0,0.0,0.0,0.0,1.453,1.3926,1.5933,1.41,0.05,0.05,1.87,4.0,0,11,21.0638,0.0,0.0,0.0,0,0,0,0.0,0
173879,Abraham,Aston Villa,FWD,278,2,0,0,278,0.6637,0.1165,1.6576,4.2086,0.6475,79,0.9,0.0,2.8823,4.557,0.0,1.453,1.3926,1.5933,1.41,2.05,0.36,5.12,13.0,2,93,30.1079,0.79,0.0,2.53,4,0,36,41.0127,2
518030,Weiss,Burnley,GK,270,3,0,0,270,0.0,0.0,1.6067,0.0,0.0,270,0.0,0.0,1.6067,0.0,0.0,0.8841,2.0241,0.904,2.0,0.0,0.0,4.82,0.0,0,39,13.0,0.0,0.0,4.82,0,0,39,13.0,3
489571,Green,Burnley,GK,0,0,0,0,0,0.0,0.0,0.0,0.0,0.0,0,0.0,0.0,0.0,0.0,0.0,0.8841,2.0241,0.904,2.0,0.0,0.0,0.0,0.0,0,0,0.0,0.0,0.0,0.0,0,0,0,0.0,0
51943,Hladký,Burnley,GK,0,0,0,0,0,0.0,0.0,0.0,0.0,0.0,0,0.0,0.0,0.0,0.0,0.0,0.8841,2.0241,0.904,2.0,0.0,0.0,0.0,0.0,0,0,0.0,0.0,0.0,0.0,0,0,0,0.0,0
192290,Roberts,Burnley,DEF,0,0,0,0,0,0.0,0.0,0.0,0.0,0.0,0,0.0,0.0,0.0,0.0,0.0,0.8841,2.0241,0.904,2.0,0.0,0.0,0.0,0.0,0,0,0.0,0.0,0.0,0.0,0,0,0,0.0,0
58621,Walker,Burnley,DEF,3095,35,0,0,4061,0.006,0.0583,1.9234,4.6984,0.0665,540,0.005,0.0467,1.865,5.0,0.0,0.8841,2.0241,0.904,2.0,0.27,2.63,86.78999999999999,212.0,3,305,6.7594,0.03,0.28,11.19,30,0,39,6.5,35
247245,Delcroix,Burnley,DEF,0,0,0,0,0,0.0,0.0,0.0,0.0,0.0,0,0.0,0.0,0.0,0.0,0.0,0.8841,2.0241,0.904,2.0,0.0,0.0,0.0,0.0,0,0,0.0,0.0,0.0,0.0,0,0,0,0.0,0
461567,Dodgson,Burnley,DEF,0,0,0,0,0,0.0,0.0,0.0,0.0,0.0,0,0.0,0.0,0.0,0.0,0.0,0.8841,2.0241,0.904,2.0,0.0,0.0,0.0,0.0,0,0,0.0,0.0,0.0,0.0,0,0,0,0.0,0
478969,Ekdal,Burnley,DEF,1539,17,0,0,1539,0.0146,0.0187,1.8146,10.1754,0.117,270,0.0133,0.0233,2.1233,11.3333,0.0,0.8841,2.0241,0.904,2.0,0.25,0.32,31.029999999999998,174.0,2,159,9.2982,0.04,0.06999999999999999,6.37,34,0,23,7.6667,17
477717,Estève,Burnley,DEF,2933,34,0,0,2933,0.0224,0.0181,2.0578,10.2489,0.0,441,0.0122,0.002,1.8531,12.2449,0.0,0.8841,2.0241,0.904,2.0,0.73,0.59,67.06,334.0,0,264,8.1009,0.06,0.01,9.08,60,0,30,6.1224,34
494960,Hartman,Burnley,DEF,1825,21,0,0,1825,0.0158,0.0976,2.1161,7.5452,0.0,244,0.0406,0.0811,2.2131,11.8033,0.0,0.8841,2.0241,0.904,2.0,0.32,1.98,42.91,153.0,0,228,11.2438,0.11,0.22,6.0,32,0,23,8.4836,21
461188,Humphreys,Burnley,DEF,1574,17,0,0,1574,0.024,0.0389,2.0184,8.0623,0.0572,254,0.0177,0.0106,2.126,7.0866,0.0,0.8841,2.0241,0.904,2.0,0.42000000000000004,0.6799999999999999,35.3,141.0,1,210,12.0076,0.05,0.03,6.0,20,0,27,9.5669,17
241231,Jordan,Burnley,DEF,0,0,0,0,0,0.0,0.0,0.0,0.0,0.0,0,0.0,0.0,0.0,0.0,0.0,0.8841,2.0241,0.904,2.0,0.0,0.0,0.0,0.0,0,0,0.0,0.0,0.0,0.0,0,0,0,0.0,0
549329,Lucas Pires,Burnley,DEF,1405,15,0,0,1405,0.0384,0.0935,1.8058,5.9573,0.0,295,0.0824,0.0793,1.5834,5.4915,0.0,0.8841,2.0241,0.904,2.0,0.6000000000000001,1.46,28.19,93.0,0,127,8.1352,0.27,0.26,5.1899999999999995,18,0,30,9.1525,15
450072,Sambo,Burnley,DEF,0,0,0,0,0,0.0,0.0,0.0,0.0,0.0,0,0.0,0.0,0.0,0.0,0.0,0.8841,2.0241,0.904,2.0,0.0,0.0,0.0,0.0,0,0,0.0,0.0,0.0,0.0,0,0,0,0.0,0
519895,Sonne,Burnley,DEF,164,1,0,0,164,0.3018,0.0439,2.0799,3.8415,0.0,0,0.0,0.0,0.0,0.0,0.0,0.8841,2.0241,0.904,2.0,0.55,0.08,3.79,7.0,0,20,10.9756,0.0,0.0,0.0,0,0,0,0.0,1
180804,Tuanzebe,Burnley,DEF,1201,14,0,0,2911,0.0254,0.0117,1.9079,3.7101,0.0,270,0.0,0.0033,1.6067,7.6667,0.0,0.8841,2.0241,0.904,2.0,0.82,0.38,61.71,120.0,0,182,5.6269,0.0,0.01,4.82,23,0,21,7.0,14
208912,Worrall,Burnley,DEF,496,5,0,0,496,0.0145,0.0036,2.1194,13.7903,0.0,0,0.0,0.0,0.0,0.0,0.0,0.8841,2.0241,0.904,2.0,0.08,0.02,11.68,76.0,0,40,7.2581,0.0,0.0,0.0,0,0,0,0.0,5
444180,Anthony,Burnley,MID,2717,32,0,0,2717,0.1693,0.0944,1.9544,7.6849,0.1987,519,0.1387,0.0468,1.6491,5.3757,0.0,0.8841,2.0241,0.904,2.0,5.11,2.85,59.0,232.0,6,513,16.993,0.8,0.27,9.51,31,0,89,15.4335,32
183751,Benson,Burnley,MID,0,0,0,0,0,0.0,0.0,0.0,0.0,0.0,0,0.0,0.0,0.0,0.0,0.0,0.8841,2.0241,0.904,2.0,0.0,0.0,0.0,0.0,0,0,0.0,0.0,0.0,0.0,0,0,0,0.0,0
179458,Bruun Larsen,Burnley,MID,1014,10,0,0,1014,0.1216,0.103,2.0822,5.5917,0.0,30,0.06,0.3,2.07,3.0,0.0,0.8841,2.0241,0.904,2.0,1.3699999999999999,1.1600000000000001,23.46,63.0,0,123,10.9172,0.02,0.1,0.69,1,0,13,39.0,10
578614,Boateng,Burnley,MID,0,0,0,0,0,0.0,0.0,0.0,0.0,0.0,0,0.0,0.0,0.0,0.0,0.0,0.8841,2.0241,0.904,2.0,0.0,0.0,0.0,0.0,0,0,0.0,0.0,0.0,0.0,0,0,0,0.0,0
250735,Churlinov,Burnley,MID,0,0,0,0,0,0.0,0.0,0.0,0.0,0.0,0,0.0,0.0,0.0,0.0,0.0,0.8841,2.0241,0.904,2.0,0.0,0.0,0.0,0.0,0,0,0.0,0.0,0.0,0.0,0,0,0,0.0,0
172567,Cullen,Burnley,MID,1513,18,0,0,1513,0.0559,0.0809,1.9332,10.2908,0.4759,0,0.0,0.0,0.0,0.0,0.0,0.8841,2.0241,0.904,2.0,0.94,1.36,32.5,173.0,8,321,19.0945,0.0,0.0,0.0,0,0,0,0.0,18
174592,Edwards,Burnley,MID,1058,11,0,0,1058,0.1267,0.1565,2.0935,5.6994,0.1701,81,0.0111,0.1778,2.6778,8.8889,0.0,0.8841,2.0241,0.904,2.0,1.49,1.84,24.61,67.0,2,189,16.0775,0.01,0.16,2.41,8,0,19,21.1111,11
465527,Hannibal,Burnley,MID,1219,15,0,0,1219,0.0672,0.1536,2.0887,8.1952,0.2953,238,0.1324,0.2836,1.8038,6.0504,0.0,0.8841,2.0241,0.904,2.0,0.9099999999999999,2.08,28.29,111.0,4,261,19.2699,0.35,0.75,4.77,16,0,46,17.395,15
487702,Koleosho,Burnley,MID,0,0,0,0,0,0.0,0.0,0.0,0.0,0.0,0,0.0,0.0,0.0,0.0,0.0,0.8841,2.0241,0.904,2.0,0.0,0.0,0.0,0.0,0,0,0.0,0.0,0.0,0.0,0,0,0,0.0,0
167887,Laurent,Burnley,MID,1752,18,0,0,1752,0.0447,0.0247,2.0137,9.5548,0.0514,176,0.0102,0.0205,1.9125,11.25,0.0,0.8841,2.0241,0.904,2.0,0.87,0.48,39.2,186.0,1,232,11.9178,0.02,0.04,3.74,22,0,18,9.2045,18
469272,Tchaouna,Burnley,MID,1259,14,0,0,1259,0.0908,0.0651,1.79,4.9325,0.0,413,0.0676,0.0501,1.824,4.5763,0.0,0.8841,2.0241,0.904,2.0,1.27,0.91,25.04,69.0,0,208,14.8689,0.31,0.22999999999999998,8.370000000000001,21,0,75,16.3438,14
447715,A.Ramsey,Burnley,MID,0,0,0,0,0,0.0,0.0,0.0,0.0,0.0,0,0.0,0.0,0.0,0.0,0.0,0.8841,2.0241,0.904,2.0,0.0,0.0,0.0,0.0,0,0,0.0,0.0,0.0,0.0,0,0,0,0.0,0
576323,Adewumi,Burnley,MID,0,0,0,0,0,0.0,0.0,0.0,0.0,0.0,0,0.0,0.0,0.0,0.0,0.0,0.8841,2.0241,0.904,2.0,0.0,0.0,0.0,0.0,0,0,0.0,0.0,0.0,0.0,0,0,0,0.0,0
551206,Banel,Burnley,MID,9,0,0,0,9,0.0,0.0,0.5,0.0,0.0,0,0.0,0.0,0.0,0.0,0.0,0.8841,2.0241,0.904,2.0,0.0,0.0,0.05,0.0,0,2,20.0,0.0,0.0,0.0,0,0,0,0.0,0
437748,Trésor,Burnley,MID,37,0,0,0,37,0.0,0.0,4.0135,12.1622,0.0,3,0.0,0.0,31.8,30.0,0.0,0.8841,2.0241,0.904,2.0,0.0,0.0,1.6500000000000001,5.0,0,18,43.7838,0.0,0.0,1.06,1,0,2,60.0,0
431639,Flemming,Burnley,FWD,1764,21,0,0,1764,0.4051,0.0209,1.8908,5.051,0.5612,492,0.2799,0.0201,1.6957,5.3049,0.7317,0.8841,2.0241,0.904,2.0,7.9399999999999995,0.41,37.06,99.0,11,371,18.9286,1.53,0.11,9.27,29,4,97,17.7439,21
492831,Amdouni,Burnley,FWD,69,0,0,0,69,0.313,0.0261,1.0304,1.3043,0.0,69,0.313,0.0261,1.0304,1.3043,0.0,0.8841,2.0241,0.904,2.0,0.24000000000000002,0.02,0.79,1.0,0,10,13.0435,0.24000000000000002,0.02,0.79,1,0,10,13.0435,0
435973,Foster,Burnley,FWD,1361,15,0,0,1361,0.2129,0.0245,1.8456,5.6209,0.2645,65,0.2354,0.0277,2.6723,11.0769,0.0,0.8841,2.0241,0.904,2.0,3.2199999999999998,0.37,27.91,85.0,4,202,13.3578,0.16999999999999998,0.02,1.9300000000000002,8,0,7,9.6923,15
44699,Barnes,Burnley,FWD,40,0,0,0,40,0.5625,0.09,5.3325,4.5,0.0,5,2.52,0.72,5.4,0.0,0.0,0.8841,2.0241,0.904,2.0,0.25,0.04,2.37,2.0,0,11,24.75,0.14,0.04,0.3,0,0,1,18.0,0
220598,Obafemi,Burnley,FWD,0,0,0,0,0,0.0,0.0,0.0,0.0,0.0,0,0.0,0.0,0.0,0.0,0.0,0.8841,2.0241,0.904,2.0,0.0,0.0,0.0,0.0,0,0,0.0,0.0,0.0,0.0,0,0,0,0.0,0
67089,Dúbravka,Burnley,GK,3150,35,0,0,4050,0.0,0.0009,1.8322,0.0,0.2,270,0.0,0.0,2.1233,0.0,0.0,0.8841,2.0241,0.904,2.0,0.0,0.04,82.45,0.0,9,596,13.2444,0.0,0.0,6.37,0,0,36,12.0,35
101178,Ward-Prowse,Burnley,MID,1092,12,0,0,2525,0.0652,0.1622,1.5188,3.8851,0.0713,274,0.0361,0.0821,2.1745,11.8248,0.0,0.8841,2.0241,0.904,2.0,1.83,4.55,42.61,109.0,2,541,19.2832,0.11,0.25,6.62,36,0,65,21.3504,12
503714,Ugochukwu,Burnley,MID,2330,27,0,0,3982,0.0757,0.0233,2.1042,4.8368,0.1808,297,0.0606,0.0364,1.5576,7.8788,0.0,0.8841,2.0241,0.904,2.0,3.35,1.03,93.1,214.0,8,583,13.1768,0.2,0.12000000000000001,5.140000000000001,26,0,55,16.6667,27
440323,Broja,Burnley,FWD,843,8,0,0,1170,0.1731,0.0254,2.09,3.3846,0.1538,28,0.0,0.2893,4.8857,6.4286,0.0,0.8841,2.0241,0.904,2.0,2.25,0.33,27.17,44.0,2,142,10.9231,0.0,0.09,1.5199999999999998,2,0,10,32.1429,8
216055,Florentino,Burnley,MID,2100,25,0,0,2100,0.0274,0.0223,1.9826,13.4143,0.0,368,0.0147,0.0196,1.7535,14.6739,0.0,0.8841,2.0241,0.904,2.0,0.64,0.52,46.26,313.0,0,357,15.3,0.06,0.08,7.17,60,0,65,15.8967,25
647960,Pimlott,Burnley,MID,0,0,0,0,0,0.0,0.0,0.0,0.0,0.0,0,0.0,0.0,0.0,0.0,0.0,0.8841,2.0241,0.904,2.0,0.0,0.0,0.0,0.0,0,0,0.0,0.0,0.0,0.0,0,0,0,0.0,0
704232,Brierley,Burnley,MID,0,0,0,0,0,0.0,0.0,0.0,0.0,0.0,0,0.0,0.0,0.0,0.0,0.0,0.8841,2.0241,0.904,2.0,0.0,0.0,0.0,0.0,0,0,0.0,0.0,0.0,0.0,0,0,0,0.0,0
644593,McMahon-Brown,Burnley,MID,0,0,0,0,0,0.0,0.0,0.0,0.0,0.0,0,0.0,0.0,0.0,0.0,0.0,0.8841,2.0241,0.904,2.0,0.0,0.0,0.0,0.0,0,0,0.0,0.0,0.0,0.0,0,0,0,0.0,0
69752,Neto,Bournemouth,GK,0,0,0,0,180,0.0,0.0,1.455,0.0,0.0,0,0.0,0.0,0.0,0.0,0.0,1.7068,1.3999,2.052,1.442,0.0,0.0,2.91,0.0,0,30,15.0,0.0,0.0,0.0,0,0,0,0.0,0
457569,Petrović,Bournemouth,GK,3420,38,0,0,3420,0.0,0.0,1.4926,0.0,0.1316,540,0.0,0.0,1.34,0.0,0.0,1.7068,1.3999,2.052,1.442,0.0,0.0,56.72,0.0,5,512,13.4737,0.0,0.0,8.04,0,0,85,14.1667,38
444172,Dennis,Bournemouth,GK,0,0,0,0,0,0.0,0.0,0.0,0.0,0.0,0,0.0,0.0,0.0,0.0,0.0,1.7068,1.3999,2.052,1.442,0.0,0.0,0.0,0.0,0,0,0.0,0.0,0.0,0.0,0,0,0,0.0,0
568791,McKenna,Bournemouth,GK,0,0,0,0,0,0.0,0.0,0.0,0.0,0.0,0,0.0,0.0,0.0,0.0,0.0,1.7068,1.3999,2.052,1.442,0.0,0.0,0.0,0.0,0,0,0.0,0.0,0.0,0.0,0,0,0,0.0,0
495145,Paulsen,Bournemouth,GK,0,0,0,0,0,0.0,0.0,0.0,0.0,0.0,0,0.0,0.0,0.0,0.0,0.0,1.7068,1.3999,2.052,1.442,0.0,0.0,0.0,0.0,0,0,0.0,0.0,0.0,0.0,0,0,0,0.0,0
477580,Zabarnyi,Bournemouth,DEF,0,0,0,0,3109,0.0347,0.022,1.2315,0.0,0.2316,0,0.0,0.0,0.0,0.0,0.0,1.7068,1.3999,2.052,1.442,1.2,0.76,42.54,0.0,8,429,12.4188,0.0,0.0,0.0,0,0,0,0.0,0
221466,Senesi,Bournemouth,DEF,3288,37,0,0,4391,0.0486,0.1066,1.4251,8.588,0.3484,540,0.0217,0.1017,1.34,9.0,0.5,1.7068,1.3999,2.052,1.442,2.37,5.2,69.53,419.0,17,685,14.0401,0.13,0.61,8.04,54,3,117,19.5,37
54469,Smith,Bournemouth,DEF,1073,14,0,0,2659,0.022,0.0308,1.2598,2.3693,0.1354,268,0.0,0.0101,1.4172,5.709,0.6716,1.7068,1.3999,2.052,1.442,0.65,0.91,37.22,70.0,4,346,11.7112,0.0,0.03,4.22,17,2,62,20.8209,14
494521,Truffert,Bournemouth,DEF,3378,38,0,0,3378,0.036,0.0818,1.4499,8.0195,0.5062,540,0.1533,0.1033,1.34,6.8333,1.1667,1.7068,1.3999,2.052,1.442,1.35,3.0700000000000003,54.42,301.0,19,607,16.1723,0.9199999999999999,0.62,8.04,41,7,151,25.1667,38
541462,Akinmboni,Bournemouth,DEF,0,0,0,0,0,0.0,0.0,0.0,0.0,0.0,0,0.0,0.0,0.0,0.0,0.0,1.7068,1.3999,2.052,1.442,0.0,0.0,0.0,0.0,0,0,0.0,0.0,0.0,0.0,0,0,0,0.0,0
518906,Bevan,Bournemouth,DEF,0,0,0,0,0,0.0,0.0,0.0,0.0,0.0,0,0.0,0.0,0.0,0.0,0.0,1.7068,1.3999,2.052,1.442,0.0,0.0,0.0,0.0,0,0,0.0,0.0,0.0,0.0,0,0,0,0.0,0
463981,Hill,Bournemouth,DEF,2102,22,0,0,2545,0.0417,0.0499,1.4839,9.1945,0.1415,540,0.0367,0.0167,1.34,10.5,0.3333,1.7068,1.3999,2.052,1.442,1.18,1.41,41.96,260.0,4,441,15.5953,0.22000000000000003,0.1,8.04,63,2,92,15.3333,22
436893,J.Araujo,Bournemouth,DEF,0,0,0,0,492,0.0,0.0183,1.7726,0.0,0.0,0,0.0,0.0,0.0,0.0,0.0,1.7068,1.3999,2.052,1.442,0.0,0.1,9.69,0.0,0,20,3.6585,0.0,0.0,0.0,0,0,0,0.0,0
223911,Mepham,Bournemouth,DEF,0,0,0,0,0,0.0,0.0,0.0,0.0,0.0,0,0.0,0.0,0.0,0.0,0.0,1.7068,1.3999,2.052,1.442,0.0,0.0,0.0,0.0,0,0,0.0,0.0,0.0,0.0,0,0,0,0.0,0
575901,Soler,Bournemouth,DEF,34,0,0,0,43,0.0,0.0,3.5581,2.093,0.0,0,0.0,0.0,0.0,0.0,0.0,1.7068,1.3999,2.052,1.442,0.0,0.0,1.7,1.0,0,10,20.9302,0.0,0.0,0.0,0,0,0,0.0,0
222683,Kluivert,Bournemouth,MID,945,10,0,0,3284,0.3387,0.1428,1.3856,1.7814,0.4659,31,0.2032,0.029,3.4258,8.7097,0.0,1.7068,1.3999,2.052,1.442,12.36,5.21,50.56,65.0,17,679,18.6084,0.07,0.01,1.1800000000000002,3,0,0,0.0,10
201658,Tavernier,Bournemouth,MID,2732,31,0,0,4664,0.2812,0.1592,1.2828,4.8435,0.3473,520,0.3185,0.2371,1.0765,7.6154,0.6923,1.7068,1.3999,2.052,1.442,14.57,8.25,66.48,251.0,18,914,17.6372,1.8399999999999999,1.3699999999999999,6.22,44,4,126,21.8077,31
200785,Adams,Bournemouth,MID,1769,21,0,0,3728,0.0473,0.0336,1.3626,5.6009,0.0966,337,0.0053,0.0694,1.5783,12.5519,0.0,1.7068,1.3999,2.052,1.442,1.96,1.3900000000000001,56.44,232.0,4,661,15.9576,0.02,0.26,5.91,47,0,62,16.5579,21
111317,Brooks,Bournemouth,MID,1188,13,0,0,2129,0.3547,0.2291,1.4914,3.9737,0.2536,127,0.6236,0.163,2.0409,6.378,0.0,1.7068,1.3999,2.052,1.442,8.39,5.42,35.28,94.0,6,419,17.7125,0.88,0.23,2.88,9,0,23,16.2992,13
158499,Christie,Bournemouth,MID,978,9,0,0,3092,0.115,0.1074,1.4353,3.5802,0.2038,198,0.0818,0.0955,0.9682,12.2727,0.0,1.7068,1.3999,2.052,1.442,3.95,3.69,49.31,123.0,7,649,18.8907,0.18000000000000002,0.21000000000000002,2.13,27,0,30,13.6364,9
155408,Cook,Bournemouth,MID,872,8,0,0,3848,0.0236,0.1001,1.3858,3.3446,0.0702,2,0.0,0.0,22.95,0.0,0.0,1.7068,1.3999,2.052,1.442,1.01,4.28,59.25,143.0,3,690,16.1383,0.0,0.0,0.51,0,0,6,270.0,8
168991,Philip,Bournemouth,MID,0,0,0,0,176,0.2813,0.496,1.7131,0.0,0.0,0,0.0,0.0,0.0,0.0,0.0,1.7068,1.3999,2.052,1.442,0.55,0.97,3.35,0.0,0,52,26.5909,0.0,0.0,0.0,0,0,0,0.0,0
503139,Scott,Bournemouth,MID,2848,34,0,0,3593,0.1135,0.0987,1.4318,9.6688,0.2254,450,0.016,0.232,1.194,13.0,0.0,1.7068,1.3999,2.052,1.442,4.53,3.94,57.16,386.0,9,735,18.4108,0.08,1.16,5.97,65,0,90,18.0,34
224995,Sinisterra,Bournemouth,MID,0,0,0,0,229,0.4638,0.507,1.6035,0.0,0.786,0,0.0,0.0,0.0,0.0,0.0,1.7068,1.3999,2.052,1.442,1.18,1.29,4.08,0.0,2,90,35.3712,0.0,0.0,0.0,0,0,0,0.0,0
441240,Faivre,Bournemouth,MID,0,0,0,0,0,0.0,0.0,0.0,0.0,0.0,0,0.0,0.0,0.0,0.0,0.0,1.7068,1.3999,2.052,1.442,0.0,0.0,0.0,0.0,0,0,0.0,0.0,0.0,0.0,0,0,0,0.0,0
424044,H.Traorè,Bournemouth,MID,16,0,0,0,16,0.0,0.0,2.25,22.5,0.0,0,0.0,0.0,0.0,0.0,0.0,1.7068,1.3999,2.052,1.442,0.0,0.0,0.4,4.0,0,12,67.5,0.0,0.0,0.0,0,0,0,0.0,0
550596,Sadi,Bournemouth,MID,0,0,0,0,0,0.0,0.0,0.0,0.0,0.0,0,0.0,0.0,0.0,0.0,0.0,1.7068,1.3999,2.052,1.442,0.0,0.0,0.0,0.0,0,0,0.0,0.0,0.0,0.0,0,0,0,0.0,0
530121,Silcott-Duberry,Bournemouth,MID,0,0,0,0,1,0.0,0.0,3.6,0.0,0.0,0,0.0,0.0,0.0,0.0,0.0,1.7068,1.3999,2.052,1.442,0.0,0.0,0.04,0.0,0,5,450.0,0.0,0.0,0.0,0,0,0,0.0,0
606775,Winterburn,Bournemouth,MID,6,0,0,0,28,0.0,0.0,1.5107,0.0,0.0,0,0.0,0.0,0.0,0.0,0.0,1.7068,1.3999,2.052,1.442,0.0,0.0,0.47000000000000003,0.0,0,17,54.6429,0.0,0.0,0.0,0,0,0,0.0,0
444102,Evanilson,Bournemouth,FWD,2741,32,0,0,5058,0.4112,0.0573,1.1708,2.4021,0.4626,459,0.4529,0.0608,0.9882,5.8824,0.0,1.7068,1.3999,2.052,1.442,23.11,3.22,65.8,135.0,26,899,15.9964,2.31,0.31,5.04,30,0,55,10.7843,32
168636,Enes Ünal,Bournemouth,FWD,214,0,0,0,544,0.7825,0.0546,2.0746,3.8051,0.8272,40,0.3375,0.0225,5.805,24.75,0.0,1.7068,1.3999,2.052,1.442,4.7299999999999995,0.33,12.54,23.0,5,180,29.7794,0.15000000000000002,0.01,2.58,11,0,26,58.5,0
590760,Adu-Adjei,Bournemouth,FWD,0,0,0,0,0,0.0,0.0,0.0,0.0,0.0,0,0.0,0.0,0.0,0.0,0.0,1.7068,1.3999,2.052,1.442,0.0,0.0,0.0,0.0,0,0,0.0,0.0,0.0,0.0,0,0,0,0.0,0
560262,Kroupi.Jr,Bournemouth,FWD,1663,21,0,0,1826,0.4865,0.0779,1.422,6.0624,0.8379,431,0.3759,0.1086,0.9146,4.1763,1.0441,1.7068,1.3999,2.052,1.442,9.87,1.58,28.85,123.0,17,605,29.8193,1.8,0.52,4.38,20,5,102,21.2993,21
496208,Gannon-Doak,Bournemouth,MID,105,0,0,0,105,0.2229,0.1114,4.0629,11.1429,0.0,49,0.3122,0.0551,3.7837,16.5306,0.0,1.7068,1.3999,2.052,1.442,0.26,0.13,4.74,13.0,0,33,28.2857,0.17,0.03,2.06,9,0,12,22.0408,0
242882,Diakité,Bournemouth,DEF,1275,15,0,0,1275,0.0014,0.0134,1.5861,8.2588,0.1412,0,0.0,0.0,0.0,0.0,0.0,1.7068,1.3999,2.052,1.442,0.02,0.19,22.47,117.0,2,164,11.5765,0.0,0.0,0.0,0,0,0,0.0,15
606774,Rees-Dottin,Bournemouth,MID,0,0,0,0,1,0.0,0.0,0.0,0.0,0.0,0,0.0,0.0,0.0,0.0,0.0,1.7068,1.3999,2.052,1.442,0.0,0.0,0.0,0.0,0,3,270.0,0.0,0.0,0.0,0,0,0,0.0,0
489888,Adli,Bournemouth,MID,1074,10,0,0,1074,0.2179,0.1358,1.5268,10.3073,0.3352,50,0.09,0.054,3.186,9.0,0.0,1.7068,1.3999,2.052,1.442,2.6,1.6199999999999999,18.22,123.0,4,241,20.1955,0.05,0.03,1.77,5,0,7,12.6,10
551483,A.Jimenez,Bournemouth,DEF,2315,26,0,0,2315,0.0424,0.0673,1.5982,5.7538,0.0778,270,0.0067,0.06,1.1033,6.3333,0.0,1.7068,1.3999,2.052,1.442,1.09,1.73,41.11,148.0,2,297,11.5464,0.02,0.18,3.31,19,0,40,13.3333,26
620487,Milosavljević,Bournemouth,DEF,367,4,0,0,367,0.0368,0.0466,1.0839,9.564,0.0,0,0.0,0.0,0.0,0.0,0.0,1.7068,1.3999,2.052,1.442,0.15,0.19,4.42,39.0,0,63,15.4496,0.0,0.0,0.0,0,0,0,0.0,4
678552,DaCosta,Bournemouth,MID,0,0,0,0,0,0.0,0.0,0.0,0.0,0.0,0,0.0,0.0,0.0,0.0,0.0,1.7068,1.3999,2.052,1.442,0.0,0.0,0.0,0.0,0,0,0.0,0.0,0.0,0.0,0,0,0,0.0,0
40383,Forster,Bournemouth,GK,0,0,0,0,630,0.0,0.0,2.1143,0.0,0.0,0,0.0,0.0,0.0,0.0,0.0,1.7068,1.3999,2.052,1.442,0.0,0.0,14.8,0.0,0,64,9.1429,0.0,0.0,0.0,0,0,0,0.0,0
658013,Stevens,Bournemouth,MID,0,0,0,0,0,0.0,0.0,0.0,0.0,0.0,0,0.0,0.0,0.0,0.0,0.0,1.7068,1.3999,2.052,1.442,0.0,0.0,0.0,0.0,0,0,0.0,0.0,0.0,0.0,0,0,0,0.0,0
614574,Tóth.A,Bournemouth,MID,135,2,0,0,135,0.0733,0.22,3.2667,11.3333,0.0,59,0.0763,0.122,3.539,10.678,0.0,1.7068,1.3999,2.052,1.442,0.11,0.33,4.9,17.0,0,32,21.3333,0.05,0.08,2.3200000000000003,7,0,18,27.4576,2
436416,Mandas,Bournemouth,GK,0,0,0,0,0,0.0,0.0,0.0,0.0,0.0,0,0.0,0.0,0.0,0.0,0.0,1.7068,1.3999,2.052,1.442,0.0,0.0,0.0,0.0,0,0,0.0,0.0,0.0,0.0,0,0,0,0.0,0
499604,Rayan,Bournemouth,MID,1110,13,0,0,1110,0.2165,0.1492,1.5519,6.6486,0.2432,418,0.295,0.1206,1.0852,8.3971,0.2153,1.7068,1.3999,2.052,1.442,2.67,1.84,19.14,82.0,3,238,19.2973,1.37,0.56,5.04,39,1,109,23.4689,13
200641,Nelson,Brentford,MID,118,0,0,0,601,0.2666,0.1602,1.3702,3.4443,0.2995,18,0.0,0.1,5.05,5.0,0.0,1.6025,1.4574,1.4417,1.7833,1.78,1.07,9.15,23.0,2,182,27.2546,0.0,0.02,1.01,1,0,16,80.0,0
533463,O.Dango,Brentford,MID,2271,25,0,0,4269,0.3449,0.1552,1.4064,3.9002,0.4849,471,0.4701,0.0994,1.7197,4.7771,0.5732,1.6025,1.4574,1.4417,1.7833,16.36,7.36,66.71000000000001,185.0,23,861,18.1518,2.46,0.52,9.0,25,3,82,15.6688,25
200720,Kelleher,Brentford,GK,3330,37,0,0,4230,0.0,0.0047,1.3738,0.0,0.2553,540,0.0,0.0,1.7833,0.0,0.5,1.6025,1.4574,1.4417,1.7833,0.0,0.22,64.57,0.0,12,726,15.4468,0.0,0.0,10.7,0,3,114,19.0,37
235448,Balcombe,Brentford,GK,0,0,0,0,0,0.0,0.0,0.0,0.0,0.0,0,0.0,0.0,0.0,0.0,0.0,1.6025,1.4574,1.4417,1.7833,0.0,0.0,0.0,0.0,0,0,0.0,0.0,0.0,0.0,0,0,0,0.0,0
503300,Cox,Brentford,GK,0,0,0,0,0,0.0,0.0,0.0,0.0,0.0,0,0.0,0.0,0.0,0.0,0.0,1.6025,1.4574,1.4417,1.7833,0.0,0.0,0.0,0.0,0,0,0.0,0.0,0.0,0.0,0,0,0,0.0,0
535017,Eyestone,Brentford,GK,0,0,0,0,0,0.0,0.0,0.0,0.0,0.0,0,0.0,0.0,0.0,0.0,0.0,1.6025,1.4574,1.4417,1.7833,0.0,0.0,0.0,0.0,0,0,0.0,0.0,0.0,0.0,0,0,0,0.0,0
507433,Valdimarsson,Brentford,GK,90,1,0,0,234,0.0,0.0,0.9462,0.0,0.0,0,0.0,0.0,0.0,0.0,0.0,1.6025,1.4574,1.4417,1.7833,0.0,0.0,2.46,0.0,0,15,5.7692,0.0,0.0,0.0,0,0,0,0.0,1
432830,Collins,Brentford,DEF,2971,32,0,0,6391,0.0659,0.0462,1.4622,4.4923,0.2535,540,0.0633,0.065,1.7833,8.8333,0.0,1.6025,1.4574,1.4417,1.7833,4.68,3.2800000000000002,103.83,319.0,18,999,14.0682,0.38,0.39,10.7,53,0,76,12.6667,32
249231,Lewis-Potter,Brentford,DEF,1960,22,0,0,5052,0.1064,0.1327,1.5029,1.3183,0.0891,538,0.1322,0.1138,1.6227,3.3457,0.3346,1.6025,1.4574,1.4417,1.7833,5.97,7.45,84.36,74.0,5,816,14.5368,0.79,0.68,9.7,20,2,88,14.7212,22
191866,Ajer,Brentford,DEF,1805,20,0,0,3238,0.0461,0.0336,1.479,5.3366,0.0278,181,0.0,0.005,2.332,11.9337,0.0,1.6025,1.4574,1.4417,1.7833,1.6600000000000001,1.21,53.21,192.0,1,331,9.2001,0.0,0.01,4.6899999999999995,24,0,15,7.4586,20
194010,Henry,Brentford,DEF,1322,14,0,0,1416,0.0114,0.035,1.657,4.322,0.0,0,0.0,0.0,0.0,0.0,0.0,1.6025,1.4574,1.4417,1.7833,0.18,0.55,26.07,68.0,0,149,9.4703,0.0,0.0,0.0,0,0,0,0.0,14
607464,Kayode,Brentford,DEF,3258,37,0,0,3781,0.035,0.0855,1.4118,5.2129,0.2142,540,0.0933,0.0367,1.7833,3.8333,0.3333,1.6025,1.4574,1.4417,1.7833,1.4700000000000002,3.59,59.31,219.0,9,609,14.4962,0.56,0.22,10.7,23,2,54,9.0,37
231065,Pinnock,Brentford,DEF,318,4,0,0,2230,0.044,0.0283,1.5348,1.6951,0.0807,0,0.0,0.0,0.0,0.0,0.0,1.6025,1.4574,1.4417,1.7833,1.0899999999999999,0.7000000000000001,38.03,42.0,2,286,11.5426,0.0,0.0,0.0,0,0,0,0.0,4
226956,Roerslev,Brentford,DEF,0,0,0,0,1100,0.0164,0.171,1.7607,0.0,0.0,0,0.0,0.0,0.0,0.0,0.0,1.6025,1.4574,1.4417,1.7833,0.2,2.09,21.52,0.0,0,125,10.2273,0.0,0.0,0.0,0,0,0,0.0,0
444765,Van den Berg,Brentford,DEF,2761,30,0,0,5345,0.0918,0.0332,1.4514,4.58,0.0674,368,0.1198,0.1345,1.4747,8.8043,0.0,1.6025,1.4574,1.4417,1.7833,5.45,1.97,86.2,272.0,4,701,11.8036,0.49,0.5499999999999999,6.03,36,0,90,22.0109,30
622536,Arthur,Brentford,DEF,0,0,0,0,0,0.0,0.0,0.0,0.0,0.0,0,0.0,0.0,0.0,0.0,0.0,1.6025,1.4574,1.4417,1.7833,0.0,0.0,0.0,0.0,0,0,0.0,0.0,0.0,0.0,0,0,0,0.0,0
612534,Fredrick,Brentford,DEF,0,0,0,0,0,0.0,0.0,0.0,0.0,0.0,0,0.0,0.0,0.0,0.0,0.0,1.6025,1.4574,1.4417,1.7833,0.0,0.0,0.0,0.0,0,0,0.0,0.0,0.0,0.0,0,0,0,0.0,0
472713,Hickey,Brentford,DEF,679,8,0,0,679,0.0583,0.0225,1.1969,6.7599,0.0,91,0.0396,0.0,2.5319,8.9011,0.0,1.6025,1.4574,1.4417,1.7833,0.44,0.17,9.03,51.0,0,105,13.9175,0.04,0.0,2.56,9,0,11,10.8791,8
570241,Ji-soo,Brentford,DEF,0,0,0,0,28,0.0,0.0,1.0286,0.0,0.0,0,0.0,0.0,0.0,0.0,0.0,1.6025,1.4574,1.4417,1.7833,0.0,0.0,0.32,0.0,0,8,25.7143,0.0,0.0,0.0,0,0,0,0.0,0
499717,Meghoma,Brentford,DEF,0,0,0,0,4,0.0,0.0,3.15,0.0,0.0,0,0.0,0.0,0.0,0.0,0.0,1.6025,1.4574,1.4417,1.7833,0.0,0.0,0.14,0.0,0,3,67.5,0.0,0.0,0.0,0,0,0,0.0,0
513418,Schade,Brentford,MID,2744,32,0,0,5025,0.3677,0.0681,1.2664,3.403,0.3045,448,0.2571,0.0362,1.81,4.8214,0.0,1.6025,1.4574,1.4417,1.7833,20.53,3.8000000000000003,70.71,190.0,17,883,15.8149,1.28,0.18000000000000002,9.01,24,0,43,8.6384,32
440089,Damsgaard,Brentford,MID,2046,24,0,0,4957,0.1002,0.2259,1.4007,4.3756,0.345,435,0.1552,0.269,1.5434,11.7931,0.6207,1.6025,1.4574,1.4417,1.7833,5.5200000000000005,12.44,77.15,241.0,19,1078,19.5723,0.75,1.3,7.46,57,3,99,20.4828,24
543295,Milambo,Brentford,MID,45,1,0,0,45,0.0,0.02,2.98,8.0,0.0,0,0.0,0.0,0.0,0.0,0.0,1.6025,1.4574,1.4417,1.7833,0.0,0.01,1.49,4.0,0,5,10.0,0.0,0.0,0.0,0,0,0,0.0,1
244858,Carvalho,Brentford,MID,100,1,0,0,543,0.5287,0.0945,2.2442,1.326,0.3315,0,0.0,0.0,0.0,0.0,0.0,1.6025,1.4574,1.4417,1.7833,3.19,0.5700000000000001,13.540000000000001,8.0,2,169,28.011,0.0,0.0,0.0,0,0,0,0.0,1
56979,Henderson,Brentford,MID,1911,22,0,0,1911,0.0155,0.1088,1.3262,8.6185,0.2355,97,0.0,0.0557,2.0505,4.6392,0.0,1.6025,1.4574,1.4417,1.7833,0.33,2.31,28.16,183.0,5,343,16.1538,0.0,0.06,2.21,5,0,11,10.2062,22
204580,Janelt,Brentford,MID,1434,15,0,0,3685,0.0403,0.1136,1.5628,4.4695,0.1954,181,0.0,0.1939,3.1823,9.4475,0.0,1.6025,1.4574,1.4417,1.7833,1.6500000000000001,4.65,63.99,183.0,8,718,17.536,0.0,0.39,6.4,19,0,34,16.9061,15
207283,Jensen,Brentford,MID,2239,26,0,0,3085,0.0712,0.2278,1.5208,6.4182,0.0583,504,0.025,0.3268,1.7071,9.8214,0.1786,1.6025,1.4574,1.4417,1.7833,2.44,7.8100000000000005,52.13,220.0,2,644,18.7877,0.14,1.83,9.56,55,1,107,19.1071,26
626464,Nunes,Brentford,MID,0,0,0,0,11,0.0,0.0,2.8636,0.0,0.0,0,0.0,0.0,0.0,0.0,0.0,1.6025,1.4574,1.4417,1.7833,0.0,0.0,0.35,0.0,0,11,90.0,0.0,0.0,0.0,0,0,0,0.0,0
428580,Onyeka,Brentford,MID,88,0,0,0,111,0.0,0.3081,2.1973,8.1081,0.0,0,0.0,0.0,0.0,0.0,0.0,1.6025,1.4574,1.4417,1.7833,0.0,0.38,2.71,10.0,0,44,35.6757,0.0,0.0,0.0,0,0,0,0.0,0
508395,Yarmoliuk,Brentford,MID,2652,30,0,0,4087,0.0405,0.0506,1.4697,7.4431,0.022,436,0.0062,0.0268,1.4986,12.5917,0.2064,1.6025,1.4574,1.4417,1.7833,1.84,2.3,66.74,338.0,1,703,15.4808,0.03,0.13,7.26,61,1,84,17.3394,30
606689,Donovan,Brentford,MID,38,0,0,0,38,0.2132,0.0237,0.9237,11.8421,0.0,0,0.0,0.0,0.0,0.0,0.0,1.6025,1.4574,1.4417,1.7833,0.09,0.01,0.39,5.0,0,19,45.0,0.0,0.0,0.0,0,0,0,0.0,0
628204,Konak,Brentford,MID,0,0,0,0,53,0.2547,0.0,3.0396,0.0,0.0,0,0.0,0.0,0.0,0.0,0.0,1.6025,1.4574,1.4417,1.7833,0.15,0.0,1.79,0.0,0,30,50.9434,0.0,0.0,0.0,0,0,0,0.0,0
220695,Maghoma,Brentford,MID,0,0,0,0,112,0.0964,0.0321,1.5188,0.0,0.0,0,0.0,0.0,0.0,0.0,0.0,1.6025,1.4574,1.4417,1.7833,0.12,0.04,1.8900000000000001,0.0,0,32,25.7143,0.0,0.0,0.0,0,0,0,0.0,0
450539,Peart-Harris,Brentford,MID,1,0,0,0,1,0.0,0.0,0.0,0.0,0.0,0,0.0,0.0,0.0,0.0,0.0,1.6025,1.4574,1.4417,1.7833,0.0,0.0,0.0,0.0,0,2,180.0,0.0,0.0,0.0,0,0,0,0.0,0
591357,Trevitt,Brentford,MID,0,0,0,0,3,0.0,0.0,0.0,0.0,0.0,0,0.0,0.0,0.0,0.0,0.0,1.6025,1.4574,1.4417,1.7833,0.0,0.0,0.0,0.0,0,5,150.0,0.0,0.0,0.0,0,0,0,0.0,0
502500,Thiago,Brentford,FWD,3282,37,0,0,3449,0.5409,0.0488,1.4798,5.5842,0.5741,540,0.275,0.0183,1.7833,5.8333,0.0,1.6025,1.4574,1.4417,1.7833,20.73,1.8699999999999999,56.71,214.0,22,742,19.3621,1.6500000000000001,0.11,10.7,35,0,42,7.0,37
533710,Morgan,Brentford,FWD,0,0,0,0,0,0.0,0.0,0.0,0.0,0.0,0,0.0,0.0,0.0,0.0,0.0,1.6025,1.4574,1.4417,1.7833,0.0,0.0,0.0,0.0,0,0,0.0,0.0,0.0,0.0,0,0,0,0.0,0
183656,Dasilva,Brentford,MID,2,0,0,0,2,3.6,0.0,2.25,45.0,0.0,2,3.6,0.0,2.25,45.0,0.0,1.6025,1.4574,1.4417,1.7833,0.08,0.0,0.05,1.0,0,5,225.0,0.08,0.0,0.05,1,0,5,225.0,0
593174,Furo,Brentford,FWD,1,0,0,0,1,0.0,0.0,1.8,0.0,0.0,1,0.0,0.0,1.8,0.0,0.0,1.6025,1.4574,1.4417,1.7833,0.0,0.0,0.02,0.0,0,2,180.0,0.0,0.0,0.02,0,0,2,180.0,0
559610,Bentt,Brentford,MID,0,0,0,0,0,0.0,0.0,0.0,0.0,0.0,0,0.0,0.0,0.0,0.0,0.0,1.6025,1.4574,1.4417,1.7833,0.0,0.0,0.0,0.0,0,0,0.0,0.0,0.0,0.0,0,0,0,0.0,0
494556,Shield,Brentford,DEF,0,0,0,0,0,0.0,0.0,0.0,0.0,0.0,0,0.0,0.0,0.0,0.0,0.0,1.6025,1.4574,1.4417,1.7833,0.0,0.0,0.0,0.0,0,0,0.0,0.0,0.0,0.0,0,0,0,0.0,0
649240,Stephenson,Brentford,DEF,0,0,0,0,0,0.0,0.0,0.0,0.0,0.0,0,0.0,0.0,0.0,0.0,0.0,1.6025,1.4574,1.4417,1.7833,0.0,0.0,0.0,0.0,0,0,0.0,0.0,0.0,0.0,0,0,0,0.0,0
587433,McManus,Brentford,DEF,0,0,0,0,0,0.0,0.0,0.0,0.0,0.0,0,0.0,0.0,0.0,0.0,0.0,1.6025,1.4574,1.4417,1.7833,0.0,0.0,0.0,0.0,0,0,0.0,0.0,0.0,0.0,0,0,0,0.0,0
547671,Owen,Brentford,MID,0,0,0,0,0,0.0,0.0,0.0,0.0,0.0,0,0.0,0.0,0.0,0.0,0.0,1.6025,1.4574,1.4417,1.7833,0.0,0.0,0.0,0.0,0,0,0.0,0.0,0.0,0.0,0,0,0,0.0,0
49262,Steele,Brighton,GK,0,0,0,0,180,0.0,0.0,0.94,0.0,0.5,0,0.0,0.0,0.0,0.0,0.0,1.5657,1.3823,1.988,1.358,0.0,0.0,1.88,0.0,1,46,23.0,0.0,0.0,0.0,0,0,0,0.0,0
489639,Verbruggen,Brighton,GK,3420,38,0,0,6660,0.0,0.0009,1.3805,0.0,0.1622,540,0.0,0.0017,1.1933,0.0,0.0,1.5657,1.3823,1.988,1.358,0.0,0.07,102.16,0.0,12,982,13.2703,0.0,0.01,7.16,0,0,76,12.6667,38
209288,McGill,Brighton,GK,0,0,0,0,0,0.0,0.0,0.0,0.0,0.0,0,0.0,0.0,0.0,0.0,0.0,1.5657,1.3823,1.988,1.358,0.0,0.0,0.0,0.0,0,0,0.0,0.0,0.0,0.0,0,0,0,0.0,0
472739,Rushworth,Brighton,GK,0,0,0,0,0,0.0,0.0,0.0,0.0,0.0,0,0.0,0.0,0.0,0.0,0.0,1.5657,1.3823,1.988,1.358,0.0,0.0,0.0,0.0,0,0,0.0,0.0,0.0,0.0,0,0,0,0.0,0
240514,Scherpen,Brighton,GK,0,0,0,0,0,0.0,0.0,0.0,0.0,0.0,0,0.0,0.0,0.0,0.0,0.0,1.5657,1.3823,1.988,1.358,0.0,0.0,0.0,0.0,0,0,0.0,0.0,0.0,0.0,0,0,0,0.0,0
204120,Boscagli,Brighton,DEF,799,9,0,0,799,0.0056,0.0529,1.2244,8.786,0.4506,270,0.0,0.0467,1.54,6.6667,0.0,1.5657,1.3823,1.988,1.358,0.05,0.47000000000000003,10.870000000000001,78.0,4,171,19.2616,0.0,0.14,4.62,20,0,47,15.6667,9
550090,Coppola,Brighton,DEF,193,2,0,0,193,0.0,0.0047,2.1078,8.3938,0.0,0,0.0,0.0,0.0,0.0,0.0,1.5657,1.3823,1.988,1.358,0.0,0.01,4.52,18.0,0,32,14.9223,0.0,0.0,0.0,0,0,0,0.0,2
465730,De Cuyper,Brighton,DEF,1404,17,0,0,1404,0.1064,0.2615,1.5442,4.1026,0.5769,259,0.0382,0.6707,1.1293,4.5174,1.0425,1.5657,1.3823,1.988,1.358,1.66,4.08,24.09,64.0,9,318,20.3846,0.11,1.93,3.25,13,3,90,31.2741,17
83299,Dunk,Brighton,DEF,2837,31,0,0,4918,0.0483,0.0289,1.4199,4.2273,0.0915,272,0.1754,0.0165,1.1879,4.6324,0.6618,1.5657,1.3823,1.988,1.358,2.64,1.58,77.59,231.0,5,666,12.1879,0.53,0.05,3.59,14,2,54,17.8676,31
204214,Estupiñan,Brighton,DEF,0,0,0,0,2399,0.0409,0.0912,1.495,0.0,0.2626,0,0.0,0.0,0.0,0.0,0.0,1.5657,1.3823,1.988,1.358,1.09,2.43,39.85,0.0,7,313,11.7424,0.0,0.0,0.0,0,0,0,0.0,0
231416,F.Kadıoğlu,Brighton,DEF,3130,34,0,0,3515,0.064,0.0927,1.3839,4.3528,0.1792,540,0.0767,0.1467,1.1933,3.6667,0.5,1.5657,1.3823,1.988,1.358,2.5,3.62,54.05,170.0,7,573,14.6714,0.46,0.88,7.16,22,3,82,13.6667,34
223434,Igor,Brighton,DEF,103,1,0,0,1062,0.0042,0.0212,1.8534,1.1017,0.0,0,0.0,0.0,0.0,0.0,0.0,1.5657,1.3823,1.988,1.358,0.05,0.25,21.87,13.0,0,123,10.4237,0.0,0.0,0.0,0,0,0,0.0,1
232792,Lamptey,Brighton,DEF,0,0,0,0,856,0.04,0.0841,1.615,0.0,0.1051,0,0.0,0.0,0.0,0.0,0.0,1.5657,1.3823,1.988,1.358,0.38,0.8,15.36,0.0,1,99,10.4089,0.0,0.0,0.0,0,0,0,0.0,0
469142,Van Hecke,Brighton,DEF,3210,36,0,0,6170,0.0675,0.0435,1.3265,4.624,0.2188,540,0.1883,0.05,1.1933,9.5,0.0,1.5657,1.3823,1.988,1.358,4.63,2.98,90.94,317.0,15,981,14.3096,1.13,0.3,7.16,57,0,86,14.3333,36
111478,Veltman,Brighton,DEF,1047,9,0,0,2741,0.0532,0.0496,1.3823,3.2506,0.2627,203,0.0709,0.0355,1.0729,3.9901,0.0,1.5657,1.3823,1.988,1.358,1.62,1.51,42.1,99.0,8,425,13.9548,0.16,0.08,2.42,9,0,36,15.9606,9
110735,Webster,Brighton,DEF,0,0,0,0,885,0.0254,0.0285,1.4502,0.0,0.2034,0,0.0,0.0,0.0,0.0,0.0,1.5657,1.3823,1.988,1.358,0.25,0.27999999999999997,14.26,0.0,2,167,16.9831,0.0,0.0,0.0,0,0,0,0.0,0
439135,Cashin,Brighton,DEF,0,0,0,0,19,0.0,0.0,2.0842,0.0,0.0,0,0.0,0.0,0.0,0.0,0.0,1.5657,1.3823,1.988,1.358,0.0,0.0,0.44,0.0,0,-2,-9.4737,0.0,0.0,0.0,0,0,0,0.0,0
589100,Slater,Brighton,DEF,0,0,0,0,0,0.0,0.0,0.0,0.0,0.0,0,0.0,0.0,0.0,0.0,0.0,1.5657,1.3823,1.988,1.358,0.0,0.0,0.0,0.0,0,0,0.0,0.0,0.0,0.0,0,0,0,0.0,0
547720,Tasker,Brighton,DEF,0,0,0,0,0,0.0,0.0,0.0,0.0,0.0,0,0.0,0.0,0.0,0.0,0.0,1.5657,1.3823,1.988,1.358,0.0,0.0,0.0,0.0,0,0,0.0,0.0,0.0,0.0,0,0,0,0.0,0
451340,Mitoma,Brighton,MID,1714,19,0,0,4311,0.2762,0.1413,1.2695,2.2338,0.2923,282,0.2457,0.0862,1.5287,7.0213,0.0,1.5657,1.3823,1.988,1.358,13.23,6.7700000000000005,60.81,107.0,14,783,16.3466,0.77,0.27,4.79,22,0,55,17.5532,19
463067,Georginio,Brighton,MID,1776,20,0,0,3427,0.1962,0.12,1.2997,3.4403,0.0788,162,0.3444,0.3889,1.0333,6.1111,0.0,1.5657,1.3823,1.988,1.358,7.47,4.57,49.49,131.0,3,578,15.1795,0.62,0.7,1.86,11,0,55,30.5556,20
109345,March,Brighton,MID,38,0,0,0,199,0.0588,0.1538,1.5377,2.2613,0.0,34,0.1059,0.0529,0.8735,13.2353,0.0,1.5657,1.3823,1.988,1.358,0.13,0.34,3.4,5.0,0,43,19.4472,0.04,0.02,0.33,5,0,14,37.0588,0
592031,Minteh,Brighton,MID,2389,26,0,0,4220,0.1693,0.2143,1.3329,3.9455,0.3626,481,0.1048,0.1796,1.0834,6.1746,0.1871,1.5657,1.3823,1.988,1.358,7.94,10.05,62.5,185.0,17,864,18.4265,0.56,0.96,5.79,33,1,83,15.5301,26
474120,Enciso,Brighton,MID,0,0,0,0,1155,0.2197,0.1029,1.7221,0.0,0.3896,0,0.0,0.0,0.0,0.0,0.0,1.5657,1.3823,1.988,1.358,2.82,1.32,22.1,0.0,5,224,17.4545,0.0,0.0,0.0,0,0,0,0.0,0
513433,Gruda,Brighton,MID,708,8,0,0,1384,0.1957,0.1827,1.722,3.7717,0.1951,0,0.0,0.0,0.0,0.0,0.0,1.5657,1.3823,1.988,1.358,3.0100000000000002,2.81,26.48,58.0,3,290,18.8584,0.0,0.0,0.0,0,0,0,0.0,8
532529,Hinshelwood,Brighton,MID,1736,20,0,0,3575,0.1933,0.0967,1.4581,2.8699,0.2517,492,0.4152,0.0841,1.0537,2.9268,0.0,1.5657,1.3823,1.988,1.358,7.68,3.84,57.92,114.0,10,721,18.151,2.27,0.46,5.76,16,0,99,18.1098,20
219249,O'Riley,Brighton,MID,202,2,0,0,1131,0.3159,0.1767,1.3369,0.7958,0.3183,16,0.0,0.0,0.675,5.625,0.0,1.5657,1.3823,1.988,1.358,3.97,2.2199999999999998,16.8,10.0,4,257,20.4509,0.0,0.0,0.12,1,0,6,33.75,2
516211,Sima,Brighton,MID,0,0,0,0,0,0.0,0.0,0.0,0.0,0.0,0,0.0,0.0,0.0,0.0,0.0,1.5657,1.3823,1.988,1.358,0.0,0.0,0.0,0.0,0,0,0.0,0.0,0.0,0.0,0,0,0,0.0,0
509416,Ayari,Brighton,MID,1921,20,0,0,3879,0.1209,0.0875,1.3225,5.2204,0.232,111,0.073,0.0081,1.0135,4.8649,0.0,1.5657,1.3823,1.988,1.358,5.21,3.77,57.0,225.0,10,764,17.7262,0.09,0.01,1.25,6,0,17,13.7838,20
535301,Baleba,Brighton,MID,1646,23,0,0,4306,0.0811,0.0403,1.2528,4.3683,0.1463,356,0.0556,0.1112,0.8444,13.9045,0.0,1.5657,1.3823,1.988,1.358,3.8800000000000003,1.9300000000000002,59.94,209.0,7,721,15.0697,0.22,0.44,3.34,55,0,73,18.4551,23
514254,Gomez,Brighton,MID,2117,26,0,0,2624,0.2421,0.0988,1.325,8.1631,0.3773,102,0.8206,0.0176,1.4824,11.4706,0.0,1.5657,1.3823,1.988,1.358,7.0600000000000005,2.88,38.63,238.0,11,491,16.8407,0.93,0.02,1.68,13,0,2,1.7647,26
15157,Milner,Brighton,MID,772,7,0,0,942,0.1137,0.0774,1.414,7.6433,0.0,58,0.0,0.0155,2.3276,6.2069,0.0,1.5657,1.3823,1.988,1.358,1.1900000000000002,0.81,14.8,80.0,0,185,17.6752,0.0,0.01,1.5,4,0,5,7.7586,7
441192,Sarmiento,Brighton,MID,0,0,0,0,8,0.0,0.0,0.0,0.0,0.0,0,0.0,0.0,0.0,0.0,0.0,1.5657,1.3823,1.988,1.358,0.0,0.0,0.0,0.0,0,3,33.75,0.0,0.0,0.0,0,0,0,0.0,0
549074,Watson,Brighton,MID,57,0,0,0,57,0.0632,0.0474,2.7158,7.8947,0.0,0,0.0,0.0,0.0,0.0,0.0,1.5657,1.3823,1.988,1.358,0.04,0.030000000000000002,1.7200000000000002,5.0,0,15,23.6842,0.0,0.0,0.0,0,0,0,0.0,0
467779,Wieffer,Brighton,MID,1901,23,0,0,2904,0.0843,0.0886,1.3277,8.3368,0.3099,242,0.0,0.026,1.1901,5.2066,0.0,1.5657,1.3823,1.988,1.358,2.72,2.86,42.84,269.0,10,641,19.8657,0.0,0.07,3.2,14,0,24,8.9256,23
611695,Yalcouye,Brighton,MID,0,0,0,0,0,0.0,0.0,0.0,0.0,0.0,0,0.0,0.0,0.0,0.0,0.0,1.5657,1.3823,1.988,1.358,0.0,0.0,0.0,0.0,0,0,0.0,0.0,0.0,0.0,0,0,0,0.0,0
567121,Knight,Brighton,MID,1,0,0,0,1,0.0,0.0,0.0,0.0,0.0,0,0.0,0.0,0.0,0.0,0.0,1.5657,1.3823,1.988,1.358,0.0,0.0,0.0,0.0,0,3,270.0,0.0,0.0,0.0,0,0,0,0.0,0
550141,Mazilu,Brighton,MID,0,0,0,0,0,0.0,0.0,0.0,0.0,0.0,0,0.0,0.0,0.0,0.0,0.0,1.5657,1.3823,1.988,1.358,0.0,0.0,0.0,0.0,0,0,0.0,0.0,0.0,0.0,0,0,0,0.0,0
513834,Moran,Brighton,MID,0,0,0,0,0,0.0,0.0,0.0,0.0,0.0,0,0.0,0.0,0.0,0.0,0.0,1.5657,1.3823,1.988,1.358,0.0,0.0,0.0,0.0,0,0,0.0,0.0,0.0,0.0,0,0,0,0.0,0
50175,Welbeck,Brighton,FWD,2249,26,0,0,4358,0.4531,0.057,1.4266,2.313,0.8054,358,0.2564,0.0226,1.3098,4.5251,0.2514,1.5657,1.3823,1.988,1.358,21.94,2.7600000000000002,69.08,112.0,39,995,20.5484,1.02,0.09000000000000001,5.21,18,1,72,18.1006,26
487117,Ferguson,Brighton,FWD,0,0,0,0,368,0.2764,0.159,1.3818,0.0,0.4891,0,0.0,0.0,0.0,0.0,0.0,1.5657,1.3823,1.988,1.358,1.13,0.65,5.65,0.0,2,97,23.7228,0.0,0.0,0.0,0,0,0,0.0,0
608181,Tzimas,Brighton,FWD,132,1,0,0,132,0.3,0.075,1.7659,10.2273,0.0,0,0.0,0.0,0.0,0.0,0.0,1.5657,1.3823,1.988,1.358,0.44000000000000006,0.11,2.59,15.0,0,55,37.5,0.0,0.0,0.0,0,0,0,0.0,1
647850,Kostoulas,Brighton,FWD,351,2,0,0,351,0.5436,0.1385,1.5487,10.5128,0.7692,59,0.6407,0.4729,2.1661,4.5763,0.0,1.5657,1.3823,1.988,1.358,2.12,0.54,6.04,41.0,3,140,35.8974,0.42000000000000004,0.31,1.4200000000000002,3,0,23,35.0847,2
556637,Oriola,Brighton,MID,1,0,0,0,1,0.0,0.0,0.0,0.0,0.0,0,0.0,0.0,0.0,0.0,0.0,1.5657,1.3823,1.988,1.358,0.0,0.0,0.0,0.0,0,3,270.0,0.0,0.0,0.0,0,0,0,0.0,0
604988,Simmonds,Brighton,DEF,0,0,0,0,0,0.0,0.0,0.0,0.0,0.0,0,0.0,0.0,0.0,0.0,0.0,1.5657,1.3823,1.988,1.358,0.0,0.0,0.0,0.0,0,0,0.0,0.0,0.0,0.0,0,0,0,0.0,0
60307,Groß,Brighton,MID,1636,18,0,0,1636,0.0765,0.2173,1.12,7.9768,0.5501,540,0.1017,0.2267,1.1933,6.5,1.0,1.5657,1.3823,1.988,1.358,1.39,3.95,20.36,145.0,10,389,21.3998,0.61,1.36,7.16,39,6,139,23.1667,18
597320,Howell,Brighton,MID,92,1,0,0,98,0.0,0.0735,0.9551,6.4286,0.0,0,0.0,0.0,0.0,0.0,0.0,1.5657,1.3823,1.988,1.358,0.0,0.08,1.04,7.0,0,16,14.6939,0.0,0.0,0.0,0,0,0,0.0,1
215059,Sánchez,Chelsea,GK,3040,35,0,0,5920,0.0,0.0009,1.3255,0.0,0.2736,426,0.0,0.0,1.6986,0.0,0.0,1.8084,1.3313,1.216,1.662,0.0,0.06,87.19,0.0,18,979,14.8834,0.0,0.0,8.04,0,0,40,8.4507,35
508479,Jörgensen,Chelsea,GK,378,3,0,0,918,0.0,0.0,1.2696,0.0,0.0,114,0.0,0.0,0.4421,0.0,0.0,1.8084,1.3313,1.216,1.662,0.0,0.0,12.950000000000001,0.0,0,109,10.6863,0.0,0.0,0.56,0,0,15,11.8421,3
549939,Penders,Chelsea,GK,0,0,0,0,0,0.0,0.0,0.0,0.0,0.0,0,0.0,0.0,0.0,0.0,0.0,1.8084,1.3313,1.216,1.662,0.0,0.0,0.0,0.0,0,0,0.0,0.0,0.0,0.0,0,0,0,0.0,0
471798,Slonina,Chelsea,GK,0,0,0,0,0,0.0,0.0,0.0,0.0,0.0,0,0.0,0.0,0.0,0.0,0.0,1.8084,1.3313,1.216,1.662,0.0,0.0,0.0,0.0,0,0,0.0,0.0,0.0,0.0,0,0,0,0.0,0
179268,Cucurella,Chelsea,DEF,2706,31,0,0,5694,0.0811,0.0888,1.2865,2.8767,0.3003,540,0.0133,0.035,1.4333,4.0,0.0,1.8084,1.3313,1.216,1.662,5.13,5.62,81.39,182.0,19,1001,15.8219,0.08,0.21,8.6,24,0,38,6.3333,31
225796,James,Chelsea,DEF,1957,20,0,0,3014,0.0445,0.1299,1.3393,3.8222,0.4778,65,0.0277,0.0692,0.7062,5.5385,0.0,1.8084,1.3313,1.216,1.662,1.49,4.35,44.85,128.0,16,716,21.3802,0.02,0.05,0.51,4,0,14,19.3846,20
180736,Chalobah,Chelsea,DEF,2780,31,0,0,4749,0.0648,0.0316,1.2883,5.0221,0.3411,230,0.0548,0.0078,1.8313,6.2609,0.0,1.8084,1.3313,1.216,1.662,3.42,1.67,67.98,265.0,18,895,16.9615,0.14,0.02,4.68,16,0,23,9.0,31
460028,Colwill,Chelsea,DEF,225,2,0,0,3375,0.0512,0.0381,1.2501,0.6667,0.16,225,0.0,0.048,1.344,10.0,0.0,1.8084,1.3313,1.216,1.662,1.92,1.4300000000000002,46.88,25.0,6,491,13.0933,0.0,0.12000000000000001,3.3600000000000003,25,0,30,12.0,2
482609,Gusto,Chelsea,DEF,2255,26,0,0,4108,0.0657,0.1069,1.4144,2.7605,0.1972,434,0.0207,0.224,1.4122,4.7696,0.0,1.8084,1.3313,1.216,1.662,3.0,4.88,64.56,126.0,9,691,15.1388,0.1,1.08,6.8100000000000005,23,0,40,8.2949,26
242880,B.Badiashile,Chelsea,DEF,470,6,0,0,802,0.0,0.0157,1.4308,5.3865,0.0,0,0.0,0.0,0.0,0.0,0.0,1.8084,1.3313,1.216,1.662,0.0,0.14,12.75,48.0,0,83,9.3142,0.0,0.0,0.0,0,0,0,0.0,6
444463,Fofana,Chelsea,DEF,1718,20,0,0,2890,0.0361,0.0243,1.2634,6.4152,0.1557,356,0.0303,0.0051,1.3146,8.0899,0.0,1.8084,1.3313,1.216,1.662,1.16,0.78,40.57,206.0,5,450,14.0138,0.12,0.02,5.2,32,0,33,8.3427,20
574458,M.Sarr,Chelsea,DEF,100,1,0,0,100,0.315,0.0,1.467,7.2,0.0,9,0.0,0.0,2.1,0.0,0.0,1.8084,1.3313,1.216,1.662,0.35,0.0,1.63,8.0,0,4,3.6,0.0,0.0,0.21,0,0,3,30.0,1
109646,Tosin,Chelsea,DEF,788,8,0,0,2191,0.0427,0.0259,1.3502,3.9845,0.3697,45,0.0,0.0,2.18,6.0,0.0,1.8084,1.3313,1.216,1.662,1.04,0.63,32.87,97.0,9,435,17.8686,0.0,0.0,1.09,3,0,1,2.0,8
577016,Acheampong,Chelsea,DEF,657,8,0,0,825,0.0916,0.0153,1.9364,4.8,0.5455,88,0.0205,0.0,1.6159,3.0682,0.0,1.8084,1.3313,1.216,1.662,0.8400000000000001,0.13999999999999999,17.75,44.0,5,126,13.7455,0.02,0.0,1.58,3,0,16,16.3636,8
622758,Anselmino,Chelsea,DEF,0,0,0,0,0,0.0,0.0,0.0,0.0,0.0,0,0.0,0.0,0.0,0.0,0.0,1.8084,1.3313,1.216,1.662,0.0,0.0,0.0,0.0,0,0,0.0,0.0,0.0,0.0,0,0,0,0.0,0
244851,Palmer,Chelsea,MID,1954,24,0,0,5147,0.4781,0.2102,1.3116,2.3606,0.8044,448,0.3375,0.0783,1.2877,3.817,0.4018,1.8084,1.3313,1.216,1.662,27.34,12.02,75.01,135.0,46,1382,24.1655,1.6800000000000002,0.39,6.41,19,2,59,11.8527,24
247632,Neto,Chelsea,MID,2629,30,0,0,4891,0.1485,0.2081,1.2056,2.2449,0.3312,332,0.0569,0.2711,1.5343,2.9819,0.2711,1.8084,1.3313,1.216,1.662,8.07,11.31,65.52,122.0,18,977,17.9779,0.21000000000000002,1.0,5.66,11,1,65,17.6205,30
448047,Enzo,Chelsea,MID,3114,35,0,0,6057,0.2599,0.1987,1.2325,3.6256,0.4458,537,0.1458,0.2145,1.4413,5.5307,0.838,1.8084,1.3313,1.216,1.662,17.49,13.370000000000001,82.95,244.0,30,1391,20.6686,0.8699999999999999,1.28,8.6,33,5,121,20.2793,35
624773,Estêvão,Chelsea,MID,839,12,0,0,839,0.3122,0.2296,1.1038,6.0072,0.4291,15,0.54,0.0,0.18,0.0,0.0,1.8084,1.3313,1.216,1.662,2.91,2.14,10.29,56.0,4,172,18.4505,0.09,0.0,0.03,0,0,4,24.0,12
463936,Gittens,Chelsea,MID,486,5,0,0,486,0.15,0.1741,1.6463,5.3704,0.0,0,0.0,0.0,0.0,0.0,0.0,1.8084,1.3313,1.216,1.662,0.81,0.9400000000000001,8.89,29.0,0,99,18.3333,0.0,0.0,0.0,0,0,0,0.0,5
213198,Nkunku,Chelsea,MID,0,0,0,0,904,0.5087,0.1006,1.6178,0.0,0.4978,0,0.0,0.0,0.0,0.0,0.0,1.8084,1.3313,1.216,1.662,5.11,1.01,16.25,0.0,5,190,18.9159,0.0,0.0,0.0,0,0,0,0.0,0
486672,Caicedo,Chelsea,MID,2796,32,0,0,6147,0.0331,0.0761,1.2878,5.3587,0.205,534,0.0202,0.0556,1.4376,9.6067,0.0,1.8084,1.3313,1.216,1.662,2.2600000000000002,5.2,87.96,366.0,14,1230,18.0088,0.12,0.33,8.53,57,0,91,15.3371,32
514356,Lavia,Chelsea,MID,374,4,0,0,1166,0.0355,0.0718,1.7645,2.8559,0.0,131,0.0481,0.0687,2.6656,6.1832,0.0,1.8084,1.3313,1.216,1.662,0.46,0.93,22.86,37.0,0,206,15.9005,0.07,0.1,3.88,9,0,29,19.9237,4
465920,Mudryk,Chelsea,MID,0,0,0,0,145,0.149,0.4097,2.0359,0.0,0.0,0,0.0,0.0,0.0,0.0,0.0,1.8084,1.3313,1.216,1.662,0.24,0.66,3.2800000000000002,0.0,0,26,16.1379,0.0,0.0,0.0,0,0,0,0.0,0
532605,Andrey Santos,Chelsea,MID,1247,13,0,0,1247,0.1443,0.0635,1.3648,9.3103,0.2165,184,0.1223,0.0245,1.1152,7.8261,1.4674,1.8084,1.3313,1.216,1.662,2.0,0.88,18.91,129.0,3,257,18.5485,0.25,0.05,2.2800000000000002,16,3,71,34.7283,13
491007,D.Essugo,Chelsea,MID,26,0,0,0,26,0.0,0.0346,1.9038,27.6923,0.0,18,0.0,0.05,1.45,20.0,0.0,1.8084,1.3313,1.216,1.662,0.0,0.01,0.55,8.0,0,7,24.2308,0.0,0.01,0.29,4,0,7,35.0,0
611134,Paez,Chelsea,MID,0,0,0,0,0,0.0,0.0,0.0,0.0,0.0,0,0.0,0.0,0.0,0.0,0.0,1.8084,1.3313,1.216,1.662,0.0,0.0,0.0,0.0,0,0,0.0,0.0,0.0,0.0,0,0,0,0.0,0
475168,João Pedro,Chelsea,FWD,2658,31,0,0,4604,0.4666,0.0989,1.2268,2.6977,1.0947,270,0.4067,0.0233,1.4833,3.6667,0.6667,1.8084,1.3313,1.216,1.662,23.87,5.06,62.76,138.0,56,1231,24.0639,1.22,0.07,4.45,11,2,39,13.0,31
463034,Delap,Chelsea,FWD,1092,12,0,0,3679,0.342,0.0394,1.719,1.0275,0.5627,299,0.1716,0.009,1.4689,2.408,0.0,1.8084,1.3313,1.216,1.662,13.98,1.61,70.27,42.0,23,595,14.5556,0.57,0.03,4.88,8,0,5,1.505,12
517052,N.Jackson,Chelsea,FWD,0,0,0,0,2220,0.4735,0.077,1.1542,0.0,0.6892,0,0.0,0.0,0.0,0.0,0.0,1.8084,1.3313,1.216,1.662,11.68,1.9,28.47,0.0,17,417,16.9054,0.0,0.0,0.0,0,0,0,0.0,0
499309,Marc Guiu,Chelsea,FWD,265,1,0,0,336,0.4125,0.083,1.9687,2.1429,0.0,18,0.4,0.0,1.2,5.0,0.0,1.8084,1.3313,1.216,1.662,1.54,0.31000000000000005,7.35,8.0,0,30,8.0357,0.08,0.0,0.24,1,0,0,0.0,1
493105,Garnacho,Chelsea,MID,1261,14,0,0,3449,0.2829,0.168,1.46,1.8527,0.2609,120,0.255,0.06,0.87,6.75,0.0,1.8084,1.3313,1.216,1.662,10.84,6.44,55.95,71.0,10,592,15.448,0.33999999999999997,0.08,1.16,9,0,19,14.25,14
551210,Hato,Chelsea,DEF,1139,12,0,0,1139,0.0237,0.0482,1.4618,7.8227,0.0,411,0.0,0.0263,1.3336,7.6642,0.0,1.8084,1.3313,1.216,1.662,0.3,0.61,18.5,99.0,0,93,7.3486,0.0,0.12,6.09,35,0,44,9.635,12
611912,Emenalo,Chelsea,MID,0,0,0,0,0,0.0,0.0,0.0,0.0,0.0,0,0.0,0.0,0.0,0.0,0.0,1.8084,1.3313,1.216,1.662,0.0,0.0,0.0,0.0,0,0,0.0,0.0,0.0,0.0,0,0,0,0.0,0
518335,Merrick,Chelsea,GK,0,0,0,0,0,0.0,0.0,0.0,0.0,0.0,0,0.0,0.0,0.0,0.0,0.0,1.8084,1.3313,1.216,1.662,0.0,0.0,0.0,0.0,0,0,0.0,0.0,0.0,0.0,0,0,0,0.0,0
499857,Sharman-Lowe,Chelsea,GK,0,0,0,0,0,0.0,0.0,0.0,0.0,0.0,0,0.0,0.0,0.0,0.0,0.0,1.8084,1.3313,1.216,1.662,0.0,0.0,0.0,0.0,0,0,0.0,0.0,0.0,0.0,0,0,0,0.0,0
619734,Derry,Chelsea,MID,45,1,0,0,45,0.2,0.04,2.18,6.0,0.0,45,0.2,0.04,2.18,6.0,0.0,1.8084,1.3313,1.216,1.662,0.1,0.02,1.09,3.0,0,5,10.0,0.1,0.02,1.09,3,0,5,10.0,1
671606,Eboué,Chelsea,MID,0,0,0,0,0,0.0,0.0,0.0,0.0,0.0,0,0.0,0.0,0.0,0.0,0.0,1.8084,1.3313,1.216,1.662,0.0,0.0,0.0,0.0,0,0,0.0,0.0,0.0,0.0,0,0,0,0.0,0
616286,Kavuma-McQueen,Chelsea,MID,0,0,0,0,0,0.0,0.0,0.0,0.0,0.0,0,0.0,0.0,0.0,0.0,0.0,1.8084,1.3313,1.216,1.662,0.0,0.0,0.0,0.0,0,0,0.0,0.0,0.0,0.0,0,0,0,0.0,0
567119,Mheuka,Chelsea,FWD,1,0,0,0,2,2.7,0.0,2.25,45.0,0.0,1,0.0,0.0,4.5,90.0,0.0,1.8084,1.3313,1.216,1.662,0.06,0.0,0.05,1.0,0,8,360.0,0.0,0.0,0.05,1,0,3,270.0,0
172649,Henderson,Crystal Palace,GK,3330,37,0,0,6750,0.0001,0.0017,1.3564,0.0,0.2,630,0.0,0.0014,1.6043,0.0,0.0,1.6426,1.3586,1.645,1.6117,0.01,0.13,101.73,0.0,15,1004,13.3867,0.0,0.01,11.23,0,0,48,6.8571,37
121709,Benitez,Crystal Palace,GK,90,1,0,0,90,0.0,0.0,1.12,0.0,0.0,0,0.0,0.0,0.0,0.0,0.0,1.6426,1.3586,1.645,1.6117,0.0,0.0,1.12,0.0,0,29,29.0,0.0,0.0,0.0,0,0,0,0.0,1
169593,Matthews,Crystal Palace,GK,0,0,0,0,0,0.0,0.0,0.0,0.0,0.0,0,0.0,0.0,0.0,0.0,0.0,1.6426,1.3586,1.645,1.6117,0.0,0.0,0.0,0.0,0,0,0.0,0.0,0.0,0.0,0,0,0,0.0,0
247348,Muñoz,Crystal Palace,DEF,2400,29,0,0,5629,0.1178,0.1183,1.2884,3.1338,0.2878,531,0.0322,0.0949,1.4712,7.1186,0.1695,1.6426,1.3586,1.645,1.6117,7.37,7.4,80.58,196.0,18,949,15.1732,0.19,0.56,8.68,42,1,70,11.8644,29
437499,Lacroix,Crystal Palace,DEF,3085,35,0,0,6201,0.0864,0.0267,1.2864,5.3701,0.2903,510,0.0547,0.0141,1.3359,10.5882,0.5294,1.6426,1.3586,1.645,1.6117,5.95,1.84,88.63,370.0,20,992,14.3977,0.31,0.08,7.57,60,3,75,13.2353,35
244723,Mitchell,Crystal Palace,DEF,3253,36,0,0,6343,0.0411,0.088,1.3654,3.4763,0.1703,495,0.0964,0.0636,1.5436,7.6364,0.1818,1.6426,1.3586,1.645,1.6117,2.9,6.2,96.23,245.0,12,953,13.522,0.53,0.35000000000000003,8.49,42,1,67,12.1818,36
218364,Sosa,Crystal Palace,DEF,99,0,0,0,99,0.0364,0.0636,0.8182,8.1818,0.0,45,0.08,0.02,0.14,4.0,0.0,1.6426,1.3586,1.645,1.6117,0.04,0.06999999999999999,0.9000000000000001,9.0,0,9,8.1818,0.04,0.01,0.07,2,0,-4,-8.0,0
427623,Richards,Crystal Palace,DEF,2825,31,0,0,4746,0.0711,0.041,1.3458,5.8976,0.1327,403,0.2859,0.0268,1.4449,8.263,0.0,1.6426,1.3586,1.645,1.6117,3.75,2.16,70.97,311.0,7,702,13.3123,1.28,0.12000000000000001,6.47,37,0,28,6.2531,31
515621,Chadi Riad,Crystal Palace,DEF,550,6,0,0,640,0.0464,0.0211,1.4738,6.3281,0.0,238,0.0832,0.0303,1.8,10.2101,0.0,1.6426,1.3586,1.645,1.6117,0.32999999999999996,0.15,10.48,45.0,0,87,12.2344,0.22,0.08,4.76,27,0,26,9.8319,6
57328,Clyne,Crystal Palace,DEF,592,7,0,0,1069,0.0379,0.0707,1.7301,4.2095,0.1684,98,0.0,0.0,2.8745,10.102,0.0,1.6426,1.3586,1.645,1.6117,0.45,0.8400000000000001,20.55,50.0,2,98,8.2507,0.0,0.0,3.13,11,0,1,0.9184,7
156074,Holding,Crystal Palace,DEF,0,0,0,0,0,0.0,0.0,0.0,0.0,0.0,0,0.0,0.0,0.0,0.0,0.0,1.6426,1.3586,1.645,1.6117,0.0,0.0,0.0,0.0,0,0,0.0,0.0,0.0,0.0,0,0,0,0.0,0
590012,Kporha,Crystal Palace,DEF,0,0,0,0,11,0.0,0.1636,0.4909,0.0,0.0,0,0.0,0.0,0.0,0.0,0.0,1.6426,1.3586,1.645,1.6117,0.0,0.02,0.06,0.0,0,1,8.1818,0.0,0.0,0.0,0,0,0,0.0,0
232185,Sarr,Crystal Palace,MID,2173,24,0,0,4881,0.401,0.1473,1.2885,2.5261,0.4241,421,0.6178,0.0855,1.381,4.0618,0.0,1.6426,1.3586,1.645,1.6117,21.75,7.99,69.88,137.0,23,901,16.6134,2.89,0.4,6.46,19,0,70,14.9644,24
438464,Doucouré,Crystal Palace,MID,0,0,0,0,443,0.0813,0.0223,1.5298,0.0,0.0,0,0.0,0.0,0.0,0.0,0.0,1.6426,1.3586,1.645,1.6117,0.4,0.11,7.529999999999999,0.0,0,71,14.4244,0.0,0.0,0.0,0,0,0,0.0,0
606921,Esse,Crystal Palace,MID,40,0,0,0,178,0.1618,0.2174,1.9669,2.5281,1.5169,0,0.0,0.0,0.0,0.0,0.0,1.6426,1.3586,1.645,1.6117,0.32,0.43,3.89,5.0,3,84,42.4719,0.0,0.0,0.0,0,0,0,0.0,0
108413,Hughes,Crystal Palace,MID,1560,19,0,0,3660,0.0541,0.1126,1.4014,3.6393,0.0738,207,0.0,0.1087,1.7609,6.5217,0.0,1.6426,1.3586,1.645,1.6117,2.2,4.58,56.99,148.0,3,495,12.1721,0.0,0.25,4.05,15,0,23,10.0,19
209400,Kamada,Crystal Palace,MID,1899,22,0,0,3444,0.0721,0.1252,1.3531,5.4355,0.0,406,0.0488,0.2571,1.7224,10.4187,0.0,1.6426,1.3586,1.645,1.6117,2.7600000000000002,4.79,51.78,208.0,0,577,15.0784,0.22,1.1600000000000001,7.77,47,0,76,16.8473,22
152551,Lerma,Crystal Palace,MID,1722,18,0,0,3992,0.0656,0.0728,1.3225,4.9599,0.1127,386,0.0373,0.1166,1.9236,12.3575,0.0,1.6426,1.3586,1.645,1.6117,2.91,3.23,58.66,220.0,5,622,14.023,0.16,0.5,8.25,53,0,56,13.057,18
496221,Wharton,Crystal Palace,MID,2552,29,0,0,3866,0.0442,0.2244,1.36,7.0538,0.1862,361,0.0474,0.359,1.4161,11.9668,0.4986,1.6426,1.3586,1.645,1.6117,1.9,9.64,58.42,303.0,8,755,17.5763,0.19,1.44,5.68,48,2,92,22.9363,29
579075,Agbinone,Crystal Palace,MID,0,0,0,0,4,0.45,0.225,0.0,0.0,0.0,0,0.0,0.0,0.0,0.0,0.0,1.6426,1.3586,1.645,1.6117,0.02,0.01,0.0,0.0,0,4,90.0,0.0,0.0,0.0,0,0,0,0.0,0
466117,Ahamada,Crystal Palace,MID,0,0,0,0,0,0.0,0.0,0.0,0.0,0.0,0,0.0,0.0,0.0,0.0,0.0,1.6426,1.3586,1.645,1.6117,0.0,0.0,0.0,0.0,0,0,0.0,0.0,0.0,0.0,0,0,0,0.0,0
489706,Devenny,Crystal Palace,MID,785,7,0,0,1279,0.2217,0.0563,1.6895,5.0665,0.0704,192,0.0,0.0141,2.1844,11.25,0.0,1.6426,1.3586,1.645,1.6117,3.15,0.8,24.009999999999998,72.0,1,237,16.6771,0.0,0.03,4.66,24,0,27,12.6562,7
450535,Ebiowei,Crystal Palace,MID,0,0,0,0,0,0.0,0.0,0.0,0.0,0.0,0,0.0,0.0,0.0,0.0,0.0,1.6426,1.3586,1.645,1.6117,0.0,0.0,0.0,0.0,0,0,0.0,0.0,0.0,0.0,0,0,0,0.0,0
450542,J.Rak-Sakyi,Crystal Palace,MID,0,0,0,0,0,0.0,0.0,0.0,0.0,0.0,0,0.0,0.0,0.0,0.0,0.0,1.6426,1.3586,1.645,1.6117,0.0,0.0,0.0,0.0,0,0,0.0,0.0,0.0,0.0,0,0,0,0.0,0
536694,M.França,Crystal Palace,MID,0,0,0,0,52,0.4846,0.3115,0.6923,0.0,0.0,0,0.0,0.0,0.0,0.0,0.0,1.6426,1.3586,1.645,1.6117,0.28,0.18,0.4,0.0,0,34,58.8462,0.0,0.0,0.0,0,0,0,0.0,0
531989,Ozoh,Crystal Palace,MID,0,0,0,0,0,0.0,0.0,0.0,0.0,0.0,0,0.0,0.0,0.0,0.0,0.0,1.6426,1.3586,1.645,1.6117,0.0,0.0,0.0,0.0,0,0,0.0,0.0,0.0,0.0,0,0,0,0.0,0
530318,Rodney,Crystal Palace,MID,3,0,0,0,3,0.0,0.0,19.5,0.0,0.0,0,0.0,0.0,0.0,0.0,0.0,1.6426,1.3586,1.645,1.6117,0.0,0.0,0.65,0.0,0,2,60.0,0.0,0.0,0.0,0,0,0,0.0,0
574398,Umeh,Crystal Palace,MID,0,0,0,0,0,0.0,0.0,0.0,0.0,0.0,0,0.0,0.0,0.0,0.0,0.0,1.6426,1.3586,1.645,1.6117,0.0,0.0,0.0,0.0,0,0,0.0,0.0,0.0,0.0,0,0,0,0.0,0
231747,Mateta,Crystal Palace,FWD,2210,25,0,0,4852,0.5229,0.0668,1.2931,2.3186,0.742,251,0.4841,0.0215,1.8143,3.2271,0.3586,1.6426,1.3586,1.645,1.6117,28.19,3.6,69.71,125.0,40,973,18.0482,1.35,0.06,5.0600000000000005,9,1,63,22.5896,25
205533,Nketiah,Crystal Palace,FWD,414,2,0,0,1432,0.4846,0.0811,1.4946,2.3883,0.4399,0,0.0,0.0,0.0,0.0,0.0,1.6426,1.3586,1.645,1.6117,7.71,1.29,23.78,38.0,7,286,17.9749,0.0,0.0,0.0,0,0,0,0.0,2
199670,Édouard,Crystal Palace,FWD,2,0,0,0,143,0.2455,0.0441,2.5112,0.6294,0.0,0,0.0,0.0,0.0,0.0,0.0,1.6426,1.3586,1.645,1.6117,0.39,0.07,3.99,1.0,0,20,12.5874,0.0,0.0,0.0,0,0,0,0.0,0
576980,Marsh,Crystal Palace,FWD,0,0,0,0,0,0.0,0.0,0.0,0.0,0.0,0,0.0,0.0,0.0,0.0,0.0,1.6426,1.3586,1.645,1.6117,0.0,0.0,0.0,0.0,0,0,0.0,0.0,0.0,0.0,0,0,0,0.0,0
242898,Johnson,Crystal Palace,MID,1710,19,0,0,3881,0.3061,0.0765,1.5577,2.806,0.3478,423,0.1298,0.083,1.534,7.0213,0.0,1.6426,1.3586,1.645,1.6117,13.2,3.3,67.17,121.0,15,678,15.7228,0.61,0.39,7.21,33,0,28,5.9574,19
247412,Strand Larsen,Crystal Palace,FWD,2301,26,0,0,4888,0.2843,0.039,1.4724,1.7492,0.3682,372,0.271,0.0992,1.4976,2.9032,0.0,1.6426,1.3586,1.645,1.6117,15.44,2.12,79.97,95.0,20,785,14.4538,1.12,0.41,6.1899999999999995,12,0,25,6.0484,26
485337,Guessand,Crystal Palace,MID,909,9,0,0,909,0.1545,0.0842,1.4337,8.2178,0.0,29,0.0,0.3103,5.4,6.2069,0.0,1.6426,1.3586,1.645,1.6117,1.56,0.8500000000000001,14.48,83.0,0,143,14.1584,0.0,0.1,1.74,2,0,6,18.6207,9
590014,Cardines,Crystal Palace,MID,90,1,0,0,90,0.02,0.16,2.53,7.0,0.0,90,0.02,0.16,2.53,7.0,0.0,1.6426,1.3586,1.645,1.6117,0.02,0.16,2.53,7.0,0,21,21.0,0.02,0.16,2.53,7,0,21,21.0,1
488024,Yeremy,Crystal Palace,MID,2074,26,0,0,2074,0.1966,0.2656,1.3023,7.2469,0.1302,283,0.1336,0.2131,1.5551,6.6784,0.0,1.6426,1.3586,1.645,1.6117,4.53,6.12,30.01,167.0,3,331,14.3635,0.42000000000000004,0.67,4.890000000000001,21,0,41,13.0389,26
651426,Canvot,Crystal Palace,DEF,1331,14,0,0,1331,0.1001,0.0223,1.612,11.4275,0.6086,540,0.0533,0.0083,1.45,10.1667,0.3333,1.6426,1.3586,1.645,1.6117,1.48,0.33,23.84,169.0,9,216,14.6056,0.32,0.05,8.7,61,2,58,9.6667,14
660392,Uche,Crystal Palace,FWD,159,0,0,0,159,0.2774,0.0057,2.6208,7.3585,0.0,0,0.0,0.0,0.0,0.0,0.0,1.6426,1.3586,1.645,1.6117,0.49,0.01,4.63,13.0,0,42,23.7736,0.0,0.0,0.0,0,0,0,0.0,0
672492,Drakes-Thomas,Crystal Palace,MID,7,0,0,0,7,0.0,0.0,9.3857,38.5714,0.0,0,0.0,0.0,0.0,0.0,0.0,1.6426,1.3586,1.645,1.6117,0.0,0.0,0.73,3.0,0,6,77.1429,0.0,0.0,0.0,0,0,0,0.0,0
643426,Benamar,Crystal Palace,DEF,0,0,0,0,0,0.0,0.0,0.0,0.0,0.0,0,0.0,0.0,0.0,0.0,0.0,1.6426,1.3586,1.645,1.6117,0.0,0.0,0.0,0.0,0,0,0.0,0.0,0.0,0.0,0,0,0,0.0,0
631106,Casey,Crystal Palace,FWD,0,0,0,0,0,0.0,0.0,0.0,0.0,0.0,0,0.0,0.0,0.0,0.0,0.0,1.6426,1.3586,1.645,1.6117,0.0,0.0,0.0,0.0,0,0,0.0,0.0,0.0,0.0,0,0,0,0.0,0
591384,King,Crystal Palace,DEF,0,0,0,0,0,0.0,0.0,0.0,0.0,0.0,0,0.0,0.0,0.0,0.0,0.0,1.6426,1.3586,1.645,1.6117,0.0,0.0,0.0,0.0,0,0,0.0,0.0,0.0,0.0,0,0,0,0.0,0
502988,Imray,Crystal Palace,DEF,0,0,0,0,0,0.0,0.0,0.0,0.0,0.0,0,0.0,0.0,0.0,0.0,0.0,1.6426,1.3586,1.645,1.6117,0.0,0.0,0.0,0.0,0,0,0.0,0.0,0.0,0.0,0,0,0,0.0,0
215413,Dewsbury-Hall,Everton,MID,2629,30,0,0,2886,0.1425,0.1734,1.3802,7.1726,0.5925,533,0.1081,0.2144,1.4201,8.1051,0.3377,1.1841,1.3603,1.36,1.4233,4.57,5.56,44.26,230.0,19,669,20.8628,0.64,1.27,8.41,48,2,106,17.8987,30
550615,George,Everton,MID,351,1,0,0,528,0.1432,0.2472,1.3466,3.9205,0.0,90,0.1,1.02,1.56,9.0,0.0,1.1841,1.3603,1.36,1.4233,0.8400000000000001,1.45,7.9,23.0,0,110,18.75,0.1,1.02,1.56,9,0,33,33.0,1
111234,Pickford,Everton,GK,3420,38,0,0,6840,0.0,0.0055,1.3467,0.0,0.3421,540,0.0,0.0083,1.4233,0.0,0.0,1.1841,1.3603,1.36,1.4233,0.0,0.42,102.35,0.0,26,1138,14.9737,0.0,0.05,8.54,0,0,41,6.8333,38
229600,Travers,Everton,GK,0,0,0,0,450,0.0,0.002,1.472,0.0,0.2,0,0.0,0.0,0.0,0.0,0.0,1.1841,1.3603,1.36,1.4233,0.0,0.01,7.36,0.0,1,76,15.2,0.0,0.0,0.0,0,0,0,0.0,0
447325,Tyrer,Everton,GK,0,0,0,0,0,0.0,0.0,0.0,0.0,0.0,0,0.0,0.0,0.0,0.0,0.0,1.1841,1.3603,1.36,1.4233,0.0,0.0,0.0,0.0,0,0,0.0,0.0,0.0,0.0,0,0,0,0.0,0
480455,Branthwaite,Everton,DEF,678,7,0,0,3187,0.0435,0.0203,1.1087,1.8921,0.0847,86,0.0,0.0209,1.193,11.5116,0.0,1.1841,1.3603,1.36,1.4233,1.54,0.72,39.26,67.0,3,528,14.9106,0.0,0.02,1.14,11,0,14,14.6512,7
17761,Tarkowski,Everton,DEF,3330,37,0,0,6252,0.0554,0.0638,1.3365,5.4127,0.2879,540,0.075,0.13,1.4233,8.6667,0.5,1.1841,1.3603,1.36,1.4233,3.85,4.43,92.84,376.0,20,1060,15.2591,0.45,0.78,8.54,52,3,70,11.6667,37
224967,Mykolenko,Everton,DEF,2959,33,0,0,6041,0.0113,0.0682,1.3143,3.4415,0.1639,540,0.0,0.025,1.4233,6.8333,0.0,1.1841,1.3603,1.36,1.4233,0.76,4.58,88.22,231.0,11,817,12.1718,0.0,0.15000000000000002,8.54,41,0,23,3.8333,33
512462,O'Brien,Everton,DEF,3118,35,0,0,4686,0.0469,0.0252,1.3851,4.4366,0.1344,482,0.1363,0.028,1.4882,5.6017,0.0,1.1841,1.3603,1.36,1.4233,2.4400000000000004,1.31,72.12,231.0,7,601,11.5429,0.7300000000000001,0.15,7.97,30,0,6,1.1203,35
59949,Coleman,Everton,DEF,19,1,0,0,233,0.2395,0.0773,1.885,0.7725,0.0,8,0.0,1.9125,2.1375,22.5,0.0,1.1841,1.3603,1.36,1.4233,0.62,0.2,4.88,2.0,0,30,11.588,0.0,0.17,0.19,2,0,3,33.75,1
106611,Keane,Everton,DEF,2588,29,0,0,3634,0.0721,0.0126,1.5771,7.4794,0.2972,453,0.0656,0.0576,1.4702,8.7417,0.0,1.1841,1.3603,1.36,1.4233,2.91,0.51,63.68,302.0,12,543,13.448,0.33,0.29,7.4,44,0,24,4.7682,29
243571,Patterson,Everton,DEF,238,3,0,0,580,0.0155,0.0652,1.2647,4.8103,0.0,1,0.0,0.0,10.8,90.0,0.0,1.1841,1.3603,1.36,1.4233,0.1,0.42,8.15,31.0,0,114,17.6897,0.0,0.0,0.12,1,0,-1,-90.0,3
496178,Dixon,Everton,DEF,0,0,0,0,90,0.0,0.0,2.43,0.0,0.0,0,0.0,0.0,0.0,0.0,0.0,1.1841,1.3603,1.36,1.4233,0.0,0.0,2.43,0.0,0,0,0.0,0.0,0.0,0.0,0,0,0,0.0,0
474907,Welch,Everton,DEF,0,0,0,0,0,0.0,0.0,0.0,0.0,0.0,0,0.0,0.0,0.0,0.0,0.0,1.1841,1.3603,1.36,1.4233,0.0,0.0,0.0,0.0,0,0,0.0,0.0,0.0,0.0,0,0,0,0.0,0
440993,Ndiaye,Everton,MID,2781,32,0,0,5207,0.2231,0.0997,1.2391,4.8915,0.484,540,0.27,0.0283,1.4233,6.5,0.0,1.1841,1.3603,1.36,1.4233,12.91,5.7700000000000005,71.69,283.0,28,1092,18.8746,1.62,0.17,8.54,39,0,65,10.8333,32
433154,McNeil,Everton,MID,1161,14,0,0,2527,0.0862,0.2279,1.4218,3.9533,0.3562,145,0.0807,0.6579,1.3034,10.5517,0.0,1.1841,1.3603,1.36,1.4233,2.42,6.4,39.92,111.0,10,587,20.9062,0.13,1.06,2.1,17,0,22,13.6552,14
502697,Alcaraz,Everton,MID,679,6,0,0,1445,0.1837,0.076,1.5502,4.3599,0.3114,12,0.975,0.75,3.975,45.0,0.0,1.1841,1.3603,1.36,1.4233,2.95,1.22,24.89,70.0,5,312,19.4325,0.13,0.09999999999999999,0.53,6,0,10,75.0,6
80801,Gana,Everton,MID,2094,25,0,0,5157,0.0548,0.0668,1.2415,3.8045,0.1571,175,0.2006,0.0771,1.1571,5.1429,0.0,1.1841,1.3603,1.36,1.4233,3.14,3.83,71.14,218.0,9,924,16.1257,0.39,0.15,2.25,10,0,29,14.9143,25
232928,Garner,Everton,MID,3413,38,0,0,5003,0.0498,0.1358,1.3652,8.2391,0.2339,540,0.0217,0.195,1.4233,10.5,0.0,1.1841,1.3603,1.36,1.4233,2.77,7.55,75.89,458.0,13,1062,19.1045,0.13,1.17,8.54,63,0,117,19.5,38
490094,Iroegbunam,Everton,MID,1477,17,0,0,2039,0.034,0.0375,1.6283,8.3423,0.0441,360,0.0325,0.025,1.475,10.25,0.0,1.1841,1.3603,1.36,1.4233,0.77,0.8500000000000001,36.89,189.0,1,307,13.5508,0.13,0.1,5.8999999999999995,41,0,30,7.5,17
609873,Armstrong,Everton,MID,524,6,0,0,571,0.1828,0.0347,1.7937,7.8809,0.0,29,0.0,0.031,0.4345,0.0,0.0,1.1841,1.3603,1.36,1.4233,1.16,0.22,11.38,50.0,0,85,13.3975,0.0,0.01,0.13999999999999999,0,0,6,18.6207,6
547801,Bates,Everton,MID,0,0,0,0,0,0.0,0.0,0.0,0.0,0.0,0,0.0,0.0,0.0,0.0,0.0,1.1841,1.3603,1.36,1.4233,0.0,0.0,0.0,0.0,0,0,0.0,0.0,0.0,0.0,0,0,0,0.0,0
504296,Ebere,Everton,MID,0,0,0,0,0,0.0,0.0,0.0,0.0,0.0,0,0.0,0.0,0.0,0.0,0.0,1.1841,1.3603,1.36,1.4233,0.0,0.0,0.0,0.0,0,0,0.0,0.0,0.0,0.0,0,0,0,0.0,0
496279,Heath,Everton,MID,0,0,0,0,0,0.0,0.0,0.0,0.0,0.0,0,0.0,0.0,0.0,0.0,0.0,1.1841,1.3603,1.36,1.4233,0.0,0.0,0.0,0.0,0,0,0.0,0.0,0.0,0.0,0,0,0,0.0,0
491557,Metcalfe,Everton,MID,0,0,0,0,0,0.0,0.0,0.0,0.0,0.0,0,0.0,0.0,0.0,0.0,0.0,1.1841,1.3603,1.36,1.4233,0.0,0.0,0.0,0.0,0,0,0.0,0.0,0.0,0.0,0,0,0,0.0,0
586309,Barry,Everton,FWD,1898,21,0,0,1898,0.3874,0.0209,1.588,3.509,0.4268,253,0.7257,0.0213,1.6257,5.6917,0.7115,1.1841,1.3603,1.36,1.4233,8.17,0.44,33.49,74.0,9,295,13.9884,2.04,0.060000000000000005,4.57,16,2,67,23.834,21
486385,Beto,Everton,FWD,1551,17,0,0,3072,0.4919,0.0196,1.2586,2.6074,0.7617,282,0.3734,0.0032,1.2702,4.4681,1.5957,1.1841,1.3603,1.36,1.4233,16.79,0.67,42.96,89.0,26,638,18.6914,1.17,0.01,3.9800000000000004,14,5,71,22.6596,17
491012,Y.Chermiti,Everton,FWD,0,0,0,0,42,0.2357,0.0,1.0071,0.0,0.0,0,0.0,0.0,0.0,0.0,0.0,1.1841,1.3603,1.36,1.4233,0.11000000000000001,0.0,0.47000000000000003,0.0,0,9,19.2857,0.0,0.0,0.0,0,0,0,0.0,0
536241,Sherif,Everton,FWD,0,0,0,0,0,0.0,0.0,0.0,0.0,0.0,0,0.0,0.0,0.0,0.0,0.0,1.1841,1.3603,1.36,1.4233,0.0,0.0,0.0,0.0,0,0,0.0,0.0,0.0,0.0,0,0,0,0.0,0
114283,Grealish,Everton,MID,1627,18,0,0,2337,0.1225,0.1941,1.4303,5.199,0.6162,0,0.0,0.0,0.0,0.0,0.0,1.1841,1.3603,1.36,1.4233,3.18,5.04,37.14,135.0,16,543,20.9114,0.0,0.0,0.0,0,0,0,0.0,18
138001,King,Everton,GK,0,0,0,0,1,0.0,0.0,12.6,0.0,0.0,0,0.0,0.0,0.0,0.0,0.0,1.1841,1.3603,1.36,1.4233,0.0,0.0,0.14,0.0,0,3,270.0,0.0,0.0,0.0,0,0,0,0.0,0
499300,Aznou,Everton,DEF,0,0,0,0,0,0.0,0.0,0.0,0.0,0.0,0,0.0,0.0,0.0,0.0,0.0,1.1841,1.3603,1.36,1.4233,0.0,0.0,0.0,0.0,0,0,0.0,0.0,0.0,0.0,0,0,0,0.0,0
461446,Onyango,Everton,MID,0,0,0,0,0,0.0,0.0,0.0,0.0,0.0,0,0.0,0.0,0.0,0.0,0.0,1.1841,1.3603,1.36,1.4233,0.0,0.0,0.0,0.0,0,0,0.0,0.0,0.0,0.0,0,0,0,0.0,0
491745,Campbell,Everton,DEF,0,0,0,0,0,0.0,0.0,0.0,0.0,0.0,0,0.0,0.0,0.0,0.0,0.0,1.1841,1.3603,1.36,1.4233,0.0,0.0,0.0,0.0,0,0,0.0,0.0,0.0,0.0,0,0,0,0.0,0
496661,Dibling,Everton,MID,349,4,0,0,2212,0.1139,0.0655,2.2708,1.6275,0.1627,0,0.0,0.0,0.0,0.0,0.0,1.1841,1.3603,1.36,1.4233,2.8,1.61,55.81,40.0,4,296,12.0434,0.0,0.0,0.0,0,0,0,0.0,4
513466,Röhl,Everton,MID,675,6,0,0,675,0.0893,0.0467,1.7747,9.0667,0.2667,317,0.0483,0.0397,1.4451,5.6782,0.5678,1.1841,1.3603,1.36,1.4233,0.67,0.35,13.31,68.0,2,98,13.0667,0.17,0.14,5.09,20,2,50,14.1956,6
629068,Graham,Everton,FWD,0,0,0,0,0,0.0,0.0,0.0,0.0,0.0,0,0.0,0.0,0.0,0.0,0.0,1.1841,1.3603,1.36,1.4233,0.0,0.0,0.0,0.0,0,0,0.0,0.0,0.0,0.0,0,0,0,0.0,0
80201,Leno,Fulham,GK,3420,38,0,0,6840,0.0,0.0007,1.3221,0.0,0.1711,540,0.0,0.0033,1.3533,0.0,0.6667,1.2988,1.3221,1.1867,1.3533,0.0,0.05,100.48,0.0,13,1031,13.5658,0.0,0.02,8.12,0,4,135,22.5,38
428971,Benda,Fulham,GK,0,0,0,0,0,0.0,0.0,0.0,0.0,0.0,0,0.0,0.0,0.0,0.0,0.0,1.2988,1.3221,1.1867,1.3533,0.0,0.0,0.0,0.0,0,0,0.0,0.0,0.0,0.0,0,0,0,0.0,0
169528,Robinson,Fulham,DEF,1487,17,0,0,4653,0.0342,0.1112,1.3329,2.6306,0.2901,378,0.2024,0.0595,1.6143,7.8571,0.7143,1.2988,1.3221,1.1867,1.3533,1.77,5.75,68.91,136.0,15,787,15.2224,0.8500000000000001,0.25,6.779999999999999,33,3,89,21.1905,17
174874,Andersen,Fulham,DEF,2882,33,0,0,5555,0.04,0.0389,1.3404,5.3303,0.1782,321,0.0308,0.0112,1.5981,10.0935,0.8411,1.2988,1.3221,1.1867,1.3533,2.47,2.4,82.73,329.0,11,730,11.8272,0.11,0.04,5.7,36,3,55,15.4206,33
232892,Bassey,Fulham,DEF,2532,28,0,0,5606,0.0438,0.0124,1.2399,3.2911,0.1445,540,0.0117,0.0133,1.3533,5.1667,0.0,1.2988,1.3221,1.1867,1.3533,2.73,0.77,77.23,205.0,9,782,12.5544,0.07,0.08,8.12,31,0,118,19.6667,28
166477,Castagne,Fulham,DEF,1838,20,0,0,3480,0.0486,0.0525,1.4237,3.7759,0.0776,532,0.0491,0.115,1.3669,5.2444,0.5075,1.2988,1.3221,1.1867,1.3533,1.8800000000000001,2.0300000000000002,55.050000000000004,146.0,3,499,12.9052,0.29,0.68,8.08,31,3,127,21.485,20
219924,Diop,Fulham,DEF,812,8,0,0,2146,0.0549,0.005,1.3588,2.5582,0.1258,220,0.3191,0.0041,0.9286,5.3182,1.2273,1.2988,1.3221,1.1867,1.3533,1.31,0.12,32.4,61.0,3,249,10.4427,0.78,0.01,2.27,13,3,54,22.0909,8
246301,J.Cuenca,Fulham,DEF,935,11,0,0,1284,0.0049,0.0379,1.6605,8.2009,0.0701,4,0.0,0.0,2.475,67.5,0.0,1.2988,1.3221,1.1867,1.3533,0.07,0.5399999999999999,23.69,117.0,1,193,13.528,0.0,0.0,0.11,3,0,0,0.0,11
167074,Tete,Fulham,DEF,1791,21,0,0,3564,0.0578,0.0533,1.2952,4.1667,0.1263,0,0.0,0.0,0.0,0.0,0.0,1.2988,1.3221,1.1867,1.3533,2.29,2.11,51.29,165.0,5,525,13.2576,0.0,0.0,0.0,0,0,0,0.0,21
591385,Amissah,Fulham,DEF,0,0,0,0,0,0.0,0.0,0.0,0.0,0.0,0,0.0,0.0,0.0,0.0,0.0,1.2988,1.3221,1.1867,1.3533,0.0,0.0,0.0,0.0,0,0,0.0,0.0,0.0,0.0,0,0,0,0.0,0
153133,Iwobi,Fulham,MID,2420,29,0,0,5401,0.104,0.1933,1.2291,3.1328,0.4832,198,0.2409,0.1591,0.6,9.0909,0.0,1.2988,1.3221,1.1867,1.3533,6.24,11.6,73.76,188.0,29,1212,20.1963,0.53,0.35000000000000003,1.32,20,0,38,17.2727,29
209289,Smith Rowe,Fulham,MID,1909,22,0,0,3945,0.209,0.0721,1.2917,3.3764,0.365,412,0.0633,0.0218,1.2299,6.9903,0.0,1.2988,1.3221,1.1867,1.3533,9.16,3.16,56.62,148.0,16,800,18.251,0.29,0.1,5.63,32,0,66,14.4175,22
156689,Andreas,Fulham,MID,0,0,0,0,2004,0.1904,0.2079,1.2283,0.0,0.0898,0,0.0,0.0,0.0,0.0,0.0,1.2988,1.3221,1.1867,1.3533,4.24,4.63,27.35,0.0,2,355,15.9431,0.0,0.0,0.0,0,0,0,0.0,0
184349,Sessegnon,Fulham,MID,1816,20,0,0,2390,0.122,0.11,1.3003,8.2092,0.4895,160,0.2475,0.0281,0.7537,9.5625,1.6875,1.2988,1.3221,1.1867,1.3533,3.24,2.92,34.53,218.0,13,469,17.6611,0.44,0.05,1.3399999999999999,17,3,46,25.875,20
153682,Wilson,Fulham,MID,2674,32,0,0,3822,0.2371,0.1399,1.3272,4.168,0.6358,333,0.1946,0.1054,1.6541,5.9459,0.0,1.2988,1.3221,1.1867,1.3533,10.07,5.94,56.36,177.0,27,966,22.7473,0.72,0.39,6.12,22,0,48,12.973,32
207189,Berge,Fulham,MID,2904,34,0,0,5125,0.0349,0.0374,1.2978,4.9171,0.0878,225,0.088,0.072,0.632,6.8,0.0,1.2988,1.3221,1.1867,1.3533,1.99,2.13,73.9,280.0,5,837,14.6985,0.22,0.18000000000000002,1.58,17,0,27,10.8,34
76357,Cairney,Fulham,MID,756,6,0,0,1366,0.1278,0.1285,1.4007,4.019,0.0659,211,0.1109,0.1919,0.7038,7.2512,0.0,1.2988,1.3221,1.1867,1.3533,1.94,1.95,21.259999999999998,61.0,1,373,24.5754,0.26,0.45,1.65,17,0,62,26.4455,6
212314,Lukić,Fulham,MID,1730,20,0,0,4078,0.0748,0.0731,1.3387,4.0387,0.1103,450,0.082,0.094,1.562,9.2,0.2,1.2988,1.3221,1.1867,1.3533,3.39,3.31,60.66,183.0,5,668,14.7425,0.41,0.47,7.81,46,1,78,15.6,20
573062,Godo,Fulham,MID,0,0,0,0,21,0.0,0.3,0.6429,0.0,0.0,0,0.0,0.0,0.0,0.0,0.0,1.2988,1.3221,1.1867,1.3533,0.0,0.07,0.15000000000000002,0.0,0,4,17.1429,0.0,0.0,0.0,0,0,0,0.0,0
515024,Harris,Fulham,MID,0,0,0,0,0,0.0,0.0,0.0,0.0,0.0,0,0.0,0.0,0.0,0.0,0.0,1.2988,1.3221,1.1867,1.3533,0.0,0.0,0.0,0.0,0,0,0.0,0.0,0.0,0.0,0,0,0,0.0,0
577725,King,Fulham,MID,1290,15,0,0,1416,0.1748,0.0845,1.2528,6.8008,0.1907,118,0.1144,0.0992,1.9907,8.3898,0.0,1.2988,1.3221,1.1867,1.3533,2.75,1.33,19.71,107.0,3,255,16.2076,0.15,0.13,2.6100000000000003,11,0,33,25.1695,15
153366,Reed,Fulham,MID,89,1,0,0,189,0.1714,0.2571,3.8333,2.8571,0.9524,63,0.0,0.1286,4.1714,5.7143,0.0,1.2988,1.3221,1.1867,1.3533,0.36,0.54,8.05,6.0,2,84,40.0,0.0,0.09,2.92,4,0,7,10.0,1
102057,Raúl,Fulham,FWD,2183,27,0,0,4669,0.454,0.0572,1.3193,2.5444,0.6361,201,0.1701,0.009,2.2746,5.3731,0.0,1.2988,1.3221,1.1867,1.3533,23.55,2.97,68.44,132.0,33,949,18.293,0.38,0.02,5.08,12,0,25,11.194,27
244042,Muniz,Fulham,FWD,987,10,0,0,1930,0.4295,0.0163,1.3575,2.4249,0.7927,334,0.3045,0.0081,0.8165,3.2335,0.0,1.2988,1.3221,1.1867,1.3533,9.21,0.35,29.11,52.0,17,443,20.658,1.13,0.03,3.03,12,0,22,5.9281,10
477555,Bobb,Fulham,MID,1030,11,0,0,1044,0.1267,0.1828,1.1362,6.5517,0.0,226,0.1314,0.215,1.2027,7.1681,0.0,1.2988,1.3221,1.1867,1.3533,1.4700000000000002,2.12,13.18,76.0,0,195,16.8103,0.33,0.54,3.02,18,0,43,17.1239,11
86873,Lecomte,Fulham,GK,0,0,0,0,0,0.0,0.0,0.0,0.0,0.0,0,0.0,0.0,0.0,0.0,0.0,1.2988,1.3221,1.1867,1.3533,0.0,0.0,0.0,0.0,0,0,0.0,0.0,0.0,0.0,0,0,0,0.0,0
218328,Chukwueze,Fulham,MID,1067,10,0,0,1067,0.1771,0.2834,1.5824,6.8322,0.0843,257,0.0245,0.084,1.8805,3.8521,0.0,1.2988,1.3221,1.1867,1.3533,2.1,3.36,18.76,81.0,1,242,20.4124,0.07,0.24000000000000002,5.37,11,0,27,9.4553,10
560552,Kevin,Fulham,MID,1030,9,0,0,1030,0.1057,0.1284,1.2731,7.5146,0.0,132,0.0614,0.0477,1.0636,7.5,0.0,1.2988,1.3221,1.1867,1.3533,1.21,1.4700000000000002,14.57,86.0,0,183,15.9903,0.09,0.07,1.56,11,0,25,17.0455,9
631786,Kusi-Asare,Fulham,FWD,49,0,0,0,49,0.0,0.1286,2.0204,9.1837,0.0,19,0.0,0.0,1.6579,14.2105,0.0,1.2988,1.3221,1.1867,1.3533,0.0,0.07,1.1,5.0,0,19,34.898,0.0,0.0,0.35,3,0,8,37.8947,0
619536,Ridgeon,Fulham,MID,0,0,0,0,0,0.0,0.0,0.0,0.0,0.0,0,0.0,0.0,0.0,0.0,0.0,1.2988,1.3221,1.1867,1.3533,0.0,0.0,0.0,0.0,0,0,0.0,0.0,0.0,0.0,0,0,0,0.0,0
505079,McNally,Fulham,GK,0,0,0,0,0,0.0,0.0,0.0,0.0,0.0,0,0.0,0.0,0.0,0.0,0.0,1.2988,1.3221,1.1867,1.3533,0.0,0.0,0.0,0.0,0,0,0.0,0.0,0.0,0.0,0,0,0,0.0,0
536916,Buonanotte,Leeds,MID,81,1,0,0,1589,0.2305,0.1456,1.7977,0.3398,0.3398,12,0.15,1.35,4.875,7.5,0.0,1.4657,1.4722,1.726,1.792,4.07,2.57,31.74,6.0,6,308,17.4449,0.02,0.18,0.65,1,0,4,30.0,1
437495,Meslier,Leeds,GK,0,0,0,0,0,0.0,0.0,0.0,0.0,0.0,0,0.0,0.0,0.0,0.0,0.0,1.4657,1.4722,1.726,1.792,0.0,0.0,0.0,0.0,0,0,0.0,0.0,0.0,0.0,0,0,0,0.0,0
97846,Cairns,Leeds,GK,0,0,0,0,0,0.0,0.0,0.0,0.0,0.0,0,0.0,0.0,0.0,0.0,0.0,1.4657,1.4722,1.726,1.792,0.0,0.0,0.0,0.0,0,0,0.0,0.0,0.0,0.0,0,0,0,0.0,0
59735,Darlow,Leeds,GK,1980,22,0,0,1980,0.0,0.0023,1.2891,0.0,0.1364,540,0.0,0.0017,1.5883,0.0,0.5,1.4657,1.4722,1.726,1.792,0.0,0.05,28.36,0.0,3,334,15.1818,0.0,0.01,9.53,0,3,111,18.5,22
226182,Bogle,Leeds,DEF,2795,32,0,0,2795,0.067,0.1001,1.2858,5.7317,0.0322,302,0.0089,0.1699,0.9656,6.5563,0.0,1.4657,1.4722,1.726,1.792,2.08,3.11,39.93,178.0,1,311,10.0143,0.03,0.57,3.2399999999999998,22,0,56,16.6887,32
222694,Struijk,Leeds,DEF,2935,33,0,0,2935,0.0938,0.0233,1.3161,9.1073,0.1227,415,0.0564,0.0087,1.3164,8.241,0.2169,1.4657,1.4722,1.726,1.792,3.06,0.76,42.92,297.0,4,412,12.6337,0.26,0.04,6.069999999999999,38,1,53,11.494,33
434752,Bijol,Leeds,DEF,1888,21,0,0,1888,0.0429,0.0358,1.5006,10.4396,0.286,492,0.011,0.022,1.511,10.9756,0.1829,1.4657,1.4722,1.726,1.792,0.9,0.75,31.48,219.0,6,323,15.3972,0.06,0.12,8.26,60,1,101,18.4756,21
437738,Bornauw,Leeds,DEF,429,5,0,0,429,0.042,0.0021,1.8273,10.2797,0.0,125,0.144,0.0,2.7216,7.92,0.0,1.4657,1.4722,1.726,1.792,0.2,0.01,8.71,49.0,0,73,15.3147,0.2,0.0,3.78,11,0,25,18.0,5
113564,Byram,Leeds,DEF,8,0,0,0,8,0.0,0.0,11.3625,33.75,0.0,1,0.0,0.0,19.8,270.0,0.0,1.4657,1.4722,1.726,1.792,0.0,0.0,1.01,3.0,0,1,11.25,0.0,0.0,0.22,3,0,3,270.0,0
243526,Gudmundsson,Leeds,DEF,2637,31,0,0,2637,0.0375,0.0986,1.4014,6.2799,0.273,180,0.0,0.28,1.01,8.0,0.0,1.4657,1.4722,1.726,1.792,1.1,2.89,41.06,184.0,8,286,9.7611,0.0,0.56,2.0199999999999996,16,0,33,16.5,31
214225,Rodon,Leeds,DEF,2952,33,0,0,2952,0.0427,0.0171,1.4799,8.3537,0.1524,406,0.0443,0.0355,1.9086,7.3153,0.0,1.4657,1.4722,1.726,1.792,1.4,0.56,48.54,274.0,5,373,11.372,0.2,0.16,8.61,33,0,43,9.532,33
492368,Schmidt,Leeds,DEF,0,0,0,0,0,0.0,0.0,0.0,0.0,0.0,0,0.0,0.0,0.0,0.0,0.0,1.4657,1.4722,1.726,1.792,0.0,0.0,0.0,0.0,0,0,0.0,0.0,0.0,0.0,0,0,0,0.0,0
427637,Aaronson,Leeds,MID,2449,30,0,0,2449,0.1665,0.1323,1.3623,7.9379,0.1837,389,0.0717,0.1296,1.5871,7.4036,0.0,1.4657,1.4722,1.726,1.792,4.53,3.6,37.07,216.0,5,446,16.3904,0.31000000000000005,0.5599999999999999,6.859999999999999,32,0,57,13.1877,30
492859,Gnonto,Leeds,MID,521,4,0,0,521,0.0691,0.133,2.0712,10.1919,0.0,128,0.0773,0.1336,2.0742,11.25,0.0,1.4657,1.4722,1.726,1.792,0.4,0.77,11.99,59.0,0,134,23.1478,0.11000000000000001,0.19,2.9499999999999997,16,0,43,30.2344,4
221399,Harrison,Leeds,MID,262,1,0,0,2330,0.1476,0.1294,1.3539,0.927,0.1545,0,0.0,0.0,0.0,0.0,0.0,1.4657,1.4722,1.726,1.792,3.8200000000000003,3.35,35.05,24.0,4,342,13.2103,0.0,0.0,0.0,0,0,0,0.0,1
200617,James,Leeds,MID,547,6,0,0,547,0.1497,0.1168,2.3676,5.7587,0.0,142,0.1268,0.0761,2.4465,5.7042,0.0,1.4657,1.4722,1.726,1.792,0.91,0.71,14.39,35.0,0,93,15.3016,0.2,0.12,3.86,9,0,21,13.3099,6
199598,Ampadu,Leeds,MID,3119,35,0,0,3119,0.0713,0.0635,1.4041,12.0038,0.3174,540,0.1,0.0217,1.5883,10.6667,0.8333,1.4657,1.4722,1.726,1.792,2.47,2.2,48.66,416.0,11,586,16.9093,0.6,0.13,9.53,64,5,107,17.8333,35
248937,Greenwood,Leeds,MID,0,0,0,0,0,0.0,0.0,0.0,0.0,0.0,0,0.0,0.0,0.0,0.0,0.0,1.4657,1.4722,1.726,1.792,0.0,0.0,0.0,0.0,0,0,0.0,0.0,0.0,0.0,0,0,0,0.0,0
486520,Gruev,Leeds,MID,1318,15,0,0,1318,0.0335,0.0587,1.7256,7.7845,0.2049,12,0.0,0.0,0.0,15.0,0.0,1.4657,1.4722,1.726,1.792,0.48999999999999994,0.86,25.27,114.0,3,245,16.7299,0.0,0.0,0.0,2,0,3,22.5,15
433952,Ramazani,Leeds,MID,0,0,0,0,0,0.0,0.0,0.0,0.0,0.0,0,0.0,0.0,0.0,0.0,0.0,1.4657,1.4722,1.726,1.792,0.0,0.0,0.0,0.0,0,0,0.0,0.0,0.0,0.0,0,0,0,0.0,0
248056,Tanaka,Leeds,MID,1307,14,0,0,1307,0.0992,0.0957,1.4798,10.1224,0.2754,475,0.0322,0.0512,1.4078,10.6105,0.3789,1.4657,1.4722,1.726,1.792,1.44,1.39,21.49,147.0,4,288,19.8317,0.16999999999999998,0.27,7.43,56,2,99,18.7579,14
536119,Crew,Leeds,MID,0,0,0,0,0,0.0,0.0,0.0,0.0,0.0,0,0.0,0.0,0.0,0.0,0.0,1.4657,1.4722,1.726,1.792,0.0,0.0,0.0,0.0,0,0,0.0,0.0,0.0,0.0,0,0,0,0.0,0
462635,Gelhardt,Leeds,MID,0,0,0,0,0,0.0,0.0,0.0,0.0,0.0,0,0.0,0.0,0.0,0.0,0.0,1.4657,1.4722,1.726,1.792,0.0,0.0,0.0,0.0,0,0,0.0,0.0,0.0,0.0,0,0,0,0.0,0
470294,Gyabi,Leeds,MID,0,0,0,0,0,0.0,0.0,0.0,0.0,0.0,0,0.0,0.0,0.0,0.0,0.0,1.4657,1.4722,1.726,1.792,0.0,0.0,0.0,0.0,0,0,0.0,0.0,0.0,0.0,0,0,0,0.0,0
235826,Piroe,Leeds,FWD,244,2,0,0,244,0.332,0.048,2.5119,5.1639,0.0,29,0.2793,0.0,4.6862,9.3103,0.0,1.4657,1.4722,1.726,1.792,0.9,0.13,6.8100000000000005,14.0,0,42,15.4918,0.09,0.0,1.51,3,0,8,24.8276,2
106617,Bamford,Leeds,FWD,0,0,0,0,0,0.0,0.0,0.0,0.0,0.0,0,0.0,0.0,0.0,0.0,0.0,1.4657,1.4722,1.726,1.792,0.0,0.0,0.0,0.0,0,0,0.0,0.0,0.0,0.0,0,0,0,0.0,0
565297,Mateo Joseph,Leeds,FWD,0,0,0,0,0,0.0,0.0,0.0,0.0,0.0,0,0.0,0.0,0.0,0.0,0.0,1.4657,1.4722,1.726,1.792,0.0,0.0,0.0,0.0,0,0,0.0,0.0,0.0,0.0,0,0,0,0.0,0
174594,Nmecha,Leeds,FWD,1065,10,0,0,1065,0.6127,0.1335,1.8456,4.8169,0.6761,199,0.4658,0.2985,2.2884,6.7839,0.0,1.4657,1.4722,1.726,1.792,7.25,1.58,21.84,57.0,8,268,22.6479,1.03,0.66,5.06,15,0,32,14.4724,10
180135,Longstaff,Leeds,MID,1003,10,0,0,1786,0.0922,0.1053,1.3707,5.5431,0.252,56,0.6429,0.6268,3.0696,16.0714,1.6071,1.4657,1.4722,1.726,1.792,1.83,2.09,27.2,110.0,5,404,20.3583,0.4,0.39,1.91,10,1,36,57.8571,10
466525,Stach,Leeds,MID,2369,28,0,0,2369,0.1094,0.1698,1.2936,10.1055,0.5319,234,0.1462,0.0692,1.4692,8.0769,1.1538,1.4657,1.4722,1.726,1.792,2.88,4.47,34.05,266.0,14,550,20.8949,0.38,0.18000000000000002,3.8200000000000003,21,3,52,20.0,28
201595,Perri,Leeds,GK,1440,16,0,0,1440,0.0,0.0,1.6675,0.0,0.1875,0,0.0,0.0,0.0,0.0,0.0,1.4657,1.4722,1.726,1.792,0.0,0.0,26.68,0.0,3,153,9.5625,0.0,0.0,0.0,0,0,0,0.0,16
177815,Calvert-Lewin,Leeds,FWD,2721,30,0,0,4323,0.4601,0.0352,1.261,2.186,0.4788,518,0.5056,0.0104,1.5064,3.8224,0.695,1.4657,1.4722,1.726,1.792,22.1,1.6900000000000002,60.57,105.0,23,629,13.0951,2.91,0.060000000000000005,8.67,22,4,112,19.4595,30
435997,Okafor,Leeds,MID,1553,19,0,0,1553,0.3042,0.0765,1.4222,6.5486,0.6375,193,0.4104,0.1399,0.6389,10.7254,2.3316,1.4657,1.4722,1.726,1.792,5.25,1.32,24.54,113.0,11,354,20.5151,0.88,0.30000000000000004,1.3699999999999999,23,5,76,35.4404,19
220627,Justin,Leeds,DEF,1893,21,0,0,4805,0.0618,0.0367,1.8111,3.4277,0.281,540,0.13,0.0283,1.5883,9.8333,0.5,1.4657,1.4722,1.726,1.792,3.3000000000000003,1.96,96.69,183.0,15,556,10.4142,0.78,0.17,9.53,59,3,106,17.6667,21
600882,Gray,Leeds,FWD,0,0,0,0,0,0.0,0.0,0.0,0.0,0.0,0,0.0,0.0,0.0,0.0,0.0,1.4657,1.4722,1.726,1.792,0.0,0.0,0.0,0.0,0,0,0.0,0.0,0.0,0.0,0,0,0,0.0,0
565863,Chambers,Leeds,MID,0,0,0,0,0,0.0,0.0,0.0,0.0,0.0,0,0.0,0.0,0.0,0.0,0.0,1.4657,1.4722,1.726,1.792,0.0,0.0,0.0,0.0,0,0,0.0,0.0,0.0,0.0,0,0,0,0.0,0
643970,Lienou,Leeds,DEF,0,0,0,0,0,0.0,0.0,0.0,0.0,0.0,0,0.0,0.0,0.0,0.0,0.0,1.4657,1.4722,1.726,1.792,0.0,0.0,0.0,0.0,0,0,0.0,0.0,0.0,0.0,0,0,0,0.0,0
577978,Chadwick,Leeds,MID,0,0,0,0,0,0.0,0.0,0.0,0.0,0.0,0,0.0,0.0,0.0,0.0,0.0,1.4657,1.4722,1.726,1.792,0.0,0.0,0.0,0.0,0,0,0.0,0.0,0.0,0.0,0,0,0,0.0,0
592740,Cresswell,Leeds,MID,0,0,0,0,0,0.0,0.0,0.0,0.0,0.0,0,0.0,0.0,0.0,0.0,0.0,1.4657,1.4722,1.726,1.792,0.0,0.0,0.0,0.0,0,0,0.0,0.0,0.0,0.0,0,0,0,0.0,0
116535,A.Becker,Liverpool,GK,2340,26,0,0,4848,0.0,0.0043,1.0522,0.0,0.3156,90,0.0,0.0,1.56,0.0,0.0,1.9449,1.1385,1.4167,1.55,0.0,0.23,56.68,0.0,17,840,15.5941,0.0,0.0,1.56,0,0,7,7.0,26
449027,Mamardashvili,Liverpool,GK,867,10,0,0,867,0.0,0.0,1.3796,0.0,0.2076,237,0.0,0.0,1.1316,0.0,0.0,1.9449,1.1385,1.4167,1.55,0.0,0.0,13.29,0.0,2,139,14.4291,0.0,0.0,2.98,0,0,25,9.4937,10
586268,Pécsi,Liverpool,GK,0,0,0,0,0,0.0,0.0,0.0,0.0,0.0,0,0.0,0.0,0.0,0.0,0.0,1.9449,1.1385,1.4167,1.55,0.0,0.0,0.0,0.0,0,0,0.0,0.0,0.0,0.0,0,0,0,0.0,0
155503,Woodman,Liverpool,GK,212,2,0,0,212,0.0,0.0,2.0208,0.0,0.0,212,0.0,0.0,2.0208,0.0,0.0,1.9449,1.1385,1.4167,1.55,0.0,0.0,4.76,0.0,0,34,14.434,0.0,0.0,4.76,0,0,34,14.434,2
216094,Frimpong,Liverpool,DEF,1032,12,0,0,1032,0.0436,0.1352,1.1311,2.6163,0.0872,217,0.029,0.0581,1.688,0.8295,0.0,1.9449,1.1385,1.4167,1.55,0.5,1.55,12.97,30.0,1,237,20.6686,0.07,0.14,4.07,2,0,10,4.1475,12
544877,Kerkez,Liverpool,DEF,2251,27,0,0,5587,0.0338,0.0525,1.2692,2.1586,0.2255,225,0.012,0.016,1.252,3.6,0.0,1.9449,1.1385,1.4167,1.55,2.1,3.2600000000000002,78.79,134.0,14,907,14.6107,0.03,0.04,3.1300000000000003,9,0,22,8.8,27
122798,Robertson,Liverpool,DEF,1165,11,0,0,3644,0.0548,0.14,1.0951,1.3584,0.1976,311,0.1215,0.1013,1.7884,2.8939,0.0,1.9449,1.1385,1.4167,1.55,2.22,5.67,44.34,55.0,8,613,15.14,0.42000000000000004,0.35,6.18,10,0,42,12.1543,11
97032,Virgil,Liverpool,DEF,3420,38,0,0,6750,0.0799,0.0323,1.1168,4.6933,0.24,540,0.165,0.0383,1.55,8.0,0.0,1.9449,1.1385,1.4167,1.55,5.99,2.42,83.76,352.0,18,1224,16.32,0.99,0.23,9.3,48,0,88,14.6667,38
204716,Konaté,Liverpool,DEF,3090,36,0,0,5651,0.0476,0.0301,1.0723,4.6664,0.1911,520,0.0242,0.0104,1.5179,7.0962,0.0,1.9449,1.1385,1.4167,1.55,2.99,1.8900000000000001,67.33,293.0,12,1019,16.229,0.14,0.06,8.77,41,0,65,11.25,36
492777,Bradley,Liverpool,DEF,928,12,0,0,1672,0.0474,0.1222,1.2472,3.4988,0.2691,0,0.0,0.0,0.0,0.0,0.0,1.9449,1.1385,1.4167,1.55,0.88,2.27,23.17,65.0,5,317,17.0634,0.0,0.0,0.0,0,0,0,0.0,12
171287,Gomez,Liverpool,DEF,594,7,0,0,1111,0.0494,0.0591,1.19,3.7264,0.162,82,0.0549,0.022,1.4159,7.6829,0.0,1.9449,1.1385,1.4167,1.55,0.61,0.7300000000000001,14.69,46.0,2,177,14.3384,0.05,0.02,1.29,7,0,3,3.2927,7
214285,Tsimikas,Liverpool,DEF,0,0,0,0,829,0.0423,0.2519,0.9803,0.0,0.3257,0,0.0,0.0,0.0,0.0,0.0,1.9449,1.1385,1.4167,1.55,0.39,2.32,9.030000000000001,0.0,3,217,23.5585,0.0,0.0,0.0,0,0,0,0.0,0
611926,Nallo,Liverpool,DEF,0,0,0,0,0,0.0,0.0,0.0,0.0,0.0,0,0.0,0.0,0.0,0.0,0.0,1.9449,1.1385,1.4167,1.55,0.0,0.0,0.0,0.0,0,0,0.0,0.0,0.0,0.0,0,0,0,0.0,0
219937,R.Williams,Liverpool,DEF,0,0,0,0,0,0.0,0.0,0.0,0.0,0.0,0,0.0,0.0,0.0,0.0,0.0,1.9449,1.1385,1.4167,1.55,0.0,0.0,0.0,0.0,0,0,0.0,0.0,0.0,0.0,0,0,0,0.0,0
489580,Ramsay,Liverpool,DEF,0,0,0,0,0,0.0,0.0,0.0,0.0,0.0,0,0.0,0.0,0.0,0.0,0.0,1.9449,1.1385,1.4167,1.55,0.0,0.0,0.0,0.0,0,0,0.0,0.0,0.0,0.0,0,0,0,0.0,0
118748,M.Salah,Liverpool,MID,2144,23,0,0,5518,0.5371,0.2354,1.1217,1.7778,1.0765,237,0.3266,0.2468,1.257,6.4557,1.519,1.9449,1.1385,1.4167,1.55,32.93,14.43,68.77,109.0,66,1525,24.8731,0.86,0.65,3.3100000000000005,17,4,60,22.7848,23
494595,Wirtz,Liverpool,MID,2374,27,0,0,2374,0.2589,0.1949,1.2886,6.6723,0.6445,304,0.2546,0.1569,2.0339,6.8092,0.2961,1.9449,1.1385,1.4167,1.55,6.83,5.140000000000001,33.99,176.0,17,521,19.7515,0.8599999999999999,0.53,6.869999999999999,23,1,56,16.5789,27
244731,Luis Díaz,Liverpool,MID,0,0,0,0,2393,0.4476,0.1632,0.9192,0.0,0.7898,0,0.0,0.0,0.0,0.0,0.0,1.9449,1.1385,1.4167,1.55,11.9,4.34,24.44,0.0,21,634,23.8445,0.0,0.0,0.0,0,0,0,0.0,0
243298,Gakpo,Liverpool,MID,2736,32,0,0,4657,0.299,0.1629,1.0909,2.9375,0.5218,502,0.2922,0.0645,1.6494,3.5857,0.0,1.9449,1.1385,1.4167,1.55,15.47,8.43,56.45,152.0,27,1021,19.7316,1.6300000000000001,0.36000000000000004,9.2,20,0,55,9.8606,32
223541,Chiesa,Liverpool,MID,317,1,0,0,420,0.3836,0.1629,1.9929,6.4286,0.0,40,0.2025,0.0,2.4525,2.25,0.0,1.9449,1.1385,1.4167,1.55,1.79,0.76,9.3,30.0,0,151,32.3571,0.09,0.0,1.0899999999999999,1,0,10,22.5,1
243016,Mac Allister,Liverpool,MID,2654,31,0,0,5251,0.1162,0.1244,1.0486,3.925,0.2914,456,0.1007,0.0651,1.6796,7.5,0.5921,1.9449,1.1385,1.4167,1.55,6.78,7.26,61.18,229.0,17,1068,18.3051,0.51,0.33,8.51,38,3,91,17.9605,31
424876,Szoboszlai,Liverpool,MID,3232,36,0,0,5717,0.1842,0.2029,1.1399,5.321,0.551,540,0.1533,0.2667,1.55,6.3333,0.6667,1.9449,1.1385,1.4167,1.55,11.7,12.89,72.41,338.0,35,1385,21.8034,0.9199999999999999,1.6,9.3,38,4,152,25.3333,36
206915,C.Jones,Liverpool,MID,1923,18,0,0,3625,0.1626,0.105,1.3603,5.8841,0.2483,536,0.1209,0.0672,1.5616,13.2649,0.5037,1.9449,1.1385,1.4167,1.55,6.55,4.23,54.79,237.0,10,843,20.9297,0.72,0.4,9.3,79,3,135,22.6679,18
441266,Gravenberch,Liverpool,MID,2991,34,0,0,6151,0.0442,0.0843,1.0457,4.3603,0.2634,428,0.0547,0.0421,1.2428,6.3084,0.6308,1.9449,1.1385,1.4167,1.55,3.02,5.76,71.47,298.0,18,1239,18.1288,0.26,0.2,5.91,30,3,84,17.6636,34
158983,Endo,Liverpool,MID,170,1,0,0,429,0.0084,0.0294,1.7538,4.8252,0.0,0,0.0,0.0,0.0,0.0,0.0,1.9449,1.1385,1.4167,1.55,0.04,0.14,8.36,23.0,0,131,27.4825,0.0,0.0,0.0,0,0,0,0.0,1
535928,Bajcetic,Liverpool,MID,0,0,0,0,0,0.0,0.0,0.0,0.0,0.0,0,0.0,0.0,0.0,0.0,0.0,1.9449,1.1385,1.4167,1.55,0.0,0.0,0.0,0.0,0,0,0.0,0.0,0.0,0.0,0,0,0,0.0,0
491501,McConnell,Liverpool,MID,0,0,0,0,0,0.0,0.0,0.0,0.0,0.0,0,0.0,0.0,0.0,0.0,0.0,1.9449,1.1385,1.4167,1.55,0.0,0.0,0.0,0.0,0,0,0.0,0.0,0.0,0.0,0,0,0,0.0,0
440148,Morton,Liverpool,MID,0,0,0,0,0,0.0,0.0,0.0,0.0,0.0,0,0.0,0.0,0.0,0.0,0.0,1.9449,1.1385,1.4167,1.55,0.0,0.0,0.0,0.0,0,0,0.0,0.0,0.0,0.0,0,0,0,0.0,0
591386,Nyoni,Liverpool,MID,21,0,0,0,21,1.5857,0.0857,3.6429,21.4286,0.0,7,0.0,0.1286,5.6571,38.5714,0.0,1.9449,1.1385,1.4167,1.55,0.37,0.02,0.85,5.0,0,11,47.1429,0.0,0.01,0.44,3,0,2,25.7143,0
447203,Darwin,Liverpool,FWD,0,0,0,0,1113,0.4658,0.0412,1.3625,0.0,0.4852,0,0.0,0.0,0.0,0.0,0.0,1.9449,1.1385,1.4167,1.55,5.76,0.51,16.85,0.0,6,244,19.7305,0.0,0.0,0.0,0,0,0,0.0,0
500058,Danns,Liverpool,FWD,0,0,0,0,10,0.0,0.09,4.05,0.0,0.0,0,0.0,0.0,0.0,0.0,0.0,1.9449,1.1385,1.4167,1.55,0.0,0.01,0.45,0.0,0,2,18.0,0.0,0.0,0.0,0,0,0,0.0,0
219168,Isak,Liverpool,FWD,694,8,0,0,3452,0.5976,0.0957,1.1792,0.7822,1.0429,172,0.2878,0.0052,1.4808,2.6163,1.0465,1.9449,1.1385,1.4167,1.55,22.92,3.67,45.23,30.0,40,988,25.759,0.55,0.01,2.83,5,2,43,22.5,8
510663,Ekitiké,Liverpool,FWD,1797,21,0,0,1797,0.5058,0.1227,1.3077,4.2571,1.1018,0,0.0,0.0,0.0,0.0,0.0,1.9449,1.1385,1.4167,1.55,10.1,2.45,26.11,85.0,22,433,21.6861,0.0,0.0,0.0,0,0,0,0.0,21
611922,Ngumoha,Liverpool,MID,547,5,0,0,547,0.2205,0.3307,1.4676,4.936,0.6581,261,0.1379,0.0931,1.2069,4.1379,0.3448,1.9449,1.1385,1.4167,1.55,1.34,2.0100000000000002,8.92,30.0,4,188,30.9324,0.4,0.27,3.5,12,1,41,14.1379,5
647681,Leoni,Liverpool,DEF,0,0,0,0,0,0.0,0.0,0.0,0.0,0.0,0,0.0,0.0,0.0,0.0,0.0,1.9449,1.1385,1.4167,1.55,0.0,0.0,0.0,0.0,0,0,0.0,0.0,0.0,0.0,0,0,0,0.0,0
596042,Morrison,Liverpool,MID,0,0,0,0,0,0.0,0.0,0.0,0.0,0.0,0,0.0,0.0,0.0,0.0,0.0,1.9449,1.1385,1.4167,1.55,0.0,0.0,0.0,0.0,0,0,0.0,0.0,0.0,0.0,0,0,0,0.0,0
519440,Lucky,Liverpool,DEF,0,0,0,0,0,0.0,0.0,0.0,0.0,0.0,0,0.0,0.0,0.0,0.0,0.0,1.9449,1.1385,1.4167,1.55,0.0,0.0,0.0,0.0,0,0,0.0,0.0,0.0,0.0,0,0,0,0.0,0
677945,Wright,Liverpool,FWD,0,0,0,0,0,0.0,0.0,0.0,0.0,0.0,0,0.0,0.0,0.0,0.0,0.0,1.9449,1.1385,1.4167,1.55,0.0,0.0,0.0,0.0,0,0,0.0,0.0,0.0,0.0,0,0,0,0.0,0
718875,Ndiaye,Liverpool,DEF,0,0,0,0,0,0.0,0.0,0.0,0.0,0.0,0,0.0,0.0,0.0,0.0,0.0,1.9449,1.1385,1.4167,1.55,0.0,0.0,0.0,0.0,0,0,0.0,0.0,0.0,0.0,0,0,0,0.0,0
437730,Semenyo,Man City,MID,3200,37,0,0,6402,0.2897,0.1061,1.2912,3.3177,0.4499,520,0.1523,0.1315,1.0177,4.3269,0.1731,1.9389,1.2481,2.804,1.766,20.61,7.55,91.85,236.0,32,1249,17.5586,0.88,0.76,5.88,25,1,96,16.6154,37
432720,Trafford,Man City,GK,360,4,0,0,360,0.0,0.0,1.435,0.0,0.0,90,0.0,0.0,1.77,0.0,0.0,1.9389,1.2481,2.804,1.766,0.0,0.0,5.74,0.0,0,67,16.75,0.0,0.0,1.77,0,0,5,5.0,4
209036,Guéhi,Man City,DEF,3150,35,0,0,6209,0.0858,0.0635,1.2485,4.0296,0.3624,540,0.04,0.0383,1.3183,7.1667,0.3333,1.9389,1.2481,2.804,1.766,5.92,4.38,86.13,278.0,25,1180,17.1042,0.24,0.23,7.91,43,2,124,20.6667,35
121160,Ederson M.,Man City,GK,0,0,0,0,2320,0.0,0.0062,1.1444,0.0,0.3491,0,0.0,0.0,0.0,0.0,0.0,1.9389,1.2481,2.804,1.766,0.0,0.16,29.5,0.0,9,400,15.5172,0.0,0.0,0.0,0,0,0,0.0,0
122074,Bettinelli,Man City,GK,0,0,0,0,0,0.0,0.0,0.0,0.0,0.0,0,0.0,0.0,0.0,0.0,0.0,1.9389,1.2481,2.804,1.766,0.0,0.0,0.0,0.0,0,0,0.0,0.0,0.0,0.0,0,0,0,0.0,0
448514,Aït-Nouri,Man City,DEF,971,12,0,0,4083,0.071,0.132,1.4442,1.4769,0.4849,167,0.0647,0.1617,0.8407,3.2335,1.0778,1.9389,1.2481,2.804,1.766,3.22,5.99,65.52,67.0,22,684,15.0771,0.12000000000000001,0.3,1.56,6,2,53,28.5629,12
477424,Gvardiol,Man City,DEF,1370,16,0,0,4648,0.1326,0.0701,1.168,1.9944,0.3873,69,0.0783,0.0783,0.9913,5.2174,0.0,1.9389,1.2481,2.804,1.766,6.8500000000000005,3.62,60.32,103.0,20,926,17.9303,0.06,0.06,0.76,4,0,12,15.6522,16
211975,Akanji,Man City,DEF,0,0,0,0,2012,0.0702,0.0582,1.3294,0.0,0.0447,0,0.0,0.0,0.0,0.0,0.0,1.9389,1.2481,2.804,1.766,1.57,1.3,29.72,0.0,1,307,13.7326,0.0,0.0,0.0,0,0,0,0.0,0
126184,Aké,Man City,DEF,686,6,0,0,1363,0.0621,0.0462,1.5379,3.0374,0.066,199,0.199,0.0407,0.8729,3.6181,0.0,1.9389,1.2481,2.804,1.766,0.94,0.7,23.29,46.0,1,272,17.9604,0.44,0.09000000000000001,1.93,8,0,37,16.7337,6
578153,Khusanov,Man City,DEF,1427,15,0,0,1930,0.0312,0.0606,1.2996,5.7358,0.1399,450,0.036,0.21,1.534,7.6,0.6,1.9389,1.2481,2.804,1.766,0.67,1.3,27.87,123.0,3,371,17.3005,0.18,1.05,7.67,38,3,94,18.8,15
465351,Matheus N.,Man City,DEF,2861,32,0,0,4531,0.0288,0.1102,1.187,3.8733,0.437,507,0.0,0.0408,1.3562,5.503,0.0,1.9389,1.2481,2.804,1.766,1.45,5.55,59.76,195.0,22,1049,20.8365,0.0,0.23,7.64,31,0,102,18.1065,32
171314,Rúben,Man City,DEF,2139,24,0,0,4408,0.0431,0.0378,1.1342,3.4097,0.2246,90,0.0,0.02,1.77,3.0,0.0,1.9389,1.2481,2.804,1.766,2.11,1.85,55.550000000000004,167.0,11,863,17.6202,0.0,0.02,1.77,3,0,6,6.0,24
97299,Stones,Man City,DEF,436,5,0,0,980,0.0551,0.0239,1.1544,2.7551,0.1837,85,0.0,0.0318,1.6624,11.6471,0.0,1.9389,1.2481,2.804,1.766,0.6000000000000001,0.26,12.57,30.0,2,147,13.5,0.0,0.03,1.5699999999999998,11,0,10,10.5882,5
477064,Lewis,Man City,DEF,401,4,0,0,2289,0.0594,0.0944,1.3529,0.7471,0.118,90,0.08,0.08,1.77,0.0,0.0,1.9389,1.2481,2.804,1.766,1.51,2.4,34.410000000000004,19.0,3,357,14.0367,0.08,0.08,1.77,0,0,-3,-3.0,4
472769,O'Reilly,Man City,DEF,2643,29,0,0,3168,0.2102,0.0952,1.1494,4.8864,0.3977,450,0.342,0.124,1.446,5.2,0.4,1.9389,1.2481,2.804,1.766,7.4,3.35,40.46,172.0,14,685,19.4602,1.71,0.62,7.23,26,2,81,16.2,29
616222,Vitor Reis,Man City,DEF,0,0,0,0,1,0.0,0.0,0.0,0.0,0.0,0,0.0,0.0,0.0,0.0,0.0,1.9389,1.2481,2.804,1.766,0.0,0.0,0.0,0.0,0,4,360.0,0.0,0.0,0.0,0,0,0,0.0,0
438234,Marmoush,Man City,MID,691,8,0,0,1865,0.3952,0.1197,1.081,1.882,0.8204,125,0.4032,0.0648,0.9648,5.04,0.72,1.9389,1.2481,2.804,1.766,8.19,2.48,22.4,39.0,17,508,24.5147,0.56,0.09000000000000001,1.3399999999999999,7,1,60,43.2,8
209244,Foden,Man City,MID,2078,23,0,0,3849,0.2619,0.2359,1.3209,3.7412,0.5378,256,0.2426,0.2602,1.7402,7.7344,1.0547,1.9389,1.2481,2.804,1.766,11.200000000000001,10.09,56.49,160.0,23,1017,23.7802,0.6900000000000001,0.74,4.95,22,3,69,24.2578,23
510281,Savinho,Man City,MID,817,7,0,0,2577,0.2626,0.2686,1.1396,2.0605,0.5588,242,0.2715,0.1376,1.495,4.8347,0.3719,1.9389,1.2481,2.804,1.766,7.5200000000000005,7.69,32.63,59.0,16,582,20.326,0.73,0.37,4.02,13,1,46,17.1074,7
165809,Bernardo,Man City,MID,2869,34,0,0,5536,0.1065,0.141,1.2237,4.2594,0.2764,547,0.1366,0.1086,1.1468,10.0366,0.0,1.9389,1.2481,2.804,1.766,6.55,8.67,75.27,262.0,17,1102,17.9155,0.83,0.66,6.97,61,0,103,16.947,34
466052,Cherki,Man City,MID,1772,19,0,0,1772,0.2174,0.4505,1.2814,6.8567,0.8126,400,0.3442,0.3015,1.737,3.6,0.675,1.9389,1.2481,2.804,1.766,4.28,8.870000000000001,25.23,135.0,16,580,29.4582,1.53,1.34,7.72,16,3,99,22.275,19
248875,Doku,Man City,MID,1773,19,0,0,3279,0.115,0.2654,1.0534,3.4584,0.4941,476,0.1532,0.2326,1.3084,6.4286,1.1345,1.9389,1.2481,2.804,1.766,4.19,9.67,38.38,126.0,18,951,26.1025,0.81,1.23,6.92,34,6,178,33.6555,19
59859,Gündoğan,Man City,MID,0,0,0,0,2218,0.1303,0.1798,1.4482,0.0,0.2029,0,0.0,0.0,0.0,0.0,0.0,1.9389,1.2481,2.804,1.766,3.21,4.43,35.69,0.0,5,460,18.6655,0.0,0.0,0.0,0,0,0,0.0,0
220566,Rodrigo,Man City,MID,1510,17,0,0,1582,0.0654,0.1445,1.1987,11.7193,0.3413,177,0.2034,0.1373,1.7746,11.6949,0.5085,1.9389,1.2481,2.804,1.766,1.15,2.54,21.07,206.0,6,371,21.1062,0.39999999999999997,0.27,3.49,23,1,45,22.8814,17
91651,Kovačić,Man City,MID,125,1,0,0,2319,0.0792,0.1409,1.3777,0.6986,0.5045,112,0.1045,0.3134,2.7161,14.4643,0.0,1.9389,1.2481,2.804,1.766,2.04,3.63,35.5,18.0,13,583,22.6261,0.13,0.39,3.38,18,0,34,27.3214,1
465694,N.Gonzalez,Man City,MID,1561,17,0,0,2321,0.0438,0.062,1.1377,7.9879,0.0388,191,0.0565,0.0565,1.6869,11.3089,0.0,1.9389,1.2481,2.804,1.766,1.1300000000000001,1.6,29.34,206.0,1,460,17.8371,0.12000000000000001,0.12000000000000001,3.58,24,0,48,22.6178,17
575204,Echeverri,Man City,MID,0,0,0,0,5,0.0,0.18,8.1,0.0,0.0,0,0.0,0.0,0.0,0.0,0.0,1.9389,1.2481,2.804,1.766,0.0,0.01,0.45,0.0,0,2,36.0,0.0,0.0,0.0,0,0,0,0.0,0
433036,Reijnders,Man City,MID,1623,19,0,0,1623,0.2556,0.1303,1.0436,5.5453,0.3327,135,0.4333,0.0533,1.0267,3.3333,0.0,1.9389,1.2481,2.804,1.766,4.61,2.35,18.82,100.0,6,337,18.6876,0.65,0.08,1.54,5,0,12,8.0,19
566164,Nypan,Man City,MID,0,0,0,0,0,0.0,0.0,0.0,0.0,0.0,0,0.0,0.0,0.0,0.0,0.0,1.9389,1.2481,2.804,1.766,0.0,0.0,0.0,0.0,0,0,0.0,0.0,0.0,0.0,0,0,0,0.0,0
155405,Phillips,Man City,MID,0,0,0,0,1231,0.0329,0.0336,1.9894,0.0,0.0,0,0.0,0.0,0.0,0.0,0.0,1.9389,1.2481,2.804,1.766,0.45,0.46,27.21,0.0,0,167,12.2096,0.0,0.0,0.0,0,0,0,0.0,0
223094,Haaland,Man City,FWD,2953,34,0,0,5689,0.7499,0.0745,1.2635,1.6453,1.0916,450,0.772,0.146,1.446,2.6,1.6,1.9389,1.2481,2.804,1.766,47.4,4.71,79.87,104.0,69,1747,27.6375,3.8600000000000003,0.73,7.23,13,8,161,32.2,34
204936,Donnarumma,Man City,GK,3060,34,0,0,3060,0.0,0.0038,1.1324,0.0,0.1471,540,0.0,0.0217,1.3183,0.0,0.3333,1.9389,1.2481,2.804,1.766,0.0,0.13,38.5,0.0,5,567,16.6765,0.0,0.13,7.91,0,2,90,15.0,34
590039,Mukasa,Man City,MID,25,0,0,0,25,0.0,0.756,1.224,3.6,0.0,0,0.0,0.0,0.0,0.0,0.0,1.9389,1.2481,2.804,1.766,0.0,0.21000000000000002,0.33999999999999997,1.0,0,5,18.0,0.0,0.0,0.0,0,0,0,0.0,0
566213,Mfuni,Man City,DEF,0,0,0,0,0,0.0,0.0,0.0,0.0,0.0,0,0.0,0.0,0.0,0.0,0.0,1.9389,1.2481,2.804,1.766,0.0,0.0,0.0,0.0,0,0,0.0,0.0,0.0,0.0,0,0,0,0.0,0
616288,McAidoo,Man City,MID,0,0,0,0,0,0.0,0.0,0.0,0.0,0.0,0,0.0,0.0,0.0,0.0,0.0,1.9389,1.2481,2.804,1.766,0.0,0.0,0.0,0.0,0,0,0.0,0.0,0.0,0.0,0,0,0,0.0,0
516234,Gray,Man City,MID,0,0,0,0,0,0.0,0.0,0.0,0.0,0.0,0,0.0,0.0,0.0,0.0,0.0,1.9389,1.2481,2.804,1.766,0.0,0.0,0.0,0.0,0,0,0.0,0.0,0.0,0.0,0,0,0,0.0,0
580921,Heskey,Man City,MID,0,0,0,0,0,0.0,0.0,0.0,0.0,0.0,0,0.0,0.0,0.0,0.0,0.0,1.9389,1.2481,2.804,1.766,0.0,0.0,0.0,0.0,0,0,0.0,0.0,0.0,0.0,0,0,0,0.0,0
494307,Alleyne,Man City,DEF,135,2,0,0,135,0.1733,0.04,1.0267,7.3333,0.0,0,0.0,0.0,0.0,0.0,0.0,1.9389,1.2481,2.804,1.766,0.26,0.060000000000000005,1.54,11.0,0,27,18.0,0.0,0.0,0.0,0,0,0,0.0,2
446008,Mbeumo,Man Utd,MID,2611,31,0,0,6026,0.3659,0.2125,1.3631,2.076,0.6721,400,0.8865,0.1192,1.3185,4.5,0.225,1.5503,1.358,1.7933,1.3017,24.5,14.23,91.27,139.0,45,1476,22.0445,3.94,0.53,5.86,20,1,77,17.325,31
451302,Bayindir,Man Utd,GK,540,6,0,0,900,0.0,0.005,1.617,0.0,0.0,0,0.0,0.0,0.0,0.0,0.0,1.5503,1.358,1.7933,1.3017,0.0,0.05,16.17,0.0,0,71,7.1,0.0,0.0,0.0,0,0,0,0.0,6
202641,Onana,Man Utd,GK,0,0,0,0,3060,0.0,0.0059,1.4056,0.0,0.2353,0,0.0,0.0,0.0,0.0,0.0,1.5503,1.358,1.7933,1.3017,0.0,0.2,47.79,0.0,8,443,13.0294,0.0,0.0,0.0,0,0,0,0.0,0
588555,Harrison,Man Utd,GK,0,0,0,0,0,0.0,0.0,0.0,0.0,0.0,0,0.0,0.0,0.0,0.0,0.0,1.5503,1.358,1.7933,1.3017,0.0,0.0,0.0,0.0,0,0,0.0,0.0,0.0,0.0,0,0,0,0.0,0
21205,Heaton,Man Utd,GK,0,0,0,0,0,0.0,0.0,0.0,0.0,0.0,0,0.0,0.0,0.0,0.0,0.0,1.5503,1.358,1.7933,1.3017,0.0,0.0,0.0,0.0,0,0,0.0,0.0,0.0,0.0,0,0,0,0.0,0
461537,Mee,Man Utd,GK,0,0,0,0,0,0.0,0.0,0.0,0.0,0.0,0,0.0,0.0,0.0,0.0,0.0,1.5503,1.358,1.7933,1.3017,0.0,0.0,0.0,0.0,0,0,0.0,0.0,0.0,0.0,0,0,0,0.0,0
209365,De Ligt,Man Utd,DEF,1170,13,0,0,3289,0.1056,0.0296,1.5669,2.9279,0.2189,0,0.0,0.0,0.0,0.0,0.0,1.5503,1.358,1.7933,1.3017,3.86,1.08,57.26,107.0,8,481,13.1621,0.0,0.0,0.0,0,0,0,0.0,13
221820,Martinez,Man Utd,DEF,1229,13,0,0,2980,0.0447,0.0547,1.3708,3.1711,0.2416,270,0.03,0.0133,1.3067,8.3333,0.0,1.5503,1.358,1.7933,1.3017,1.48,1.81,45.39,105.0,8,534,16.1275,0.09,0.04,3.92,25,0,72,24.0,13
230001,Mazraoui,Man Utd,DEF,977,11,0,0,3813,0.0208,0.0524,1.3985,2.2187,0.2596,298,0.0,0.0181,1.2141,8.1544,0.906,1.5503,1.358,1.7933,1.3017,0.88,2.22,59.25,94.0,11,643,15.177,0.0,0.06,4.02,27,3,93,28.0872,11
661712,D.Leon,Man Utd,DEF,0,0,0,0,0,0.0,0.0,0.0,0.0,0.0,0,0.0,0.0,0.0,0.0,0.0,1.5503,1.358,1.7933,1.3017,0.0,0.0,0.0,0.0,0,0,0.0,0.0,0.0,0.0,0,0,0,0.0,0
216051,Dalot,Man Utd,DEF,2609,29,0,0,5421,0.0646,0.0817,1.3866,2.9884,0.2988,360,0.09,0.045,1.4425,7.25,0.0,1.5503,1.358,1.7933,1.3017,3.89,4.92,83.52,180.0,18,766,12.7172,0.36,0.18,5.77,29,0,48,12.0,29
596777,Dorgu,Man Utd,DEF,1440,15,0,0,2280,0.1113,0.1228,1.1791,3.8684,0.4737,111,0.4297,0.3405,0.673,2.4324,2.4324,1.5503,1.358,1.7933,1.3017,2.82,3.11,29.87,98.0,12,429,16.9342,0.53,0.42,0.8300000000000001,3,3,60,48.6486,15
95658,Maguire,Man Utd,DEF,1649,19,0,0,3400,0.0778,0.0199,1.3177,3.9971,0.2118,450,0.062,0.062,1.248,10.6,0.4,1.5503,1.358,1.7933,1.3017,2.94,0.75,49.78,151.0,8,532,14.0824,0.31,0.31,6.24,53,2,111,22.2,19
106760,Shaw,Man Utd,DEF,3220,38,0,0,3566,0.0189,0.0694,1.2294,5.6534,0.0757,513,0.0316,0.0754,1.314,8.4211,0.5263,1.5503,1.358,1.7933,1.3017,0.75,2.75,48.71,224.0,3,487,12.2911,0.18,0.43,7.49,48,3,122,21.4035,38
550864,Yoro,Man Utd,DEF,1730,18,0,0,2890,0.0635,0.023,1.4381,4.8581,0.0311,34,0.0,0.0,1.0588,13.2353,0.0,1.5503,1.358,1.7933,1.3017,2.04,0.74,46.18,156.0,1,281,8.7509,0.0,0.0,0.4,5,0,7,18.5294,18
577974,Amass,Man Utd,DEF,0,0,0,0,345,0.0183,0.0183,1.6435,0.0,0.0,0,0.0,0.0,0.0,0.0,0.0,1.5503,1.358,1.7933,1.3017,0.07,0.07,6.3,0.0,0,1,0.2609,0.0,0.0,0.0,0,0,0,0.0,0
547676,Fredricson,Man Utd,DEF,2,0,0,0,168,0.0,0.0107,1.7357,1.0714,0.0,0,0.0,0.0,0.0,0.0,0.0,1.5503,1.358,1.7933,1.3017,0.0,0.02,3.2399999999999998,2.0,0,20,10.7143,0.0,0.0,0.0,0,0,0,0.0,0
606745,Heaven,Man Utd,DEF,920,11,0,0,1089,0.038,0.0157,1.1273,7.686,0.4132,270,0.0,0.0033,1.2967,6.6667,1.0,1.5503,1.358,1.7933,1.3017,0.46,0.19,13.64,93.0,5,211,17.438,0.0,0.01,3.89,20,3,52,17.3333,11
222690,Malacia,Man Utd,DEF,15,0,0,0,114,0.0,0.0158,1.0737,3.1579,0.0,8,0.0,0.0,2.5875,22.5,0.0,1.5503,1.358,1.7933,1.3017,0.0,0.02,1.36,4.0,0,8,6.3158,0.0,0.0,0.23,2,0,4,45.0,0
141746,B.Fernandes,Man Utd,MID,3065,35,0,0,6082,0.3066,0.2985,1.3358,4.247,1.021,540,0.075,0.46,1.3017,6.5,0.8333,1.5503,1.358,1.7933,1.3017,20.72,20.17,90.27,287.0,69,1818,26.9023,0.45,2.76,7.8100000000000005,39,5,186,31.0,35
430871,Cunha,Man Utd,MID,2493,29,0,0,5089,0.2764,0.153,1.4198,3.7316,0.9727,335,0.2579,0.1746,1.4104,8.0597,0.5373,1.5503,1.358,1.7933,1.3017,15.63,8.65,80.28,211.0,55,1429,25.2722,0.96,0.65,5.25,30,2,110,29.5522,29
176297,Rashford,Man Utd,MID,0,0,0,0,1414,0.2972,0.2183,1.3799,0.0,0.5728,0,0.0,0.0,0.0,0.0,0.0,1.5503,1.358,1.7933,1.3017,4.67,3.43,21.68,0.0,9,333,21.1952,0.0,0.0,0.0,0,0,0,0.0,0
493250,Amad,Man Utd,MID,2339,27,0,0,4237,0.216,0.1852,1.3467,4.2058,0.5098,354,0.2136,0.3102,1.3729,6.1017,0.2542,1.5503,1.358,1.7933,1.3017,10.17,8.72,63.4,198.0,24,1032,21.9212,0.84,1.2200000000000002,5.4,24,1,52,13.2203,27
467169,Antony,Man Utd,MID,0,0,0,0,135,0.4,0.14,1.3667,0.0,0.0,0,0.0,0.0,0.0,0.0,0.0,1.5503,1.358,1.7933,1.3017,0.6000000000000001,0.21000000000000002,2.05,0.0,0,37,24.6667,0.0,0.0,0.0,0,0,0,0.0,0
184341,Mount,Man Utd,MID,1010,12,0,0,1623,0.2734,0.1214,1.1479,5.6562,0.1664,197,0.0091,0.1005,0.9868,17.8173,0.0,1.5503,1.358,1.7933,1.3017,4.93,2.19,20.7,102.0,3,275,15.2495,0.02,0.22,2.16,39,0,34,15.533,12
61256,Casemiro,Man Utd,MID,2575,33,0,0,4064,0.1603,0.1143,1.2351,7.8617,0.5094,350,0.1389,0.0334,1.4169,18.0,0.7714,1.5503,1.358,1.7933,1.3017,7.24,5.16,55.77,355.0,23,936,20.7283,0.54,0.13,5.51,70,3,87,22.3714,33
516895,Mainoo,Man Utd,MID,1653,16,0,0,3299,0.036,0.0832,1.3125,5.1015,0.0546,540,0.04,0.0733,1.3017,11.1667,0.3333,1.5503,1.358,1.7933,1.3017,1.32,3.0500000000000003,48.11,187.0,2,569,15.5229,0.24,0.44000000000000006,7.8100000000000005,67,2,125,20.8333,16
232112,Ugarte,Man Utd,MID,876,8,0,0,2653,0.0583,0.0282,1.6202,4.8172,0.0339,0,0.0,0.0,0.0,0.0,0.0,1.5503,1.358,1.7933,1.3017,1.72,0.83,47.76,142.0,1,501,16.9959,0.0,0.0,0.0,0,0,0,0.0,8
490881,Collyer,Man Utd,MID,0,0,0,0,174,0.0414,0.1914,1.5983,0.0,0.0,0,0.0,0.0,0.0,0.0,0.0,1.5503,1.358,1.7933,1.3017,0.08,0.37,3.09,0.0,0,40,20.6897,0.0,0.0,0.0,0,0,0,0.0,0
556639,Fitzgerald,Man Utd,MID,0,0,0,0,0,0.0,0.0,0.0,0.0,0.0,0,0.0,0.0,0.0,0.0,0.0,1.5503,1.358,1.7933,1.3017,0.0,0.0,0.0,0.0,0,0,0.0,0.0,0.0,0.0,0,0,0,0.0,0
547037,J.Fletcher,Man Utd,MID,107,0,0,0,107,0.0252,0.0168,1.5645,9.2523,0.0,0,0.0,0.0,0.0,0.0,0.0,1.5503,1.358,1.7933,1.3017,0.03,0.02,1.86,11.0,0,10,8.4112,0.0,0.0,0.0,0,0,0,0.0,0
618873,Kone,Man Utd,MID,0,0,0,0,0,0.0,0.0,0.0,0.0,0.0,0,0.0,0.0,0.0,0.0,0.0,1.5503,1.358,1.7933,1.3017,0.0,0.0,0.0,0.0,0,0,0.0,0.0,0.0,0.0,0,0,0,0.0,0
559684,Moorhouse,Man Utd,MID,0,0,0,0,0,0.0,0.0,0.0,0.0,0.0,0,0.0,0.0,0.0,0.0,0.0,1.5503,1.358,1.7933,1.3017,0.0,0.0,0.0,0.0,0,0,0.0,0.0,0.0,0.0,0,0,0,0.0,0
497894,Højlund,Man Utd,FWD,0,0,0,0,1998,0.2297,0.0514,1.3712,0.0,0.3604,0,0.0,0.0,0.0,0.0,0.0,1.5503,1.358,1.7933,1.3017,5.1,1.1400000000000001,30.44,0.0,8,246,11.0811,0.0,0.0,0.0,0,0,0,0.0,0
458249,Zirkzee,Man Utd,FWD,607,5,0,0,1992,0.3334,0.0623,1.5474,1.988,0.5422,98,0.5143,0.0184,1.6347,6.4286,0.0,1.5503,1.358,1.7933,1.3017,7.38,1.3800000000000001,34.25,44.0,12,362,16.3554,0.56,0.02,1.78,7,0,16,14.6939,5
596047,Obi,Man Utd,FWD,0,0,0,0,160,0.3713,0.0169,2.0812,0.0,0.0,0,0.0,0.0,0.0,0.0,0.0,1.5503,1.358,1.7933,1.3017,0.66,0.030000000000000002,3.6999999999999997,0.0,0,21,11.8125,0.0,0.0,0.0,0,0,0,0.0,0
575034,Wheatley,Man Utd,FWD,0,0,0,0,0,0.0,0.0,0.0,0.0,0.0,0,0.0,0.0,0.0,0.0,0.0,1.5503,1.358,1.7933,1.3017,0.0,0.0,0.0,0.0,0,0,0.0,0.0,0.0,0.0,0,0,0,0.0,0
485711,Šeško,Man Utd,FWD,1630,17,0,0,1630,0.5085,0.0155,1.4936,3.5337,1.0491,211,0.7294,0.0213,1.2839,3.4123,0.8531,1.5503,1.358,1.7933,1.3017,9.21,0.28,27.05,64.0,19,405,22.362,1.71,0.05,3.0100000000000002,8,2,67,28.5782,17
465247,Lammens,Man Utd,GK,2880,32,0,0,2880,0.0,0.0,1.2266,0.0,0.3438,540,0.0,0.0,1.3017,0.0,0.8333,1.5503,1.358,1.7933,1.3017,0.0,0.0,39.25,0.0,11,413,12.9062,0.0,0.0,7.8100000000000005,0,5,113,18.8333,32
576628,Lacey,Man Utd,MID,40,0,0,0,40,0.225,0.0225,1.1475,6.75,0.0,28,0.0964,0.0321,1.2857,6.4286,0.0,1.5503,1.358,1.7933,1.3017,0.1,0.01,0.51,3.0,0,9,20.25,0.03,0.01,0.4,2,0,1,3.2143,0
576620,Bendito Mantato,Man Utd,MID,15,0,0,0,15,0.0,0.06,0.3,0.0,0.0,0,0.0,0.0,0.0,0.0,0.0,1.5503,1.358,1.7933,1.3017,0.0,0.01,0.05,0.0,0,3,18.0,0.0,0.0,0.0,0,0,0,0.0,0
519913,Fletcher,Man Utd,MID,17,0,0,0,17,0.0,0.0529,1.7471,10.5882,0.0,16,0.0,0.0,1.7438,11.25,0.0,1.5503,1.358,1.7933,1.3017,0.0,0.01,0.33,2.0,0,6,31.7647,0.0,0.0,0.31,2,0,3,16.875,0
576637,Kukonki,Man Utd,DEF,0,0,0,0,0,0.0,0.0,0.0,0.0,0.0,0,0.0,0.0,0.0,0.0,0.0,1.5503,1.358,1.7933,1.3017,0.0,0.0,0.0,0.0,0,0,0.0,0.0,0.0,0.0,0,0,0,0.0,0
576634,Thwaites,Man Utd,MID,0,0,0,0,0,0.0,0.0,0.0,0.0,0.0,0,0.0,0.0,0.0,0.0,0.0,1.5503,1.358,1.7933,1.3017,0.0,0.0,0.0,0.0,0,0,0.0,0.0,0.0,0.0,0,0,0,0.0,0
232653,J.Ramsey,Newcastle,MID,1441,15,0,0,3057,0.0821,0.1069,1.5082,4.3867,0.1766,361,0.0374,0.1346,1.5058,10.2216,0.4986,1.6396,1.2951,1.5433,1.4783,2.79,3.63,51.23,149.0,6,568,16.7223,0.15000000000000002,0.54,6.04,41,2,96,23.9335,15
216646,Wissa,Newcastle,FWD,517,4,0,0,3438,0.5683,0.0717,1.4421,0.5759,0.8377,94,1.1298,0.0096,1.8862,2.8723,0.0,1.6396,1.2951,1.5433,1.4783,21.71,2.74,55.09,22.0,32,809,21.178,1.1800000000000002,0.01,1.9700000000000002,3,0,6,5.7447,4
98747,Pope,Newcastle,GK,2416,27,0,0,4936,0.0029,0.0,1.2368,0.0,0.0912,450,0.0,0.0,1.176,0.0,0.0,1.6396,1.2951,1.5433,1.4783,0.16,0.0,67.83,0.0,5,798,14.5502,0.0,0.0,5.88,0,0,78,15.6,27
81441,Gillespie,Newcastle,GK,0,0,0,0,0,0.0,0.0,0.0,0.0,0.0,0,0.0,0.0,0.0,0.0,0.0,1.6396,1.2951,1.5433,1.4783,0.0,0.0,0.0,0.0,0,0,0.0,0.0,0.0,0.0,0,0,0,0.0,0
111452,Odysseas,Newcastle,GK,0,0,0,0,0,0.0,0.0,0.0,0.0,0.0,0,0.0,0.0,0.0,0.0,0.0,1.6396,1.2951,1.5433,1.4783,0.0,0.0,0.0,0.0,0,0,0.0,0.0,0.0,0.0,0,0,0,0.0,0
487838,Hall,Newcastle,DEF,2176,24,0,0,4364,0.0297,0.1343,1.391,3.5678,0.3093,337,0.0427,0.0641,1.7493,6.1424,0.0,1.6396,1.2951,1.5433,1.4783,1.44,6.51,67.45,173.0,15,790,16.2924,0.16,0.24,6.55,23,0,40,10.6825,24
119471,Schär,Newcastle,DEF,1089,11,0,0,4024,0.1098,0.036,1.1431,2.5721,0.0895,0,0.0,0.0,0.0,0.0,0.0,1.6396,1.2951,1.5433,1.4783,4.91,1.61,51.11,115.0,4,626,14.001,0.0,0.0,0.0,0,0,0,0.0,11
220237,Botman,Newcastle,DEF,1834,21,0,0,2246,0.093,0.0433,1.3083,8.6554,0.2404,540,0.04,0.0817,1.4783,14.0,0.0,1.6396,1.2951,1.5433,1.4783,2.32,1.08,32.65,216.0,6,427,17.1104,0.24,0.49,8.870000000000001,84,0,81,13.5,21
78916,Burn,Newcastle,DEF,2195,25,0,0,5525,0.0497,0.0236,1.2277,3.6652,0.2281,384,0.1617,0.0094,1.3453,7.7344,0.0,1.6396,1.2951,1.5433,1.4783,3.0500000000000003,1.45,75.37,225.0,14,762,12.4127,0.69,0.04,5.74,33,0,48,11.25,25
441191,Livramento,Newcastle,DEF,1326,14,0,0,4161,0.0099,0.0776,1.221,1.4708,0.1947,73,0.0,0.037,2.7986,6.1644,0.0,1.6396,1.2951,1.5433,1.4783,0.46,3.59,56.45,68.0,9,728,15.7462,0.0,0.03,2.27,5,0,7,8.6301,14
77794,Trippier,Newcastle,DEF,1586,18,0,0,2885,0.0062,0.1092,1.1957,2.5581,0.312,130,0.0,0.0692,1.1838,3.4615,0.0,1.6396,1.2951,1.5433,1.4783,0.2,3.5,38.33,82.0,10,512,15.9723,0.0,0.1,1.71,5,0,14,9.6923,18
111773,Krafth,Newcastle,DEF,45,1,0,0,379,0.0095,0.0095,1.6029,0.2375,0.0,0,0.0,0.0,0.0,0.0,0.0,1.6396,1.2951,1.5433,1.4783,0.04,0.04,6.75,1.0,0,47,11.1609,0.0,0.0,0.0,0,0,0,0.0,1
101148,Lascelles,Newcastle,DEF,19,0,0,0,19,0.1895,0.0,2.6053,23.6842,0.0,0,0.0,0.0,0.0,0.0,0.0,1.6396,1.2951,1.5433,1.4783,0.04,0.0,0.55,5.0,0,0,0.0,0.0,0.0,0.0,0,0,0,0.0,0
545477,A.Murphy,Newcastle,DEF,7,0,0,0,7,0.0,0.0,6.3,51.4286,0.0,6,0.0,0.0,3.3,45.0,0.0,1.6396,1.2951,1.5433,1.4783,0.0,0.0,0.49,4.0,0,3,38.5714,0.0,0.0,0.22,3,0,4,60.0,0
441024,Ashby,Newcastle,DEF,0,0,0,0,0,0.0,0.0,0.0,0.0,0.0,0,0.0,0.0,0.0,0.0,0.0,1.6396,1.2951,1.5433,1.4783,0.0,0.0,0.0,0.0,0,0,0.0,0.0,0.0,0.0,0,0,0,0.0,0
578512,Pivas,Newcastle,DEF,0,0,0,0,0,0.0,0.0,0.0,0.0,0.0,0,0.0,0.0,0.0,0.0,0.0,1.6396,1.2951,1.5433,1.4783,0.0,0.0,0.0,0.0,0,0,0.0,0.0,0.0,0.0,0,0,0,0.0,0
169359,Targett,Newcastle,DEF,0,0,0,0,20,0.0,0.315,1.17,0.0,0.0,0,0.0,0.0,0.0,0.0,0.0,1.6396,1.2951,1.5433,1.4783,0.0,0.07,0.26,0.0,0,7,31.5,0.0,0.0,0.0,0,0,0,0.0,0
232826,Gordon,Newcastle,MID,1798,24,0,0,4226,0.3612,0.1742,1.2224,1.938,0.4046,0,0.0,0.0,0.0,0.0,0.0,1.6396,1.2951,1.5433,1.4783,16.96,8.18,57.4,91.0,19,828,17.6337,0.0,0.0,0.0,0,0,0,0.0,24
449434,Elanga,Newcastle,MID,1302,14,0,0,3798,0.1531,0.1626,1.4182,1.3033,0.3555,94,0.2011,0.0574,2.8149,3.8298,0.0,1.6396,1.2951,1.5433,1.4783,6.46,6.86,59.85,55.0,15,714,16.9194,0.21,0.06,2.94,4,0,14,13.4043,14
201666,Barnes,Newcastle,MID,1951,19,0,0,3697,0.3235,0.1733,1.3297,2.4344,0.5356,284,0.2884,0.1743,1.7842,4.1197,0.3169,1.6396,1.2951,1.5433,1.4783,13.290000000000001,7.12,54.62,100.0,22,791,19.2562,0.91,0.55,5.63,13,1,79,25.0352,19
208706,Bruno G.,Newcastle,MID,2456,27,0,0,5729,0.156,0.1615,1.1845,3.9431,0.5027,437,0.1586,0.276,1.2069,10.5034,0.6178,1.6396,1.2951,1.5433,1.4783,9.93,10.28,75.4,251.0,32,1342,21.0822,0.77,1.34,5.859999999999999,51,3,97,19.9771,27
114243,J.Murphy,Newcastle,MID,1606,19,0,0,3962,0.2035,0.1999,1.1935,2.0444,0.3635,280,0.0321,0.0804,1.2696,5.7857,0.9643,1.6396,1.2951,1.5433,1.4783,8.959999999999999,8.8,52.54,90.0,16,915,20.785,0.1,0.24999999999999997,3.95,18,3,47,15.1071,19
180974,Joelinton,Newcastle,MID,1950,23,0,0,4344,0.1264,0.0729,1.2543,4.9309,0.2693,180,0.135,0.1,1.315,12.0,0.0,1.6396,1.2951,1.5433,1.4783,6.1,3.52,60.54,238.0,13,678,14.047,0.27,0.2,2.63,24,0,23,11.5,23
432422,Tonali,Newcastle,MID,2534,31,0,0,5159,0.1083,0.0984,1.2102,4.4834,0.2093,407,0.042,0.1039,1.4219,8.4029,0.0,1.6396,1.2951,1.5433,1.4783,6.21,5.64,69.37,257.0,12,1013,17.672,0.19,0.47000000000000003,6.430000000000001,38,0,73,16.1425,31
640108,Antoñito C.,Newcastle,MID,0,0,0,0,0,0.0,0.0,0.0,0.0,0.0,0,0.0,0.0,0.0,0.0,0.0,1.6396,1.2951,1.5433,1.4783,0.0,0.0,0.0,0.0,0,0,0.0,0.0,0.0,0.0,0,0,0,0.0,0
200089,Willock,Newcastle,MID,972,10,0,0,2037,0.1286,0.0884,1.451,3.9323,0.0,279,0.1452,0.1387,1.2613,4.1935,0.0,1.6396,1.2951,1.5433,1.4783,2.91,2.0,32.84,89.0,0,305,13.4757,0.44999999999999996,0.43,3.91,13,0,52,16.7742,10
153127,Hayden,Newcastle,MID,0,0,0,0,0,0.0,0.0,0.0,0.0,0.0,0,0.0,0.0,0.0,0.0,0.0,1.6396,1.2951,1.5433,1.4783,0.0,0.0,0.0,0.0,0,0,0.0,0.0,0.0,0.0,0,0,0,0.0,0
564510,Kuol,Newcastle,MID,0,0,0,0,0,0.0,0.0,0.0,0.0,0.0,0,0.0,0.0,0.0,0.0,0.0,1.6396,1.2951,1.5433,1.4783,0.0,0.0,0.0,0.0,0,0,0.0,0.0,0.0,0.0,0,0,0,0.0,0
547719,L.Miley,Newcastle,MID,1493,15,0,0,1797,0.0967,0.1202,1.3472,7.7629,0.3005,270,0.0,0.03,1.67,9.3333,0.0,1.6396,1.2951,1.5433,1.4783,1.93,2.4,26.900000000000002,155.0,6,422,21.1352,0.0,0.09,5.01,28,0,38,12.6667,15
461484,White,Newcastle,MID,0,0,0,0,0,0.0,0.0,0.0,0.0,0.0,0,0.0,0.0,0.0,0.0,0.0,1.6396,1.2951,1.5433,1.4783,0.0,0.0,0.0,0.0,0,0,0.0,0.0,0.0,0.0,0,0,0,0.0,0
538207,Osula,Newcastle,FWD,805,8,0,0,929,0.4301,0.0649,1.7109,3.0032,1.3563,441,0.5408,0.1143,1.4082,2.0408,1.8367,1.6396,1.2951,1.5433,1.4783,4.4399999999999995,0.67,17.66,31.0,14,343,33.2293,2.65,0.5599999999999999,6.9,10,9,142,28.9796,8
599303,Neave,Newcastle,FWD,13,0,0,0,13,0.2077,0.0,2.5615,0.0,0.0,13,0.2077,0.0,2.5615,0.0,0.0,1.6396,1.2951,1.5433,1.4783,0.03,0.0,0.37,0.0,0,2,13.8462,0.03,0.0,0.37,0,0,2,13.8462,0
225321,Ramsdale,Newcastle,GK,1003,11,0,0,3703,0.0,0.001,2.07,0.0,0.2917,90,0.0,0.0,2.99,0.0,0.0,1.6396,1.2951,1.5433,1.4783,0.0,0.04,85.17,0.0,12,422,10.2565,0.0,0.0,2.99,0,0,3,3.0,11
465642,Thiaw,Newcastle,DEF,2963,33,0,0,2963,0.1458,0.0292,1.4947,8.8694,0.3645,540,0.1767,0.01,1.4783,6.6667,0.0,1.6396,1.2951,1.5433,1.4783,4.8,0.96,49.21,292.0,12,436,13.2433,1.06,0.060000000000000005,8.870000000000001,40,0,65,10.8333,33
623110,Seung soo,Newcastle,MID,0,0,0,0,0,0.0,0.0,0.0,0.0,0.0,0,0.0,0.0,0.0,0.0,0.0,1.6396,1.2951,1.5433,1.4783,0.0,0.0,0.0,0.0,0,0,0.0,0.0,0.0,0.0,0,0,0,0.0,0
470313,Woltemade,Newcastle,FWD,1896,24,0,0,1896,0.3128,0.0726,1.2185,4.9842,0.5696,230,0.0783,0.27,1.0878,5.087,0.7826,1.6396,1.2951,1.5433,1.4783,6.59,1.53,25.67,105.0,12,399,18.9399,0.2,0.69,2.78,13,2,65,25.4348,24
19236,Ruddy,Newcastle,GK,0,0,0,0,0,0.0,0.0,0.0,0.0,0.0,0,0.0,0.0,0.0,0.0,0.0,1.6396,1.2951,1.5433,1.4783,0.0,0.0,0.0,0.0,0,0,0.0,0.0,0.0,0.0,0,0,0,0.0,0
553746,Shahar,Newcastle,DEF,0,0,0,0,0,0.0,0.0,0.0,0.0,0.0,0,0.0,0.0,0.0,0.0,0.0,1.6396,1.2951,1.5433,1.4783,0.0,0.0,0.0,0.0,0,0,0.0,0.0,0.0,0.0,0,0,0,0.0,0
666607,Alabi,Newcastle,MID,0,0,0,0,0,0.0,0.0,0.0,0.0,0.0,0,0.0,0.0,0.0,0.0,0.0,1.6396,1.2951,1.5433,1.4783,0.0,0.0,0.0,0.0,0,0,0.0,0.0,0.0,0.0,0,0,0,0.0,0
206325,Zinchenko,Nott'm Forest,DEF,352,4,0,0,870,0.0745,0.091,0.8514,2.4828,0.2069,0,0.0,0.0,0.0,0.0,0.0,1.2324,1.3984,1.5133,1.7017,0.72,0.88,8.23,24.0,2,197,20.3793,0.0,0.0,0.0,0,0,0,0.0,4
88248,Ortega Moreno,Nott'm Forest,GK,270,3,0,0,1369,0.0,0.0007,1.5627,0.0,0.0,0,0.0,0.0,0.0,0.0,0.0,1.2324,1.3984,1.5133,1.7017,0.0,0.01,23.77,0.0,0,182,11.9649,0.0,0.0,0.0,0,0,0,0.0,3
432714,McAtee,Nott'm Forest,MID,288,2,0,0,628,0.4271,0.1677,1.8043,4.586,0.0,115,0.1252,0.1487,2.4574,14.8696,0.0,1.2324,1.3984,1.5133,1.7017,2.98,1.17,12.59,32.0,0,162,23.2166,0.16,0.19,3.1399999999999997,19,0,28,21.913,2
85633,Sels,Nott'm Forest,GK,2667,30,0,0,6087,0.0,0.0047,1.4089,0.0,0.207,540,0.0,0.0,1.7017,0.0,0.0,1.2324,1.3984,1.5133,1.7017,0.0,0.32,95.29,0.0,14,952,14.0759,0.0,0.0,10.209999999999999,0,0,103,17.1667,30
475123,C.Miguel,Nott'm Forest,GK,0,0,0,0,0,0.0,0.0,0.0,0.0,0.0,0,0.0,0.0,0.0,0.0,0.0,1.2324,1.3984,1.5133,1.7017,0.0,0.0,0.0,0.0,0,0,0.0,0.0,0.0,0.0,0,0,0,0.0,0
224068,Turner,Nott'm Forest,GK,0,0,0,0,0,0.0,0.0,0.0,0.0,0.0,0,0.0,0.0,0.0,0.0,0.0,1.2324,1.3984,1.5133,1.7017,0.0,0.0,0.0,0.0,0,0,0.0,0.0,0.0,0.0,0,0,0,0.0,0
227444,Milenković,Nott'm Forest,DEF,3375,37,0,0,6705,0.0655,0.0189,1.395,4.1745,0.0537,495,0.0036,0.04,1.6509,9.6364,0.0,1.2324,1.3984,1.5133,1.7017,4.88,1.4100000000000001,103.93,311.0,4,900,12.0805,0.02,0.22,9.08,53,0,63,11.4545,37
575476,Murillo,Nott'm Forest,DEF,2130,25,0,0,5318,0.0372,0.0274,1.3608,3.774,0.3554,41,0.0,0.0,0.0878,13.1707,0.0,1.2324,1.3984,1.5133,1.7017,2.2,1.6199999999999999,80.41,223.0,21,874,14.7913,0.0,0.0,0.04,6,0,8,17.561,25
159506,Aina,Nott'm Forest,DEF,1587,18,0,0,4583,0.0204,0.0607,1.2941,2.5529,0.3928,180,0.025,0.01,0.53,6.5,0.0,1.2324,1.3984,1.5133,1.7017,1.04,3.0900000000000003,65.9,130.0,20,747,14.6694,0.05,0.02,1.06,13,0,40,20.0,18
215136,N.Williams,Nott'm Forest,DEF,3203,36,0,0,5791,0.0668,0.0856,1.3965,3.8387,0.3575,495,0.0382,0.0655,1.7945,7.6364,0.0,1.2324,1.3984,1.5133,1.7017,4.3,5.51,89.86,247.0,23,966,15.013,0.21000000000000002,0.36,9.87,42,0,57,10.3636,36
451432,David Carmo,Nott'm Forest,DEF,0,0,0,0,0,0.0,0.0,0.0,0.0,0.0,0,0.0,0.0,0.0,0.0,0.0,1.2324,1.3984,1.5133,1.7017,0.0,0.0,0.0,0.0,0,0,0.0,0.0,0.0,0.0,0,0,0,0.0,0
575458,Jair Cunha,Nott'm Forest,DEF,514,6,0,0,514,0.0473,0.0105,1.8123,8.2296,0.0,300,0.039,0.018,1.47,8.1,0.0,1.2324,1.3984,1.5133,1.7017,0.27,0.060000000000000005,10.35,47.0,0,48,8.4047,0.13,0.060000000000000005,4.9,27,0,30,9.0,6
485047,Morato,Nott'm Forest,DEF,1340,14,0,0,2231,0.0605,0.0073,1.5551,5.8091,0.121,402,0.1097,0.0157,2.1291,9.403,0.0,1.2324,1.3984,1.5133,1.7017,1.5,0.18,38.55,144.0,3,315,12.7073,0.49,0.07,9.51,42,0,45,10.0746,14
204822,O.Richards,Nott'm Forest,DEF,0,0,0,0,0,0.0,0.0,0.0,0.0,0.0,0,0.0,0.0,0.0,0.0,0.0,1.2324,1.3984,1.5133,1.7017,0.0,0.0,0.0,0.0,0,0,0.0,0.0,0.0,0.0,0,0,0,0.0,0
549067,Abbott,Nott'm Forest,DEF,165,2,0,0,165,0.0,0.0055,1.8927,7.0909,0.0,45,0.0,0.0,0.68,6.0,0.0,1.2324,1.3984,1.5133,1.7017,0.0,0.01,3.4699999999999998,13.0,0,3,1.6364,0.0,0.0,0.34,3,0,2,4.0,2
90585,Boly,Nott'm Forest,DEF,0,0,0,0,146,0.0432,0.0,1.6521,0.0,0.0,0,0.0,0.0,0.0,0.0,0.0,1.2324,1.3984,1.5133,1.7017,0.07,0.0,2.6799999999999997,0.0,0,26,16.0274,0.0,0.0,0.0,0,0,0,0.0,0
222531,Gibbs-White,Nott'm Forest,MID,3101,35,0,0,5907,0.2608,0.1156,1.3851,2.712,0.5485,378,0.519,0.1786,1.5786,5.9524,1.6667,1.2324,1.3984,1.5133,1.7017,17.12,7.59,90.91,178.0,36,1306,19.8984,2.1799999999999997,0.75,6.63,25,7,186,44.2857,35
209046,Hudson-Odoi,Nott'm Forest,MID,1838,21,0,0,4028,0.1182,0.1242,1.3109,2.3684,0.3352,0,0.0,0.0,0.0,0.0,0.0,1.2324,1.3984,1.5133,1.7017,5.29,5.56,58.67,106.0,15,812,18.143,0.0,0.0,0.0,0,0,0,0.0,21
215379,Anderson,Nott'm Forest,MID,3332,37,0,0,6058,0.074,0.1233,1.3966,7.651,0.3566,469,0.071,0.2226,1.7175,13.4328,1.1514,1.2324,1.3984,1.5133,1.7017,4.98,8.3,94.01,515.0,24,1321,19.6253,0.37,1.1600000000000001,8.950000000000001,70,6,146,28.0171,37
510500,Jota,Nott'm Forest,MID,11,0,0,0,846,0.2266,0.1989,1.3362,0.3191,0.0,0,0.0,0.0,0.0,0.0,0.0,1.2324,1.3984,1.5133,1.7017,2.13,1.87,12.56,3.0,0,218,23.1915,0.0,0.0,0.0,0,0,0,0.0,0
250199,Dominguez,Nott'm Forest,MID,1168,17,0,0,3122,0.0879,0.0677,1.5887,4.1224,0.0865,230,0.1252,0.1291,1.9565,15.6522,0.0,1.2324,1.3984,1.5133,1.7017,3.05,2.35,55.11,143.0,3,521,15.0192,0.32,0.33,4.999999999999999,40,0,58,22.6957,17
243345,O'Brien,Nott'm Forest,MID,0,0,0,0,0,0.0,0.0,0.0,0.0,0.0,0,0.0,0.0,0.0,0.0,0.0,1.2324,1.3984,1.5133,1.7017,0.0,0.0,0.0,0.0,0,0,0.0,0.0,0.0,0.0,0,0,0,0.0,0
210462,Sangaré,Nott'm Forest,MID,2073,25,0,0,2657,0.04,0.0681,1.4084,9.044,0.0677,219,0.0,0.0452,1.3521,16.8493,0.0,1.2324,1.3984,1.5133,1.7017,1.18,2.0100000000000002,41.58,267.0,2,473,16.0218,0.0,0.11,3.29,41,0,38,15.6164,25
204968,Yates,Nott'm Forest,MID,602,2,0,0,2503,0.1043,0.0302,1.3088,2.481,0.1079,197,0.1234,0.0822,1.631,12.7919,0.0,1.2324,1.3984,1.5133,1.7017,2.9,0.84,36.4,69.0,3,429,15.4255,0.27,0.18000000000000002,3.5700000000000003,28,0,35,15.9898,2
569014,Da Silva Moreira,Nott'm Forest,MID,0,0,0,0,28,0.0,0.0,0.9964,0.0,0.0,0,0.0,0.0,0.0,0.0,0.0,1.2324,1.3984,1.5133,1.7017,0.0,0.0,0.31,0.0,0,9,28.9286,0.0,0.0,0.0,0,0,0,0.0,0
495161,Stamenic,Nott'm Forest,MID,0,0,0,0,0,0.0,0.0,0.0,0.0,0.0,0,0.0,0.0,0.0,0.0,0.0,1.2324,1.3984,1.5133,1.7017,0.0,0.0,0.0,0.0,0,0,0.0,0.0,0.0,0.0,0,0,0,0.0,0
60689,Wood,Nott'm Forest,FWD,896,11,0,0,3854,0.4136,0.0446,1.2862,0.6772,1.0509,333,0.3541,0.0541,1.5892,4.0541,0.2703,1.2324,1.3984,1.5133,1.7017,17.71,1.9100000000000001,55.08,29.0,45,889,20.7602,1.31,0.2,5.88,15,1,59,15.9459,11
482973,Igor Jesus,Nott'm Forest,FWD,2293,28,0,0,2293,0.2543,0.0495,1.5217,4.8277,0.5102,411,0.3723,0.0219,1.7102,6.5693,1.0949,1.2324,1.3984,1.5133,1.7017,6.4799999999999995,1.26,38.77,123.0,13,407,15.9747,1.7,0.1,7.8100000000000005,30,5,131,28.6861,28
210156,Awoniyi,Nott'm Forest,FWD,480,3,0,0,878,0.5976,0.0912,1.7426,2.6651,0.41,212,0.6835,0.1613,2.2245,4.6698,1.2736,1.2324,1.3984,1.5133,1.7017,5.83,0.89,17.0,26.0,4,259,26.549,1.61,0.38,5.24,11,3,89,37.783,3
456512,Ndoye,Nott'm Forest,MID,1167,14,0,0,1167,0.081,0.1165,1.2308,7.4036,0.3085,0,0.0,0.0,0.0,0.0,0.0,1.2324,1.3984,1.5133,1.7017,1.05,1.51,15.96,96.0,4,178,13.7275,0.0,0.0,0.0,0,0,0,0.0,14
107265,Gunn,Nott'm Forest,GK,45,0,0,0,45,0.0,0.0,0.42,0.0,0.0,0,0.0,0.0,0.0,0.0,0.0,1.2324,1.3984,1.5133,1.7017,0.0,0.0,0.21,0.0,0,4,8.0,0.0,0.0,0.0,0,0,0,0.0,0
503301,Hutchinson,Nott'm Forest,MID,1676,17,0,0,4261,0.1043,0.1337,1.5939,2.7247,0.1901,335,0.0403,0.2257,1.5528,6.1791,0.0,1.2324,1.3984,1.5133,1.7017,4.94,6.33,75.46,129.0,9,681,14.3839,0.15,0.8400000000000001,5.78,23,0,65,17.4627,17
465680,Kalimuendo,Nott'm Forest,FWD,89,0,0,0,89,0.4449,0.0202,1.5876,6.0674,0.0,0,0.0,0.0,0.0,0.0,0.0,1.2324,1.3984,1.5133,1.7017,0.43999999999999995,0.02,1.57,6.0,0,24,24.2697,0.0,0.0,0.0,0,0,0,0.0,0
221389,John,Nott'm Forest,GK,437,5,0,0,437,0.0,0.0,1.2625,0.0,0.0,0,0.0,0.0,0.0,0.0,0.0,1.2324,1.3984,1.5133,1.7017,0.0,0.0,6.13,0.0,0,32,6.5904,0.0,0.0,0.0,0,0,0,0.0,5
500151,Savona,Nott'm Forest,DEF,1025,11,0,0,1025,0.1177,0.0395,1.3206,5.0049,0.0,0,0.0,0.0,0.0,0.0,0.0,1.2324,1.3984,1.5133,1.7017,1.34,0.45,15.04,57.0,0,131,11.5024,0.0,0.0,0.0,0,0,0,0.0,11
560441,Cuiabano,Nott'm Forest,DEF,0,0,0,0,0,0.0,0.0,0.0,0.0,0.0,0,0.0,0.0,0.0,0.0,0.0,1.2324,1.3984,1.5133,1.7017,0.0,0.0,0.0,0.0,0,0,0.0,0.0,0.0,0.0,0,0,0,0.0,0
476887,Bakwa,Nott'm Forest,MID,549,6,0,0,549,0.0885,0.1656,1.7934,5.7377,0.1639,207,0.0174,0.1435,1.8304,3.913,0.4348,1.2324,1.3984,1.5133,1.7017,0.54,1.01,10.94,35.0,1,100,16.3934,0.04,0.33,4.21,9,1,45,19.5652,6
469130,Lucca,Nott'm Forest,FWD,126,1,0,0,126,0.5643,0.0071,1.35,5.0,0.0,7,0.9,0.0,0.2571,25.7143,0.0,1.2324,1.3984,1.5133,1.7017,0.79,0.01,1.89,7.0,0,33,23.5714,0.07,0.0,0.02,2,0,-1,-12.8571,1
470315,Netz,Nott'm Forest,DEF,353,3,0,0,353,0.0,0.1045,2.0065,6.8839,0.0,305,0.0,0.0148,2.3075,7.6721,0.0,1.2324,1.3984,1.5133,1.7017,0.0,0.41,7.87,27.0,0,33,8.4136,0.0,0.05,7.82,26,0,25,7.377,3
568159,Whitehall,Nott'm Forest,MID,0,0,0,0,0,0.0,0.0,0.0,0.0,0.0,0,0.0,0.0,0.0,0.0,0.0,1.2324,1.3984,1.5133,1.7017,0.0,0.0,0.0,0.0,0,0,0.0,0.0,0.0,0.0,0,0,0,0.0,0
590040,Sinclair,Nott'm Forest,MID,0,0,0,0,0,0.0,0.0,0.0,0.0,0.0,0,0.0,0.0,0.0,0.0,0.0,1.2324,1.3984,1.5133,1.7017,0.0,0.0,0.0,0.0,0,0,0.0,0.0,0.0,0.0,0,0,0,0.0,0
687076,Sillah,Nott'm Forest,FWD,0,0,0,0,0,0.0,0.0,0.0,0.0,0.0,0,0.0,0.0,0.0,0.0,0.0,1.2324,1.3984,1.5133,1.7017,0.0,0.0,0.0,0.0,0,0,0.0,0.0,0.0,0.0,0,0,0,0.0,0
232571,Patterson,Sunderland,GK,0,0,0,0,0,0.0,0.0,0.0,0.0,0.0,0,0.0,0.0,0.0,0.0,0.0,1.0126,1.425,1.16,1.3683,0.0,0.0,0.0,0.0,0,0,0.0,0.0,0.0,0.0,0,0,0,0.0,0
74854,Moore,Sunderland,GK,0,0,0,0,0,0.0,0.0,0.0,0.0,0.0,0,0.0,0.0,0.0,0.0,0.0,1.0126,1.425,1.16,1.3683,0.0,0.0,0.0,0.0,0,0,0.0,0.0,0.0,0.0,0,0,0,0.0,0
490000,Nna Noukeu,Sunderland,GK,0,0,0,0,0,0.0,0.0,0.0,0.0,0.0,0,0.0,0.0,0.0,0.0,0.0,1.0126,1.425,1.16,1.3683,0.0,0.0,0.0,0.0,0,0,0.0,0.0,0.0,0.0,0,0,0,0.0,0
223827,Ballard,Sunderland,DEF,2144,24,0,0,2144,0.1033,0.0264,1.3937,11.0821,0.3778,140,0.0257,0.0321,1.3371,6.4286,0.0,1.0126,1.425,1.16,1.3683,2.46,0.63,33.2,264.0,9,340,14.2724,0.04,0.05,2.08,10,0,-23,-14.7857,24
487676,Hume,Sunderland,DEF,3032,34,0,0,3032,0.0674,0.0609,1.4031,6.0257,0.1781,445,0.0728,0.0829,1.0942,5.0562,0.0,1.0126,1.425,1.16,1.3683,2.27,2.05,47.269999999999996,203.0,6,383,11.3687,0.36,0.41000000000000003,5.41,25,0,70,14.1573,34
220684,Alese,Sunderland,DEF,0,0,0,0,0,0.0,0.0,0.0,0.0,0.0,0,0.0,0.0,0.0,0.0,0.0,1.0126,1.425,1.16,1.3683,0.0,0.0,0.0,0.0,0,0,0.0,0.0,0.0,0.0,0,0,0,0.0,0
232820,Anderson,Sunderland,DEF,0,0,0,0,0,0.0,0.0,0.0,0.0,0.0,0,0.0,0.0,0.0,0.0,0.0,1.0126,1.425,1.16,1.3683,0.0,0.0,0.0,0.0,0,0,0.0,0.0,0.0,0.0,0,0,0,0.0,0
461195,Cirkin,Sunderland,DEF,319,3,0,0,319,0.0226,0.0056,1.831,7.8997,0.0,18,0.0,0.0,2.25,10.0,0.0,1.0126,1.425,1.16,1.3683,0.08,0.02,6.49,28.0,0,43,12.1317,0.0,0.0,0.45,2,0,-1,-5.0,3
477547,Hjelde,Sunderland,DEF,0,0,0,0,0,0.0,0.0,0.0,0.0,0.0,0,0.0,0.0,0.0,0.0,0.0,1.0126,1.425,1.16,1.3683,0.0,0.0,0.0,0.0,0,0,0.0,0.0,0.0,0.0,0,0,0,0.0,0
492066,Huggins,Sunderland,DEF,0,0,0,0,0,0.0,0.0,0.0,0.0,0.0,0,0.0,0.0,0.0,0.0,0.0,1.0126,1.425,1.16,1.3683,0.0,0.0,0.0,0.0,0,0,0.0,0.0,0.0,0.0,0,0,0,0.0,0
514613,Johnson,Sunderland,DEF,0,0,0,0,0,0.0,0.0,0.0,0.0,0.0,0,0.0,0.0,0.0,0.0,0.0,1.0126,1.425,1.16,1.3683,0.0,0.0,0.0,0.0,0,0,0.0,0.0,0.0,0.0,0,0,0,0.0,0
167512,O'Nien,Sunderland,DEF,565,5,0,0,565,0.0239,0.0207,1.4719,6.8496,0.1593,247,0.0474,0.0073,1.7271,8.0162,0.3644,1.0126,1.425,1.16,1.3683,0.15000000000000002,0.13,9.24,43.0,1,90,14.3363,0.13,0.02,4.74,22,1,34,12.3887,5
465702,Pembele,Sunderland,DEF,0,0,0,0,0,0.0,0.0,0.0,0.0,0.0,0,0.0,0.0,0.0,0.0,0.0,1.0126,1.425,1.16,1.3683,0.0,0.0,0.0,0.0,0,0,0.0,0.0,0.0,0.0,0,0,0,0.0,0
434399,Reinildo,Sunderland,DEF,1966,23,0,0,1966,0.006,0.0284,1.2232,7.5076,0.2747,448,0.0,0.0281,1.1752,6.6295,0.0,1.0126,1.425,1.16,1.3683,0.13,0.62,26.72,164.0,6,281,12.8637,0.0,0.13999999999999999,5.85,33,0,69,13.8616,23
519634,Seelt,Sunderland,DEF,133,1,0,0,133,0.0,0.0068,0.9,8.1203,0.0,0,0.0,0.0,0.0,0.0,0.0,1.0126,1.425,1.16,1.3683,0.0,0.01,1.33,12.0,0,11,7.4436,0.0,0.0,0.0,0,0,0,0.0,1
535818,Adingra,Sunderland,MID,649,9,0,0,1730,0.1467,0.1743,1.5732,2.341,0.1561,0,0.0,0.0,0.0,0.0,0.0,1.0126,1.425,1.16,1.3683,2.8200000000000003,3.35,30.240000000000002,45.0,3,288,14.9827,0.0,0.0,0.0,0,0,0,0.0,9
547027,Diarra,Sunderland,MID,1403,15,0,0,1403,0.2098,0.0545,1.3805,5.0677,0.1924,214,0.3911,0.1262,2.0313,6.729,0.0,1.0126,1.425,1.16,1.3683,3.27,0.85,21.52,79.0,3,209,13.407,0.93,0.3,4.83,16,0,34,14.2991,15
124165,Roberts,Sunderland,MID,27,0,0,0,27,0.1,0.0667,2.2,3.3333,0.0,0,0.0,0.0,0.0,0.0,0.0,1.0126,1.425,1.16,1.3683,0.03,0.02,0.66,1.0,0,4,13.3333,0.0,0.0,0.0,0,0,0,0.0,0
626844,Aleksić,Sunderland,MID,0,0,0,0,0,0.0,0.0,0.0,0.0,0.0,0,0.0,0.0,0.0,0.0,0.0,1.0126,1.425,1.16,1.3683,0.0,0.0,0.0,0.0,0,0,0.0,0.0,0.0,0.0,0,0,0,0.0,0
484420,E.Le Fée,Sunderland,MID,2930,33,0,0,2930,0.1603,0.1828,1.4283,9.7986,0.4915,540,0.1067,0.3483,1.3683,10.1667,1.3333,1.0126,1.425,1.16,1.3683,5.22,5.95,46.5,319.0,16,621,19.0751,0.64,2.09,8.209999999999999,61,8,159,26.5,33
461199,Mundle,Sunderland,MID,399,2,0,0,399,0.1962,0.1083,1.9263,7.4436,0.0,0,0.0,0.0,0.0,0.0,0.0,1.0126,1.425,1.16,1.3683,0.87,0.48,8.54,33.0,0,42,9.4737,0.0,0.0,0.0,0,0,0,0.0,2
223336,Neil,Sunderland,MID,13,0,0,0,13,0.0,0.0,4.4308,13.8462,0.0,0,0.0,0.0,0.0,0.0,0.0,1.0126,1.425,1.16,1.3683,0.0,0.0,0.64,2.0,0,10,69.2308,0.0,0.0,0.0,0,0,0,0.0,0
215460,Poveda,Sunderland,MID,0,0,0,0,0,0.0,0.0,0.0,0.0,0.0,0,0.0,0.0,0.0,0.0,0.0,1.0126,1.425,1.16,1.3683,0.0,0.0,0.0,0.0,0,0,0.0,0.0,0.0,0.0,0,0,0,0.0,0
554197,Rigg,Sunderland,MID,758,11,0,0,758,0.1021,0.1104,1.4794,6.7678,0.1187,121,0.1562,0.0595,2.4694,5.2066,0.0,1.0126,1.425,1.16,1.3683,0.86,0.9299999999999999,12.46,57.0,1,136,16.1478,0.21000000000000002,0.08,3.3200000000000003,7,0,46,34.2149,11
577669,Sadiki,Sunderland,MID,2891,33,0,0,2891,0.0445,0.0455,1.2885,7.7205,0.0,507,0.1136,0.071,1.2888,7.1006,0.0,1.0126,1.425,1.16,1.3683,1.43,1.46,41.39,248.0,0,410,12.7637,0.64,0.4,7.26,40,0,72,12.7811,33
549912,Talbi,Sunderland,MID,1553,16,0,0,1553,0.1234,0.0684,1.29,5.3316,0.3477,225,0.056,0.084,1.488,4.8,0.0,1.0126,1.425,1.16,1.3683,2.13,1.1800000000000002,22.26,92.0,6,248,14.3722,0.14,0.21000000000000002,3.7199999999999998,12,0,17,6.8,16
477851,Ba,Sunderland,MID,0,0,0,0,0,0.0,0.0,0.0,0.0,0.0,0,0.0,0.0,0.0,0.0,0.0,1.0126,1.425,1.16,1.3683,0.0,0.0,0.0,0.0,0,0,0.0,0.0,0.0,0.0,0,0,0,0.0,0
171422,Browne,Sunderland,MID,0,0,0,0,0,0.0,0.0,0.0,0.0,0.0,0,0.0,0.0,0.0,0.0,0.0,1.0126,1.425,1.16,1.3683,0.0,0.0,0.0,0.0,0,0,0.0,0.0,0.0,0.0,0,0,0,0.0,0
458297,Ekwah,Sunderland,MID,0,0,0,0,0,0.0,0.0,0.0,0.0,0.0,0,0.0,0.0,0.0,0.0,0.0,1.0126,1.425,1.16,1.3683,0.0,0.0,0.0,0.0,0,0,0.0,0.0,0.0,0.0,0,0,0,0.0,0
547410,H.Jones,Sunderland,MID,0,0,0,0,0,0.0,0.0,0.0,0.0,0.0,0,0.0,0.0,0.0,0.0,0.0,1.0126,1.425,1.16,1.3683,0.0,0.0,0.0,0.0,0,0,0.0,0.0,0.0,0.0,0,0,0,0.0,0
493837,Matete,Sunderland,MID,0,0,0,0,0,0.0,0.0,0.0,0.0,0.0,0,0.0,0.0,0.0,0.0,0.0,1.0126,1.425,1.16,1.3683,0.0,0.0,0.0,0.0,0,0,0.0,0.0,0.0,0.0,0,0,0,0.0,0
500696,Triantis,Sunderland,MID,0,0,0,0,0,0.0,0.0,0.0,0.0,0.0,0,0.0,0.0,0.0,0.0,0.0,1.0126,1.425,1.16,1.3683,0.0,0.0,0.0,0.0,0,0,0.0,0.0,0.0,0.0,0,0,0,0.0,0
437505,Isidor,Sunderland,FWD,1148,11,0,0,1148,0.3685,0.0298,1.5538,3.9983,0.5488,91,0.9593,0.2077,1.8593,6.9231,0.0,1.0126,1.425,1.16,1.3683,4.7,0.38,19.82,51.0,7,266,20.8537,0.97,0.21000000000000002,1.8800000000000001,7,0,70,69.2308,11
564406,Mayenda,Sunderland,FWD,751,8,0,0,751,0.2553,0.0264,1.5507,3.1158,0.5992,1,0.0,0.0,24.3,0.0,0.0,1.0126,1.425,1.16,1.3683,2.13,0.22,12.94,26.0,5,124,14.8602,0.0,0.0,0.27,0,0,3,270.0,8
611975,Abdullahi,Sunderland,FWD,0,0,0,0,0,0.0,0.0,0.0,0.0,0.0,0,0.0,0.0,0.0,0.0,0.0,1.0126,1.425,1.16,1.3683,0.0,0.0,0.0,0.0,0,0,0.0,0.0,0.0,0.0,0,0,0,0.0,0
551153,Luís Hemir,Sunderland,FWD,0,0,0,0,0,0.0,0.0,0.0,0.0,0.0,0,0.0,0.0,0.0,0.0,0.0,1.0126,1.425,1.16,1.3683,0.0,0.0,0.0,0.0,0,0,0.0,0.0,0.0,0.0,0,0,0,0.0,0
440955,Rusyn,Sunderland,FWD,0,0,0,0,0,0.0,0.0,0.0,0.0,0.0,0,0.0,0.0,0.0,0.0,0.0,1.0126,1.425,1.16,1.3683,0.0,0.0,0.0,0.0,0,0,0.0,0.0,0.0,0.0,0,0,0,0.0,0
84450,Xhaka,Sunderland,MID,2901,32,0,0,2901,0.0313,0.1157,1.4172,11.2306,0.2482,540,0.03,0.21,1.3683,10.8333,0.5,1.0126,1.425,1.16,1.3683,1.01,3.73,45.68,362.0,8,603,18.7073,0.18,1.26,8.209999999999999,65,3,105,17.5,32
498016,Roefs,Sunderland,GK,3150,35,0,0,3150,0.0,0.0029,1.43,0.0,0.3429,540,0.0,0.0,1.3683,0.0,0.0,1.0126,1.425,1.16,1.3683,0.0,0.1,50.05,0.0,12,573,16.3714,0.0,0.0,8.209999999999999,0,0,57,9.5,35
105717,Masuaku,Sunderland,DEF,125,2,0,0,125,0.0504,0.0576,1.5048,7.2,0.0,0,0.0,0.0,0.0,0.0,0.0,1.0126,1.425,1.16,1.3683,0.07,0.08,2.09,10.0,0,4,2.88,0.0,0.0,0.0,0,0,0,0.0,2
201895,Alderete,Sunderland,DEF,2797,32,0,0,2797,0.0521,0.0293,1.4325,10.0393,0.1609,354,0.0636,0.0102,1.3551,8.6441,0.0,1.0126,1.425,1.16,1.3683,1.6199999999999999,0.91,44.519999999999996,312.0,5,400,12.8709,0.25,0.04,5.33,34,0,19,4.8305,32
200834,Mukiele,Sunderland,DEF,2784,32,0,0,2784,0.0524,0.0857,1.4454,8.8254,0.3556,540,0.0567,0.0967,1.3683,7.1667,0.1667,1.0126,1.425,1.16,1.3683,1.62,2.65,44.71,273.0,11,489,15.8082,0.34,0.58,8.209999999999999,43,1,57,9.5,32
247955,Geertruida,Sunderland,DEF,1681,17,0,0,1681,0.0423,0.0455,1.6554,6.05,0.0,270,0.0967,0.0333,0.85,4.0,0.0,1.0126,1.425,1.16,1.3683,0.79,0.85,30.919999999999998,113.0,0,231,12.3676,0.29,0.1,2.5500000000000003,12,0,41,13.6667,17
441264,Brobbey,Sunderland,FWD,1920,22,0,0,1920,0.2822,0.0314,1.4719,3.4688,0.5625,470,0.2987,0.0402,1.2466,2.6809,0.1915,1.0126,1.425,1.16,1.3683,6.0200000000000005,0.67,31.4,74.0,12,309,14.4844,1.56,0.21,6.51,14,1,60,11.4894,22
110504,Traoré,Sunderland,MID,634,9,0,0,634,0.0681,0.0355,1.3826,5.6782,0.142,0,0.0,0.0,0.0,0.0,0.0,1.0126,1.425,1.16,1.3683,0.48,0.25,9.74,40.0,1,118,16.7508,0.0,0.0,0.0,0,0,0,0.0,9
232356,Jenson Jones,Sunderland,DEF,0,0,0,0,0,0.0,0.0,0.0,0.0,0.0,0,0.0,0.0,0.0,0.0,0.0,1.0126,1.425,1.16,1.3683,0.0,0.0,0.0,0.0,0,0,0.0,0.0,0.0,0.0,0,0,0,0.0,0
604211,Tutierov,Sunderland,MID,0,0,0,0,0,0.0,0.0,0.0,0.0,0.0,0,0.0,0.0,0.0,0.0,0.0,1.0126,1.425,1.16,1.3683,0.0,0.0,0.0,0.0,0,0,0.0,0.0,0.0,0.0,0,0,0,0.0,0
699989,Jocelin.T,Sunderland,MID,38,1,0,0,38,0.0,0.0947,0.5684,7.1053,0.0,0,0.0,0.0,0.0,0.0,0.0,1.0126,1.425,1.16,1.3683,0.0,0.04,0.24,3.0,0,4,9.4737,0.0,0.0,0.0,0,0,0,0.0,1
515046,Ellborg,Sunderland,GK,270,3,0,0,270,0.0,0.0067,1.3667,0.0,1.0,0,0.0,0.0,0.0,0.0,0.0,1.0126,1.425,1.16,1.3683,0.0,0.02,4.1,0.0,3,62,20.6667,0.0,0.0,0.0,0,0,0,0.0,3
536661,Angulo,Sunderland,MID,401,5,0,0,401,0.1728,0.0269,1.6294,7.8554,0.0,147,0.1714,0.0245,0.9857,7.3469,0.0,1.0126,1.425,1.16,1.3683,0.77,0.12,7.26,35.0,0,43,9.6509,0.28,0.04,1.61,12,0,16,9.7959,5
570929,Whittaker,Sunderland,MID,0,0,0,0,0,0.0,0.0,0.0,0.0,0.0,0,0.0,0.0,0.0,0.0,0.0,1.0126,1.425,1.16,1.3683,0.0,0.0,0.0,0.0,0,0,0.0,0.0,0.0,0.0,0,0,0,0.0,0
571087,Jones,Sunderland,MID,0,0,0,0,0,0.0,0.0,0.0,0.0,0.0,0,0.0,0.0,0.0,0.0,0.0,1.0126,1.425,1.16,1.3683,0.0,0.0,0.0,0.0,0,0,0.0,0.0,0.0,0.0,0,0,0,0.0,0
184254,Vicario,Spurs,GK,2790,31,0,0,4950,0.0,0.0007,1.4511,0.0,0.1455,0,0.0,0.0,0.0,0.0,0.0,1.3353,1.5064,1.1983,0.7033,0.0,0.04,79.81,0.0,8,705,12.8182,0.0,0.0,0.0,0,0,0,0.0,31
214572,Austin,Spurs,GK,0,0,0,0,90,0.0,0.0,2.53,0.0,0.0,0,0.0,0.0,0.0,0.0,0.0,1.3353,1.5064,1.1983,0.7033,0.0,0.0,2.53,0.0,0,7,7.0,0.0,0.0,0.0,0,0,0,0.0,0
485055,Kinsky,Spurs,GK,630,7,0,0,1170,0.0,0.0008,1.3346,0.0,0.0,540,0.0,0.0,0.7033,0.0,0.0,1.3353,1.5064,1.1983,0.7033,0.0,0.01,17.35,0.0,0,162,12.4615,0.0,0.0,4.22,0,0,67,11.1667,7
441164,Pedro Porro,Spurs,DEF,2793,32,0,0,5399,0.0447,0.1514,1.4523,3.634,0.2334,540,0.06,0.1733,0.7033,9.1667,0.6667,1.3353,1.5064,1.1983,0.7033,2.68,9.08,87.12,218.0,14,958,15.9696,0.36,1.04,4.22,55,4,129,21.5,32
221632,Romero,Spurs,DEF,1869,22,0,0,3285,0.0797,0.0564,1.3049,5.3973,0.3562,0,0.0,0.0,0.0,0.0,0.0,1.3353,1.5064,1.1983,0.7033,2.91,2.06,47.63,197.0,13,550,15.0685,0.0,0.0,0.0,0,0,0,0.0,22
135720,Danso,Spurs,DEF,1489,17,0,0,2331,0.0394,0.0154,1.4417,7.4131,0.0386,540,0.055,0.0117,0.7033,10.1667,0.0,1.3353,1.5064,1.1983,0.7033,1.02,0.4,37.339999999999996,192.0,1,323,12.471,0.33,0.07,4.22,61,0,84,14.0,17
115556,Davies,Spurs,DEF,136,2,0,0,1465,0.0467,0.035,1.6526,0.8601,0.0614,0,0.0,0.0,0.0,0.0,0.0,1.3353,1.5064,1.1983,0.7033,0.76,0.5700000000000001,26.9,14.0,1,183,11.2423,0.0,0.0,0.0,0,0,0,0.0,2
493125,Dragusin,Spurs,DEF,515,5,0,0,1765,0.0224,0.0087,2.083,3.8244,0.0,2,0.0,0.0,14.4,225.0,0.0,1.3353,1.5064,1.1983,0.7033,0.44,0.17,40.85,75.0,0,130,6.6289,0.0,0.0,0.32,5,0,8,360.0,5
232859,Spence,Spurs,DEF,2049,23,0,0,3839,0.0347,0.0746,1.5522,2.7195,0.211,243,0.0148,0.0111,0.7852,4.4444,0.7407,1.3353,1.5064,1.1983,0.7033,1.48,3.18,66.21,116.0,9,487,11.417,0.04,0.03,2.12,12,2,51,18.8889,23
487053,Udogie,Spurs,DEF,1335,14,0,0,3258,0.0135,0.0536,1.4483,1.8785,0.0276,406,0.0044,0.0111,0.5675,4.8768,0.2217,1.3353,1.5064,1.1983,0.7033,0.49,1.94,52.43,68.0,1,354,9.779,0.02,0.05,2.56,22,1,53,11.7488,14
491279,Van de Ven,Spurs,DEF,3041,35,0,0,4055,0.0746,0.024,1.2489,4.7053,0.2663,540,0.005,0.0067,0.7033,4.3333,0.0,1.3353,1.5064,1.1983,0.7033,3.3600000000000003,1.0799999999999998,56.27,212.0,12,570,12.651,0.03,0.04,4.22,26,0,84,14.0,35
548308,Phillips,Spurs,DEF,0,0,0,0,0,0.0,0.0,0.0,0.0,0.0,0,0.0,0.0,0.0,0.0,0.0,1.3353,1.5064,1.1983,0.7033,0.0,0.0,0.0,0.0,0,0,0.0,0.0,0.0,0.0,0,0,0,0.0,0
553299,Takai,Spurs,DEF,0,0,0,0,0,0.0,0.0,0.0,0.0,0.0,0,0.0,0.0,0.0,0.0,0.0,1.3353,1.5064,1.1983,0.7033,0.0,0.0,0.0,0.0,0,0,0.0,0.0,0.0,0.0,0,0,0,0.0,0
610799,Vuskovic,Spurs,DEF,0,0,0,0,0,0.0,0.0,0.0,0.0,0.0,0,0.0,0.0,0.0,0.0,0.0,1.3353,1.5064,1.1983,0.7033,0.0,0.0,0.0,0.0,0,0,0.0,0.0,0.0,0.0,0,0,0,0.0,0
85971,Son,Spurs,MID,0,0,0,0,2106,0.3098,0.2124,1.6235,0.0,0.5128,0,0.0,0.0,0.0,0.0,0.0,1.3353,1.5064,1.1983,0.7033,7.25,4.97,37.99,0.0,12,543,23.2051,0.0,0.0,0.0,0,0,0,0.0,0
172780,Maddison,Spurs,MID,34,0,0,0,1833,0.2823,0.2936,1.6223,0.2455,0.7365,34,0.5559,0.1588,1.7206,13.2353,0.0,1.3353,1.5064,1.1983,0.7033,5.75,5.98,33.04,5.0,15,597,29.3126,0.21,0.06,0.65,5,0,5,13.2353,0
460842,Kudus,Spurs,MID,1535,19,0,0,4124,0.194,0.1109,1.4447,2.9025,0.2619,0,0.0,0.0,0.0,0.0,0.0,1.3353,1.5064,1.1983,0.7033,8.89,5.08,66.2,133.0,12,630,13.7488,0.0,0.0,0.0,0,0,0,0.0,19
445044,Kulusevski,Spurs,MID,0,0,0,0,2386,0.1531,0.152,1.599,0.0,0.3395,0,0.0,0.0,0.0,0.0,0.0,1.3353,1.5064,1.1983,0.7033,4.0600000000000005,4.03,42.39,0.0,9,426,16.0687,0.0,0.0,0.0,0,0,0,0.0,0
511499,Tel,Spurs,MID,1334,13,0,0,2242,0.218,0.1598,1.3921,4.4558,0.3613,414,0.0783,0.2261,0.6739,7.1739,0.4348,1.3353,1.5064,1.1983,0.7033,5.43,3.98,34.68,111.0,9,417,16.7395,0.36,1.04,3.1,33,2,68,14.7826,13
202993,Bentancur,Spurs,MID,1880,23,0,0,3520,0.0532,0.0476,1.2917,7.108,0.1278,473,0.0514,0.0304,0.5879,13.5095,0.1903,1.3353,1.5064,1.1983,0.7033,2.08,1.86,50.52,278.0,5,659,16.8494,0.27,0.16,3.09,71,1,97,18.4567,23
570526,Bergvall,Spurs,MID,955,11,0,0,2155,0.081,0.0522,1.5866,3.2993,0.0,51,0.0882,0.0,1.9412,10.5882,0.0,1.3353,1.5064,1.1983,0.7033,1.94,1.25,37.99,79.0,0,379,15.8283,0.05,0.0,1.1,6,0,25,44.1176,11
227127,Bissouma,Spurs,MID,600,7,0,0,1996,0.0451,0.0262,1.74,3.3367,0.1804,140,0.0,0.0129,0.6364,4.5,0.0,1.3353,1.5064,1.1983,0.7033,1.0,0.58,38.59,74.0,4,357,16.0972,0.0,0.02,0.99,7,0,11,7.0714,7
550839,Odobert,Spurs,MID,972,10,0,0,1815,0.176,0.0977,1.5139,3.8182,0.4463,0,0.0,0.0,0.0,0.0,0.0,1.3353,1.5064,1.1983,0.7033,3.55,1.97,30.53,77.0,9,268,13.2893,0.0,0.0,0.0,0,0,0,0.0,10
235674,Solomon,Spurs,MID,0,0,0,0,0,0.0,0.0,0.0,0.0,0.0,0,0.0,0.0,0.0,0.0,0.0,1.3353,1.5064,1.1983,0.7033,0.0,0.0,0.0,0.0,0,0,0.0,0.0,0.0,0.0,0,0,0,0.0,0
436234,Bryan,Spurs,MID,0,0,0,0,0,0.0,0.0,0.0,0.0,0.0,0,0.0,0.0,0.0,0.0,0.0,1.3353,1.5064,1.1983,0.7033,0.0,0.0,0.0,0.0,0,0,0.0,0.0,0.0,0.0,0,0,0,0.0,0
547701,Gray,Spurs,MID,1471,18,0,0,3221,0.0428,0.0414,1.736,3.6883,0.1676,41,0.0878,0.0,1.361,6.5854,0.0,1.3353,1.5064,1.1983,0.7033,1.53,1.48,62.13,132.0,6,490,13.6914,0.04,0.0,0.62,3,0,8,17.561,18
499721,Moore,Spurs,MID,0,0,0,0,359,0.0501,0.1404,1.7223,0.0,0.0,0,0.0,0.0,0.0,0.0,0.0,1.3353,1.5064,1.1983,0.7033,0.2,0.56,6.87,0.0,0,51,12.7855,0.0,0.0,0.0,0,0,0,0.0,0
482442,P.M.Sarr,Spurs,MID,1388,13,0,0,3289,0.1464,0.0517,1.7253,5.0076,0.1642,39,0.3,0.0692,1.0615,6.9231,0.0,1.3353,1.5064,1.1983,0.7033,5.35,1.89,63.05,183.0,6,678,18.5528,0.13,0.03,0.45999999999999996,3,0,20,46.1538,13
623095,Min-hyeok,Spurs,MID,0,0,0,0,0,0.0,0.0,0.0,0.0,0.0,0,0.0,0.0,0.0,0.0,0.0,1.3353,1.5064,1.1983,0.7033,0.0,0.0,0.0,0.0,0,0,0.0,0.0,0.0,0.0,0,0,0,0.0,0
499726,Olusesi,Spurs,MID,14,0,0,0,14,0.0,0.0643,4.8214,12.8571,0.0,0,0.0,0.0,0.0,0.0,0.0,1.3353,1.5064,1.1983,0.7033,0.0,0.01,0.75,2.0,0,3,19.2857,0.0,0.0,0.0,0,0,0,0.0,0
154566,Solanke,Spurs,FWD,997,11,0,0,3196,0.3903,0.0414,1.6316,1.9994,0.3098,129,0.0349,0.0837,0.6628,9.7674,0.0,1.3353,1.5064,1.1983,0.7033,13.86,1.47,57.94,71.0,11,591,16.6427,0.05,0.12,0.95,14,0,20,13.9535,11
212319,Richarlison,Spurs,FWD,1954,20,0,0,2451,0.4535,0.0756,1.2092,5.3978,0.6242,392,0.489,0.0436,0.6819,5.7398,0.9184,1.3353,1.5064,1.1983,0.7033,12.35,2.06,32.93,147.0,17,643,23.6108,2.13,0.19,2.9699999999999998,25,4,79,18.1378,20
552427,Lankshear,Spurs,FWD,0,0,0,0,10,0.0,0.0,0.18,0.0,0.0,0,0.0,0.0,0.0,0.0,0.0,1.3353,1.5064,1.1983,0.7033,0.0,0.0,0.02,0.0,0,7,63.0,0.0,0.0,0.0,0,0,0,0.0,0
490145,Scarlett,Spurs,FWD,7,0,0,0,38,0.0947,0.0237,2.0368,2.3684,0.0,0,0.0,0.0,0.0,0.0,0.0,1.3353,1.5064,1.1983,0.7033,0.04,0.01,0.8600000000000001,1.0,0,25,59.2105,0.0,0.0,0.0,0,0,0,0.0,0
154296,J.Palhinha,Spurs,MID,2192,23,0,0,2192,0.1117,0.0267,1.3385,12.3996,0.698,389,0.3216,0.0231,0.7681,12.4936,1.3882,1.3353,1.5064,1.1983,0.7033,2.7199999999999998,0.65,32.6,302.0,17,518,21.2682,1.39,0.1,3.3200000000000003,54,6,118,27.3008,23
493362,Xavi,Spurs,MID,1747,19,0,0,1747,0.1576,0.1983,1.5821,7.676,0.3606,152,0.4441,0.1776,0.6395,4.7368,1.1842,1.3353,1.5064,1.1983,0.7033,3.06,3.85,30.709999999999997,149.0,7,345,17.7733,0.75,0.30000000000000004,1.08,8,2,43,25.4605,19
247693,Kolo Muani,Spurs,FWD,1655,21,0,0,1655,0.1126,0.0886,1.3726,6.1994,0.0544,342,0.0947,0.0763,0.7026,5.5263,0.0,1.3353,1.5064,1.1983,0.7033,2.07,1.6300000000000001,25.240000000000002,114.0,1,150,8.1571,0.36000000000000004,0.29000000000000004,2.67,21,0,22,5.7895,21
640419,Byfield,Spurs,DEF,1,0,0,0,1,0.0,0.0,0.0,0.0,0.0,0,0.0,0.0,0.0,0.0,0.0,1.3353,1.5064,1.1983,0.7033,0.0,0.0,0.0,0.0,0,3,270.0,0.0,0.0,0.0,0,0,0,0.0,0
499716,Rowswell,Spurs,DEF,1,0,0,0,1,0.0,0.0,32.4,0.0,0.0,0,0.0,0.0,0.0,0.0,0.0,1.3353,1.5064,1.1983,0.7033,0.0,0.0,0.36,0.0,0,3,270.0,0.0,0.0,0.0,0,0,0,0.0,0
590035,Akhamrich,Spurs,MID,0,0,0,0,0,0.0,0.0,0.0,0.0,0.0,0,0.0,0.0,0.0,0.0,0.0,1.3353,1.5064,1.1983,0.7033,0.0,0.0,0.0,0.0,0,0,0.0,0.0,0.0,0.0,0,0,0,0.0,0
611917,Williams-Barnett,Spurs,MID,0,0,0,0,0,0.0,0.0,0.0,0.0,0.0,0,0.0,0.0,0.0,0.0,0.0,1.3353,1.5064,1.1983,0.7033,0.0,0.0,0.0,0.0,0,0,0.0,0.0,0.0,0.0,0,0,0,0.0,0
232787,Gallagher,Spurs,MID,1183,14,0,0,1183,0.0936,0.0533,1.4478,9.4336,0.2282,516,0.1169,0.0314,0.6262,10.1163,0.5233,1.3353,1.5064,1.1983,0.7033,1.23,0.7,19.03,124.0,3,211,16.0524,0.67,0.18,3.59,58,3,100,17.4419,14
616221,Souza,Spurs,DEF,142,2,0,0,142,0.0127,0.019,1.6542,3.8028,0.0,0,0.0,0.0,0.0,0.0,0.0,1.3353,1.5064,1.1983,0.7033,0.02,0.03,2.6100000000000003,6.0,0,0,0.0,0.0,0.0,0.0,0,0,0,0.0,2
536134,Kyerematen,Spurs,MID,0,0,0,0,0,0.0,0.0,0.0,0.0,0.0,0,0.0,0.0,0.0,0.0,0.0,1.3353,1.5064,1.1983,0.7033,0.0,0.0,0.0,0.0,0,0,0.0,0.0,0.0,0.0,0,0,0,0.0,0
613232,Wilson,Spurs,FWD,0,0,0,0,0,0.0,0.0,0.0,0.0,0.0,0,0.0,0.0,0.0,0.0,0.0,1.3353,1.5064,1.1983,0.7033,0.0,0.0,0.0,0.0,0,0,0.0,0.0,0.0,0.0,0,0,0,0.0,0
159533,Adama,West Ham,MID,376,1,0,0,2132,0.2026,0.2187,1.4163,0.7598,0.3377,16,0.0,0.0562,0.7875,5.625,0.0,1.2478,1.5768,1.24,1.4917,4.8,5.18,33.55,18.0,8,458,19.334,0.0,0.01,0.14,1,0,3,16.875,1
84182,Areola,West Ham,GK,1800,20,0,0,4059,0.0,0.0,1.6204,0.0,0.0665,0,0.0,0.0,0.0,0.0,0.0,1.2478,1.5768,1.24,1.4917,0.0,0.0,73.08,0.0,3,481,10.6652,0.0,0.0,0.0,0,0,0,0.0,20
82143,Foderingham,West Ham,GK,0,0,0,0,0,0.0,0.0,0.0,0.0,0.0,0,0.0,0.0,0.0,0.0,0.0,1.2478,1.5768,1.24,1.4917,0.0,0.0,0.0,0.0,0,0,0.0,0.0,0.0,0.0,0,0,0,0.0,0
483364,Hegyi,West Ham,GK,0,0,0,0,0,0.0,0.0,0.0,0.0,0.0,0,0.0,0.0,0.0,0.0,0.0,1.2478,1.5768,1.24,1.4917,0.0,0.0,0.0,0.0,0,0,0.0,0.0,0.0,0.0,0,0,0,0.0,0
613804,Diouf,West Ham,DEF,2706,30,0,0,2706,0.019,0.0835,1.4518,6.8182,0.0998,523,0.0138,0.1101,1.5161,5.8509,0.0,1.2478,1.5768,1.24,1.4917,0.5700000000000001,2.5100000000000002,43.65,205.0,3,381,12.6718,0.08,0.64,8.809999999999999,34,0,93,16.0038,30
109533,Emerson,West Ham,DEF,0,0,0,0,2108,0.0833,0.0935,1.6015,0.0,0.1708,0,0.0,0.0,0.0,0.0,0.0,1.2478,1.5768,1.24,1.4917,1.95,2.19,37.51,0.0,4,219,9.3501,0.0,0.0,0.0,0,0,0,0.0,0
214048,Kilman,West Ham,DEF,1559,17,0,0,4907,0.0387,0.0264,1.7055,2.9346,0.0917,0,0.0,0.0,0.0,0.0,0.0,1.2478,1.5768,1.24,1.4917,2.11,1.44,92.99,160.0,5,475,8.712,0.0,0.0,0.0,0,0,0,0.0,17
233963,Mavropanos,West Ham,DEF,2532,27,0,0,4567,0.0804,0.0215,1.5399,6.1682,0.1774,540,0.035,0.0183,1.4917,10.8333,0.0,1.2478,1.5768,1.24,1.4917,4.08,1.09,78.14,313.0,9,620,12.2181,0.21,0.11,8.95,65,0,91,15.1667,27
210494,N.Aguerd,West Ham,DEF,180,2,0,0,180,0.05,0.015,1.71,7.5,0.0,0,0.0,0.0,0.0,0.0,0.0,1.2478,1.5768,1.24,1.4917,0.1,0.03,3.4200000000000004,15.0,0,-1,-0.5,0.0,0.0,0.0,0,0,0,0.0,2
536109,Scarles,West Ham,DEF,656,9,0,0,1315,0.0198,0.0342,1.6084,5.0646,0.1369,2,0.0,0.0,4.5,90.0,0.0,1.2478,1.5768,1.24,1.4917,0.29000000000000004,0.5,23.5,74.0,2,186,12.73,0.0,0.0,0.1,2,0,2,90.0,9
462116,Todibo,West Ham,DEF,1817,22,0,0,3641,0.0151,0.0094,1.5718,4.0785,0.0494,116,0.0,0.0078,1.606,5.431,0.0,1.2478,1.5768,1.24,1.4917,0.61,0.38,63.59,165.0,2,393,9.7144,0.0,0.01,2.07,7,0,-1,-0.7759,22
214590,Wan-Bissaka,West Ham,DEF,2080,23,0,0,5234,0.0203,0.0645,1.5887,2.992,0.2579,177,0.0,0.0356,1.1847,5.5932,0.0,1.2478,1.5768,1.24,1.4917,1.18,3.75,92.39,174.0,15,699,12.0195,0.0,0.07,2.33,11,0,13,6.6102,23
518438,Casey,West Ham,DEF,0,0,0,0,1,0.0,0.0,8.1,0.0,0.0,0,0.0,0.0,0.0,0.0,0.0,1.2478,1.5768,1.24,1.4917,0.0,0.0,0.09,0.0,0,3,270.0,0.0,0.0,0.0,0,0,0,0.0,0
224024,L.Paquetá,West Ham,MID,1513,18,0,0,3887,0.1901,0.1241,1.5638,3.3805,0.301,0,0.0,0.0,0.0,0.0,0.0,1.2478,1.5768,1.24,1.4917,8.21,5.36,67.54,146.0,13,666,15.4206,0.0,0.0,0.0,0,0,0,0.0,18
215439,Souček,West Ham,MID,2190,24,0,0,4753,0.2335,0.0339,1.5671,4.2415,0.4544,512,0.2232,0.0211,1.4467,7.9102,0.5273,1.2478,1.5768,1.24,1.4917,12.33,1.79,82.76,224.0,24,870,16.4738,1.27,0.12,8.23,45,3,102,17.9297,24
450070,Summerville,West Ham,MID,2470,29,0,0,3246,0.1952,0.1403,1.5291,5.9612,0.3327,537,0.0821,0.2346,1.4832,7.8771,0.0,1.2478,1.5768,1.24,1.4917,7.04,5.0600000000000005,55.15,215.0,12,541,15.0,0.49000000000000005,1.4,8.85,47,0,78,13.0726,29
213999,Álvarez,West Ham,MID,0,0,0,0,1769,0.0198,0.0453,1.5339,0.0,0.0,0,0.0,0.0,0.0,0.0,0.0,1.2478,1.5768,1.24,1.4917,0.39,0.89,30.15,0.0,0,221,11.2436,0.0,0.0,0.0,0,0,0,0.0,0
149519,Cornet,West Ham,MID,0,0,0,0,71,0.2028,0.0,2.269,0.0,0.0,0,0.0,0.0,0.0,0.0,0.0,1.2478,1.5768,1.24,1.4917,0.16,0.0,1.79,0.0,0,12,15.2113,0.0,0.0,0.0,0,0,0,0.0,0
197024,G.Rodriguez,West Ham,MID,175,2,0,0,1322,0.017,0.0143,1.5835,1.0212,0.0,0,0.0,0.0,0.0,0.0,0.0,1.2478,1.5768,1.24,1.4917,0.25,0.21,23.26,15.0,0,223,15.1815,0.0,0.0,0.0,0,0,0,0.0,2
577114,L.Guilherme,West Ham,MID,121,1,0,0,260,0.1696,0.0554,1.5335,3.8077,0.0,0,0.0,0.0,0.0,0.0,0.0,1.2478,1.5768,1.24,1.4917,0.49,0.16,4.43,11.0,0,58,20.0769,0.0,0.0,0.0,0,0,0,0.0,1
490885,Earthy,West Ham,MID,8,0,0,0,8,0.0,0.1125,8.2125,0.0,0.0,0,0.0,0.0,0.0,0.0,0.0,1.2478,1.5768,1.24,1.4917,0.0,0.01,0.73,0.0,0,3,33.75,0.0,0.0,0.0,0,0,0,0.0,0
229384,Irving,West Ham,MID,156,2,0,0,317,0.0369,0.0823,2.4161,6.2461,0.0,0,0.0,0.0,0.0,0.0,0.0,1.2478,1.5768,1.24,1.4917,0.13,0.29,8.51,22.0,0,87,24.7003,0.0,0.0,0.0,0,0,0,0.0,2
518442,Orford,West Ham,MID,0,0,0,0,47,0.0574,0.0766,2.3553,0.0,0.0,0,0.0,0.0,0.0,0.0,0.0,1.2478,1.5768,1.24,1.4917,0.03,0.04,1.23,0.0,0,13,24.8936,0.0,0.0,0.0,0,0,0,0.0,0
490142,Potts,West Ham,MID,1162,12,0,0,1162,0.0163,0.0821,1.6536,9.2169,0.0,11,0.0,0.0,1.2273,24.5455,0.0,1.2478,1.5768,1.24,1.4917,0.21000000000000002,1.06,21.35,119.0,0,215,16.6523,0.0,0.0,0.15,3,0,3,24.5455,12
178186,Bowen,West Ham,FWD,3406,38,0,0,6380,0.2232,0.1648,1.5416,3.9639,0.6912,537,0.119,0.181,1.4749,6.3687,0.838,1.2478,1.5768,1.24,1.4917,15.82,11.68,109.28,281.0,49,1409,19.8762,0.7100000000000001,1.08,8.8,38,5,124,20.7821,38
91889,Füllkrug,West Ham,FWD,407,5,0,0,1190,0.2322,0.0514,1.7251,1.437,0.2269,0,0.0,0.0,0.0,0.0,0.0,1.2478,1.5768,1.24,1.4917,3.07,0.68,22.810000000000002,19.0,3,180,13.6134,0.0,0.0,0.0,0,0,0,0.0,5
565431,Marshall,West Ham,FWD,58,0,0,0,58,0.2017,0.0,2.4052,4.6552,0.0,0,0.0,0.0,0.0,0.0,0.0,1.2478,1.5768,1.24,1.4917,0.13,0.0,1.5499999999999998,3.0,0,0,0.0,0.0,0.0,0.0,0,0,0,0.0,0
158534,Walker-Peters,West Ham,DEF,1378,15,0,0,4296,0.0415,0.0559,2.1763,1.9483,0.0628,334,0.0,0.0081,1.5898,3.7725,0.0,1.2478,1.5768,1.24,1.4917,1.98,2.67,103.88,93.0,3,459,9.6159,0.0,0.03,5.8999999999999995,14,0,61,16.4371,15
75115,Wilson,West Ham,FWD,1234,11,0,0,1589,0.4508,0.0357,1.561,2.3222,0.3965,189,0.5333,0.081,1.2714,1.9048,0.0,1.2478,1.5768,1.24,1.4917,7.96,0.63,27.560000000000002,41.0,7,338,19.1441,1.12,0.16999999999999998,2.67,4,0,68,32.381,11
467189,Hermansen,West Ham,GK,1620,18,0,0,4005,0.0,0.0007,1.7769,0.0,0.2022,540,0.0,0.0,1.4917,0.0,0.0,1.2478,1.5768,1.24,1.4917,0.0,0.03,79.07,0.0,9,513,11.5281,0.0,0.0,8.95,0,0,91,15.1667,18
551226,M.Fernandes,West Ham,MID,3017,35,0,0,5928,0.0928,0.0999,1.8079,5.6022,0.2277,540,0.1233,0.0833,1.4917,11.6667,0.1667,1.2478,1.5768,1.24,1.4917,6.11,6.58,119.08,369.0,15,1172,17.7935,0.7400000000000001,0.5,8.95,70,1,116,19.3333,35
564940,S.Magassa,West Ham,MID,971,11,0,0,971,0.0408,0.0297,1.7639,11.7714,0.1854,2,0.0,0.0,4.5,45.0,0.0,1.2478,1.5768,1.24,1.4917,0.44000000000000006,0.32,19.03,127.0,2,185,17.1473,0.0,0.0,0.1,1,0,3,135.0,11
37096,Fabianski,West Ham,GK,0,0,0,0,1160,0.0,0.0,1.7674,0.0,0.1552,0,0.0,0.0,0.0,0.0,0.0,1.2478,1.5768,1.24,1.4917,0.0,0.0,22.78,0.0,2,143,11.0948,0.0,0.0,0.0,0,0,0,0.0,0
602903,Mayers,West Ham,DEF,113,0,0,0,113,0.0956,0.3903,2.5566,3.9823,0.0,0,0.0,0.0,0.0,0.0,0.0,1.2478,1.5768,1.24,1.4917,0.12,0.49,3.21,5.0,0,18,14.3363,0.0,0.0,0.0,0,0,0,0.0,0
643473,Golambeckis,West Ham,DEF,0,0,0,0,0,0.0,0.0,0.0,0.0,0.0,0,0.0,0.0,0.0,0.0,0.0,1.2478,1.5768,1.24,1.4917,0.0,0.0,0.0,0.0,0,0,0.0,0.0,0.0,0.0,0,0,0,0.0,0
630699,Mohamadou Kanté,West Ham,MID,67,0,0,0,67,0.094,0.0537,2.6866,21.4925,0.0,35,0.0,0.0257,2.5971,12.8571,0.0,1.2478,1.5768,1.24,1.4917,0.07,0.04,2.0,16.0,0,29,38.9552,0.0,0.01,1.01,5,0,7,18.0,0
530335,Pablo,West Ham,FWD,819,10,0,0,819,0.1154,0.122,1.4088,7.9121,0.0,339,0.1062,0.1991,1.6805,6.3717,0.0,1.2478,1.5768,1.24,1.4917,1.05,1.11,12.82,72.0,0,102,11.2088,0.4,0.75,6.33,24,0,40,10.6195,10
247670,Taty,West Ham,FWD,1384,17,0,0,1384,0.3739,0.0527,1.2843,4.6171,0.3251,442,0.4928,0.0407,1.4579,5.4977,0.4072,1.2478,1.5768,1.24,1.4917,5.75,0.8099999999999999,19.75,71.0,5,243,15.802,2.42,0.19999999999999998,7.16,27,2,81,16.4932,17
572702,Lamadrid,West Ham,MID,0,0,0,0,0,0.0,0.0,0.0,0.0,0.0,0,0.0,0.0,0.0,0.0,0.0,1.2478,1.5768,1.24,1.4917,0.0,0.0,0.0,0.0,0,0,0.0,0.0,0.0,0.0,0,0,0,0.0,0
220362,Disasi,West Ham,DEF,1254,14,0,0,2105,0.0629,0.0171,1.5067,3.7625,0.0428,534,0.0,0.0034,1.5084,7.2472,0.1685,1.2478,1.5768,1.24,1.4917,1.47,0.39999999999999997,35.24,88.0,1,319,13.639,0.0,0.02,8.95,43,1,74,12.4719,14
553742,Herrick,West Ham,GK,0,0,0,0,0,0.0,0.0,0.0,0.0,0.0,0,0.0,0.0,0.0,0.0,0.0,1.2478,1.5768,1.24,1.4917,0.0,0.0,0.0,0.0,0,0,0.0,0.0,0.0,0.0,0,0,0,0.0,0
101982,Johnstone,Wolves,GK,1080,12,0,0,1710,0.0,0.0011,1.6616,0.0,0.0,0,0.0,0.0,0.0,0.0,0.0,1.0769,1.5389,1.1683,1.4317,0.0,0.02,31.57,0.0,0,159,8.3684,0.0,0.0,0.0,0,0,0,0.0,12
149065,José Sá,Wolves,GK,2070,23,0,0,4680,0.0,0.001,1.4896,0.0,0.2308,270,0.0,0.0033,1.1633,0.0,0.6667,1.0769,1.5389,1.1683,1.4317,0.0,0.05,77.46000000000001,0.0,12,608,11.6923,0.0,0.01,3.49,0,2,48,16.0,23
79602,Bentley,Wolves,GK,270,3,0,0,450,0.0,0.0,1.622,0.0,0.2,270,0.0,0.0,1.7,0.0,0.0,1.0769,1.5389,1.1683,1.4317,0.0,0.0,8.11,0.0,1,53,10.6,0.0,0.0,5.1,0,0,24,8.0,3
516939,Agbadou,Wolves,DEF,1100,12,0,0,2510,0.0527,0.0258,1.4837,4.4821,0.0359,0,0.0,0.0,0.0,0.0,0.0,1.0769,1.5389,1.1683,1.4317,1.47,0.72,41.38,125.0,1,309,11.0797,0.0,0.0,0.0,0,0,0,0.0,12
87835,Doherty,Wolves,DEF,786,11,0,0,2891,0.0377,0.0445,1.4572,2.0547,0.1245,84,0.0,0.0,0.9857,9.6429,0.0,1.0769,1.5389,1.1683,1.4317,1.21,1.43,46.81,66.0,4,366,11.394,0.0,0.0,0.92,9,0,12,12.8571,11
490721,H.Bueno,Wolves,DEF,2359,26,0,0,2359,0.0328,0.1331,1.5333,6.5621,0.1526,323,0.0864,0.1672,1.5715,6.4087,0.0,1.0769,1.5389,1.1683,1.4317,0.86,3.49,40.19,172.0,4,325,12.3993,0.31,0.6,5.64,23,0,34,9.4737,26
501837,Mosquera,Wolves,DEF,2137,24,0,0,2578,0.0991,0.0227,1.468,7.6455,0.1047,360,0.215,0.0225,1.2125,10.75,0.0,1.0769,1.5389,1.1683,1.4317,2.84,0.65,42.05,219.0,3,233,8.1342,0.86,0.09,4.8500000000000005,43,0,13,3.25,24
483081,R.Gomes,Wolves,DEF,954,9,0,0,1748,0.1467,0.0649,1.5534,2.3169,0.0,326,0.1215,0.0221,1.1844,2.4847,0.0,1.0769,1.5389,1.1683,1.4317,2.85,1.26,30.17,45.0,0,283,14.5709,0.44000000000000006,0.08,4.29,9,0,22,6.0736,9
231480,S.Bueno,Wolves,DEF,2552,28,0,0,4230,0.0581,0.033,1.5557,4.5957,0.1277,540,0.1017,0.0683,1.4317,8.0,0.3333,1.0769,1.5389,1.1683,1.4317,2.73,1.55,73.12,216.0,6,484,10.2979,0.61,0.41000000000000003,8.59,48,2,49,8.1667,28
510362,Toti,Wolves,DEF,1423,17,0,0,4036,0.0281,0.0198,1.4958,3.1888,0.1784,384,0.0727,0.0188,1.5094,11.0156,0.0,1.0769,1.5389,1.1683,1.4317,1.26,0.89,67.08,143.0,8,510,11.3726,0.31,0.08,6.44,47,0,38,8.9062,17
441271,Hoever,Wolves,DEF,423,6,0,0,423,0.0043,0.0766,1.9915,8.5106,0.0,0,0.0,0.0,0.0,0.0,0.0,1.0769,1.5389,1.1683,1.4317,0.02,0.36000000000000004,9.36,40.0,0,38,8.0851,0.0,0.0,0.0,0,0,0,0.0,6
560248,Meupiyou,Wolves,DEF,0,0,0,0,0,0.0,0.0,0.0,0.0,0.0,0,0.0,0.0,0.0,0.0,0.0,1.0769,1.5389,1.1683,1.4317,0.0,0.0,0.0,0.0,0,0,0.0,0.0,0.0,0.0,0,0,0,0.0,0
641221,Pedro Lima,Wolves,DEF,257,3,0,0,326,0.1132,0.1298,1.466,5.2454,0.0,254,0.124,0.1311,1.3287,6.7323,0.0,1.0769,1.5389,1.1683,1.4317,0.41000000000000003,0.47,5.31,19.0,0,27,7.454,0.35,0.37,3.75,19,0,13,4.6063,3
517179,Pond,Wolves,DEF,0,0,0,0,1,0.0,0.0,0.0,0.0,0.0,0,0.0,0.0,0.0,0.0,0.0,1.0769,1.5389,1.1683,1.4317,0.0,0.0,0.0,0.0,0,3,270.0,0.0,0.0,0.0,0,0,0,0.0,0
184754,Hee Chan,Wolves,MID,1439,18,0,0,2085,0.1364,0.0829,1.5514,4.1439,0.0,276,0.075,0.2087,1.6337,8.8043,0.0,1.0769,1.5389,1.1683,1.4317,3.16,1.92,35.94,96.0,0,295,12.7338,0.23,0.64,5.01,27,0,37,12.0652,18
509291,André,Wolves,MID,2760,30,0,0,5232,0.016,0.026,1.5151,6.5883,0.086,540,0.0117,0.0283,1.4317,12.0,0.0,1.0769,1.5389,1.1683,1.4317,0.93,1.51,88.08,383.0,5,909,15.6365,0.07,0.17,8.59,72,0,80,13.3333,30
231057,Bellegarde,Wolves,MID,1239,15,0,0,2905,0.0775,0.1177,1.5509,3.253,0.1549,100,0.0,0.09,2.205,7.2,0.0,1.0769,1.5389,1.1683,1.4317,2.5,3.8000000000000003,50.06,105.0,5,540,16.7298,0.0,0.09999999999999999,2.45,8,0,22,19.8,15
643135,Fer López,Wolves,MID,228,2,0,0,228,0.0632,0.2408,1.5711,4.7368,0.0,0,0.0,0.0,0.0,0.0,0.0,1.0769,1.5389,1.1683,1.4317,0.16,0.61,3.98,12.0,0,38,15.0,0.0,0.0,0.0,0,0,0,0.0,2
448089,J.Gomes,Wolves,MID,2829,32,0,0,5804,0.0656,0.0729,1.5212,6.001,0.2016,448,0.0201,0.0442,1.5288,11.8527,0.0,1.0769,1.5389,1.1683,1.4317,4.2299999999999995,4.7,98.1,387.0,13,1018,15.7857,0.1,0.22,7.61,59,0,65,13.058,32
181284,Guedes,Wolves,MID,0,0,0,0,979,0.3015,0.0846,1.7311,0.0,0.1839,0,0.0,0.0,0.0,0.0,0.0,1.0769,1.5389,1.1683,1.4317,3.2800000000000002,0.92,18.83,0.0,2,187,17.191,0.0,0.0,0.0,0,0,0,0.0,0
433312,Munetsi,Wolves,MID,872,9,0,0,1949,0.229,0.0674,1.2907,3.6942,0.2309,0,0.0,0.0,0.0,0.0,0.0,1.0769,1.5389,1.1683,1.4317,4.96,1.46,27.95,80.0,5,265,12.237,0.0,0.0,0.0,0,0,0,0.0,9
476502,B.Traore,Wolves,MID,0,0,0,0,1,0.0,0.0,0.0,0.0,0.0,0,0.0,0.0,0.0,0.0,0.0,1.0769,1.5389,1.1683,1.4317,0.0,0.0,0.0,0.0,0,3,270.0,0.0,0.0,0.0,0,0,0,0.0,0
497606,Chirewa,Wolves,MID,25,0,0,0,25,0.0,0.0,1.8,14.4,0.0,0,0.0,0.0,0.0,0.0,0.0,1.0769,1.5389,1.1683,1.4317,0.0,0.0,0.5,4.0,0,4,14.4,0.0,0.0,0.0,0,0,0,0.0,0
596054,Edozie,Wolves,MID,12,0,0,0,12,1.725,0.0,1.5,7.5,0.0,1,0.0,0.0,0.0,0.0,0.0,1.0769,1.5389,1.1683,1.4317,0.23,0.0,0.2,1.0,0,27,202.5,0.0,0.0,0.0,0,0,3,270.0,0
593001,Gonzalez,Wolves,MID,0,0,0,0,0,0.0,0.0,0.0,0.0,0.0,0,0.0,0.0,0.0,0.0,0.0,1.0769,1.5389,1.1683,1.4317,0.0,0.0,0.0,0.0,0,0,0.0,0.0,0.0,0.0,0,0,0,0.0,0
240299,Hodge,Wolves,MID,0,0,0,0,0,0.0,0.0,0.0,0.0,0.0,0,0.0,0.0,0.0,0.0,0.0,1.0769,1.5389,1.1683,1.4317,0.0,0.0,0.0,0.0,0,0,0.0,0.0,0.0,0.0,0,0,0,0.0,0
449988,Fábio Silva,Wolves,FWD,0,0,0,0,0,0.0,0.0,0.0,0.0,0.0,0,0.0,0.0,0.0,0.0,0.0,1.0769,1.5389,1.1683,1.4317,0.0,0.0,0.0,0.0,0,0,0.0,0.0,0.0,0.0,0,0,0,0.0,0
429414,Kalajdžić,Wolves,FWD,14,0,0,0,14,0.0,0.0643,0.6429,12.8571,0.0,0,0.0,0.0,0.0,0.0,0.0,1.0769,1.5389,1.1683,1.4317,0.0,0.01,0.1,2.0,0,1,6.4286,0.0,0.0,0.0,0,0,0,0.0,0
589507,Chiwome,Wolves,FWD,0,0,0,0,0,0.0,0.0,0.0,0.0,0.0,0,0.0,0.0,0.0,0.0,0.0,1.0769,1.5389,1.1683,1.4317,0.0,0.0,0.0,0.0,0,0,0.0,0.0,0.0,0.0,0,0,0,0.0,0
531363,Fraser,Wolves,FWD,0,0,0,0,0,0.0,0.0,0.0,0.0,0.0,0,0.0,0.0,0.0,0.0,0.0,1.0769,1.5389,1.1683,1.4317,0.0,0.0,0.0,0.0,0,0,0.0,0.0,0.0,0.0,0,0,0,0.0,0
230376,J.Arias,Wolves,MID,1117,14,0,0,1117,0.2723,0.05,1.2892,10.0716,0.1611,0,0.0,0.0,0.0,0.0,0.0,1.0769,1.5389,1.1683,1.4317,3.38,0.62,16.0,125.0,2,175,14.1003,0.0,0.0,0.0,0,0,0,0.0,14
497949,Møller Wolfe,Wolves,DEF,1042,11,0,0,1042,0.0112,0.0941,1.756,4.3186,0.0,203,0.0,0.0222,1.2635,3.1034,0.0,1.0769,1.5389,1.1683,1.4317,0.13,1.09,20.33,50.0,0,78,6.737,0.0,0.05,2.85,7,0,9,3.9901,11
523705,Tchatchoua,Wolves,DEF,1834,19,0,0,1834,0.0162,0.0785,1.5056,5.2999,0.0,49,0.0,0.0184,3.2694,1.8367,0.0,1.0769,1.5389,1.1683,1.4317,0.33,1.6,30.68,108.0,0,156,7.6554,0.0,0.01,1.78,1,0,0,0.0,19
431248,Krejčí,Wolves,DEF,2356,27,0,0,2356,0.0852,0.0569,1.5391,7.5255,0.0382,229,0.0825,0.0314,1.5838,8.6463,0.393,1.0769,1.5389,1.1683,1.4317,2.23,1.49,40.29,197.0,1,235,8.9771,0.21,0.08,4.03,22,1,38,14.9345,27
488213,Tolu,Wolves,FWD,1402,13,0,0,1402,0.3524,0.025,1.4694,5.3281,0.2568,152,0.5092,0.0178,1.0895,7.1053,0.0,1.0769,1.5389,1.1683,1.4317,5.49,0.39,22.89,83.0,4,221,14.1869,0.86,0.03,1.84,12,0,19,11.25,13
647671,Mané,Wolves,FWD,1787,19,0,0,1788,0.1012,0.1857,1.5982,6.896,0.453,478,0.1243,0.3803,1.1994,7.9079,0.5649,1.0769,1.5389,1.1683,1.4317,2.01,3.69,31.75,137.0,9,317,15.9564,0.66,2.02,6.37,42,3,103,19.3933,19
601956,Olagunju,Wolves,DEF,0,0,0,0,0,0.0,0.0,0.0,0.0,0.0,0,0.0,0.0,0.0,0.0,0.0,1.0769,1.5389,1.1683,1.4317,0.0,0.0,0.0,0.0,0,0,0.0,0.0,0.0,0.0,0,0,0,0.0,0
605319,Rawlings,Wolves,MID,0,0,0,0,0,0.0,0.0,0.0,0.0,0.0,0,0.0,0.0,0.0,0.0,0.0,1.0769,1.5389,1.1683,1.4317,0.0,0.0,0.0,0.0,0,0,0.0,0.0,0.0,0.0,0,0,0,0.0,0
514362,Ojinnaka,Wolves,MID,0,0,0,0,0,0.0,0.0,0.0,0.0,0.0,0,0.0,0.0,0.0,0.0,0.0,1.0769,1.5389,1.1683,1.4317,0.0,0.0,0.0,0.0,0,0,0.0,0.0,0.0,0.0,0,0,0,0.0,0
589121,Sutherland,Wolves,MID,0,0,0,0,0,0.0,0.0,0.0,0.0,0.0,0,0.0,0.0,0.0,0.0,0.0,1.0769,1.5389,1.1683,1.4317,0.0,0.0,0.0,0.0,0,0,0.0,0.0,0.0,0.0,0,0,0,0.0,0
685628,Abbey,Wolves,MID,16,0,0,0,16,0.0,0.0,2.3625,11.25,0.0,16,0.0,0.0,2.3625,11.25,0.0,1.0769,1.5389,1.1683,1.4317,0.0,0.0,0.42,2.0,0,2,11.25,0.0,0.0,0.42,2,0,2,11.25,0
209041,Angel,Wolves,MID,457,7,0,0,457,0.0492,0.0551,2.3928,6.4989,0.0,115,0.0313,0.0313,1.8861,6.2609,0.0,1.0769,1.5389,1.1683,1.4317,0.25,0.28,12.15,33.0,0,78,15.3611,0.04,0.04,2.41,8,0,18,14.087,7
155511,Armstrong,Wolves,FWD,1141,14,0,0,2387,0.2281,0.0532,2.1265,1.3951,0.1131,504,0.35,0.0393,1.4375,2.3214,0.1786,1.0769,1.5389,1.1683,1.4317,6.05,1.41,56.4,37.0,3,274,10.331,1.96,0.22,8.05,13,1,46,8.2143,14
491460,Brooks,Wolves,GK,0,0,0,0,0,0.0,0.0,0.0,0.0,0.0,0,0.0,0.0,0.0,0.0,0.0,1.0769,1.5389,1.1683,1.4317,0.0,0.0,0.0,0.0,0,0,0.0,0.0,0.0,0.0,0,0,0,0.0,0
627888,Gracey,Wolves,GK,0,0,0,0,0,0.0,0.0,0.0,0.0,0.0,0,0.0,0.0,0.0,0.0,0.0,1.0769,1.5389,1.1683,1.4317,0.0,0.0,0.0,0.0,0,0,0.0,0.0,0.0,0.0,0,0,0,0.0,0
