player_code,web_name,team,position,season_minutes,season_starts,fbref_subs,fbref_unused_subs,long_form_minutes,long_form_expected_goals_90,long_form_expected_assists_90,long_form_expected_goals_conceded_90,long_form_bonus_90,short_form_minutes,short_form_expected_goals_90,short_form_expected_assists_90,short_form_expected_goals_conceded_90,short_form_bonus_90,team_long_form_xg90,team_long_form_xgc90,team_short_form_xg90,team_short_form_xgc90,long_form_expected_goals,long_form_expected_assists,long_form_expected_goals_conceded,long_form_bonus,long_form_bps,long_form_bps_90,short_form_expected_goals,short_form_expected_assists,short_form_expected_goals_conceded,short_form_bonus,short_form_bps,short_form_bps_90,fbref_squads_made
232223,Balogun,Arsenal,FWD,0,0,0,0,0.0,0.0,0.0,0.0,0.0,0.0,0.0,0.0,0.0,0.0,1.4643,0.8265,1.8167,0.7383,0.0,0.0,0.0,0.0,0.0,0.0,0.0,0.0,0.0,0.0,0.0,0.0,0
58822,Cédric,Arsenal,DEF,59,0,0,0,223.0,0.0242,0.0726,1.126,0.0,0.0,0.0,0.0,0.0,0.0,1.4643,0.8265,1.8167,0.7383,0.060000000000000005,0.18,2.79,0.0,56.0,22.6009,0.0,0.0,0.0,0.0,0.0,0.0,0
153256,M.Elneny,Arsenal,MID,25,0,0,0,112.0,0.0,0.0006,0.3713,0.0,1.0,0.0,0.0,0.0,0.0,1.4643,0.8265,1.8167,0.7383,0.0,0.00074,0.4621,0.0,39.0,31.3393,0.0,0.0,0.0,0.0,12.0,1080.0,0
438098,Fábio Vieira,Arsenal,MID,290,2,0,0,702.0,0.2296,0.1995,0.6847,0.2564,155.0,0.6735,0.0639,0.6387,0.0,1.4643,0.8265,1.8167,0.7383,1.7907,1.55593,5.3406,2.0,201.0,25.7692,1.1600000000000001,0.11,1.1,0.0,30.0,17.4194,2
226597,Gabriel,Arsenal,DEF,3042,34,0,0,3973.0,0.0692,0.0118,0.8268,0.3851,450.0,0.04,0.008,0.88,0.4,1.4643,0.8265,1.8167,0.7383,3.0539,0.5202600000000001,36.4987,17.0,843.0,19.0964,0.2,0.04,4.4,2.0,97.0,19.4,34
219847,Havertz,Arsenal,MID,2627,30,0,0,3128.0,0.3082,0.0754,0.7987,0.374,252.0,0.4143,0.0393,0.5143,0.0,1.4643,0.8265,1.8167,0.7383,10.7121,2.62226,27.7601,13.0,360.0,10.3581,1.1600000000000001,0.11,1.44,0.0,42.0,15.0,30
205651,G.Jesus,Arsenal,FWD,1470,17,0,0,2426.0,0.3121,0.0598,0.6085,0.7049,347.0,0.2334,0.0648,1.0478,0.0,1.4643,0.8265,1.8167,0.7383,8.412,1.61071,16.4028,19.0,452.0,16.7683,0.9,0.25,4.04,0.0,25.0,6.4841,17
85955,Jorginho,Arsenal,MID,913,10,0,0,2340.0,0.0096,0.034,0.6388,0.1923,195.0,0.0185,0.0738,1.1308,0.0,1.4643,0.8265,1.8167,0.7383,0.25,0.88479,16.6089,5.0,413.0,15.8846,0.04,0.16,2.45,0.0,22.0,10.1538,10
440854,Kiwior,Arsenal,DEF,942,11,0,0,606.0,0.0624,0.0089,1.0812,0.1485,90.0,0.0,0.02,0.03,0.0,1.4643,0.8265,1.8167,0.7383,0.42,0.06,7.28,1.0,150.0,22.2772,0.0,0.02,0.03,0.0,25.0,25.0,11
479683,Marquinhos,Arsenal,MID,0,0,0,0,1.0,0.0,0.0,0.0,0.0,0.0,0.0,0.0,0.0,0.0,1.4643,0.8265,1.8167,0.7383,0.0,0.0,0.0,0.0,3.0,270.0,0.0,0.0,0.0,0.0,0.0,0.0,0
444145,Martinelli,Arsenal,MID,2010,24,0,0,3332.0,0.1941,0.1439,0.7953,0.4862,210.0,0.0857,0.2443,0.6471,0.0,1.4643,0.8265,1.8167,0.7383,7.1859,5.3285100000000005,29.4429,18.0,764.0,20.6363,0.2,0.5700000000000001,1.5100000000000002,0.0,57.0,24.4286,24
205533,Nketiah,Arsenal,FWD,1065,10,0,0,1750.0,0.5239,0.074,0.9198,0.5143,409.0,0.3191,0.0242,0.5699,0.6601,1.4643,0.8265,1.8167,0.7383,10.186399999999999,1.43912,17.8859,10.0,317.0,16.3029,1.45,0.11,2.5900000000000003,3.0,92.0,20.2445,10
184029,Ødegaard,Arsenal,MID,3098,35,0,0,3921.0,0.2154,0.1441,0.8123,0.8263,437.0,0.2513,0.1606,0.9021,0.6178,1.4643,0.8265,1.8167,0.7383,9.383700000000001,6.27981,35.3883,36.0,974.0,22.3565,1.22,0.78,4.38,3.0,84.0,17.2998,35
167199,Thomas,Arsenal,MID,785,9,0,0,2730.0,0.0531,0.061,0.8649,0.1978,15.0,0.0,0.12,0.0,0.0,1.4643,0.8265,1.8167,0.7383,1.6116,1.85149,26.2367,6.0,526.0,17.3407,0.0,0.02,0.0,0.0,3.0,18.0,9
195735,Pepe,Arsenal,MID,0,0,0,0,0.0,0.0,0.0,0.0,0.0,0.0,0.0,0.0,0.0,0.0,1.4643,0.8265,1.8167,0.7383,0.0,0.0,0.0,0.0,0.0,0.0,0.0,0.0,0.0,0.0,0.0,0.0,0
225321,Ramsdale,Arsenal,GK,540,6,0,0,3780.0,0.0,0.0006,0.8235,0.2143,0.0,0.0,0.0,0.0,0.0,1.4643,0.8265,1.8167,0.7383,0.0,0.026189999999999998,34.5887,9.0,719.0,17.119,0.0,0.0,0.0,0.0,0.0,0.0,6
115918,Rúnarsson,Arsenal,GK,0,0,0,0,0.0,0.0,0.0,0.0,0.0,0.0,0.0,0.0,0.0,0.0,1.4643,0.8265,1.8167,0.7383,0.0,0.0,0.0,0.0,0.0,0.0,0.0,0.0,0.0,0.0,0.0,0.0,0
223340,Saka,Arsenal,MID,2922,35,0,0,3958.0,0.2467,0.1563,0.8247,0.6139,417.0,0.3928,0.2331,0.818,0.8633,1.4643,0.8265,1.8167,0.7383,10.8505,6.873460000000001,36.2687,27.0,909.0,20.6695,1.8199999999999998,1.08,3.79,4.0,131.0,28.2734,35
462424,Saliba,Arsenal,DEF,3420,38,0,0,3315.0,0.0164,0.0163,0.641,0.4887,540.0,0.0,0.0567,0.7383,0.3333,1.4643,0.8265,1.8167,0.7383,0.6033,0.59966,23.6087,18.0,783.0,21.2579,0.0,0.33999999999999997,4.43,2.0,130.0,21.6667,38
209289,Smith Rowe,Arsenal,MID,343,3,0,0,265.0,0.326,0.1392,0.7743,0.0,104.0,0.6923,0.0433,0.1471,0.0,1.4643,0.8265,1.8167,0.7383,0.9600000000000001,0.41000000000000003,2.28,0.0,84.0,28.5283,0.8,0.05,0.16999999999999998,0.0,24.0,20.7692,3
192895,Tierney,Arsenal,DEF,0,0,0,0,774.0,0.014,0.0244,1.0291,0.0,0.0,0.0,0.0,0.0,0.0,1.4643,0.8265,1.8167,0.7383,0.12000000000000001,0.20971,8.8506,0.0,164.0,19.0698,0.0,0.0,0.0,0.0,0.0,0.0,0
223723,Tomiyasu,Arsenal,DEF,1140,10,0,0,886.0,0.0518,0.0218,0.756,0.0,115.0,0.2504,0.0391,0.493,0.0,1.4643,0.8265,1.8167,0.7383,0.51,0.21463,7.4423,0.0,224.0,22.754,0.32,0.05,0.6299999999999999,0.0,26.0,20.3478,10
116216,Trossard,Arsenal,MID,1633,18,0,0,2446.0,0.0941,0.1857,0.703,0.4047,147.0,0.2633,0.0551,0.4531,1.8367,1.4643,0.8265,1.8167,0.7383,2.5587,5.04727,19.1071,11.0,573.0,21.0834,0.43,0.09,0.74,3.0,61.0,37.3469,18
198869,White,Arsenal,DEF,2987,35,0,0,3929.0,0.0352,0.0817,0.7979,0.4352,515.0,0.0979,0.0542,0.7742,1.0485,1.4643,0.8265,1.8167,0.7383,1.5375999999999999,3.56544,34.8342,19.0,955.0,21.8758,0.5599999999999999,0.31,4.43,6.0,150.0,26.2136,35
84450,Xhaka,Arsenal,MID,0,0,0,0,2992.0,0.0954,0.0726,0.7615,0.4512,0.0,0.0,0.0,0.0,0.0,1.4643,0.8265,1.8167,0.7383,3.1717,2.4122,25.3159,15.0,634.0,19.0709,0.0,0.0,0.0,0.0,0.0,0.0,0
206325,Zinchenko,Arsenal,DEF,1717,20,0,0,2678.0,0.0504,0.0854,0.9025,0.4033,446.0,0.0605,0.1372,0.7668,0.8072,1.4643,0.8265,1.8167,0.7383,1.5005,2.54022,26.8548,12.0,653.0,21.9455,0.3,0.6799999999999999,3.8,4.0,125.0,25.2242,20
154561,Raya,Arsenal,GK,2880,32,0,0,3960.0,0.0025,0.0025,0.8015,0.5,540.0,0.0,0.0,0.7383,0.3333,1.4643,0.8265,1.8167,0.7383,0.11,0.1084,35.2679,22.0,949.0,21.5682,0.0,0.0,4.43,2.0,127.0,21.1667,32
204480,Rice,Arsenal,MID,3225,37,0,0,4115.0,0.043,0.0418,0.9144,0.3718,483.0,0.0596,0.0466,0.7137,0.3727,1.4643,0.8265,1.8167,0.7383,1.9659,1.91104,41.8064,17.0,813.0,17.7813,0.32,0.25,3.83,2.0,102.0,19.0062,37
200641,Nelson,Arsenal,MID,256,1,0,0,254.0,0.1701,0.3472,0.815,1.7717,51.0,0.0353,0.2294,0.9353,0.0,1.4643,0.8265,1.8167,0.7383,0.48000000000000004,0.98,2.3,5.0,141.0,49.9606,0.02,0.13,0.53,0.0,10.0,17.6471,1
445122,J.Timber,Arsenal,DEF,70,1,0,0,49.0,0.0,0.0184,0.5143,0.0,0.0,0.0,0.0,0.0,0.0,1.4643,0.8265,1.8167,0.7383,0.0,0.01,0.28,0.0,3.0,5.5102,0.0,0.0,0.0,0.0,0.0,0.0,1
463748,Hein,Arsenal,GK,0,0,0,0,0.0,0.0,0.0,0.0,0.0,0.0,0.0,0.0,0.0,0.0,1.4643,0.8265,1.8167,0.7383,0.0,0.0,0.0,0.0,0.0,0.0,0.0,0.0,0.0,0.0,0.0,0.0,0
516874,Sagoe,Arsenal,MID,0,0,0,0,,,,,,,,,,,1.4643,0.8265,1.8167,0.7383,,,,,,,,,,,,,0
535262,Walters,Arsenal,DEF,0,0,0,0,0.0,0.0,0.0,0.0,0.0,,,,,,1.4643,0.8265,1.8167,0.7383,0.0,0.0,0.0,0.0,0.0,0.0,,,,,,,0
535264,Ibrahim,Arsenal,MID,0,0,0,0,,,,,,,,,,,1.4643,0.8265,1.8167,0.7383,,,,,,,,,,,,,0
499169,Lewis-Skelly,Arsenal,MID,0,0,0,0,,,,,,,,,,,1.4643,0.8265,1.8167,0.7383,,,,,,,,,,,,,0
499175,Nwaneri,Arsenal,MID,13,0,0,0,1.0,0.0,0.0,0.0,0.0,,,,,,1.4643,0.8265,1.8167,0.7383,0.0,0.0,0.0,0.0,3.0,270.0,,,,,,,0
504751,Bandeira,Arsenal,MID,0,0,0,0,0.0,0.0,0.0,0.0,0.0,,,,,,1.4643,0.8265,1.8167,0.7383,0.0,0.0,0.0,0.0,0.0,0.0,,,,,,,0
503308,Sweet,Arsenal,DEF,0,0,0,0,,,,,,,,,,,1.4643,0.8265,1.8167,0.7383,,,,,,,,,,,,,0
106468,Alex Moreno,Aston Villa,DEF,1024,11,0,0,1325.0,0.04,0.1744,1.2112,0.3396,0.0,0.0,0.0,0.0,0.0,1.1543,0.9972,1.9867,1.175,0.5883,2.56685,17.8315,5.0,278.0,18.883,0.0,0.0,0.0,0.0,0.0,0.0,11
215711,Bailey,Aston Villa,MID,2063,22,0,0,2232.0,0.1997,0.151,1.0865,0.3629,115.0,0.9548,0.313,1.5887,0.0,1.1543,0.9972,1.9867,1.175,4.9515,3.7445600000000003,26.9451,9.0,342.0,13.7903,1.22,0.4,2.0300000000000002,0.0,53.0,41.4783,22
195546,Buendia,Aston Villa,MID,0,0,0,0,2404.0,0.1485,0.1251,0.9459,0.2995,0.0,0.0,0.0,0.0,0.0,1.1543,0.9972,1.9867,1.175,3.9669000000000003,3.34245,25.2648,8.0,370.0,13.8519,0.0,0.0,0.0,0.0,0.0,0.0,0
199796,Cash,Aston Villa,DEF,2138,23,0,0,2692.0,0.1049,0.0511,0.8627,0.234,519.0,0.1682,0.1509,1.1341,0.1734,1.1543,0.9972,1.9867,1.175,3.1389,1.5293700000000001,25.805,7.0,488.0,16.315,0.9700000000000001,0.87,6.54,1.0,104.0,18.0347,23
101184,Chambers,Aston Villa,DEF,149,1,0,0,345.0,0.036,0.0502,1.3234,0.0,0.0,0.0,0.0,0.0,0.0,1.1543,0.9972,1.9867,1.175,0.138,0.19246000000000002,5.073,0.0,67.0,17.4783,0.0,0.0,0.0,0.0,0.0,0.0,1
84583,Coutinho,Aston Villa,MID,24,0,0,0,801.0,0.0584,0.0391,0.419,0.1124,0.0,0.0,0.0,0.0,0.0,1.1543,0.9972,1.9867,1.175,0.5202,0.34803999999999996,3.7291,1.0,105.0,11.7978,0.0,0.0,0.0,0.0,0.0,0.0,0
221239,Davis,Aston Villa,FWD,0,0,0,0,0.0,0.0,0.0,0.0,0.0,0.0,0.0,0.0,0.0,0.0,1.1543,0.9972,1.9867,1.175,0.0,0.0,0.0,0.0,0.0,0.0,0.0,0.0,0.0,0.0,0.0,0.0,0
151589,Dendoncker,Aston Villa,MID,118,1,0,0,900.0,0.003,0.0102,0.7389,0.0,3.0,0.0,0.0,15.3,0.0,1.1543,0.9972,1.9867,1.175,0.03,0.10226,7.3891,0.0,170.0,17.0,0.0,0.0,0.51,0.0,7.0,210.0,1
165659,Diego Carlos,Aston Villa,DEF,1809,20,0,0,466.0,0.0715,0.0212,0.7764,0.0,101.0,0.0,0.0089,1.3901,0.0,1.1543,0.9972,1.9867,1.175,0.37,0.11,4.02,0.0,63.0,12.1674,0.0,0.01,1.56,0.0,16.0,14.2574,20
101188,Digne,Aston Villa,DEF,2405,27,0,0,2382.0,0.0154,0.1053,1.06,0.2267,540.0,0.02,0.1467,1.175,0.0,1.1543,0.9972,1.9867,1.175,0.4068,2.78808,28.0536,6.0,399.0,15.0756,0.12000000000000001,0.88,7.05,0.0,87.0,14.5,27
230046,Douglas Luiz,Aston Villa,MID,2994,35,0,0,3770.0,0.1368,0.0792,1.0445,0.6446,539.0,0.369,0.1135,1.1254,1.6698,1.1543,0.9972,1.9867,1.175,5.7312,3.31645,43.7521,27.0,837.0,19.9814,2.21,0.6799999999999999,6.74,10.0,172.0,28.7199,35
476344,Duran,Aston Villa,FWD,461,3,0,0,194.0,0.6124,0.0139,2.3196,1.3918,31.0,0.2903,0.0,1.8581,2.9032,1.1543,0.9972,1.9867,1.175,1.32,0.03,5.0,3.0,70.0,32.4742,0.1,0.0,0.64,1.0,22.0,63.871,3
123354,Hause,Aston Villa,DEF,0,0,0,0,0.0,0.0,0.0,0.0,0.0,0.0,0.0,0.0,0.0,0.0,1.1543,0.9972,1.9867,1.175,0.0,0.0,0.0,0.0,0.0,0.0,0.0,0.0,0.0,0.0,0.0,0.0,0
490094,Iroegbunam,Aston Villa,MID,157,1,0,0,0.0,0.0,0.0,0.0,0.0,0.0,0.0,0.0,0.0,0.0,1.1543,0.9972,1.9867,1.175,0.0,0.0,0.0,0.0,0.0,0.0,0.0,0.0,0.0,0.0,0.0,0.0,1
226944,Kamara,Aston Villa,MID,1653,20,0,0,2617.0,0.0058,0.043,1.2301,0.0344,484.0,0.0,0.0688,1.032,0.0,1.1543,0.9972,1.9867,1.175,0.1691,1.2514,35.7688,1.0,362.0,12.4494,0.0,0.37,5.55,0.0,70.0,13.0165,20
199798,Konsa,Aston Villa,DEF,3069,35,0,0,4222.0,0.0281,0.0124,1.0089,0.1705,540.0,0.1167,0.0367,1.175,0.3333,1.1543,0.9972,1.9867,1.175,1.32,0.57942,47.3276,8.0,809.0,17.2454,0.7,0.22,7.05,2.0,103.0,17.1667,35
98980,Martinez,Aston Villa,GK,3015,34,0,0,3949.0,0.0,0.0048,0.9331,0.4102,540.0,0.0,0.0,1.175,0.1667,1.1543,0.9972,1.9867,1.175,0.0,0.21244,40.9441,18.0,838.0,19.0985,0.0,0.0,7.05,1.0,95.0,15.8333,34
122806,McGinn,Aston Villa,MID,3000,35,0,0,3529.0,0.0755,0.0789,0.9217,0.153,504.0,0.0929,0.1321,1.1321,0.1786,1.1543,0.9972,1.9867,1.175,2.959,3.09545,36.1395,6.0,502.0,12.8025,0.52,0.7400000000000001,6.34,1.0,86.0,15.3571,35
149484,Mings,Aston Villa,DEF,30,1,0,0,3180.0,0.0269,0.016,0.8624,0.4811,0.0,0.0,0.0,0.0,0.0,1.1543,0.9972,1.9867,1.175,0.95,0.56507,30.4706,17.0,622.0,17.6038,0.0,0.0,0.0,0.0,0.0,0.0,1
111782,Olsen,Aston Villa,GK,405,4,0,0,370.0,0.0,0.0008,1.5583,0.2432,0.0,0.0,0.0,0.0,0.0,1.1543,0.9972,1.9867,1.175,0.0,0.00313,6.406499999999999,1.0,74.0,18.0,0.0,0.0,0.0,0.0,0.0,0.0,4
481624,Philogene,Aston Villa,MID,3,0,0,0,3.0,0.0,0.0,19.5,0.0,0.0,0.0,0.0,0.0,0.0,1.1543,0.9972,1.9867,1.175,0.0,0.0,0.65,0.0,3.0,90.0,0.0,0.0,0.0,0.0,0.0,0.0,0
232653,J.Ramsey,Aston Villa,MID,848,8,0,0,2682.0,0.1419,0.0804,0.8933,0.4362,48.0,0.3562,0.075,1.3688,0.0,1.1543,0.9972,1.9867,1.175,4.2279,2.39496,26.6207,13.0,491.0,16.4765,0.19,0.04,0.73,0.0,21.0,39.375,8
122775,Sanson,Aston Villa,MID,0,0,0,0,10.0,0.0,0.0067,3.6189,0.0,0.0,0.0,0.0,0.0,0.0,1.1543,0.9972,1.9867,1.175,0.0,0.00074,0.4021,0.0,6.0,54.0,0.0,0.0,0.0,0.0,0.0,0.0,0
248164,Sinisalo,Aston Villa,GK,0,0,0,0,0.0,0.0,0.0,0.0,0.0,0.0,0.0,0.0,0.0,0.0,1.1543,0.9972,1.9867,1.175,0.0,0.0,0.0,0.0,0.0,0.0,0.0,0.0,0.0,0.0,0.0,0.0,0
166989,Tielemans,Aston Villa,MID,1613,17,0,0,2501.0,0.0521,0.0394,1.1124,0.2159,66.0,0.1091,0.1227,2.0864,0.0,1.1543,0.9972,1.9867,1.175,1.449,1.09433,30.9122,6.0,511.0,18.3886,0.08,0.09,1.53,0.0,32.0,43.6364,17
110504,Bertrand Traoré,Aston Villa,MID,10,0,0,0,236.0,0.286,0.0458,0.9229,0.3814,1.0,0.0,0.0,28.8,0.0,1.1543,0.9972,1.9867,1.175,0.75,0.12,2.42,1.0,63.0,24.0254,0.0,0.0,0.32,0.0,3.0,270.0,0
178301,Watkins,Aston Villa,FWD,3222,37,0,0,3989.0,0.372,0.0557,0.9423,0.7445,540.0,0.5533,0.2033,1.1433,1.3333,1.1543,0.9972,1.9867,1.175,16.4867,2.4698,41.7646,33.0,796.0,17.9594,3.3200000000000003,1.22,6.859999999999999,8.0,207.0,34.5,37
213345,Wesley,Aston Villa,FWD,0,0,0,0,0.0,0.0,0.0,0.0,0.0,0.0,0.0,0.0,0.0,0.0,1.1543,0.9972,1.9867,1.175,0.0,0.0,0.0,0.0,0.0,0.0,0.0,0.0,0.0,0.0,0.0,0.0,0
244954,Pau,Aston Villa,DEF,2462,27,0,0,869.0,0.0435,0.0228,1.3764,0.4143,540.0,0.065,0.0317,1.175,0.6667,1.1543,0.9972,1.9867,1.175,0.42000000000000004,0.22,13.29,4.0,169.0,17.5029,0.39,0.19,7.05,4.0,105.0,17.5,27
243557,Diaby,Aston Villa,MID,2168,25,0,0,793.0,0.2304,0.2077,1.3438,0.5675,482.0,0.1979,0.2539,1.055,0.5602,1.1543,0.9972,1.9867,1.175,2.03,1.83,11.84,5.0,186.0,21.1097,1.06,1.36,5.65,3.0,105.0,19.6058,25
549068,Kellyman,Aston Villa,MID,35,0,0,0,0.0,0.0,0.0,0.0,0.0,0.0,0.0,0.0,0.0,0.0,1.1543,0.9972,1.9867,1.175,0.0,0.0,0.0,0.0,0.0,0.0,0.0,0.0,0.0,0.0,0.0,0.0,0
462381,Marschall,Aston Villa,GK,0,0,0,0,0.0,0.0,0.0,0.0,0.0,0.0,0.0,0.0,0.0,0.0,1.1543,0.9972,1.9867,1.175,0.0,0.0,0.0,0.0,0.0,0.0,0.0,0.0,0.0,0.0,0.0,0.0,0
245414,Zaniolo,Aston Villa,MID,824,9,0,0,376.0,0.2992,0.1245,1.1992,0.0,334.0,0.2802,0.1105,1.1775,0.0,1.1543,0.9972,1.9867,1.175,1.25,0.52,5.01,0.0,-4.0,-0.9574,1.04,0.41000000000000003,4.37,0.0,-8.0,-2.1557,9
516159,Zych,Aston Villa,GK,0,0,0,0,0.0,0.0,0.0,0.0,0.0,0.0,0.0,0.0,0.0,0.0,1.1543,0.9972,1.9867,1.175,0.0,0.0,0.0,0.0,0.0,0.0,0.0,0.0,0.0,0.0,0.0,0.0,0
171101,Lenglet,Aston Villa,DEF,1153,14,0,0,2018.0,0.0175,0.0227,0.9331,0.2676,0.0,0.0,0.0,0.0,0.0,1.1543,0.9972,1.9867,1.175,0.3932,0.51008,20.923099999999998,6.0,387.0,17.2597,0.0,0.0,0.0,0.0,0.0,0.0,14
564505,Proctor,Aston Villa,GK,0,0,0,0,,,,,,,,,,,1.1543,0.9972,1.9867,1.175,,,,,,,,,,,,,0
515599,O'Reilly,Aston Villa,MID,0,0,0,0,0.0,0.0,0.0,0.0,0.0,,,,,,1.1543,0.9972,1.9867,1.175,0.0,0.0,0.0,0.0,0.0,0.0,,,,,,,0
481283,Wright,Aston Villa,GK,0,0,0,0,0.0,0.0,0.0,0.0,0.0,,,,,,1.1543,0.9972,1.9867,1.175,0.0,0.0,0.0,0.0,0.0,0.0,,,,,,,0
465390,Kesler-Hayden,Aston Villa,DEF,5,0,0,0,,,,,,,,,,,1.1543,0.9972,1.9867,1.175,,,,,,,,,,,,,0
244850,Rogers,Aston Villa,MID,636,8,0,0,,,,,,,,,,,1.1543,0.9972,1.9867,1.175,,,,,,,,,,,,,8
462492,Gauci,Aston Villa,GK,0,0,0,0,,,,,,,,,,,1.1543,0.9972,1.9867,1.175,,,,,,,,,,,,,0
521966,Munroe,Aston Villa,DEF,3,0,0,0,,,,,,,,,,,1.1543,0.9972,1.9867,1.175,,,,,,,,,,,,,0
537403,Young,Aston Villa,MID,0,0,0,0,0.0,0.0,0.0,0.0,0.0,,,,,,1.1543,0.9972,1.9867,1.175,0.0,0.0,0.0,0.0,0.0,0.0,,,,,,,0
646754,Emery,Aston Villa,GK,0,0,0,0,,,,,,,,,,,1.1543,0.9972,1.9867,1.175,,,,,,,,,,,,,0
444180,Anthony,Bournemouth,MID,151,2,0,0,1392.0,0.0819,0.0686,1.5074,0.2586,0.0,0.0,0.0,0.0,0.0,0.8701,1.3497,0.9433,2.34,1.2673,1.06086,23.3141,4.0,197.0,12.7371,0.0,0.0,0.0,0.0,0.0,0.0,2
168991,Billing,Bournemouth,MID,1385,13,0,0,3627.0,0.1308,0.0699,1.32,0.4218,506.0,0.1263,0.1423,2.0117,0.5336,0.8701,1.3497,0.9433,2.34,5.2699,2.81568,53.1971,17.0,596.0,14.7891,0.71,0.8,11.31,3.0,82.0,14.585,13
111317,Brooks,Bournemouth,MID,271,2,0,0,393.0,0.4511,0.1328,2.0267,0.458,88.0,0.4705,0.1636,1.4011,0.0,0.8701,1.3497,0.9433,2.34,1.97,0.58,8.85,2.0,58.0,13.2824,0.45999999999999996,0.16,1.37,0.0,12.0,12.2727,2
158499,Christie,Bournemouth,MID,2908,35,0,0,2517.0,0.0714,0.0793,1.2347,0.0715,419.0,0.0516,0.1289,2.0212,0.0,0.8701,1.3497,0.9433,2.34,1.998,2.21683,34.5293,2.0,306.0,10.9416,0.24000000000000002,0.6,9.41,0.0,51.0,10.9547,35
155408,L.Cook,Bournemouth,MID,2787,32,0,0,2236.0,0.0075,0.0516,1.0915,0.0403,389.0,0.0093,0.0463,2.9267,0.0,0.8701,1.3497,0.9433,2.34,0.1854,1.28159,27.1171,1.0,355.0,14.2889,0.04,0.2,12.65,0.0,62.0,14.3445,32
244085,Siriki,Bournemouth,MID,0,0,0,0,104.0,0.1349,0.1835,1.8418,0.0,0.0,0.0,0.0,0.0,0.0,0.8701,1.3497,0.9433,2.34,0.15589999999999998,0.2121,2.1283,0.0,20.0,17.3077,0.0,0.0,0.0,0.0,0.0,0.0,0
81012,Fredericks,Bournemouth,DEF,0,0,0,0,527.0,0.0,0.0,0.2528,0.0,0.0,0.0,0.0,0.0,0.0,0.8701,1.3497,0.9433,2.34,0.0,0.0,1.48,0.0,63.0,10.759,0.0,0.0,0.0,0.0,0.0,0.0,0
463981,Hill,Bournemouth,DEF,74,1,0,0,15.0,0.0,0.06,1.14,0.0,0.0,0.0,0.0,0.0,0.0,0.8701,1.3497,0.9433,2.34,0.0,0.01,0.19,0.0,1.0,6.0,0.0,0.0,0.0,0.0,0.0,0.0,1
235530,Kelly,Bournemouth,DEF,1553,17,0,0,2496.0,0.0106,0.0169,1.3458,0.2524,352.0,0.0307,0.0205,1.6364,0.5114,0.8701,1.3497,0.9433,2.34,0.2938,0.46843999999999997,37.3223,7.0,462.0,16.6587,0.12,0.08,6.4,2.0,78.0,19.9432,17
444183,Kilkenny,Bournemouth,MID,0,0,0,0,0.0,0.0,0.0,0.0,0.0,0.0,0.0,0.0,0.0,0.0,0.8701,1.3497,0.9433,2.34,0.0,0.0,0.0,0.0,0.0,0.0,0.0,0.0,0.0,0.0,0.0,0.0,0
222683,Kluivert,Bournemouth,MID,1910,26,0,0,334.0,0.0943,0.1805,2.1988,0.0,148.0,0.0304,0.3649,2.9919,0.0,0.8701,1.3497,0.9433,2.34,0.35,0.6700000000000002,8.16,0.0,16.0,4.3114,0.05,0.6000000000000001,4.92,0.0,15.0,9.1216,26
128309,Lowe,Bournemouth,MID,0,0,0,0,11.0,0.0,0.0739,5.0645,0.0,0.0,0.0,0.0,0.0,0.0,0.8701,1.3497,0.9433,2.34,0.0,0.00903,0.619,0.0,6.0,49.0909,0.0,0.0,0.0,0.0,0.0,0.0,0
133845,Marcondes,Bournemouth,MID,0,0,0,0,8.0,0.0,0.0,0.0,0.0,0.0,0.0,0.0,0.0,0.0,0.8701,1.3497,0.9433,2.34,0.0,0.0,0.0,0.0,3.0,33.75,0.0,0.0,0.0,0.0,0.0,0.0,0
223911,Mepham,Bournemouth,DEF,613,6,0,0,2320.0,0.0295,0.0046,0.8223,0.2328,90.0,0.09,0.02,0.88,0.0,0.8701,1.3497,0.9433,2.34,0.76,0.11984,21.1977,6.0,386.0,14.9741,0.09,0.02,0.88,0.0,11.0,11.0,6
128340,Moore,Bournemouth,FWD,100,0,0,0,1352.0,0.2296,0.0341,0.8367,0.1997,29.0,0.6207,0.7759,3.1966,0.0,0.8701,1.3497,0.9433,2.34,3.4497,0.51189,12.5687,3.0,171.0,11.3831,0.2,0.25,1.03,0.0,6.0,18.6207,0
69752,Neto,Bournemouth,GK,2880,32,0,0,3195.0,0.0,0.0009,1.5434,0.3944,450.0,0.0,0.0,2.364,0.4,0.8701,1.3497,0.9433,2.34,0.0,0.03269,54.7902,14.0,687.0,19.3521,0.0,0.0,11.82,2.0,99.0,19.8,32
533463,O.Dango,Bournemouth,MID,1214,12,0,0,1451.0,0.2555,0.1191,1.8869,0.2481,212.0,0.2547,0.1019,1.9358,0.0,0.8701,1.3497,0.9433,2.34,4.1189,1.92052,30.4211,4.0,186.0,11.5369,0.6,0.24,4.56,0.0,23.0,9.7642,12
156687,Pearson,Bournemouth,MID,0,0,0,0,282.0,0.0054,0.0083,0.8179,0.0,0.0,0.0,0.0,0.0,0.0,0.8701,1.3497,0.9433,2.34,0.0169,0.025959999999999997,2.5627,0.0,32.0,10.2128,0.0,0.0,0.0,0.0,0.0,0.0,0
32259,Randolph,Bournemouth,GK,0,0,0,0,0.0,0.0,0.0,0.0,0.0,0.0,0.0,0.0,0.0,0.0,0.8701,1.3497,0.9433,2.34,0.0,0.0,0.0,0.0,0.0,0.0,0.0,0.0,0.0,0.0,0.0,0.0,0
156685,Rothwell,Bournemouth,MID,380,3,0,0,1321.0,0.0152,0.1072,1.8147,0.0,101.0,0.0267,0.0267,3.9475,0.0,0.8701,1.3497,0.9433,2.34,0.2228,1.57312,26.6363,0.0,206.0,14.0348,0.03,0.030000000000000002,4.430000000000001,0.0,14.0,12.4752,3
437730,Semenyo,Bournemouth,FWD,2099,25,0,0,572.0,0.1888,0.0834,2.4671,0.7867,101.0,0.205,0.3386,1.3901,2.6733,0.8701,1.3497,0.9433,2.34,1.2,0.53,15.68,5.0,129.0,20.2972,0.23,0.38,1.56,3.0,37.0,32.9703,25
221466,Senesi,Bournemouth,DEF,2239,26,0,0,2929.0,0.0467,0.0166,1.3898,0.1536,208.0,0.0,0.0303,3.1673,0.0,0.8701,1.3497,0.9433,2.34,1.52,0.53913,45.2313,5.0,534.0,16.4083,0.0,0.07,7.32,0.0,26.0,11.25,26
54469,Smith,Bournemouth,DEF,2148,25,0,0,3037.0,0.0027,0.029,1.0523,0.1482,97.0,0.0,0.1485,3.4515,0.0,0.8701,1.3497,0.9433,2.34,0.09,0.9798,35.5092,5.0,418.0,12.3872,0.0,0.16,3.72,0.0,18.0,16.701,25
154566,Solanke,Bournemouth,FWD,3325,37,0,0,3759.0,0.2573,0.05,1.3488,0.407,534.0,0.3185,0.0657,2.0528,0.1685,0.8701,1.3497,0.9433,2.34,10.7449,2.08869,56.3364,17.0,446.0,10.6784,1.89,0.39,12.18,1.0,49.0,8.2584,37
201658,Tavernier,Bournemouth,MID,2118,25,0,0,2196.0,0.1054,0.0484,0.825,0.4918,437.0,0.1174,0.0989,1.9195,0.0,0.8701,1.3497,0.9433,2.34,2.572,1.18211,20.1312,12.0,375.0,15.3689,0.5700000000000001,0.48,9.32,0.0,44.0,9.0618,25
424044,Hamed Traorè,Bournemouth,MID,44,0,0,0,469.0,0.2322,0.2226,2.0687,0.0,8.0,0.225,0.0,1.35,0.0,0.8701,1.3497,0.9433,2.34,1.21,1.16,10.78,0.0,70.0,13.4328,0.02,0.0,0.12,0.0,3.0,33.75,0
229600,Travers,Bournemouth,GK,360,4,0,0,1035.0,0.0,0.0003,0.6319,0.087,0.0,0.0,0.0,0.0,0.0,0.8701,1.3497,0.9433,2.34,0.0,0.00402,7.2664,1.0,193.0,16.7826,0.0,0.0,0.0,0.0,0.0,0.0,4
477580,Zabarnyi,Bournemouth,DEF,3330,37,0,0,1197.0,0.0211,0.0053,2.0541,0.0,540.0,0.0467,0.005,2.1167,0.0,0.8701,1.3497,0.9433,2.34,0.28,0.07,27.32,0.0,199.0,14.9624,0.28,0.03,12.700000000000001,0.0,88.0,14.6667,37
544877,Kerkez,Bournemouth,DEF,1966,22,0,0,763.0,0.0118,0.0448,2.3367,0.0,403.0,0.0223,0.0491,2.3025,0.0,0.8701,1.3497,0.9433,2.34,0.1,0.38,19.810000000000002,0.0,78.0,9.2005,0.1,0.22,10.31,0.0,35.0,7.8164,22
215531,Radu,Bournemouth,GK,180,2,0,0,90.0,0.0,0.0,0.88,0.0,90.0,0.0,0.0,0.88,0.0,0.8701,1.3497,0.9433,2.34,0.0,0.0,0.88,0.0,14.0,14.0,0.0,0.0,0.88,0.0,14.0,14.0,2
474772,Greenwood,Bournemouth,DEF,0,0,0,0,0.0,0.0,0.0,0.0,0.0,0.0,0.0,0.0,0.0,0.0,0.8701,1.3497,0.9433,2.34,0.0,0.0,0.0,0.0,0.0,0.0,0.0,0.0,0.0,0.0,0.0,0.0,0
232980,Aarons,Bournemouth,DEF,1233,13,0,0,792.0,0.0023,0.0432,2.1443,0.0,448.0,0.0,0.0422,1.9205,0.0,0.8701,1.3497,0.9433,2.34,0.02,0.38,18.87,0.0,113.0,12.8409,0.0,0.21,9.56,0.0,59.0,11.8527,13
503139,Scott,Bournemouth,MID,1003,11,0,0,146.0,0.0185,0.0493,0.9986,0.0,146.0,0.0185,0.0493,0.9986,0.0,0.8701,1.3497,0.9433,2.34,0.03,0.08,1.62,0.0,17.0,10.4795,0.03,0.08,1.62,0.0,17.0,10.4795,11
200785,Adams,Bournemouth,MID,118,1,0,0,2156.0,0.0029,0.0155,0.6461,0.0417,0.0,0.0,0.0,0.0,0.0,0.8701,1.3497,0.9433,2.34,0.07,0.37198,15.4771,1.0,290.0,12.1058,0.0,0.0,0.0,0.0,0.0,0.0,1
224995,Sinisterra,Bournemouth,MID,685,7,0,0,944.0,0.2231,0.0702,1.2289,0.572,81.0,0.0,0.3444,3.2667,0.0,0.8701,1.3497,0.9433,2.34,2.34,0.73636,12.8899,6.0,185.0,17.6377,0.0,0.31,2.94,0.0,12.0,13.3333,7
441240,Faivre,Bournemouth,MID,37,0,0,0,,,,,,,,,,,0.8701,1.3497,0.9433,2.34,,,,,,,,,,,,,0
496683,Kinsey,Bournemouth,DEF,0,0,0,0,0.0,0.0,0.0,0.0,0.0,,,,,,0.8701,1.3497,0.9433,2.34,0.0,0.0,0.0,0.0,0.0,0.0,,,,,,,0
168636,Enes Ünal,Bournemouth,FWD,317,2,0,0,,,,,,,,,,,0.8701,1.3497,0.9433,2.34,,,,,,,,,,,,,2
550596,Sadi,Bournemouth,MID,1,0,0,0,0.0,0.0,0.0,0.0,0.0,,,,,,0.8701,1.3497,0.9433,2.34,0.0,0.0,0.0,0.0,0.0,0.0,,,,,,,0
596572,Dacosta Gonzalez,Bournemouth,MID,0,0,0,0,0.0,0.0,0.0,0.0,0.0,,,,,,0.8701,1.3497,0.9433,2.34,0.0,0.0,0.0,0.0,0.0,0.0,,,,,,,0
568791,McKenna,Bournemouth,GK,0,0,0,0,,,,,,,,,,,0.8701,1.3497,0.9433,2.34,,,,,,,,,,,,,0
191866,Ajer,Brentford,DEF,1826,21,0,0,1228.0,0.0484,0.1387,0.7002,0.0733,372.0,0.0726,0.2806,1.3935,0.2419,1.2734,0.9154,1.5983,1.39,0.6599999999999999,1.89203,9.553899999999999,1.0,235.0,17.2231,0.3,1.1600000000000001,5.76,1.0,81.0,19.5968,21
235448,Balcombe,Brentford,GK,0,0,0,0,0.0,0.0,0.0,0.0,0.0,0.0,0.0,0.0,0.0,0.0,1.2734,0.9154,1.5983,1.39,0.0,0.0,0.0,0.0,0.0,0.0,0.0,0.0,0.0,0.0,0.0,0.0,0
432160,Baptiste,Brentford,MID,222,2,0,0,618.0,0.0175,0.0131,0.415,0.0,0.0,0.0,0.0,0.0,0.0,1.2734,0.9154,1.5983,1.39,0.12,0.09,2.85,0.0,126.0,18.3495,0.0,0.0,0.0,0.0,0.0,0.0,2
228044,Bech,Brentford,DEF,0,0,0,0,18.0,0.0,0.0,0.0,0.0,0.0,0.0,0.0,0.0,0.0,1.2734,0.9154,1.5983,1.39,0.0,0.0,0.0,0.0,12.0,60.0,0.0,0.0,0.0,0.0,0.0,0.0,0
481405,Bidstrup,Brentford,MID,0,0,0,0,0.0,0.0,0.0,0.0,0.0,0.0,0.0,0.0,0.0,0.0,1.2734,0.9154,1.5983,1.39,0.0,0.0,0.0,0.0,0.0,0.0,0.0,0.0,0.0,0.0,0.0,0.0,0
174932,Canós,Brentford,MID,0,0,0,0,73.0,0.0,0.0,0.1589,0.0,0.0,0.0,0.0,0.0,0.0,1.2734,0.9154,1.5983,1.39,0.0,0.0,0.1289,0.0,14.0,17.2603,0.0,0.0,0.0,0.0,0.0,0.0,0
432830,Collins,Brentford,DEF,2649,29,0,0,2630.0,0.0182,0.0189,1.0098,0.2053,540.0,0.0283,0.0083,1.39,0.0,1.2734,0.9154,1.5983,1.39,0.533,0.55335,29.5074,6.0,498.0,17.0418,0.17,0.05,8.34,0.0,98.0,16.3333,29
503300,Cox,Brentford,GK,0,0,0,0,0.0,0.0,0.0,0.0,0.0,0.0,0.0,0.0,0.0,0.0,1.2734,0.9154,1.5983,1.39,0.0,0.0,0.0,0.0,0.0,0.0,0.0,0.0,0.0,0.0,0.0,0.0,0
440089,Damsgaard,Brentford,MID,829,7,0,0,1022.0,0.1723,0.0776,1.1431,0.0,0.0,0.0,0.0,0.0,0.0,1.2734,0.9154,1.5983,1.39,1.9565000000000001,0.88086,12.9802,0.0,135.0,11.8885,0.0,0.0,0.0,0.0,0.0,0.0,7
183656,Dasilva,Brentford,MID,22,0,0,0,1380.0,0.0736,0.0697,0.53,0.1957,0.0,0.0,0.0,0.0,0.0,1.2734,0.9154,1.5983,1.39,1.1285,1.0685,8.1268,3.0,277.0,18.0652,0.0,0.0,0.0,0.0,0.0,0.0,0
434662,Dervişoğlu,Brentford,FWD,0,0,0,0,6.0,0.0,0.0,0.0,0.0,0.0,0.0,0.0,0.0,0.0,1.2734,0.9154,1.5983,1.39,0.0,0.0,0.0,0.0,11.0,165.0,0.0,0.0,0.0,0.0,0.0,0.0,0
118342,Flekken,Brentford,GK,3285,37,0,0,810.0,0.0,0.0067,1.2722,0.1111,450.0,0.0,0.012,1.382,0.0,1.2734,0.9154,1.5983,1.39,0.0,0.06,11.45,1.0,169.0,18.7778,0.0,0.06,6.91,0.0,85.0,17.0,37
213687,Goode,Brentford,DEF,0,0,0,0,0.0,0.0,0.0,0.0,0.0,0.0,0.0,0.0,0.0,0.0,1.2734,0.9154,1.5983,1.39,0.0,0.0,0.0,0.0,0.0,0.0,0.0,0.0,0.0,0.0,0.0,0.0,0
194010,Henry,Brentford,DEF,401,5,0,0,3641.0,0.0326,0.0738,0.8564,0.0989,41.0,0.0,0.022,1.2732,0.0,1.2734,0.9154,1.5983,1.39,1.32,2.98715,34.6452,4.0,579.0,14.312,0.0,0.01,0.58,0.0,7.0,15.3659,5
472713,Hickey,Brentford,DEF,713,9,0,0,2631.0,0.0174,0.0202,0.9746,0.0684,394.0,0.0297,0.0023,1.3706,0.0,1.2734,0.9154,1.5983,1.39,0.51,0.59,28.490000000000002,2.0,397.0,13.5804,0.13,0.01,6.0,0.0,33.0,7.5381,9
204580,Janelt,Brentford,MID,3054,37,0,0,2995.0,0.0595,0.0497,0.7538,0.1503,454.0,0.0615,0.0892,1.0566,0.0,1.2734,0.9154,1.5983,1.39,1.9786,1.65423,25.0841,5.0,455.0,13.6728,0.31,0.45,5.33,0.0,68.0,13.4802,37
207283,Jensen,Brentford,MID,2201,27,0,0,3562.0,0.0584,0.1263,0.8868,0.4801,468.0,0.0635,0.1538,1.2288,0.9615,1.2734,0.9154,1.5983,1.39,2.3118,5.00058,35.0959,19.0,679.0,17.1561,0.32999999999999996,0.8,6.39,5.0,106.0,20.3846,27
249231,Lewis-Potter,Brentford,MID,1428,15,0,0,531.0,0.1661,0.0509,0.6166,0.0,170.0,0.1482,0.1271,1.0906,0.0,1.2734,0.9154,1.5983,1.39,0.98,0.30007,3.6381,0.0,50.0,8.4746,0.28,0.24000000000000002,2.06,0.0,14.0,7.4118,15
446008,Mbeumo,Brentford,MID,1957,22,0,0,3805.0,0.2887,0.1639,0.9138,0.6623,540.0,0.365,0.3533,1.39,0.8333,1.2734,0.9154,1.5983,1.39,12.2037,6.92866,38.6332,28.0,753.0,17.8108,2.19,2.1199999999999997,8.34,5.0,108.0,18.0,22
51927,Mee,Brentford,DEF,1272,15,0,0,3420.0,0.0513,0.0144,0.8923,0.2895,71.0,0.0,0.0,1.8127,0.0,1.2734,0.9154,1.5983,1.39,1.9479,0.5463100000000001,33.9079,11.0,671.0,17.6579,0.0,0.0,1.43,0.0,12.0,15.2113,15
128295,Nørgaard,Brentford,MID,2504,30,0,0,2613.0,0.0983,0.0735,1.1388,0.2755,521.0,0.247,0.0518,1.4407,0.3455,1.2734,0.9154,1.5983,1.39,2.8537,2.13507,33.0623,8.0,461.0,15.8783,1.43,0.3,8.34,2.0,91.0,15.7198,30
428580,Onyeka,Brentford,MID,1147,11,0,0,1070.0,0.1065,0.0955,1.1184,0.0,196.0,0.0735,0.1332,1.9194,0.0,1.2734,0.9154,1.5983,1.39,1.2656,1.13536,13.2963,0.0,138.0,11.6075,0.16,0.29000000000000004,4.18,0.0,13.0,5.9694,11
231065,Pinnock,Brentford,DEF,2521,28,0,0,3600.0,0.0885,0.0283,1.0929,0.275,540.0,0.08,0.015,1.39,0.6667,1.2734,0.9154,1.5983,1.39,3.539,1.13166,43.7179,11.0,779.0,19.475,0.48,0.09000000000000001,8.34,4.0,133.0,22.1667,28
226956,Roerslev,Brentford,DEF,1975,22,0,0,1434.0,0.013,0.0553,1.0983,0.0,303.0,0.0,0.095,1.6307,0.0,1.2734,0.9154,1.5983,1.39,0.2064,0.8814799999999999,17.4988,0.0,271.0,17.0084,0.0,0.32,5.49,0.0,62.0,18.4158,22
513418,Schade,Brentford,MID,327,3,0,0,978.0,0.2641,0.094,0.8779,0.184,18.0,0.0,0.0,0.0,0.0,1.2734,0.9154,1.5983,1.39,2.87,1.0211000000000001,9.5402,2.0,116.0,10.6748,0.0,0.0,0.0,0.0,2.0,10.0,3
140200,Strakosha,Brentford,GK,135,1,0,0,90.0,0.0,0.01,1.43,0.0,90.0,0.0,0.01,1.43,0.0,1.2734,0.9154,1.5983,1.39,0.0,0.01,1.43,0.0,20.0,20.0,0.0,0.01,1.43,0.0,20.0,20.0,1
144485,Toney,Brentford,FWD,1449,16,0,0,2953.0,0.3569,0.0794,0.7877,1.0667,0.0,0.0,0.0,0.0,0.0,1.2734,0.9154,1.5983,1.39,11.7113,2.60493,25.846899999999998,35.0,607.0,18.4998,0.0,0.0,0.0,0.0,0.0,0.0,16
591357,Trevitt,Brentford,MID,0,0,0,0,0.0,0.0,0.0,0.0,0.0,0.0,0.0,0.0,0.0,0.0,1.2734,0.9154,1.5983,1.39,0.0,0.0,0.0,0.0,0.0,0.0,0.0,0.0,0.0,0.0,0.0,0.0,0
216646,Wissa,Brentford,FWD,2488,29,0,0,2420.0,0.2772,0.0429,0.8722,0.4835,504.0,0.3536,0.025,1.1625,0.3571,1.2734,0.9154,1.5983,1.39,7.4541,1.15299,23.4521,13.0,442.0,16.438,1.98,0.14,6.51,2.0,80.0,14.2857,29
508395,Yarmoliuk,Brentford,MID,670,6,0,0,28.0,1.8643,0.0,2.9571,0.0,28.0,1.8643,0.0,2.9571,0.0,1.2734,0.9154,1.5983,1.39,0.58,0.0,0.92,0.0,-1.0,-3.2143,0.58,0.0,0.92,0.0,-1.0,-3.2143,6
48760,Zanka,Brentford,DEF,1086,12,0,0,1103.0,0.0741,0.0137,0.9933,0.3264,0.0,0.0,0.0,0.0,0.0,1.2734,0.9154,1.5983,1.39,0.9085,0.16733,12.174,4.0,199.0,16.2375,0.0,0.0,0.0,0.0,0.0,0.0,12
115382,Maupay,Brentford,FWD,1417,14,0,0,1368.0,0.3798,0.0343,1.121,0.1974,154.0,0.6253,0.2162,1.8935,0.0,1.2734,0.9154,1.5983,1.39,5.7734,0.5219400000000001,17.0389,3.0,112.0,7.3684,1.07,0.37,3.2399999999999998,0.0,31.0,18.1169,14
199249,Reguilón,Brentford,DEF,1524,18,0,0,179.0,0.0,0.1207,1.5687,0.0,179.0,0.0,0.1207,1.5687,0.0,1.2734,0.9154,1.5983,1.39,0.0,0.24,3.12,0.0,30.0,15.0838,0.0,0.24,3.12,0.0,30.0,15.0838,18
501284,Olakigbe,Brentford,MID,51,0,0,0,12.0,0.9,0.075,1.95,0.0,4.0,1.8,0.0,5.85,0.0,1.2734,0.9154,1.5983,1.39,0.12000000000000001,0.01,0.26,0.0,7.0,52.5,0.08,0.0,0.26,0.0,6.0,135.0,0
494041,Brierley,Brentford,MID,0,0,0,0,0.0,0.0,0.0,0.0,0.0,0.0,0.0,0.0,0.0,0.0,1.2734,0.9154,1.5983,1.39,0.0,0.0,0.0,0.0,0.0,0.0,0.0,0.0,0.0,0.0,0.0,0.0,0
205836,Ghoddos,Brentford,MID,728,7,0,0,181.0,0.075,0.3335,2.3126,0.0,57.0,0.1579,0.6158,3.1421,0.0,1.2734,0.9154,1.5983,1.39,0.1508,0.6708000000000001,4.6508,0.0,81.0,40.2762,0.1,0.39,1.9900000000000002,0.0,28.0,44.2105,7
570241,Kim Ji-Soo,Brentford,DEF,0,0,0,0,0.0,0.0,0.0,0.0,0.0,0.0,0.0,0.0,0.0,0.0,1.2734,0.9154,1.5983,1.39,0.0,0.0,0.0,0.0,0.0,0.0,0.0,0.0,0.0,0.0,0.0,0.0,0
516432,Adedokun,Brentford,DEF,0,0,0,0,,,,,,,,,,,1.2734,0.9154,1.5983,1.39,,,,,,,,,,,,,0
450539,Peart-Harris,Brentford,MID,11,0,0,0,,,,,,,,,,,1.2734,0.9154,1.5983,1.39,,,,,,,,,,,,,0
563883,Angelini,Brentford,GK,0,0,0,0,,,,,,,,,,,1.2734,0.9154,1.5983,1.39,,,,,,,,,,,,,0
507433,Valdimarsson,Brentford,GK,0,0,0,0,,,,,,,,,,,1.2734,0.9154,1.5983,1.39,,,,,,,,,,,,,0
612534,Fredrick,Brentford,DEF,0,0,0,0,,,,,,,,,,,1.2734,0.9154,1.5983,1.39,,,,,,,,,,,,,0
622536,Arthur,Brentford,DEF,0,0,0,0,,,,,,,,,,,1.2734,0.9154,1.5983,1.39,,,,,,,,,,,,,0
628204,Konak,Brentford,MID,0,0,0,0,,,,,,,,,,,1.2734,0.9154,1.5983,1.39,,,,,,,,,,,,,0
535818,Adingra,Brighton,MID,2220,25,0,0,484.0,0.1636,0.1023,1.549,0.0,449.0,0.1062,0.1022,1.2648,0.0,1.6733,1.1075,1.655,1.31,0.88,0.55,8.33,0.0,87.0,16.1777,0.53,0.51,6.3100000000000005,0.0,59.0,11.8263,25
235382,Alzate,Brighton,MID,0,0,0,0,0.0,0.0,0.0,0.0,0.0,0.0,0.0,0.0,0.0,0.0,1.6733,1.1075,1.655,1.31,0.0,0.0,0.0,0.0,0.0,0.0,0.0,0.0,0.0,0.0,0.0,0.0,0
509416,Ayari,Brighton,MID,0,0,0,0,65.0,0.0277,0.4154,2.0077,0.0,0.0,0.0,0.0,0.0,0.0,1.6733,1.1075,1.655,1.31,0.02,0.3,1.4500000000000002,0.0,14.0,19.3846,0.0,0.0,0.0,0.0,0.0,0.0,0
536916,Buonanotte,Brighton,MID,1356,17,0,0,622.0,0.2055,0.0637,1.8347,0.2894,64.0,0.1687,0.0703,1.0547,0.0,1.6733,1.1075,1.655,1.31,1.42,0.44,12.68,2.0,71.0,10.2733,0.12,0.05,0.75,0.0,-1.0,-1.4062,17
233425,Connolly,Brighton,FWD,0,0,0,0,0.0,0.0,0.0,0.0,0.0,0.0,0.0,0.0,0.0,0.0,1.6733,1.1075,1.655,1.31,0.0,0.0,0.0,0.0,0.0,0.0,0.0,0.0,0.0,0.0,0.0,0.0,0
168090,Dahoud,Brighton,MID,449,6,0,0,314.0,0.0315,0.1003,0.8627,0.0,219.0,0.0288,0.0863,0.8014,0.0,1.6733,1.1075,1.655,1.31,0.11000000000000001,0.35000000000000003,3.01,0.0,64.0,18.3439,0.07,0.21000000000000002,1.95,0.0,49.0,20.137,6
83299,Dunk,Brighton,DEF,2869,33,0,0,4140.0,0.0525,0.0373,1.0411,0.1739,540.0,0.1917,0.0467,1.31,0.1667,1.6733,1.1075,1.655,1.31,2.4149000000000003,1.71646,47.89,8.0,802.0,17.4348,1.1500000000000001,0.27999999999999997,7.86,1.0,99.0,16.5,33
474120,Enciso,Brighton,MID,468,5,0,0,862.0,0.3944,0.1842,1.7231,0.7309,0.0,0.0,0.0,0.0,0.0,1.6733,1.1075,1.655,1.31,3.7776,1.7644,16.5034,7.0,219.0,22.8654,0.0,0.0,0.0,0.0,0.0,0.0,5
204214,Estupiñan,Brighton,DEF,1242,15,0,0,3169.0,0.0729,0.1133,1.2692,0.568,135.0,0.34,0.2333,1.68,0.6667,1.6733,1.1075,1.655,1.31,2.5653,3.98978,44.6889,20.0,705.0,20.0221,0.51,0.35000000000000003,2.52,1.0,17.0,11.3333,15
487117,Ferguson,Brighton,FWD,1356,15,0,0,1452.0,0.5161,0.0628,1.4632,0.8058,305.0,0.0974,0.1062,1.3721,0.5902,1.6733,1.1075,1.655,1.31,8.3265,1.01309,23.6066,13.0,344.0,21.3223,0.33,0.36,4.6499999999999995,2.0,28.0,8.2623,15
243568,Gilmour,Brighton,MID,2116,24,0,0,979.0,0.0754,0.1764,1.7356,0.3677,236.0,0.0381,0.2174,1.3462,0.7627,1.6733,1.1075,1.655,1.31,0.8200000000000001,1.91883,18.8794,4.0,224.0,20.5924,0.1,0.5700000000000001,3.5300000000000002,2.0,57.0,21.7373,24
60307,Gross,Brighton,MID,3112,34,0,0,3948.0,0.0861,0.1719,1.0617,0.4787,360.0,0.16,0.055,1.2275,1.0,1.6733,1.1075,1.655,1.31,3.7768,7.54062,46.5736,21.0,898.0,20.4711,0.64,0.22,4.91,4.0,72.0,18.0,34
475168,João Pedro,Brighton,FWD,2037,19,0,0,488.0,0.4906,0.2619,1.6654,0.5533,262.0,0.3195,0.4328,1.6111,0.687,1.6733,1.1075,1.655,1.31,2.66,1.4200000000000002,9.03,3.0,95.0,17.5205,0.9299999999999999,1.26,4.6899999999999995,2.0,59.0,20.2672,19
442229,Karbownik,Brighton,DEF,0,0,0,0,0.0,0.0,0.0,0.0,0.0,0.0,0.0,0.0,0.0,0.0,1.6733,1.1075,1.655,1.31,0.0,0.0,0.0,0.0,0.0,0.0,0.0,0.0,0.0,0.0,0.0,0.0,0
484658,Kozłowski,Brighton,MID,0,0,0,0,0.0,0.0,0.0,0.0,0.0,0.0,0.0,0.0,0.0,0.0,1.6733,1.1075,1.655,1.31,0.0,0.0,0.0,0.0,0.0,0.0,0.0,0.0,0.0,0.0,0.0,0.0,0
39155,Lallana,Brighton,MID,839,13,0,0,886.0,0.0107,0.0362,0.8015,0.4063,121.0,0.0,0.0967,0.6545,0.0,1.6733,1.1075,1.655,1.31,0.10500000000000001,0.35631999999999997,7.8908,4.0,172.0,17.4718,0.0,0.13,0.88,0.0,20.0,14.876,13
232792,Lamptey,Brighton,DEF,908,10,0,0,576.0,0.0344,0.0927,1.0467,0.0,124.0,0.0145,0.0581,1.0887,0.0,1.6733,1.1075,1.655,1.31,0.22,0.59345,6.699,0.0,136.0,21.25,0.02,0.08,1.5,0.0,45.0,32.6613,10
109345,March,Brighton,MID,555,7,0,0,3274.0,0.1782,0.1502,0.9396,0.6048,241.0,0.1905,0.2129,1.6394,0.7469,1.6733,1.1075,1.655,1.31,6.4816,5.46333,34.1807,22.0,693.0,19.0501,0.51,0.5700000000000001,4.390000000000001,2.0,49.0,18.2988,7
209288,McGill,Brighton,GK,0,0,0,0,0.0,0.0,0.0,0.0,0.0,0.0,0.0,0.0,0.0,0.0,1.6733,1.1075,1.655,1.31,0.0,0.0,0.0,0.0,0.0,0.0,0.0,0.0,0.0,0.0,0.0,0.0,0
15157,Milner,Brighton,MID,770,11,0,0,1161.0,0.0042,0.0422,0.8668,0.0,58.0,0.0,0.0,0.6362,0.0,1.6733,1.1075,1.655,1.31,0.0543,0.54459,11.1814,0.0,228.0,17.6744,0.0,0.0,0.41,0.0,7.0,10.8621,11
451340,Mitoma,Brighton,MID,1485,15,0,0,3156.0,0.3042,0.158,1.3338,0.4848,495.0,0.3127,0.0909,1.3473,0.5455,1.6733,1.1075,1.655,1.31,10.6665,5.53941,46.7719,17.0,609.0,17.3669,1.72,0.5,7.41,3.0,62.0,11.2727,15
243505,Moder,Brighton,MID,608,6,0,0,0.0,0.0,0.0,0.0,0.0,0.0,0.0,0.0,0.0,0.0,1.6733,1.1075,1.655,1.31,0.0,0.0,0.0,0.0,0.0,0.0,0.0,0.0,0.0,0.0,0.0,0.0,6
441192,Sarmiento,Brighton,MID,0,0,0,0,168.0,0.1548,0.1409,1.4842,0.0,0.0,0.0,0.0,0.0,0.0,1.6733,1.1075,1.655,1.31,0.28890000000000005,0.26301,2.7704999999999997,0.0,40.0,21.4286,0.0,0.0,0.0,0.0,0.0,0.0,0
240514,Scherpen,Brighton,GK,0,0,0,0,0.0,0.0,0.0,0.0,0.0,0.0,0.0,0.0,0.0,0.0,1.6733,1.1075,1.655,1.31,0.0,0.0,0.0,0.0,0.0,0.0,0.0,0.0,0.0,0.0,0.0,0.0,0
49262,Steele,Brighton,GK,1530,17,0,0,1890.0,0.0,0.0071,1.4748,0.381,360.0,0.0,0.0,1.0,0.0,1.6733,1.1075,1.655,1.31,0.0,0.15,30.97,8.0,444.0,21.1429,0.0,0.0,4.0,0.0,73.0,18.25,17
450434,Undav,Brighton,FWD,0,0,0,0,614.0,0.643,0.1612,1.2847,0.5863,0.0,0.0,0.0,0.0,0.0,1.6733,1.1075,1.655,1.31,4.387,1.09975,8.7647,4.0,173.0,25.3583,0.0,0.0,0.0,0.0,0.0,0.0,0
469142,Van Hecke,Brighton,DEF,2368,26,0,0,589.0,0.0867,0.0094,1.6392,0.0,118.0,0.0,0.0076,0.9763,0.0,1.6733,1.1075,1.655,1.31,0.5673,0.061450000000000005,10.7279,0.0,110.0,16.8081,0.0,0.01,1.28,0.0,20.0,15.2542,26
111478,Veltman,Brighton,DEF,1579,17,0,0,2759.0,0.0413,0.0234,0.8963,0.1957,424.0,0.0021,0.0403,1.4965,0.0,1.6733,1.1075,1.655,1.31,1.2659,0.7159800000000001,27.4774,6.0,550.0,17.9413,0.01,0.19,7.050000000000001,0.0,68.0,14.434,17
489639,Verbruggen,Brighton,GK,1890,21,0,0,360.0,0.0,0.0,2.1225,0.0,180.0,0.0,0.0,1.93,0.0,1.6733,1.1075,1.655,1.31,0.0,0.0,8.49,0.0,59.0,14.75,0.0,0.0,3.8600000000000003,0.0,26.0,13.0,21
110735,Webster,Brighton,DEF,1142,13,0,0,2433.0,0.0251,0.01,0.7514,0.111,270.0,0.0633,0.01,1.22,0.0,1.6733,1.1075,1.655,1.31,0.6798,0.27,20.3136,3.0,486.0,17.9778,0.19,0.03,3.66,0.0,47.0,15.6667,13
50175,Welbeck,Brighton,FWD,1687,21,0,0,2251.0,0.2666,0.0346,0.8529,0.2399,215.0,0.2302,0.0167,1.2558,0.4186,1.6733,1.1075,1.655,1.31,6.6690000000000005,0.86468,21.3308,6.0,340.0,13.594,0.55,0.04,3.0,1.0,39.0,16.3256,21
204676,Zeqiri,Brighton,FWD,0,0,0,0,0.0,0.0,0.0,0.0,0.0,0.0,0.0,0.0,0.0,0.0,1.6733,1.1075,1.655,1.31,0.0,0.0,0.0,0.0,0.0,0.0,0.0,0.0,0.0,0.0,0.0,0.0,0
223434,Igor,Brighton,DEF,1631,17,0,0,242.0,0.0149,0.0074,1.35,0.0,242.0,0.0149,0.0074,1.35,0.0,1.6733,1.1075,1.655,1.31,0.04,0.02,3.63,0.0,37.0,13.7603,0.04,0.02,3.63,0.0,37.0,13.7603,17
532529,Hinshelwood,Brighton,MID,866,8,0,0,86.0,0.0,0.0209,1.5802,0.0,85.0,0.0,0.0212,1.3553,0.0,1.6733,1.1075,1.655,1.31,0.0,0.02,1.51,0.0,15.0,15.6977,0.0,0.02,1.28,0.0,12.0,12.7059,8
535301,Baleba,Brighton,MID,1314,15,0,0,245.0,0.0992,0.0073,1.6384,0.0,245.0,0.0992,0.0073,1.6384,0.0,1.6733,1.1075,1.655,1.31,0.27,0.02,4.46,0.0,26.0,9.551,0.27,0.02,4.46,0.0,26.0,9.551,15
465607,Ansu Fati,Brighton,MID,509,3,0,0,174.0,1.1586,0.1397,1.2983,0.5172,174.0,1.1586,0.1397,1.2983,0.5172,1.6733,1.1075,1.655,1.31,2.24,0.27,2.5100000000000002,1.0,44.0,22.7586,2.24,0.27,2.5100000000000002,1.0,44.0,22.7586,3
574402,O’Mahony,Brighton,FWD,61,1,0,0,,,,,,,,,,,1.6733,1.1075,1.655,1.31,,,,,,,,,,,,,1
475480,Baker-Boaitey,Brighton,MID,37,0,0,0,,,,,,,,,,,1.6733,1.1075,1.655,1.31,,,,,,,,,,,,,0
514154,Jackson,Brighton,DEF,0,0,0,0,,,,,,,,,,,1.6733,1.1075,1.655,1.31,,,,,,,,,,,,,0
532528,Duffus,Brighton,MID,0,0,0,0,,,,,,,,,,,1.6733,1.1075,1.655,1.31,,,,,,,,,,,,,0
513836,Kavanagh,Brighton,DEF,0,0,0,0,,,,,,,,,,,1.6733,1.1075,1.655,1.31,,,,,,,,,,,,,0
500052,Barrington,Brighton,MID,0,0,0,0,,,,,,,,,,,1.6733,1.1075,1.655,1.31,,,,,,,,,,,,,0
491598,Peupion,Brighton,MID,0,0,0,0,5.0,1.08,0.0,17.1,0.0,,,,,,1.6733,1.1075,1.655,1.31,0.06,0.0,0.95,0.0,3.0,54.0,,,,,,,0
543158,Barco,Brighton,DEF,307,3,0,0,,,,,,,,,,,1.6733,1.1075,1.655,1.31,,,,,,,,,,,,,3
513840,Chouchane,Brighton,MID,0,0,0,0,,,,,,,,,,,1.6733,1.1075,1.655,1.31,,,,,,,,,,,,,0
445548,Offiah,Brighton,DEF,126,1,0,0,23.0,0.0,0.0783,6.9261,0.0,,,,,,1.6733,1.1075,1.655,1.31,0.0,0.02,1.77,0.0,10.0,39.1304,,,,,,,1
549014,Atom,Brighton,DEF,0,0,0,0,,,,,,,,,,,1.6733,1.1075,1.655,1.31,,,,,,,,,,,,,0
578614,Agyei,Burnley,MID,0,0,0,0,0.0,0.0,0.0,0.0,0.0,0.0,0.0,0.0,0.0,0.0,0.9511,1.9989,1.0317,1.8333,0.0,0.0,0.0,0.0,0.0,0.0,0.0,0.0,0.0,0.0,0.0,0.0,0
487968,Al-Dakhil,Burnley,DEF,1055,12,0,0,855.0,0.02,0.0505,1.8695,0.0,585.0,0.0154,0.0431,1.6569,0.0,0.9511,1.9989,1.0317,1.8333,0.19,0.48000000000000004,17.759999999999998,0.0,96.0,10.1053,0.1,0.28,10.77,0.0,67.0,10.3077,12
189776,Bastien,Burnley,MID,0,0,0,0,0.0,0.0,0.0,0.0,0.0,0.0,0.0,0.0,0.0,0.0,0.9511,1.9989,1.0317,1.8333,0.0,0.0,0.0,0.0,0.0,0.0,0.0,0.0,0.0,0.0,0.0,0.0,0
183751,Benson,Burnley,MID,110,1,0,0,65.0,0.0415,0.0138,4.2785,0.0,4.0,0.675,0.225,3.6,0.0,0.9511,1.9989,1.0317,1.8333,0.03,0.01,3.09,0.0,8.0,11.0769,0.03,0.01,0.16,0.0,4.0,90.0,1
241231,Beyer,Burnley,DEF,1234,15,0,0,503.0,0.0,0.0054,1.6461,0.1789,357.0,0.0,0.0076,1.5252,0.2521,0.9511,1.9989,1.0317,1.8333,0.0,0.03,9.2,1.0,88.0,15.7455,0.0,0.03,6.05,1.0,59.0,14.8739,15
172782,Brownhill,Burnley,MID,2248,23,0,0,605.0,0.0684,0.1428,1.5486,0.0,559.0,0.0435,0.1272,1.4619,0.0,0.9511,1.9989,1.0317,1.8333,0.46,0.96,10.41,0.0,105.0,15.6198,0.27,0.79,9.08,0.0,84.0,13.5242,23
250735,Churlinov,Burnley,MID,0,0,0,0,0.0,0.0,0.0,0.0,0.0,0.0,0.0,0.0,0.0,0.0,0.9511,1.9989,1.0317,1.8333,0.0,0.0,0.0,0.0,0.0,0.0,0.0,0.0,0.0,0.0,0.0,0.0,0
40145,Cork,Burnley,MID,25,0,0,0,16.0,0.0,0.0562,0.7312,0.0,0.0,0.0,0.0,0.0,0.0,0.9511,1.9989,1.0317,1.8333,0.0,0.01,0.13,0.0,2.0,11.25,0.0,0.0,0.0,0.0,0.0,0.0,0
530873,Costelloe,Burnley,MID,0,0,0,0,0.0,0.0,0.0,0.0,0.0,0.0,0.0,0.0,0.0,0.0,0.9511,1.9989,1.0317,1.8333,0.0,0.0,0.0,0.0,0.0,0.0,0.0,0.0,0.0,0.0,0.0,0.0,0
172567,Cullen,Burnley,MID,2055,23,0,0,839.0,0.0086,0.0933,1.9834,0.0,569.0,0.0079,0.0538,1.819,0.0,0.9511,1.9989,1.0317,1.8333,0.08,0.87,18.49,0.0,115.0,12.3361,0.05,0.34,11.5,0.0,72.0,11.3884,23
432711,Egan-Riley,Burnley,DEF,0,0,0,0,0.0,0.0,0.0,0.0,0.0,0.0,0.0,0.0,0.0,0.0,0.9511,1.9989,1.0317,1.8333,0.0,0.0,0.0,0.0,0.0,0.0,0.0,0.0,0.0,0.0,0.0,0.0,0
478969,Ekdal,Burnley,DEF,436,5,0,0,0.0,0.0,0.0,0.0,0.0,0.0,0.0,0.0,0.0,0.0,0.9511,1.9989,1.0317,1.8333,0.0,0.0,0.0,0.0,0.0,0.0,0.0,0.0,0.0,0.0,0.0,0.0,5
435973,Foster,Burnley,FWD,1898,22,0,0,609.0,0.2305,0.0709,2.001,0.5911,349.0,0.1934,0.1006,1.7252,0.7736,0.9511,1.9989,1.0317,1.8333,1.56,0.48,13.540000000000001,4.0,105.0,15.5172,0.75,0.39,6.69,3.0,52.0,13.4097,22
493347,Franchi,Burnley,GK,0,0,0,0,0.0,0.0,0.0,0.0,0.0,0.0,0.0,0.0,0.0,0.0,0.9511,1.9989,1.0317,1.8333,0.0,0.0,0.0,0.0,0.0,0.0,0.0,0.0,0.0,0.0,0.0,0.0,0
60586,Gudmundsson,Burnley,MID,1185,12,0,0,251.0,0.0,0.2223,1.2873,0.0,161.0,0.0,0.2348,0.9783,0.0,0.9511,1.9989,1.0317,1.8333,0.0,0.62,3.59,0.0,41.0,14.7012,0.0,0.42,1.75,0.0,24.0,13.4161,12
483391,McNally,Burnley,DEF,0,0,0,0,0.0,0.0,0.0,0.0,0.0,0.0,0.0,0.0,0.0,0.0,0.9511,1.9989,1.0317,1.8333,0.0,0.0,0.0,0.0,0.0,0.0,0.0,0.0,0.0,0.0,0.0,0.0,0
232917,Muric,Burnley,GK,900,10,0,0,0.0,0.0,0.0,0.0,0.0,0.0,0.0,0.0,0.0,0.0,0.9511,1.9989,1.0317,1.8333,0.0,0.0,0.0,0.0,0.0,0.0,0.0,0.0,0.0,0.0,0.0,0.0,10
216616,O'Shea,Burnley,DEF,2892,32,0,0,495.0,0.0073,0.0073,2.2855,0.1818,225.0,0.0,0.008,2.232,0.4,0.9511,1.9989,1.0317,1.8333,0.04,0.04,12.57,1.0,96.0,17.4545,0.0,0.02,5.58,1.0,48.0,19.2,32
220598,Obafemi,Burnley,FWD,19,0,0,0,0.0,0.0,0.0,0.0,0.0,0.0,0.0,0.0,0.0,0.0,0.9511,1.9989,1.0317,1.8333,0.0,0.0,0.0,0.0,0.0,0.0,0.0,0.0,0.0,0.0,0.0,0.0,0
220037,Peacock-Farrell,Burnley,GK,0,0,0,0,0.0,0.0,0.0,0.0,0.0,0.0,0.0,0.0,0.0,0.0,0.9511,1.9989,1.0317,1.8333,0.0,0.0,0.0,0.0,0.0,0.0,0.0,0.0,0.0,0.0,0.0,0.0,0
192290,Roberts,Burnley,DEF,817,8,0,0,733.0,0.0,0.0417,2.0799,0.0,463.0,0.0,0.0214,1.9341,0.0,0.9511,1.9989,1.0317,1.8333,0.0,0.34,16.94,0.0,102.0,12.5239,0.0,0.11,9.95,0.0,66.0,12.8294,8
44683,Rodriguez,Burnley,FWD,811,7,0,0,113.0,0.446,0.0,1.6566,0.0,104.0,0.0952,0.0,1.7827,0.0,0.9511,1.9989,1.0317,1.8333,0.56,0.0,2.08,0.0,4.0,3.1858,0.11,0.0,2.06,0.0,7.0,6.0577,7
103914,Taylor,Burnley,DEF,2329,25,0,0,630.0,0.0157,0.0157,1.7186,0.0,630.0,0.0157,0.0157,1.7186,0.0,0.9511,1.9989,1.0317,1.8333,0.11,0.11,12.030000000000001,0.0,88.0,12.5714,0.11,0.11,12.030000000000001,0.0,88.0,12.5714,25
461102,Thomas,Burnley,DEF,0,0,0,0,0.0,0.0,0.0,0.0,0.0,0.0,0.0,0.0,0.0,0.0,0.9511,1.9989,1.0317,1.8333,0.0,0.0,0.0,0.0,0.0,0.0,0.0,0.0,0.0,0.0,0.0,0.0,0
226473,Twine,Burnley,MID,0,0,0,0,0.0,0.0,0.0,0.0,0.0,0.0,0.0,0.0,0.0,0.0,0.9511,1.9989,1.0317,1.8333,0.0,0.0,0.0,0.0,0.0,0.0,0.0,0.0,0.0,0.0,0.0,0.0,0
133085,Vigouroux,Burnley,GK,0,0,0,0,0.0,0.0,0.0,0.0,0.0,0.0,0.0,0.0,0.0,0.0,0.9511,1.9989,1.0317,1.8333,0.0,0.0,0.0,0.0,0.0,0.0,0.0,0.0,0.0,0.0,0.0,0.0,0
441455,Vitinho,Burnley,DEF,2311,26,0,0,242.0,0.0037,0.0372,1.6847,0.0,152.0,0.0059,0.0414,1.3737,0.0,0.9511,1.9989,1.0317,1.8333,0.01,0.1,4.53,0.0,20.0,7.438,0.01,0.07,2.3200000000000003,0.0,14.0,8.2895,26
120202,Weghorst,Burnley,FWD,0,0,0,0,790.0,0.2301,0.1332,1.6631,0.0,0.0,0.0,0.0,0.0,0.0,0.9511,1.9989,1.0317,1.8333,2.0197,1.16916,14.5983,0.0,56.0,6.3797,0.0,0.0,0.0,0.0,0.0,0.0,0
511783,Zaroury,Burnley,MID,149,1,0,0,126.0,0.1143,0.0643,1.9071,0.0,96.0,0.1125,0.0281,1.2188,0.0,0.9511,1.9989,1.0317,1.8333,0.16,0.09,2.67,0.0,3.0,2.1429,0.12,0.03,1.3,0.0,9.0,8.4375,1
520295,D.D.Fofana,Burnley,FWD,876,10,0,0,68.0,0.7544,0.0529,2.2765,0.0,0.0,0.0,0.0,0.0,0.0,0.9511,1.9989,1.0317,1.8333,0.5700000000000001,0.04,1.7199999999999998,0.0,8.0,10.5882,0.0,0.0,0.0,0.0,0.0,0.0,10
207189,Berge,Burnley,MID,3002,34,0,0,607.0,0.1364,0.0267,2.2137,0.2965,405.0,0.2044,0.0333,2.1267,0.4444,0.9511,1.9989,1.0317,1.8333,0.9199999999999999,0.18,14.93,2.0,69.0,10.2306,0.9199999999999999,0.15,9.57,2.0,55.0,12.2222,34
492831,Amdouni,Burnley,FWD,1953,27,0,0,584.0,0.2574,0.0632,1.9433,0.3082,385.0,0.3647,0.0491,1.8257,0.4675,0.9511,1.9989,1.0317,1.8333,1.67,0.41,12.610000000000001,2.0,56.0,8.6301,1.56,0.21,7.8100000000000005,2.0,38.0,8.8831,27
432720,Trafford,Burnley,GK,2520,28,0,0,900.0,0.0,0.0,1.902,0.0,630.0,0.0,0.0,1.7186,0.0,0.9511,1.9989,1.0317,1.8333,0.0,0.0,19.02,0.0,195.0,19.5,0.0,0.0,12.030000000000001,0.0,137.0,19.5714,28
83283,Redmond,Burnley,MID,132,0,0,0,77.0,0.0,0.3039,1.8701,0.0,23.0,0.0,0.0,1.0174,0.0,0.9511,1.9989,1.0317,1.8333,0.0,0.26,1.5999999999999999,0.0,20.0,23.3766,0.0,0.0,0.26,0.0,7.0,27.3913,0
487702,Koleosho,Burnley,MID,972,13,0,0,626.0,0.1898,0.1165,1.6476,0.0,432.0,0.2375,0.0792,1.2813,0.0,0.9511,1.9989,1.0317,1.8333,1.3199999999999998,0.8099999999999999,11.46,0.0,49.0,7.0447,1.14,0.38,6.15,0.0,29.0,6.0417,13
179458,Bruun Larsen,Burnley,MID,1235,16,0,0,171.0,0.2421,0.0632,1.9316,0.0,111.0,0.3081,0.0405,1.8405,0.0,0.9511,1.9989,1.0317,1.8333,0.46,0.12000000000000001,3.67,0.0,42.0,22.1053,0.38,0.05,2.27,0.0,36.0,29.1892,16
461567,Dodgson,Burnley,DEF,0,0,0,0,0.0,0.0,0.0,0.0,0.0,0.0,0.0,0.0,0.0,0.0,0.9511,1.9989,1.0317,1.8333,0.0,0.0,0.0,0.0,0.0,0.0,0.0,0.0,0.0,0.0,0.0,0.0,0
550839,Odobert,Burnley,MID,2095,25,0,0,146.0,0.1788,0.4377,3.3164,0.0,146.0,0.1788,0.4377,3.3164,0.0,0.9511,1.9989,1.0317,1.8333,0.29000000000000004,0.71,5.38,0.0,36.0,22.1918,0.29000000000000004,0.71,5.38,0.0,36.0,22.1918,25
247245,Delcroix,Burnley,DEF,584,5,0,0,239.0,0.1318,0.0151,2.1126,0.0,104.0,0.0,0.0,1.6356,0.0,0.9511,1.9989,1.0317,1.8333,0.35,0.04,5.61,0.0,39.0,14.6862,0.0,0.0,1.8900000000000001,0.0,21.0,18.1731,5
447715,A.Ramsey,Burnley,MID,522,5,0,0,208.0,0.0216,0.1904,1.4538,0.0,186.0,0.0242,0.2081,1.4806,0.0,0.9511,1.9989,1.0317,1.8333,0.05,0.44,3.36,0.0,27.0,11.6827,0.05,0.43,3.06,0.0,24.0,11.6129,5
437757,Massengo,Burnley,MID,14,0,0,0,0.0,0.0,0.0,0.0,0.0,0.0,0.0,0.0,0.0,0.0,0.9511,1.9989,1.0317,1.8333,0.0,0.0,0.0,0.0,0.0,0.0,0.0,0.0,0.0,0.0,0.0,0.0,0
437748,M.Trésor,Burnley,MID,410,3,0,0,218.0,0.1239,0.0702,2.0106,0.0,218.0,0.1239,0.0702,2.0106,0.0,0.9511,1.9989,1.0317,1.8333,0.3,0.17,4.87,0.0,23.0,9.4954,0.3,0.17,4.87,0.0,23.0,9.4954,3
503724,Assignon,Burnley,DEF,1235,15,0,0,,,,,,,,,,,0.9511,1.9989,1.0317,1.8333,,,,,,,,,,,,,15
477717,Estève,Burnley,DEF,1310,15,0,0,,,,,,,,,,,0.9511,1.9989,1.0317,1.8333,,,,,,,,,,,,,15
486672,Caicedo,Chelsea,MID,2865,33,0,0,3761.0,0.024,0.0469,0.8958,0.0,428.0,0.0063,0.061,0.8516,0.0,1.1695,0.9762,1.6383,1.3567,1.002,1.9612699999999998,37.4342,0.0,591.0,14.1425,0.03,0.29,4.05,0.0,61.0,12.8271,33
215059,Sanchez,Chelsea,GK,1433,16,0,0,2970.0,0.0,0.0002,0.744,0.4242,540.0,0.0,0.0,1.2133,0.6667,1.1695,0.9762,1.6383,1.3567,0.0,0.00782,24.5536,14.0,566.0,17.1515,0.0,0.0,7.28,4.0,124.0,20.6667,16
199598,Ampadu,Chelsea,DEF,0,0,0,0,0.0,0.0,0.0,0.0,0.0,0.0,0.0,0.0,0.0,0.0,1.1695,0.9762,1.6383,1.3567,0.0,0.0,0.0,0.0,0.0,0.0,0.0,0.0,0.0,0.0,0.0,0.0,0
532605,Andrey,Chelsea,MID,7,0,0,0,7.0,0.7714,0.0,0.2571,0.0,7.0,0.7714,0.0,0.2571,0.0,1.1695,0.9762,1.6383,1.3567,0.06,0.0,0.02,0.0,1.0,12.8571,0.06,0.0,0.02,0.0,1.0,12.8571,0
109745,Arrizabalaga,Chelsea,GK,0,0,0,0,2565.0,0.0,0.0001,1.0942,0.5263,0.0,0.0,0.0,0.0,0.0,1.1695,0.9762,1.6383,1.3567,0.0,0.0022500000000000003,31.184,15.0,575.0,20.1754,0.0,0.0,0.0,0.0,0.0,0.0,0
54694,Aubameyang,Chelsea,FWD,0,0,0,0,546.0,0.2079,0.0067,0.5422,0.4945,0.0,0.0,0.0,0.0,0.0,1.1695,0.9762,1.6383,1.3567,1.2614,0.04075,3.2892,3.0,61.0,10.0549,0.0,0.0,0.0,0.0,0.0,0.0,0
41328,Azpilicueta,Chelsea,DEF,0,0,0,0,1521.0,0.0132,0.0349,1.0305,0.2367,0.0,0.0,0.0,0.0,0.0,1.1695,0.9762,1.6383,1.3567,0.2235,0.59059,17.4151,4.0,242.0,14.3195,0.0,0.0,0.0,0.0,0.0,0.0,0
118335,Baba,Chelsea,DEF,0,0,0,0,0.0,0.0,0.0,0.0,0.0,0.0,0.0,0.0,0.0,0.0,1.1695,0.9762,1.6383,1.3567,0.0,0.0,0.0,0.0,0.0,0.0,0.0,0.0,0.0,0.0,0.0,0.0,0
242880,B.Badiashile,Chelsea,DEF,1337,15,0,0,904.0,0.1253,0.0203,1.2254,0.1991,0.0,0.0,0.0,0.0,0.0,1.1695,0.9762,1.6383,1.3567,1.2584,0.20392,12.3089,2.0,209.0,20.8075,0.0,0.0,0.0,0.0,0.0,0.0,15
122074,Bettinelli,Chelsea,GK,0,0,0,0,0.0,0.0,0.0,0.0,0.0,0.0,0.0,0.0,0.0,0.0,1.1695,0.9762,1.6383,1.3567,0.0,0.0,0.0,0.0,0.0,0.0,0.0,0.0,0.0,0.0,0.0,0.0,0
180736,Chalobah,Chelsea,DEF,949,10,0,0,1601.0,0.0265,0.0148,1.0564,0.0562,0.0,0.0,0.0,0.0,0.0,1.1695,0.9762,1.6383,1.3567,0.47200000000000003,0.26333,18.7919,1.0,318.0,17.8763,0.0,0.0,0.0,0.0,0.0,0.0,10
172850,Chilwell,Chelsea,DEF,752,9,0,0,1736.0,0.1094,0.1846,0.9176,0.3111,39.0,0.3462,0.0231,2.1231,0.0,1.1695,0.9762,1.6383,1.3567,2.11,3.56,17.7,6.0,368.0,19.0783,0.15,0.01,0.9199999999999999,0.0,1.0,2.3077,9
478912,Chukwuemeka,Chelsea,MID,222,2,0,0,467.0,0.0604,0.1508,1.8523,0.0,0.0,0.0,0.0,0.0,0.0,1.1695,0.9762,1.6383,1.3567,0.31320000000000003,0.7826099999999999,9.6112,0.0,94.0,18.1156,0.0,0.0,0.0,0.0,0.0,0.0,2
460028,Colwill,Chelsea,DEF,1794,20,0,0,2107.0,0.0961,0.0272,1.4159,0.3844,529.0,0.0885,0.0187,1.2233,0.5104,1.1695,0.9762,1.6383,1.3567,2.2496,0.63602,33.1473,9.0,445.0,19.0081,0.52,0.11,7.19,3.0,129.0,21.9471,20
179268,Cucurella,Chelsea,DEF,1783,20,0,0,2019.0,0.0291,0.0318,0.614,0.0446,350.0,0.1517,0.0437,0.8794,0.0,1.1695,0.9762,1.6383,1.3567,0.6523,0.71385,13.773200000000001,1.0,420.0,18.7221,0.59,0.16999999999999998,3.42,0.0,57.0,14.6571,20
448047,Enzo,Chelsea,MID,2208,26,0,0,2324.0,0.1131,0.1615,1.295,0.0387,417.0,0.1683,0.054,0.9302,0.0,1.1695,0.9762,1.6383,1.3567,2.92,4.17,33.44,1.0,358.0,13.864,0.78,0.25,4.3100000000000005,0.0,51.0,11.0072,26
444463,W.Fofana,Chelsea,DEF,0,0,0,0,1362.0,0.0403,0.0145,1.1689,0.2643,0.0,0.0,0.0,0.0,0.0,1.1695,0.9762,1.6383,1.3567,0.61,0.22,17.69,4.0,244.0,16.1233,0.0,0.0,0.0,0.0,0.0,0.0,0
232787,Gallagher,Chelsea,MID,3129,37,0,0,2463.0,0.1013,0.0665,1.1212,0.2923,540.0,0.0767,0.0933,1.2133,0.1667,1.1695,0.9762,1.6383,1.3567,2.7712,1.81861,30.6826,8.0,442.0,16.151,0.46,0.56,7.28,1.0,109.0,18.1667,37
482609,Gusto,Chelsea,DEF,1746,19,0,0,499.0,0.0234,0.0721,1.111,0.3607,237.0,0.0266,0.057,1.5759,0.0,1.1695,0.9762,1.6383,1.3567,0.13,0.4,6.16,2.0,122.0,22.004,0.07,0.15,4.15,0.0,38.0,14.4304,19
225796,James,Chelsea,DEF,416,5,0,0,1346.0,0.0333,0.1633,0.6247,0.3343,29.0,0.2172,0.9621,6.3,0.0,1.1695,0.9762,1.6383,1.3567,0.4974,2.44236,9.3433,5.0,311.0,20.7949,0.07,0.31,2.03,0.0,10.0,31.0345,5
66749,Lukaku,Chelsea,FWD,0,0,0,0,0.0,0.0,0.0,0.0,0.0,0.0,0.0,0.0,0.0,0.0,1.1695,0.9762,1.6383,1.3567,0.0,0.0,0.0,0.0,0.0,0.0,0.0,0.0,0.0,0.0,0.0,0.0,0
248857,Madueke,Chelsea,MID,1044,13,0,0,755.0,0.1299,0.1132,1.7905,0.2384,73.0,0.1479,0.1233,1.1342,0.0,1.1695,0.9762,1.6383,1.3567,1.09,0.9500000000000001,15.02,2.0,125.0,14.9007,0.12,0.1,0.92,0.0,16.0,19.726,13
465920,Mudryk,Chelsea,MID,1564,18,0,0,956.0,0.2458,0.2015,1.279,0.2824,239.0,0.2598,0.2674,0.5762,1.1297,1.1695,0.9762,1.6383,1.3567,2.6111,2.14067,13.5858,3.0,163.0,15.3452,0.69,0.71,1.53,3.0,75.0,28.2427,18
517052,N.Jackson,Chelsea,FWD,2801,31,0,0,668.0,0.5322,0.1347,1.1843,0.2695,316.0,0.2848,0.1025,1.3215,0.2848,1.1695,0.9762,1.6383,1.3567,3.95,1.0,8.79,2.0,58.0,7.8144,1.0,0.36,4.640000000000001,1.0,27.0,7.6899,31
213198,Nkunku,Chelsea,FWD,437,2,0,0,0.0,0.0,0.0,0.0,0.0,0.0,0.0,0.0,0.0,0.0,1.1695,0.9762,1.6383,1.3567,0.0,0.0,0.0,0.0,0.0,0.0,0.0,0.0,0.0,0.0,0.0,0.0,2
176413,Pulisic,Chelsea,MID,0,0,0,0,805.0,0.0867,0.0177,0.8948,0.0,0.0,0.0,0.0,0.0,0.0,1.1695,0.9762,1.6383,1.3567,0.7758,0.15834,8.0037,0.0,102.0,11.4037,0.0,0.0,0.0,0.0,0.0,0.0,0
204727,M.Sarr,Chelsea,DEF,0,0,0,0,0.0,0.0,0.0,0.0,0.0,0.0,0.0,0.0,0.0,0.0,1.1695,0.9762,1.6383,1.3567,0.0,0.0,0.0,0.0,0.0,0.0,0.0,0.0,0.0,0.0,0.0,0.0,0
471798,Slonina,Chelsea,GK,0,0,0,0,0.0,0.0,0.0,0.0,0.0,0.0,0.0,0.0,0.0,0.0,1.1695,0.9762,1.6383,1.3567,0.0,0.0,0.0,0.0,0.0,0.0,0.0,0.0,0.0,0.0,0.0,0.0,0
103955,Sterling,Chelsea,MID,1972,22,0,0,2696.0,0.1821,0.106,0.802,0.5007,460.0,0.2191,0.1154,1.2483,0.587,1.1695,0.9762,1.6383,1.3567,5.4537,3.17526,24.0255,15.0,414.0,13.8205,1.12,0.59,6.380000000000001,3.0,58.0,11.3478,22
51090,T.Silva,Chelsea,DEF,2525,28,0,0,3251.0,0.0354,0.0286,0.8292,0.2768,540.0,0.01,0.03,1.2133,0.3333,1.1695,0.9762,1.6383,1.3567,1.2772000000000001,1.03461,29.953,10.0,722.0,19.9877,0.06,0.18,7.28,2.0,117.0,19.5,28
124183,Ziyech,Chelsea,MID,0,0,0,0,649.0,0.0694,0.2026,0.8889,0.0,0.0,0.0,0.0,0.0,0.0,1.1695,0.9762,1.6383,1.3567,0.5005,1.46122,6.409800000000001,0.0,129.0,17.8891,0.0,0.0,0.0,0.0,0.0,0.0,0
244851,Palmer,Chelsea,MID,2617,29,0,0,780.0,0.3427,0.1943,1.2757,0.2308,384.0,0.6281,0.2953,1.35,0.4688,1.1695,0.9762,1.6383,1.3567,2.97,1.68433,11.0564,2.0,175.0,20.1923,2.68,1.26,5.76,2.0,91.0,21.3281,29
518620,Ângelo,Chelsea,MID,0,0,0,0,0.0,0.0,0.0,0.0,0.0,0.0,0.0,0.0,0.0,0.0,1.1695,0.9762,1.6383,1.3567,0.0,0.0,0.0,0.0,0.0,0.0,0.0,0.0,0.0,0.0,0.0,0.0,0
441302,Maatsen,Chelsea,MID,200,1,0,0,107.0,0.3364,0.1514,2.6159,0.0,81.0,0.3778,0.1556,3.3,0.0,1.1695,0.9762,1.6383,1.3567,0.4,0.18,3.11,0.0,17.0,14.2991,0.34,0.14,2.9699999999999998,0.0,12.0,13.3333,1
220362,Disasi,Chelsea,DEF,2579,29,0,0,786.0,0.0882,0.134,1.0088,0.3435,426.0,0.0211,0.0803,0.9697,0.0,1.1695,0.9762,1.6383,1.3567,0.77,1.17,8.81,3.0,159.0,18.2061,0.1,0.38,4.59,0.0,84.0,17.7465,29
503714,Ugochukwu,Chelsea,MID,296,3,0,0,141.0,0.0,0.0574,2.3489,0.0,133.0,0.0,0.0338,2.4293,0.0,1.1695,0.9762,1.6383,1.3567,0.0,0.09,3.6799999999999997,0.0,34.0,21.7021,0.0,0.05,3.59,0.0,27.0,18.2707,3
534392,Burstow,Chelsea,FWD,8,0,0,0,8.0,0.0,0.0,10.125,0.0,0.0,0.0,0.0,0.0,0.0,1.1695,0.9762,1.6383,1.3567,0.0,0.0,0.9,0.0,6.0,67.5,0.0,0.0,0.0,0.0,0.0,0.0,0
482158,Bergström,Chelsea,GK,0,0,0,0,0.0,0.0,0.0,0.0,0.0,0.0,0.0,0.0,0.0,0.0,1.1695,0.9762,1.6383,1.3567,0.0,0.0,0.0,0.0,0.0,0.0,0.0,0.0,0.0,0.0,0.0,0.0,0
514356,Lavia,Chelsea,MID,32,0,0,0,2219.0,0.0087,0.0217,1.4291,0.0,0.0,0.0,0.0,0.0,0.0,1.1695,0.9762,1.6383,1.3567,0.2136,0.5344800000000001,35.236,0.0,317.0,12.8571,0.0,0.0,0.0,0.0,0.0,0.0,0
461188,Humphreys,Chelsea,DEF,0,0,0,0,0.0,0.0,0.0,0.0,0.0,0.0,0.0,0.0,0.0,0.0,1.1695,0.9762,1.6383,1.3567,0.0,0.0,0.0,0.0,0.0,0.0,0.0,0.0,0.0,0.0,0.0,0.0,0
617054,Deivid,Chelsea,FWD,11,0,0,0,9.0,4.7,0.0,16.4,0.0,9.0,4.7,0.0,16.4,0.0,1.1695,0.9762,1.6383,1.3567,0.47,0.0,1.64,0.0,3.0,30.0,0.47,0.0,1.64,0.0,3.0,30.0,0
474803,Beach,Chelsea,GK,0,0,0,0,0.0,0.0,0.0,0.0,0.0,0.0,0.0,0.0,0.0,0.0,1.1695,0.9762,1.6383,1.3567,0.0,0.0,0.0,0.0,0.0,0.0,0.0,0.0,0.0,0.0,0.0,0.0,0
491011,Diego Moreira,Chelsea,MID,0,0,0,0,0.0,0.0,0.0,0.0,0.0,0.0,0.0,0.0,0.0,0.0,1.1695,0.9762,1.6383,1.3567,0.0,0.0,0.0,0.0,0.0,0.0,0.0,0.0,0.0,0.0,0.0,0.0,0
457569,Petrović,Chelsea,GK,1986,22,0,0,0.0,0.0,0.0,0.0,0.0,0.0,0.0,0.0,0.0,0.0,1.1695,0.9762,1.6383,1.3567,0.0,0.0,0.0,0.0,0.0,0.0,0.0,0.0,0.0,0.0,0.0,0.0,22
514280,Gilchrist,Chelsea,DEF,200,2,0,0,0.0,0.0,0.0,0.0,0.0,0.0,0.0,0.0,0.0,0.0,1.1695,0.9762,1.6383,1.3567,0.0,0.0,0.0,0.0,0.0,0.0,0.0,0.0,0.0,0.0,0.0,0.0,2
517996,Stutter,Chelsea,FWD,0,0,0,0,0.0,0.0,0.0,0.0,0.0,0.0,0.0,0.0,0.0,0.0,1.1695,0.9762,1.6383,1.3567,0.0,0.0,0.0,0.0,0.0,0.0,0.0,0.0,0.0,0.0,0.0,0.0,0
519198,Matos,Chelsea,MID,1,0,0,0,1.0,0.0,0.0,0.0,0.0,1.0,0.0,0.0,0.0,0.0,1.1695,0.9762,1.6383,1.3567,0.0,0.0,0.0,0.0,2.0,180.0,0.0,0.0,0.0,0.0,2.0,180.0,0
248854,Brooking,Chelsea,DEF,0,0,0,0,0.0,0.0,0.0,0.0,0.0,0.0,0.0,0.0,0.0,0.0,1.1695,0.9762,1.6383,1.3567,0.0,0.0,0.0,0.0,0.0,0.0,0.0,0.0,0.0,0.0,0.0,0.0,0
517995,Castledine,Chelsea,MID,0,0,0,0,,,,,,,,,,,1.1695,0.9762,1.6383,1.3567,,,,,,,,,,,,,0
505187,Casadei,Chelsea,MID,71,0,0,0,,,,,,,,,,,1.1695,0.9762,1.6383,1.3567,,,,,,,,,,,,,0
536238,Samuels-Smith,Chelsea,DEF,0,0,0,0,0.0,0.0,0.0,0.0,0.0,,,,,,1.1695,0.9762,1.6383,1.3567,0.0,0.0,0.0,0.0,0.0,0.0,,,,,,,0
597983,Harrison,Chelsea,MID,0,0,0,0,,,,,,,,,,,1.1695,0.9762,1.6383,1.3567,,,,,,,,,,,,,0
514277,Tauriainen,Chelsea,MID,1,0,0,0,,,,,,,,,,,1.1695,0.9762,1.6383,1.3567,,,,,,,,,,,,,0
577016,Acheampong,Chelsea,DEF,5,0,0,0,,,,,,,,,,,1.1695,0.9762,1.6383,1.3567,,,,,,,,,,,,,0
499857,Sharman-Lowe,Chelsea,GK,0,0,0,0,,,,,,,,,,,1.1695,0.9762,1.6383,1.3567,,,,,,,,,,,,,0
550615,George,Chelsea,FWD,0,0,0,0,,,,,,,,,,,1.1695,0.9762,1.6383,1.3567,,,,,,,,,,,,,0
559963,Dyer,Chelsea,MID,0,0,0,0,,,,,,,,,,,1.1695,0.9762,1.6383,1.3567,,,,,,,,,,,,,0
518892,Curd,Chelsea,GK,0,0,0,0,,,,,,,,,,,1.1695,0.9762,1.6383,1.3567,,,,,,,,,,,,,0
496222,Sturge,Chelsea,DEF,0,0,0,0,,,,,,,,,,,1.1695,0.9762,1.6383,1.3567,,,,,,,,,,,,,0
156074,Holding,Crystal Palace,DEF,0,0,0,0,562.0,0.0512,0.024,1.7616,0.0,0.0,0.0,0.0,0.0,0.0,0.8076,1.0058,0.8267,1.6967,0.32,0.15000000000000002,11.0005,0.0,120.0,19.2171,0.0,0.0,0.0,0.0,0.0,0.0,0
466117,Ahamada,Crystal Palace,MID,332,0,0,0,143.0,0.0944,0.0252,2.4923,0.0,21.0,0.0,0.0,7.2,0.0,0.8076,1.0058,0.8267,1.6967,0.15000000000000002,0.04,3.96,0.0,36.0,22.6573,0.0,0.0,1.68,0.0,7.0,30.0,0
174874,Andersen,Crystal Palace,DEF,3416,38,0,0,3682.0,0.0436,0.0351,0.8463,0.2444,540.0,0.0967,0.0633,1.6967,0.5,0.8076,1.0058,0.8267,1.6967,1.7819,1.43657,34.6226,10.0,720.0,17.5991,0.5800000000000001,0.38,10.18,3.0,139.0,23.1667,38
80146,J.Ayew,Crystal Palace,MID,2540,30,0,0,3542.0,0.1052,0.0534,0.9885,0.1016,474.0,0.1367,0.0152,1.3804,0.0,0.8076,1.0058,0.8267,1.6967,4.1395,2.10167,38.9039,4.0,419.0,10.6465,0.72,0.08,7.27,0.0,53.0,10.0633,30
57328,Clyne,Crystal Palace,DEF,1335,14,0,0,1748.0,0.0015,0.0268,0.9811,0.0,110.0,0.0245,0.0082,1.17,0.0,0.8076,1.0058,0.8267,1.6967,0.03,0.5209400000000001,19.056,0.0,273.0,14.0561,0.03,0.01,1.43,0.0,27.0,22.0909,14
438464,C.Doucouré,Crystal Palace,MID,920,11,0,0,3580.0,0.0341,0.0334,0.994,0.0754,450.0,0.032,0.07,1.672,0.0,0.8076,1.0058,0.8267,1.6967,1.3565,1.32668,39.5385,3.0,537.0,13.5,0.16,0.35,8.36,0.0,68.0,13.6,11
450535,Ebiowei,Crystal Palace,MID,0,0,0,0,31.0,0.0,0.0042,0.1533,0.0,0.0,0.0,0.0,0.0,0.0,0.8076,1.0058,0.8267,1.6967,0.0,0.00146,0.0528,0.0,9.0,26.129,0.0,0.0,0.0,0.0,0.0,0.0,0
199670,Edouard,Crystal Palace,FWD,1545,17,0,0,2564.0,0.1923,0.0278,0.8549,0.3861,437.0,0.1256,0.033,1.4128,0.4119,0.8076,1.0058,0.8267,1.6967,5.479,0.79173,24.354,11.0,360.0,12.6365,0.61,0.16,6.86,2.0,53.0,10.9153,17
232413,Eze,Crystal Palace,MID,2054,24,0,0,3258.0,0.2083,0.0932,0.7714,0.6077,267.0,0.1888,0.2933,1.773,0.0,0.8076,1.0058,0.8267,1.6967,7.5418,3.3731,27.925800000000002,22.0,690.0,19.0608,0.5599999999999999,0.8700000000000001,5.26,0.0,35.0,11.7978,24
40836,Guaita,Crystal Palace,GK,0,0,0,0,2430.0,0.0,0.0003,0.7584,0.3704,0.0,0.0,0.0,0.0,0.0,0.8076,1.0058,0.8267,1.6967,0.0,0.009000000000000001,20.4775,10.0,484.0,17.9259,0.0,0.0,0.0,0.0,0.0,0.0,0
209036,Guéhi,Crystal Palace,DEF,2020,23,0,0,4140.0,0.0395,0.0198,0.8809,0.1739,450.0,0.108,0.018,1.394,1.2,0.8076,1.0058,0.8267,1.6967,1.8165,0.91282,40.5217,8.0,807.0,17.5435,0.54,0.09,6.97,6.0,118.0,23.6,23
108413,Hughes,Crystal Palace,MID,1886,23,0,0,1321.0,0.0238,0.0658,1.4493,0.2044,498.0,0.0271,0.0614,1.7657,0.0,0.8076,1.0058,0.8267,1.6967,0.35,0.96548,21.2721,3.0,220.0,14.9886,0.15000000000000002,0.34,9.77,0.0,65.0,11.747,23
101982,Johnstone,Crystal Palace,GK,1796,20,0,0,1710.0,0.0,0.0,1.2521,0.5263,540.0,0.0,0.0,1.6967,0.8333,0.8076,1.0058,0.8267,1.6967,0.0,0.0,23.79,10.0,334.0,17.5789,0.0,0.0,10.18,5.0,125.0,20.8333,20
152551,Lerma,Crystal Palace,MID,2399,27,0,0,3776.0,0.0374,0.0636,1.0735,0.1192,164.0,0.0055,0.0055,1.8165,0.0,0.8076,1.0058,0.8267,1.6967,1.5688,2.6672,45.0381,5.0,577.0,13.7526,0.01,0.01,3.31,0.0,17.0,9.3293,27
231747,Mateta,Crystal Palace,FWD,2274,25,0,0,1122.0,0.2112,0.0487,1.4014,0.2406,336.0,0.0964,0.0857,2.1321,0.0,0.8076,1.0058,0.8267,1.6967,2.6333,0.60694,17.4711,3.0,139.0,11.1497,0.36,0.32000000000000006,7.96,0.0,17.0,4.5536,25
169593,Matthews,Crystal Palace,GK,3,0,0,0,0.0,0.0,0.0,0.0,0.0,0.0,0.0,0.0,0.0,0.0,0.8076,1.0058,0.8267,1.6967,0.0,0.0,0.0,0.0,0.0,0.0,0.0,0.0,0.0,0.0,0.0,0.0,0
244723,Mitchell,Crystal Palace,DEF,3204,37,0,0,3768.0,0.0141,0.0334,1.0789,0.215,519.0,0.0069,0.0624,1.722,0.0,0.8076,1.0058,0.8267,1.6967,0.5888,1.3963400000000001,45.1716,9.0,656.0,15.6688,0.04,0.36,9.93,0.0,99.0,17.1676,37
512462,O'Brien,Crystal Palace,DEF,0,0,0,0,0.0,0.0,0.0,0.0,0.0,0.0,0.0,0.0,0.0,0.0,0.8076,1.0058,0.8267,1.6967,0.0,0.0,0.0,0.0,0.0,0.0,0.0,0.0,0.0,0.0,0.0,0.0,0
443661,Olise,Crystal Palace,MID,1272,14,0,0,2743.0,0.0662,0.1725,0.957,0.4922,0.0,0.0,0.0,0.0,0.0,0.8076,1.0058,0.8267,1.6967,2.0172,5.25792,29.1685,15.0,517.0,16.9632,0.0,0.0,0.0,0.0,0.0,0.0,14
450541,Plange,Crystal Palace,FWD,0,0,0,0,0.0,0.0,0.0,0.0,0.0,0.0,0.0,0.0,0.0,0.0,0.8076,1.0058,0.8267,1.6967,0.0,0.0,0.0,0.0,0.0,0.0,0.0,0.0,0.0,0.0,0.0,0.0,0
427623,C.Richards,Crystal Palace,DEF,2091,23,0,0,550.0,0.1046,0.0087,2.0812,0.0,107.0,0.0,0.0,3.0449,0.0,0.8076,1.0058,0.8267,1.6967,0.6391,0.053430000000000005,12.7183,0.0,97.0,15.8727,0.0,0.0,3.62,0.0,14.0,11.7757,23
173954,Riedewald,Crystal Palace,MID,228,2,0,0,146.0,0.0247,0.0185,1.0517,0.0,86.0,0.0,0.0314,1.4547,0.0,0.8076,1.0058,0.8267,1.6967,0.04,0.03,1.7061,0.0,29.0,17.8767,0.0,0.03,1.3900000000000001,0.0,10.0,10.4651,2
86417,Schlupp,Crystal Palace,MID,1340,17,0,0,3151.0,0.0728,0.0334,0.8844,0.0571,320.0,0.0309,0.0084,1.4766,0.0,0.8076,1.0058,0.8267,1.6967,2.5485,1.16917,30.962600000000002,2.0,376.0,10.7394,0.11,0.03,5.25,0.0,22.0,6.1875,17
49413,Tomkins,Crystal Palace,DEF,8,0,0,0,336.0,0.2166,0.0008,2.5698,0.2679,0.0,0.0,0.0,0.0,0.0,0.8076,1.0058,0.8267,1.6967,0.8085,0.0028,9.594,1.0,53.0,14.1964,0.0,0.0,0.0,0.0,0.0,0.0,0
55494,Ward,Crystal Palace,DEF,1978,23,0,0,3055.0,0.0515,0.0241,0.8698,0.1473,450.0,0.124,0.01,1.8,0.0,0.8076,1.0058,0.8267,1.6967,1.7479,0.81881,29.5245,5.0,509.0,14.9951,0.62,0.05,9.0,0.0,59.0,11.8,23
487818,Whitworth,Crystal Palace,GK,0,0,0,0,180.0,0.0,0.0,1.035,0.0,0.0,0.0,0.0,0.0,0.0,0.8076,1.0058,0.8267,1.6967,0.0,0.0,2.0700000000000003,0.0,28.0,14.0,0.0,0.0,0.0,0.0,0.0,0.0,0
172649,Henderson,Crystal Palace,GK,1620,18,0,0,1620.0,0.0,0.0004,0.1982,0.6667,0.0,0.0,0.0,0.0,0.0,0.8076,1.0058,0.8267,1.6967,0.0,0.006540000000000001,3.5671,12.0,367.0,20.3889,0.0,0.0,0.0,0.0,0.0,0.0,18
536694,Matheus França,Crystal Palace,MID,224,1,0,0,31.0,0.2323,0.2323,1.0452,0.0,31.0,0.2323,0.2323,1.0452,0.0,0.8076,1.0058,0.8267,1.6967,0.08,0.08,0.36,0.0,8.0,23.2258,0.08,0.08,0.36,0.0,8.0,23.2258,1
450542,Rak-Sakyi,Crystal Palace,MID,132,0,0,0,132.0,0.2795,0.0955,2.1886,0.0,125.0,0.2808,0.0432,2.3112,0.0,0.8076,1.0058,0.8267,1.6967,0.41,0.14,3.21,0.0,21.0,14.3182,0.39,0.06,3.21,0.0,17.0,12.24,0
461382,Gordon,Crystal Palace,FWD,0,0,0,0,0.0,0.0,0.0,0.0,0.0,0.0,0.0,0.0,0.0,0.0,0.8076,1.0058,0.8267,1.6967,0.0,0.0,0.0,0.0,0.0,0.0,0.0,0.0,0.0,0.0,0.0,0.0,0
531993,Ola-Adebomi,Crystal Palace,FWD,0,0,0,0,0.0,0.0,0.0,0.0,0.0,0.0,0.0,0.0,0.0,0.0,0.8076,1.0058,0.8267,1.6967,0.0,0.0,0.0,0.0,0.0,0.0,0.0,0.0,0.0,0.0,0.0,0.0,0
531989,Ozoh,Crystal Palace,MID,148,0,0,0,4.0,0.0,0.04,0.0,0.0,3.0,0.0,0.0,0.0,0.0,0.8076,1.0058,0.8267,1.6967,0.0,0.00178,0.0,0.0,6.0,135.0,0.0,0.0,0.0,0.0,3.0,90.0,0
474908,Raymond,Crystal Palace,MID,0,0,0,0,0.0,0.0,0.0,0.0,0.0,0.0,0.0,0.0,0.0,0.0,0.8076,1.0058,0.8267,1.6967,0.0,0.0,0.0,0.0,0.0,0.0,0.0,0.0,0.0,0.0,0.0,0.0,0
501468,Adaramola,Crystal Palace,DEF,0,0,0,0,0.0,0.0,0.0,0.0,0.0,,,,,,0.8076,1.0058,0.8267,1.6967,0.0,0.0,0.0,0.0,0.0,0.0,,,,,,,0
247348,Muñoz,Crystal Palace,DEF,1440,16,0,0,,,,,,,,,,,0.8076,1.0058,0.8267,1.6967,,,,,,,,,,,,,16
496221,Wharton,Crystal Palace,MID,1296,15,0,0,,,,,,,,,,,0.8076,1.0058,0.8267,1.6967,,,,,,,,,,,,,15
574398,Umeh-Chibueze,Crystal Palace,FWD,0,0,0,0,,,,,,,,,,,0.8076,1.0058,0.8267,1.6967,,,,,,,,,,,,,0
530318,Rodney,Crystal Palace,MID,0,0,0,0,0.0,0.0,0.0,0.0,0.0,,,,,,0.8076,1.0058,0.8267,1.6967,0.0,0.0,0.0,0.0,0.0,0.0,,,,,,,0
493121,Mathurin,Crystal Palace,MID,0,0,0,0,,,,,,,,,,,0.8076,1.0058,0.8267,1.6967,,,,,,,,,,,,,0
120250,André Gomes,Everton,MID,505,3,0,0,0.0,0.0,0.0,0.0,0.0,0.0,0.0,0.0,0.0,0.0,1.026,1.2488,1.5767,1.4133,0.0,0.0,0.0,0.0,0.0,0.0,0.0,0.0,0.0,0.0,0.0,0.0,3
480455,Branthwaite,Everton,DEF,3116,35,0,0,720.0,0.03,0.0538,1.1212,0.25,540.0,0.0,0.0467,1.095,0.3333,1.026,1.2488,1.5767,1.4133,0.24,0.43000000000000005,8.97,2.0,129.0,16.125,0.0,0.28,6.57,2.0,100.0,16.6667,35
177815,Calvert-Lewin,Everton,FWD,2166,26,0,0,1574.0,0.4084,0.0408,1.342,0.2859,371.0,0.6623,0.0315,0.9388,0.7278,1.026,1.2488,1.5767,1.4133,7.143,0.71269,23.4697,5.0,177.0,10.1207,2.73,0.13,3.87,3.0,87.0,21.1051,26
59949,Coleman,Everton,DEF,661,7,0,0,1654.0,0.0077,0.0349,1.2529,0.2721,0.0,0.0,0.0,0.0,0.0,1.026,1.2488,1.5767,1.4133,0.1419,0.6423000000000001,23.0256,5.0,314.0,17.0859,0.0,0.0,0.0,0.0,0.0,0.0,7
108823,Dele,Everton,MID,0,0,0,0,38.0,0.0,0.0,0.0,0.0,0.0,0.0,0.0,0.0,0.0,1.026,1.2488,1.5767,1.4133,0.0,0.0,0.0,0.0,5.0,11.8421,0.0,0.0,0.0,0.0,0.0,0.0,0
121599,A.Doucoure,Everton,MID,2632,32,0,0,2385.0,0.2355,0.0834,1.5929,0.4528,498.0,0.3289,0.0867,1.1873,0.0,1.026,1.2488,1.5767,1.4133,6.2418,2.20968,42.213,12.0,411.0,15.5094,1.8199999999999998,0.48,6.57,0.0,104.0,18.7952,32
232928,Garner,Everton,MID,3001,34,0,0,1592.0,0.0989,0.1232,1.4077,0.1131,460.0,0.1976,0.2563,1.0859,0.3913,1.026,1.2488,1.5767,1.4133,1.75,2.18,24.9,2.0,236.0,13.3417,1.01,1.31,5.55,2.0,87.0,17.0217,34
160987,Gbamin,Everton,MID,0,0,0,0,0.0,0.0,0.0,0.0,0.0,0.0,0.0,0.0,0.0,0.0,1.026,1.2488,1.5767,1.4133,0.0,0.0,0.0,0.0,0.0,0.0,0.0,0.0,0.0,0.0,0.0,0.0,0
198826,Godfrey,Everton,DEF,1120,13,0,0,802.0,0.1394,0.009,2.0706,0.0,0.0,0.0,0.0,0.0,0.0,1.026,1.2488,1.5767,1.4133,1.2426,0.08018,18.4516,0.0,103.0,11.5586,0.0,0.0,0.0,0.0,0.0,0.0,13
172632,Gray,Everton,MID,0,0,0,0,2501.0,0.1421,0.0534,0.9418,0.1439,0.0,0.0,0.0,0.0,0.0,1.026,1.2488,1.5767,1.4133,3.9478999999999997,1.4845599999999999,26.1723,4.0,284.0,10.2199,0.0,0.0,0.0,0.0,0.0,0.0,0
80801,Gana,Everton,MID,1885,24,0,0,3117.0,0.0274,0.0328,1.3298,0.0289,225.0,0.072,0.116,1.144,0.0,1.026,1.2488,1.5767,1.4133,0.9490000000000001,1.13551,46.0549,1.0,443.0,12.7911,0.18,0.29000000000000004,2.8600000000000003,0.0,35.0,14.0,24
106611,Keane,Everton,DEF,437,4,0,0,1209.0,0.099,0.0655,2.1945,0.3722,45.0,0.0,0.04,3.42,0.0,1.026,1.2488,1.5767,1.4133,1.33,0.88,29.48,5.0,204.0,15.1861,0.0,0.02,1.71,0.0,0.0,0.0,4
433154,McNeil,Everton,MID,2891,33,0,0,2990.0,0.1081,0.1869,1.3089,0.4214,485.0,0.1095,0.3656,0.9,0.0,1.026,1.2488,1.5767,1.4133,3.5902000000000003,6.20856,43.4857,14.0,582.0,17.5184,0.59,1.9700000000000002,4.85,0.0,78.0,14.4742,33
224967,Mykolenko,Everton,DEF,2469,28,0,0,3190.0,0.0116,0.0205,1.0239,0.1975,537.0,0.0385,0.0453,1.0006,0.5028,1.026,1.2488,1.5767,1.4133,0.4105,0.72533,36.2914,7.0,556.0,15.6865,0.23,0.27,5.97,3.0,107.0,17.933,28
449871,Onana,Everton,MID,2085,23,0,0,3361.0,0.0652,0.0472,1.1313,0.0536,515.0,0.166,0.0437,1.0171,0.0,1.026,1.2488,1.5767,1.4133,2.435,1.76272,42.2475,2.0,419.0,11.2199,0.95,0.25,5.82,0.0,58.0,10.1359,23
243571,Patterson,Everton,DEF,1000,9,0,0,1796.0,0.0232,0.0459,1.1253,0.1002,162.0,0.0,0.0444,1.4444,0.0,1.026,1.2488,1.5767,1.4133,0.4639,0.91613,22.4555,2.0,274.0,13.7305,0.0,0.08,2.6,0.0,43.0,23.8889,9
111234,Pickford,Everton,GK,3420,38,0,0,4230.0,0.0,0.0039,1.2254,0.2553,540.0,0.0,0.0117,1.095,0.3333,1.026,1.2488,1.5767,1.4133,0.0,0.18292,57.5941,12.0,820.0,17.4468,0.0,0.07,6.57,2.0,107.0,17.8333,38
218997,Simms,Everton,FWD,0,0,0,0,219.0,0.3534,0.061,2.6317,0.0,0.0,0.0,0.0,0.0,0.0,1.026,1.2488,1.5767,1.4133,0.8600000000000001,0.14848,6.4037,0.0,59.0,24.2466,0.0,0.0,0.0,0.0,0.0,0.0,0
17761,Tarkowski,Everton,DEF,3420,38,0,0,4320.0,0.0604,0.0494,1.1922,0.3542,540.0,0.0517,0.1367,1.095,0.6667,1.026,1.2488,1.5767,1.4133,2.899,2.37245,57.2241,17.0,810.0,16.875,0.31000000000000005,0.82,6.57,4.0,130.0,21.6667,38
222627,J.Virginia,Everton,GK,0,0,0,0,0.0,0.0,0.0,0.0,0.0,0.0,0.0,0.0,0.0,0.0,1.026,1.2488,1.5767,1.4133,0.0,0.0,0.0,0.0,0.0,0.0,0.0,0.0,0.0,0.0,0.0,0.0,0
11948,Lonergan,Everton,GK,0,0,0,0,0.0,0.0,0.0,0.0,0.0,0.0,0.0,0.0,0.0,0.0,1.026,1.2488,1.5767,1.4133,0.0,0.0,0.0,0.0,0.0,0.0,0.0,0.0,0.0,0.0,0.0,0.0,0
18892,Young,Everton,DEF,2277,27,0,0,2770.0,0.0155,0.0345,1.1788,0.2599,379.0,0.019,0.019,1.857,0.0,1.026,1.2488,1.5767,1.4133,0.47630000000000006,1.06112,36.2814,8.0,481.0,15.6282,0.08,0.08,7.82,0.0,26.0,6.1741,27
220307,Danjuma,Everton,MID,587,5,0,0,531.0,0.4475,0.0424,1.4186,0.0,119.0,0.0454,0.0151,1.3387,0.0,1.026,1.2488,1.5767,1.4133,2.64,0.25,8.37,0.0,80.0,13.5593,0.06,0.02,1.77,0.0,16.0,12.1008,5
461421,Dobbin,Everton,MID,226,1,0,0,117.0,0.0538,0.0,1.3308,0.0,0.0,0.0,0.0,0.0,0.0,1.026,1.2488,1.5767,1.4133,0.07,0.0,1.73,0.0,12.0,9.2308,0.0,0.0,0.0,0.0,0.0,0.0,1
491012,Y. Chermiti,Everton,FWD,196,1,0,0,30.0,0.18,0.09,3.57,0.0,6.0,0.0,0.0,9.3,0.0,1.026,1.2488,1.5767,1.4133,0.06,0.03,1.19,0.0,5.0,15.0,0.0,0.0,0.62,0.0,7.0,105.0,1
461416,Cannon,Everton,FWD,1,0,0,0,24.0,0.3334,0.0154,2.7023,0.0,0.0,0.0,0.0,0.0,0.0,1.026,1.2488,1.5767,1.4133,0.0889,0.0041199999999999995,0.7206,0.0,10.0,37.5,0.0,0.0,0.0,0.0,0.0,0.0,0
461446,Onyango,Everton,MID,1,0,0,0,1.0,0.0,0.0,0.0,0.0,0.0,0.0,0.0,0.0,0.0,1.026,1.2488,1.5767,1.4133,0.0,0.0,0.0,0.0,3.0,270.0,0.0,0.0,0.0,0.0,0.0,0.0,0
221399,Harrison,Everton,MID,2212,25,0,0,2964.0,0.14,0.1075,1.0681,0.5466,257.0,0.1681,0.0525,0.6128,1.0506,1.026,1.2488,1.5767,1.4133,4.6122,3.53898,35.1762,18.0,463.0,14.0587,0.48,0.15,1.75,3.0,60.0,21.0117,25
486385,Beto,Everton,FWD,943,9,0,0,283.0,0.3943,0.0286,1.2403,0.0,193.0,0.4756,0.0187,1.2404,0.0,1.026,1.2488,1.5767,1.4133,1.24,0.09,3.9,0.0,14.0,4.4523,1.02,0.04,2.66,0.0,4.0,1.8653,9
447261,Hunt,Everton,MID,0,0,0,0,0.0,0.0,0.0,0.0,0.0,0.0,0.0,0.0,0.0,0.0,1.026,1.2488,1.5767,1.4133,0.0,0.0,0.0,0.0,0.0,0.0,0.0,0.0,0.0,0.0,0.0,0.0,0
491557,Metcalfe,Everton,MID,0,0,0,0,,,,,,,,,,,1.026,1.2488,1.5767,1.4133,,,,,,,,,,,,,0
491745,Campbell,Everton,DEF,0,0,0,0,,,,,,,,,,,1.026,1.2488,1.5767,1.4133,,,,,,,,,,,,,0
461453,Warrington,Everton,MID,1,0,0,0,0.0,0.0,0.0,0.0,0.0,,,,,,1.026,1.2488,1.5767,1.4133,0.0,0.0,0.0,0.0,0.0,0.0,,,,,,,0
438405,Crellin,Everton,GK,0,0,0,0,,,,,,,,,,,1.026,1.2488,1.5767,1.4133,,,,,,,,,,,,,0
440323,Broja,Fulham,FWD,529,6,0,0,405.0,0.1524,0.0171,0.4553,0.0,120.0,0.435,0.03,0.765,0.0,0.8599,1.2505,1.1,1.1183,0.6858,0.07711,2.049,0.0,82.0,18.2222,0.58,0.04,1.02,0.0,26.0,19.5,6
153133,Iwobi,Fulham,MID,2331,27,0,0,3811.0,0.0613,0.0826,1.1929,0.2125,292.0,0.1295,0.1202,1.0264,0.0,0.8599,1.2505,1.1,1.1183,2.5942,3.49849,50.5141,9.0,620.0,14.6418,0.42,0.39,3.33,0.0,44.0,13.5616,27
156689,Andreas,Fulham,MID,2611,34,0,0,3322.0,0.1547,0.0842,1.008,0.2438,375.0,0.1824,0.18,1.1568,0.0,0.8599,1.2505,1.1,1.1183,5.7103,3.10854,37.2049,9.0,443.0,12.0018,0.76,0.75,4.82,0.0,39.0,9.36,34
76357,Cairney,Fulham,MID,1472,14,0,0,1132.0,0.0952,0.1254,1.4152,0.159,65.0,0.1246,0.5815,1.2462,0.0,0.8599,1.2505,1.1,1.1183,1.197,1.5777400000000001,17.7996,2.0,252.0,20.0353,0.09,0.42000000000000004,0.8999999999999999,0.0,24.0,33.2308,14
166324,I.Cavaleiro,Fulham,MID,0,0,0,0,0.0,0.0,0.0,0.0,0.0,0.0,0.0,0.0,0.0,0.0,0.8599,1.2505,1.1,1.1183,0.0,0.0,0.0,0.0,0.0,0.0,0.0,0.0,0.0,0.0,0.0,0.0,0
96994,De Cordova-Reid,Fulham,MID,1410,17,0,0,3027.0,0.1175,0.0394,1.0283,0.1487,282.0,0.2745,0.0702,0.9862,0.6383,0.8599,1.2505,1.1,1.1183,3.9514,1.32642,34.5846,5.0,376.0,11.1794,0.86,0.22,3.09,2.0,45.0,14.3617,17
219924,Diop,Fulham,DEF,1423,16,0,0,2708.0,0.006,0.0232,1.4154,0.3323,340.0,0.0079,0.0185,1.0218,0.0,0.8599,1.2505,1.1,1.1183,0.18009999999999998,0.6986399999999999,42.5868,10.0,557.0,18.5118,0.03,0.07,3.8600000000000003,0.0,76.0,20.1176,16
432931,Francois,Fulham,MID,0,0,0,0,1.0,0.0,0.0,0.0,0.0,0.0,0.0,0.0,0.0,0.0,0.8599,1.2505,1.1,1.1183,0.0,0.0,0.0,0.0,3.0,270.0,0.0,0.0,0.0,0.0,0.0,0.0,0
83543,Knockaert,Fulham,MID,0,0,0,0,0.0,0.0,0.0,0.0,0.0,0.0,0.0,0.0,0.0,0.0,0.8599,1.2505,1.1,1.1183,0.0,0.0,0.0,0.0,0.0,0.0,0.0,0.0,0.0,0.0,0.0,0.0,0
109434,Kongolo,Fulham,DEF,0,0,0,0,0.0,0.0,0.0,0.0,0.0,0.0,0.0,0.0,0.0,0.0,0.8599,1.2505,1.1,1.1183,0.0,0.0,0.0,0.0,0.0,0.0,0.0,0.0,0.0,0.0,0.0,0.0,0
80201,Leno,Fulham,GK,3420,38,0,0,4140.0,0.0,0.0002,1.2524,0.5435,540.0,0.0,0.0,1.1183,0.5,0.8599,1.2505,1.1,1.1183,0.0,0.00921,57.6081,25.0,988.0,21.4783,0.0,0.0,6.71,3.0,120.0,20.0,38
212314,Lukić,Fulham,MID,1113,13,0,0,743.0,0.0933,0.0279,2.4456,0.0,87.0,0.6207,0.0103,1.7172,0.0,0.8599,1.2505,1.1,1.1183,0.7699999999999999,0.23,20.19,0.0,94.0,11.3863,0.6,0.01,1.6600000000000001,0.0,5.0,5.1724,13
120721,Mbabu,Fulham,DEF,0,0,0,0,141.0,0.0,0.0,0.0,0.0,0.0,0.0,0.0,0.0,0.0,0.8599,1.2505,1.1,1.1183,0.0,0.0,0.0,0.0,39.0,24.8936,0.0,0.0,0.0,0.0,0.0,0.0,0
128389,Mitrović,Fulham,FWD,32,0,0,0,2042.0,0.3377,0.0298,0.7609,0.617,0.0,0.0,0.0,0.0,0.0,0.8599,1.2505,1.1,1.1183,7.662,0.6752900000000001,17.2647,14.0,330.0,14.5446,0.0,0.0,0.0,0.0,0.0,0.0,0
244042,Muniz,Fulham,FWD,1589,18,0,0,57.0,0.4421,0.0474,3.4579,0.0,44.0,0.5727,0.0,1.4932,0.0,0.8599,1.2505,1.1,1.1183,0.28,0.03,2.19,0.0,2.0,3.1579,0.28,0.0,0.73,0.0,-1.0,-2.0455,18
154296,J.Palhinha,Fulham,MID,2698,31,0,0,3752.0,0.066,0.0084,1.0975,0.2639,531.0,0.0695,0.0119,1.1373,0.5085,0.8599,1.2505,1.1,1.1183,2.753,0.35008,45.7521,11.0,487.0,11.6818,0.41000000000000003,0.07,6.71,3.0,75.0,12.7119,31
82514,Ream,Fulham,DEF,1503,17,0,0,3681.0,0.0285,0.0071,1.1295,0.3912,540.0,0.0,0.015,1.1183,0.3333,0.8599,1.2505,1.1,1.1183,1.1648,0.28971,46.1981,16.0,715.0,17.4817,0.0,0.09,6.71,2.0,98.0,16.3333,17
153366,Reed,Fulham,MID,1317,15,0,0,3435.0,0.0255,0.0466,1.0599,0.2358,301.0,0.006,0.0837,1.1033,0.0,0.8599,1.2505,1.1,1.1183,0.9737,1.77686,40.4546,9.0,495.0,12.9694,0.02,0.28,3.69,0.0,37.0,11.0631,15
169528,Robinson,Fulham,DEF,3266,37,0,0,3898.0,0.0025,0.0408,1.2514,0.1385,450.0,0.012,0.122,1.086,0.2,0.8599,1.2505,1.1,1.1183,0.11,1.76679,54.2004,6.0,693.0,16.0005,0.060000000000000005,0.61,5.43,1.0,79.0,15.8,37
155529,Rodák,Fulham,GK,0,0,0,0,180.0,0.0,0.0,0.0,0.0,0.0,0.0,0.0,0.0,0.0,0.8599,1.2505,1.1,1.1183,0.0,0.0,0.0,0.0,30.0,15.0,0.0,0.0,0.0,0.0,0.0,0.0,0
167074,Tete,Fulham,DEF,863,10,0,0,2996.0,0.0248,0.0569,1.3629,0.03,90.0,0.19,0.13,1.28,0.0,0.8599,1.2505,1.1,1.1183,0.8262,1.89356,45.3705,1.0,555.0,16.6722,0.19,0.13,1.28,0.0,22.0,22.0,10
109646,Tosin,Fulham,DEF,1616,18,0,0,2085.0,0.0251,0.0175,1.0279,0.0432,0.0,0.0,0.0,0.0,0.0,0.8599,1.2505,1.1,1.1183,0.5813,0.40438999999999997,23.8126,1.0,358.0,15.4532,0.0,0.0,0.0,0.0,0.0,0.0,18
245824,Vinícius,Fulham,FWD,306,2,0,0,1296.0,0.2454,0.0363,1.4245,0.8333,198.0,0.3045,0.0273,1.1,0.9091,0.8599,1.2505,1.1,1.1183,3.5340000000000003,0.52217,20.5134,12.0,245.0,17.0139,0.67,0.060000000000000005,2.42,2.0,39.0,17.7273,2
153682,Wilson,Fulham,MID,1603,16,0,0,1631.0,0.128,0.1036,1.7912,0.1104,216.0,0.2,0.225,1.2708,0.0,0.8599,1.2505,1.1,1.1183,2.3203,1.87757,32.46,2.0,287.0,15.8369,0.48000000000000004,0.54,3.05,0.0,42.0,17.5,16
102057,Raúl,Fulham,FWD,1390,18,0,0,1444.0,0.1841,0.0432,1.6331,0.0,293.0,0.2058,0.043,1.0904,0.0,0.8599,1.2505,1.1,1.1183,2.9531,0.69263,26.2014,0.0,97.0,6.0457,0.6699999999999999,0.14,3.55,0.0,10.0,3.0717,18
47431,Willian,Fulham,MID,2048,24,0,0,2746.0,0.0909,0.104,1.2167,0.4588,535.0,0.1514,0.1127,1.011,0.5047,0.8599,1.2505,1.1,1.1183,2.7742999999999998,3.17342,37.1222,14.0,537.0,17.6001,0.9,0.67,6.01,3.0,92.0,15.4766,24
232892,Bassey,Fulham,DEF,2299,25,0,0,305.0,0.0,0.003,2.6321,0.0,200.0,0.0,0.0045,1.4085,0.0,0.8599,1.2505,1.1,1.1183,0.0,0.01,8.92,0.0,41.0,12.0984,0.0,0.01,3.13,0.0,37.0,16.65,25
547686,De Fougerolles,Fulham,DEF,0,0,0,0,0.0,0.0,0.0,0.0,0.0,0.0,0.0,0.0,0.0,0.0,0.8599,1.2505,1.1,1.1183,0.0,0.0,0.0,0.0,0.0,0.0,0.0,0.0,0.0,0.0,0.0,0.0,0
490146,Stansfield,Fulham,FWD,0,0,0,0,85.0,0.0,0.0,0.0,0.0,0.0,0.0,0.0,0.0,0.0,0.8599,1.2505,1.1,1.1183,0.0,0.0,0.0,0.0,22.0,23.2941,0.0,0.0,0.0,0.0,0.0,0.0,0
515023,Dibley-Dias,Fulham,MID,0,0,0,0,0.0,0.0,0.0,0.0,0.0,0.0,0.0,0.0,0.0,0.0,0.8599,1.2505,1.1,1.1183,0.0,0.0,0.0,0.0,0.0,0.0,0.0,0.0,0.0,0.0,0.0,0.0,0
159533,Adama,Fulham,MID,363,1,0,0,1509.0,0.0537,0.1469,1.3661,0.0,0.0,0.0,0.0,0.0,0.0,0.8599,1.2505,1.1,1.1183,0.9006000000000001,2.46319,22.9054,0.0,232.0,13.837,0.0,0.0,0.0,0.0,0.0,0.0,1
515024,Harris,Fulham,MID,74,0,0,0,84.0,0.3,0.0153,2.5671,0.0,0.0,0.0,0.0,0.0,0.0,0.8599,1.2505,1.1,1.1183,0.28,0.01431,2.396,0.0,9.0,9.6429,0.0,0.0,0.0,0.0,0.0,0.0,0
166477,Castagne,Fulham,DEF,2630,29,0,0,3812.0,0.0222,0.0374,1.1699,0.3305,540.0,0.0267,0.115,1.1183,0.5,0.8599,1.2505,1.1,1.1183,0.9397,1.583,49.5538,14.0,719.0,16.9753,0.16,0.6900000000000001,6.71,3.0,101.0,16.8333,29
428971,Benda,Fulham,GK,0,0,0,0,0.0,0.0,0.0,0.0,0.0,0.0,0.0,0.0,0.0,0.0,0.8599,1.2505,1.1,1.1183,0.0,0.0,0.0,0.0,0.0,0.0,0.0,0.0,0.0,0.0,0.0,0.0,0
225897,Ballo-Touré,Fulham,DEF,65,0,0,0,0.0,0.0,0.0,0.0,0.0,0.0,0.0,0.0,0.0,0.0,0.8599,1.2505,1.1,1.1183,0.0,0.0,0.0,0.0,0.0,0.0,0.0,0.0,0.0,0.0,0.0,0.0,0
487693,Tanton,Fulham,DEF,0,0,0,0,0.0,0.0,0.0,0.0,0.0,0.0,0.0,0.0,0.0,0.0,0.8599,1.2505,1.1,1.1183,0.0,0.0,0.0,0.0,0.0,0.0,0.0,0.0,0.0,0.0,0.0,0.0,0
511504,Sekularac,Fulham,MID,0,0,0,0,0.0,0.0,0.0,0.0,0.0,,,,,,0.8599,1.2505,1.1,1.1183,0.0,0.0,0.0,0.0,0.0,0.0,,,,,,,0
577725,King,Fulham,MID,0,0,0,0,,,,,,,,,,,0.8599,1.2505,1.1,1.1183,,,,,,,,,,,,,0
60706,Adrián,Liverpool,GK,0,0,0,0,0.0,0.0,0.0,0.0,0.0,0.0,0.0,0.0,0.0,0.0,1.62,1.0222,2.4533,1.465,0.0,0.0,0.0,0.0,0.0,0.0,0.0,0.0,0.0,0.0,0.0,0.0,0
169187,Alexander-Arnold,Liverpool,DEF,2153,25,0,0,3521.0,0.0455,0.2014,0.9266,0.6135,273.0,0.0824,0.1022,0.9791,0.0,1.62,1.0222,2.4533,1.465,1.7784,7.87897,36.250099999999996,24.0,968.0,24.743,0.25,0.31,2.97,0.0,69.0,22.7473,25
116535,A.Becker,Liverpool,GK,2520,28,0,0,4230.0,0.0,0.0005,0.9151,0.4468,540.0,0.0,0.0,1.12,0.6667,1.62,1.0222,2.4533,1.465,0.0,0.02541,43.0105,21.0,1045.0,22.234,0.0,0.0,6.72,4.0,133.0,22.1667,28
535928,Bajcetic,Liverpool,MID,25,0,0,0,522.0,0.137,0.0772,1.1721,0.0,0.0,0.0,0.0,0.0,0.0,1.62,1.0222,2.4533,1.465,0.7945,0.4479,6.7981,0.0,85.0,14.6552,0.0,0.0,0.0,0.0,0.0,0.0,0
447203,Darwin,Liverpool,FWD,2033,22,0,0,2100.0,0.5227,0.1035,0.9647,0.5143,311.0,0.6772,0.2084,1.0939,0.2894,1.62,1.0222,2.4533,1.465,12.1973,2.41436,22.5108,12.0,465.0,19.9286,2.34,0.72,3.7800000000000002,1.0,81.0,23.4405,22
194634,Diogo J.,Liverpool,MID,1141,14,0,0,1556.0,0.4656,0.1122,1.0423,0.6362,234.0,0.6423,0.0846,0.9231,0.0,1.62,1.0222,2.4533,1.465,8.05,1.94,18.02,11.0,381.0,22.0373,1.67,0.22,2.4,0.0,47.0,18.0769,14
444884,Elliott,Liverpool,MID,1330,11,0,0,1823.0,0.0661,0.1285,0.8289,0.0987,138.0,0.163,0.137,0.7957,0.0,1.62,1.0222,2.4533,1.465,1.3387,2.60352,16.790499999999998,2.0,329.0,16.2425,0.25,0.21000000000000002,1.22,0.0,28.0,18.2609,11
116643,Fabinho,Liverpool,MID,0,0,0,0,2666.0,0.0184,0.0501,0.8673,0.0,0.0,0.0,0.0,0.0,0.0,1.62,1.0222,2.4533,1.465,0.546,1.48503,25.6928,0.0,394.0,13.3008,0.0,0.0,0.0,0.0,0.0,0.0,0
243298,Gakpo,Liverpool,FWD,1633,17,0,0,1805.0,0.4215,0.1024,1.1931,0.349,141.0,1.1362,0.0511,1.1553,1.9149,1.62,1.0222,2.4533,1.465,8.453100000000001,2.05324,23.9282,7.0,326.0,16.2548,1.78,0.08,1.81,3.0,52.0,33.1915,17
171287,Gomez,Liverpool,DEF,1772,17,0,0,1894.0,0.01,0.0316,0.8789,0.3801,272.0,0.0199,0.0364,1.2408,0.0,1.62,1.0222,2.4533,1.465,0.21,0.66605,18.496199999999998,8.0,419.0,19.9102,0.06,0.11,3.75,0.0,50.0,16.5441,17
56979,Henderson,Liverpool,MID,0,0,0,0,2060.0,0.0396,0.0979,0.9073,0.0,0.0,0.0,0.0,0.0,0.0,1.62,1.0222,2.4533,1.465,0.9072,2.23988,20.7672,0.0,401.0,17.5194,0.0,0.0,0.0,0.0,0.0,0.0,0
206915,Jones,Liverpool,MID,1156,14,0,0,1307.0,0.0751,0.0813,1.3129,0.2754,191.0,0.0518,0.0283,2.766,0.0,1.62,1.0222,2.4533,1.465,1.09,1.18073,19.0664,4.0,235.0,16.1821,0.11000000000000001,0.06,5.87,0.0,17.0,8.0105,14
200720,Kelleher,Liverpool,GK,900,10,0,0,90.0,0.0,0.0,1.77,0.0,0.0,0.0,0.0,0.0,0.0,1.62,1.0222,2.4533,1.465,0.0,0.0,1.77,0.0,20.0,20.0,0.0,0.0,0.0,0.0,0.0,0.0,10
204716,Konaté,Liverpool,DEF,1570,17,0,0,1928.0,0.0591,0.0323,1.2583,0.0,197.0,0.0,0.0183,1.1284,0.0,1.62,1.0222,2.4533,1.465,1.2669,0.6926,26.9553,0.0,398.0,18.5788,0.0,0.04,2.4699999999999998,0.0,63.0,28.7817,17
244731,Luis Díaz,Liverpool,MID,2625,32,0,0,1615.0,0.1895,0.0858,0.7133,0.4458,367.0,0.3213,0.1839,1.2703,0.0,1.62,1.0222,2.4533,1.465,3.4000000000000004,1.54,12.799999999999999,8.0,255.0,14.2105,1.31,0.75,5.18,0.0,35.0,8.5831,32
243016,Mac Allister,Liverpool,MID,2600,31,0,0,3672.0,0.2179,0.1054,0.9355,0.4657,481.0,0.0243,0.1235,1.1807,0.1871,1.62,1.0222,2.4533,1.465,8.8913,4.29944,38.1688,19.0,674.0,16.5196,0.13,0.66,6.31,1.0,71.0,13.2848,31
60914,Matip,Liverpool,DEF,779,9,0,0,1622.0,0.0716,0.0547,1.0638,0.2219,365.0,0.0049,0.0197,1.2403,0.0,1.62,1.0222,2.4533,1.465,1.29,0.98512,19.1715,4.0,313.0,17.3674,0.02,0.08,5.029999999999999,0.0,63.0,15.5342,9
197464,Phillips,Liverpool,DEF,0,0,0,0,65.0,0.0,0.0015,0.0,0.0,0.0,0.0,0.0,0.0,0.0,1.62,1.0222,2.4533,1.465,0.0,0.00111,0.0,0.0,17.0,23.5385,0.0,0.0,0.0,0.0,0.0,0.0,0
122798,Robertson,Liverpool,DEF,1689,18,0,0,3299.0,0.0363,0.1544,0.9905,0.3547,360.0,0.1175,0.155,1.535,0.75,1.62,1.0222,2.4533,1.465,1.33,5.65957,36.3058,13.0,800.0,21.8248,0.47,0.62,6.14,3.0,93.0,23.25,18
118748,Salah,Liverpool,MID,2531,28,0,0,4154.0,0.4755,0.1664,0.8861,0.7366,523.0,0.8122,0.4096,1.0428,1.8929,1.62,1.0222,2.4533,1.465,21.9455,7.6821,40.9005,34.0,902.0,19.5426,4.72,2.38,6.06,11.0,176.0,30.2868,28
424876,Szoboszlai,Liverpool,MID,2102,25,0,0,900.0,0.072,0.251,1.195,0.5,540.0,0.0733,0.3333,1.12,0.5,1.62,1.0222,2.4533,1.465,0.72,2.51,11.95,5.0,219.0,21.9,0.44,2.0,6.72,3.0,133.0,22.1667,25
61558,Thiago,Liverpool,MID,5,0,0,0,1252.0,0.0265,0.0392,0.8319,0.0,0.0,0.0,0.0,0.0,0.0,1.62,1.0222,2.4533,1.465,0.3682,0.54545,11.5726,0.0,194.0,13.9457,0.0,0.0,0.0,0.0,0.0,0.0,0
214285,Tsimikas,Liverpool,DEF,675,8,0,0,917.0,0.0438,0.1201,0.8337,0.1963,151.0,0.0,0.2265,0.3278,0.0,1.62,1.0222,2.4533,1.465,0.4464,1.22393,8.4947,2.0,268.0,26.3032,0.0,0.38,0.55,0.0,49.0,29.2053,8
444765,Van den Berg,Liverpool,DEF,0,0,0,0,0.0,0.0,0.0,0.0,0.0,0.0,0.0,0.0,0.0,0.0,1.62,1.0222,2.4533,1.465,0.0,0.0,0.0,0.0,0.0,0.0,0.0,0.0,0.0,0.0,0.0,0.0,0
97032,Virgil,Liverpool,DEF,3177,36,0,0,3492.0,0.0585,0.0256,0.8852,0.4639,450.0,0.064,0.054,1.218,1.0,1.62,1.0222,2.4533,1.465,2.2684,0.9916200000000001,34.3459,18.0,788.0,20.3093,0.32,0.27,6.09,5.0,128.0,25.6,36
441428,Quansah,Liverpool,DEF,1188,13,0,0,114.0,0.0,0.0079,0.7816,0.0,82.0,0.0,0.011,0.5598,0.0,1.62,1.0222,2.4533,1.465,0.0,0.01,0.99,0.0,27.0,21.3158,0.0,0.01,0.51,0.0,22.0,24.1463,13
491970,Clark,Liverpool,MID,86,1,0,0,7.0,0.0,0.0,0.0,0.0,0.0,0.0,0.0,0.0,0.0,1.62,1.0222,2.4533,1.465,0.0,0.0,0.0,0.0,1.0,12.8571,0.0,0.0,0.0,0.0,0.0,0.0,1
496208,Doak,Liverpool,MID,13,0,0,0,36.0,0.0,0.0091,2.7322,0.0,0.0,0.0,0.0,0.0,0.0,1.62,1.0222,2.4533,1.465,0.0,0.00364,1.0929,0.0,7.0,17.5,0.0,0.0,0.0,0.0,0.0,0.0,0
491501,McConnell,Liverpool,MID,3,0,0,0,0.0,0.0,0.0,0.0,0.0,0.0,0.0,0.0,0.0,0.0,1.62,1.0222,2.4533,1.465,0.0,0.0,0.0,0.0,0.0,0.0,0.0,0.0,0.0,0.0,0.0,0.0,0
158983,Endo,Liverpool,MID,1714,20,0,0,116.0,0.0,0.0078,2.5914,0.0,29.0,0.0,0.0,3.1034,0.0,1.62,1.0222,2.4533,1.465,0.0,0.01,3.3400000000000003,0.0,21.0,16.2931,0.0,0.0,1.0,0.0,7.0,21.7241,20
441266,Gravenberch,Liverpool,MID,1110,12,0,0,188.0,0.4069,0.0383,1.0005,0.0,188.0,0.4069,0.0383,1.0005,0.0,1.62,1.0222,2.4533,1.465,0.85,0.08,2.09,0.0,28.0,13.4043,0.85,0.08,2.09,0.0,28.0,13.4043,12
462491,Chambers,Liverpool,DEF,0,0,0,0,0.0,0.0,0.0,0.0,0.0,0.0,0.0,0.0,0.0,0.0,1.62,1.0222,2.4533,1.465,0.0,0.0,0.0,0.0,0.0,0.0,0.0,0.0,0.0,0.0,0.0,0.0,0
519328,Scanlon,Liverpool,DEF,0,0,0,0,0.0,0.0,0.0,0.0,0.0,0.0,0.0,0.0,0.0,0.0,1.62,1.0222,2.4533,1.465,0.0,0.0,0.0,0.0,0.0,0.0,0.0,0.0,0.0,0.0,0.0,0.0,0
591386,Nyoni,Liverpool,MID,0,0,0,0,,,,,,,,,,,1.62,1.0222,2.4533,1.465,,,,,,,,,,,,,0
443629,Pitaluga,Liverpool,GK,0,0,0,0,,,,,,,,,,,1.62,1.0222,2.4533,1.465,,,,,,,,,,,,,0
492777,Bradley,Liverpool,DEF,752,10,0,0,,,,,,,,,,,1.62,1.0222,2.4533,1.465,,,,,,,,,,,,,10
430992,Beck,Liverpool,DEF,7,0,0,0,,,,,,,,,,,1.62,1.0222,2.4533,1.465,,,,,,,,,,,,,0
496185,Gordon,Liverpool,MID,1,0,0,0,,,,,,,,,,,1.62,1.0222,2.4533,1.465,,,,,,,,,,,,,0
514514,Koumas,Liverpool,FWD,0,0,0,0,,,,,,,,,,,1.62,1.0222,2.4533,1.465,,,,,,,,,,,,,0
518199,Mrozek,Liverpool,GK,0,0,0,0,,,,,,,,,,,1.62,1.0222,2.4533,1.465,,,,,,,,,,,,,0
500058,Danns,Liverpool,FWD,7,0,0,0,,,,,,,,,,,1.62,1.0222,2.4533,1.465,,,,,,,,,,,,,0
611926,Nallo,Liverpool,DEF,0,0,0,0,,,,,,,,,,,1.62,1.0222,2.4533,1.465,,,,,,,,,,,,,0
437742,Sambi,Luton,MID,1304,16,0,0,858.0,0.0241,0.0126,0.7783,0.0,130.0,0.0415,0.0069,0.7408,0.0,1.3367,2.1189,1.4517,1.97,0.23,0.12,7.42,0.0,140.0,14.6853,0.06,0.01,1.07,0.0,11.0,7.6154,16
184704,Nakamba,Luton,MID,1131,13,0,0,885.0,0.0183,0.0488,2.0024,0.0,615.0,0.0249,0.0337,1.8205,0.0,1.3367,2.1189,1.4517,1.97,0.18,0.48000000000000004,19.69,0.0,114.0,11.5932,0.17,0.23,12.44,0.0,77.0,11.2683,13
174310,Adebayo,Luton,FWD,1405,16,0,0,360.0,0.3125,0.0525,1.67,0.5,158.0,0.4842,0.0285,1.5665,1.1392,1.3367,2.1189,1.4517,1.97,1.25,0.21,6.68,2.0,67.0,16.75,0.85,0.05,2.75,2.0,59.0,33.6076,16
208904,Andersen,Luton,DEF,397,4,0,0,371.0,0.0631,0.0,1.7151,0.2426,193.0,0.0233,0.0,1.6741,0.0,1.3367,2.1189,1.4517,1.97,0.26,0.0,7.07,1.0,68.0,16.496,0.05,0.0,3.59,0.0,33.0,15.3886,4
165183,Bell,Luton,DEF,1720,21,0,0,560.0,0.0595,0.0113,1.8884,0.0,290.0,0.1148,0.0093,1.3966,0.0,1.3367,2.1189,1.4517,1.97,0.37,0.07,11.75,0.0,68.0,10.9286,0.37,0.03,4.5,0.0,29.0,9.0,21
82738,Berry,Luton,MID,309,2,0,0,26.0,0.0,0.0,4.2231,0.0,24.0,0.0,0.0,0.0,0.0,1.3367,2.1189,1.4517,1.97,0.0,0.0,1.22,0.0,6.0,20.7692,0.0,0.0,0.0,0.0,3.0,11.25,2
156658,Burke,Luton,DEF,1659,20,0,0,595.0,0.056,0.0287,1.865,0.0,429.0,0.0231,0.0357,1.9406,0.0,1.3367,2.1189,1.4517,1.97,0.37,0.19,12.33,0.0,79.0,11.9496,0.11,0.17,9.25,0.0,57.0,11.958,20
193195,Campbell,Luton,MID,0,0,0,0,0.0,0.0,0.0,0.0,0.0,0.0,0.0,0.0,0.0,0.0,1.3367,2.1189,1.4517,1.97,0.0,0.0,0.0,0.0,0.0,0.0,0.0,0.0,0.0,0.0,0.0,0.0,0
96784,Clark,Luton,MID,1297,14,0,0,0.0,0.0,0.0,0.0,0.0,0.0,0.0,0.0,0.0,0.0,1.3367,2.1189,1.4517,1.97,0.0,0.0,0.0,0.0,0.0,0.0,0.0,0.0,0.0,0.0,0.0,0.0,14
244262,Doughty,Luton,DEF,2923,34,0,0,640.0,0.045,0.2123,2.1811,0.5625,517.0,0.0522,0.2298,2.0072,0.6963,1.3367,2.1189,1.4517,1.97,0.32,1.51,15.51,4.0,108.0,15.1875,0.30000000000000004,1.32,11.530000000000001,4.0,95.0,16.5377,34
49083,Freeman,Luton,MID,0,0,0,0,0.0,0.0,0.0,0.0,0.0,0.0,0.0,0.0,0.0,0.0,1.3367,2.1189,1.4517,1.97,0.0,0.0,0.0,0.0,0.0,0.0,0.0,0.0,0.0,0.0,0.0,0.0,0
113534,Macey,Luton,GK,0,0,0,0,0.0,0.0,0.0,0.0,0.0,0.0,0.0,0.0,0.0,0.0,1.3367,2.1189,1.4517,1.97,0.0,0.0,0.0,0.0,0.0,0.0,0.0,0.0,0.0,0.0,0.0,0.0,0
422303,McAtee,Luton,FWD,0,0,0,0,0.0,0.0,0.0,0.0,0.0,0.0,0.0,0.0,0.0,0.0,1.3367,2.1189,1.4517,1.97,0.0,0.0,0.0,0.0,0.0,0.0,0.0,0.0,0.0,0.0,0.0,0.0,0
453537,Mendes,Luton,MID,0,0,0,0,0.0,0.0,0.0,0.0,0.0,0.0,0.0,0.0,0.0,0.0,1.3367,2.1189,1.4517,1.97,0.0,0.0,0.0,0.0,0.0,0.0,0.0,0.0,0.0,0.0,0.0,0.0,0
156700,Morris,Luton,FWD,2859,32,0,0,846.0,0.3755,0.0638,2.0755,0.7447,576.0,0.3391,0.0359,1.9156,0.7812,1.3367,2.1189,1.4517,1.97,3.53,0.6,19.51,7.0,114.0,12.1277,2.17,0.23,12.26,5.0,59.0,9.2188,32
174595,Muskwe,Luton,FWD,0,0,0,0,0.0,0.0,0.0,0.0,0.0,0.0,0.0,0.0,0.0,0.0,1.3367,2.1189,1.4517,1.97,0.0,0.0,0.0,0.0,0.0,0.0,0.0,0.0,0.0,0.0,0.0,0.0,0
229164,Ogbene,Luton,FWD,1987,20,0,0,595.0,0.124,0.2087,2.1131,0.3025,556.0,0.1279,0.2201,1.9311,0.3237,1.3367,2.1189,1.4517,1.97,0.8200000000000001,1.38,13.97,2.0,97.0,14.6723,0.79,1.3599999999999999,11.93,2.0,87.0,14.0827,20
168035,Onyedinma,Luton,MID,403,4,0,0,0.0,0.0,0.0,0.0,0.0,0.0,0.0,0.0,0.0,0.0,1.3367,2.1189,1.4517,1.97,0.0,0.0,0.0,0.0,0.0,0.0,0.0,0.0,0.0,0.0,0.0,0.0,4
199056,Osho,Luton,DEF,1846,21,0,0,56.0,0.0,0.0,3.1661,0.0,56.0,0.0,0.0,3.1661,0.0,1.3367,2.1189,1.4517,1.97,0.0,0.0,1.97,0.0,4.0,6.4286,0.0,0.0,1.97,0.0,4.0,6.4286,21
490180,Pepple,Luton,FWD,0,0,0,0,0.0,0.0,0.0,0.0,0.0,0.0,0.0,0.0,0.0,0.0,1.3367,2.1189,1.4517,1.97,0.0,0.0,0.0,0.0,0.0,0.0,0.0,0.0,0.0,0.0,0.0,0.0,0
243532,Pereira,Luton,MID,0,0,0,0,0.0,0.0,0.0,0.0,0.0,0.0,0.0,0.0,0.0,0.0,1.3367,2.1189,1.4517,1.97,0.0,0.0,0.0,0.0,0.0,0.0,0.0,0.0,0.0,0.0,0.0,0.0,0
108411,Potts,Luton,DEF,0,0,0,0,0.0,0.0,0.0,0.0,0.0,0.0,0.0,0.0,0.0,0.0,1.3367,2.1189,1.4517,1.97,0.0,0.0,0.0,0.0,0.0,0.0,0.0,0.0,0.0,0.0,0.0,0.0,0
165152,Rea,Luton,MID,0,0,0,0,0.0,0.0,0.0,0.0,0.0,0.0,0.0,0.0,0.0,0.0,1.3367,2.1189,1.4517,1.97,0.0,0.0,0.0,0.0,0.0,0.0,0.0,0.0,0.0,0.0,0.0,0.0,0
77818,Shea,Luton,GK,14,0,0,0,0.0,0.0,0.0,0.0,0.0,0.0,0.0,0.0,0.0,0.0,1.3367,2.1189,1.4517,1.97,0.0,0.0,0.0,0.0,0.0,0.0,0.0,0.0,0.0,0.0,0.0,0.0,0
242500,Taylor,Luton,FWD,0,0,0,0,0.0,0.0,0.0,0.0,0.0,0.0,0.0,0.0,0.0,0.0,1.3367,2.1189,1.4517,1.97,0.0,0.0,0.0,0.0,0.0,0.0,0.0,0.0,0.0,0.0,0.0,0.0,0
232477,Thorpe,Luton,MID,0,0,0,0,0.0,0.0,0.0,0.0,0.0,0.0,0.0,0.0,0.0,0.0,1.3367,2.1189,1.4517,1.97,0.0,0.0,0.0,0.0,0.0,0.0,0.0,0.0,0.0,0.0,0.0,0.0,0
207722,Walton,Luton,GK,0,0,0,0,0.0,0.0,0.0,0.0,0.0,0.0,0.0,0.0,0.0,0.0,1.3367,2.1189,1.4517,1.97,0.0,0.0,0.0,0.0,0.0,0.0,0.0,0.0,0.0,0.0,0.0,0.0,0
223333,Watson,Luton,MID,0,0,0,0,0.0,0.0,0.0,0.0,0.0,0.0,0.0,0.0,0.0,0.0,1.3367,2.1189,1.4517,1.97,0.0,0.0,0.0,0.0,0.0,0.0,0.0,0.0,0.0,0.0,0.0,0.0,0
91046,Woodrow,Luton,FWD,406,2,0,0,74.0,0.7419,0.5351,1.9459,0.0,66.0,0.8318,0.0682,0.2455,0.0,1.3367,2.1189,1.4517,1.97,0.61,0.44,1.6,0.0,29.0,35.2703,0.61,0.05,0.18,0.0,19.0,25.9091,2
244856,Mengi,Luton,DEF,2467,28,0,0,335.0,0.0242,0.0081,1.8887,0.0,335.0,0.0242,0.0081,1.8887,0.0,1.3367,2.1189,1.4517,1.97,0.09,0.03,7.03,0.0,36.0,9.6716,0.09,0.03,7.03,0.0,36.0,9.6716,28
232351,Giles,Luton,DEF,498,5,0,0,279.0,0.0194,0.1129,2.3645,0.0,29.0,0.0,0.0931,0.869,0.0,1.3367,2.1189,1.4517,1.97,0.06,0.35,7.329999999999999,0.0,45.0,14.5161,0.0,0.03,0.28,0.0,7.0,21.7241,5
108796,Lockyer,Luton,DEF,1169,14,0,0,765.0,0.0976,0.0224,2.1706,0.1176,585.0,0.1277,0.0262,1.8862,0.1538,1.3367,2.1189,1.4517,1.97,0.83,0.19,18.45,1.0,107.0,12.5882,0.83,0.17,12.26,1.0,87.0,13.3846,14
104047,Mpanzu,Luton,MID,1085,11,0,0,498.0,0.0795,0.2367,2.3277,0.0,379.0,0.0404,0.1781,2.3082,0.0,1.3367,2.1189,1.4517,1.97,0.44,1.31,12.88,0.0,45.0,8.1325,0.17,0.75,9.72,0.0,41.0,9.7361,11
222677,Chong,Luton,MID,1972,20,0,0,467.0,0.0694,0.0443,1.9349,0.0,221.0,0.057,0.0652,1.743,0.0,1.3367,2.1189,1.4517,1.97,0.36,0.23,10.040000000000001,0.0,21.0,4.0471,0.14,0.16,4.28,0.0,13.0,5.2941,20
476369,Kaboré,Luton,DEF,1727,21,0,0,601.0,0.0195,0.1183,1.7371,0.0,450.0,0.016,0.1,1.666,0.0,1.3367,2.1189,1.4517,1.97,0.13,0.79,11.6,0.0,81.0,12.1298,0.08,0.5,8.33,0.0,60.0,12.0,21
54738,Kaminski,Luton,GK,3405,38,0,0,900.0,0.0,0.002,2.011,0.1,630.0,0.0,0.0029,1.8371,0.0,1.3367,2.1189,1.4517,1.97,0.0,0.02,20.11,1.0,154.0,15.4,0.0,0.02,12.86,0.0,100.0,14.2857,38
88894,Barkley,Luton,MID,2616,30,0,0,263.0,0.1711,0.1198,1.8376,0.0,117.0,0.2,0.0308,1.9154,0.0,1.3367,2.1189,1.4517,1.97,0.5,0.35,5.37,0.0,35.0,11.9772,0.26,0.04,2.49,0.0,18.0,13.8462,30
242453,Brown,Luton,FWD,1013,12,0,0,560.0,0.2973,0.0514,2.4991,0.0,495.0,0.3018,0.0582,2.2236,0.0,1.3367,2.1189,1.4517,1.97,1.85,0.32,15.55,0.0,29.0,4.6607,1.6600000000000001,0.32,12.23,0.0,19.0,3.4545,12
552030,Francis-Clarke,Luton,DEF,0,0,0,0,0.0,0.0,0.0,0.0,0.0,0.0,0.0,0.0,0.0,0.0,1.3367,2.1189,1.4517,1.97,0.0,0.0,0.0,0.0,0.0,0.0,0.0,0.0,0.0,0.0,0.0,0.0,0
20480,Krul,Luton,GK,0,0,0,0,0.0,0.0,0.0,0.0,0.0,0.0,0.0,0.0,0.0,0.0,1.3367,2.1189,1.4517,1.97,0.0,0.0,0.0,0.0,0.0,0.0,0.0,0.0,0.0,0.0,0.0,0.0,0
611011,Johnson,Luton,DEF,75,0,0,0,0.0,0.0,0.0,0.0,0.0,0.0,0.0,0.0,0.0,0.0,1.3367,2.1189,1.4517,1.97,0.0,0.0,0.0,0.0,0.0,0.0,0.0,0.0,0.0,0.0,0.0,0.0,0
60252,Townsend,Luton,MID,1197,14,0,0,51.0,0.0,0.4765,0.9176,0.0,51.0,0.0,0.4765,0.9176,0.0,1.3367,2.1189,1.4517,1.97,0.0,0.27,0.52,0.0,25.0,44.1176,0.0,0.27,0.52,0.0,25.0,44.1176,14
608060,Luker,Luton,MID,0,0,0,0,0.0,0.0,0.0,0.0,0.0,0.0,0.0,0.0,0.0,0.0,1.3367,2.1189,1.4517,1.97,0.0,0.0,0.0,0.0,0.0,0.0,0.0,0.0,0.0,0.0,0.0,0.0,0
589114,Nelson,Luton,MID,4,0,0,0,,,,,,,,,,,1.3367,2.1189,1.4517,1.97,,,,,,,,,,,,,0
209293,Hashioka,Luton,DEF,592,6,0,0,,,,,,,,,,,1.3367,2.1189,1.4517,1.97,,,,,,,,,,,,,6
547668,Piesold,Luton,MID,0,0,0,0,,,,,,,,,,,1.3367,2.1189,1.4517,1.97,,,,,,,,,,,,,0
647597,Martins,Luton,MID,0,0,0,0,,,,,,,,,,,1.3367,2.1189,1.4517,1.97,,,,,,,,,,,,,0
634640,Chigozie,Luton,DEF,0,0,0,0,,,,,,,,,,,1.3367,2.1189,1.4517,1.97,,,,,,,,,,,,,0
551995,Harris,Luton,FWD,0,0,0,0,,,,,,,,,,,1.3367,2.1189,1.4517,1.97,,,,,,,,,,,,,0
211975,Akanji,Man City,DEF,2512,28,0,0,2914.0,0.0236,0.0379,0.6529,0.1853,360.0,0.02,0.035,0.81,0.0,1.6451,0.6365,1.8617,0.9283,0.7645000000000001,1.22633,21.1386,6.0,589.0,18.1915,0.08,0.13999999999999999,3.24,0.0,60.0,15.0,28
126184,Aké,Man City,DEF,2039,24,0,0,2333.0,0.0889,0.0484,0.5698,0.3858,204.0,0.1809,0.1015,0.7147,0.0,1.6451,0.6365,1.8617,0.9283,2.3033,1.25391,14.7693,10.0,530.0,20.4458,0.41,0.23,1.62,0.0,37.0,16.3235,24
461358,J.Alvarez,Man City,FWD,2644,31,0,0,2286.0,0.3422,0.1048,0.7648,0.9843,479.0,0.2424,0.1409,0.7215,1.3152,1.6451,0.6365,1.8617,0.9283,8.692,2.66224,19.4249,25.0,634.0,24.9606,1.29,0.75,3.84,7.0,125.0,23.4864,31
165809,Bernardo,Man City,MID,2576,29,0,0,2750.0,0.0393,0.1443,0.5975,0.4255,360.0,0.095,0.4175,0.8025,1.0,1.6451,0.6365,1.8617,0.9283,1.2012,4.40772,18.2563,13.0,560.0,18.3273,0.38,1.6700000000000002,3.21,4.0,106.0,26.5,29
477555,Bobb,Man City,MID,294,2,0,0,47.0,0.0,0.2298,0.6894,0.0,46.0,0.0,0.2152,0.7043,0.0,1.6451,0.6365,1.8617,0.9283,0.0,0.12,0.36,0.0,21.0,40.2128,0.0,0.11,0.36,0.0,16.0,31.3043,2
121145,Cancelo,Man City,DEF,0,0,0,0,1273.0,0.0217,0.0346,0.1971,0.707,0.0,0.0,0.0,0.0,0.0,1.6451,0.6365,1.8617,0.9283,0.3074,0.48951,2.7881,10.0,304.0,21.4925,0.0,0.0,0.0,0.0,0.0,0.0,0
17601,Carson,Man City,GK,0,0,0,0,0.0,0.0,0.0,0.0,0.0,0.0,0.0,0.0,0.0,0.0,1.6451,0.6365,1.8617,0.9283,0.0,0.0,0.0,0.0,0.0,0.0,0.0,0.0,0.0,0.0,0.0,0.0,0
463210,Charles,Man City,MID,0,0,0,0,27.0,0.0,0.0,0.1667,0.0,0.0,0.0,0.0,0.0,0.0,1.6451,0.6365,1.8617,0.9283,0.0,0.0,0.05,0.0,3.0,10.0,0.0,0.0,0.0,0.0,0.0,0.0,0
61366,De Bruyne,Man City,MID,1219,15,0,0,2435.0,0.1086,0.2798,0.4407,0.961,0.0,0.0,0.0,0.0,0.0,1.6451,0.6365,1.8617,0.9283,2.9374000000000002,7.570609999999999,11.9235,26.0,746.0,27.5729,0.0,0.0,0.0,0.0,0.0,0.0,15
171314,Rúben,Man City,DEF,2557,28,0,0,2732.0,0.0369,0.0234,0.5495,0.0659,465.0,0.0658,0.0716,0.7452,0.0,1.6451,0.6365,1.8617,0.9283,1.1199999999999999,0.71,16.68,2.0,569.0,18.7445,0.33999999999999997,0.37,3.85,0.0,83.0,16.0645,28
121160,Ederson M.,Man City,GK,2785,33,0,0,3960.0,0.0,0.0006,0.561,0.1818,450.0,0.0,0.0,0.77,0.0,1.6451,0.6365,1.8617,0.9283,0.0,0.02434,24.6855,8.0,737.0,16.75,0.0,0.0,3.85,0.0,80.0,16.0,33
209244,Foden,Man City,MID,2860,33,0,0,2617.0,0.1689,0.1585,0.6239,0.7222,512.0,0.3199,0.1582,0.8051,0.5273,1.6451,0.6365,1.8617,0.9283,4.9126,4.60822,18.1419,21.0,698.0,24.0046,1.82,0.9,4.58,3.0,103.0,18.1055,33
114283,Grealish,Man City,MID,998,10,0,0,2345.0,0.1598,0.2436,0.5114,0.4222,114.0,0.1342,0.3553,0.8763,0.0,1.6451,0.6365,1.8617,0.9283,4.1644,6.34741,13.3237,11.0,552.0,21.1855,0.17,0.44999999999999996,1.11,0.0,22.0,17.3684,10
223094,Haaland,Man City,FWD,2553,29,0,0,3656.0,0.6805,0.0548,0.6059,1.2555,540.0,0.935,0.1183,0.78,0.8333,1.6451,0.6365,1.8617,0.9283,27.6443,2.22591,24.612099999999998,51.0,1354.0,33.3315,5.609999999999999,0.71,4.68,5.0,153.0,25.5,29
91651,Kovačić,Man City,MID,1539,16,0,0,2158.0,0.0743,0.08,0.7391,0.0834,134.0,0.0739,0.0403,0.2888,0.0,1.6451,0.6365,1.8617,0.9283,1.7825,1.91713,17.721799999999998,2.0,376.0,15.6812,0.11,0.06,0.43,0.0,18.0,12.0896,16
146941,Laporte,Man City,DEF,11,0,0,0,1003.0,0.0453,0.0325,0.8224,0.2692,0.0,0.0,0.0,0.0,0.0,1.6451,0.6365,1.8617,0.9283,0.5045,0.36248,9.1652,3.0,214.0,19.2024,0.0,0.0,0.0,0.0,0.0,0.0,0
477064,R.Lewis,Man City,DEF,804,8,0,0,1047.0,0.018,0.1414,0.7819,0.0,68.0,0.0,0.0132,0.4632,0.0,1.6451,0.6365,1.8617,0.9283,0.2094,1.64457,9.0963,0.0,221.0,18.9971,0.0,0.01,0.35,0.0,26.0,34.4118,8
103025,Mahrez,Man City,MID,0,0,0,0,1913.0,0.1989,0.2133,0.7415,0.5175,0.0,0.0,0.0,0.0,0.0,1.6451,0.6365,1.8617,0.9283,4.2277,4.53365,15.7611,11.0,470.0,22.1119,0.0,0.0,0.0,0.0,0.0,0.0,0
88248,Ortega Moreno,Man City,GK,632,5,0,0,360.0,0.0,0.0,1.2375,1.25,90.0,0.0,0.0,0.83,0.0,1.6451,0.6365,1.8617,0.9283,0.0,0.0,4.949999999999999,5.0,102.0,25.5,0.0,0.0,0.83,0.0,12.0,12.0,5
482769,Perrone,Man City,MID,0,0,0,0,18.0,0.0,0.05,0.95,0.0,0.0,0.0,0.0,0.0,0.0,1.6451,0.6365,1.8617,0.9283,0.0,0.01,0.19,0.0,4.0,20.0,0.0,0.0,0.0,0.0,0.0,0.0,0
220566,Rodrigo,Man City,MID,2931,34,0,0,3571.0,0.1147,0.1022,0.6229,0.3024,315.0,0.08,0.4143,1.3486,0.0,1.6451,0.6365,1.8617,0.9283,4.5506,4.05683,24.7134,12.0,764.0,19.2551,0.28,1.4500000000000002,4.72,0.0,51.0,14.5714,34
437468,Sergio Gómez,Man City,DEF,48,0,0,0,355.0,0.0583,0.2383,0.9989,0.2535,1.0,0.0,0.0,1.8,0.0,1.6451,0.6365,1.8617,0.9283,0.23,0.94,3.9400000000000004,1.0,100.0,25.3521,0.0,0.0,0.02,0.0,2.0,180.0,0
164484,Steffen,Man City,GK,0,0,0,0,0.0,0.0,0.0,0.0,0.0,0.0,0.0,0.0,0.0,0.0,1.6451,0.6365,1.8617,0.9283,0.0,0.0,0.0,0.0,0.0,0.0,0.0,0.0,0.0,0.0,0.0,0.0,0
97299,Stones,Man City,DEF,1061,12,0,0,2030.0,0.0349,0.0145,0.4742,0.5764,186.0,0.0,0.0242,0.929,0.0,1.6451,0.6365,1.8617,0.9283,0.7877000000000001,0.32697,10.695599999999999,13.0,466.0,20.6601,0.0,0.05,1.9200000000000002,0.0,44.0,21.2903,12
58621,Walker,Man City,DEF,2766,30,0,0,2853.0,0.0042,0.0649,0.7535,0.1262,540.0,0.0033,0.0683,0.78,0.6667,1.6451,0.6365,1.8617,0.9283,0.1343,2.05699,23.8868,4.0,588.0,18.5489,0.02,0.41,4.68,4.0,127.0,21.1667,30
465351,Matheus N.,Man City,MID,831,9,0,0,2827.0,0.0433,0.0415,1.112,0.1592,180.0,0.0,0.09,0.595,0.0,1.6451,0.6365,1.8617,0.9283,1.3614,1.30213,34.9304,5.0,391.0,12.4478,0.0,0.18,1.19,0.0,38.0,19.0,9
477424,Gvardiol,Man City,DEF,2327,26,0,0,641.0,0.0295,0.0716,0.7484,0.1404,450.0,0.042,0.092,0.848,0.2,1.6451,0.6365,1.8617,0.9283,0.21000000000000002,0.51,5.33,1.0,145.0,20.3588,0.21000000000000002,0.45999999999999996,4.24,1.0,100.0,20.0,26
248875,Doku,Man City,MID,1585,18,0,0,404.0,0.0847,0.2963,0.88,0.6683,329.0,0.104,0.3611,0.6839,0.8207,1.6451,0.6365,1.8617,0.9283,0.38,1.33,3.95,3.0,95.0,21.1634,0.38,1.32,2.5,3.0,86.0,23.5258,18
496283,Susoho,Man City,MID,0,0,0,0,,,,,,,,,,,1.6451,0.6365,1.8617,0.9283,,,,,,,,,,,,,0
462438,Hamilton,Man City,MID,0,0,0,0,,,,,,,,,,,1.6451,0.6365,1.8617,0.9283,,,,,,,,,,,,,0
516250,Wright,Man City,MID,0,0,0,0,,,,,,,,,,,1.6451,0.6365,1.8617,0.9283,,,,,,,,,,,,,0
184341,Mount,Man Utd,MID,509,5,0,0,1980.0,0.0303,0.0715,0.6281,0.3636,185.0,0.0973,0.0876,1.7805,0.0,1.5359,1.1553,1.1783,1.6817,0.6662,1.57197,13.8174,8.0,315.0,14.3182,0.2,0.18,3.66,0.0,22.0,10.7027,5
152590,Alex Telles,Man Utd,DEF,0,0,0,0,0.0,0.0,0.0,0.0,0.0,0.0,0.0,0.0,0.0,0.0,1.5359,1.1553,1.1783,1.6817,0.0,0.0,0.0,0.0,0.0,0.0,0.0,0.0,0.0,0.0,0.0,0.0,0
493250,Amad,Man Utd,MID,385,3,0,0,0.0,0.0,0.0,0.0,0.0,0.0,0.0,0.0,0.0,0.0,1.5359,1.1553,1.1783,1.6817,0.0,0.0,0.0,0.0,0.0,0.0,0.0,0.0,0.0,0.0,0.0,0.0,3
467169,Antony,Man Utd,MID,1311,15,0,0,2205.0,0.2382,0.109,1.0329,0.1633,94.0,0.1628,0.0957,1.6181,0.0,1.5359,1.1553,1.1783,1.6817,5.8347,2.67101,25.3054,4.0,304.0,12.4082,0.16999999999999998,0.1,1.6900000000000002,0.0,11.0,10.5319,15
141746,B.Fernandes,Man Utd,MID,3118,35,0,0,4217.0,0.2176,0.2393,1.092,0.6403,540.0,0.14,0.2417,1.6817,0.6667,1.5359,1.1553,1.1783,1.6817,10.1956,11.21037,51.1677,30.0,926.0,19.7629,0.84,1.45,10.09,4.0,103.0,17.1667,35
232937,B.Williams,Man Utd,DEF,0,0,0,0,0.0,0.0,0.0,0.0,0.0,0.0,0.0,0.0,0.0,0.0,1.5359,1.1553,1.1783,1.6817,0.0,0.0,0.0,0.0,0.0,0.0,0.0,0.0,0.0,0.0,0.0,0.0,0
197365,Bailly,Man Utd,DEF,0,0,0,0,0.0,0.0,0.0,0.0,0.0,0.0,0.0,0.0,0.0,0.0,1.5359,1.1553,1.1783,1.6817,0.0,0.0,0.0,0.0,0.0,0.0,0.0,0.0,0.0,0.0,0.0,0.0,0
61256,Casemiro,Man Utd,MID,1981,24,0,0,2770.0,0.1598,0.1025,1.0912,0.3249,288.0,0.1312,0.0719,1.05,0.0,1.5359,1.1553,1.1783,1.6817,4.9169,3.15499,33.5854,10.0,483.0,15.6931,0.42000000000000004,0.23,3.3600000000000003,0.0,34.0,10.625,24
216051,Dalot,Man Utd,DEF,3174,35,0,0,2896.0,0.0661,0.04,1.0003,0.7148,540.0,0.0433,0.115,1.6817,0.6667,1.5359,1.1553,1.1783,1.6817,2.1279,1.28602,32.1865,23.0,657.0,20.4178,0.26,0.6900000000000001,10.09,4.0,124.0,20.6667,35
80607,Eriksen,Man Utd,MID,1134,12,0,0,2532.0,0.1363,0.089,0.8838,0.4265,260.0,0.0242,0.2112,2.2362,0.0,1.5359,1.1553,1.1783,1.6817,3.8343000000000003,2.50482,24.8654,12.0,543.0,19.3009,0.07,0.61,6.46,0.0,49.0,16.9615,12
515501,Fernandez,Man Utd,DEF,0,0,0,0,0.0,0.0,0.0,0.0,0.0,0.0,0.0,0.0,0.0,0.0,1.5359,1.1553,1.1783,1.6817,0.0,0.0,0.0,0.0,0.0,0.0,0.0,0.0,0.0,0.0,0.0,0.0,0
101582,Fred,Man Utd,MID,0,0,0,0,1228.0,0.0883,0.0927,1.0688,0.1466,0.0,0.0,0.0,0.0,0.0,1.5359,1.1553,1.1783,1.6817,1.205,1.26451,14.5825,2.0,272.0,19.9349,0.0,0.0,0.0,0.0,0.0,0.0,0
493105,Garnacho,Man Utd,MID,2564,30,0,0,799.0,0.395,0.1203,1.4882,0.0,104.0,0.3288,0.0692,2.3192,0.0,1.5359,1.1553,1.1783,1.6817,3.5071,1.06775,13.212299999999999,0.0,104.0,11.7146,0.38,0.08,2.6799999999999997,0.0,10.0,8.6538,30
465527,Hannibal,Man Utd,MID,131,1,0,0,116.0,0.0233,0.3724,1.6371,0.0,116.0,0.0233,0.3724,1.6371,0.0,1.5359,1.1553,1.1783,1.6817,0.03,0.48,2.1100000000000003,0.0,30.0,23.2759,0.03,0.48,2.1100000000000003,0.0,30.0,23.2759,1
21205,Heaton,Man Utd,GK,0,0,0,0,0.0,0.0,0.0,0.0,0.0,0.0,0.0,0.0,0.0,0.0,1.5359,1.1553,1.1783,1.6817,0.0,0.0,0.0,0.0,0.0,0.0,0.0,0.0,0.0,0.0,0.0,0.0,0
184667,Lindelof,Man Utd,DEF,1328,14,0,0,2032.0,0.0177,0.0288,1.2816,0.1329,500.0,0.027,0.045,1.5624,0.0,1.5359,1.1553,1.1783,1.6817,0.4,0.6508,28.9358,3.0,447.0,19.7982,0.15,0.24999999999999997,8.68,0.0,100.0,18.0,14
95658,Maguire,Man Utd,DEF,1650,18,0,0,1058.0,0.0128,0.0199,1.1807,0.2552,273.0,0.0099,0.0725,2.067,0.3297,1.5359,1.1553,1.1783,1.6817,0.15,0.23425,13.879999999999999,3.0,260.0,22.1172,0.03,0.22,6.27,1.0,56.0,18.4615,18
516895,Mainoo,Man Utd,MID,1927,24,0,0,10.0,0.0,0.63,2.25,0.0,0.0,0.0,0.0,0.0,0.0,1.5359,1.1553,1.1783,1.6817,0.0,0.07,0.25,0.0,2.0,18.0,0.0,0.0,0.0,0.0,0.0,0.0,24
222690,Malacia,Man Utd,DEF,0,0,0,0,1391.0,0.012,0.0358,0.7476,0.5176,0.0,0.0,0.0,0.0,0.0,1.5359,1.1553,1.1783,1.6817,0.1859,0.5529200000000001,11.5548,8.0,287.0,18.5694,0.0,0.0,0.0,0.0,0.0,0.0,0
148225,Martial,Man Utd,FWD,439,5,0,0,1189.0,0.3787,0.0886,1.1898,0.3028,89.0,0.1618,0.0607,1.6888,0.0,1.5359,1.1553,1.1783,1.6817,5.0033,1.17113,15.7181,4.0,256.0,19.3776,0.16,0.06,1.67,0.0,14.0,14.1573,5
221820,Martinez,Man Utd,DEF,643,8,0,0,2488.0,0.0136,0.0281,0.8039,0.217,84.0,0.0,0.0107,1.2429,0.0,1.5359,1.1553,1.1783,1.6817,0.377,0.77629,22.222,6.0,555.0,20.0764,0.0,0.01,1.16,0.0,24.0,25.7143,8
195851,McTominay,Man Utd,MID,1891,18,0,0,1485.0,0.1401,0.0325,1.1678,0.303,329.0,0.2024,0.0082,2.0653,0.8207,1.5359,1.1553,1.1783,1.6817,2.3122,0.53553,19.2695,5.0,247.0,14.9697,0.74,0.03,7.55,3.0,94.0,25.7143,18
488404,Pellistri,Man Utd,MID,164,1,0,0,143.0,0.151,0.0629,1.7182,0.0,65.0,0.0,0.0969,1.4677,0.0,1.5359,1.1553,1.1783,1.6817,0.24,0.1,2.73,0.0,30.0,18.8811,0.0,0.07,1.06,0.0,11.0,15.2308,1
90152,R.Varane,Man Utd,DEF,1370,16,0,0,2240.0,0.0562,0.0224,0.9835,0.1607,103.0,0.0874,0.0874,1.0049,0.0,1.5359,1.1553,1.1783,1.6817,1.4000000000000001,0.55699,24.4779,4.0,486.0,19.5268,0.1,0.1,1.1500000000000001,0.0,29.0,25.3398,16
176297,Rashford,Man Utd,MID,2264,26,0,0,3721.0,0.3613,0.0739,1.1245,0.5079,490.0,0.4078,0.0569,1.7339,0.0,1.5359,1.1553,1.1783,1.6817,14.9363,3.05559,46.4925,21.0,617.0,14.9234,2.22,0.31,9.440000000000001,0.0,45.0,8.2653,26
209243,Sancho,Man Utd,MID,76,0,0,0,1759.0,0.1228,0.1668,0.8023,0.4093,0.0,0.0,0.0,0.0,0.0,1.5359,1.1553,1.1783,1.6817,2.4,3.26,15.68,8.0,386.0,19.7499,0.0,0.0,0.0,0.0,0.0,0.0,0
106760,Shaw,Man Utd,DEF,960,12,0,0,2732.0,0.0304,0.0891,1.0948,0.6589,0.0,0.0,0.0,0.0,0.0,1.5359,1.1553,1.1783,1.6817,0.923,2.70548,33.234700000000004,20.0,674.0,22.2035,0.0,0.0,0.0,0.0,0.0,0.0,12
472464,Shoretire,Man Utd,FWD,0,0,0,0,0.0,0.0,0.0,0.0,0.0,0.0,0.0,0.0,0.0,0.0,1.5359,1.1553,1.1783,1.6817,0.0,0.0,0.0,0.0,0.0,0.0,0.0,0.0,0.0,0.0,0.0,0.0,0
180184,Van de Beek,Man Utd,MID,2,0,0,0,164.0,0.059,0.0618,0.4946,0.0,2.0,1.8,1.35,0.0,0.0,1.5359,1.1553,1.1783,1.6817,0.1076,0.1126,0.9012,0.0,24.0,13.1707,0.04,0.03,0.0,0.0,3.0,135.0,0
214590,Wan-Bissaka,Man Utd,DEF,1778,20,0,0,1772.0,0.0602,0.094,1.368,0.3047,5.0,0.0,0.0,13.32,0.0,1.5359,1.1553,1.1783,1.6817,1.1857,1.84981,26.9344,6.0,394.0,20.0113,0.0,0.0,0.74,0.0,5.0,90.0,20
202641,Onana,Man Utd,GK,3420,38,0,0,900.0,0.0,0.001,1.767,0.1,540.0,0.0,0.0017,1.6817,0.0,1.5359,1.1553,1.1783,1.6817,0.0,0.01,17.67,1.0,180.0,18.0,0.0,0.01,10.09,0.0,111.0,18.5,38
497894,Højlund,Man Utd,FWD,2156,25,0,0,490.0,0.2884,0.0367,1.6696,0.0,467.0,0.239,0.0385,1.5206,0.0,1.5359,1.1553,1.1783,1.6817,1.57,0.2,9.09,0.0,10.0,1.8367,1.24,0.2,7.89,0.0,8.0,1.5418,25
487828,Forson,Man Utd,MID,67,1,0,0,0.0,0.0,0.0,0.0,0.0,0.0,0.0,0.0,0.0,0.0,1.5359,1.1553,1.1783,1.6817,0.0,0.0,0.0,0.0,0.0,0.0,0.0,0.0,0.0,0.0,0.0,0.0,1
477733,Vítek,Man Utd,GK,0,0,0,0,0.0,0.0,0.0,0.0,0.0,0.0,0.0,0.0,0.0,0.0,1.5359,1.1553,1.1783,1.6817,0.0,0.0,0.0,0.0,0.0,0.0,0.0,0.0,0.0,0.0,0.0,0.0,0
504598,Gore,Man Utd,MID,1,0,0,0,0.0,0.0,0.0,0.0,0.0,0.0,0.0,0.0,0.0,0.0,1.5359,1.1553,1.1783,1.6817,0.0,0.0,0.0,0.0,0.0,0.0,0.0,0.0,0.0,0.0,0.0,0.0,0
451302,Altay,Man Utd,GK,0,0,0,0,0.0,0.0,0.0,0.0,0.0,0.0,0.0,0.0,0.0,0.0,1.5359,1.1553,1.1783,1.6817,0.0,0.0,0.0,0.0,0.0,0.0,0.0,0.0,0.0,0.0,0.0,0.0,0
37642,Evans,Man Utd,DEF,1389,15,0,0,1408.0,0.0,0.016,0.8105,0.1918,351.0,0.0,0.0462,1.8846,0.7692,1.5359,1.1553,1.1783,1.6817,0.0,0.25,12.68,3.0,275.0,17.5781,0.0,0.18000000000000002,7.35,3.0,80.0,20.5128,15
172912,Amrabat,Man Utd,MID,929,10,0,0,312.0,0.0058,0.0519,1.3529,0.0,312.0,0.0058,0.0519,1.3529,0.0,1.5359,1.1553,1.1783,1.6817,0.02,0.18,4.6899999999999995,0.0,33.0,9.5192,0.02,0.18,4.6899999999999995,0.0,33.0,9.5192,10
515504,Hugill,Man Utd,FWD,0,0,0,0,,,,,,,,,,,1.5359,1.1553,1.1783,1.6817,,,,,,,,,,,,,0
518466,Kambwala,Man Utd,DEF,325,3,0,0,,,,,,,,,,,1.5359,1.1553,1.1783,1.6817,,,,,,,,,,,,,3
515500,Bennett,Man Utd,DEF,0,0,0,0,0.0,0.0,0.0,0.0,0.0,,,,,,1.5359,1.1553,1.1783,1.6817,0.0,0.0,0.0,0.0,0.0,0.0,,,,,,,0
490881,Collyer,Man Utd,MID,0,0,0,0,,,,,,,,,,,1.5359,1.1553,1.1783,1.6817,,,,,,,,,,,,,0
519325,Ogunneye,Man Utd,DEF,0,0,0,0,,,,,,,,,,,1.5359,1.1553,1.1783,1.6817,,,,,,,,,,,,,0
461537,Mee,Man Utd,GK,0,0,0,0,,,,,,,,,,,1.5359,1.1553,1.1783,1.6817,,,,,,,,,,,,,0
577974,Amass,Man Utd,DEF,0,0,0,0,,,,,,,,,,,1.5359,1.1553,1.1783,1.6817,,,,,,,,,,,,,0
575034,Wheatley,Man Utd,FWD,13,0,0,0,,,,,,,,,,,1.5359,1.1553,1.1783,1.6817,,,,,,,,,,,,,0
530117,Jackson,Man Utd,DEF,0,0,0,0,,,,,,,,,,,1.5359,1.1553,1.1783,1.6817,,,,,,,,,,,,,0
487838,Hall,Newcastle,DEF,773,8,0,0,662.0,0.1129,0.2005,1.8185,0.4079,9.0,0.0,0.0,0.9,0.0,1.5493,0.812,2.515,0.9233,0.8305,1.47484,13.376399999999999,3.0,120.0,16.3142,0.0,0.0,0.09,0.0,2.0,20.0,8
179018,Almirón,Newcastle,MID,1930,23,0,0,3142.0,0.1386,0.0605,0.7029,0.487,338.0,0.1651,0.0346,1.1929,0.5325,1.5493,0.812,2.515,0.9233,4.8371,2.11317,24.5398,17.0,620.0,17.7594,0.62,0.13,4.48,2.0,74.0,19.7041,23
215379,Anderson,Newcastle,MID,1018,10,0,0,802.0,0.1616,0.1291,0.9954,0.2244,343.0,0.2047,0.0551,0.8895,0.0,1.5493,0.812,2.515,0.9233,1.44,1.15,8.87,2.0,158.0,17.7307,0.78,0.21000000000000002,3.3899999999999997,0.0,48.0,12.5948,10
441024,Ashby,Newcastle,DEF,0,0,0,0,0.0,0.0,0.0,0.0,0.0,0.0,0.0,0.0,0.0,0.0,1.5493,0.812,2.515,0.9233,0.0,0.0,0.0,0.0,0.0,0.0,0.0,0.0,0.0,0.0,0.0,0.0,0
220237,Botman,Newcastle,DEF,1375,15,0,0,3573.0,0.0679,0.0117,0.7867,0.3023,180.0,0.065,0.01,0.74,1.5,1.5493,0.812,2.515,0.9233,2.6964,0.46437000000000006,31.2329,12.0,793.0,19.9748,0.13,0.02,1.48,3.0,70.0,35.0,15
208706,Bruno G.,Newcastle,MID,3264,37,0,0,3589.0,0.0797,0.1003,0.7388,0.1755,508.0,0.1346,0.1311,0.8185,0.3543,1.5493,0.812,2.515,0.9233,3.1791,4.00173,29.4598,7.0,582.0,14.5946,0.76,0.74,4.62,2.0,110.0,19.4882,37
78916,Burn,Newcastle,DEF,2725,32,0,0,4009.0,0.0596,0.0327,0.7818,0.1347,540.0,0.125,0.0467,0.9233,0.0,1.5493,0.812,2.515,0.9233,2.6545,1.45651,34.8229,6.0,759.0,17.0392,0.75,0.28,5.54,0.0,135.0,22.5,32
59735,Darlow,Newcastle,GK,0,0,0,0,0.0,0.0,0.0,0.0,0.0,0.0,0.0,0.0,0.0,0.0,1.5493,0.812,2.515,0.9233,0.0,0.0,0.0,0.0,0.0,0.0,0.0,0.0,0.0,0.0,0.0,0.0,0
67089,Dubravka,Newcastle,GK,1984,22,0,0,156.0,0.0,0.0,1.9212,0.5769,0.0,0.0,0.0,0.0,0.0,1.5493,0.812,2.515,0.9233,0.0,0.0,3.33,1.0,49.0,28.2692,0.0,0.0,0.0,0.0,0.0,0.0,22
90105,Fraser,Newcastle,MID,0,0,0,0,308.0,0.0,0.0,0.0,0.0,0.0,0.0,0.0,0.0,0.0,1.5493,0.812,2.515,0.9233,0.0,0.0,0.0,0.0,39.0,11.3961,0.0,0.0,0.0,0.0,0.0,0.0,0
81441,Gillespie,Newcastle,GK,0,0,0,0,0.0,0.0,0.0,0.0,0.0,0.0,0.0,0.0,0.0,0.0,1.5493,0.812,2.515,0.9233,0.0,0.0,0.0,0.0,0.0,0.0,0.0,0.0,0.0,0.0,0.0,0.0,0
232826,Gordon,Newcastle,MID,2896,34,0,0,2274.0,0.1764,0.0834,0.6198,0.3166,417.0,0.3216,0.1424,0.7338,0.2158,1.5493,0.812,2.515,0.9233,4.4562,2.10655,15.6614,8.0,333.0,13.1794,1.49,0.66,3.4,1.0,100.0,21.5827,34
153127,Hayden,Newcastle,MID,0,0,0,0,0.0,0.0,0.0,0.0,0.0,0.0,0.0,0.0,0.0,0.0,1.5493,0.812,2.515,0.9233,0.0,0.0,0.0,0.0,0.0,0.0,0.0,0.0,0.0,0.0,0.0,0.0,0
83314,Hendrick,Newcastle,MID,0,0,0,0,0.0,0.0,0.0,0.0,0.0,0.0,0.0,0.0,0.0,0.0,1.5493,0.812,2.515,0.9233,0.0,0.0,0.0,0.0,0.0,0.0,0.0,0.0,0.0,0.0,0.0,0.0,0
219168,Isak,Newcastle,FWD,2253,27,0,0,2011.0,0.5076,0.0634,1.0218,1.0741,215.0,1.6912,0.0251,1.1805,1.2558,1.5493,0.812,2.515,0.9233,11.3418,1.41585,22.8319,24.0,526.0,23.5405,4.04,0.06,2.82,3.0,103.0,43.1163,27
180974,Joelinton,Newcastle,MID,1276,15,0,0,3118.0,0.1549,0.0405,0.7838,0.2886,174.0,0.0466,0.0207,0.9569,0.0,1.5493,0.812,2.515,0.9233,5.366,1.40304,27.1529,10.0,523.0,15.0962,0.09,0.04,1.85,0.0,28.0,14.4828,15
111773,Krafth,Newcastle,DEF,909,8,0,0,1.0,0.0,0.0,0.0,0.0,0.0,0.0,0.0,0.0,0.0,1.5493,0.812,2.515,0.9233,0.0,0.0,0.0,0.0,3.0,270.0,0.0,0.0,0.0,0.0,0.0,0.0,8
564510,Kuol,Newcastle,MID,0,0,0,0,0.0,0.0,0.0,0.0,0.0,0.0,0.0,0.0,0.0,0.0,1.5493,0.812,2.515,0.9233,0.0,0.0,0.0,0.0,0.0,0.0,0.0,0.0,0.0,0.0,0.0,0.0,0
101148,Lascelles,Newcastle,DEF,1077,13,0,0,590.0,0.0183,0.0076,0.9519,0.0,360.0,0.02,0.01,1.015,0.0,1.5493,0.812,2.515,0.9233,0.12000000000000001,0.05,6.24,0.0,93.0,14.1864,0.08,0.04,4.06,0.0,69.0,17.25,13
194799,J.Lewis,Newcastle,DEF,0,0,0,0,9.0,0.0,0.0,5.8,0.0,0.0,0.0,0.0,0.0,0.0,1.5493,0.812,2.515,0.9233,0.0,0.0,0.58,0.0,6.0,60.0,0.0,0.0,0.0,0.0,0.0,0.0,0
180135,Longstaff,Newcastle,MID,2742,30,0,0,3142.0,0.1113,0.0638,0.6881,0.0573,540.0,0.2033,0.1067,0.9233,0.0,1.5493,0.812,2.515,0.9233,3.8855,2.22904,24.0229,2.0,482.0,13.8065,1.22,0.64,5.54,0.0,108.0,18.0,30
109528,Manquillo,Newcastle,DEF,0,0,0,0,34.0,0.0,0.0265,1.1382,0.0,0.0,0.0,0.0,0.0,0.0,1.5493,0.812,2.515,0.9233,0.0,0.01,0.43000000000000005,0.0,19.0,50.2941,0.0,0.0,0.0,0.0,0.0,0.0,0
114243,J.Murphy,Newcastle,MID,1184,14,0,0,1333.0,0.1823,0.1903,0.8604,0.3376,99.0,0.0455,0.3364,1.1727,2.7273,1.5493,0.812,2.515,0.9233,2.6999999999999997,2.8178900000000002,12.7431,5.0,323.0,21.808,0.05,0.37,1.29,3.0,64.0,58.1818,14
98747,Pope,Newcastle,GK,1345,15,0,0,4161.0,0.0004,0.0001,0.78,0.3028,540.0,0.0,0.0,0.9233,0.0,1.5493,0.812,2.515,0.9233,0.02,0.0036300000000000004,36.0629,14.0,867.0,18.7527,0.0,0.0,5.54,0.0,130.0,21.6667,15
56983,Ritchie,Newcastle,MID,120,0,0,0,35.0,0.0,0.129,2.3143,0.0,0.0,0.0,0.0,0.0,0.0,1.5493,0.812,2.515,0.9233,0.0,0.05017,0.9,0.0,24.0,61.7143,0.0,0.0,0.0,0.0,0.0,0.0,0
170137,Saint-Maximin,Newcastle,MID,0,0,0,0,1109.0,0.0624,0.1271,0.7594,0.3246,0.0,0.0,0.0,0.0,0.0,1.5493,0.812,2.515,0.9233,0.7683,1.5658400000000001,9.3579,4.0,240.0,19.477,0.0,0.0,0.0,0.0,0.0,0.0,0
119471,Schär,Newcastle,DEF,3055,35,0,0,4107.0,0.0943,0.0366,0.7776,0.2191,540.0,0.0767,0.0583,0.9233,0.6667,1.5493,0.812,2.515,0.9233,4.3044,1.66849,35.4829,10.0,823.0,18.0351,0.45999999999999996,0.35,5.54,4.0,159.0,26.5,35
169359,Targett,Newcastle,DEF,77,1,0,0,677.0,0.0,0.0174,0.557,0.2659,1.0,0.0,0.0,0.0,0.0,1.5493,0.812,2.515,0.9233,0.0,0.13078,4.19,2.0,172.0,22.8656,0.0,0.0,0.0,0.0,3.0,270.0,1
432422,Tonali,Newcastle,MID,437,5,0,0,437.0,0.1277,0.0968,1.3716,0.0,153.0,0.0,0.1529,1.5,0.0,1.5493,0.812,2.515,0.9233,0.62,0.47,6.66,0.0,86.0,17.7117,0.0,0.26,2.55,0.0,35.0,20.5882,5
77794,Trippier,Newcastle,DEF,2235,26,0,0,4199.0,0.0111,0.2415,0.7492,1.0931,497.0,0.0091,0.5396,0.8167,2.173,1.5493,0.812,2.515,0.9233,0.5175,11.26913,34.9529,51.0,1227.0,26.2991,0.05,2.98,4.51,12.0,218.0,39.4769,26
232977,Watts,Newcastle,DEF,0,0,0,0,0.0,0.0,0.0,0.0,0.0,0.0,0.0,0.0,0.0,0.0,1.5493,0.812,2.515,0.9233,0.0,0.0,0.0,0.0,0.0,0.0,0.0,0.0,0.0,0.0,0.0,0.0,0
200089,Willock,Newcastle,MID,415,5,0,0,2574.0,0.1589,0.0823,0.6191,0.3846,18.0,0.0,0.05,0.35,0.0,1.5493,0.812,2.515,0.9233,4.5455000000000005,2.35364,17.7057,11.0,417.0,14.5804,0.0,0.01,0.07,0.0,2.0,10.0,5
75115,Wilson,Newcastle,FWD,981,9,0,0,2288.0,0.6392,0.0646,0.7026,0.9441,322.0,1.2606,0.028,0.7602,0.8385,1.5493,0.812,2.515,0.9233,16.2489,1.6426100000000001,17.8609,24.0,691.0,27.1809,4.51,0.1,2.7199999999999998,3.0,114.0,31.8634,9
104542,Karius,Newcastle,GK,90,1,0,0,0.0,0.0,0.0,0.0,0.0,0.0,0.0,0.0,0.0,0.0,1.5493,0.812,2.515,0.9233,0.0,0.0,0.0,0.0,0.0,0.0,0.0,0.0,0.0,0.0,0.0,0.0,1
106618,Dummett,Newcastle,DEF,18,0,0,0,0.0,0.0,0.0,0.0,0.0,0.0,0.0,0.0,0.0,0.0,1.5493,0.812,2.515,0.9233,0.0,0.0,0.0,0.0,0.0,0.0,0.0,0.0,0.0,0.0,0.0,0.0,0
201666,Barnes,Newcastle,MID,788,7,0,0,2892.0,0.2113,0.0695,1.1675,0.0622,93.0,0.0581,0.0194,0.3968,0.0,1.5493,0.812,2.515,0.9233,6.7884,2.2328200000000002,37.5158,2.0,427.0,13.2884,0.06,0.02,0.41000000000000003,0.0,7.0,6.7742,7
441191,Livramento,Newcastle,DEF,1302,12,0,0,72.0,0.0,0.0125,3.4,0.0,42.0,0.0,0.0214,2.2071,0.0,1.5493,0.812,2.515,0.9233,0.0,0.01,2.7199999999999998,0.0,23.0,28.75,0.0,0.01,1.0299999999999998,0.0,7.0,15.0,12
545477,A.Murphy,Newcastle,DEF,11,0,0,0,0.0,0.0,0.0,0.0,0.0,0.0,0.0,0.0,0.0,0.0,1.5493,0.812,2.515,0.9233,0.0,0.0,0.0,0.0,0.0,0.0,0.0,0.0,0.0,0.0,0.0,0.0,0
547719,Miley,Newcastle,MID,1203,14,0,0,14.0,0.5143,0.0,5.5929,0.0,0.0,0.0,0.0,0.0,0.0,1.5493,0.812,2.515,0.9233,0.08,0.0,0.87,0.0,2.0,12.8571,0.0,0.0,0.0,0.0,0.0,0.0,14
248859,Diallo,Newcastle,MID,1,0,0,0,,,,,,,,,,,1.5493,0.812,2.515,0.9233,,,,,,,,,,,,,0
547716,Parkinson,Newcastle,FWD,24,0,0,0,,,,,,,,,,,1.5493,0.812,2.515,0.9233,,,,,,,,,,,,,0
490150,Ndiweni,Newcastle,FWD,1,0,0,0,,,,,,,,,,,1.5493,0.812,2.515,0.9233,,,,,,,,,,,,,0
461484,White,Newcastle,MID,12,0,0,0,,,,,,,,,,,1.5493,0.812,2.515,0.9233,,,,,,,,,,,,,0
592436,Hernes,Newcastle,MID,0,0,0,0,,,,,,,,,,,1.5493,0.812,2.515,0.9233,,,,,,,,,,,,,0
437626,Tavares,Nott'm Forest,DEF,454,5,0,0,93.0,0.0,0.029,1.6258,0.0,75.0,0.0,0.036,1.308,0.0,0.7757,1.254,1.135,1.685,0.0,0.03,1.68,0.0,8.0,7.7419,0.0,0.03,1.0899999999999999,0.0,4.0,4.8,5
224068,Turner,Nott'm Forest,GK,1530,17,0,0,900.0,0.0,0.0,1.544,0.0,540.0,0.0,0.0,1.51,0.0,0.7757,1.254,1.135,1.685,0.0,0.0,15.440000000000001,0.0,176.0,17.6,0.0,0.0,9.06,0.0,98.0,16.3333,17
209046,Hudson-Odoi,Nott'm Forest,MID,1846,20,0,0,228.0,0.0513,0.15,0.8447,1.1842,228.0,0.0513,0.15,0.8447,1.1842,0.7757,1.254,1.135,1.685,0.13,0.38,2.1399999999999997,3.0,42.0,16.5789,0.13,0.38,2.1399999999999997,3.0,42.0,16.5789,20
449434,Elanga,Nott'm Forest,MID,2424,25,0,0,887.0,0.118,0.1528,0.9836,0.2029,385.0,0.1145,0.1777,1.4564,0.2338,0.7757,1.254,1.135,1.685,1.1629,1.50609,9.6935,2.0,152.0,15.4228,0.49,0.76,6.23,1.0,52.0,12.1558,25
461682,B.Aguilera,Nott'm Forest,MID,4,0,0,0,0.0,0.0,0.0,0.0,0.0,0.0,0.0,0.0,0.0,0.0,0.7757,1.254,1.135,1.685,0.0,0.0,0.0,0.0,0.0,0.0,0.0,0.0,0.0,0.0,0.0,0.0,0
48615,Arter,Nott'm Forest,MID,0,0,0,0,0.0,0.0,0.0,0.0,0.0,0.0,0.0,0.0,0.0,0.0,0.7757,1.254,1.135,1.685,0.0,0.0,0.0,0.0,0.0,0.0,0.0,0.0,0.0,0.0,0.0,0.0,0
80226,Aurier,Nott'm Forest,DEF,831,10,0,0,2651.0,0.0281,0.0384,1.2998,0.3734,367.0,0.0196,0.0294,1.697,0.0,0.7757,1.254,1.135,1.685,0.8279,1.13148,38.2869,11.0,448.0,15.2094,0.08,0.12000000000000001,6.92,0.0,46.0,11.2807,10
210156,Awoniyi,Nott'm Forest,FWD,1036,12,0,0,1903.0,0.2685,0.025,1.1303,0.8986,262.0,0.1958,0.0309,0.8382,0.0,0.7757,1.254,1.135,1.685,5.677,0.52877,23.8989,19.0,445.0,21.0457,0.5700000000000001,0.09,2.44,0.0,26.0,8.9313,12
437753,Biancone,Nott'm Forest,DEF,0,0,0,0,15.0,0.0,0.0,0.0,0.0,0.0,0.0,0.0,0.0,0.0,0.7757,1.254,1.135,1.685,0.0,0.0,0.0,0.0,9.0,54.0,0.0,0.0,0.0,0.0,0.0,0.0,0
90585,Boly,Nott'm Forest,DEF,1437,18,0,0,1437.0,0.0733,0.0425,1.4311,0.6263,415.0,0.0586,0.0802,1.4942,0.0,0.7757,1.254,1.135,1.685,1.1697,0.6783100000000001,22.8501,10.0,308.0,19.2902,0.27,0.37000000000000005,6.890000000000001,0.0,93.0,20.1687,18
245830,Bowler,Nott'm Forest,MID,0,0,0,0,0.0,0.0,0.0,0.0,0.0,0.0,0.0,0.0,0.0,0.0,0.7757,1.254,1.135,1.685,0.0,0.0,0.0,0.0,0.0,0.0,0.0,0.0,0.0,0.0,0.0,0.0,0
56917,Cook,Nott'm Forest,DEF,0,0,0,0,956.0,0.0,0.0,0.0,0.0,0.0,0.0,0.0,0.0,0.0,0.7757,1.254,1.135,1.685,0.0,0.0,0.0,0.0,149.0,14.0272,0.0,0.0,0.0,0.0,0.0,0.0,0
513046,Danilo,Nott'm Forest,MID,1787,20,0,0,1261.0,0.1212,0.0459,1.7699,0.3569,0.0,0.0,0.0,0.0,0.0,0.7757,1.254,1.135,1.685,1.698,0.64246,24.7976,5.0,208.0,14.8454,0.0,0.0,0.0,0.0,0.0,0.0,20
230251,Dennis,Nott'm Forest,FWD,0,0,0,0,709.0,0.1395,0.0156,0.8352,0.3808,0.0,0.0,0.0,0.0,0.0,0.7757,1.254,1.135,1.685,1.0987,0.1226,6.5793,3.0,113.0,14.3441,0.0,0.0,0.0,0.0,0.0,0.0,0
173399,Dräger,Nott'm Forest,DEF,0,0,0,0,0.0,0.0,0.0,0.0,0.0,0.0,0.0,0.0,0.0,0.0,0.7757,1.254,1.135,1.685,0.0,0.0,0.0,0.0,0.0,0.0,0.0,0.0,0.0,0.0,0.0,0.0,0
116404,Felipe,Nott'm Forest,DEF,372,4,0,0,1417.0,0.0762,0.073,2.0217,0.1905,0.0,0.0,0.0,0.0,0.0,0.7757,1.254,1.135,1.685,1.2,1.1500000000000001,31.83,3.0,233.0,14.7989,0.0,0.0,0.0,0.0,0.0,0.0,4
89076,Freuler,Nott'm Forest,MID,0,0,0,0,2157.0,0.0118,0.0235,1.1611,0.0,0.0,0.0,0.0,0.0,0.0,0.7757,1.254,1.135,1.685,0.28390000000000004,0.56408,27.8265,0.0,267.0,11.1405,0.0,0.0,0.0,0.0,0.0,0.0,0
222531,Gibbs-White,Nott'm Forest,MID,3156,35,0,0,3982.0,0.128,0.128,1.2068,0.2712,471.0,0.1529,0.151,1.5707,0.0,0.7757,1.254,1.135,1.685,5.6615,5.66234,53.3921,12.0,602.0,13.6062,0.8,0.79,8.22,0.0,65.0,12.4204,35
20066,Hennessey,Nott'm Forest,GK,0,0,0,0,271.0,0.0,0.0004,1.8031,0.0,0.0,0.0,0.0,0.0,0.0,0.7757,1.254,1.135,1.685,0.0,0.00132,5.4294,0.0,46.0,15.2768,0.0,0.0,0.0,0.0,0.0,0.0,0
168547,Horvath,Nott'm Forest,GK,0,0,0,0,0.0,0.0,0.0,0.0,0.0,0.0,0.0,0.0,0.0,0.0,0.7757,1.254,1.135,1.685,0.0,0.0,0.0,0.0,0.0,0.0,0.0,0.0,0.0,0.0,0.0,0.0,0
55037,Kouyaté,Nott'm Forest,MID,206,2,0,0,942.0,0.0096,0.0038,0.7882,0.1911,32.0,0.1406,0.0281,5.4281,0.0,0.7757,1.254,1.135,1.685,0.1,0.04026,8.2494,2.0,166.0,15.8599,0.05,0.01,1.9300000000000002,0.0,8.0,22.5,2
221403,Laryea,Nott'm Forest,DEF,0,0,0,0,0.0,0.0,0.0,0.0,0.0,0.0,0.0,0.0,0.0,0.0,0.7757,1.254,1.135,1.685,0.0,0.0,0.0,0.0,0.0,0.0,0.0,0.0,0.0,0.0,0.0,0.0,0
179519,Mangala,Nott'm Forest,MID,1562,19,0,0,2275.0,0.0259,0.0291,1.4052,0.0,504.0,0.0464,0.0107,1.5482,0.0,0.7757,1.254,1.135,1.685,0.6538,0.7365200000000001,35.521,0.0,255.0,10.0879,0.26,0.06,8.67,0.0,60.0,10.7143,19
242885,Mbe Soh,Nott'm Forest,DEF,0,0,0,0,0.0,0.0,0.0,0.0,0.0,0.0,0.0,0.0,0.0,0.0,0.7757,1.254,1.135,1.685,0.0,0.0,0.0,0.0,0.0,0.0,0.0,0.0,0.0,0.0,0.0,0.0,0
168281,McKenna,Nott'm Forest,DEF,416,5,0,0,1986.0,0.0095,0.0145,0.5074,0.0453,90.0,0.02,0.07,0.56,0.0,0.7757,1.254,1.135,1.685,0.21,0.31959000000000004,11.1964,1.0,339.0,15.3625,0.02,0.07,0.56,0.0,13.0,13.0,5
244930,Mighten,Nott'm Forest,MID,0,0,0,0,7.0,0.0,0.0,0.0,0.0,0.0,0.0,0.0,0.0,0.0,0.7757,1.254,1.135,1.685,0.0,0.0,0.0,0.0,1.0,12.8571,0.0,0.0,0.0,0.0,0.0,0.0,0
199170,Niakhaté,Nott'm Forest,DEF,1456,15,0,0,1432.0,0.0251,0.0119,1.8101,0.0,235.0,0.0,0.0115,2.6923,0.0,0.7757,1.254,1.135,1.685,0.4,0.19,28.8,0.0,167.0,10.4958,0.0,0.03,7.03,0.0,17.0,6.5106,15
243345,O'Brien,Nott'm Forest,MID,0,0,0,0,578.0,0.0,0.0015,0.3408,0.0,0.0,0.0,0.0,0.0,0.0,0.7757,1.254,1.135,1.685,0.0,0.00983,2.1886,0.0,88.0,13.7024,0.0,0.0,0.0,0.0,0.0,0.0,0
437476,Ojeda,Nott'm Forest,MID,0,0,0,0,0.0,0.0,0.0,0.0,0.0,0.0,0.0,0.0,0.0,0.0,0.7757,1.254,1.135,1.685,0.0,0.0,0.0,0.0,0.0,0.0,0.0,0.0,0.0,0.0,0.0,0.0,0
209035,Panzo,Nott'm Forest,DEF,0,0,0,0,0.0,0.0,0.0,0.0,0.0,0.0,0.0,0.0,0.0,0.0,0.7757,1.254,1.135,1.685,0.0,0.0,0.0,0.0,0.0,0.0,0.0,0.0,0.0,0.0,0.0,0.0,0
204822,O.Richards,Nott'm Forest,DEF,0,0,0,0,0.0,0.0,0.0,0.0,0.0,0.0,0.0,0.0,0.0,0.0,0.7757,1.254,1.135,1.685,0.0,0.0,0.0,0.0,0.0,0.0,0.0,0.0,0.0,0.0,0.0,0.0,0
185253,G.Scarpa,Nott'm Forest,MID,0,0,0,0,177.0,0.1199,0.0207,1.4589,0.0,0.0,0.0,0.0,0.0,0.0,0.7757,1.254,1.135,1.685,0.2359,0.04071,2.8691999999999998,0.0,16.0,8.1356,0.0,0.0,0.0,0.0,0.0,0.0,0
50232,J.Shelvey,Nott'm Forest,MID,0,0,0,0,573.0,0.0298,0.1037,1.723,0.0,0.0,0.0,0.0,0.0,0.0,0.7757,1.254,1.135,1.685,0.19,0.66,10.969999999999999,0.0,67.0,10.5236,0.0,0.0,0.0,0.0,0.0,0.0,0
217331,Surridge,Nott'm Forest,FWD,0,0,0,0,306.0,0.448,0.0013,1.8475,0.8824,0.0,0.0,0.0,0.0,0.0,0.7757,1.254,1.135,1.685,1.5233,0.00431,6.2815,3.0,61.0,17.9412,0.0,0.0,0.0,0.0,0.0,0.0,0
114241,Toffolo,Nott'm Forest,DEF,1452,15,0,0,1164.0,0.0364,0.0443,0.9709,0.0773,231.0,0.1364,0.0468,1.5234,0.0,0.7757,1.254,1.135,1.685,0.47090000000000004,0.57307,12.5566,1.0,189.0,14.6134,0.35000000000000003,0.12000000000000001,3.91,0.0,55.0,21.4286,15
201440,Ui-jo,Nott'm Forest,FWD,0,0,0,0,0.0,0.0,0.0,0.0,0.0,0.0,0.0,0.0,0.0,0.0,0.7757,1.254,1.135,1.685,0.0,0.0,0.0,0.0,0.0,0.0,0.0,0.0,0.0,0.0,0.0,0.0,0
215136,Williams,Nott'm Forest,DEF,1630,18,0,0,1989.0,0.0149,0.0168,0.9476,0.0452,9.0,0.0,0.4,6.1,0.0,0.7757,1.254,1.135,1.685,0.33,0.37054,20.9429,1.0,299.0,13.5294,0.0,0.04,0.61,0.0,6.0,60.0,18
60689,Wood,Nott'm Forest,FWD,1801,20,0,0,1039.0,0.3708,0.0363,1.2042,1.0395,191.0,0.933,0.0236,1.9555,1.4136,0.7757,1.254,1.135,1.685,4.2806999999999995,0.41853999999999997,13.9019,12.0,261.0,22.6083,1.98,0.05,4.15,3.0,59.0,27.801,20
208912,Worrall,Nott'm Forest,DEF,438,5,0,0,2652.0,0.0272,0.0173,1.3492,0.1697,102.0,0.0,0.0,1.4647,0.0,0.7757,1.254,1.135,1.685,0.8024,0.50908,39.7565,5.0,435.0,14.7624,0.0,0.0,1.6600000000000001,0.0,18.0,15.8824,5
204968,Yates,Nott'm Forest,MID,1979,21,0,0,2190.0,0.0232,0.0148,0.8755,0.0,66.0,0.0682,0.1909,2.7409,0.0,0.7757,1.254,1.135,1.685,0.5635,0.35977000000000003,21.3035,0.0,208.0,8.5479,0.05,0.14,2.01,0.0,9.0,12.2727,21
159506,Aina,Nott'm Forest,DEF,1690,20,0,0,467.0,0.0096,0.0058,1.773,0.0,234.0,0.0115,0.0077,1.6808,0.0,0.7757,1.254,1.135,1.685,0.05,0.03,9.2,0.0,69.0,13.2976,0.03,0.02,4.37,0.0,38.0,14.6154,20
450197,G.Shelvey,Nott'm Forest,GK,0,0,0,0,0.0,0.0,0.0,0.0,0.0,0.0,0.0,0.0,0.0,0.0,0.7757,1.254,1.135,1.685,0.0,0.0,0.0,0.0,0.0,0.0,0.0,0.0,0.0,0.0,0.0,0.0,0
547659,Powell,Nott'm Forest,DEF,0,0,0,0,0.0,0.0,0.0,0.0,0.0,0.0,0.0,0.0,0.0,0.0,0.7757,1.254,1.135,1.685,0.0,0.0,0.0,0.0,0.0,0.0,0.0,0.0,0.0,0.0,0.0,0.0,0
218430,G.Montiel,Nott'm Forest,DEF,796,8,0,0,166.0,0.0488,0.0434,0.9922,0.0,148.0,0.0547,0.0486,0.7541,0.0,0.7757,1.254,1.135,1.685,0.09,0.08,1.8299999999999998,0.0,13.0,7.0482,0.09,0.08,1.24,0.0,10.0,6.0811,8
575476,Murillo,Nott'm Forest,DEF,2790,32,0,0,360.0,0.1675,0.02,1.7925,0.25,360.0,0.1675,0.02,1.7925,0.25,0.7757,1.254,1.135,1.685,0.67,0.08,7.17,1.0,76.0,19.0,0.67,0.08,7.17,1.0,76.0,19.0,32
111452,Odysseas,Nott'm Forest,GK,450,5,0,0,0.0,0.0,0.0,0.0,0.0,0.0,0.0,0.0,0.0,0.0,0.7757,1.254,1.135,1.685,0.0,0.0,0.0,0.0,0.0,0.0,0.0,0.0,0.0,0.0,0.0,0.0,5
466404,Omobamidele,Nott'm Forest,DEF,782,8,0,0,0.0,0.0,0.0,0.0,0.0,0.0,0.0,0.0,0.0,0.0,0.7757,1.254,1.135,1.685,0.0,0.0,0.0,0.0,0.0,0.0,0.0,0.0,0.0,0.0,0.0,0.0,8
250199,Dominguez,Nott'm Forest,MID,1489,19,0,0,404.0,0.0535,0.0601,1.35,0.6683,404.0,0.0535,0.0601,1.35,0.6683,0.7757,1.254,1.135,1.685,0.24,0.27,6.0600000000000005,3.0,76.0,16.9307,0.24,0.27,6.0600000000000005,3.0,76.0,16.9307,19
210462,Sangaré,Nott'm Forest,MID,1031,13,0,0,463.0,0.1186,0.0292,1.2732,0.0,463.0,0.1186,0.0292,1.2732,0.0,0.7757,1.254,1.135,1.685,0.61,0.15,6.550000000000001,0.0,28.0,5.4428,0.61,0.15,6.550000000000001,0.0,28.0,5.4428,13
152760,Origi,Nott'm Forest,FWD,594,6,0,0,58.0,0.0931,0.2483,2.7621,0.0,58.0,0.0931,0.2483,2.7621,0.0,0.7757,1.254,1.135,1.685,0.06,0.16,1.78,0.0,10.0,15.5172,0.06,0.16,1.78,0.0,10.0,15.5172,6
524070,McDonnell,Nott'm Forest,MID,0,0,0,0,,,,,,,,,,,0.7757,1.254,1.135,1.685,,,,,,,,,,,,,0
536677,Osong,Nott'm Forest,FWD,0,0,0,0,,,,,,,,,,,0.7757,1.254,1.135,1.685,,,,,,,,,,,,,0
536681,Gardner,Nott'm Forest,FWD,0,0,0,0,,,,,,,,,,,0.7757,1.254,1.135,1.685,,,,,,,,,,,,,0
427420,Reyna,Nott'm Forest,MID,228,2,0,0,,,,,,,,,,,0.7757,1.254,1.135,1.685,,,,,,,,,,,,,2
85633,Sels,Nott'm Forest,GK,1440,16,0,0,,,,,,,,,,,0.7757,1.254,1.135,1.685,,,,,,,,,,,,,16
551232,Ribeiro,Nott'm Forest,FWD,14,0,0,0,,,,,,,,,,,0.7757,1.254,1.135,1.685,,,,,,,,,,,,,0
201410,Trusty,Sheffield Utd,DEF,2568,28,0,0,285.0,0.0,0.0,2.2074,0.0,285.0,0.0,0.0,2.2074,0.0,0.755,2.34,0.76,2.32,0.0,0.0,6.99,0.0,42.0,13.2632,0.0,0.0,6.99,0.0,42.0,13.2632,28
433979,Archer,Sheffield Utd,FWD,1829,21,0,0,579.0,0.0839,0.0233,2.2572,0.4663,457.0,0.0729,0.0295,2.3061,0.0,0.755,2.34,0.76,2.32,0.54,0.15001,14.5212,3.0,66.0,10.2591,0.37,0.15,11.71,0.0,22.0,4.3326,21
194164,Holgate,Sheffield Utd,DEF,711,9,0,0,506.0,0.1245,0.0089,0.6403,0.3557,0.0,0.0,0.0,0.0,0.0,0.755,2.34,0.76,2.32,0.7,0.05,3.6,2.0,81.0,14.4071,0.0,0.0,0.0,0.0,0.0,0.0,9
432714,McAtee,Sheffield Utd,MID,1815,20,0,0,384.0,0.0727,0.0375,2.0672,0.0,383.0,0.0728,0.0376,2.0726,0.0,0.755,2.34,0.76,2.32,0.31,0.16,8.82,0.0,50.0,11.7188,0.31,0.16,8.82,0.0,47.0,11.0444,20
233821,Ahmedhodžić,Sheffield Utd,DEF,2649,29,0,0,720.0,0.1062,0.01,2.4462,0.0,360.0,0.0925,0.02,2.5225,0.0,0.755,2.34,0.76,2.32,0.85,0.08,19.57,0.0,77.0,9.625,0.37,0.08,10.09,0.0,44.0,11.0,29
538206,Amissah,Sheffield Utd,GK,0,0,0,0,0.0,0.0,0.0,0.0,0.0,0.0,0.0,0.0,0.0,0.0,0.755,2.34,0.76,2.32,0.0,0.0,0.0,0.0,0.0,0.0,0.0,0.0,0.0,0.0,0.0,0.0,0
82691,Baldock,Sheffield Utd,DEF,968,11,0,0,269.0,0.0,0.0401,2.9175,0.0,19.0,0.0,0.0,6.2526,0.0,0.755,2.34,0.76,2.32,0.0,0.12,8.719999999999999,0.0,19.0,6.3569,0.0,0.0,1.32,0.0,2.0,9.4737,11
40386,Basham,Sheffield Utd,DEF,316,3,0,0,316.0,0.0342,0.0199,2.0278,0.0,173.0,0.0624,0.0364,2.1121,0.0,0.755,2.34,0.76,2.32,0.12000000000000001,0.07,7.12,0.0,35.0,9.9684,0.12000000000000001,0.07,4.0600000000000005,0.0,16.0,8.3237,3
226182,Bogle,Sheffield Utd,DEF,2787,32,0,0,477.0,0.117,0.0283,1.8302,0.0,458.0,0.0943,0.0295,1.7646,0.0,0.755,2.34,0.76,2.32,0.6200000000000001,0.15,9.700000000000001,0.0,66.0,12.4528,0.48000000000000004,0.15,8.98,0.0,48.0,9.4323,32
195473,Brewster,Sheffield Utd,FWD,338,3,0,0,118.0,0.0229,0.0305,2.0746,0.0,118.0,0.0229,0.0305,2.0746,0.0,0.755,2.34,0.76,2.32,0.03,0.04,2.7199999999999998,0.0,8.0,6.1017,0.03,0.04,2.7199999999999998,0.0,8.0,6.1017,3
476938,Coulibaly,Sheffield Utd,MID,0,0,0,0,0.0,0.0,0.0,0.0,0.0,0.0,0.0,0.0,0.0,0.0,0.755,2.34,0.76,2.32,0.0,0.0,0.0,0.0,0.0,0.0,0.0,0.0,0.0,0.0,0.0,0.0,0
102549,A.Davies,Sheffield Utd,GK,0,0,0,0,0.0,0.0,0.0,0.0,0.0,0.0,0.0,0.0,0.0,0.0,0.755,2.34,0.76,2.32,0.0,0.0,0.0,0.0,0.0,0.0,0.0,0.0,0.0,0.0,0.0,0.0,0
108416,Egan,Sheffield Utd,DEF,482,6,0,0,482.0,0.0317,0.0,2.7728,0.0,145.0,0.0434,0.0,3.3952,0.0,0.755,2.34,0.76,2.32,0.17,0.0,14.85,0.0,54.0,10.083,0.07,0.0,5.47,0.0,13.0,8.069,6
47247,Fleck,Sheffield Utd,MID,89,1,0,0,19.0,0.0,0.0474,6.2526,0.0,19.0,0.0,0.0474,6.2526,0.0,0.755,2.34,0.76,2.32,0.0,0.01,1.32,0.0,4.0,18.9474,0.0,0.01,1.32,0.0,4.0,18.9474,1
82143,Foderingham,Sheffield Utd,GK,2648,29,0,0,900.0,0.0,0.0,2.34,0.2,540.0,0.0,0.0,2.32,0.1667,0.755,2.34,0.76,2.32,0.0,0.0,23.4,2.0,188.0,18.8,0.0,0.0,13.92,1.0,108.0,18.0,29
523700,Jebbison,Sheffield Utd,FWD,20,0,0,0,0.0,0.0,0.0,0.0,0.0,0.0,0.0,0.0,0.0,0.0,0.755,2.34,0.76,2.32,0.0,0.0,0.0,0.0,0.0,0.0,0.0,0.0,0.0,0.0,0.0,0.0,0
155197,Lowe,Sheffield Utd,DEF,498,4,0,0,124.0,0.0,0.0073,1.9016,0.0,0.0,0.0,0.0,0.0,0.0,0.755,2.34,0.76,2.32,0.0,0.01,2.62,0.0,11.0,7.9839,0.0,0.0,0.0,0.0,0.0,0.0,4
169432,McBurnie,Sheffield Utd,FWD,1279,15,0,0,430.0,0.3809,0.1695,2.0972,0.2093,321.0,0.4009,0.0785,1.8813,0.2804,0.755,2.34,0.76,2.32,1.82,0.8099999999999999,10.02,1.0,38.0,7.9535,1.4300000000000002,0.28,6.710000000000001,1.0,22.0,6.1682,15
440993,Ndiaye,Sheffield Utd,FWD,0,0,0,0,0.0,0.0,0.0,0.0,0.0,0.0,0.0,0.0,0.0,0.0,0.755,2.34,0.76,2.32,0.0,0.0,0.0,0.0,0.0,0.0,0.0,0.0,0.0,0.0,0.0,0.0,0
443211,Norrington-Davies,Sheffield Utd,DEF,109,2,0,0,0.0,0.0,0.0,0.0,0.0,0.0,0.0,0.0,0.0,0.0,0.755,2.34,0.76,2.32,0.0,0.0,0.0,0.0,0.0,0.0,0.0,0.0,0.0,0.0,0.0,0.0,2
79934,Norwood,Sheffield Utd,MID,1429,16,0,0,700.0,0.0193,0.0797,2.3027,0.0,351.0,0.0205,0.0513,2.3179,0.0,0.755,2.34,0.76,2.32,0.15,0.62,17.91,0.0,109.0,14.0143,0.08,0.2,9.04,0.0,48.0,12.3077,16
167878,Osborn,Sheffield Utd,MID,1359,14,0,0,235.0,0.046,0.0651,1.9417,0.0,43.0,0.0,0.1465,3.014,0.0,0.755,2.34,0.76,2.32,0.12,0.16999999999999998,5.07,0.0,21.0,8.0426,0.0,0.06999999999999999,1.4400000000000002,0.0,3.0,6.2791,14
538207,Osula,Sheffield Utd,FWD,778,9,0,0,233.0,0.112,0.0232,2.3408,0.0,0.0,0.0,0.0,0.0,0.0,0.755,2.34,0.76,2.32,0.29,0.060000000000000005,6.06,0.0,-6.0,-2.3176,0.0,0.0,0.0,0.0,0.0,0.0,9
83427,Robinson,Sheffield Utd,DEF,2883,31,0,0,854.0,0.0537,0.0137,2.368,0.0,505.0,0.0642,0.016,2.3525,0.0,0.755,2.34,0.76,2.32,0.51,0.13,22.47,0.0,135.0,14.2272,0.36,0.09,13.2,0.0,91.0,16.2178,31
504198,Slimane,Sheffield Utd,MID,409,4,0,0,103.0,0.1049,0.0699,3.1369,0.0,93.0,0.1161,0.0774,3.271,0.0,0.755,2.34,0.76,2.32,0.12,0.08,3.59,0.0,5.0,4.3689,0.12,0.08,3.38,0.0,7.0,6.7742,4
432990,Larouci,Sheffield Utd,DEF,527,6,0,0,219.0,0.0699,0.0082,2.8356,0.0,24.0,0.0,0.0,1.4625,0.0,0.755,2.34,0.76,2.32,0.16999999999999998,0.02,6.8999999999999995,0.0,25.0,10.274,0.0,0.0,0.39,0.0,2.0,7.5,6
523957,T.Bénie,Sheffield Utd,FWD,383,3,0,0,323.0,0.0752,0.1115,2.661,0.0,51.0,0.0,0.2294,4.7118,0.0,0.755,2.34,0.76,2.32,0.27,0.4,9.55,0.0,7.0,1.9505,0.0,0.13,2.67,0.0,6.0,10.5882,3
424001,Vini Souza,Sheffield Utd,MID,2664,29,0,0,787.0,0.0183,0.0091,2.4084,0.1144,540.0,0.0167,0.0117,2.32,0.1667,0.755,2.34,0.76,2.32,0.15999999999999998,0.08,21.060000000000002,1.0,101.0,11.5502,0.09999999999999999,0.07,13.92,1.0,75.0,12.5,29
471848,Seriki,Sheffield Utd,DEF,0,0,0,0,0.0,0.0,0.0,0.0,0.0,0.0,0.0,0.0,0.0,0.0,0.755,2.34,0.76,2.32,0.0,0.0,0.0,0.0,0.0,0.0,0.0,0.0,0.0,0.0,0.0,0.0,0
532377,Marsh,Sheffield Utd,FWD,0,0,0,0,0.0,0.0,0.0,0.0,0.0,0.0,0.0,0.0,0.0,0.0,0.755,2.34,0.76,2.32,0.0,0.0,0.0,0.0,0.0,0.0,0.0,0.0,0.0,0.0,0.0,0.0,0
538210,Brooks,Sheffield Utd,MID,932,12,0,0,19.0,0.0,0.0474,0.5684,0.0,0.0,0.0,0.0,0.0,0.0,0.755,2.34,0.76,2.32,0.0,0.01,0.12,0.0,6.0,28.4211,0.0,0.0,0.0,0.0,0.0,0.0,12
487836,Hackford,Sheffield Utd,FWD,11,0,0,0,11.0,0.0,0.0,0.9818,0.0,0.0,0.0,0.0,0.0,0.0,0.755,2.34,0.76,2.32,0.0,0.0,0.12,0.0,5.0,40.9091,0.0,0.0,0.0,0.0,0.0,0.0,0
196100,Hamer,Sheffield Utd,MID,2908,34,0,0,723.0,0.0896,0.0996,2.1336,0.249,453.0,0.0596,0.1132,1.9212,0.3974,0.755,2.34,0.76,2.32,0.7200000000000001,0.8,17.14,2.0,112.0,13.9419,0.3,0.5700000000000001,9.67,2.0,64.0,12.7152,34
173807,T.Davies,Sheffield Utd,MID,214,2,0,0,581.0,0.1343,0.0379,1.4012,0.0,57.0,0.1421,0.0632,3.9632,0.0,0.755,2.34,0.76,2.32,0.8673,0.24478,9.0456,0.0,53.0,8.21,0.09,0.04,2.51,0.0,-2.0,-3.1579,2
244619,Thomas,Sheffield Utd,DEF,916,11,0,0,1605.0,0.0323,0.0257,1.8184,0.0,515.0,0.0577,0.0175,2.3645,0.0,0.755,2.34,0.76,2.32,0.5751999999999999,0.45811,32.4282,0.0,248.0,13.9065,0.33,0.1,13.530000000000001,0.0,56.0,9.7864,11
585472,Oné,Sheffield Utd,MID,7,0,0,0,7.0,0.0,0.0,16.4571,0.0,7.0,0.0,0.0,16.4571,0.0,0.755,2.34,0.76,2.32,0.0,0.0,1.28,0.0,3.0,38.5714,0.0,0.0,1.28,0.0,3.0,38.5714,0
601496,Buyabu,Sheffield Utd,DEF,0,0,0,0,0.0,0.0,0.0,0.0,0.0,0.0,0.0,0.0,0.0,0.0,0.755,2.34,0.76,2.32,0.0,0.0,0.0,0.0,0.0,0.0,0.0,0.0,0.0,0.0,0.0,0.0,0
552425,Peck,Sheffield Utd,MID,9,0,0,0,,,,,,,,,,,0.755,2.34,0.76,2.32,,,,,,,,,,,,,0
204814,Brereton Díaz,Sheffield Utd,MID,1105,14,0,0,,,,,,,,,,,0.755,2.34,0.76,2.32,,,,,,,,,,,,,14
173268,Grbić,Sheffield Utd,GK,771,9,0,0,,,,,,,,,,,0.755,2.34,0.76,2.32,,,,,,,,,,,,,9
591539,Blacker,Sheffield Utd,FWD,0,0,0,0,,,,,,,,,,,0.755,2.34,0.76,2.32,,,,,,,,,,,,,0
532372,Arblaster,Sheffield Utd,MID,942,11,0,0,,,,,,,,,,,0.755,2.34,0.76,2.32,,,,,,,,,,,,,11
616094,Sasnauskas,Sheffield Utd,DEF,0,0,0,0,,,,,,,,,,,0.755,2.34,0.76,2.32,,,,,,,,,,,,,0
549344,Curtis,Sheffield Utd,DEF,27,0,0,0,,,,,,,,,,,0.755,2.34,0.76,2.32,,,,,,,,,,,,,0
591538,Hampson,Sheffield Utd,MID,0,0,0,0,,,,,,,,,,,0.755,2.34,0.76,2.32,,,,,,,,,,,,,0
242898,Johnson,Spurs,MID,2317,26,0,0,3275.0,0.1735,0.0553,1.1217,0.4122,107.0,0.5299,0.3449,2.4981,0.0,1.108,0.9694,1.6767,1.2083,6.3139,2.01203,40.8192,15.0,417.0,11.4595,0.63,0.41,2.9699999999999998,0.0,20.0,16.8224,26
214572,Austin,Spurs,GK,0,0,0,0,0.0,0.0,0.0,0.0,0.0,0.0,0.0,0.0,0.0,0.0,1.108,0.9694,1.6767,1.2083,0.0,0.0,0.0,0.0,0.0,0.0,0.0,0.0,0.0,0.0,0.0,0.0,0
202993,Bentancur,Spurs,MID,997,13,0,0,1502.0,0.0799,0.0039,0.4019,0.4194,1.0,6.3,0.0,15.3,0.0,1.108,0.9694,1.6767,1.2083,1.3332000000000002,0.06576,6.708,7.0,345.0,20.6724,0.07,0.0,0.17,0.0,3.0,270.0,13
227127,Bissouma,Spurs,MID,2070,26,0,0,1721.0,0.0347,0.0635,0.9765,0.0,380.0,0.0947,0.1753,1.4282,0.0,1.108,0.9694,1.6767,1.2083,0.6628000000000001,1.214,18.672900000000002,0.0,282.0,14.7472,0.4,0.74,6.03,0.0,40.0,9.4737,26
436234,Bryan,Spurs,MID,200,2,0,0,147.0,0.0582,0.0345,0.6397,0.0,1.0,0.0,0.0,15.3,0.0,1.108,0.9694,1.6767,1.2083,0.0951,0.056280000000000004,1.0449,0.0,24.0,14.6939,0.0,0.0,0.17,0.0,2.0,180.0,2
115556,Davies,Spurs,DEF,1085,12,0,0,2372.0,0.0428,0.041,0.6883,0.1138,60.0,0.0,0.015,0.45,0.0,1.108,0.9694,1.6767,1.2083,1.1273,1.08176,18.1402,3.0,495.0,18.7816,0.0,0.01,0.30000000000000004,0.0,15.0,22.5,12
93264,Dier,Spurs,DEF,199,1,0,0,2816.0,0.0326,0.0084,0.9017,0.1598,0.0,0.0,0.0,0.0,0.0,1.108,0.9694,1.6767,1.2083,1.0191,0.26182,28.2136,5.0,569.0,18.1854,0.0,0.0,0.0,0.0,0.0,0.0,1
241157,E.Royal,Spurs,DEF,1152,11,0,0,1919.0,0.051,0.0381,0.6941,0.469,94.0,0.0191,0.2681,1.3117,0.0,1.108,0.9694,1.6767,1.2083,1.0882,0.8122,14.8008,10.0,459.0,21.5268,0.02,0.28,1.37,0.0,25.0,23.9362,11
40383,Forster,Spurs,GK,0,0,0,0,1215.0,0.0,0.0,1.4232,0.0741,0.0,0.0,0.0,0.0,0.0,1.108,0.9694,1.6767,1.2083,0.0,7e-05,19.2126,1.0,222.0,16.4444,0.0,0.0,0.0,0.0,0.0,0.0,0
132015,Højbjerg,Spurs,MID,1289,8,0,0,3372.0,0.0324,0.0574,0.9147,0.2669,175.0,0.072,0.0463,1.116,0.0,1.108,0.9694,1.6767,1.2083,1.2152,2.15034,34.2714,10.0,672.0,17.9359,0.14,0.09,2.17,0.0,30.0,15.4286,8
78830,Kane,Spurs,FWD,0,0,0,0,3406.0,0.3181,0.0719,0.897,1.2683,0.0,0.0,0.0,0.0,0.0,1.108,0.9694,1.6767,1.2083,12.0402,2.72175,33.9458,48.0,1008.0,26.6353,0.0,0.0,0.0,0.0,0.0,0.0,0
445044,Kulusevski,Spurs,MID,2759,31,0,0,2953.0,0.0943,0.1482,1.0936,0.2438,539.0,0.1135,0.2087,1.0519,0.5009,1.108,0.9694,1.6767,1.2083,3.0943,4.86153,35.8808,8.0,451.0,13.7453,0.68,1.25,6.300000000000001,3.0,88.0,14.6939,31
37915,Lloris,Spurs,GK,0,0,0,0,2205.0,0.0,0.0003,0.6018,0.4898,0.0,0.0,0.0,0.0,0.0,1.108,0.9694,1.6767,1.2083,0.0,0.00784,14.7432,12.0,456.0,18.6122,0.0,0.0,0.0,0.0,0.0,0.0,0
200826,Lo Celso,Spurs,MID,491,4,0,0,24.0,0.0,0.075,3.675,0.0,8.0,0.0,0.0,9.675,0.0,1.108,0.9694,1.6767,1.2083,0.0,0.02,0.98,0.0,11.0,41.25,0.0,0.0,0.86,0.0,3.0,33.75,4
172780,Maddison,Spurs,MID,2137,26,0,0,3316.0,0.2434,0.1613,1.0908,0.4071,500.0,0.216,0.234,0.9306,0.36,1.108,0.9694,1.6767,1.2083,8.9695,5.94273,40.188900000000004,15.0,750.0,20.3559,1.2,1.3,5.17,2.0,121.0,21.78,26
231372,Ndombele,Spurs,MID,0,0,0,0,0.0,0.0,0.0,0.0,0.0,0.0,0.0,0.0,0.0,0.0,1.108,0.9694,1.6767,1.2083,0.0,0.0,0.0,0.0,0.0,0.0,0.0,0.0,0.0,0.0,0.0,0.0,0
441164,Pedro Porro,Spurs,DEF,3090,35,0,0,1939.0,0.1221,0.1453,1.3762,0.3713,540.0,0.075,0.075,1.08,0.5,1.108,0.9694,1.6767,1.2083,2.63,3.13,29.65,8.0,466.0,21.6297,0.44999999999999996,0.45,6.4799999999999995,3.0,130.0,21.6667,35
45034,Perišić,Spurs,DEF,98,0,0,0,2197.0,0.0681,0.1462,1.0488,0.2458,10.0,0.72,1.35,0.09,0.0,1.108,0.9694,1.6767,1.2083,1.6625,3.5683,25.6023,6.0,464.0,19.0077,0.08,0.15,0.01,0.0,13.0,117.0,0
212319,Richarlison,Spurs,MID,1481,18,0,0,1530.0,0.2719,0.0694,0.9014,0.1176,299.0,0.6773,0.1957,0.6652,0.0,1.108,0.9694,1.6767,1.2083,4.6216,1.18049,15.323400000000001,2.0,214.0,12.5882,2.25,0.65,2.21,0.0,50.0,15.0502,18
214225,Rodon,Spurs,DEF,0,0,0,0,0.0,0.0,0.0,0.0,0.0,0.0,0.0,0.0,0.0,0.0,1.108,0.9694,1.6767,1.2083,0.0,0.0,0.0,0.0,0.0,0.0,0.0,0.0,0.0,0.0,0.0,0.0,0
221632,Romero,Spurs,DEF,2790,33,0,0,3186.0,0.0453,0.0333,1.0307,0.2825,540.0,0.0267,0.0883,1.0817,1.0,1.108,0.9694,1.6767,1.2083,1.6019999999999999,1.17801,36.4856,10.0,671.0,18.9548,0.16,0.53,6.49,6.0,123.0,20.5,33
173904,Sánchez,Spurs,DEF,76,0,0,0,924.0,0.0446,0.0055,0.8213,0.0974,0.0,0.0,0.0,0.0,0.0,1.108,0.9694,1.6767,1.2083,0.4582,0.056369999999999996,8.4317,1.0,175.0,17.0455,0.0,0.0,0.0,0.0,0.0,0.0,0
482442,Sarr,Spurs,MID,2063,27,0,0,918.0,0.1737,0.0747,1.432,0.1961,492.0,0.0787,0.0439,1.028,0.0,1.108,0.9694,1.6767,1.2083,1.7722,0.7617999999999999,14.6063,2.0,203.0,19.902,0.43000000000000005,0.24,5.62,0.0,80.0,14.6341,27
184349,Sessegnon,Spurs,DEF,0,0,0,0,805.0,0.0297,0.0416,0.3655,0.0,0.0,0.0,0.0,0.0,0.0,1.108,0.9694,1.6767,1.2083,0.2656,0.3723,3.2692,0.0,121.0,13.528,0.0,0.0,0.0,0.0,0.0,0.0,0
209042,Skipp,Spurs,MID,691,5,0,0,1633.0,0.0127,0.0187,1.3225,0.0551,49.0,0.0,0.0,1.8184,0.0,1.108,0.9694,1.6767,1.2083,0.23,0.33868,23.9969,1.0,227.0,12.5107,0.0,0.0,0.99,0.0,11.0,20.2041,5
85971,Son,Spurs,MID,2934,34,0,0,3682.0,0.257,0.1172,1.0034,0.4644,471.0,0.5465,0.2427,1.0089,1.5287,1.108,0.9694,1.6767,1.2083,10.5147,4.79276,41.048899999999996,19.0,717.0,17.5258,2.86,1.27,5.279999999999999,8.0,142.0,27.1338,34
232859,Spence,Spurs,DEF,0,0,0,0,5.0,0.0,0.0214,3.3192,0.0,0.0,0.0,0.0,0.0,0.0,1.108,0.9694,1.6767,1.2083,0.0,0.00119,0.1844,0.0,10.0,180.0,0.0,0.0,0.0,0.0,0.0,0.0,0
199584,Tanganga,Spurs,DEF,0,0,0,0,145.0,0.0,0.0082,2.2923,0.0,0.0,0.0,0.0,0.0,0.0,1.108,0.9694,1.6767,1.2083,0.0,0.01327,3.6932,0.0,32.0,19.8621,0.0,0.0,0.0,0.0,0.0,0.0,0
487053,Udogie,Spurs,DEF,2391,28,0,0,728.0,0.0297,0.1001,1.3005,0.4945,398.0,0.0204,0.0724,1.1239,0.0,1.108,0.9694,1.6767,1.2083,0.24,0.81,10.52,4.0,146.0,18.0495,0.09,0.32,4.970000000000001,0.0,50.0,11.3065,28
184254,Vicario,Spurs,GK,3420,38,0,0,900.0,0.0,0.0,1.252,0.5,540.0,0.0,0.0,1.0817,0.3333,1.108,0.9694,1.6767,1.2083,0.0,0.0,12.52,5.0,218.0,21.8,0.0,0.0,6.49,2.0,118.0,19.6667,38
175941,Whiteman,Spurs,GK,0,0,0,0,0.0,0.0,0.0,0.0,0.0,0.0,0.0,0.0,0.0,0.0,1.108,0.9694,1.6767,1.2083,0.0,0.0,0.0,0.0,0.0,0.0,0.0,0.0,0.0,0.0,0.0,0.0,0
235674,Solomon,Spurs,MID,196,2,0,0,756.0,0.1928,0.1827,1.5725,0.3571,127.0,0.2055,0.3118,0.5669,0.0,1.108,0.9694,1.6767,1.2083,1.6193,1.5345499999999999,13.2087,3.0,209.0,24.881,0.29000000000000004,0.44,0.7999999999999999,0.0,12.0,8.5039,2
491279,Van de Ven,Spurs,DEF,2341,27,0,0,900.0,0.035,0.011,1.251,0.4,540.0,0.0517,0.01,1.08,0.5,1.108,0.9694,1.6767,1.2083,0.35000000000000003,0.11,12.51,4.0,221.0,22.1,0.31,0.060000000000000005,6.4799999999999995,3.0,127.0,21.1667,27
490145,Scarlett,Spurs,FWD,19,0,0,0,0.0,0.0,0.0,0.0,0.0,0.0,0.0,0.0,0.0,0.0,1.108,0.9694,1.6767,1.2083,0.0,0.0,0.0,0.0,0.0,0.0,0.0,0.0,0.0,0.0,0.0,0.0,0
536908,Veliz,Spurs,FWD,45,0,0,0,10.0,0.0,0.0,8.01,0.0,10.0,0.0,0.0,8.01,0.0,1.108,0.9694,1.6767,1.2083,0.0,0.0,0.89,0.0,2.0,18.0,0.0,0.0,0.89,0.0,2.0,18.0,0
548308,Phillips,Spurs,DEF,0,0,0,0,0.0,0.0,0.0,0.0,0.0,0.0,0.0,0.0,0.0,0.0,1.108,0.9694,1.6767,1.2083,0.0,0.0,0.0,0.0,0.0,0.0,0.0,0.0,0.0,0.0,0.0,0.0,0
513588,Donley,Spurs,FWD,3,0,0,0,0.0,0.0,0.0,0.0,0.0,0.0,0.0,0.0,0.0,0.0,1.108,0.9694,1.6767,1.2083,0.0,0.0,0.0,0.0,0.0,0.0,0.0,0.0,0.0,0.0,0.0,0.0,0
519321,Dorrington,Spurs,DEF,0,0,0,0,,,,,,,,,,,1.108,0.9694,1.6767,1.2083,,,,,,,,,,,,,0
492779,Yago Santiago,Spurs,MID,0,0,0,0,0.0,0.0,0.0,0.0,0.0,,,,,,1.108,0.9694,1.6767,1.2083,0.0,0.0,0.0,0.0,0.0,0.0,,,,,,,0
165153,Werner,Spurs,FWD,808,10,0,0,0.0,0.0,0.0,0.0,0.0,,,,,,1.108,0.9694,1.6767,1.2083,0.0,0.0,0.0,0.0,0.0,0.0,,,,,,,10
493125,Drăgușin,Spurs,DEF,424,4,0,0,,,,,,,,,,,1.108,0.9694,1.6767,1.2083,,,,,,,,,,,,,4
499721,Moore,Spurs,MID,3,0,0,0,,,,,,,,,,,1.108,0.9694,1.6767,1.2083,,,,,,,,,,,,,0
563934,Hall,Spurs,MID,0,0,0,0,,,,,,,,,,,1.108,0.9694,1.6767,1.2083,,,,,,,,,,,,,0
155405,Phillips,West Ham,MID,394,3,0,0,361.0,0.0874,0.0457,1.5412,0.0,64.0,0.0984,0.0844,1.5891,0.0,1.0136,1.2225,1.2117,2.0917,0.3504,0.18328,6.1821,0.0,78.0,19.446,0.07,0.06,1.13,0.0,4.0,5.625,3
210494,N.Aguerd,West Ham,DEF,1857,21,0,0,2380.0,0.1169,0.0107,1.7545,0.1891,540.0,0.1233,0.0067,2.0917,0.0,1.0136,1.2225,1.2117,2.0917,3.0913999999999997,0.28185,46.3955,5.0,431.0,16.2983,0.74,0.04,12.55,0.0,77.0,12.8333,21
57531,Antonio,West Ham,FWD,1692,21,0,0,2560.0,0.2038,0.0542,1.3084,0.2812,429.0,0.0462,0.1657,2.186,0.0,1.0136,1.2225,1.2117,2.0917,5.7981,1.54118,37.2169,8.0,324.0,11.3906,0.22,0.79,10.42,0.0,33.0,6.9231,21
84182,Areola,West Ham,GK,2700,31,0,0,1207.0,0.0,0.0,1.838,0.1491,540.0,0.0,0.0,2.0917,0.0,1.0136,1.2225,1.2117,2.0917,0.0,0.0,24.650000000000002,2.0,234.0,17.4482,0.0,0.0,12.55,0.0,110.0,18.3333,31
172841,Benrahma,West Ham,MID,611,5,0,0,2426.0,0.2029,0.116,1.1669,0.1855,88.0,0.133,0.1125,1.4318,0.0,1.0136,1.2225,1.2117,2.0917,5.4703,3.1267500000000004,31.4553,5.0,401.0,14.8763,0.13,0.11000000000000001,1.4,0.0,8.0,8.1818,5
178186,Bowen,West Ham,MID,3020,34,0,0,4132.0,0.1936,0.1196,1.1587,0.3485,540.0,0.2933,0.055,2.085,0.3333,1.0136,1.2225,1.2117,2.0917,8.8869,5.48935,53.196400000000004,16.0,609.0,13.2648,1.76,0.33,12.51,2.0,87.0,14.5,34
149519,Cornet,West Ham,MID,109,1,0,0,233.0,0.282,0.0425,1.6494,0.0,0.0,0.0,0.0,0.0,0.0,1.0136,1.2225,1.2117,2.0917,0.73,0.11,4.27,0.0,24.0,9.2704,0.0,0.0,0.0,0.0,0.0,0.0,1
164555,Coufal,West Ham,DEF,3135,36,0,0,3031.0,0.0057,0.0683,1.2476,0.1782,536.0,0.0,0.1243,2.1073,0.6716,1.0136,1.2225,1.2117,2.0917,0.1913,2.29874,42.0158,6.0,514.0,15.2623,0.0,0.74,12.55,4.0,134.0,22.5,36
222017,Coventry,West Ham,MID,0,0,0,0,1.0,0.0,0.0,0.0,0.0,0.0,0.0,0.0,0.0,0.0,1.0136,1.2225,1.2117,2.0917,0.0,0.0,0.0,0.0,3.0,270.0,0.0,0.0,0.0,0.0,0.0,0.0,0
55459,Cresswell,West Ham,DEF,431,4,0,0,2319.0,0.0056,0.0482,0.8033,0.3105,84.0,0.0,0.1607,0.7929,0.0,1.0136,1.2225,1.2117,2.0917,0.1433,1.2426,20.6982,8.0,457.0,17.7361,0.0,0.15,0.74,0.0,18.0,19.2857,4
220585,Downes,West Ham,MID,0,0,0,0,752.0,0.0215,0.0109,1.2967,0.0,0.0,0.0,0.0,0.0,0.0,1.0136,1.2225,1.2117,2.0917,0.18,0.09072,10.834299999999999,0.0,104.0,12.4468,0.0,0.0,0.0,0.0,0.0,0.0,0
109533,Emerson,West Ham,DEF,3138,35,0,0,2127.0,0.0354,0.0778,1.6981,0.1693,450.0,0.014,0.148,2.346,0.4,1.0136,1.2225,1.2117,2.0917,0.8367,1.8376400000000002,40.132,4.0,335.0,14.1749,0.06999999999999999,0.74,11.73,2.0,83.0,16.6,35
37096,Fabianski,West Ham,GK,721,7,0,0,3111.0,0.0,0.0001,0.9815,0.2893,0.0,0.0,0.0,0.0,0.0,1.0136,1.2225,1.2117,2.0917,0.0,0.0029,33.9264,10.0,622.0,17.9942,0.0,0.0,0.0,0.0,0.0,0.0,7
217593,P.Fornals,West Ham,MID,418,4,0,0,1635.0,0.0987,0.0716,1.0386,0.3303,18.0,0.2,0.1,3.9,0.0,1.0136,1.2225,1.2117,2.0917,1.7928,1.3007,18.8671,6.0,309.0,17.0092,0.04,0.02,0.78,0.0,10.0,50.0,4
84939,Ings,West Ham,FWD,389,3,0,0,1621.0,0.2896,0.0528,1.0234,0.7218,15.0,0.0,0.0,4.38,0.0,1.0136,1.2225,1.2117,2.0917,5.2165,0.95058,18.4318,13.0,334.0,18.5441,0.0,0.0,0.73,0.0,12.0,72.0,3
222018,Johnson,West Ham,DEF,538,4,0,0,860.0,0.0063,0.0149,0.9586,0.1047,0.0,0.0,0.0,0.0,0.0,1.0136,1.2225,1.2117,2.0917,0.06,0.14218,9.16,1.0,164.0,17.1628,0.0,0.0,0.0,0.0,0.0,0.0,4
201057,Kehrer,West Ham,DEF,19,0,0,0,2247.0,0.0057,0.0174,0.8663,0.1602,3.0,0.0,0.0,0.0,0.0,1.0136,1.2225,1.2117,2.0917,0.14129999999999998,0.43545,21.6279,4.0,368.0,14.7397,0.0,0.0,0.0,0.0,3.0,90.0,0
487837,Mubama,West Ham,FWD,75,0,0,0,36.0,0.0,0.0251,2.675,0.0,0.0,0.0,0.0,0.0,0.0,1.0136,1.2225,1.2117,2.0917,0.0,0.01004,1.07,0.0,7.0,17.5,0.0,0.0,0.0,0.0,0.0,0.0,0
224024,L.Paquetá,West Ham,MID,2627,31,0,0,3039.0,0.1596,0.1142,1.4212,0.2665,531.0,0.1034,0.1424,2.0085,0.1695,1.0136,1.2225,1.2117,2.0917,5.388,3.85642,47.9898,9.0,520.0,15.3998,0.61,0.84,11.85,1.0,57.0,9.661,31
195899,Scamacca,West Ham,FWD,0,0,0,0,921.0,0.0617,0.0083,0.4258,0.684,0.0,0.0,0.0,0.0,0.0,1.0136,1.2225,1.2117,2.0917,0.6312,0.08477,4.357,7.0,110.0,10.7492,0.0,0.0,0.0,0.0,0.0,0.0,0
215439,Souček,West Ham,MID,2867,34,0,0,3436.0,0.1086,0.0255,1.1604,0.2357,407.0,0.4931,0.0885,2.3661,0.2211,1.0136,1.2225,1.2117,2.0917,4.1445,0.97193,44.3011,9.0,475.0,12.4418,2.23,0.4,10.7,1.0,68.0,15.0369,34
180151,Vlašić,West Ham,MID,0,0,0,0,0.0,0.0,0.0,0.0,0.0,0.0,0.0,0.0,0.0,0.0,1.0136,1.2225,1.2117,2.0917,0.0,0.0,0.0,0.0,0.0,0.0,0.0,0.0,0.0,0.0,0.0,0.0,0
103192,Zouma,West Ham,DEF,2838,32,0,0,2888.0,0.046,0.0016,1.0513,0.374,540.0,0.0617,0.0,2.0917,0.1667,1.0136,1.2225,1.2117,2.0917,1.4753,0.052199999999999996,33.734500000000004,12.0,537.0,16.7348,0.37,0.0,12.55,1.0,79.0,13.1667,32
40669,Ogbonna,West Ham,DEF,634,7,0,0,1345.0,0.0172,0.0049,1.4573,0.2677,0.0,0.0,0.0,0.0,0.0,1.0136,1.2225,1.2117,2.0917,0.2563,0.07263,21.7785,4.0,231.0,15.4572,0.0,0.0,0.0,0.0,0.0,0.0,7
213999,Álvarez,West Ham,MID,2375,28,0,0,680.0,0.045,0.0146,1.8741,0.0,498.0,0.0361,0.0127,2.0675,0.0,1.0136,1.2225,1.2117,2.0917,0.34,0.11,14.16,0.0,90.0,11.9118,0.2,0.07,11.44,0.0,64.0,11.5663,28
447879,Anang,West Ham,GK,0,0,0,0,0.0,0.0,0.0,0.0,0.0,0.0,0.0,0.0,0.0,0.0,1.0136,1.2225,1.2117,2.0917,0.0,0.0,0.0,0.0,0.0,0.0,0.0,0.0,0.0,0.0,0.0,0.0,0
101178,Ward-Prowse,West Ham,MID,3000,34,0,0,4153.0,0.1496,0.1324,1.3003,0.4768,522.0,0.1414,0.4034,2.15,0.1724,1.0136,1.2225,1.2117,2.0917,6.904,6.11078,60.0021,22.0,958.0,20.7609,0.82,2.34,12.47,1.0,124.0,21.3793,34
233963,Mavropanos,West Ham,DEF,1500,16,0,0,1.0,0.0,0.0,4.5,0.0,1.0,0.0,0.0,4.5,0.0,1.0136,1.2225,1.2117,2.0917,0.0,0.0,0.05,0.0,3.0,270.0,0.0,0.0,0.05,0.0,3.0,270.0,16
460842,Kudus,West Ham,MID,2485,27,0,0,185.0,0.0389,0.0584,1.547,0.4865,184.0,0.0391,0.0587,1.4821,0.4891,1.0136,1.2225,1.2117,2.0917,0.08,0.12000000000000001,3.1799999999999997,1.0,52.0,25.2973,0.08,0.12000000000000001,3.0300000000000002,1.0,47.0,22.9891,27
518442,Orford,West Ham,MID,0,0,0,0,,,,,,,,,,,1.0136,1.2225,1.2117,2.0917,,,,,,,,,,,,,0
518438,Casey,West Ham,DEF,1,0,0,0,0.0,0.0,0.0,0.0,0.0,,,,,,1.0136,1.2225,1.2117,2.0917,0.0,0.0,0.0,0.0,0.0,0.0,,,,,,,0
536109,Scarles,West Ham,DEF,0,0,0,0,,,,,,,,,,,1.0136,1.2225,1.2117,2.0917,,,,,,,,,,,,,0
565431,Marshall,West Ham,FWD,0,0,0,0,,,,,,,,,,,1.0136,1.2225,1.2117,2.0917,,,,,,,,,,,,,0
490885,Earthy,West Ham,MID,33,0,0,0,,,,,,,,,,,1.0136,1.2225,1.2117,2.0917,,,,,,,,,,,,,0
220394,Doyle,Wolves,MID,1209,11,0,0,95.0,0.0,0.0663,1.2126,0.0,95.0,0.0,0.0663,1.2126,0.0,0.7612,1.3016,0.9967,2.0467,0.0,0.06999999999999999,1.2799999999999998,0.0,23.0,21.7895,0.0,0.06999999999999999,1.2799999999999998,0.0,23.0,21.7895,11
448514,Aït-Nouri,Wolves,DEF,2327,29,0,0,1762.0,0.0436,0.0247,1.0946,0.0,407.0,0.0553,0.0509,1.3776,0.0,0.7612,1.3016,0.9967,2.0467,0.8536,0.48286,21.4305,0.0,260.0,13.2804,0.25,0.23,6.23,0.0,44.0,9.7297,29
79602,Bentley,Wolves,GK,382,3,0,0,180.0,0.0,0.0,2.33,0.0,0.0,0.0,0.0,0.0,0.0,0.7612,1.3016,0.9967,2.0467,0.0,0.0,4.66,0.0,45.0,22.5,0.0,0.0,0.0,0.0,0.0,0.0,3
431960,Bolla,Wolves,DEF,0,0,0,0,0.0,0.0,0.0,0.0,0.0,0.0,0.0,0.0,0.0,0.0,0.7612,1.3016,0.9967,2.0467,0.0,0.0,0.0,0.0,0.0,0.0,0.0,0.0,0.0,0.0,0.0,0.0,0
490721,H.Bueno,Wolves,DEF,727,7,0,0,1447.0,0.0204,0.053,1.2566,0.1866,31.0,0.0,0.0,3.7161,0.0,0.7612,1.3016,0.9967,2.0467,0.3286,0.8524,20.2031,3.0,277.0,17.2287,0.0,0.0,1.28,0.0,-1.0,-2.9032,7
510363,Chiquinho,Wolves,MID,0,0,0,0,0.0,0.0,0.0,0.0,0.0,0.0,0.0,0.0,0.0,0.0,0.7612,1.3016,0.9967,2.0467,0.0,0.0,0.0,0.0,0.0,0.0,0.0,0.0,0.0,0.0,0.0,0.0,0
245923,Cundle,Wolves,MID,0,0,0,0,0.0,0.0,0.0,0.0,0.0,0.0,0.0,0.0,0.0,0.0,0.7612,1.3016,0.9967,2.0467,0.0,0.0,0.0,0.0,0.0,0.0,0.0,0.0,0.0,0.0,0.0,0.0,0
60232,Dawson,Wolves,DEF,2209,25,0,0,3014.0,0.0631,0.012,1.4672,0.209,540.0,0.06,0.015,1.67,0.0,0.7612,1.3016,0.9967,2.0467,2.1122,0.40261,49.1353,7.0,537.0,16.0352,0.36,0.09000000000000001,10.02,0.0,86.0,14.3333,25
449988,Fábio Silva,Wolves,FWD,259,3,0,0,250.0,0.4032,0.0324,2.2644,0.0,37.0,0.0,0.0,3.8919,0.0,0.7612,1.3016,0.9967,2.0467,1.12,0.09000000000000001,6.29,0.0,14.0,5.04,0.0,0.0,1.6,0.0,2.0,4.8649,3
181284,Guedes,Wolves,MID,0,0,0,0,703.0,0.0231,0.0023,0.3191,0.128,0.0,0.0,0.0,0.0,0.0,0.7612,1.3016,0.9967,2.0467,0.1806,0.01795,2.4929,1.0,85.0,10.8819,0.0,0.0,0.0,0.0,0.0,0.0,0
240299,Hodge,Wolves,MID,0,0,0,0,172.0,0.0837,0.0118,1.321,0.0,0.0,0.0,0.0,0.0,0.0,0.7612,1.3016,0.9967,2.0467,0.16,0.022600000000000002,2.5244999999999997,0.0,17.0,8.8953,0.0,0.0,0.0,0.0,0.0,0.0,0
441271,Hoever,Wolves,DEF,0,0,0,0,0.0,0.0,0.0,0.0,0.0,0.0,0.0,0.0,0.0,0.0,0.7612,1.3016,0.9967,2.0467,0.0,0.0,0.0,0.0,0.0,0.0,0.0,0.0,0.0,0.0,0.0,0.0,0
184754,Hee Chan,Wolves,MID,2116,25,0,0,1708.0,0.2477,0.1037,1.1877,0.4215,454.0,0.339,0.1546,1.3421,0.9912,0.7612,1.3016,0.9967,2.0467,4.7,1.9679200000000001,22.539099999999998,8.0,317.0,16.7037,1.71,0.78,6.77,5.0,112.0,22.2026,25
448089,João Gomes,Wolves,MID,2646,32,0,0,1322.0,0.032,0.0163,1.8817,0.1362,362.0,0.0075,0.0099,1.6881,0.0,0.7612,1.3016,0.9967,2.0467,0.47000000000000003,0.24,27.64,2.0,168.0,11.4372,0.030000000000000002,0.04,6.79,0.0,42.0,10.442,32
114128,J.Otto,Wolves,DEF,4,0,0,0,1261.0,0.0036,0.0325,0.418,0.0,4.0,0.0,0.0,1.575,0.0,0.7612,1.3016,0.9967,2.0467,0.05,0.45569,5.857,0.0,222.0,15.8446,0.0,0.0,0.07,0.0,3.0,67.5,0
428610,Jordão,Wolves,MID,0,0,0,0,0.0,0.0,0.0,0.0,0.0,0.0,0.0,0.0,0.0,0.0,0.7612,1.3016,0.9967,2.0467,0.0,0.0,0.0,0.0,0.0,0.0,0.0,0.0,0.0,0.0,0.0,0.0,0
429414,Kalajdžić,Wolves,FWD,158,1,0,0,96.0,0.7875,0.2062,1.125,3.75,35.0,1.4914,0.54,2.3143,7.7143,0.7612,1.3016,0.9967,2.0467,0.8400000000000001,0.22000000000000003,1.2000000000000002,4.0,78.0,73.125,0.5800000000000001,0.21000000000000002,0.9,3.0,42.0,108.0,1
214048,Kilman,Wolves,DEF,3420,38,0,0,4207.0,0.0254,0.0139,1.189,0.2995,540.0,0.07,0.0117,1.67,0.0,0.7612,1.3016,0.9967,2.0467,1.1875,0.64772,55.5774,14.0,778.0,16.6437,0.42000000000000004,0.07,10.02,0.0,91.0,15.1667,38
138001,King,Wolves,GK,0,0,0,0,0.0,0.0,0.0,0.0,0.0,0.0,0.0,0.0,0.0,0.0,0.7612,1.3016,0.9967,2.0467,0.0,0.0,0.0,0.0,0.0,0.0,0.0,0.0,0.0,0.0,0.0,0.0,0
151086,Mario Jr.,Wolves,MID,2969,34,0,0,2089.0,0.0574,0.0249,1.9021,0.0862,432.0,0.0479,0.0104,1.9188,0.4167,0.7612,1.3016,0.9967,2.0467,1.3317999999999999,0.57711,44.1496,2.0,318.0,13.7003,0.23000000000000004,0.05,9.21,2.0,70.0,14.5833,34
247632,Neto,Wolves,MID,1516,18,0,0,1848.0,0.1237,0.1495,1.2034,0.2435,526.0,0.1711,0.2122,1.6768,0.3422,0.7612,1.3016,0.9967,2.0467,2.54,3.0700000000000003,24.71,5.0,330.0,16.0714,1.0,1.24,9.8,2.0,108.0,18.4791,18
200600,Podence,Wolves,MID,0,0,0,0,1760.0,0.0984,0.0512,0.718,0.5114,0.0,0.0,0.0,0.0,0.0,0.7612,1.3016,0.9967,2.0467,1.9247999999999998,1.00195,14.041599999999999,10.0,249.0,12.733,0.0,0.0,0.0,0.0,0.0,0.0,0
149065,José Sá,Wolves,GK,3037,35,0,0,4140.0,0.0,0.0001,1.1654,0.4783,540.0,0.0,0.0,1.67,0.1667,0.7612,1.3016,0.9967,2.0467,0.0,0.0030299999999999997,53.6074,22.0,868.0,18.8696,0.0,0.0,10.02,1.0,91.0,15.1667,35
88484,Sarabia,Wolves,MID,1737,20,0,0,951.0,0.3287,0.1501,1.4854,0.2839,15.0,0.42,0.18,0.24,0.0,0.7612,1.3016,0.9967,2.0467,3.4732000000000003,1.58566,15.6962,3.0,88.0,8.3281,0.07,0.03,0.04,0.0,-2.0,-12.0,20
216208,Šarkić,Wolves,GK,0,0,0,0,0.0,0.0,0.0,0.0,0.0,0.0,0.0,0.0,0.0,0.0,0.7612,1.3016,0.9967,2.0467,0.0,0.0,0.0,0.0,0.0,0.0,0.0,0.0,0.0,0.0,0.0,0.0,0
200402,N.Semedo,Wolves,DEF,3084,36,0,0,3436.0,0.0209,0.0293,1.417,0.131,443.0,0.0569,0.0528,1.8325,0.0,0.7612,1.3016,0.9967,2.0467,0.7994,1.11705,54.0982,5.0,535.0,14.0134,0.28,0.26,9.02,0.0,57.0,11.5801,36
510362,Toti,Wolves,DEF,2771,31,0,0,1391.0,0.0226,0.0184,1.5672,0.2588,389.0,0.0,0.0139,1.5964,0.0,0.7612,1.3016,0.9967,2.0467,0.35000000000000003,0.28467,24.221999999999998,4.0,266.0,17.2106,0.0,0.060000000000000005,6.8999999999999995,0.0,59.0,13.6504,31
476502,Boubacar Traore,Wolves,MID,802,7,0,0,639.0,0.0103,0.0175,1.1674,0.0,218.0,0.0165,0.0413,1.8248,0.0,0.7612,1.3016,0.9967,2.0467,0.07289999999999999,0.12457,8.2882,0.0,76.0,10.7042,0.04,0.09999999999999999,4.42,0.0,30.0,12.3853,7
430871,Cunha,Wolves,FWD,2438,29,0,0,1762.0,0.2292,0.058,1.6066,0.4086,461.0,0.1659,0.1132,1.5579,0.3905,0.7612,1.3016,0.9967,2.0467,4.4865,1.1350600000000002,31.4539,8.0,238.0,12.1566,0.85,0.5800000000000001,7.98,2.0,71.0,13.8612,29
87835,Doherty,Wolves,DEF,1136,9,0,0,889.0,0.0649,0.0582,0.9946,0.2025,226.0,0.0478,0.1314,1.7442,0.0,0.7612,1.3016,0.9967,2.0467,0.6414,0.57516,9.8245,2.0,174.0,17.6153,0.12,0.33,4.38,0.0,27.0,10.7522,9
231480,S.Bueno,Wolves,DEF,819,9,0,0,0.0,0.0,0.0,0.0,0.0,0.0,0.0,0.0,0.0,0.0,0.7612,1.3016,0.9967,2.0467,0.0,0.0,0.0,0.0,0.0,0.0,0.0,0.0,0.0,0.0,0.0,0.0,9
593001,González,Wolves,MID,1,0,0,0,0.0,0.0,0.0,0.0,0.0,0.0,0.0,0.0,0.0,0.0,0.7612,1.3016,0.9967,2.0467,0.0,0.0,0.0,0.0,0.0,0.0,0.0,0.0,0.0,0.0,0.0,0.0,0
531363,Fraser,Wolves,FWD,183,1,0,0,0.0,0.0,0.0,0.0,0.0,0.0,0.0,0.0,0.0,0.0,0.7612,1.3016,0.9967,2.0467,0.0,0.0,0.0,0.0,0.0,0.0,0.0,0.0,0.0,0.0,0.0,0.0,1
231057,Bellegarde,Wolves,MID,948,10,0,0,114.0,0.0316,0.0158,4.4921,0.0,114.0,0.0316,0.0158,4.4921,0.0,0.7612,1.3016,0.9967,2.0467,0.04,0.02,5.6899999999999995,0.0,0.0,0.0,0.04,0.02,5.6899999999999995,0.0,0.0,0.0,10
483398,Whittingham,Wolves,MID,0,0,0,0,,,,,,,,,,,0.7612,1.3016,0.9967,2.0467,,,,,,,,,,,,,0
497606,Chirewa,Wolves,MID,138,1,0,0,,,,,,,,,,,0.7612,1.3016,0.9967,2.0467,,,,,,,,,,,,,1
504750,Hubner,Wolves,DEF,0,0,0,0,,,,,,,,,,,0.7612,1.3016,0.9967,2.0467,,,,,,,,,,,,,0
432712,Hesketh,Wolves,MID,0,0,0,0,,,,,,,,,,,0.7612,1.3016,0.9967,2.0467,,,,,,,,,,,,,0
490095,Barnett,Wolves,MID,0,0,0,0,,,,,,,,,,,0.7612,1.3016,0.9967,2.0467,,,,,,,,,,,,,0
449133,Griffiths,Wolves,MID,0,0,0,0,0.0,0.0,0.0,0.0,0.0,,,,,,0.7612,1.3016,0.9967,2.0467,0.0,0.0,0.0,0.0,0.0,0.0,,,,,,,0
501837,Mosquera,Wolves,DEF,0,0,0,0,0.0,0.0,0.0,0.0,0.0,,,,,,0.7612,1.3016,0.9967,2.0467,0.0,0.0,0.0,0.0,0.0,0.0,,,,,,,0
550833,N.Lemina,Wolves,MID,0,0,0,0,,,,,,,,,,,0.7612,1.3016,0.9967,2.0467,,,,,,,,,,,,,0
613467,Okoduwa,Wolves,DEF,0,0,0,0,,,,,,,,,,,0.7612,1.3016,0.9967,2.0467,,,,,,,,,,,,,0
589507,Chiwome,Wolves,FWD,173,2,0,0,,,,,,,,,,,0.7612,1.3016,0.9967,2.0467,,,,,,,,,,,,,2
602934,Holman,Wolves,FWD,0,0,0,0,,,,,,,,,,,0.7612,1.3016,0.9967,2.0467,,,,,,,,,,,,,0
514362,Ojinnaka,Wolves,MID,0,0,0,0,,,,,,,,,,,0.7612,1.3016,0.9967,2.0467,,,,,,,,,,,,,0
