player_code,web_name,team,position,season_minutes,season_starts,fbref_subs,fbref_unused_subs,long_form_minutes,long_form_unweighted_minutes,long_form_expected_goals_90,long_form_expected_assists_90,long_form_expected_goals_conceded_90,long_form_defensive_contribution_90,long_form_bonus_90,short_form_minutes,short_form_expected_goals_90,short_form_expected_assists_90,short_form_expected_goals_conceded_90,short_form_defensive_contribution_90,short_form_bonus_90,team_long_form_xg90,team_long_form_xgc90,team_short_form_xg90,team_short_form_xgc90,long_form_expected_goals,long_form_expected_assists,long_form_expected_goals_conceded,long_form_defensive_contribution,long_form_bonus,long_form_bps,long_form_unweighted_expected_goals,long_form_unweighted_expected_assists,long_form_unweighted_expected_goals_conceded,long_form_unweighted_defensive_contribution,long_form_unweighted_bonus,long_form_unweighted_bps,long_form_bps_90,short_form_expected_goals,short_form_expected_assists,short_form_expected_goals_conceded,short_form_defensive_contribution,short_form_bonus,short_form_bps,short_form_unweighted_minutes,short_form_bps_90,now_cost,status,season_subs,fbref_starts,fbref_squads_made,gw,fixture_count,fixture_opponent,fixture_venue,fixture_fdr,fixture_attack_mult,fixture_xgc90,expected_points,c1_app_1_60,c2_app_60_plus,c3_saves,c4_yellow_cards,c5_red_cards,c6_bonus,c7_assists,c8_goals,c9_clean_sheets,c10_goals_conceded,c11_defensive_contributions,p_start,p_app,p_60_plus,is_promoted
154561,Raya,Arsenal,GK,180,2,0,0,607.5,3330.0,0.0,0.0017,0.8002,0.0,0.4678,450.0,0.0,0.002,0.814,0.0,1.0,1.8103,0.8328,1.76,0.8417,0.0,0.0118,5.4016,0.0,3.1575,122.4914,0.0,0.07,27.56,0.0,11.0,633.0,18.1469,0.0,0.01,4.07,0.0,5.0,110.0,450.0,22.0,60,a,0,2,2,1,1,Coventry City,H,2,1.3243,0.5478,5.0417,0.96,0.9453,0.7034,-0.1152,-0.0288,0.6882,0.0058,0.0,2.2385,-0.1096,0.0,0.95,0.96,0.9453,False
109745,Arrizabalaga,Arsenal,GK,0,0,0,0,58.4,90.0,0.0,0.0,0.9794,0.0,0.0,90.0,0.0,0.0,0.98,0.0,0.0,1.8103,0.8328,1.76,0.8417,0.0,0.0,0.6355,0.0,0.0,7.1326,0.0,0.0,0.98,0.0,0.0,11.0,10.992,0.0,0.0,0.98,0.0,0.0,11.0,90.0,11.0,50,a,0,0,0,1,1,Coventry City,H,2,1.3243,0.5478,0.0,0.0413,0.0315,0.0234,-0.005,-0.0012,0.0,0.0,0.0,0.0812,-0.0028,0.0,0.0316,0.0413,0.0315,False
437495,Meslier,Arsenal,GK,0,0,0,0,0.0,0.0,0.0,0.0,0.0,0.0,0.0,0.0,0.0,0.0,0.0,0.0,0.0,1.8103,0.8328,1.76,0.8417,0.0,0.0,0.0,0.0,0.0,0.0,0.0,0.0,0.0,0.0,0.0,0.0,0.0,0.0,0.0,0.0,0.0,0.0,0.0,0.0,0.0,50,a,0,0,0,1,1,Coventry City,H,2,1.3243,0.5478,0.0,0.0,0.0,0.0,0.0,0.0,0.0,0.0,0.0,0.0,0.0,0.0,0.0,0.0,0.0,False
226597,Gabriel,Arsenal,DEF,180,2,0,0,580.5,2750.0,0.1127,0.0513,0.83,9.0243,0.9151,495.0,0.1745,0.0164,0.9091,8.1818,0.9091,1.8103,0.8328,1.76,0.8417,0.7266,0.331,5.3535,58.2069,5.9027,146.7391,2.94,1.75,22.01,277.0,30.0,724.0,22.7502,0.96,0.09,5.0,45.0,5.0,119.0,495.0,21.6364,80,a,0,2,2,1,1,Coventry City,H,2,1.3243,0.5478,5.1799,0.908,0.8808,0.0,-0.109,-0.0272,0.6688,0.1677,0.8129,2.0858,-0.1038,0.2363,0.9,0.908,0.8808,False
445122,J.Timber,Arsenal,DEF,0,0,0,0,302.5,2452.0,0.1224,0.0607,0.7171,5.4319,0.2491,0.0,0.0,0.0,0.0,0.0,0.0,1.8103,0.8328,1.76,0.8417,0.4115,0.2041,2.4104,18.2571,0.8371,61.7842,4.71,1.53,17.45,148.0,9.0,532.0,18.3821,0.0,0.0,0.0,0.0,0.0,0.0,0.0,0.0,65,i,0,0,0,1,1,Coventry City,H,2,1.3243,0.5478,0.0,0.0,0.0,0.0,0.0,0.0,0.0,0.0,0.0,0.0,0.0,0.0,0.0,0.0,0.0,False
462424,Saliba,Arsenal,DEF,0,0,0,0,528.2,2614.0,0.0273,0.0616,0.7622,6.9844,0.6244,450.0,0.0,0.102,0.814,7.4,0.6,1.8103,0.8328,1.76,0.8417,0.1603,0.3613,4.4735,40.9905,3.6647,124.8779,0.88,1.21,20.41,193.0,12.0,581.0,21.2779,0.0,0.51,4.07,37.0,3.0,121.0,450.0,24.2,60,i,0,0,0,1,1,Coventry City,H,2,1.3243,0.5478,0.0,0.0,0.0,0.0,0.0,0.0,0.0,0.0,0.0,0.0,0.0,0.0,0.0,0.0,0.0,False
499169,Lewis-Skelly,Arsenal,MID,160,2,0,0,228.2,697.0,0.0095,0.0302,0.9617,2.4408,0.0,296.0,0.0,0.0365,0.7784,1.8243,0.0,1.8103,0.8328,1.76,0.8417,0.0241,0.0767,2.4385,6.1889,0.0,42.0742,0.1,0.2,9.01,25.0,0.0,110.0,16.5937,0.0,0.12,2.56,6.0,0.0,69.0,296.0,20.9797,55,a,0,2,2,1,1,Coventry City,H,2,1.3243,0.5478,2.8862,0.9175,0.8173,0.0,-0.1101,-0.0275,0.1216,0.2921,0.4115,0.4839,0.0,0.0005,0.85,0.9175,0.8173,False
466075,Calafiori,Arsenal,DEF,170,2,0,0,261.6,1697.0,0.1484,0.0761,0.4583,3.8796,0.465,251.0,0.1578,0.0968,0.2725,2.51,0.7171,1.8103,0.8328,1.76,0.8417,0.4313,0.2212,1.3321,11.2767,1.3515,57.6027,3.3600000000000003,0.76,9.72,102.0,6.0,389.0,19.8174,0.44,0.27,0.76,7.0,2.0,50.0,251.0,17.9283,56,a,0,2,2,1,1,Coventry City,H,2,1.3243,0.5478,4.7482,0.862,0.8319,0.0,-0.1034,-0.0259,0.3031,0.2478,0.8648,1.97,-0.0981,0.01,0.85,0.862,0.8319,False
448104,Hincapie,Arsenal,DEF,9,0,1,0,384.9,1787.0,0.0223,0.0839,0.9022,8.7912,0.3867,288.0,0.0094,0.0875,1.0438,9.375,0.3125,1.8103,0.8328,1.76,0.8417,0.0955,0.3586,3.8582,37.5969,1.6538,75.2381,0.36,1.67,17.53,171.0,7.0,335.0,17.5927,0.03,0.28,3.34,30.0,1.0,53.0,288.0,16.5625,54,a,1,0,1,1,1,Coventry City,H,2,1.3243,0.5478,2.4114,0.5975,0.4896,0.0,-0.0717,-0.0179,0.0561,0.1441,0.1046,1.2613,-0.0482,0.0527,0.5625,0.5975,0.4896,False
198869,White,Arsenal,DEF,180,2,0,0,173.7,699.0,0.0255,0.0745,0.8844,5.5073,0.126,215.0,0.0,0.0753,0.5735,3.3488,0.0,1.8103,0.8328,1.76,0.8417,0.0492,0.1437,1.7069,10.6291,0.2432,41.8006,0.45,0.6900000000000001,8.68,53.0,3.0,181.0,21.6583,0.0,0.18,1.37,8.0,0.0,56.0,215.0,23.4419,55,a,0,2,2,1,1,Coventry City,H,2,1.3243,0.5478,4.1688,0.862,0.8319,0.0,-0.1034,-0.0259,0.3758,0.2211,0.2395,1.97,-0.0981,0.0574,0.85,0.862,0.8319,False
500040,Mosquera,Arsenal,DEF,168,2,0,0,261.6,986.0,0.0144,0.0436,0.943,8.5917,0.0117,305.0,0.0295,0.0384,1.0446,7.377,0.0,1.8103,0.8328,1.76,0.8417,0.042,0.1268,2.7409,24.9732,0.0341,47.6405,0.1,0.63,9.04,95.0,1.0,195.0,16.3901,0.1,0.13,3.54,25.0,0.0,43.0,305.0,12.6885,55,a,0,2,2,1,1,Coventry City,H,2,1.3243,0.5478,3.919,0.862,0.8319,0.0,-0.1034,-0.0259,0.2312,0.1573,0.1979,1.97,-0.0981,0.1808,0.85,0.862,0.8319,False
223340,Saka,Arsenal,MID,157,2,0,0,374.7,2218.0,0.2684,0.3243,0.6448,7.8703,0.9551,223.0,0.2341,0.5691,0.4883,8.4753,1.6143,1.8103,0.8328,1.76,0.8417,1.1176,1.3503,2.6844,32.7666,3.9766,99.4347,7.569999999999999,7.16,15.57,184.0,18.0,570.0,23.8834,0.58,1.41,1.21,21.0,4.0,73.0,223.0,29.4619,95,a,0,2,2,1,1,Coventry City,H,2,1.3243,0.5478,5.2192,0.945,0.8652,0.0,-0.1134,-0.0284,0.4194,1.1525,1.4866,0.5122,0.0,0.0986,0.9,0.945,0.8652,False
204480,Rice,Arsenal,MID,151,2,0,0,574.4,3093.0,0.0534,0.1924,0.7741,11.1475,0.4442,423.0,0.0,0.1191,0.8298,11.0638,0.0,1.8103,0.8328,1.76,0.8417,0.3405,1.2277,4.9404,71.1459,2.8352,129.8879,3.15,7.32,23.87,376.0,23.0,790.0,20.3515,0.0,0.56,3.9,52.0,0.0,69.0,423.0,14.6809,75,a,0,2,2,1,1,Coventry City,H,2,1.3243,0.5478,3.4606,0.945,0.8652,0.0,-0.1134,-0.0284,0.2759,0.6473,0.3767,0.5122,0.0,0.3796,0.9,0.945,0.8652,False
232413,Eze,Arsenal,MID,59,0,1,0,381.1,1885.0,0.2848,0.1092,0.8062,5.5752,0.2036,355.0,0.3296,0.0887,0.867,4.8169,0.0,1.8103,0.8328,1.76,0.8417,1.206,0.4625,3.4138,23.6078,0.8621,82.1071,5.18,2.66,14.21,120.0,8.0,439.0,19.3903,1.3,0.35,3.42,19.0,0.0,73.0,355.0,18.507,64,a,1,0,1,1,1,Coventry City,H,2,1.3243,0.5478,2.9023,0.8212,0.5163,0.0,-0.0985,-0.0246,0.0813,0.2748,1.0194,0.3325,0.0,0.0026,0.675,0.8212,0.5163,False
184029,Ødegaard,Arsenal,MID,145,2,0,0,263.5,1363.0,0.0854,0.2278,1.0398,6.2337,0.2106,293.0,0.0737,0.2273,1.0167,6.4505,0.0,1.8103,0.8328,1.76,0.8417,0.2499,0.6669,3.0443,18.2509,0.6165,56.2061,1.25,3.65,16.2,102.0,5.0,306.0,19.1975,0.24,0.74,3.31,21.0,0.0,54.0,293.0,16.587,66,a,0,2,2,1,1,Coventry City,H,2,1.3243,0.5478,3.5456,0.9175,0.8173,0.0,-0.1101,-0.0275,0.1611,0.7201,0.6033,0.4839,0.0,0.026,0.85,0.9175,0.8173,False
248857,Madueke,Arsenal,MID,22,0,1,0,274.1,1205.0,0.0895,0.2156,0.9032,5.5894,1.0544,263.0,0.0684,0.2498,0.8247,6.5019,1.0266,1.8103,0.8328,1.76,0.8417,0.2726,0.6567,2.7506,17.0227,3.2113,69.4447,1.23,2.86,12.77,70.0,9.0,254.0,22.802,0.2,0.73,2.41,19.0,3.0,64.0,263.0,21.9011,64,a,1,0,1,1,1,Coventry City,H,2,1.3243,0.5478,2.1874,0.7594,0.4306,0.0,-0.0911,-0.0228,0.0888,0.403,0.3622,0.2773,0.0,0.0023,0.5625,0.7594,0.4306,False
195384,Merino,Arsenal,MID,33,0,1,0,95.4,1024.0,0.497,0.1398,0.9624,9.9447,0.4599,28.0,1.1893,0.0,2.475,6.4286,0.0,1.8103,0.8328,1.76,0.8417,0.5268,0.1482,1.0201,10.5414,0.4875,18.4201,3.3600000000000003,1.45,7.36,113.0,5.0,236.0,17.3775,0.37,0.0,0.77,2.0,0.0,-2.0,28.0,-6.4286,59,a,1,0,1,1,1,Coventry City,H,2,1.3243,0.5478,3.0064,0.7594,0.4306,0.0,-0.0911,-0.0228,0.0581,0.2877,1.3272,0.2773,0.0,0.0296,0.5625,0.7594,0.4306,False
444145,Martinelli,Arsenal,MID,0,0,0,0,234.0,1065.0,0.295,0.1386,0.9486,6.4863,0.5131,173.0,0.3069,0.1353,1.2017,6.2428,1.0405,1.8103,0.8328,1.76,0.8417,0.767,0.3603,2.4664,16.8645,1.334,44.7555,4.12,1.27,10.51,77.0,3.0,195.0,17.2137,0.5900000000000001,0.26,2.31,12.0,2.0,33.0,173.0,17.1676,63,a,0,0,0,1,1,Coventry City,H,2,1.3243,0.5478,0.7996,0.4834,0.0485,0.0,-0.058,-0.0145,0.0112,0.0817,0.2361,0.0312,0.0,0.0005,0.0607,0.4834,0.0485,False
481655,Zubimendi,Arsenal,MID,27,0,1,0,515.0,2991.0,0.071,0.0578,0.9176,9.5739,0.1915,319.0,0.0197,0.0197,1.0834,11.2853,0.0,1.8103,0.8328,1.76,0.8417,0.4064,0.331,5.2506,54.7838,1.0957,100.4942,2.84,2.27,26.09,307.0,9.0,604.0,17.5621,0.07,0.07,3.84,40.0,0.0,60.0,319.0,16.9279,54,a,1,0,1,1,1,Coventry City,H,2,1.3243,0.5478,2.0635,0.8212,0.5163,0.0,-0.0985,-0.0246,0.0706,0.1608,0.3053,0.3325,0.0,0.0626,0.675,0.8212,0.5163,False
616077,Dowman,Arsenal,MID,0,0,0,0,65.4,152.0,0.4936,0.2056,0.4793,9.1168,0.0,73.0,0.0986,0.1973,0.2589,11.0959,0.0,1.8103,0.8328,1.76,0.8417,0.3587,0.1494,0.3483,6.6249,0.0,14.9379,1.19,0.3,0.88,16.0,0.0,51.0,20.5567,0.08,0.16,0.21,9.0,0.0,8.0,73.0,9.863,54,a,0,0,0,1,1,Coventry City,H,2,1.3243,0.5478,0.6696,0.4641,0.0205,0.0,-0.0557,-0.0139,0.0095,0.0764,0.1754,0.0134,0.0,0.0001,0.0256,0.4641,0.0205,False
499175,Nwaneri,Arsenal,MID,0,0,0,0,6.0,165.0,0.1335,0.0465,0.5325,7.761,0.0,0.0,0.0,0.0,0.0,0.0,0.0,1.8103,0.8328,1.76,0.8417,0.0089,0.0031,0.0355,0.5174,0.0,0.8334,0.2299999999999999,0.08,0.73,13.0,0.0,20.0,12.501,0.0,0.0,0.0,0.0,0.0,0.0,0.0,0.0,54,u,0,0,0,1,1,Coventry City,H,2,1.3243,0.5478,0.0,0.0,0.0,0.0,0.0,0.0,0.0,0.0,0.0,0.0,0.0,0.0,0.0,0.0,0.0,False
438098,Fábio Vieira,Arsenal,MID,0,0,0,0,0.0,0.0,0.0,0.0,0.0,0.0,0.0,0.0,0.0,0.0,0.0,0.0,0.0,1.8103,0.8328,1.76,0.8417,0.0,0.0,0.0,0.0,0.0,0.0,0.0,0.0,0.0,0.0,0.0,0.0,0.0,0.0,0.0,0.0,0.0,0.0,0.0,0.0,0.0,55,u,0,0,0,1,1,Coventry City,H,2,1.3243,0.5478,0.0,0.0,0.0,0.0,0.0,0.0,0.0,0.0,0.0,0.0,0.0,0.0,0.0,0.0,0.0,False
200641,Nelson,Arsenal,MID,0,0,0,0,32.0,118.0,0.3254,0.0641,2.9964,10.9882,0.0,18.0,0.0,0.1,5.05,5.0,0.0,1.8103,0.8328,1.76,0.8417,0.1157,0.0228,1.0654,3.9069,0.0,10.9149,0.71,0.11,3.02,23.0,0.0,39.0,30.6982,0.0,0.02,1.01,1.0,0.0,16.0,18.0,80.0,55,u,0,0,0,1,1,Coventry City,H,2,1.3243,0.5478,0.0,0.0,0.0,0.0,0.0,0.0,0.0,0.0,0.0,0.0,0.0,0.0,0.0,0.0,0.0,False
224117,Gyökeres,Arsenal,FWD,0,0,0,0,386.4,2217.0,0.5929,0.0856,0.8921,3.7996,0.9069,239.0,0.7569,0.064,1.0431,4.5188,1.1297,1.8103,0.8328,1.76,0.8417,2.5456,0.3677,3.8301,16.3131,3.8938,104.1207,12.26,1.94,17.81,85.0,16.0,474.0,24.2517,2.01,0.17,2.77,12.0,3.0,86.0,239.0,32.3849,73,a,0,0,0,1,1,Coventry City,H,2,1.3243,0.5478,0.8863,0.4962,0.0661,0.0,-0.0595,-0.0149,0.0155,0.0619,0.479,0.0,0.0,0.0,0.0839,0.4962,0.0661,False
219847,Havertz,Arsenal,FWD,180,2,0,0,216.7,577.0,0.6067,0.1457,1.0862,4.6783,0.7408,263.0,0.6981,0.1848,1.2217,3.7643,1.0266,1.8103,0.8328,1.76,0.8417,1.4608,0.3509,2.6154,11.2642,1.7838,59.9984,3.31,0.64,6.68,32.0,3.0,143.0,24.9186,2.04,0.54,3.5700000000000003,11.0,3.0,91.0,263.0,31.1407,75,a,0,2,2,1,1,Coventry City,H,2,1.3243,0.5478,4.7184,0.9175,0.8173,0.0,-0.1101,-0.0275,0.4617,0.5281,2.2894,0.0,0.0,0.0008,0.85,0.9175,0.8173,False
205651,G.Jesus,Arsenal,FWD,0,0,0,0,117.1,418.0,0.6838,0.0512,0.5699,4.9396,0.0,100.0,0.792,0.027,0.36,3.6,0.0,1.8103,0.8328,1.76,0.8417,0.8897,0.0666,0.7415,6.427,0.0,24.6033,2.71,0.26,3.97,30.0,0.0,92.0,18.9095,0.88,0.03,0.4,4.0,0.0,19.0,100.0,17.1,59,u,0,0,0,1,1,Coventry City,H,2,1.3243,0.5478,0.0,0.0,0.0,0.0,0.0,0.0,0.0,0.0,0.0,0.0,0.0,0.0,0.0,0.0,0.0,False
199798,Konsa,Arsenal,DEF,11,0,1,0,535.7,3035.0,0.0438,0.015,1.4744,5.5931,0.0499,360.0,0.0,0.0075,1.5325,4.75,0.0,1.8103,0.8328,1.76,0.8417,0.2606,0.0895,8.7762,33.2913,0.2973,76.6157,1.27,0.59,48.93,196.0,3.0,497.0,12.8718,0.0,0.03,6.13,19.0,0.0,36.0,360.0,9.0,44,a,1,0,1,1,1,Coventry City,H,2,1.3243,0.5478,2.8133,0.701,0.5874,0.0,-0.0841,-0.021,0.0577,0.0443,0.1764,1.5133,-0.0577,0.0072,0.675,0.701,0.5874,False
208706,Bruno G.,Arsenal,MID,19,0,1,0,417.3,2456.0,0.2027,0.2483,1.228,9.8578,0.7268,437.0,0.1586,0.276,1.2069,10.5034,0.6178,1.8103,0.8328,1.76,0.8417,0.94,1.1512,5.6939,45.7073,3.3698,108.3231,5.59,4.96,31.99,251.0,22.0,681.0,23.3623,0.77,1.34,5.859999999999999,51.0,3.0,97.0,437.0,19.9771,68,a,1,0,1,1,1,Coventry City,H,2,1.3243,0.5478,2.9467,0.8212,0.5163,0.0,-0.0985,-0.0246,0.1338,0.5515,0.7346,0.3325,0.0,0.0607,0.675,0.8212,0.5163,False
439509,Tzolis,Arsenal,MID,120,2,0,0,,,,,,,,,,,,,,1.8103,0.8328,1.76,0.8417,,,,,,,,,,,,,,,,,,,,,,65,a,0,2,2,1,1,Coventry City,H,2,1.3243,0.5478,2.2395,0.9175,0.4678,0.0,-0.1101,-0.0275,0.1198,0.2115,0.3524,0.3281,0.0,0.0,0.85,0.9175,0.4678,False
72147,M.Bizot,Aston Villa,GK,90,1,0,0,120.9,585.0,0.0,0.0,1.4059,0.0,0.0,90.0,0.0,0.0,1.34,0.0,0.0,1.4247,1.4127,1.5933,1.41,0.0,0.0,1.8886,0.0,0.0,16.0323,0.0,0.0,11.02,0.0,0.0,75.0,11.9347,0.0,0.0,1.34,0.0,0.0,10.0,90.0,10.0,45,a,0,1,1,1,1,Brighton,A,3,0.8,1.7555,2.948,0.9257,0.9204,1.0946,-0.1111,-0.0278,0.198,0.0,0.0,0.7894,-0.5953,0.0,0.925,0.9257,0.9204,False
101188,Digne,Aston Villa,DEF,0,0,0,0,317.2,1842.0,0.0284,0.1737,1.3977,6.1222,0.2479,216.0,0.025,0.2,1.7625,5.0,0.0,1.4247,1.4127,1.5933,1.41,0.1001,0.6122,4.926,21.5773,0.8738,61.9013,0.67,3.28,27.79,113.0,5.0,381.0,17.5634,0.06,0.48,4.23,12.0,0.0,31.0,216.0,12.9167,45,u,0,0,0,1,1,Brighton,A,3,0.8,1.7555,0.0,0.0,0.0,0.0,0.0,0.0,0.0,0.0,0.0,0.0,0.0,0.0,0.0,0.0,0.0,False
199796,Cash,Aston Villa,DEF,167,2,0,0,565.1,3016.0,0.0255,0.0773,1.345,5.1937,0.1307,484.0,0.0037,0.0446,1.3221,5.2066,0.186,1.4247,1.4127,1.5933,1.41,0.1602,0.4854,8.4451,32.6107,0.8204,65.9766,1.14,2.94,45.45,186.0,7.0,450.0,10.5077,0.02,0.24,7.109999999999999,28.0,1.0,42.0,484.0,7.8099,45,a,0,2,2,1,1,Brighton,A,3,0.8,1.7555,2.055,0.908,0.8825,0.0,-0.109,-0.0272,0.0614,0.1502,0.1159,0.7569,-0.5796,0.1046,0.9,0.908,0.8825,False
149484,Mings,Aston Villa,DEF,16,0,1,0,327.3,1322.0,0.0936,0.0271,1.5626,7.2918,0.1985,360.0,0.0725,0.0125,1.4625,6.75,0.0,1.4247,1.4127,1.5933,1.41,0.3403,0.0985,5.6827,26.5177,0.7218,28.7893,1.3,0.42,23.37,107.0,4.0,169.0,7.9164,0.29,0.05,5.85,27.0,0.0,21.0,360.0,5.25,45,a,1,0,1,1,1,Brighton,A,3,0.8,1.7555,1.3909,0.5975,0.496,0.0,-0.0717,-0.0179,0.0253,0.037,0.179,0.5358,-0.2861,0.0811,0.5625,0.5975,0.496,False
244954,Pau,Aston Villa,DEF,163,2,0,0,297.8,1673.0,0.1558,0.0158,1.1712,5.2384,0.0318,197.0,0.3198,0.0091,1.2518,5.0254,0.0,1.4247,1.4127,1.5933,1.41,0.5154,0.0523,3.8755,17.3332,0.1051,43.523,1.33,0.39,22.81,112.0,2.0,280.0,13.1534,0.7000000000000001,0.02,2.74,11.0,0.0,19.0,197.0,8.6802,45,a,0,2,2,1,1,Brighton,A,3,0.8,1.7555,2.3467,0.862,0.8335,0.0,-0.1034,-0.0259,0.0707,0.0497,0.597,0.7148,-0.5477,0.1208,0.85,0.862,0.8335,False
515597,Bogarde,Aston Villa,MID,16,0,1,0,246.7,1042.0,0.0,0.0106,1.3071,5.2181,0.1209,245.0,0.0,0.0037,1.2453,4.4082,0.0,1.4247,1.4127,1.5933,1.41,0.0,0.029,3.5828,14.3035,0.3315,20.102,0.0,0.2,15.38,60.0,4.0,121.0,7.3335,0.0,0.01,3.39,12.0,0.0,14.0,245.0,5.1429,50,a,1,0,1,1,1,Brighton,A,3,0.8,1.7555,1.3976,0.7594,0.4422,0.0,-0.0911,-0.0228,0.0322,0.0717,0.1065,0.1194,0.0,0.0064,0.5625,0.7594,0.4422,False
441302,Maatsen,Aston Villa,DEF,171,2,0,0,364.1,1590.0,0.0601,0.1292,1.4599,7.4839,0.1603,327.0,0.0165,0.1486,1.2413,7.4312,0.2752,1.4247,1.4127,1.5933,1.41,0.2431,0.5225,5.9063,30.2767,0.6484,50.6834,1.26,2.39,26.64,128.0,1.0,242.0,12.5282,0.06,0.54,4.51,27.0,1.0,34.0,327.0,9.3578,45,a,0,2,2,1,1,Brighton,A,3,0.8,1.7555,2.1603,0.862,0.8335,0.0,-0.1034,-0.0259,0.0793,0.2312,0.2205,0.7148,-0.5477,0.3309,0.85,0.862,0.8335,False
184667,Lindelöf,Aston Villa,DEF,180,2,0,0,261.0,942.0,0.0348,0.009,1.3759,4.8608,0.0,280.0,0.0,0.0096,1.2954,5.1429,0.0,1.4247,1.4127,1.5933,1.41,0.1008,0.0262,3.9902,14.0962,0.0,27.8831,0.28,0.1,15.93,54.0,0.0,124.0,9.6149,0.0,0.03,4.029999999999999,16.0,0.0,25.0,280.0,8.0357,45,a,0,2,2,1,1,Brighton,A,3,0.8,1.7555,1.8908,0.862,0.8335,0.0,-0.1034,-0.0259,0.0541,0.0506,0.1568,0.7148,-0.5477,0.134,0.85,0.862,0.8335,False
606798,A.García,Aston Villa,DEF,0,0,0,0,35.4,83.0,0.0,0.0031,2.4722,15.661,0.0,45.0,0.0,0.0,2.38,18.0,0.0,1.4247,1.4127,1.5933,1.41,0.0,0.0012,0.9724,6.16,0.0,6.1045,0.0,0.01,2.74,10.0,0.0,12.0,15.5199,0.0,0.0,1.19,9.0,0.0,5.0,45.0,10.0,40,a,0,0,0,1,1,Brighton,A,3,0.8,1.7555,0.0,0.0945,0.0091,0.0,-0.0113,-0.0028,0.0016,0.0026,0.0052,0.0125,-0.009,0.0013,0.0158,0.0945,0.0091,False
578545,Nedeljkovic,Aston Villa,DEF,0,0,0,0,,,,,,,,,,,,,,1.4247,1.4127,1.5933,1.41,,,,,,,,,,,,,,,,,,,,,,40,u,0,0,0,1,1,Brighton,A,3,0.8,1.7555,0.0,0.0,0.0,0.0,0.0,0.0,0.0,0.0,0.0,0.0,0.0,0.0,0.0,0.0,0.0,False
195546,Buendía,Aston Villa,MID,175,2,0,0,381.0,1753.0,0.1413,0.112,1.4588,10.447,0.4325,288.0,0.15,0.0937,1.6031,11.5625,0.625,1.4247,1.4127,1.5933,1.41,0.5983,0.4743,6.1755,44.2255,1.8309,85.88,3.38,2.23,28.03,197.0,10.0,382.0,20.2866,0.48,0.3,5.13,37.0,2.0,87.0,288.0,27.1875,60,a,0,2,2,1,1,Brighton,A,3,0.8,1.7555,2.8189,0.9175,0.8202,0.0,-0.1101,-0.0275,0.2995,0.2532,0.5102,0.1759,0.0,0.5437,0.85,0.9175,0.8202,False
215711,Bailey,Aston Villa,MID,0,0,0,0,156.1,450.0,0.1131,0.2573,1.4551,9.9144,0.0,116.0,0.1474,0.194,1.2879,11.6379,0.0,1.4247,1.4127,1.5933,1.41,0.1961,0.4462,2.5238,17.196,0.0,26.5045,0.5,1.4600000000000002,7.03,48.0,0.0,69.0,15.2813,0.19,0.25,1.66,15.0,0.0,27.0,116.0,20.9483,54,a,0,0,0,1,1,Brighton,A,3,0.8,1.7555,0.5687,0.4724,0.0341,0.0,-0.0567,-0.0142,0.0127,0.0615,0.0697,0.0092,0.0,0.0036,0.0407,0.4724,0.0341,False
122806,McGinn,Aston Villa,MID,171,2,0,0,358.4,2136.0,0.1179,0.2728,1.283,5.0309,0.2989,329.0,0.0766,0.4897,1.1599,4.3769,0.0,1.4247,1.4127,1.5933,1.41,0.4697,1.0865,5.1092,20.0341,1.1904,92.3849,3.0,4.11,33.08,150.0,6.0,443.0,23.1993,0.28,1.79,4.24,16.0,0.0,94.0,329.0,25.7143,55,a,0,2,2,1,1,Brighton,A,3,0.8,1.7555,3.1879,0.945,0.8683,0.0,-0.1134,-0.0284,0.2968,0.6075,0.4459,0.1862,0.0,0.0419,0.9,0.945,0.8683,False
88894,Barkley,Aston Villa,MID,150,2,0,0,322.1,844.0,0.1576,0.1112,1.4245,6.7521,0.5765,378.0,0.1976,0.0381,1.3238,5.2381,0.4762,1.4247,1.4127,1.5933,1.41,0.5641,0.398,5.0981,24.1651,2.0631,70.5609,1.58,1.26,13.2,74.0,5.0,221.0,19.7159,0.8300000000000001,0.16,5.56,22.0,2.0,58.0,378.0,13.8095,50,a,0,2,2,1,1,Brighton,A,3,0.8,1.7555,2.7474,0.9175,0.8202,0.0,-0.1101,-0.0275,0.1779,0.2533,0.5603,0.1759,0.0,0.0868,0.85,0.9175,0.8202,False
226944,Kamara,Aston Villa,MID,180,2,0,0,107.4,1410.0,0.0417,0.0551,1.3716,9.5796,0.4402,0.0,0.0,0.0,0.0,0.0,0.0,1.4247,1.4127,1.5933,1.41,0.0498,0.0658,1.6368,11.4317,0.5253,20.3572,0.53,0.84,20.8,149.0,7.0,282.0,17.0591,0.0,0.0,0.0,0.0,0.0,0.0,0.0,0.0,50,a,0,2,2,1,1,Brighton,A,3,0.8,1.7555,1.6966,0.9175,0.4678,0.0,-0.1101,-0.0275,0.1007,0.0844,0.1233,0.1605,0.0,0.0403,0.85,0.9175,0.4678,False
449871,Onana,Aston Villa,MID,0,0,0,0,323.6,1755.0,0.1159,0.048,1.4515,10.5214,0.1697,107.0,0.2355,0.0084,1.5645,7.5701,0.0,1.4247,1.4127,1.5933,1.41,0.4168,0.1726,5.2188,37.8304,0.6102,58.0337,1.68,0.6900000000000001,28.53,219.0,4.0,353.0,16.1404,0.28,0.01,1.86,9.0,0.0,12.0,107.0,10.0935,50,i,0,0,0,1,1,Brighton,A,3,0.8,1.7555,0.0,0.0,0.0,0.0,0.0,0.0,0.0,0.0,0.0,0.0,0.0,0.0,0.0,0.0,0.0,False
469247,Iling Jr,Aston Villa,MID,0,0,0,0,0.0,0.0,0.0,0.0,0.0,0.0,0.0,0.0,0.0,0.0,0.0,0.0,0.0,1.4247,1.4127,1.5933,1.41,0.0,0.0,0.0,0.0,0.0,0.0,0.0,0.0,0.0,0.0,0.0,0.0,0.0,0.0,0.0,0.0,0.0,0.0,0.0,0.0,0.0,50,u,0,0,0,1,1,Brighton,A,3,0.8,1.7555,0.0,0.0,0.0,0.0,0.0,0.0,0.0,0.0,0.0,0.0,0.0,0.0,0.0,0.0,0.0,False
645618,Burrowes,Aston Villa,MID,0,0,0,0,0.5,16.0,0.0,0.0,5.058,5.616,0.0,0.0,0.0,0.0,0.0,0.0,0.0,1.4247,1.4127,1.5933,1.41,0.0,0.0,0.0281,0.0312,0.0,0.0938,0.0,0.0,0.9,1.0,0.0,3.0,16.884,0.0,0.0,0.0,0.0,0.0,0.0,0.0,0.0,45,a,0,0,0,1,1,Brighton,A,3,0.8,1.7555,0.0,0.0,0.0,0.0,0.0,0.0,0.0,0.0,0.0,0.0,0.0,0.0,0.0,0.0,0.0,False
577285,George Hemmings,Aston Villa,MID,160,2,0,0,3.8,25.0,0.1539,0.0284,1.8047,3.8392,0.0,0.0,0.0,0.0,0.0,0.0,0.0,1.4247,1.4127,1.5933,1.41,0.0065,0.0012,0.0762,0.1621,0.0,0.6992,0.04,0.01,0.61,1.0,0.0,5.0,16.56,0.0,0.0,0.0,0.0,0.0,0.0,0.0,0.0,45,a,0,2,2,1,1,Brighton,A,3,0.8,1.7555,1.8865,0.9175,0.4678,0.0,-0.1101,-0.0275,0.0817,0.1523,0.2643,0.1605,0.0,0.0005,0.85,0.9175,0.4678,False
653481,Alysson,Aston Villa,MID,27,0,1,0,12.8,47.0,0.1048,0.0942,3.7835,7.7098,0.0,0.0,0.0,0.0,0.0,0.0,0.0,1.4247,1.4127,1.5933,1.41,0.0149,0.0134,0.5381,1.0965,0.0,2.8747,0.05,0.05,1.87,4.0,0.0,11.0,20.2127,0.0,0.0,0.0,0.0,0.0,0.0,0.0,0.0,50,a,1,0,1,1,1,Brighton,A,3,0.8,1.7555,1.7485,0.7594,0.4422,0.0,-0.0911,-0.0228,0.0832,0.1786,0.2995,0.1194,0.0,0.0036,0.5625,0.7594,0.4422,False
614071,Manzambi,Aston Villa,MID,0,0,0,0,,,,,,,,,,,,,,1.4247,1.4127,1.5933,1.41,,,,,,,,,,,,,,,,,,,,,,59,i,0,0,0,1,1,Brighton,A,3,0.8,1.7555,0.0,0.0,0.0,0.0,0.0,0.0,0.0,0.0,0.0,0.0,0.0,0.0,0.0,0.0,0.0,False
448089,Gomes,Aston Villa,MID,39,1,0,0,535.9,2829.0,0.0367,0.0734,1.6534,12.1319,0.2624,448.0,0.0201,0.0442,1.5288,11.8527,0.0,1.4247,1.4127,1.5933,1.41,0.2185,0.4369,9.845,72.2388,1.5627,103.5822,1.29,2.09,48.6,387.0,6.0,529.0,17.3958,0.1,0.22,7.61,59.0,0.0,65.0,448.0,13.058,55,s,0,1,1,1,1,Brighton,A,3,0.8,1.7555,0.0,0.0,0.0,0.0,0.0,0.0,0.0,0.0,0.0,0.0,0.0,0.0,0.0,0.0,0.0,False
178301,Watkins,Aston Villa,FWD,0,0,0,0,569.5,2833.0,0.6152,0.0279,1.3273,2.7016,1.3978,458.0,0.8902,0.0236,1.1653,2.3581,2.3581,1.4247,1.4127,1.5933,1.41,3.8926,0.1764,8.3986,17.0954,8.8448,178.4885,15.4,1.18,43.39,94.0,26.0,623.0,28.2071,4.53,0.12,5.93,12.0,12.0,235.0,458.0,46.179,78,u,0,0,0,1,1,Brighton,A,3,0.8,1.7555,0.0,0.0,0.0,0.0,0.0,0.0,0.0,0.0,0.0,0.0,0.0,0.0,0.0,0.0,0.0,False
173879,Abraham,Aston Villa,FWD,19,0,1,0,86.7,278.0,0.662,0.1092,1.9011,4.3271,0.519,79.0,0.9,0.0,2.8823,4.557,0.0,1.4247,1.4127,1.5933,1.41,0.6377,0.1052,1.8314,4.1684,0.5,30.2172,2.05,0.36,5.12,13.0,2.0,93.0,31.3673,0.79,0.0,2.53,4.0,0.0,36.0,79.0,41.0127,55,a,1,0,1,1,1,Brighton,A,3,0.8,1.7555,1.9609,0.7594,0.4422,0.0,-0.0911,-0.0228,0.1071,0.1646,0.7595,0.0,0.0,0.0001,0.5625,0.7594,0.4422,False
493105,Garnacho,Aston Villa,MID,16,0,1,0,215.9,1261.0,0.2403,0.2261,1.3081,5.4936,0.176,120.0,0.255,0.06,0.87,6.75,0.0,1.4247,1.4127,1.5933,1.41,0.5764,0.5424,3.138,13.1785,0.4223,36.65,3.44,3.68,20.52,71.0,3.0,222.0,15.2779,0.3399999999999999,0.08,1.16,9.0,0.0,19.0,120.0,14.25,59,a,1,0,1,1,1,Brighton,A,3,0.8,1.7555,1.9086,0.7594,0.4422,0.0,-0.0911,-0.0228,0.0429,0.2396,0.439,0.1194,0.0,0.0103,0.5625,0.7594,0.4422,False
517052,N.Jackson,Aston Villa,FWD,70,1,0,0,0.0,0.0,0.0,0.0,0.0,0.0,0.0,0.0,0.0,0.0,0.0,0.0,0.0,1.4247,1.4127,1.5933,1.41,0.0,0.0,0.0,0.0,0.0,0.0,0.0,0.0,0.0,0.0,0.0,0.0,0.0,0.0,0.0,0.0,0.0,0.0,0.0,0.0,0.0,65,a,0,1,1,1,1,Brighton,A,3,0.8,1.7555,1.7074,0.8969,0.4473,0.0,-0.1076,-0.0269,0.104,0.1342,0.4175,0.0,0.0,0.0,0.8125,0.8969,0.4473,False
690838,Madjo,Aston Villa,FWD,0,0,0,0,,,,,,,,,,,,,,1.4247,1.4127,1.5933,1.41,,,,,,,,,,,,,,,,,,,,,,55,i,0,0,0,1,1,Brighton,A,3,0.8,1.7555,0.0,0.0,0.0,0.0,0.0,0.0,0.0,0.0,0.0,0.0,0.0,0.0,0.0,0.0,0.0,False
487992,Ruggeri,Aston Villa,DEF,8,0,1,0,,,,,,,,,,,,,,1.4247,1.4127,1.5933,1.41,,,,,,,,,,,,,,,,,,,,,,45,a,1,0,1,1,1,Brighton,A,3,0.8,1.7555,1.3604,0.5975,0.496,0.0,-0.0717,-0.0179,0.042,0.0563,0.1126,0.5358,-0.2861,0.1032,0.5625,0.5975,0.496,False
433969,Suzuki,Aston Villa,GK,90,1,0,0,,,,,,,,,,,,,,1.4247,1.4127,1.5933,1.41,,,,,,,,,,,,,,,,,,,,,,50,a,0,1,1,1,1,Brighton,A,3,0.8,1.7555,3.914,0.9257,0.9204,1.0946,-0.1111,-0.0278,0.3192,0.0,0.0,1.2633,-0.2243,0.0,0.925,0.9257,0.9204,False
569577,Rowe,Aston Villa,DEF,0,0,0,0,0.0,0.0,0.0,0.0,0.0,0.0,0.0,0.0,0.0,0.0,0.0,0.0,0.0,1.4247,1.4127,1.5933,1.41,0.0,0.0,0.0,0.0,0.0,0.0,0.0,0.0,0.0,0.0,0.0,0.0,0.0,0.0,0.0,0.0,0.0,0.0,0.0,0.0,0.0,40,a,0,0,0,1,1,Brighton,A,3,0.8,1.7555,0.0,0.0,0.0,0.0,0.0,0.0,0.0,0.0,0.0,0.0,0.0,0.0,0.0,0.0,0.0,False
571380,Lynch,Aston Villa,MID,0,0,0,0,,,,,,,,,,,,,,1.4247,1.4127,1.5933,1.41,,,,,,,,,,,,,,,,,,,,,,45,a,0,0,0,1,1,Brighton,A,3,0.8,1.7555,0.0,0.0,0.0,0.0,0.0,0.0,0.0,0.0,0.0,0.0,0.0,0.0,0.0,0.0,0.0,False
214590,Wan-Bissaka,Aston Villa,DEF,12,0,1,0,380.0,2080.0,0.0,0.0392,1.4028,6.9794,0.0,177.0,0.0,0.0356,1.1847,5.5932,0.0,1.4247,1.4127,1.5933,1.41,0.0,0.1656,5.9231,29.4685,0.0,39.3934,0.0,1.0,35.44,174.0,0.0,203.0,9.33,0.0,0.07,2.33,11.0,0.0,13.0,177.0,6.6102,45,a,1,0,1,1,1,Brighton,A,3,0.8,1.7555,1.5058,0.701,0.5951,0.0,-0.0841,-0.021,0.0336,0.0562,0.0285,0.6428,-0.3422,0.0779,0.675,0.701,0.5951,False
119090,Goretzka,Aston Villa,MID,0,0,0,0,,,,,,,,,,,,,,1.4247,1.4127,1.5933,1.41,,,,,,,,,,,,,,,,,,,,,,60,a,0,0,0,1,1,Brighton,A,3,0.8,1.7555,1.9796,0.8075,0.5106,0.0,-0.0969,-0.0242,0.1111,0.2076,0.346,0.1379,0.0,0.0025,0.65,0.8075,0.5106,False
245719,Harwood-Bellis,Aston Villa,DEF,0,0,0,0,,,,,,,,,,,,,,1.4247,1.4127,1.5933,1.41,,,,,,,,,,,,,,,,,,,,,,45,a,0,0,0,1,1,Brighton,A,3,0.8,1.7555,0.0,0.0,0.0,0.0,0.0,0.0,0.0,0.0,0.0,0.0,0.0,0.0,0.0,0.0,0.0,False
638987,Mbaye,Aston Villa,MID,0,0,0,0,,,,,,,,,,,,,,1.4247,1.4127,1.5933,1.41,,,,,,,,,,,,,,,,,,,,,,60,a,0,0,0,1,1,Brighton,A,3,0.8,1.7555,1.9796,0.8075,0.5106,0.0,-0.0969,-0.0242,0.1111,0.2076,0.346,0.1379,0.0,0.0025,0.65,0.8075,0.5106,False
457569,Petrović,Bournemouth,GK,180,2,0,0,673.6,3420.0,0.0,0.0,1.5222,0.0,0.1253,540.0,0.0,0.0,1.34,0.0,0.0,1.7769,1.5635,2.052,1.442,0.0,0.0,11.3928,0.0,0.9381,110.8278,0.0,0.0,56.72,0.0,5.0,512.0,14.8078,0.0,0.0,8.04,0.0,0.0,85.0,540.0,14.1667,45,a,0,2,2,1,1,Man City,A,5,0.9106,2.5909,2.5225,0.96,0.9453,1.3684,-0.1152,-0.0288,0.1993,0.0,0.0,0.4388,-0.9993,0.0,0.95,0.96,0.9453,False
40383,Forster,Bournemouth,GK,0,0,0,0,0.0,0.0,0.0,0.0,0.0,0.0,0.0,0.0,0.0,0.0,0.0,0.0,0.0,1.7769,1.5635,2.052,1.442,0.0,0.0,0.0,0.0,0.0,0.0,0.0,0.0,0.0,0.0,0.0,0.0,0.0,0.0,0.0,0.0,0.0,0.0,0.0,0.0,0.0,40,a,0,0,0,1,1,Man City,A,5,0.9106,2.5909,0.0,0.0,0.0,0.0,0.0,0.0,0.0,0.0,0.0,0.0,0.0,0.0,0.0,0.0,0.0,False
444172,Dennis,Bournemouth,GK,0,0,0,0,0.0,0.0,0.0,0.0,0.0,0.0,0.0,0.0,0.0,0.0,0.0,0.0,0.0,1.7769,1.5635,2.052,1.442,0.0,0.0,0.0,0.0,0.0,0.0,0.0,0.0,0.0,0.0,0.0,0.0,0.0,0.0,0.0,0.0,0.0,0.0,0.0,0.0,0.0,40,u,0,0,0,1,1,Man City,A,5,0.9106,2.5909,0.0,0.0,0.0,0.0,0.0,0.0,0.0,0.0,0.0,0.0,0.0,0.0,0.0,0.0,0.0,False
463981,Hill,Bournemouth,DEF,180,2,0,0,588.0,2102.0,0.0413,0.0394,1.4926,11.1069,0.2232,540.0,0.0367,0.0167,1.34,10.5,0.3333,1.7769,1.5635,2.052,1.442,0.2699,0.2574,9.7516,72.5654,1.4585,105.6998,0.89,1.16,33.42,260.0,4.0,386.0,16.1785,0.22,0.1,8.04,63.0,2.0,92.0,540.0,15.3333,55,a,0,2,2,1,1,Man City,A,5,0.9106,2.5909,1.4775,0.908,0.8833,0.0,-0.109,-0.0272,0.1524,0.0965,0.214,0.4101,-0.9465,1.061,0.9,0.908,0.8833,False
494521,Truffert,Bournemouth,DEF,180,2,0,0,670.2,3378.0,0.0656,0.1026,1.5005,7.7141,0.7447,540.0,0.1533,0.1033,1.34,6.8333,1.1667,1.7769,1.5635,2.052,1.442,0.4885,0.7644,11.1735,57.4441,5.5453,148.457,1.35,3.0700000000000003,54.42,301.0,19.0,607.0,19.936,0.92,0.62,8.04,41.0,7.0,151.0,540.0,25.1667,55,a,0,2,2,1,1,Man City,A,5,0.9106,2.5909,1.7887,0.908,0.8833,0.0,-0.109,-0.0272,0.145,0.2388,0.3903,0.4101,-0.9465,0.5148,0.9,0.908,0.8833,False
242882,Diakité,Bournemouth,DEF,0,0,0,0,78.9,1275.0,0.0017,0.014,1.7344,8.0457,0.0654,0.0,0.0,0.0,0.0,0.0,0.0,1.7769,1.5635,2.052,1.442,0.0015,0.0123,1.5205,7.0534,0.0573,9.0083,0.02,0.19,22.47,117.0,2.0,164.0,10.2756,0.0,0.0,0.0,0.0,0.0,0.0,0.0,0.0,50,a,0,0,0,1,1,Man City,A,5,0.9106,2.5909,0.0,0.0,0.0,0.0,0.0,0.0,0.0,0.0,0.0,0.0,0.0,0.0,0.0,0.0,0.0,False
620487,Milosavljević,Bournemouth,DEF,0,0,0,0,21.2,367.0,0.0518,0.0293,1.2052,9.6393,0.0,0.0,0.0,0.0,0.0,0.0,0.0,1.7769,1.5635,2.052,1.442,0.0122,0.0069,0.2839,2.2706,0.0,3.9418,0.15,0.19,4.42,39.0,0.0,63.0,16.7341,0.0,0.0,0.0,0.0,0.0,0.0,0.0,0.0,50,i,0,0,0,1,1,Man City,A,5,0.9106,2.5909,0.0,0.0,0.0,0.0,0.0,0.0,0.0,0.0,0.0,0.0,0.0,0.0,0.0,0.0,0.0,False
54469,Smith,Bournemouth,DEF,180,2,0,0,257.5,1073.0,0.0,0.0179,1.5004,6.4694,0.6078,268.0,0.0,0.0101,1.4172,5.709,0.6716,1.7769,1.5635,2.052,1.442,0.0,0.0512,4.2928,18.5098,1.7389,58.2762,0.0,0.23,18.18,70.0,4.0,185.0,20.3684,0.0,0.03,4.22,17.0,2.0,62.0,268.0,20.8209,45,a,0,2,2,1,1,Man City,A,5,0.9106,2.5909,1.2167,0.862,0.8343,0.0,-0.1034,-0.0259,0.1127,0.0671,0.0811,0.3873,-0.8945,0.3618,0.85,0.862,0.8343,False
436893,J.Araujo,Bournemouth,DEF,0,0,0,0,0.0,0.0,0.0,0.0,0.0,0.0,0.0,0.0,0.0,0.0,0.0,0.0,0.0,1.7769,1.5635,2.052,1.442,0.0,0.0,0.0,0.0,0.0,0.0,0.0,0.0,0.0,0.0,0.0,0.0,0.0,0.0,0.0,0.0,0.0,0.0,0.0,0.0,0.0,45,i,0,0,0,1,1,Man City,A,5,0.9106,2.5909,0.0,0.0,0.0,0.0,0.0,0.0,0.0,0.0,0.0,0.0,0.0,0.0,0.0,0.0,0.0,False
575901,Soler,Bournemouth,DEF,0,0,0,0,3.1,34.0,0.0,0.0,5.2258,3.3271,0.0,0.0,0.0,0.0,0.0,0.0,0.0,1.7769,1.5635,2.052,1.442,0.0,0.0,0.18,0.1146,0.0,0.0682,0.0,0.0,1.62,1.0,0.0,2.0,1.98,0.0,0.0,0.0,0.0,0.0,0.0,0.0,0.0,40,a,0,0,0,1,1,Man City,A,5,0.9106,2.5909,0.0,0.0,0.0,0.0,0.0,0.0,0.0,0.0,0.0,0.0,0.0,0.0,0.0,0.0,0.0,False
499604,Rayan,Bournemouth,MID,178,2,0,0,419.7,1110.0,0.2274,0.1247,1.4444,7.1677,0.2071,418.0,0.295,0.1206,1.0852,8.3971,0.2153,1.7769,1.5635,2.052,1.442,1.0606,0.5813,6.7355,33.4256,0.9657,88.5194,2.67,1.84,19.14,82.0,3.0,238.0,18.982,1.37,0.56,5.04,39.0,1.0,109.0,418.0,23.4689,65,a,0,2,2,1,1,Man City,A,5,0.9106,2.5909,2.9844,0.9175,0.8216,0.0,-0.1101,-0.0275,0.1458,0.3204,0.8413,0.0954,0.0,0.2473,0.85,0.9175,0.8216,False
201658,Tavernier,Bournemouth,MID,180,2,0,0,553.7,2732.0,0.318,0.1872,1.339,8.0871,0.5441,520.0,0.3185,0.2371,1.0765,7.6154,0.6923,1.7769,1.5635,2.052,1.442,1.9564,1.1516,8.238,49.7538,3.3474,121.9121,9.06,4.6,41.06,251.0,14.0,552.0,19.8159,1.84,1.37,6.22,44.0,4.0,126.0,520.0,21.8077,60,a,0,2,2,1,1,Man City,A,5,0.9106,2.5909,3.673,0.945,0.8698,0.0,-0.1134,-0.0284,0.22,0.4784,1.2206,0.1009,0.0,0.4444,0.9,0.945,0.8698,False
503139,Scott,Bournemouth,MID,176,2,0,0,584.1,2848.0,0.1174,0.1272,1.484,12.8589,0.2955,450.0,0.016,0.232,1.194,13.0,0.0,1.7769,1.5635,2.052,1.442,0.762,0.8255,9.6313,83.454,1.9178,124.5533,3.8,2.94,47.02,386.0,9.0,603.0,19.1916,0.08,1.16,5.97,65.0,0.0,90.0,450.0,18.0,60,a,0,2,2,1,1,Man City,A,5,0.9106,2.5909,3.0272,0.945,0.8698,0.0,-0.1134,-0.0284,0.4431,0.3717,0.4584,0.1009,0.0,1.2213,0.9,0.945,0.8698,False
222683,Kluivert,Bournemouth,MID,154,2,0,0,93.2,945.0,0.2679,0.1207,2.0922,6.7295,0.2841,31.0,0.2032,0.029,3.4258,8.7097,0.0,1.7769,1.5635,2.052,1.442,0.2774,0.125,2.1666,6.9688,0.2942,12.6252,2.31,1.55,17.96,65.0,3.0,147.0,12.1917,0.07,0.01,1.1800000000000002,3.0,0.0,0.0,31.0,0.0,60,a,0,2,2,1,1,Man City,A,5,0.9106,2.5909,1.982,0.9175,0.4678,0.0,-0.1101,-0.0275,0.0441,0.1558,0.4519,0.1025,0.0,0.0125,0.85,0.9175,0.4678,False
155408,Cook,Bournemouth,MID,143,2,0,0,119.8,872.0,0.0046,0.0576,1.5353,14.4335,0.0,2.0,0.0,0.0,22.95,0.0,0.0,1.7769,1.5635,2.052,1.442,0.0061,0.0767,2.0436,19.2126,0.0,28.3204,0.07,0.52,14.0,143.0,0.0,190.0,21.2758,0.0,0.0,0.51,0.0,0.0,6.0,2.0,270.0,50,a,0,2,2,1,1,Man City,A,5,0.9106,2.5909,1.7189,0.9175,0.4678,0.0,-0.1101,-0.0275,0.1636,0.1097,0.1155,0.1025,0.0,0.2025,0.85,0.9175,0.4678,False
496208,Gannon-Doak,Bournemouth,MID,1,0,1,0,32.0,105.0,0.3203,0.0762,3.3775,14.1837,0.0,49.0,0.3122,0.0551,3.7837,16.5306,0.0,1.7769,1.5635,2.052,1.442,0.1139,0.0271,1.2009,5.0431,0.0,6.8569,0.26,0.13,4.74,13.0,0.0,33.0,19.285,0.17,0.03,2.06,9.0,0.0,12.0,49.0,22.0408,50,a,1,0,1,1,1,Man City,A,5,0.9106,2.5909,1.797,0.7594,0.448,0.0,-0.0911,-0.0228,0.0427,0.1922,0.4178,0.0708,0.0,0.0386,0.5625,0.7594,0.448,False
200785,Adams,Bournemouth,MID,36,0,1,0,314.7,1769.0,0.0176,0.0434,1.4805,12.7885,0.0589,337.0,0.0053,0.0694,1.5783,12.5519,0.0,1.7769,1.5635,2.052,1.442,0.0614,0.1517,5.1769,44.7172,0.206,56.5798,0.63,0.63,27.18,232.0,3.0,346.0,16.1811,0.02,0.26,5.91,47.0,0.0,62.0,337.0,16.5579,50,a,1,0,1,1,1,Man City,A,5,0.9106,2.5909,1.4208,0.7594,0.448,0.0,-0.0911,-0.0228,0.0623,0.1012,0.113,0.0708,0.0,0.3687,0.5625,0.7594,0.448,False
111317,Brooks,Bournemouth,MID,9,0,1,0,158.8,1188.0,0.6015,0.2383,2.0024,7.5102,0.2302,127.0,0.6236,0.163,2.0409,6.378,0.0,1.7769,1.5635,2.052,1.442,1.0613,0.4205,3.5332,13.2514,0.4062,30.921,5.81,3.4,20.25,94.0,4.0,215.0,17.5245,0.88,0.23,2.88,9.0,0.0,23.0,127.0,16.2992,50,a,1,0,1,1,1,Man City,A,5,0.9106,2.5909,2.5629,0.7594,0.448,0.0,-0.0911,-0.0228,0.0506,0.2896,1.0783,0.0708,0.0,0.0621,0.5625,0.7594,0.448,False
158499,Christie,Bournemouth,MID,3,0,1,0,246.0,978.0,0.1017,0.0753,1.6281,11.5078,0.2587,198.0,0.0818,0.0955,0.9682,12.2727,0.0,1.7769,1.5635,2.052,1.442,0.2781,0.2057,4.4501,31.4546,0.7071,49.8079,1.81,0.79,19.14,123.0,2.0,214.0,18.2224,0.18,0.21,2.13,27.0,0.0,30.0,198.0,13.6364,50,a,1,0,1,1,1,Man City,A,5,0.9106,2.5909,1.626,0.7594,0.448,0.0,-0.0911,-0.0228,0.0622,0.1449,0.2745,0.0708,0.0,0.2232,0.5625,0.7594,0.448,False
614574,Tóth.A,Bournemouth,MID,15,0,1,0,55.7,135.0,0.0711,0.185,3.0175,10.9152,0.0,59.0,0.0763,0.122,3.539,10.678,0.0,1.7769,1.5635,2.052,1.442,0.044,0.1145,1.8675,6.7553,0.0,13.5256,0.11,0.33,4.9,17.0,0.0,32.0,21.8546,0.05,0.08,2.3200000000000003,7.0,0.0,18.0,59.0,27.4576,50,a,1,0,1,1,1,Man City,A,5,0.9106,2.5909,1.7516,0.7594,0.448,0.0,-0.0911,-0.0228,0.0761,0.2195,0.3117,0.0708,0.0,0.029,0.5625,0.7594,0.448,False
489888,Adli,Bournemouth,MID,0,0,0,0,191.5,1074.0,0.197,0.1455,1.6716,9.4338,0.4063,50.0,0.09,0.054,3.186,9.0,0.0,1.7769,1.5635,2.052,1.442,0.4191,0.3096,3.5568,20.0731,0.8645,41.0963,2.6,1.62,18.22,123.0,4.0,241.0,19.3142,0.05,0.03,1.77,5.0,0.0,7.0,50.0,12.6,49,i,0,0,0,1,1,Man City,A,5,0.9106,2.5909,0.0,0.0,0.0,0.0,0.0,0.0,0.0,0.0,0.0,0.0,0.0,0.0,0.0,0.0,0.0,False
560262,Kroupi.Jr,Bournemouth,MID,0,0,0,0,448.3,1826.0,0.4355,0.0978,1.2927,5.4403,0.7365,431.0,0.3759,0.1086,0.9146,4.1763,1.0441,1.7769,1.5635,2.052,1.442,2.1691,0.4874,6.4389,27.0987,3.6687,113.1382,9.87,1.58,28.85,123.0,17.0,605.0,22.7134,1.8,0.52,4.38,20.0,5.0,102.0,431.0,21.2993,74,i,0,0,0,1,1,Man City,A,5,0.9106,2.5909,0.0,0.0,0.0,0.0,0.0,0.0,0.0,0.0,0.0,0.0,0.0,0.0,0.0,0.0,0.0,False
444102,Evanilson,Bournemouth,FWD,154,2,0,0,562.1,2741.0,0.3605,0.051,1.313,5.3057,0.1321,459.0,0.4529,0.0608,0.9882,5.8824,0.0,1.7769,1.5635,2.052,1.442,2.2515,0.3187,8.2007,33.1369,0.825,83.8988,10.64,1.48,39.02,135.0,6.0,412.0,13.4334,2.31,0.31,5.04,30.0,0.0,55.0,459.0,10.7843,60,a,0,2,2,1,1,Man City,A,5,0.9106,2.5909,3.1145,0.945,0.8698,0.0,-0.1134,-0.0284,0.1614,0.1775,1.2605,0.0,0.0,0.0663,0.9,0.945,0.8698,False
168636,Enes Ünal,Bournemouth,FWD,0,0,0,0,51.2,214.0,0.7833,0.0213,3.5865,14.4032,0.1199,40.0,0.3375,0.0225,5.805,24.75,0.0,1.7769,1.5635,2.052,1.442,0.4456,0.0121,2.0403,8.1938,0.0682,21.8508,2.0,0.07,6.16,23.0,1.0,83.0,38.4096,0.15,0.01,2.58,11.0,0.0,26.0,40.0,58.5,55,u,0,0,0,1,1,Man City,A,5,0.9106,2.5909,0.0,0.0,0.0,0.0,0.0,0.0,0.0,0.0,0.0,0.0,0.0,0.0,0.0,0.0,0.0,False
561245,Rodríguez,Bournemouth,FWD,9,0,1,0,,,,,,,,,,,,,,1.7769,1.5635,2.052,1.442,,,,,,,,,,,,,,,,,,,,,,60,a,1,0,1,1,1,Man City,A,5,0.9106,2.5909,1.8526,0.7594,0.448,0.0,-0.0911,-0.0228,0.069,0.2063,0.6418,0.0,0.0,0.0,0.5625,0.7594,0.448,False
483067,Silva,Bournemouth,DEF,180,2,0,0,,,,,,,,,,,,,,1.7769,1.5635,2.052,1.442,,,,,,,,,,,,,,,,,,,,,,50,a,0,2,2,1,1,Man City,A,5,0.9106,2.5909,1.328,0.862,0.4676,0.0,-0.1034,-0.0259,0.0574,0.043,0.0859,0.4096,-0.3642,0.0136,0.85,0.862,0.4676,False
494928,Sanchez,Bournemouth,DEF,0,0,0,0,,,,,,,,,,,,,,1.7769,1.5635,2.052,1.442,,,,,,,,,,,,,,,,,,,,,,45,a,0,0,0,1,1,Man City,A,5,0.9106,2.5909,0.0,0.0,0.0,0.0,0.0,0.0,0.0,0.0,0.0,0.0,0.0,0.0,0.0,0.0,0.0,False
523700,Jebbison,Bournemouth,FWD,15,0,1,0,,,,,,,,,,,,,,1.7769,1.5635,2.052,1.442,,,,,,,,,,,,,,,,,,,,,,50,a,1,0,1,1,1,Man City,A,5,0.9106,2.5909,1.8421,0.7594,0.448,0.0,-0.0911,-0.0228,0.0684,0.2039,0.6343,0.0,0.0,0.0,0.5625,0.7594,0.448,False
230650,Di Gregorio,Bournemouth,GK,0,0,0,0,,,,,,,,,,,,,,1.7769,1.5635,2.052,1.442,,,,,,,,,,,,,,,,,,,,,,45,a,0,0,0,1,1,Man City,A,5,0.9106,2.5909,0.0,0.0,0.0,0.0,0.0,0.0,0.0,0.0,0.0,0.0,0.0,0.0,0.0,0.0,0.0,False
200720,Kelleher,Brentford,GK,180,2,0,0,652.5,3330.0,0.0,0.0086,1.6047,0.0,0.4746,540.0,0.0,0.0,1.7833,0.0,0.5,1.5776,1.5818,1.4417,1.7833,0.0,0.062,11.6341,0.0,3.4412,126.1403,0.0,0.22,53.48,0.0,11.0,570.0,17.3987,0.0,0.0,10.7,0.0,3.0,114.0,540.0,19.0,50,a,0,2,2,1,1,Spurs,H,3,0.8316,1.1788,3.6523,0.96,0.9453,0.7521,-0.1152,-0.0288,0.4369,0.0143,0.0,1.2889,-0.3553,0.0,0.95,0.96,0.9453,False
507433,Valdimarsson,Brentford,GK,0,0,0,0,24.5,90.0,0.0,0.0,0.9713,0.0,0.0,0.0,0.0,0.0,0.0,0.0,0.0,1.5776,1.5818,1.4417,1.7833,0.0,0.0,0.2644,0.0,0.0,0.2726,0.0,0.0,0.97,0.0,0.0,1.0,1.0014,0.0,0.0,0.0,0.0,0.0,0.0,0.0,0.0,45,a,0,0,0,1,1,Spurs,H,3,0.8316,1.1788,0.0,0.0,0.0,0.0,0.0,0.0,0.0,0.0,0.0,0.0,0.0,0.0,0.0,0.0,0.0,False
432830,Collins,Brentford,DEF,180,2,0,0,584.1,2971.0,0.0674,0.0645,1.6192,9.072,0.1154,540.0,0.0633,0.065,1.7833,8.8333,0.0,1.5776,1.5818,1.4417,1.7833,0.4376,0.4186,10.5083,58.8776,0.7492,89.8747,2.24,1.71,47.52,319.0,7.0,450.0,13.8482,0.38,0.39,10.7,53.0,0.0,76.0,540.0,12.6667,55,a,0,2,2,1,1,Spurs,H,3,0.8316,1.1788,3.0041,0.908,0.8841,0.0,-0.109,-0.0272,0.1466,0.143,0.2937,1.2055,-0.3365,0.2939,0.9,0.908,0.8841,False
444765,Van den Berg,Brentford,DEF,0,0,0,0,510.8,2761.0,0.1099,0.095,1.4357,8.9222,0.1083,368.0,0.1198,0.1345,1.4747,8.8043,0.0,1.5776,1.5818,1.4417,1.7833,0.6235,0.5394,8.1485,50.6383,0.6148,98.7037,3.36,1.45,41.59,272.0,3.0,435.0,17.391,0.49,0.5499999999999999,6.03,36.0,0.0,90.0,368.0,22.0109,49,i,0,0,0,1,1,Spurs,H,3,0.8316,1.1788,0.0,0.0,0.0,0.0,0.0,0.0,0.0,0.0,0.0,0.0,0.0,0.0,0.0,0.0,0.0,False
249231,Lewis-Potter,Brentford,MID,177,2,0,0,502.7,1960.0,0.1323,0.1337,1.5741,3.4575,0.2355,538.0,0.1322,0.1138,1.6227,3.3457,0.3346,1.5776,1.5818,1.4417,1.7833,0.7387,0.747,8.7922,19.3122,1.3153,89.5347,3.01,2.51,33.74,74.0,5.0,356.0,16.0297,0.79,0.68,9.7,20.0,2.0,88.0,538.0,14.7212,55,a,0,2,2,1,1,Spurs,H,3,0.8316,1.1788,2.9013,0.945,0.8713,0.0,-0.1134,-0.0284,0.1105,0.3121,0.5272,0.297,0.0,0.002,0.9,0.945,0.8713,False
191866,Ajer,Brentford,DEF,180,2,0,0,334.9,1805.0,0.015,0.0188,1.8139,9.9279,0.0336,181.0,0.0,0.005,2.332,11.9337,0.0,1.5776,1.5818,1.4417,1.7833,0.0558,0.0699,6.7499,36.9427,0.125,34.752,0.69,0.73,31.51,192.0,1.0,211.0,9.3391,0.0,0.01,4.69,24.0,0.0,15.0,181.0,7.4586,45,a,0,2,2,1,1,Spurs,H,3,0.8316,1.1788,2.6746,0.908,0.8812,0.0,-0.109,-0.0272,0.1044,0.0566,0.0996,1.2015,-0.3365,0.3709,0.9,0.908,0.8812,False
607464,Kayode,Brentford,DEF,162,2,0,0,648.3,3258.0,0.0609,0.0566,1.6065,5.3633,0.2032,540.0,0.0933,0.0367,1.7833,3.8333,0.3333,1.5776,1.5818,1.4417,1.7833,0.4388,0.4078,11.5724,38.6336,1.4634,90.1678,1.28,2.89,52.65,219.0,9.0,494.0,12.5175,0.56,0.22,10.7,23.0,2.0,54.0,540.0,9.0,46,a,0,2,2,1,1,Spurs,H,3,0.8316,1.1788,2.9345,0.908,0.8841,0.0,-0.109,-0.0272,0.0968,0.1204,0.2964,1.2055,-0.3365,0.0327,0.9,0.908,0.8841,False
194010,Henry,Brentford,DEF,2,0,1,0,198.4,1322.0,0.0049,0.0384,1.4168,4.5334,0.0,0.0,0.0,0.0,0.0,0.0,0.0,1.5776,1.5818,1.4417,1.7833,0.0109,0.0846,3.1233,9.9937,0.0,22.6654,0.18,0.54,23.91,68.0,0.0,144.0,10.2817,0.0,0.0,0.0,0.0,0.0,0.0,0.0,0.0,45,a,1,0,1,1,1,Spurs,H,3,0.8316,1.1788,1.6697,0.5975,0.5023,0.0,-0.0717,-0.0179,0.0265,0.0494,0.0411,0.809,-0.1625,0.0052,0.5625,0.5975,0.5023,False
472713,Hickey,Brentford,DEF,16,0,1,0,108.3,679.0,0.0448,0.0083,1.837,7.9483,0.0,91.0,0.0396,0.0,2.5319,8.9011,0.0,1.5776,1.5818,1.4417,1.7833,0.0539,0.01,2.2105,9.5644,0.0,15.2038,0.44,0.17,9.03,51.0,0.0,105.0,12.6347,0.04,0.0,2.56,9.0,0.0,11.0,91.0,10.8791,45,a,1,0,1,1,1,Spurs,H,3,0.8316,1.1788,1.7284,0.5975,0.5023,0.0,-0.0717,-0.0179,0.033,0.0312,0.1115,0.809,-0.1625,0.0449,0.5625,0.5975,0.5023,False
570241,Ji-soo,Brentford,DEF,0,0,0,0,0.0,0.0,0.0,0.0,0.0,0.0,0.0,0.0,0.0,0.0,0.0,0.0,0.0,1.5776,1.5818,1.4417,1.7833,0.0,0.0,0.0,0.0,0.0,0.0,0.0,0.0,0.0,0.0,0.0,0.0,0.0,0.0,0.0,0.0,0.0,0.0,0.0,0.0,0.0,45,a,0,0,0,1,1,Spurs,H,3,0.8316,1.1788,0.0,0.0,0.0,0.0,0.0,0.0,0.0,0.0,0.0,0.0,0.0,0.0,0.0,0.0,0.0,False
513086,Schuster,Brentford,DEF,0,0,0,0,,,,,,,,,,,,,,1.5776,1.5818,1.4417,1.7833,,,,,,,,,,,,,,,,,,,,,,45,a,0,0,0,1,1,Spurs,H,3,0.8316,1.1788,0.0,0.0,0.0,0.0,0.0,0.0,0.0,0.0,0.0,0.0,0.0,0.0,0.0,0.0,0.0,False
513418,Schade,Brentford,MID,177,2,0,0,526.9,2744.0,0.3984,0.0484,1.5371,5.3555,0.0784,448.0,0.2571,0.0362,1.81,4.8214,0.0,1.5776,1.5818,1.4417,1.7833,2.3327,0.2834,8.9986,31.3534,0.4589,63.1487,12.08,2.05,40.05,190.0,5.0,385.0,10.7865,1.28,0.18,9.01,24.0,0.0,43.0,448.0,8.6384,60,a,0,2,2,1,1,Spurs,H,3,0.8316,1.1788,3.5132,0.945,0.8713,0.0,-0.1134,-0.0284,0.1189,0.1497,1.293,0.297,0.0,0.0189,0.9,0.945,0.8713,False
533463,O.Dango,Brentford,MID,95,1,0,0,507.4,2271.0,0.345,0.1962,1.5986,6.5042,0.6828,471.0,0.4701,0.0994,1.7197,4.7771,0.5732,1.5776,1.5818,1.4417,1.7833,1.9452,1.106,9.0127,36.6692,3.8496,100.4513,7.94,4.12,34.75,185.0,16.0,429.0,17.8175,2.46,0.52,9.0,25.0,3.0,82.0,471.0,15.6688,65,a,0,1,1,1,1,Spurs,H,3,0.8316,1.1788,3.7359,0.945,0.8713,0.0,-0.1134,-0.0284,0.134,0.4013,1.249,0.297,0.0,0.0402,0.9,0.945,0.8713,False
440089,Damsgaard,Brentford,MID,82,1,0,0,414.7,2046.0,0.1404,0.2537,1.4985,11.5803,0.5339,435.0,0.1552,0.269,1.5434,11.7931,0.6207,1.5776,1.5818,1.4417,1.7833,0.6469,1.1688,6.9049,53.3593,2.4602,99.945,2.6100000000000003,5.43,31.55,241.0,9.0,467.0,21.6905,0.75,1.3,7.46,57.0,3.0,99.0,435.0,20.4828,55,a,0,1,1,1,1,Spurs,H,3,0.8316,1.1788,3.3875,0.945,0.8713,0.0,-0.1134,-0.0284,0.3368,0.5404,0.5588,0.297,0.0,0.4282,0.9,0.945,0.8713,False
207283,Jensen,Brentford,MID,66,1,0,0,582.6,2239.0,0.0618,0.2552,1.5348,9.3278,0.0708,504.0,0.025,0.3268,1.7071,9.8214,0.1786,1.5776,1.5818,1.4417,1.7833,0.4003,1.6517,9.935,60.3821,0.4585,113.5905,2.21,6.0600000000000005,35.72,220.0,1.0,465.0,17.5475,0.14,1.83,9.56,55.0,1.0,107.0,504.0,19.1071,55,d,0,1,1,1,1,Spurs,H,3,0.8316,1.1788,2.9751,0.945,0.8713,0.0,-0.1134,-0.0284,0.1689,0.566,0.2886,0.297,0.0,0.2266,0.9,0.945,0.8713,False
204580,Janelt,Brentford,MID,180,2,0,0,288.0,1434.0,0.0355,0.1496,2.1338,10.4437,0.3054,181.0,0.0,0.1939,3.1823,9.4475,0.0,1.5776,1.5818,1.4417,1.7833,0.1136,0.4786,6.8282,33.4198,0.9772,62.5325,0.8200000000000001,2.27,26.62,183.0,6.0,334.0,19.5414,0.0,0.39,6.4,19.0,0.0,34.0,181.0,16.9061,50,a,0,2,2,1,1,Spurs,H,3,0.8316,1.1788,2.625,0.9175,0.818,0.0,-0.1101,-0.0275,0.203,0.3318,0.2336,0.2788,0.0,0.2281,0.85,0.9175,0.818,False
543295,Milambo,Brentford,MID,0,0,0,0,1.2,45.0,0.0,0.0225,2.94,7.8825,0.0,0.0,0.0,0.0,0.0,0.0,0.0,1.5776,1.5818,1.4417,1.7833,0.0,0.0003,0.0392,0.1051,0.0,0.1314,0.0,0.01,1.49,4.0,0.0,5.0,9.855,0.0,0.0,0.0,0.0,0.0,0.0,0.0,0.0,50,i,0,0,0,1,1,Spurs,H,3,0.8316,1.1788,0.0,0.0,0.0,0.0,0.0,0.0,0.0,0.0,0.0,0.0,0.0,0.0,0.0,0.0,0.0,False
244858,Carvalho,Brentford,MID,0,0,0,0,2.8,100.0,0.7586,0.0257,1.8,7.1068,1.0961,0.0,0.0,0.0,0.0,0.0,0.0,1.5776,1.5818,1.4417,1.7833,0.0236,0.0008,0.056,0.2211,0.0341,1.4775,0.7000000000000001,0.03,2.08,8.0,1.0,42.0,47.4911,0.0,0.0,0.0,0.0,0.0,0.0,0.0,0.0,50,a,0,0,0,1,1,Spurs,H,3,0.8316,1.1788,0.0,0.0,0.0,0.0,0.0,0.0,0.0,0.0,0.0,0.0,0.0,0.0,0.0,0.0,0.0,False
508395,Yarmoliuk,Brentford,MID,44,0,1,0,500.9,2652.0,0.028,0.0394,1.409,12.0345,0.1068,436.0,0.0062,0.0268,1.4986,12.5917,0.2064,1.5776,1.5818,1.4417,1.7833,0.1557,0.2191,7.842,66.9786,0.5946,89.07,1.22,1.39,40.31,338.0,1.0,448.0,16.0038,0.03,0.13,7.26,61.0,1.0,84.0,436.0,17.3394,50,a,1,0,1,1,1,Spurs,H,3,0.8316,1.1788,1.7206,0.8212,0.544,0.0,-0.0985,-0.0246,0.078,0.0855,0.1161,0.219,0.0,0.1689,0.675,0.8212,0.544,False
183656,Dasilva,Brentford,MID,0,0,0,0,1.1,2.0,3.8945,0.0,2.2745,48.6491,0.0,2.0,3.6,0.0,2.25,45.0,0.0,1.5776,1.5818,1.4417,1.7833,0.0476,0.0,0.0278,0.5946,0.0,2.7838,0.08,0.0,0.05,1.0,0.0,5.0,227.7655,0.08,0.0,0.05,1.0,0.0,5.0,2.0,225.0,50,a,0,0,0,1,1,Spurs,H,3,0.8316,1.1788,0.5041,0.4504,0.0026,0.0,-0.054,-0.0135,0.0313,0.0374,0.0688,0.0012,0.0,0.0,0.0007,0.4504,0.0026,False
444180,Anthony,Brentford,MID,83,1,0,0,593.1,2717.0,0.1545,0.0878,1.8776,6.9516,0.0604,519.0,0.1387,0.0468,1.6491,5.3757,0.0,1.5776,1.5818,1.4417,1.7833,1.0181,0.5783,12.3737,45.8108,0.3981,105.8523,5.11,2.85,59.0,232.0,6.0,513.0,16.0626,0.8,0.27,9.51,31.0,0.0,89.0,519.0,15.4335,60,a,0,1,1,1,1,Spurs,H,3,0.8316,1.1788,2.8673,0.945,0.8713,0.0,-0.1134,-0.0284,0.1161,0.2148,0.5849,0.297,0.0,0.0593,0.9,0.945,0.8713,False
502500,Thiago,Brentford,FWD,172,2,0,0,668.1,3282.0,0.4953,0.0499,1.5917,6.2363,0.3966,540.0,0.275,0.0183,1.7833,5.8333,0.0,1.5776,1.5818,1.4417,1.7833,3.6769,0.3701,11.8155,46.294,2.9439,115.7445,20.6,1.83,53.17,214.0,22.0,710.0,15.592,1.65,0.11,10.7,35.0,0.0,42.0,540.0,7.0,80,a,0,2,2,1,1,Spurs,H,3,0.8316,1.1788,3.2205,0.945,0.8713,0.0,-0.1134,-0.0284,0.2113,0.1396,1.3531,0.0,0.0,0.0321,0.9,0.945,0.8713,False
593174,Furo,Brentford,FWD,0,0,0,0,0.5,1.0,0.0,0.0,1.8,0.0,0.0,1.0,0.0,0.0,1.8,0.0,0.0,1.5776,1.5818,1.4417,1.7833,0.0,0.0,0.01,0.0,0.0,1.0,0.0,0.0,0.02,0.0,0.0,2.0,180.0,0.0,0.0,0.02,0.0,0.0,2.0,1.0,180.0,45,a,0,0,0,1,1,Spurs,H,3,0.8316,1.1788,0.4145,0.4502,0.0024,0.0,-0.054,-0.0135,0.0337,0.0374,0.1164,0.0,0.0,0.0,0.0004,0.4502,0.0024,False
75115,Wilson,Brentford,FWD,9,0,1,0,232.8,1234.0,0.5962,0.0684,1.4584,2.8165,0.1901,189.0,0.5333,0.081,1.2714,1.9048,0.0,1.5776,1.5818,1.4417,1.7833,1.5423,0.177,3.7725,7.2854,0.4916,56.9256,7.6,0.54,21.49,41.0,7.0,296.0,22.0073,1.12,0.1699999999999999,2.67,4.0,0.0,68.0,189.0,32.381,55,a,1,0,1,1,1,Spurs,H,3,0.8316,1.1788,2.0113,0.7594,0.4537,0.0,-0.0911,-0.0228,0.0698,0.1207,0.8796,0.0,0.0,0.0,0.5625,0.7594,0.4537,False
513545,M.Sangaré,Brentford,MID,165,2,0,0,,,,,,,,,,,,,,1.5776,1.5818,1.4417,1.7833,,,,,,,,,,,,,,,,,,,,,,57,a,0,2,2,1,1,Spurs,H,3,0.8316,1.1788,1.9097,0.9175,0.4678,0.0,-0.1101,-0.0275,0.1284,0.1238,0.2063,0.2235,0.0,0.0,0.85,0.9175,0.4678,False
613804,Diouf,Brentford,DEF,0,0,0,0,574.8,2706.0,0.015,0.099,1.4164,6.2687,0.077,523.0,0.0138,0.1101,1.5161,5.8509,0.0,1.5776,1.5818,1.4417,1.7833,0.0958,0.6321,9.0462,40.036,0.4915,101.5441,0.5700000000000001,2.51,43.65,205.0,3.0,381.0,15.8994,0.08,0.64,8.809999999999999,34.0,0.0,93.0,523.0,16.0038,45,a,0,0,0,1,1,Spurs,H,3,0.8316,1.1788,0.5434,0.2488,0.1641,0.0,-0.0299,-0.0075,0.0063,0.0384,0.0176,0.2643,-0.0547,0.0048,0.1835,0.2488,0.1641,False
489639,Verbruggen,Brighton,GK,180,2,0,0,673.6,3420.0,0.0,0.0017,1.1977,0.0,0.1634,540.0,0.0,0.0017,1.1933,0.0,0.0,1.6378,1.2471,1.988,1.358,0.0,0.0128,8.9642,0.0,1.2228,119.567,0.0,0.06,49.06,0.0,6.0,616.0,15.9754,0.0,0.01,7.16,0.0,0.0,76.0,540.0,12.6667,45,a,0,2,2,1,1,Aston Villa,H,3,1.039,1.1552,3.8019,0.96,0.9453,0.8703,-0.1152,-0.0288,0.4425,0.0044,0.0,1.3146,-0.3452,0.0,0.95,0.96,0.9453,False
49262,Steele,Brighton,GK,0,0,0,0,0.0,0.0,0.0,0.0,0.0,0.0,0.0,0.0,0.0,0.0,0.0,0.0,0.0,1.6378,1.2471,1.988,1.358,0.0,0.0,0.0,0.0,0.0,0.0,0.0,0.0,0.0,0.0,0.0,0.0,0.0,0.0,0.0,0.0,0.0,0.0,0.0,0.0,0.0,40,a,0,0,0,1,1,Aston Villa,H,3,1.039,1.1552,0.0,0.0,0.0,0.0,0.0,0.0,0.0,0.0,0.0,0.0,0.0,0.0,0.0,0.0,0.0,False
231416,F.Kadıoğlu,Brighton,DEF,90,1,0,0,663.0,3130.0,0.059,0.1065,1.1928,4.5995,0.2368,540.0,0.0767,0.1467,1.1933,3.6667,0.5,1.6378,1.2471,1.988,1.358,0.435,0.7844,8.787,33.8829,1.7446,110.5838,2.06,3.31,44.61,170.0,7.0,514.0,15.0114,0.46,0.88,7.16,22.0,3.0,82.0,540.0,13.6667,44,a,0,1,1,1,1,Aston Villa,H,3,1.039,1.1552,3.2419,0.908,0.8808,0.0,-0.109,-0.0272,0.1496,0.2986,0.3471,1.2249,-0.327,0.0306,0.9,0.908,0.8808,False
204120,Boscagli,Brighton,DEF,180,2,0,0,236.4,799.0,0.0031,0.0478,1.2863,8.6255,0.3736,270.0,0.0,0.0467,1.54,6.6667,0.0,1.6378,1.2471,1.988,1.358,0.0081,0.1256,3.3786,22.6562,0.9813,48.4866,0.05,0.47,10.87,78.0,4.0,171.0,18.4594,0.0,0.14,4.62,20.0,0.0,47.0,270.0,15.6667,45,a,0,2,2,1,1,Aston Villa,H,3,1.039,1.1552,2.8023,0.862,0.8319,0.0,-0.1034,-0.0259,0.2425,0.1321,0.1192,1.1569,-0.3089,0.2921,0.85,0.862,0.8319,False
465730,De Cuyper,Brighton,DEF,167,2,0,0,255.8,1404.0,0.0681,0.4411,1.3697,4.2514,0.7304,259.0,0.0382,0.6707,1.1293,4.5174,1.0425,1.6378,1.2471,1.988,1.358,0.1935,1.2536,3.893,12.0833,2.076,69.8721,1.66,4.08,24.09,64.0,9.0,318.0,24.5836,0.11,1.93,3.25,13.0,3.0,90.0,259.0,31.2741,47,a,0,2,2,1,1,Aston Villa,H,3,1.039,1.1552,3.9613,0.862,0.8319,0.0,-0.1034,-0.0259,0.3724,0.9531,0.3272,1.1569,-0.3089,0.042,0.85,0.862,0.8319,False
83299,Dunk,Brighton,DEF,180,2,0,0,479.9,2837.0,0.0881,0.0203,1.2401,6.8275,0.3869,272.0,0.1754,0.0165,1.1879,4.6324,0.6618,1.6378,1.2471,1.988,1.358,0.4698,0.1081,6.6126,36.4059,2.0631,84.6521,1.83,0.56,41.9,231.0,5.0,443.0,15.8756,0.53,0.05,3.59,14.0,2.0,54.0,272.0,17.8676,45,a,0,2,2,1,1,Aston Villa,H,3,1.039,1.1552,3.2288,0.908,0.8808,0.0,-0.109,-0.0272,0.186,0.0714,0.5249,1.2249,-0.327,0.1438,0.9,0.908,0.8808,False
550090,Coppola,Brighton,DEF,0,0,0,0,20.0,193.0,0.0,0.005,2.2014,7.4691,0.0,0.0,0.0,0.0,0.0,0.0,0.0,1.6378,1.2471,1.988,1.358,0.0,0.0011,0.4892,1.6598,0.0,2.9712,0.0,0.01,4.52,18.0,0.0,32.0,13.3704,0.0,0.0,0.0,0.0,0.0,0.0,0.0,0.0,45,a,0,0,0,1,1,Aston Villa,H,3,1.039,1.1552,0.0,0.0,0.0,0.0,0.0,0.0,0.0,0.0,0.0,0.0,0.0,0.0,0.0,0.0,0.0,False
223434,Igor,Brighton,DEF,0,0,0,0,6.9,103.0,0.0,0.0,4.0917,11.4835,0.0,0.0,0.0,0.0,0.0,0.0,0.0,1.6378,1.2471,1.988,1.358,0.0,0.0,0.3137,0.8804,0.0,0.5718,0.0,0.0,4.66,13.0,0.0,10.0,7.4583,0.0,0.0,0.0,0.0,0.0,0.0,0.0,0.0,45,u,0,0,0,1,1,Aston Villa,H,3,1.039,1.1552,0.0,0.0,0.0,0.0,0.0,0.0,0.0,0.0,0.0,0.0,0.0,0.0,0.0,0.0,0.0,False
451490,Costinha,Brighton,DEF,36,0,1,0,,,,,,,,,,,,,,1.6378,1.2471,1.988,1.358,,,,,,,,,,,,,,,,,,,,,,45,a,1,0,1,1,1,Aston Villa,H,3,1.039,1.1552,1.7956,0.5975,0.4896,0.0,-0.0717,-0.0179,0.05,0.0693,0.1386,0.802,-0.1577,0.0483,0.5625,0.5975,0.4896,False
454490,Svoboda,Brighton,DEF,0,0,0,0,,,,,,,,,,,,,,1.6378,1.2471,1.988,1.358,,,,,,,,,,,,,,,,,,,,,,50,a,0,0,0,1,1,Aston Villa,H,3,1.039,1.1552,0.0,0.0,0.0,0.0,0.0,0.0,0.0,0.0,0.0,0.0,0.0,0.0,0.0,0.0,0.0,False
451340,Mitoma,Brighton,MID,0,0,0,0,334.6,1714.0,0.2489,0.155,1.2498,6.4266,0.08,282.0,0.2457,0.0862,1.5287,7.0213,0.0,1.6378,1.2471,1.988,1.358,0.9254,0.5761,4.6466,23.8927,0.2973,51.8006,4.04,2.74,23.76,107.0,2.0,247.0,13.9332,0.77,0.27,4.79,22.0,0.0,55.0,282.0,17.5532,60,i,0,0,0,1,1,Aston Villa,H,3,1.039,1.1552,0.0,0.0,0.0,0.0,0.0,0.0,0.0,0.0,0.0,0.0,0.0,0.0,0.0,0.0,0.0,False
592031,Minteh,Brighton,MID,0,0,0,0,452.9,2389.0,0.1149,0.2218,1.1599,6.7905,0.2994,481.0,0.1048,0.1796,1.0834,6.1746,0.1871,1.6378,1.2471,1.988,1.358,0.5783,1.1159,5.8371,34.1713,1.5065,87.1348,3.81,5.0600000000000005,34.09,185.0,9.0,466.0,17.3154,0.56,0.96,5.79,33.0,1.0,83.0,481.0,15.5301,59,i,0,0,0,1,1,Aston Villa,H,3,1.039,1.1552,0.0,0.0,0.0,0.0,0.0,0.0,0.0,0.0,0.0,0.0,0.0,0.0,0.0,0.0,0.0,False
532529,Hinshelwood,Brighton,MID,63,1,0,0,495.6,1736.0,0.3269,0.1499,1.1827,4.613,0.0394,492.0,0.4152,0.0841,1.0537,2.9268,0.0,1.6378,1.2471,1.988,1.358,1.8003,0.8253,6.5129,25.4025,0.2168,87.933,4.94,2.34,27.83,114.0,2.0,317.0,15.9685,2.27,0.46,5.76,16.0,0.0,99.0,492.0,18.1098,60,d,0,1,1,1,1,Aston Villa,H,3,1.039,1.1552,3.5918,0.8969,0.7813,0.0,-0.1076,-0.0269,0.122,0.373,1.3015,0.2716,0.0,0.01,0.8125,0.8969,0.7813,False
60307,Groß,Brighton,MID,180,2,0,0,554.0,1636.0,0.0795,0.2205,1.114,7.6169,0.5584,540.0,0.1017,0.2267,1.1933,6.5,1.0,1.6378,1.2471,1.988,1.358,0.4894,1.357,6.857,46.8862,3.4373,133.3467,1.39,3.95,20.36,145.0,10.0,389.0,21.6628,0.61,1.36,7.16,39.0,6.0,139.0,540.0,23.1667,55,a,0,2,2,1,1,Aston Villa,H,3,1.039,1.1552,3.1522,0.9175,0.8173,0.0,-0.1101,-0.0275,0.2679,0.5595,0.4635,0.2842,0.0,0.1118,0.85,0.9175,0.8173,False
463067,Georginio,Brighton,FWD,90,1,0,0,245.4,1776.0,0.2172,0.2042,1.0206,7.5744,0.0501,162.0,0.3444,0.3889,1.0333,6.1111,0.0,1.6378,1.2471,1.988,1.358,0.5921,0.5567,2.7829,20.6528,0.1366,48.4852,2.9,2.9,21.59,131.0,2.0,290.0,17.7819,0.62,0.7,1.86,11.0,0.0,55.0,162.0,30.5556,55,d,0,1,1,1,1,Aston Villa,H,3,1.039,1.1552,3.0123,0.8969,0.7813,0.0,-0.1076,-0.0269,0.1764,0.5415,0.9087,0.0,0.0,0.0818,0.8125,0.8969,0.7813,False
219249,O'Riley,Brighton,MID,0,0,0,0,13.6,202.0,0.2171,0.0437,1.1918,4.4418,0.3481,16.0,0.0,0.0,0.675,5.625,0.0,1.6378,1.2471,1.988,1.358,0.0328,0.0066,0.1801,0.6712,0.0526,4.9866,1.21,0.18,2.53,10.0,2.0,48.0,32.9996,0.0,0.0,0.12,1.0,0.0,6.0,16.0,33.75,55,a,0,0,0,1,1,Aston Villa,H,3,1.039,1.1552,0.5348,0.4531,0.0053,0.0,-0.0544,-0.0136,0.0343,0.0381,0.0895,0.0026,0.0,0.0,0.0056,0.4531,0.0053,False
514254,Gomez,Brighton,MID,175,2,0,0,366.4,2117.0,0.3028,0.0727,1.1966,11.1148,0.3553,102.0,0.8206,0.0176,1.4824,11.4706,0.0,1.6378,1.2471,1.988,1.358,1.2329,0.296,4.8713,45.2495,1.4464,55.8762,6.24,1.72,29.35,238.0,9.0,361.0,13.725,0.93,0.02,1.68,13.0,0.0,2.0,102.0,1.7647,50,a,0,2,2,1,1,Aston Villa,H,3,1.039,1.1552,2.5454,0.945,0.4952,0.0,-0.1134,-0.0284,0.0814,0.1384,0.8073,0.2399,0.0,0.0589,0.9,0.945,0.4952,False
536916,Buonanotte,Brighton,MID,0,0,0,0,13.9,81.0,0.1295,0.7873,4.4858,7.1495,0.0,12.0,0.15,1.35,4.875,7.5,0.0,1.6378,1.2471,1.988,1.358,0.02,0.1216,0.6928,1.1042,0.0,2.9228,0.06,0.2799999999999999,2.51,6.0,0.0,9.0,18.9246,0.02,0.18,0.65,1.0,0.0,4.0,12.0,30.0,50,u,0,0,0,1,1,Aston Villa,H,3,1.039,1.1552,0.0,0.0,0.0,0.0,0.0,0.0,0.0,0.0,0.0,0.0,0.0,0.0,0.0,0.0,0.0,False
509416,Ayari,Brighton,MID,63,1,0,0,232.6,1921.0,0.1109,0.0491,1.1982,10.5734,0.3414,111.0,0.073,0.0081,1.0135,4.8649,0.0,1.6378,1.2471,1.988,1.358,0.2865,0.1268,3.0966,27.3263,0.8824,54.774,2.7,1.15,26.85,225.0,7.0,406.0,21.1937,0.09,0.01,1.25,6.0,0.0,17.0,111.0,13.7838,55,d,0,1,1,1,1,Aston Villa,H,3,1.039,1.1552,3.0865,0.945,0.8652,0.0,-0.1134,-0.0284,0.3706,0.1996,0.567,0.3008,0.0,0.3886,0.9,0.945,0.8652,False
467779,Wieffer,Brighton,DEF,156,2,0,0,352.7,1901.0,0.089,0.0575,1.1002,10.6539,0.3451,242.0,0.0,0.026,1.1901,5.2066,0.0,1.6378,1.2471,1.988,1.358,0.3486,0.2254,4.3116,41.7513,1.3523,70.7572,1.92,1.86,23.95,269.0,6.0,398.0,18.0554,0.0,0.07,3.2,14.0,0.0,24.0,242.0,8.9256,50,a,0,2,2,1,1,Aston Villa,H,3,1.039,1.1552,3.3406,0.908,0.8808,0.0,-0.109,-0.0272,0.3302,0.1517,0.4121,1.2249,-0.327,0.5019,0.9,0.908,0.8808,False
597320,Howell,Brighton,MID,0,0,0,0,20.6,92.0,0.0,0.0284,0.9878,7.6535,0.0,0.0,0.0,0.0,0.0,0.0,0.0,1.6378,1.2471,1.988,1.358,0.0,0.0065,0.2261,1.7518,0.0,2.5437,0.0,0.03,1.04,7.0,0.0,11.0,11.1133,0.0,0.0,0.0,0.0,0.0,0.0,0.0,0.0,45,u,0,0,0,1,1,Aston Villa,H,3,1.039,1.1552,0.0,0.0,0.0,0.0,0.0,0.0,0.0,0.0,0.0,0.0,0.0,0.0,0.0,0.0,0.0,False
549074,Watson,Brighton,MID,0,0,0,0,4.4,57.0,0.043,0.0573,3.3873,9.3068,0.0,0.0,0.0,0.0,0.0,0.0,0.0,1.6378,1.2471,1.988,1.358,0.0021,0.0028,0.1656,0.455,0.0,1.1171,0.04,0.03,1.7200000000000002,5.0,0.0,15.0,22.8498,0.0,0.0,0.0,0.0,0.0,0.0,0.0,0.0,50,u,0,0,0,1,1,Aston Villa,H,3,1.039,1.1552,0.0,0.0,0.0,0.0,0.0,0.0,0.0,0.0,0.0,0.0,0.0,0.0,0.0,0.0,0.0,False
556637,Oriola,Brighton,MID,0,0,0,0,0.1,1.0,0.0,0.0,0.0,0.0,0.0,0.0,0.0,0.0,0.0,0.0,0.0,1.6378,1.2471,1.988,1.358,0.0,0.0,0.0,0.0,0.0,0.1719,0.0,0.0,0.0,0.0,0.0,3.0,154.71,0.0,0.0,0.0,0.0,0.0,0.0,0.0,0.0,45,a,0,0,0,1,1,Aston Villa,H,3,1.039,1.1552,0.0,0.0,0.0,0.0,0.0,0.0,0.0,0.0,0.0,0.0,0.0,0.0,0.0,0.0,0.0,False
700308,Yohanna,Brighton,MID,12,0,1,0,,,,,,,,,,,,,,1.6378,1.2471,1.988,1.358,,,,,,,,,,,,,,,,,,,,,,50,a,1,0,1,1,1,Aston Villa,H,3,1.039,1.1552,1.9509,0.7594,0.4306,0.0,-0.0911,-0.0228,0.0945,0.234,0.39,0.1763,0.0,0.0008,0.5625,0.7594,0.4306,False
608181,Tzimas,Brighton,FWD,0,0,0,0,7.5,132.0,0.2556,0.0732,1.608,10.4196,0.0,0.0,0.0,0.0,0.0,0.0,0.0,1.6378,1.2471,1.988,1.358,0.0213,0.0061,0.134,0.8683,0.0,3.3444,0.44,0.11,2.59,15.0,0.0,55.0,40.1328,0.0,0.0,0.0,0.0,0.0,0.0,0.0,0.0,55,i,0,0,0,1,1,Aston Villa,H,3,1.039,1.1552,0.0,0.0,0.0,0.0,0.0,0.0,0.0,0.0,0.0,0.0,0.0,0.0,0.0,0.0,0.0,False
647850,Kostoulas,Brighton,FWD,105,1,0,0,77.6,351.0,0.5217,0.24,1.5909,7.942,0.564,59.0,0.6407,0.4729,2.1661,4.5763,0.0,1.6378,1.2471,1.988,1.358,0.4498,0.2069,1.3717,6.8478,0.4863,25.2273,2.12,0.54,6.04,41.0,3.0,140.0,29.2585,0.42,0.31,1.4200000000000002,3.0,0.0,23.0,59.0,35.0847,55,a,0,1,1,1,1,Aston Villa,H,3,1.039,1.1552,2.5545,0.8969,0.4473,0.0,-0.1076,-0.0269,0.2104,0.3269,0.9656,0.0,0.0,0.0004,0.8125,0.8969,0.4473,False
487117,Ferguson,Brighton,FWD,0,0,0,0,0.0,0.0,0.0,0.0,0.0,0.0,0.0,0.0,0.0,0.0,0.0,0.0,0.0,1.6378,1.2471,1.988,1.358,0.0,0.0,0.0,0.0,0.0,0.0,0.0,0.0,0.0,0.0,0.0,0.0,0.0,0.0,0.0,0.0,0.0,0.0,0.0,0.0,0.0,50,i,0,0,0,1,1,Aston Villa,H,3,1.039,1.1552,0.0,0.0,0.0,0.0,0.0,0.0,0.0,0.0,0.0,0.0,0.0,0.0,0.0,0.0,0.0,False
222694,Struijk,Brighton,DEF,0,0,0,0,562.5,2935.0,0.0777,0.0252,1.3196,8.781,0.0975,415.0,0.0564,0.0087,1.3164,8.241,0.2169,1.6378,1.2471,1.988,1.358,0.4859,0.1573,8.2474,54.8815,0.6093,81.545,3.06,0.76,42.92,297.0,4.0,412.0,13.0472,0.26,0.04,6.069999999999999,38.0,1.0,53.0,415.0,11.494,50,a,0,0,0,1,1,Aston Villa,H,3,1.039,1.1552,0.4464,0.214,0.127,0.0,-0.0257,-0.0064,0.0049,0.0115,0.0597,0.208,-0.0427,0.0236,0.1456,0.214,0.127,False
610799,Vuskovic,Brighton,DEF,180,2,0,0,0.0,0.0,0.0,0.0,0.0,0.0,0.0,0.0,0.0,0.0,0.0,0.0,0.0,1.6378,1.2471,1.988,1.358,0.0,0.0,0.0,0.0,0.0,0.0,0.0,0.0,0.0,0.0,0.0,0.0,0.0,0.0,0.0,0.0,0.0,0.0,0.0,0.0,0.0,50,a,0,2,2,1,1,Aston Villa,H,3,1.039,1.1552,2.1584,0.862,0.4676,0.0,-0.1034,-0.0259,0.1163,0.049,0.098,0.906,-0.1072,0.0032,0.85,0.862,0.4676,False
538007,David,Brighton,FWD,10,0,1,0,,,,,,,,,,,,,,1.6378,1.2471,1.988,1.358,,,,,,,,,,,,,,,,,,,,,,60,a,1,0,1,1,1,Aston Villa,H,3,1.039,1.1552,1.9856,0.7594,0.4306,0.0,-0.0911,-0.0228,0.1017,0.2349,0.7309,0.0,0.0,0.0,0.5625,0.7594,0.4306,False
612855,Osman,Brighton,MID,28,0,1,0,,,,,,,,,,,,,,1.6378,1.2471,1.988,1.358,,,,,,,,,,,,,,,,,,,,,,50,a,1,0,1,1,1,Aston Villa,H,3,1.039,1.1552,1.931,0.7594,0.4306,0.0,-0.0911,-0.0228,0.0935,0.2269,0.3782,0.1763,0.0,0.0007,0.5625,0.7594,0.4306,False
611695,Yalcouyé,Brighton,MID,77,1,0,0,0.0,0.0,0.0,0.0,0.0,0.0,0.0,0.0,0.0,0.0,0.0,0.0,0.0,1.6378,1.2471,1.988,1.358,0.0,0.0,0.0,0.0,0.0,0.0,0.0,0.0,0.0,0.0,0.0,0.0,0.0,0.0,0.0,0.0,0.0,0.0,0.0,0.0,0.0,45,a,0,1,1,1,1,Aston Villa,H,3,1.039,1.1552,2.0015,0.8969,0.4473,0.0,-0.1076,-0.0269,0.136,0.1722,0.287,0.2167,0.0,0.0001,0.8125,0.8969,0.4473,False
512123,Hadjam,Brighton,DEF,0,0,0,0,,,,,,,,,,,,,,1.6378,1.2471,1.988,1.358,,,,,,,,,,,,,,,,,,,,,,45,a,0,0,0,1,1,Aston Villa,H,3,1.039,1.1552,0.0,0.0,0.0,0.0,0.0,0.0,0.0,0.0,0.0,0.0,0.0,0.0,0.0,0.0,0.0,False
519324,Cozier-Duberry,Brighton,MID,0,0,0,0,,,,,,,,,,,,,,1.6378,1.2471,1.988,1.358,,,,,,,,,,,,,,,,,,,,,,50,u,0,0,0,1,1,Aston Villa,H,3,1.039,1.1552,0.0,0.0,0.0,0.0,0.0,0.0,0.0,0.0,0.0,0.0,0.0,0.0,0.0,0.0,0.0,False
592984,Andrés,Brighton,MID,0,0,0,0,,,,,,,,,,,,,,1.6378,1.2471,1.988,1.358,,,,,,,,,,,,,,,,,,,,,,55,a,0,0,0,1,1,Aston Villa,H,3,1.039,1.1552,2.2072,0.8075,0.4973,0.0,-0.0969,-0.0242,0.1209,0.2696,0.4494,0.2036,0.0,0.0011,0.65,0.8075,0.4973,False
98980,Martinez,Chelsea,GK,90,1,0,0,556.1,2835.0,0.0,0.003,1.4142,0.0,0.3451,450.0,0.0,0.004,1.424,0.0,0.2,1.6447,1.4876,1.216,1.662,0.0,0.0183,8.7379,0.0,2.1321,99.466,0.0,0.08,42.92,0.0,11.0,530.0,16.0977,0.0,0.02,7.12,0.0,1.0,77.0,450.0,15.4,50,a,0,1,1,1,1,Fulham,A,3,0.8569,1.4851,3.4414,0.96,0.9453,0.961,-0.1152,-0.0288,0.4451,0.0066,0.0,1.0031,-0.4897,0.0,0.95,0.96,0.9453,False
244850,Rogers,Chelsea,MID,171,2,0,0,606.9,3280.0,0.1993,0.1297,1.4165,6.6319,0.5266,450.0,0.174,0.162,1.424,6.2,0.8,1.6447,1.4876,1.216,1.662,1.3442,0.8747,9.552,44.7208,3.5508,118.9322,6.84,4.32,51.55,230.0,17.0,605.0,17.637,0.87,0.81,7.12,31.0,4.0,99.0,450.0,19.8,75,a,0,2,2,1,1,Fulham,A,3,0.8569,1.4851,3.1359,0.945,0.8637,0.0,-0.1134,-0.0284,0.1817,0.3289,0.7493,0.2291,0.0,0.0978,0.9,0.945,0.8637,False
56979,Henderson,Chelsea,MID,0,0,0,0,274.5,1911.0,0.0092,0.09,1.5003,8.5595,0.112,97.0,0.0,0.0557,2.0505,4.6392,0.0,1.6447,1.4876,1.216,1.662,0.0282,0.2746,4.5758,26.1065,0.3417,44.7514,0.33,2.31,28.16,183.0,5.0,343.0,14.6726,0.0,0.06,2.21,5.0,0.0,11.0,97.0,10.2062,50,d,0,0,0,1,1,Fulham,A,3,0.8569,1.4851,0.4855,0.4687,0.0278,0.0,-0.0562,-0.0141,0.0167,0.0326,0.0211,0.009,0.0,0.0028,0.034,0.4687,0.0278,False
50175,Welbeck,Chelsea,FWD,0,0,0,0,463.5,2249.0,0.4316,0.0524,1.2251,4.7721,0.6702,358.0,0.2564,0.0226,1.3098,4.5251,0.2514,1.6447,1.4876,1.216,1.662,2.2227,0.2701,6.3094,24.5763,3.4515,103.5002,12.36,1.4,31.68,112.0,18.0,511.0,20.0971,1.02,0.09,5.21,18.0,1.0,72.0,358.0,18.1006,59,a,0,0,0,1,1,Fulham,A,3,0.8569,1.4851,0.6929,0.5191,0.0966,0.0,-0.0623,-0.0156,0.0202,0.0339,0.259,0.0,0.0,0.0002,0.1256,0.5191,0.0966,False
215059,Sánchez,Chelsea,GK,90,1,0,0,570.3,3040.0,0.0,0.0009,1.5609,0.0,0.1227,426.0,0.0,0.0,1.6986,0.0,0.0,1.6447,1.4876,1.216,1.662,0.0,0.0054,9.8909,0.0,0.7778,80.0991,0.0,0.04,48.64,0.0,7.0,509.0,12.6406,0.0,0.0,8.04,0.0,0.0,40.0,426.0,8.4507,49,u,0,1,1,1,1,Fulham,A,3,0.8569,1.4851,0.0,0.0,0.0,0.0,0.0,0.0,0.0,0.0,0.0,0.0,0.0,0.0,0.0,0.0,0.0,False
508479,Jörgensen,Chelsea,GK,0,0,0,0,103.2,378.0,0.0,0.0,0.6442,0.0,0.0,114.0,0.0,0.0,0.4421,0.0,0.0,1.6447,1.4876,1.216,1.662,0.0,0.0,0.7387,0.0,0.0,15.109,0.0,0.0,4.12,0.0,0.0,50.0,13.1765,0.0,0.0,0.56,0.0,0.0,15.0,114.0,11.8421,50,u,0,0,0,1,1,Fulham,A,3,0.8569,1.4851,0.0,0.0,0.0,0.0,0.0,0.0,0.0,0.0,0.0,0.0,0.0,0.0,0.0,0.0,0.0,False
225796,James,Chelsea,DEF,112,1,0,0,269.6,1957.0,0.0421,0.1494,1.1256,5.5145,0.4162,65.0,0.0277,0.0692,0.7062,5.5385,0.0,1.6447,1.4876,1.216,1.662,0.1262,0.4475,3.3717,16.519,1.2469,62.7684,1.04,3.2,28.75,128.0,11.0,493.0,20.9538,0.02,0.05,0.51,4.0,0.0,14.0,65.0,19.3846,55,a,0,1,1,1,1,Fulham,A,3,0.8569,1.4851,2.5403,0.908,0.6292,0.0,-0.109,-0.0272,0.2436,0.2106,0.145,0.9382,-0.294,0.0094,0.9,0.908,0.6292,False
180736,Chalobah,Chelsea,DEF,0,0,0,0,431.6,2780.0,0.0381,0.0262,1.4194,8.0316,0.1039,230.0,0.0548,0.0078,1.8313,6.2609,0.0,1.6447,1.4876,1.216,1.662,0.1828,0.1255,6.8069,38.5158,0.4984,61.7225,1.44,1.03,40.83,265.0,7.0,516.0,12.8708,0.14,0.02,4.68,16.0,0.0,23.0,230.0,9.0,55,u,0,0,0,1,1,Fulham,A,3,0.8569,1.4851,0.0,0.0,0.0,0.0,0.0,0.0,0.0,0.0,0.0,0.0,0.0,0.0,0.0,0.0,0.0,False
482609,Gusto,Chelsea,DEF,165,2,0,0,479.8,2255.0,0.0359,0.1749,1.4599,4.8897,0.106,434.0,0.0207,0.224,1.4122,4.7696,0.0,1.6447,1.4876,1.216,1.662,0.1916,0.9326,7.783,26.0674,0.5651,61.8525,1.56,2.97,37.13,126.0,7.0,406.0,11.6022,0.1,1.08,6.8100000000000005,23.0,0.0,40.0,434.0,8.2949,50,a,0,2,2,1,1,Fulham,A,3,0.8569,1.4851,2.6526,0.908,0.88,0.0,-0.109,-0.0272,0.0911,0.3697,0.174,0.9338,-0.4638,0.0568,0.9,0.908,0.88,False
444463,Fofana,Chelsea,DEF,67,1,0,0,420.0,1718.0,0.0376,0.0255,1.3896,10.0342,0.0603,356.0,0.0303,0.0051,1.3146,8.0899,0.0,1.6447,1.4876,1.216,1.662,0.1757,0.1192,6.485,46.8262,0.2812,49.1674,0.72,0.6,25.81,206.0,3.0,288.0,10.5359,0.12,0.02,5.2,32.0,0.0,33.0,356.0,8.3427,50,a,0,1,1,1,1,Fulham,A,3,0.8569,1.4851,2.1422,0.8275,0.7945,0.0,-0.0993,-0.0248,0.0909,0.0627,0.1708,0.8431,-0.4191,0.4399,0.8125,0.8275,0.7945,False
242880,B.Badiashile,Chelsea,DEF,0,0,0,0,56.7,470.0,0.0,0.011,1.3252,10.221,0.0,0.0,0.0,0.0,0.0,0.0,0.0,1.6447,1.4876,1.216,1.662,0.0,0.0069,0.8349,6.4392,0.0,6.4372,0.0,0.06,7.41,48.0,0.0,48.0,10.2178,0.0,0.0,0.0,0.0,0.0,0.0,0.0,0.0,45,u,0,0,0,1,1,Fulham,A,3,0.8569,1.4851,0.0,0.0,0.0,0.0,0.0,0.0,0.0,0.0,0.0,0.0,0.0,0.0,0.0,0.0,0.0,False
551210,Hato,Chelsea,DEF,154,2,0,0,371.8,1139.0,0.0132,0.0457,1.4684,7.8357,0.0,411.0,0.0,0.0263,1.3336,7.6642,0.0,1.6447,1.4876,1.216,1.662,0.0546,0.1889,6.0662,32.3701,0.0,33.7726,0.3,0.61,18.5,99.0,0.0,93.0,8.1752,0.0,0.12,6.09,35.0,0.0,44.0,411.0,9.635,45,a,0,2,2,1,1,Fulham,A,3,0.8569,1.4851,2.1951,0.862,0.8311,0.0,-0.1034,-0.0259,0.0841,0.1007,0.1069,0.8819,-0.4383,0.2634,0.85,0.862,0.8311,False
460028,Colwill,Chelsea,DEF,161,2,0,0,129.9,225.0,0.0,0.0522,1.3707,10.3422,0.0,225.0,0.0,0.048,1.344,10.0,0.0,1.6447,1.4876,1.216,1.662,0.0,0.0753,1.9784,14.9272,0.0,17.4146,0.0,0.12,3.3600000000000003,25.0,0.0,30.0,12.0655,0.0,0.12,3.3600000000000003,25.0,0.0,30.0,225.0,12.0,50,a,0,2,2,1,1,Fulham,A,3,0.8569,1.4851,2.2871,0.862,0.8311,0.0,-0.1034,-0.0259,0.1159,0.1132,0.1545,0.8819,-0.4383,0.3752,0.85,0.862,0.8311,False
574458,M.Sarr,Chelsea,DEF,0,0,0,0,30.1,100.0,0.2852,0.0,1.5112,6.5213,0.0,9.0,0.0,0.0,2.1,0.0,0.0,1.6447,1.4876,1.216,1.662,0.0954,0.0,0.5054,2.181,0.0,2.0791,0.35,0.0,1.63,8.0,0.0,4.0,6.2166,0.0,0.0,0.21,0.0,0.0,3.0,9.0,30.0,45,u,0,0,0,1,1,Fulham,A,3,0.8569,1.4851,0.0,0.0,0.0,0.0,0.0,0.0,0.0,0.0,0.0,0.0,0.0,0.0,0.0,0.0,0.0,False
577016,Acheampong,Chelsea,DEF,112,1,0,0,104.3,657.0,0.0344,0.017,2.0483,5.1749,0.1512,88.0,0.0205,0.0,1.6159,3.0682,0.0,1.6447,1.4876,1.216,1.662,0.0399,0.0197,2.3737,5.9971,0.1752,15.6317,0.62,0.13,15.66,44.0,5.0,118.0,13.4885,0.02,0.0,1.58,3.0,0.0,16.0,88.0,16.3636,45,a,0,1,1,1,1,Fulham,A,3,0.8569,1.4851,2.1527,0.8275,0.7841,0.0,-0.0993,-0.0248,0.0898,0.0639,0.1677,0.8544,-0.4065,0.0834,0.8125,0.8275,0.7841,False
620109,Palestra,Chelsea,DEF,0,0,0,0,,,,,,,,,,,,,,1.6447,1.4876,1.216,1.662,,,,,,,,,,,,,,,,,,,,,,54,d,0,0,0,1,1,Fulham,A,3,0.8569,1.4851,0.0,0.0,0.0,0.0,0.0,0.0,0.0,0.0,0.0,0.0,0.0,0.0,0.0,0.0,0.0,False
244851,Palmer,Chelsea,MID,172,2,0,0,534.7,1954.0,0.4213,0.1232,1.3686,5.5756,0.546,448.0,0.3375,0.0783,1.2877,3.817,0.4018,1.6447,1.4876,1.216,1.662,2.5031,0.7319,8.1311,33.1254,3.2439,105.8861,10.55,2.49,31.13,135.0,11.0,430.0,17.8226,1.6800000000000002,0.39,6.41,19.0,2.0,59.0,448.0,11.8527,96,a,0,2,2,1,1,Fulham,A,3,0.8569,1.4851,3.726,0.945,0.8637,0.0,-0.1134,-0.0284,0.1682,0.2947,1.387,0.2291,0.0,0.0321,0.9,0.945,0.8637,False
247632,Neto,Chelsea,MID,81,1,0,0,452.9,2629.0,0.109,0.2323,1.4611,3.8601,0.2951,332.0,0.0569,0.2711,1.5343,2.9819,0.2711,1.6447,1.4876,1.216,1.662,0.5483,1.1691,7.3528,19.4249,1.4849,87.942,4.59,6.84,37.54,122.0,9.0,543.0,17.4758,0.21,1.0,5.66,11.0,1.0,65.0,332.0,17.6205,65,a,0,1,1,1,1,Fulham,A,3,0.8569,1.4851,3.0095,0.945,0.8637,0.0,-0.1134,-0.0284,0.1637,0.5314,0.4383,0.2291,0.0,0.0059,0.9,0.945,0.8637,False
624773,Estêvão,Chelsea,MID,7,0,1,0,107.4,839.0,0.2134,0.1031,1.3852,5.2315,0.3703,15.0,0.54,0.0,0.18,0.0,0.0,1.6447,1.4876,1.216,1.662,0.2546,0.123,1.653,6.2429,0.4419,16.3435,2.91,2.14,10.29,56.0,4.0,172.0,13.6957,0.09,0.0,0.03,0.0,0.0,4.0,15.0,24.0,64,a,1,0,1,1,1,Fulham,A,3,0.8569,1.4851,1.8142,0.7594,0.4248,0.0,-0.0911,-0.0228,0.0466,0.1581,0.4213,0.1379,0.0,0.0033,0.5625,0.7594,0.4248,False
463936,Gittens,Chelsea,MID,0,0,0,0,33.3,486.0,0.1338,0.1727,1.8065,4.8932,0.0,0.0,0.0,0.0,0.0,0.0,0.0,1.6447,1.4876,1.216,1.662,0.0495,0.0639,0.6684,1.8105,0.0,7.7119,0.81,0.94,8.89,29.0,0.0,99.0,20.843,0.0,0.0,0.0,0.0,0.0,0.0,0.0,0.0,59,a,0,0,0,1,1,Fulham,A,3,0.8569,1.4851,2.0211,0.8075,0.4906,0.0,-0.0969,-0.0242,0.115,0.239,0.3509,0.1592,0.0,0.0025,0.65,0.8075,0.4906,False
486672,Caicedo,Chelsea,MID,13,0,1,0,600.3,2796.0,0.0354,0.0761,1.4101,10.2585,0.0882,534.0,0.0202,0.0556,1.4376,9.6067,0.0,1.6447,1.4876,1.216,1.662,0.2359,0.5076,9.4053,68.424,0.5883,107.6217,1.45,2.38,42.54,366.0,10.0,580.0,16.1352,0.12,0.33,8.53,57.0,0.0,91.0,534.0,15.3371,54,d,1,0,1,1,1,Fulham,A,3,0.8569,1.4851,1.7096,0.8212,0.5094,0.0,-0.0985,-0.0246,0.0906,0.1312,0.1351,0.1654,0.0,0.1268,0.675,0.8212,0.5094,False
514356,Lavia,Chelsea,MID,131,2,0,0,111.2,374.0,0.0652,0.163,2.0657,8.4359,0.0,131.0,0.0481,0.0687,2.6656,6.1832,0.0,1.6447,1.4876,1.216,1.662,0.0805,0.2014,2.5523,10.423,0.0,24.5374,0.21,0.55,8.53,37.0,0.0,81.0,19.8594,0.07,0.1,3.88,9.0,0.0,29.0,131.0,19.9237,50,a,0,2,2,1,1,Fulham,A,3,0.8569,1.4851,2.1223,0.9175,0.4678,0.0,-0.1101,-0.0275,0.1632,0.2481,0.3101,0.1732,0.0,0.0055,0.85,0.9175,0.4678,False
491007,D.Essugo,Chelsea,MID,0,0,0,0,10.8,26.0,0.0,0.035,1.9242,31.2208,0.0,18.0,0.0,0.05,1.45,20.0,0.0,1.6447,1.4876,1.216,1.662,0.0,0.0042,0.2309,3.7465,0.0,2.9431,0.0,0.01,0.55,8.0,0.0,7.0,24.5258,0.0,0.01,0.29,4.0,0.0,7.0,18.0,35.0,45,u,0,0,0,1,1,Fulham,A,3,0.8569,1.4851,0.0,0.0,0.0,0.0,0.0,0.0,0.0,0.0,0.0,0.0,0.0,0.0,0.0,0.0,0.0,False
593117,Quenda,Chelsea,MID,8,0,1,0,,,,,,,,,,,,,,1.6447,1.4876,1.216,1.662,,,,,,,,,,,,,,,,,,,,,,54,a,1,0,1,1,1,Fulham,A,3,0.8569,1.4851,1.8102,0.7594,0.4248,0.0,-0.0911,-0.0228,0.1033,0.1945,0.3242,0.1379,0.0,0.001,0.5625,0.7594,0.4248,False
475168,João Pedro,Chelsea,FWD,180,2,0,0,478.2,2658.0,0.5749,0.05,1.3249,4.0719,0.8696,270.0,0.4067,0.0233,1.4833,3.6667,0.6667,1.6447,1.4876,1.216,1.662,3.0549,0.2658,7.0395,21.6354,4.6207,119.2785,14.91,1.96,37.25,138.0,30.0,715.0,22.4489,1.22,0.07,4.45,11.0,2.0,39.0,270.0,13.0,77,a,0,2,2,1,1,Fulham,A,3,0.8569,1.4851,3.6499,0.945,0.8637,0.0,-0.1134,-0.0284,0.3377,0.1547,1.6486,0.0,0.0,0.0035,0.9,0.945,0.8637,False
499309,Marc Guiu,Chelsea,FWD,0,0,0,0,22.7,265.0,0.4885,0.0793,1.6739,3.5746,0.0,18.0,0.4,0.0,1.2,5.0,0.0,1.6447,1.4876,1.216,1.662,0.1232,0.02,0.4222,0.9016,0.0,1.2332,1.54,0.29,5.890000000000001,8.0,0.0,19.0,4.8893,0.08,0.0,0.24,1.0,0.0,0.0,18.0,0.0,50,u,0,0,0,1,1,Fulham,A,3,0.8569,1.4851,0.0,0.0,0.0,0.0,0.0,0.0,0.0,0.0,0.0,0.0,0.0,0.0,0.0,0.0,0.0,False
567119,Mheuka,Chelsea,FWD,0,0,0,0,0.6,1.0,0.0,0.0,4.455,89.19,0.0,1.0,0.0,0.0,4.5,90.0,0.0,1.6447,1.4876,1.216,1.662,0.0,0.0,0.0297,0.5946,0.0,1.7838,0.0,0.0,0.05,1.0,0.0,3.0,267.57,0.0,0.0,0.05,1.0,0.0,3.0,1.0,270.0,45,a,0,0,0,1,1,Fulham,A,3,0.8569,1.4851,0.4274,0.4502,0.0024,0.0,-0.054,-0.0135,0.0419,0.0385,0.1199,0.0,0.0,0.0,0.0004,0.4502,0.0024,False
503037,Emegha,Chelsea,FWD,0,0,0,0,,,,,,,,,,,,,,1.6447,1.4876,1.216,1.662,,,,,,,,,,,,,,,,,,,,,,50,a,0,0,0,1,1,Fulham,A,3,0.8569,1.4851,0.0,0.0,0.0,0.0,0.0,0.0,0.0,0.0,0.0,0.0,0.0,0.0,0.0,0.0,0.0,False
437499,Lacroix,Chelsea,DEF,180,2,0,0,559.3,3085.0,0.0785,0.021,1.2904,10.9991,0.3886,510.0,0.0547,0.0141,1.3359,10.5882,0.5294,1.6447,1.4876,1.216,1.662,0.4879,0.1302,8.0194,68.3535,2.415,83.6589,2.45,0.8300000000000001,44.04,370.0,11.0,529.0,13.462,0.31,0.08,7.57,60.0,3.0,75.0,510.0,13.2353,60,a,0,2,2,1,1,Fulham,A,3,0.8569,1.4851,2.6103,0.908,0.88,0.0,-0.109,-0.0272,0.2016,0.0583,0.3327,0.9338,-0.4638,0.673,0.9,0.908,0.88,False
549939,Penders,Chelsea,GK,0,0,0,0,0.0,0.0,0.0,0.0,0.0,0.0,0.0,0.0,0.0,0.0,0.0,0.0,0.0,1.6447,1.4876,1.216,1.662,0.0,0.0,0.0,0.0,0.0,0.0,0.0,0.0,0.0,0.0,0.0,0.0,0.0,0.0,0.0,0.0,0.0,0.0,0.0,0.0,0.0,45,a,0,0,0,1,1,Fulham,A,3,0.8569,1.4851,0.0,0.0,0.0,0.0,0.0,0.0,0.0,0.0,0.0,0.0,0.0,0.0,0.0,0.0,0.0,False
622758,Anselmino,Chelsea,DEF,0,0,0,0,0.0,0.0,0.0,0.0,0.0,0.0,0.0,0.0,0.0,0.0,0.0,0.0,0.0,1.6447,1.4876,1.216,1.662,0.0,0.0,0.0,0.0,0.0,0.0,0.0,0.0,0.0,0.0,0.0,0.0,0.0,0.0,0.0,0.0,0.0,0.0,0.0,0.0,0.0,45,a,0,0,0,1,1,Fulham,A,3,0.8569,1.4851,0.0,0.0,0.0,0.0,0.0,0.0,0.0,0.0,0.0,0.0,0.0,0.0,0.0,0.0,0.0,False
543158,Barco,Chelsea,MID,8,0,1,0,,,,,,,,,,,,,,1.6447,1.4876,1.216,1.662,,,,,,,,,,,,,,,,,,,,,,55,a,1,0,1,1,1,Fulham,A,3,0.8569,1.4851,1.8102,0.7594,0.4248,0.0,-0.0911,-0.0228,0.1033,0.1945,0.3242,0.1379,0.0,0.001,0.5625,0.7594,0.4248,False
498444,Chavarria,Chelsea,DEF,43,0,1,0,,,,,,,,,,,,,,1.6447,1.4876,1.216,1.662,,,,,,,,,,,,,,,,,,,,,,50,a,1,0,1,1,1,Fulham,A,3,0.8569,1.4851,1.5144,0.5975,0.4864,0.0,-0.0717,-0.0179,0.0502,0.0564,0.1128,0.6315,-0.2269,0.0484,0.5625,0.5975,0.4864,False
231065,Pinnock,Coventry City,DEF,12,0,1,0,43.2,318.0,0.0073,0.0062,0.72,13.0494,1.4731,0.0,0.0,0.0,0.0,0.0,0.0,,,,,0.0035,0.003,0.3456,6.2637,0.7071,12.9565,0.01,0.06,3.7,42.0,2.0,53.0,26.9927,0.0,0.0,0.0,0.0,0.0,0.0,0.0,0.0,45,a,1,0,1,1,1,Arsenal,A,5,0.5264,2.3636,0.9888,0.5975,0.5055,0.0,-0.0717,-0.0179,0.0751,0.0199,0.0402,0.3682,-0.4239,0.2657,0.5625,0.5975,0.5055,True
428580,Onyeka,Coventry City,MID,90,1,0,0,2.9,88.0,0.0,0.3476,2.2624,10.9738,0.0,0.0,0.0,0.0,0.0,0.0,0.0,,,,,0.0,0.0112,0.0729,0.3536,0.0,1.3608,0.0,0.36,2.02,10.0,0.0,41.0,42.2317,0.0,0.0,0.0,0.0,0.0,0.0,0.0,0.0,50,a,0,1,1,1,1,Arsenal,A,5,0.5264,2.3636,1.82,0.8969,0.4473,0.0,-0.1076,-0.0269,0.3094,0.0964,0.1141,0.1103,0.0,0.0027,0.8125,0.8969,0.4473,True
472739,Rushworth,Coventry City,GK,180,2,0,0,0.0,0.0,0.0,0.0,0.0,0.0,0.0,0.0,0.0,0.0,0.0,0.0,0.0,,,,,0.0,0.0,0.0,0.0,0.0,0.0,0.0,0.0,0.0,0.0,0.0,0.0,0.0,0.0,0.0,0.0,0.0,0.0,0.0,0.0,0.0,45,a,0,2,2,1,1,Arsenal,A,5,0.5264,2.3636,3.4245,0.9406,0.9353,1.1527,-0.1129,-0.0282,0.2127,0.0,0.0,0.9228,-0.3525,0.0,0.94,0.9406,0.9353,True
484389,Dovin,Coventry City,GK,0,0,0,0,,,,,,,,,,,,,,,,,,,,,,,,,,,,,,,,,,,,,,,40,u,0,0,0,1,1,Arsenal,A,5,0.5264,2.3636,0.0,0.0,0.0,0.0,0.0,0.0,0.0,0.0,0.0,0.0,0.0,0.0,0.0,0.0,0.0,True
110690,Wilson,Coventry City,GK,0,0,0,0,,,,,,,,,,,,,,,,,,,,,,,,,,,,,,,,,,,,,,,45,a,0,0,0,1,1,Arsenal,A,5,0.5264,2.3636,0.0,0.0,0.0,0.0,0.0,0.0,0.0,0.0,0.0,0.0,0.0,0.0,0.0,0.0,0.0,True
461102,Thomas,Coventry City,DEF,167,2,0,0,,,,,,,,,,,,,,,,,,,,,,,,,,,,,,,,,,,,,,,40,a,0,2,2,1,1,Arsenal,A,5,0.5264,2.3636,1.3685,0.862,0.4722,0.0,-0.1034,-0.0259,0.061,0.0203,0.0405,0.4659,-0.32,0.0085,0.85,0.862,0.4722,True
436761,Kitching,Coventry City,DEF,0,0,0,0,,,,,,,,,,,,,,,,,,,,,,,,,,,,,,,,,,,,,,,40,u,0,0,0,1,1,Arsenal,A,5,0.5264,2.3636,0.0,0.0,0.0,0.0,0.0,0.0,0.0,0.0,0.0,0.0,0.0,0.0,0.0,0.0,0.0,True
451284,van Ewijk,Coventry City,DEF,180,2,0,0,,,,,,,,,,,,,,,,,,,,,,,,,,,,,,,,,,,,,,,40,a,0,2,2,1,1,Arsenal,A,5,0.5264,2.3636,1.3672,0.862,0.4722,0.0,-0.1034,-0.0259,0.0609,0.0199,0.0397,0.4659,-0.32,0.0076,0.85,0.862,0.4722,True
173878,Dasilva,Coventry City,DEF,180,2,0,0,,,,,,,,,,,,,,,,,,,,,,,,,,,,,,,,,,,,,,,40,a,0,2,2,1,1,Arsenal,A,5,0.5264,2.3636,1.3672,0.862,0.4722,0.0,-0.1034,-0.0259,0.0609,0.0199,0.0397,0.4659,-0.32,0.0076,0.85,0.862,0.4722,True
465390,Kesler-Hayden,Coventry City,DEF,0,0,0,0,,,,,,,,,,,,,,,,,,,,,,,,,,,,,,,,,,,,,,,40,i,0,0,0,1,1,Arsenal,A,5,0.5264,2.3636,0.0,0.0,0.0,0.0,0.0,0.0,0.0,0.0,0.0,0.0,0.0,0.0,0.0,0.0,0.0,True
80178,Bidwell,Coventry City,DEF,0,0,0,0,,,,,,,,,,,,,,,,,,,,,,,,,,,,,,,,,,,,,,,40,a,0,0,0,1,1,Arsenal,A,5,0.5264,2.3636,0.0,0.0,0.0,0.0,0.0,0.0,0.0,0.0,0.0,0.0,0.0,0.0,0.0,0.0,0.0,True
204813,Latibeaudiere,Coventry City,DEF,0,0,0,0,,,,,,,,,,,,,,,,,,,,,,,,,,,,,,,,,,,,,,,40,a,0,0,0,1,1,Arsenal,A,5,0.5264,2.3636,0.0,0.0,0.0,0.0,0.0,0.0,0.0,0.0,0.0,0.0,0.0,0.0,0.0,0.0,0.0,True
220583,Woolfenden,Coventry City,DEF,0,0,0,0,,,,,,,,,,,,,,,,,,,,,,,,,,,,,,,,,,,,,,,40,i,0,0,0,1,1,Arsenal,A,5,0.5264,2.3636,0.0,0.0,0.0,0.0,0.0,0.0,0.0,0.0,0.0,0.0,0.0,0.0,0.0,0.0,0.0,True
577411,Brau,Coventry City,DEF,0,0,0,0,,,,,,,,,,,,,,,,,,,,,,,,,,,,,,,,,,,,,,,40,u,0,0,0,1,1,Arsenal,A,5,0.5264,2.3636,0.0,0.0,0.0,0.0,0.0,0.0,0.0,0.0,0.0,0.0,0.0,0.0,0.0,0.0,0.0,True
539142,Amenda,Coventry City,DEF,180,2,0,0,,,,,,,,,,,,,,,,,,,,,,,,,,,,,,,,,,,,,,,40,a,0,2,2,1,1,Arsenal,A,5,0.5264,2.3636,1.3672,0.862,0.4722,0.0,-0.1034,-0.0259,0.0609,0.0199,0.0397,0.4659,-0.32,0.0076,0.85,0.862,0.4722,True
480457,Rudoni,Coventry City,MID,90,1,0,0,,,,,,,,,,,,,,,,,,,,,,,,,,,,,,,,,,,,,,,50,a,0,1,1,1,1,Arsenal,A,5,0.5264,2.3636,1.5719,0.8969,0.4473,0.0,-0.1076,-0.0269,0.0899,0.0683,0.1138,0.1103,0.0,0.0002,0.8125,0.8969,0.4473,True
168144,Grimes,Coventry City,MID,180,2,0,0,,,,,,,,,,,,,,,,,,,,,,,,,,,,,,,,,,,,,,,50,a,0,2,2,1,1,Arsenal,A,5,0.5264,2.3636,1.6025,0.9175,0.4678,0.0,-0.1101,-0.0275,0.0959,0.0613,0.1022,0.1154,0.0,0.0001,0.85,0.9175,0.4678,True
501459,Sakamoto,Coventry City,MID,31,0,1,0,,,,,,,,,,,,,,,,,,,,,,,,,,,,,,,,,,,,,,,49,a,1,0,1,1,1,Arsenal,A,5,0.5264,2.3636,1.4722,0.7594,0.4595,0.0,-0.0911,-0.0228,0.0597,0.0915,0.1524,0.0837,0.0,0.0017,0.5625,0.7594,0.4595,True
241293,Mason-Clark,Coventry City,MID,57,1,0,0,,,,,,,,,,,,,,,,,,,,,,,,,,,,,,,,,,,,,,,55,a,0,1,1,1,1,Arsenal,A,5,0.5264,2.3636,1.5832,0.8969,0.4473,0.0,-0.1076,-0.0269,0.0904,0.0723,0.1205,0.1103,0.0,0.0002,0.8125,0.8969,0.4473,True
439668,Eccles,Coventry City,MID,0,0,0,0,,,,,,,,,,,,,,,,,,,,,,,,,,,,,,,,,,,,,,,49,a,0,0,0,1,1,Arsenal,A,5,0.5264,2.3636,0.0,0.0,0.0,0.0,0.0,0.0,0.0,0.0,0.0,0.0,0.0,0.0,0.0,0.0,0.0,True
226965,Torp,Coventry City,MID,47,0,1,0,,,,,,,,,,,,,,,,,,,,,,,,,,,,,,,,,,,,,,,55,a,1,0,1,1,1,Arsenal,A,5,0.5264,2.3636,1.4649,0.7594,0.4595,0.0,-0.0911,-0.0228,0.0595,0.0888,0.148,0.0837,0.0,0.0014,0.5625,0.7594,0.4595,True
684268,Shepherd,Coventry City,MID,0,0,0,0,,,,,,,,,,,,,,,,,,,,,,,,,,,,,,,,,,,,,,,45,a,0,0,0,1,1,Arsenal,A,5,0.5264,2.3636,0.0,0.0,0.0,0.0,0.0,0.0,0.0,0.0,0.0,0.0,0.0,0.0,0.0,0.0,0.0,True
469272,Tchaouna,Coventry City,MID,139,2,0,0,294.6,1259.0,0.0821,0.0693,1.8518,4.5791,0.0,413.0,0.0676,0.0501,1.824,4.5763,0.0,,,,,0.2689,0.2267,6.0616,14.989,0.0,53.2433,1.27,0.91,25.04,69.0,0.0,208.0,16.2658,0.31,0.2299999999999999,8.370000000000001,21.0,0.0,75.0,413.0,16.3438,55,a,0,2,2,1,1,Arsenal,A,5,0.5264,2.3636,2.0663,0.9175,0.8245,0.0,-0.1101,-0.0275,0.078,0.1028,0.1887,0.1124,0.0,0.0298,0.85,0.9175,0.8245,True
492498,Borges Rodrigues,Coventry City,MID,0,0,0,0,,,,,,,,,,,,,,,,,,,,,,,,,,,,,,,,,,,,,,,45,u,0,0,0,1,1,Arsenal,A,5,0.5264,2.3636,0.0,0.0,0.0,0.0,0.0,0.0,0.0,0.0,0.0,0.0,0.0,0.0,0.0,0.0,0.0,True
629397,Andrews,Coventry City,MID,0,0,0,0,,,,,,,,,,,,,,,,,,,,,,,,,,,,,,,,,,,,,,,45,u,0,0,0,1,1,Arsenal,A,5,0.5264,2.3636,0.0,0.0,0.0,0.0,0.0,0.0,0.0,0.0,0.0,0.0,0.0,0.0,0.0,0.0,0.0,True
176412,Wright,Coventry City,FWD,0,0,0,0,,,,,,,,,,,,,,,,,,,,,,,,,,,,,,,,,,,,,,,54,i,0,0,0,1,1,Arsenal,A,5,0.5264,2.3636,0.0,0.0,0.0,0.0,0.0,0.0,0.0,0.0,0.0,0.0,0.0,0.0,0.0,0.0,0.0,True
230730,Thomas-Asante,Coventry City,FWD,101,1,0,0,,,,,,,,,,,,,,,,,,,,,,,,,,,,,,,,,,,,,,,50,a,0,1,1,1,1,Arsenal,A,5,0.5264,2.3636,1.39,0.8969,0.4473,0.0,-0.1076,-0.0269,0.0629,0.067,0.2085,0.0,0.0,0.0,0.8125,0.8969,0.4473,True
218997,Simms,Coventry City,FWD,69,1,0,0,,,,,,,,,,,,,,,,,,,,,,,,,,,,,,,,,,,,,,,50,a,0,1,1,1,1,Arsenal,A,5,0.5264,2.3636,1.4064,0.8969,0.4473,0.0,-0.1076,-0.0269,0.0638,0.0708,0.2202,0.0,0.0,0.0,0.8125,0.8969,0.4473,True
551262,Markelo,Coventry City,FWD,0,0,0,0,,,,,,,,,,,,,,,,,,,,,,,,,,,,,,,,,,,,,,,50,u,0,0,0,1,1,Arsenal,A,5,0.5264,2.3636,0.0,0.0,0.0,0.0,0.0,0.0,0.0,0.0,0.0,0.0,0.0,0.0,0.0,0.0,0.0,True
549653,Bassette,Coventry City,FWD,0,0,0,0,,,,,,,,,,,,,,,,,,,,,,,,,,,,,,,,,,,,,,,45,u,0,0,0,1,1,Arsenal,A,5,0.5264,2.3636,0.0,0.0,0.0,0.0,0.0,0.0,0.0,0.0,0.0,0.0,0.0,0.0,0.0,0.0,0.0,True
210156,Awoniyi,Coventry City,FWD,110,1,0,0,152.7,480.0,0.8049,0.1595,2.204,4.6242,0.9883,212.0,0.6835,0.1613,2.2245,4.6698,1.2736,,,,,1.3657,0.2706,3.7394,7.8458,1.6768,59.0779,3.68,0.77,10.35,26.0,4.0,170.0,34.82,1.61,0.38,5.24,11.0,3.0,89.0,212.0,37.783,55,a,0,1,1,1,1,Arsenal,A,5,0.5264,2.3636,2.5002,0.8969,0.7882,0.0,-0.1076,-0.0269,0.142,0.1659,0.7998,0.0,0.0,0.0031,0.8125,0.8969,0.7882,True
661888,Yirenkyi,Coventry City,MID,131,2,0,0,,,,,,,,,,,,,,,,,,,,,,,,,,,,,,,,,,,,,,,50,a,0,2,2,1,1,Arsenal,A,5,0.5264,2.3636,1.6157,0.9175,0.4678,0.0,-0.1101,-0.0275,0.0965,0.0661,0.1101,0.1154,0.0,0.0001,0.85,0.9175,0.4678,True
196100,Hamer,Coventry City,MID,27,0,1,0,,,,,,,,,,,,,,,,,,,,,,,,,,,,,,,,,,,,,,,55,a,1,0,1,1,1,Arsenal,A,5,0.5264,2.3636,1.4742,0.7594,0.4595,0.0,-0.0911,-0.0228,0.0598,0.0921,0.1536,0.0837,0.0,0.0018,0.5625,0.7594,0.4595,True
627221,Cherif,Coventry City,FWD,0,0,0,0,,,,,,,,,,,,,,,,,,,,,,,,,,,,,,,,,,,,,,,50,a,0,0,0,1,1,Arsenal,A,5,0.5264,2.3636,0.0,0.0,0.0,0.0,0.0,0.0,0.0,0.0,0.0,0.0,0.0,0.0,0.0,0.0,0.0,True
79602,Bentley,Coventry City,GK,0,0,0,0,131.9,270.0,0.0,0.0,1.6369,0.0,0.0,270.0,0.0,0.0,1.7,0.0,0.0,,,,,0.0,0.0,2.399,0.0,0.0,12.0095,0.0,0.0,5.1,0.0,0.0,24.0,8.1945,0.0,0.0,5.1,0.0,0.0,24.0,270.0,8.0,40,a,0,0,0,1,1,Arsenal,A,5,0.5264,2.3636,0.0511,0.1038,0.0943,0.1161,-0.0125,-0.0031,0.0015,0.0,0.0,0.0687,-0.0717,0.0,0.0947,0.1038,0.0943,True
485337,Guessand,Crystal Palace,MID,54,0,1,0,137.9,909.0,0.1254,0.1096,1.7681,7.4201,0.0,29.0,0.0,0.3103,5.4,6.2069,0.0,1.571,1.5061,1.645,1.6117,0.1922,0.1679,2.7091,11.3692,0.0,23.5418,1.56,0.8500000000000001,14.48,83.0,0.0,143.0,15.3645,0.0,0.1,1.74,2.0,0.0,6.0,29.0,18.6207,55,a,1,0,1,1,1,Everton,A,3,0.9343,1.4505,1.8033,0.7594,0.4595,0.0,-0.0911,-0.0228,0.066,0.1822,0.3173,0.1528,0.0,0.0171,0.5625,0.7594,0.4595,False
220362,Disasi,Crystal Palace,DEF,16,0,1,0,490.8,1254.0,0.0581,0.0028,1.3992,6.2345,0.0771,534.0,0.0,0.0034,1.5084,7.2472,0.1685,1.571,1.5061,1.645,1.6117,0.3167,0.0152,7.6305,33.9988,0.4204,69.3576,1.1,0.03,18.54,88.0,1.0,186.0,12.7184,0.0,0.02,8.95,43.0,1.0,74.0,534.0,12.4719,45,a,1,0,1,1,1,Everton,A,3,0.9343,1.4505,1.5558,0.5975,0.5055,0.0,-0.0717,-0.0179,0.0421,0.0233,0.1281,0.6722,-0.2194,0.0347,0.5625,0.5975,0.5055,False
172649,Henderson,Crystal Palace,GK,180,2,0,0,665.1,3330.0,0.0,0.0019,1.5271,0.0,0.1753,630.0,0.0,0.0014,1.6043,0.0,0.0,1.571,1.5061,1.645,1.6117,0.0,0.0139,11.2849,0.0,1.2954,85.0386,0.0,0.11,51.4,0.0,7.0,538.0,11.5073,0.0,0.01,11.23,0.0,0.0,48.0,630.0,6.8571,50,a,0,2,2,1,1,Everton,A,3,0.9343,1.4505,3.3081,0.96,0.9453,0.9441,-0.1152,-0.0288,0.2873,0.0042,0.0,1.0314,-0.4742,0.0,0.95,0.96,0.9453,False
121709,Benitez,Crystal Palace,GK,0,0,0,0,29.2,90.0,0.0,0.0,1.1191,0.0,0.0,0.0,0.0,0.0,0.0,0.0,0.0,1.571,1.5061,1.645,1.6117,0.0,0.0,0.3631,0.0,0.0,9.4021,0.0,0.0,1.12,0.0,0.0,29.0,28.9791,0.0,0.0,0.0,0.0,0.0,0.0,0.0,0.0,45,a,0,0,0,1,1,Everton,A,3,0.9343,1.4505,0.0,0.0,0.0,0.0,0.0,0.0,0.0,0.0,0.0,0.0,0.0,0.0,0.0,0.0,0.0,False
427623,Richards,Crystal Palace,DEF,180,2,0,0,513.9,2825.0,0.1419,0.0351,1.3943,9.2403,0.2014,403.0,0.2859,0.0268,1.4449,8.263,0.0,1.571,1.5061,1.645,1.6117,0.8104,0.2002,7.9613,52.7621,1.1499,65.1517,2.42,1.56,41.19,311.0,5.0,453.0,11.4101,1.28,0.12,6.47,37.0,0.0,28.0,403.0,6.2531,50,a,0,2,2,1,1,Everton,A,3,0.9343,1.4505,3.0797,0.908,0.885,0.0,-0.109,-0.0272,0.1621,0.0943,0.7541,0.9656,-0.4492,0.4121,0.9,0.908,0.885,False
651426,Canvot,Crystal Palace,DEF,180,2,0,0,453.2,1331.0,0.1018,0.0174,1.564,10.7751,0.444,540.0,0.0533,0.0083,1.45,10.1667,0.3333,1.571,1.5061,1.645,1.6117,0.5125,0.0874,7.8758,54.2588,2.2358,60.3337,1.48,0.33,23.84,169.0,9.0,216.0,11.9815,0.32,0.05,8.7,61.0,2.0,58.0,540.0,9.6667,49,a,0,2,2,1,1,Everton,A,3,0.9343,1.4505,2.5558,0.862,0.8358,0.0,-0.1034,-0.0259,0.1504,0.0632,0.3903,0.9119,-0.4245,0.5322,0.85,0.862,0.8358,False
244723,Mitchell,Crystal Palace,DEF,180,2,0,0,616.9,3253.0,0.0625,0.0835,1.4746,6.7026,0.1709,495.0,0.0964,0.0636,1.5436,7.6364,0.1818,1.571,1.5061,1.645,1.6117,0.4284,0.5722,10.1076,45.9426,1.1714,86.5674,1.59,2.53,49.78,245.0,8.0,498.0,12.6294,0.53,0.35,8.49,42.0,1.0,67.0,495.0,12.1818,45,a,0,2,2,1,1,Everton,A,3,0.9343,1.4505,2.7391,0.908,0.885,0.0,-0.109,-0.0272,0.1353,0.1944,0.3402,0.9656,-0.4492,0.1736,0.9,0.908,0.885,False
218364,Sosa,Crystal Palace,DEF,0,0,0,0,28.4,99.0,0.058,0.0345,0.4028,6.146,0.0,45.0,0.08,0.02,0.14,4.0,0.0,1.571,1.5061,1.645,1.6117,0.0183,0.0109,0.1271,1.9394,0.0,0.6732,0.04,0.0699999999999999,0.9000000000000001,9.0,0.0,9.0,2.1334,0.04,0.01,0.07,2.0,0.0,-4.0,45.0,-8.0,45,u,0,0,0,1,1,Everton,A,3,0.9343,1.4505,0.0,0.0,0.0,0.0,0.0,0.0,0.0,0.0,0.0,0.0,0.0,0.0,0.0,0.0,0.0,False
515621,Chadi Riad,Crystal Palace,DEF,72,1,0,0,216.9,550.0,0.067,0.0234,1.647,8.4939,0.0,238.0,0.0832,0.0303,1.8,10.2101,0.0,1.571,1.5061,1.645,1.6117,0.1614,0.0565,3.9693,20.4704,0.0,29.0484,0.3299999999999999,0.13,9.09,45.0,0.0,84.0,12.0533,0.22,0.08,4.76,27.0,0.0,26.0,238.0,9.8319,44,i,0,1,1,1,1,Everton,A,3,0.9343,1.4505,0.0,0.0,0.0,0.0,0.0,0.0,0.0,0.0,0.0,0.0,0.0,0.0,0.0,0.0,0.0,False
242313,Mingueza,Crystal Palace,DEF,15,0,1,0,,,,,,,,,,,,,,1.571,1.5061,1.645,1.6117,,,,,,,,,,,,,,,,,,,,,,44,a,1,0,1,1,1,Everton,A,3,0.9343,1.4505,1.6181,0.5975,0.5055,0.0,-0.0717,-0.0179,0.0614,0.0648,0.1297,0.6722,-0.2194,0.0615,0.5625,0.5975,0.5055,False
232185,Sarr,Crystal Palace,MID,0,0,0,0,462.2,2173.0,0.5182,0.0579,1.3427,5.0226,0.2201,421.0,0.6178,0.0855,1.381,4.0618,0.0,1.571,1.5061,1.645,1.6117,2.661,0.2974,6.8955,25.7938,1.1305,77.0795,10.93,1.17,31.25,137.0,9.0,359.0,15.009,2.89,0.4,6.46,19.0,0.0,70.0,421.0,14.9644,63,i,0,0,0,1,1,Everton,A,3,0.9343,1.4505,0.0,0.0,0.0,0.0,0.0,0.0,0.0,0.0,0.0,0.0,0.0,0.0,0.0,0.0,0.0,False
496221,Wharton,Crystal Palace,MID,180,2,0,0,461.9,2552.0,0.0575,0.2962,1.384,11.2344,0.3965,361.0,0.0474,0.359,1.4161,11.9668,0.4986,1.571,1.5061,1.645,1.6117,0.2951,1.5203,7.1031,57.6573,2.0349,99.5662,1.52,7.47,39.08,303.0,8.0,511.0,19.4002,0.19,1.44,5.68,48.0,2.0,92.0,361.0,22.9363,55,a,0,2,2,1,1,Everton,A,3,0.9343,1.4505,3.3828,0.945,0.8728,0.0,-0.1134,-0.0284,0.4477,0.7226,0.3184,0.2381,0.0,0.5756,0.9,0.945,0.8728,False
488024,Yeremy,Crystal Palace,MID,102,1,0,0,363.5,2074.0,0.1743,0.2847,1.4324,7.2564,0.0972,283.0,0.1336,0.2131,1.5551,6.6784,0.0,1.571,1.5061,1.645,1.6117,0.7041,1.1499,5.7853,29.3078,0.3924,62.9443,4.53,6.12,30.01,167.0,3.0,331.0,15.5846,0.42,0.67,4.890000000000001,21.0,0.0,41.0,283.0,13.0389,55,a,0,1,1,1,1,Everton,A,3,0.9343,1.4505,3.4271,0.945,0.8728,0.0,-0.1134,-0.0284,0.1701,0.647,0.7158,0.2381,0.0,0.1197,0.9,0.945,0.8728,False
108413,Hughes,Crystal Palace,MID,0,0,0,0,299.9,1560.0,0.0471,0.1068,1.669,8.1512,0.0,207.0,0.0,0.1087,1.7609,6.5217,0.0,1.571,1.5061,1.645,1.6117,0.1568,0.3558,5.5614,27.1615,0.0,39.3868,1.11,1.94,25.35,148.0,0.0,217.0,11.82,0.0,0.25,4.05,15.0,0.0,23.0,207.0,10.0,45,a,0,0,0,1,1,Everton,A,3,0.9343,1.4505,0.5961,0.4899,0.0613,0.0,-0.0588,-0.0147,0.017,0.0508,0.0502,0.0204,0.0,0.0043,0.0726,0.4899,0.0613,False
152551,Lerma,Crystal Palace,MID,0,0,0,0,404.9,1722.0,0.0944,0.0912,1.6001,11.912,0.0984,386.0,0.0373,0.1166,1.9236,12.3575,0.0,1.571,1.5061,1.645,1.6117,0.4249,0.4104,7.1988,53.5909,0.4429,66.9377,1.84,1.48,25.11,220.0,3.0,296.0,14.8787,0.16,0.5,8.25,53.0,0.0,56.0,386.0,13.057,49,a,0,0,0,1,1,Everton,A,3,0.9343,1.4505,0.7551,0.5245,0.1123,0.0,-0.0629,-0.0157,0.0244,0.0609,0.0943,0.0373,0.0,0.0388,0.1354,0.5245,0.1123,False
209400,Kamada,Crystal Palace,MID,180,2,0,0,372.5,1899.0,0.0717,0.1998,1.4856,10.067,0.0,406.0,0.0488,0.2571,1.7224,10.4187,0.0,1.571,1.5061,1.645,1.6117,0.2966,0.8271,6.1486,41.6664,0.0,65.2601,1.64,3.24,26.04,208.0,0.0,331.0,15.7675,0.22,1.16,7.77,47.0,0.0,76.0,406.0,16.8473,50,a,0,2,2,1,1,Everton,A,3,0.9343,1.4505,3.0185,0.945,0.8728,0.0,-0.1134,-0.0284,0.2368,0.5097,0.3779,0.2381,0.0,0.3784,0.9,0.945,0.8728,False
489706,Devenny,Crystal Palace,MID,0,0,0,0,171.1,785.0,0.125,0.0252,2.018,8.9516,0.0,192.0,0.0,0.0141,2.1844,11.25,0.0,1.571,1.5061,1.645,1.6117,0.2376,0.0479,3.8365,17.018,0.0,20.9507,2.38,0.39,14.71,72.0,0.0,108.0,11.0202,0.0,0.03,4.66,24.0,0.0,27.0,192.0,12.6562,50,u,0,0,0,1,1,Everton,A,3,0.9343,1.4505,0.0,0.0,0.0,0.0,0.0,0.0,0.0,0.0,0.0,0.0,0.0,0.0,0.0,0.0,0.0,False
606921,Esse,Crystal Palace,MID,0,0,0,0,2.7,40.0,0.0,0.14,6.58,13.72,0.0,0.0,0.0,0.0,0.0,0.0,0.0,1.571,1.5061,1.645,1.6117,0.0,0.0042,0.1974,0.4116,0.0,0.9238,0.0,0.04,1.7400000000000002,5.0,0.0,12.0,30.7933,0.0,0.0,0.0,0.0,0.0,0.0,0.0,0.0,50,u,0,0,0,1,1,Everton,A,3,0.9343,1.4505,0.0,0.0,0.0,0.0,0.0,0.0,0.0,0.0,0.0,0.0,0.0,0.0,0.0,0.0,0.0,False
536694,M.França,Crystal Palace,MID,0,0,0,0,0.0,0.0,0.0,0.0,0.0,0.0,0.0,0.0,0.0,0.0,0.0,0.0,0.0,1.571,1.5061,1.645,1.6117,0.0,0.0,0.0,0.0,0.0,0.0,0.0,0.0,0.0,0.0,0.0,0.0,0.0,0.0,0.0,0.0,0.0,0.0,0.0,0.0,0.0,49,a,0,0,0,1,1,Everton,A,3,0.9343,1.4505,0.0,0.0,0.0,0.0,0.0,0.0,0.0,0.0,0.0,0.0,0.0,0.0,0.0,0.0,0.0,False
438464,Doucouré,Crystal Palace,MID,0,0,0,0,0.0,0.0,0.0,0.0,0.0,0.0,0.0,0.0,0.0,0.0,0.0,0.0,0.0,1.571,1.5061,1.645,1.6117,0.0,0.0,0.0,0.0,0.0,0.0,0.0,0.0,0.0,0.0,0.0,0.0,0.0,0.0,0.0,0.0,0.0,0.0,0.0,0.0,0.0,49,a,0,0,0,1,1,Everton,A,3,0.9343,1.4505,0.0,0.0,0.0,0.0,0.0,0.0,0.0,0.0,0.0,0.0,0.0,0.0,0.0,0.0,0.0,False
450542,J.Rak-Sakyi,Crystal Palace,MID,0,0,0,0,0.0,0.0,0.0,0.0,0.0,0.0,0.0,0.0,0.0,0.0,0.0,0.0,0.0,1.571,1.5061,1.645,1.6117,0.0,0.0,0.0,0.0,0.0,0.0,0.0,0.0,0.0,0.0,0.0,0.0,0.0,0.0,0.0,0.0,0.0,0.0,0.0,0.0,0.0,50,a,0,0,0,1,1,Everton,A,3,0.9343,1.4505,0.0,0.0,0.0,0.0,0.0,0.0,0.0,0.0,0.0,0.0,0.0,0.0,0.0,0.0,0.0,False
590014,Cardines,Crystal Palace,DEF,0,0,0,0,58.4,90.0,0.02,0.1598,2.5282,6.9949,0.0,90.0,0.02,0.16,2.53,7.0,0.0,1.571,1.5061,1.645,1.6117,0.013,0.1037,1.6405,4.5389,0.0,13.6168,0.02,0.16,2.53,7.0,0.0,21.0,20.9848,0.02,0.16,2.53,7.0,0.0,21.0,90.0,21.0,45,u,0,0,0,1,1,Everton,A,3,0.9343,1.4505,0.0,0.0,0.0,0.0,0.0,0.0,0.0,0.0,0.0,0.0,0.0,0.0,0.0,0.0,0.0,False
672492,Drakes-Thomas,Crystal Palace,MID,0,0,0,0,0.8,7.0,0.0,0.0,10.9125,42.4912,0.0,0.0,0.0,0.0,0.0,0.0,0.0,1.571,1.5061,1.645,1.6117,0.0,0.0,0.097,0.3777,0.0,0.7243,0.0,0.0,0.73,3.0,0.0,6.0,81.4838,0.0,0.0,0.0,0.0,0.0,0.0,0.0,0.0,45,a,0,0,0,1,1,Everton,A,3,0.9343,1.4505,0.0,0.0,0.0,0.0,0.0,0.0,0.0,0.0,0.0,0.0,0.0,0.0,0.0,0.0,0.0,False
247412,Strand Larsen,Crystal Palace,FWD,89,1,0,0,450.5,2301.0,0.2178,0.0648,1.4548,3.8103,0.1374,372.0,0.271,0.0992,1.4976,2.9032,0.0,1.571,1.5061,1.645,1.6117,1.0904,0.3242,7.2823,19.0729,0.6878,46.4596,5.3,1.12,36.03,95.0,3.0,215.0,9.2816,1.12,0.41,6.19,12.0,0.0,25.0,372.0,6.0484,60,a,0,1,1,1,1,Everton,A,3,0.9343,1.4505,2.8054,0.945,0.8728,0.0,-0.1134,-0.0284,0.1901,0.2248,0.8725,0.0,0.0,0.0017,0.9,0.945,0.8728,False
231747,Mateta,Crystal Palace,FWD,62,1,0,0,300.0,2210.0,0.5841,0.0401,1.5706,4.6471,0.749,251.0,0.4841,0.0215,1.8143,3.2271,0.3586,1.571,1.5061,1.645,1.6117,1.9471,0.1336,5.2353,15.4903,2.4966,76.2616,14.42,1.32,31.77,125.0,13.0,397.0,22.8785,1.35,0.06,5.0600000000000005,9.0,1.0,63.0,251.0,22.5896,64,i,0,1,1,1,1,Everton,A,3,0.9343,1.4505,0.0,0.0,0.0,0.0,0.0,0.0,0.0,0.0,0.0,0.0,0.0,0.0,0.0,0.0,0.0,False
205533,Nketiah,Crystal Palace,FWD,122,2,0,0,32.9,414.0,0.3206,0.0659,1.9825,8.4337,0.7255,0.0,0.0,0.0,0.0,0.0,0.0,1.571,1.5061,1.645,1.6117,0.1172,0.0241,0.7247,3.083,0.2652,7.2013,1.77,0.4599999999999999,9.49,38.0,3.0,100.0,19.6996,0.0,0.0,0.0,0.0,0.0,0.0,0.0,0.0,55,a,0,2,2,1,1,Everton,A,3,0.9343,1.4505,1.9044,0.9175,0.4678,0.0,-0.1101,-0.0275,0.1231,0.138,0.5536,0.0,0.0,0.0007,0.85,0.9175,0.4678,False
660392,Uche,Crystal Palace,FWD,0,0,0,0,21.6,159.0,0.2883,0.0058,2.3329,7.6912,0.0,0.0,0.0,0.0,0.0,0.0,0.0,1.571,1.5061,1.645,1.6117,0.0692,0.0014,0.5599,1.8459,0.0,4.5022,0.49,0.01,4.63,13.0,0.0,42.0,18.7592,0.0,0.0,0.0,0.0,0.0,0.0,0.0,0.0,50,u,0,0,0,1,1,Everton,A,3,0.9343,1.4505,0.0,0.0,0.0,0.0,0.0,0.0,0.0,0.0,0.0,0.0,0.0,0.0,0.0,0.0,0.0,False
433154,McNeil,Crystal Palace,MID,84,1,0,0,271.1,1161.0,0.1144,0.2066,1.2859,8.8983,0.0905,145.0,0.0807,0.6579,1.3034,10.5517,0.0,1.571,1.5061,1.645,1.6117,0.3445,0.6222,3.8735,26.8038,0.2726,42.6262,1.37,1.91,18.8,111.0,1.0,186.0,14.1511,0.13,1.06,2.1,17.0,0.0,22.0,145.0,13.6552,55,a,0,1,1,1,1,Everton,A,3,0.9343,1.4505,2.8822,0.8969,0.7882,0.0,-0.1076,-0.0269,0.1341,0.5116,0.491,0.215,0.0,0.193,0.8125,0.8969,0.7882,False
169593,Matthews,Crystal Palace,GK,0,0,0,0,0.0,0.0,0.0,0.0,0.0,0.0,0.0,0.0,0.0,0.0,0.0,0.0,0.0,1.571,1.5061,1.645,1.6117,0.0,0.0,0.0,0.0,0.0,0.0,0.0,0.0,0.0,0.0,0.0,0.0,0.0,0.0,0.0,0.0,0.0,0.0,0.0,0.0,0.0,40,a,0,0,0,1,1,Everton,A,3,0.9343,1.4505,0.0,0.0,0.0,0.0,0.0,0.0,0.0,0.0,0.0,0.0,0.0,0.0,0.0,0.0,0.0,False
223723,Tomiyasu,Crystal Palace,DEF,91,1,0,0,,,,,,,,,,,,,,1.571,1.5061,1.645,1.6117,,,,,,,,,,,,,,,,,,,,,,45,a,0,1,1,1,1,Everton,A,3,0.9343,1.4505,1.9109,0.8275,0.4514,0.0,-0.0993,-0.0248,0.1257,0.0486,0.0971,0.7363,-0.1476,0.0078,0.8125,0.8275,0.4514,False
570794,Khalaili,Crystal Palace,DEF,109,1,0,0,,,,,,,,,,,,,,1.571,1.5061,1.645,1.6117,,,,,,,,,,,,,,,,,,,,,,50,a,0,1,1,1,1,Everton,A,3,0.9343,1.4505,1.9062,0.8275,0.4514,0.0,-0.0993,-0.0248,0.1253,0.0471,0.0943,0.7363,-0.1476,0.0065,0.8125,0.8275,0.4514,False
559152,Gozo,Crystal Palace,MID,22,0,1,0,,,,,,,,,,,,,,1.571,1.5061,1.645,1.6117,,,,,,,,,,,,,,,,,,,,,,50,a,1,0,1,1,1,Everton,A,3,0.9343,1.4505,1.9115,0.7594,0.4595,0.0,-0.0911,-0.0228,0.1234,0.2064,0.344,0.1528,0.0,0.0008,0.5625,0.7594,0.4595,False
605972,Ahanor,Crystal Palace,DEF,0,0,0,0,,,,,,,,,,,,,,1.571,1.5061,1.645,1.6117,,,,,,,,,,,,,,,,,,,,,,45,a,0,0,0,1,1,Everton,A,3,0.9343,1.4505,0.0,0.0,0.0,0.0,0.0,0.0,0.0,0.0,0.0,0.0,0.0,0.0,0.0,0.0,0.0,False
172850,Chilwell,Crystal Palace,DEF,0,0,0,0,,,,,,,,,,,,,,1.571,1.5061,1.645,1.6117,,,,,,,,,,,,,,,,,,,,,,45,a,0,0,0,1,1,Everton,A,3,0.9343,1.4505,0.0,0.0,0.0,0.0,0.0,0.0,0.0,0.0,0.0,0.0,0.0,0.0,0.0,0.0,0.0,False
450063,Timber,Crystal Palace,MID,0,0,0,0,,,,,,,,,,,,,,1.571,1.5061,1.645,1.6117,,,,,,,,,,,,,,,,,,,,,,50,a,0,0,0,1,1,Everton,A,3,0.9343,1.4505,0.0,0.0,0.0,0.0,0.0,0.0,0.0,0.0,0.0,0.0,0.0,0.0,0.0,0.0,0.0,False
533646,Osorio,Crystal Palace,MID,0,0,0,0,,,,,,,,,,,,,,1.571,1.5061,1.645,1.6117,,,,,,,,,,,,,,,,,,,,,,55,a,0,0,0,1,1,Everton,A,3,0.9343,1.4505,2.1781,0.8075,0.5306,0.0,-0.0969,-0.0242,0.1582,0.2425,0.4041,0.1764,0.0,0.0012,0.65,0.8075,0.5306,False
128295,Nørgaard,Everton,MID,0,0,0,0,39.1,101.0,0.0513,0.0596,0.7294,10.8951,0.0,45.0,0.06,0.08,0.1,10.0,0.0,1.2898,1.4949,1.36,1.4233,0.0223,0.0259,0.3169,4.7333,0.0,8.7774,0.08,0.04,2.28,16.0,0.0,28.0,20.2037,0.03,0.04,0.05,5.0,0.0,9.0,45.0,18.0,49,i,0,0,0,1,1,Crystal Palace,H,3,1.1229,1.4679,0.0,0.0,0.0,0.0,0.0,0.0,0.0,0.0,0.0,0.0,0.0,0.0,0.0,0.0,0.0,False
242898,Johnson,Everton,MID,34,0,1,0,397.2,1710.0,0.1018,0.0798,1.5101,6.6693,0.013,423.0,0.1298,0.083,1.534,7.0213,0.0,1.2898,1.4949,1.36,1.4233,0.4492,0.3521,6.6645,29.4339,0.0573,37.8202,2.45,1.31,28.29,121.0,2.0,217.0,8.5695,0.61,0.39,7.21,33.0,0.0,28.0,423.0,5.9574,59,a,1,0,1,1,1,Crystal Palace,H,3,1.1229,1.4679,1.8039,0.7594,0.4653,0.0,-0.0911,-0.0228,0.0534,0.1689,0.338,0.1528,0.0,0.0181,0.5625,0.7594,0.4653,False
111234,Pickford,Everton,GK,180,2,0,0,677.0,3420.0,0.0,0.006,1.4949,0.0,0.1382,540.0,0.0,0.0083,1.4233,0.0,0.0,1.2898,1.4949,1.36,1.4233,0.0,0.045,11.2453,0.0,1.0396,85.8728,0.0,0.2,56.24,0.0,11.0,545.0,11.4159,0.0,0.05,8.54,0.0,0.0,41.0,540.0,6.8333,55,a,0,2,2,1,1,Crystal Palace,H,3,1.1229,1.4679,3.2621,0.96,0.9453,0.9193,-0.1152,-0.0288,0.2745,0.018,0.0,1.0171,-0.482,0.0,0.95,0.96,0.9453,False
229600,Travers,Everton,GK,0,0,0,0,0.0,0.0,0.0,0.0,0.0,0.0,0.0,0.0,0.0,0.0,0.0,0.0,0.0,1.2898,1.4949,1.36,1.4233,0.0,0.0,0.0,0.0,0.0,0.0,0.0,0.0,0.0,0.0,0.0,0.0,0.0,0.0,0.0,0.0,0.0,0.0,0.0,0.0,0.0,50,a,0,0,0,1,1,Crystal Palace,H,3,1.1229,1.4679,0.0,0.0,0.0,0.0,0.0,0.0,0.0,0.0,0.0,0.0,0.0,0.0,0.0,0.0,0.0,False
138001,King,Everton,GK,0,0,0,0,0.0,0.0,0.0,0.0,0.0,0.0,0.0,0.0,0.0,0.0,0.0,0.0,0.0,1.2898,1.4949,1.36,1.4233,0.0,0.0,0.0,0.0,0.0,0.0,0.0,0.0,0.0,0.0,0.0,0.0,0.0,0.0,0.0,0.0,0.0,0.0,0.0,0.0,0.0,45,a,0,0,0,1,1,Crystal Palace,H,3,1.1229,1.4679,0.0,0.0,0.0,0.0,0.0,0.0,0.0,0.0,0.0,0.0,0.0,0.0,0.0,0.0,0.0,False
17761,Tarkowski,Everton,DEF,180,2,0,0,647.8,3330.0,0.0808,0.0736,1.4407,9.5296,0.4218,540.0,0.075,0.13,1.4233,8.6667,0.5,1.2898,1.4949,1.36,1.4233,0.5818,0.5301,10.3699,68.5922,3.0357,105.2519,2.53,2.1,53.54,376.0,12.0,592.0,14.6228,0.45,0.78,8.54,52.0,3.0,70.0,540.0,11.6667,60,a,0,2,2,1,1,Crystal Palace,H,3,1.1229,1.4679,3.0093,0.908,0.8858,0.0,-0.109,-0.0272,0.2465,0.2458,0.467,0.953,-0.4565,0.4949,0.9,0.908,0.8858,False
480455,Branthwaite,Everton,DEF,180,2,0,0,193.1,678.0,0.0431,0.0136,1.3247,9.3923,0.0,86.0,0.0,0.0209,1.193,11.5116,0.0,1.2898,1.4949,1.36,1.4233,0.0924,0.0291,2.8422,20.1518,0.0,31.1533,0.3399999999999999,0.11,9.43,67.0,0.0,108.0,14.5199,0.0,0.02,1.14,11.0,0.0,14.0,86.0,14.6512,55,a,0,2,2,1,1,Crystal Palace,H,3,1.1229,1.4679,2.0513,0.862,0.4932,0.0,-0.1034,-0.0259,0.1183,0.0428,0.1289,0.7965,-0.1572,0.0443,0.85,0.862,0.4932,False
106611,Keane,Everton,DEF,0,0,0,0,485.0,2588.0,0.0719,0.0375,1.5451,10.3039,0.1139,453.0,0.0656,0.0576,1.4702,8.7417,0.0,1.2898,1.4949,1.36,1.4233,0.3875,0.2021,8.3263,55.5268,0.6138,61.9789,2.3,0.49,44.52,302.0,8.0,404.0,11.5012,0.33,0.29,7.4,44.0,0.0,24.0,453.0,4.7682,49,a,0,0,0,1,1,Crystal Palace,H,3,1.1229,1.4679,0.4503,0.2262,0.144,0.0,-0.0271,-0.0068,0.0069,0.0212,0.0665,0.1892,-0.0658,0.0489,0.1589,0.2262,0.144,False
512462,O'Brien,Everton,DEF,0,0,0,0,608.9,3118.0,0.0794,0.0287,1.5624,6.3535,0.0305,482.0,0.1363,0.028,1.4882,5.6017,0.0,1.2898,1.4949,1.36,1.4233,0.5369,0.1944,10.5705,42.9847,0.2063,53.8945,1.6700000000000002,1.0,53.49,231.0,2.0,368.0,7.966,0.7300000000000001,0.15,7.97,30.0,0.0,6.0,482.0,1.1203,49,a,0,0,0,1,1,Crystal Palace,H,3,1.1229,1.4679,0.4921,0.2356,0.1532,0.0,-0.0283,-0.0071,0.0069,0.0168,0.0875,0.2013,-0.0698,0.0089,0.1691,0.2356,0.1532,False
224967,Mykolenko,Everton,DEF,180,2,0,0,627.7,2959.0,0.0048,0.0596,1.5042,6.9052,0.0605,540.0,0.0,0.025,1.4233,6.8333,0.0,1.2898,1.4949,1.36,1.4233,0.0338,0.4159,10.491,48.16,0.4217,64.3562,0.2799999999999999,2.46,48.41,231.0,2.0,350.0,9.2274,0.0,0.15,8.54,41.0,0.0,23.0,540.0,3.8333,45,a,0,2,2,1,1,Crystal Palace,H,3,1.1229,1.4679,2.3926,0.908,0.8858,0.0,-0.109,-0.0272,0.1076,0.163,0.0719,0.953,-0.4565,0.1997,0.9,0.908,0.8858,False
243571,Patterson,Everton,DEF,0,0,0,0,37.2,238.0,0.0082,0.0172,1.4932,12.2528,0.0,1.0,0.0,0.0,10.8,90.0,0.0,1.2898,1.4949,1.36,1.4233,0.0034,0.0071,0.6172,5.0645,0.0,9.5211,0.03,0.04,3.67,31.0,0.0,67.0,23.0349,0.0,0.0,0.12,1.0,0.0,-1.0,1.0,-90.0,45,u,0,0,0,1,1,Crystal Palace,H,3,1.1229,1.4679,0.0,0.0,0.0,0.0,0.0,0.0,0.0,0.0,0.0,0.0,0.0,0.0,0.0,0.0,0.0,False
499300,Aznou,Everton,DEF,0,0,0,0,0.0,0.0,0.0,0.0,0.0,0.0,0.0,0.0,0.0,0.0,0.0,0.0,0.0,1.2898,1.4949,1.36,1.4233,0.0,0.0,0.0,0.0,0.0,0.0,0.0,0.0,0.0,0.0,0.0,0.0,0.0,0.0,0.0,0.0,0.0,0.0,0.0,0.0,0.0,40,u,0,0,0,1,1,Crystal Palace,H,3,1.1229,1.4679,0.0,0.0,0.0,0.0,0.0,0.0,0.0,0.0,0.0,0.0,0.0,0.0,0.0,0.0,0.0,False
215413,Dewsbury-Hall,Everton,MID,180,2,0,0,577.5,2629.0,0.1621,0.1706,1.4639,8.0698,0.4993,533.0,0.1081,0.2144,1.4201,8.1051,0.3377,1.2898,1.4949,1.36,1.4233,1.0401,1.0948,9.3933,51.7814,3.2039,127.0111,4.35,5.34,40.38,230.0,18.0,598.0,19.7939,0.64,1.27,8.41,48.0,2.0,106.0,533.0,17.8987,65,a,0,2,2,1,1,Crystal Palace,H,3,1.1229,1.4679,3.5981,0.945,0.8744,0.0,-0.1134,-0.0284,0.3702,0.5439,0.7911,0.2352,0.0,0.227,0.9,0.945,0.8744,False
114283,Grealish,Everton,MID,8,0,1,0,121.8,1627.0,0.1091,0.1379,1.4497,7.1389,0.5676,0.0,0.0,0.0,0.0,0.0,0.0,1.2898,1.4949,1.36,1.4233,0.1477,0.1866,1.9619,9.6613,0.7682,23.795,2.05,3.37,25.81,135.0,12.0,356.0,17.5825,0.0,0.0,0.0,0.0,0.0,0.0,0.0,0.0,65,a,1,0,1,1,1,Crystal Palace,H,3,1.1229,1.4679,1.9166,0.7594,0.4653,0.0,-0.0911,-0.0228,0.0884,0.243,0.3416,0.1528,0.0,0.0248,0.5625,0.7594,0.4653,False
232928,Garner,Everton,MID,72,1,0,0,676.3,3413.0,0.0391,0.1876,1.4957,11.9268,0.2202,540.0,0.0217,0.195,1.4233,10.5,0.0,1.2898,1.4949,1.36,1.4233,0.2935,1.4099,11.2395,89.6233,1.655,160.1011,2.1,6.18,56.18,458.0,13.0,818.0,21.3058,0.13,1.17,8.54,63.0,0.0,117.0,540.0,19.5,60,a,0,1,1,1,1,Crystal Palace,H,3,1.1229,1.4679,3.4258,0.945,0.8744,0.0,-0.1134,-0.0284,0.6835,0.574,0.2754,0.2352,0.0,0.7117,0.9,0.945,0.8744,False
550615,George,Everton,MID,144,2,0,0,84.2,351.0,0.1345,0.6012,2.0158,8.1406,0.0,90.0,0.1,1.02,1.56,9.0,0.0,1.2898,1.4949,1.36,1.4233,0.1258,0.5625,1.8859,7.616,0.0,24.2829,0.64,1.19,6.49,23.0,0.0,55.0,25.9556,0.1,1.02,1.56,9.0,0.0,33.0,90.0,33.0,55,a,0,2,2,1,1,Crystal Palace,H,3,1.1229,1.4679,2.5197,0.9175,0.4678,0.0,-0.1101,-0.0275,0.2444,0.5056,0.3532,0.1889,0.0,0.0032,0.85,0.9175,0.4678,False
502697,Alcaraz,Everton,MID,5,0,1,0,57.0,679.0,0.2709,0.1618,1.8477,13.3885,0.0,12.0,0.975,0.75,3.975,45.0,0.0,1.2898,1.4949,1.36,1.4233,0.1716,0.1025,1.1702,8.4794,0.0,15.3773,1.17,0.54,13.56,70.0,0.0,121.0,24.2799,0.13,0.0999999999999999,0.53,6.0,0.0,10.0,12.0,75.0,50,a,1,0,1,1,1,Crystal Palace,H,3,1.1229,1.4679,2.3376,0.7594,0.4653,0.0,-0.0911,-0.0228,0.1762,0.276,0.6418,0.1528,0.0,0.1518,0.5625,0.7594,0.4653,False
609873,Armstrong,Everton,MID,176,2,0,0,113.5,524.0,0.1395,0.036,1.9346,7.5479,0.0,29.0,0.0,0.031,0.4345,0.0,0.0,1.2898,1.4949,1.36,1.4233,0.1759,0.0454,2.4397,9.5188,0.0,19.0085,0.79,0.22,10.93,50.0,0.0,84.0,15.0728,0.0,0.01,0.1399999999999999,0.0,0.0,6.0,29.0,18.6207,50,a,0,2,2,1,1,Crystal Palace,H,3,1.1229,1.4679,2.0046,0.9175,0.4678,0.0,-0.1101,-0.0275,0.0977,0.1366,0.3537,0.1889,0.0,0.0033,0.85,0.9175,0.4678,False
496661,Dibling,Everton,MID,0,0,0,0,38.9,349.0,0.0571,0.0451,1.9004,9.4949,0.0,0.0,0.0,0.0,0.0,0.0,0.0,1.2898,1.4949,1.36,1.4233,0.0247,0.0195,0.8214,4.1039,0.0,5.5124,0.2,0.14,6.65,40.0,0.0,49.0,12.7536,0.0,0.0,0.0,0.0,0.0,0.0,0.0,0.0,54,a,0,0,0,1,1,Crystal Palace,H,3,1.1229,1.4679,0.0,0.0,0.0,0.0,0.0,0.0,0.0,0.0,0.0,0.0,0.0,0.0,0.0,0.0,0.0,False
513466,Röhl,Everton,MID,175,2,0,0,221.6,675.0,0.0578,0.0464,1.717,7.1541,0.483,317.0,0.0483,0.0397,1.4451,5.6782,0.5678,1.2898,1.4949,1.36,1.4233,0.1423,0.1142,4.2276,17.6149,1.1892,36.0955,0.67,0.35,13.31,68.0,2.0,98.0,14.6597,0.17,0.14,5.09,20.0,2.0,50.0,317.0,14.1956,50,a,0,2,2,1,1,Crystal Palace,H,3,1.1229,1.4679,2.7304,0.9175,0.8259,0.0,-0.1101,-0.0275,0.1619,0.2739,0.4867,0.2221,0.0,0.0656,0.85,0.9175,0.8259,False
244860,Hackney,Everton,MID,106,1,0,0,,,,,,,,,,,,,,1.2898,1.4949,1.36,1.4233,,,,,,,,,,,,,,,,,,,,,,55,a,0,1,1,1,1,Crystal Palace,H,3,1.1229,1.4679,2.0263,0.8969,0.4473,0.0,-0.1076,-0.0269,0.1835,0.1772,0.2953,0.1806,0.0,0.0001,0.8125,0.8969,0.4473,False
486385,Beto,Everton,FWD,31,0,1,0,332.0,1551.0,0.48,0.0104,1.2591,4.963,1.3643,282.0,0.3734,0.0032,1.2702,4.4681,1.5957,1.2898,1.4949,1.36,1.4233,1.7706,0.0383,4.6445,18.308,5.0327,99.0398,8.9,0.23,24.16,89.0,15.0,343.0,26.8481,1.17,0.01,3.98,14.0,5.0,71.0,282.0,22.6596,54,u,1,0,1,1,1,Crystal Palace,H,3,1.1229,1.4679,0.0,0.0,0.0,0.0,0.0,0.0,0.0,0.0,0.0,0.0,0.0,0.0,0.0,0.0,0.0,False
586309,Barry,Everton,FWD,147,2,0,0,347.8,1898.0,0.4887,0.023,1.7529,4.3353,0.621,253.0,0.7257,0.0213,1.6257,5.6917,0.7115,1.2898,1.4949,1.36,1.4233,1.8886,0.0889,6.774,16.7537,2.3998,69.602,8.17,0.44,33.49,74.0,9.0,295.0,18.0109,2.04,0.06,4.57,16.0,2.0,67.0,253.0,23.834,55,a,0,2,2,1,1,Crystal Palace,H,3,1.1229,1.4679,4.2372,0.945,0.8744,0.0,-0.1134,-0.0284,0.5498,0.1623,2.0054,0.0,0.0,0.0088,0.9,0.945,0.8744,False
154043,Maitland-Niles,Everton,DEF,0,0,0,0,,,,,,,,,,,,,,1.2898,1.4949,1.36,1.4233,,,,,,,,,,,,,,,,,,,,,,45,a,0,0,0,1,1,Crystal Palace,H,3,1.1229,1.4679,0.0,0.0,0.0,0.0,0.0,0.0,0.0,0.0,0.0,0.0,0.0,0.0,0.0,0.0,0.0,False
80201,Leno,Fulham,GK,180,2,0,0,677.0,3420.0,0.0,0.0016,1.3598,0.0,0.2979,540.0,0.0,0.0033,1.3533,0.0,0.6667,1.375,1.3598,1.1867,1.3533,0.0,0.0119,10.229,0.0,2.2406,128.4606,0.0,0.02,52.73,0.0,8.0,556.0,17.0775,0.0,0.02,8.12,0.0,4.0,135.0,540.0,22.5,45,a,0,2,2,1,1,Chelsea,H,4,1.119,1.3274,3.6864,0.96,0.9453,0.9109,-0.1152,-0.0288,0.5348,0.0054,0.0,1.1398,-0.4198,0.0,0.95,0.96,0.9453,False
86873,Lecomte,Fulham,GK,0,0,0,0,0.0,0.0,0.0,0.0,0.0,0.0,0.0,0.0,0.0,0.0,0.0,0.0,0.0,1.375,1.3598,1.1867,1.3533,0.0,0.0,0.0,0.0,0.0,0.0,0.0,0.0,0.0,0.0,0.0,0.0,0.0,0.0,0.0,0.0,0.0,0.0,0.0,0.0,0.0,40,a,0,0,0,1,1,Chelsea,H,4,1.119,1.3274,0.0,0.0,0.0,0.0,0.0,0.0,0.0,0.0,0.0,0.0,0.0,0.0,0.0,0.0,0.0,False
505079,McNally,Fulham,GK,0,0,0,0,0.0,0.0,0.0,0.0,0.0,0.0,0.0,0.0,0.0,0.0,0.0,0.0,0.0,1.375,1.3598,1.1867,1.3533,0.0,0.0,0.0,0.0,0.0,0.0,0.0,0.0,0.0,0.0,0.0,0.0,0.0,0.0,0.0,0.0,0.0,0.0,0.0,0.0,0.0,40,u,0,0,0,1,1,Chelsea,H,4,1.119,1.3274,0.0,0.0,0.0,0.0,0.0,0.0,0.0,0.0,0.0,0.0,0.0,0.0,0.0,0.0,0.0,False
174874,Andersen,Fulham,DEF,90,1,0,0,485.5,2882.0,0.0416,0.0414,1.4957,9.7533,0.3257,321.0,0.0308,0.0112,1.5981,10.0935,0.8411,1.375,1.3598,1.1867,1.3533,0.2246,0.2235,8.0683,52.6135,1.7568,68.2164,1.43,1.83,44.88,329.0,8.0,424.0,12.6457,0.11,0.04,5.7,36.0,3.0,55.0,321.0,15.4206,50,a,0,1,1,1,1,Chelsea,H,4,1.119,1.3274,2.7853,0.908,0.8841,0.0,-0.109,-0.0272,0.1859,0.1212,0.258,1.066,-0.3976,0.5414,0.9,0.908,0.8841,False
169528,Robinson,Fulham,DEF,171,2,0,0,420.2,1487.0,0.1125,0.0742,1.4403,8.438,0.4877,378.0,0.2024,0.0595,1.6143,7.8571,0.7143,1.375,1.3598,1.1867,1.3533,0.5254,0.3465,6.7248,39.3962,2.2771,85.0024,1.07,1.58,24.12,136.0,7.0,280.0,18.2061,0.8500000000000001,0.25,6.779999999999999,33.0,3.0,89.0,378.0,21.1905,45,a,0,2,2,1,1,Chelsea,H,4,1.119,1.3274,3.16,0.862,0.835,0.0,-0.1034,-0.0259,0.2545,0.1926,0.6181,1.0068,-0.3757,0.3278,0.85,0.862,0.835,False
246301,J.Cuenca,Fulham,DEF,90,1,0,0,125.4,935.0,0.0063,0.0695,1.5334,12.4026,0.0822,4.0,0.0,0.0,2.475,67.5,0.0,1.375,1.3598,1.1867,1.3533,0.0088,0.0968,2.1366,17.281,0.1146,19.5916,0.05,0.53,14.7,117.0,1.0,155.0,14.061,0.0,0.0,0.11,3.0,0.0,0.0,4.0,0.0,45,a,0,1,1,1,1,Chelsea,H,4,1.119,1.3274,1.9384,0.8275,0.447,0.0,-0.0993,-0.0248,0.0922,0.086,0.0592,0.7829,-0.1283,0.1032,0.8125,0.8275,0.447,False
167074,Tete,Fulham,DEF,0,0,0,0,209.4,1791.0,0.0705,0.0856,1.2501,8.1503,0.1994,0.0,0.0,0.0,0.0,0.0,0.0,1.375,1.3598,1.1867,1.3533,0.164,0.1991,2.9085,18.9631,0.464,36.163,0.92,1.46,25.79,165.0,5.0,318.0,15.5428,0.0,0.0,0.0,0.0,0.0,0.0,0.0,0.0,45,a,0,0,0,1,1,Chelsea,H,4,1.119,1.3274,0.0,0.0,0.0,0.0,0.0,0.0,0.0,0.0,0.0,0.0,0.0,0.0,0.0,0.0,0.0,False
232892,Bassey,Fulham,DEF,180,2,0,0,550.4,2532.0,0.0526,0.0133,1.3132,6.5555,0.2092,540.0,0.0117,0.0133,1.3533,5.1667,0.0,1.375,1.3598,1.1867,1.3533,0.3215,0.0812,8.031,40.0904,1.2793,102.7331,1.71,0.35,38.01,205.0,9.0,392.0,16.7987,0.07,0.08,8.12,31.0,0.0,118.0,540.0,19.6667,45,a,0,2,2,1,1,Chelsea,H,4,1.119,1.3274,2.7758,0.908,0.8841,0.0,-0.109,-0.0272,0.2096,0.0626,0.2833,1.066,-0.3976,0.1461,0.9,0.908,0.8841,False
166477,Castagne,Fulham,DEF,157,2,0,0,474.4,1838.0,0.0622,0.1031,1.4356,6.4854,0.3258,532.0,0.0491,0.115,1.3669,5.2444,0.5075,1.375,1.3598,1.1867,1.3533,0.3281,0.5435,7.567,34.1851,1.7173,97.5218,1.5,1.47,32.660000000000004,146.0,3.0,294.0,18.5012,0.29,0.68,8.08,31.0,3.0,127.0,532.0,21.485,45,a,0,2,2,1,1,Chelsea,H,4,1.119,1.3274,3.1249,0.908,0.8841,0.0,-0.109,-0.0272,0.2644,0.285,0.3552,1.066,-0.3976,0.1516,0.9,0.908,0.8841,False
153133,Iwobi,Fulham,MID,180,2,0,0,429.5,2420.0,0.1112,0.1929,1.1659,7.545,0.452,198.0,0.2409,0.1591,0.6,9.0909,0.0,1.375,1.3598,1.1867,1.3533,0.5307,0.9204,5.5641,36.0066,2.1571,92.034,1.91,4.7,35.7,188.0,13.0,508.0,19.2854,0.53,0.35,1.32,20.0,0.0,38.0,198.0,17.2727,55,a,0,2,2,1,1,Chelsea,H,4,1.119,1.3274,3.4603,0.945,0.8713,0.0,-0.1134,-0.0284,0.3001,0.5681,0.675,0.2626,0.0,0.1856,0.9,0.945,0.8713,False
209289,Smith Rowe,Fulham,MID,14,0,1,0,440.4,1909.0,0.1596,0.0404,1.3672,7.0093,0.0197,412.0,0.0633,0.0218,1.2299,6.9903,0.0,1.375,1.3598,1.1867,1.3533,0.7812,0.1976,6.6904,34.299,0.0964,70.4935,4.71,1.12,31.27,148.0,1.0,351.0,14.406,0.29,0.1,5.63,32.0,0.0,66.0,412.0,14.4175,55,a,1,0,1,1,1,Chelsea,H,4,1.119,1.3274,2.0962,0.8212,0.544,0.0,-0.0985,-0.0246,0.0677,0.1266,0.4827,0.1971,0.0,0.0261,0.675,0.8212,0.544,False
560552,Kevin,Fulham,MID,24,0,1,0,178.8,1030.0,0.0975,0.0978,1.2004,7.4364,0.0,132.0,0.0614,0.0477,1.0636,7.5,0.0,1.375,1.3598,1.1867,1.3533,0.1937,0.1942,2.3847,14.7736,0.0,32.7804,1.21,1.4700000000000002,14.57,86.0,0.0,183.0,16.5002,0.09,0.07,1.56,11.0,0.0,25.0,132.0,17.0455,54,a,1,0,1,1,1,Chelsea,H,4,1.119,1.3274,1.8333,0.7594,0.4537,0.0,-0.0911,-0.0228,0.0694,0.1945,0.3258,0.1644,0.0,0.0208,0.5625,0.7594,0.4537,False
477555,Bobb,Fulham,MID,133,2,0,0,252.6,1030.0,0.1572,0.1771,1.1265,6.8715,0.0,226.0,0.1314,0.215,1.2027,7.1681,0.0,1.375,1.3598,1.1867,1.3533,0.4412,0.4971,3.1617,19.2859,0.0,44.0515,1.4700000000000002,2.1,12.71,76.0,0.0,182.0,15.6953,0.33,0.54,3.02,18.0,0.0,43.0,226.0,17.1239,55,a,0,2,2,1,1,Chelsea,H,4,1.119,1.3274,3.2388,0.9175,0.823,0.0,-0.1101,-0.0275,0.1465,0.5061,0.7553,0.2481,0.0,0.0797,0.85,0.9175,0.823,False
207189,Berge,Fulham,MID,154,2,0,0,491.3,2904.0,0.0552,0.0521,1.1882,8.5528,0.0817,225.0,0.088,0.072,0.632,6.8,0.0,1.375,1.3598,1.1867,1.3533,0.3016,0.2846,6.486,46.6887,0.446,83.2925,1.54,1.5,43.09,280.0,3.0,503.0,15.2581,0.22,0.18,1.58,17.0,0.0,27.0,225.0,10.8,50,a,0,2,2,1,1,Chelsea,H,4,1.119,1.3274,2.7027,0.945,0.8713,0.0,-0.1134,-0.0284,0.1837,0.2182,0.3837,0.2626,0.0,0.2601,0.9,0.945,0.8713,False
76357,Cairney,Fulham,MID,0,0,0,0,179.5,756.0,0.1349,0.1392,1.1288,7.786,0.0627,211.0,0.1109,0.1919,0.7038,7.2512,0.0,1.375,1.3598,1.1867,1.3533,0.2691,0.2776,2.2514,15.5287,0.125,51.2368,1.21,0.8099999999999999,11.67,61.0,1.0,181.0,25.6898,0.26,0.45,1.65,17.0,0.0,62.0,211.0,26.4455,50,i,0,0,0,1,1,Chelsea,H,4,1.119,1.3274,0.0,0.0,0.0,0.0,0.0,0.0,0.0,0.0,0.0,0.0,0.0,0.0,0.0,0.0,0.0,False
577725,King,Fulham,MID,180,2,0,0,202.9,1290.0,0.2264,0.0554,1.4043,8.1295,0.4705,118.0,0.1144,0.0992,1.9907,8.3898,0.0,1.375,1.3598,1.1867,1.3533,0.5105,0.1249,3.166,18.3275,1.0607,48.7328,2.47,0.66,18.97,107.0,3.0,225.0,21.6163,0.15,0.13,2.6100000000000003,11.0,0.0,33.0,118.0,25.1695,55,a,0,2,2,1,1,Chelsea,H,4,1.119,1.3274,2.4176,0.9175,0.4678,0.0,-0.1101,-0.0275,0.1864,0.164,0.6347,0.2048,0.0,0.0107,0.85,0.9175,0.4678,False
184349,Sessegnon,Fulham,DEF,39,0,1,0,257.4,1816.0,0.1104,0.08,1.2161,11.2384,0.572,160.0,0.2475,0.0281,0.7537,9.5625,1.6875,1.375,1.3598,1.1867,1.3533,0.3158,0.2288,3.478,32.1418,1.6358,51.7209,1.6,1.8,26.33,218.0,8.0,332.0,18.0842,0.44,0.05,1.34,17.0,3.0,46.0,160.0,25.875,45,a,1,0,1,1,1,Chelsea,H,4,1.119,1.3274,2.3931,0.701,0.6027,0.0,-0.0841,-0.021,0.1191,0.1324,0.4049,0.8735,-0.2313,0.2571,0.675,0.701,0.6027,False
153366,Reed,Fulham,MID,0,0,0,0,36.5,89.0,0.092,0.2895,3.8268,5.6648,0.6722,63.0,0.0,0.1286,4.1714,5.7143,0.0,1.375,1.3598,1.1867,1.3533,0.0373,0.1174,1.552,2.2974,0.2726,10.0126,0.13,0.4499999999999999,3.43,6.0,2.0,48.0,24.6886,0.0,0.09,2.92,4.0,0.0,7.0,63.0,10.0,45,a,0,0,0,1,1,Chelsea,H,4,1.119,1.3274,0.5734,0.4622,0.0144,0.0,-0.0555,-0.0139,0.0263,0.0646,0.0892,0.0061,0.0,0.0,0.0221,0.4622,0.0144,False
244042,Muniz,Fulham,FWD,8,0,1,0,291.9,987.0,0.3298,0.0173,1.0504,4.1561,0.0243,334.0,0.3045,0.0081,0.8165,3.2335,0.0,1.375,1.3598,1.1867,1.3533,1.0695,0.056,3.4069,13.4797,0.0788,20.5886,3.3,0.15,13.83,52.0,3.0,94.0,6.348,1.13,0.03,3.03,12.0,0.0,22.0,334.0,5.9281,55,a,1,0,1,1,1,Chelsea,H,4,1.119,1.3274,1.896,0.7594,0.4537,0.0,-0.0911,-0.0228,0.0768,0.1104,0.7677,0.0,0.0,0.0003,0.5625,0.7594,0.4537,False
631786,Kusi-Asare,Fulham,FWD,0,0,0,0,12.8,49.0,0.0,0.0499,2.0194,12.3434,0.0,19.0,0.0,0.0,1.6579,14.2105,0.0,1.375,1.3598,1.1867,1.3533,0.0,0.0071,0.2872,1.7555,0.0,5.3183,0.0,0.07,1.1,5.0,0.0,19.0,37.3943,0.0,0.0,0.35,3.0,0.0,8.0,19.0,37.8947,45,a,0,0,0,1,1,Chelsea,H,4,1.119,1.3274,0.473,0.4537,0.0059,0.0,-0.0544,-0.0136,0.0442,0.0486,0.1466,0.0,0.0,0.0,0.0067,0.4537,0.0059,False
551466,Gonzalo,Fulham,FWD,180,2,0,0,,,,,,,,,,,,,,1.375,1.3598,1.1867,1.3533,,,,,,,,,,,,,,,,,,,,,,60,a,0,2,2,1,1,Chelsea,H,4,1.119,1.3274,1.902,0.9175,0.4678,0.0,-0.1101,-0.0275,0.1426,0.1629,0.5068,0.0,0.0,0.0,0.85,0.9175,0.4678,False
571779,Palacios,Fulham,MID,147,2,0,0,,,,,,,,,,,,,,1.375,1.3598,1.1867,1.3533,,,,,,,,,,,,,,,,,,,,,,55,a,0,2,2,1,1,Chelsea,H,4,1.119,1.3274,2.059,0.9175,0.4678,0.0,-0.1101,-0.0275,0.1699,0.1712,0.2854,0.2048,0.0,0.0,0.85,0.9175,0.4678,False
463210,Charles,Fulham,MID,45,0,1,0,,,,,,,,,,,,,,1.375,1.3598,1.1867,1.3533,,,,,,,,,,,,,,,,,,,,,,50,a,1,0,1,1,1,Chelsea,H,4,1.119,1.3274,1.9864,0.7594,0.4537,0.0,-0.0911,-0.0228,0.1115,0.2368,0.3946,0.1644,0.0,0.0007,0.5625,0.7594,0.4537,False
547686,De Fougerolles,Fulham,DEF,0,0,0,0,,,,,,,,,,,,,,1.375,1.3598,1.1867,1.3533,,,,,,,,,,,,,,,,,,,,,,40,d,0,0,0,1,1,Chelsea,H,4,1.119,1.3274,0.0,0.0,0.0,0.0,0.0,0.0,0.0,0.0,0.0,0.0,0.0,0.0,0.0,0.0,0.0,False
616069,Zepa,Fulham,MID,0,0,0,0,,,,,,,,,,,,,,1.375,1.3598,1.1867,1.3533,,,,,,,,,,,,,,,,,,,,,,45,a,0,0,0,1,1,Chelsea,H,4,1.119,1.3274,0.0,0.0,0.0,0.0,0.0,0.0,0.0,0.0,0.0,0.0,0.0,0.0,0.0,0.0,0.0,False
551050,Larsson,Fulham,MID,0,0,0,0,,,,,,,,,,,,,,1.375,1.3598,1.1867,1.3533,,,,,,,,,,,,,,,,,,,,,,50,a,0,0,0,1,1,Chelsea,H,4,1.119,1.3274,0.0,0.0,0.0,0.0,0.0,0.0,0.0,0.0,0.0,0.0,0.0,0.0,0.0,0.0,0.0,False
500033,Ángel,Fulham,MID,0,0,0,0,,,,,,,,,,,,,,1.375,1.3598,1.1867,1.3533,,,,,,,,,,,,,,,,,,,,,,50,a,0,0,0,1,1,Chelsea,H,4,1.119,1.3274,0.0,0.0,0.0,0.0,0.0,0.0,0.0,0.0,0.0,0.0,0.0,0.0,0.0,0.0,0.0,False
442299,Affengruber,Fulham,DEF,0,0,0,0,,,,,,,,,,,,,,1.375,1.3598,1.1867,1.3533,,,,,,,,,,,,,,,,,,,,,,45,a,0,0,0,1,1,Chelsea,H,4,1.119,1.3274,0.0,0.0,0.0,0.0,0.0,0.0,0.0,0.0,0.0,0.0,0.0,0.0,0.0,0.0,0.0,False
490094,Iroegbunam,Hull City,MID,4,0,1,0,338.5,1477.0,0.0303,0.0344,1.5187,11.0721,0.0395,360.0,0.0325,0.025,1.475,10.25,0.0,,,,,0.1139,0.1292,5.712,41.6435,0.1487,42.6956,0.54,0.7100000000000001,24.64,189.0,1.0,225.0,11.3519,0.13,0.1,5.9,41.0,0.0,30.0,360.0,7.5,50,a,1,0,1,1,1,Man Utd,H,4,0.9497,1.9463,1.4257,0.7594,0.4595,0.0,-0.0911,-0.0228,0.0309,0.0764,0.1241,0.1093,0.0,0.1379,0.5625,0.7594,0.4595,True
167825,Phillips,Hull City,GK,0,0,0,0,,,,,,,,,,,,,,,,,,,,,,,,,,,,,,,,,,,,,,,40,a,0,0,0,1,1,Man Utd,H,4,0.9497,1.9463,0.0,0.0,0.0,0.0,0.0,0.0,0.0,0.0,0.0,0.0,0.0,0.0,0.0,0.0,0.0,True
105666,Butland,Hull City,GK,0,0,0,0,,,,,,,,,,,,,,,,,,,,,,,,,,,,,,,,,,,,,,,45,i,0,0,0,1,1,Man Utd,H,4,0.9497,1.9463,0.0,0.0,0.0,0.0,0.0,0.0,0.0,0.0,0.0,0.0,0.0,0.0,0.0,0.0,0.0,True
494950,Cartwright,Hull City,GK,0,0,0,0,,,,,,,,,,,,,,,,,,,,,,,,,,,,,,,,,,,,,,,40,u,0,0,0,1,1,Man Utd,H,4,0.9497,1.9463,0.0,0.0,0.0,0.0,0.0,0.0,0.0,0.0,0.0,0.0,0.0,0.0,0.0,0.0,0.0,True
444307,Lo-Tutala,Hull City,GK,0,0,0,0,,,,,,,,,,,,,,,,,,,,,,,,,,,,,,,,,,,,,,,40,u,0,0,0,1,1,Man Utd,H,4,0.9497,1.9463,0.0,0.0,0.0,0.0,0.0,0.0,0.0,0.0,0.0,0.0,0.0,0.0,0.0,0.0,0.0,True
108416,Egan,Hull City,DEF,180,2,0,0,,,,,,,,,,,,,,,,,,,,,,,,,,,,,,,,,,,,,,,40,a,0,2,2,1,1,Man Utd,H,4,0.9497,1.9463,1.6205,0.862,0.4722,0.0,-0.1034,-0.0259,0.0703,0.0358,0.0717,0.5832,-0.2414,0.0051,0.85,0.862,0.4722,True
501902,Hughes,Hull City,DEF,0,0,0,0,,,,,,,,,,,,,,,,,,,,,,,,,,,,,,,,,,,,,,,40,i,0,0,0,1,1,Man Utd,H,4,0.9497,1.9463,0.0,0.0,0.0,0.0,0.0,0.0,0.0,0.0,0.0,0.0,0.0,0.0,0.0,0.0,0.0,True
146426,Ajayi,Hull City,DEF,153,2,0,0,,,,,,,,,,,,,,,,,,,,,,,,,,,,,,,,,,,,,,,41,a,0,2,2,1,1,Man Utd,H,4,0.9497,1.9463,1.6251,0.862,0.4722,0.0,-0.1034,-0.0259,0.0705,0.0373,0.0746,0.5832,-0.2414,0.0065,0.85,0.862,0.4722,True
193278,Coyle,Hull City,DEF,114,2,0,0,,,,,,,,,,,,,,,,,,,,,,,,,,,,,,,,,,,,,,,40,d,0,2,2,1,1,Man Utd,H,4,0.9497,1.9463,1.6327,0.862,0.4722,0.0,-0.1034,-0.0259,0.0709,0.0397,0.0794,0.5832,-0.2414,0.0095,0.85,0.862,0.4722,True
433590,Drameh,Hull City,DEF,65,0,1,0,,,,,,,,,,,,,,,,,,,,,,,,,,,,,,,,,,,,,,,40,u,1,0,1,1,1,Man Utd,H,4,0.9497,1.9463,0.0,0.0,0.0,0.0,0.0,0.0,0.0,0.0,0.0,0.0,0.0,0.0,0.0,0.0,0.0,True
232351,Giles,Hull City,DEF,174,2,0,0,,,,,,,,,,,,,,,,,,,,,,,,,,,,,,,,,,,,,,,40,a,0,2,2,1,1,Man Utd,H,4,0.9497,1.9463,1.6216,0.862,0.4722,0.0,-0.1034,-0.0259,0.0704,0.0362,0.0723,0.5832,-0.2414,0.0053,0.85,0.862,0.4722,True
449428,Jacob,Hull City,DEF,0,0,0,0,,,,,,,,,,,,,,,,,,,,,,,,,,,,,,,,,,,,,,,40,u,0,0,0,1,1,Man Utd,H,4,0.9497,1.9463,0.0,0.0,0.0,0.0,0.0,0.0,0.0,0.0,0.0,0.0,0.0,0.0,0.0,0.0,0.0,True
661800,McCarthy,Hull City,DEF,0,0,0,0,,,,,,,,,,,,,,,,,,,,,,,,,,,,,,,,,,,,,,,40,a,0,0,0,1,1,Man Utd,H,4,0.9497,1.9463,0.0,0.0,0.0,0.0,0.0,0.0,0.0,0.0,0.0,0.0,0.0,0.0,0.0,0.0,0.0,True
160817,McNair,Hull City,DEF,26,0,1,0,,,,,,,,,,,,,,,,,,,,,,,,,,,,,,,,,,,,,,,40,a,1,0,1,1,1,Man Utd,H,4,0.9497,1.9463,1.2469,0.5975,0.5055,0.0,-0.0717,-0.0179,0.0302,0.0516,0.1032,0.4812,-0.3288,0.0751,0.5625,0.5975,0.5055,True
540324,Belloumi,Hull City,MID,172,2,0,0,,,,,,,,,,,,,,,,,,,,,,,,,,,,,,,,,,,,,,,50,a,0,2,2,1,1,Man Utd,H,4,0.9497,1.9463,1.7757,0.9175,0.4678,0.0,-0.1101,-0.0275,0.1051,0.1119,0.1865,0.1444,0.0,0.0,0.85,0.9175,0.4678,True
232905,Millar,Hull City,MID,50,0,1,0,,,,,,,,,,,,,,,,,,,,,,,,,,,,,,,,,,,,,,,50,u,1,0,1,1,1,Man Utd,H,4,0.9497,1.9463,0.0,0.0,0.0,0.0,0.0,0.0,0.0,0.0,0.0,0.0,0.0,0.0,0.0,0.0,0.0,True
171270,Dowell,Hull City,MID,0,0,0,0,,,,,,,,,,,,,,,,,,,,,,,,,,,,,,,,,,,,,,,45,a,0,0,0,1,1,Man Utd,H,4,0.9497,1.9463,0.0,0.0,0.0,0.0,0.0,0.0,0.0,0.0,0.0,0.0,0.0,0.0,0.0,0.0,0.0,True
101282,Crooks,Hull City,MID,90,1,0,0,,,,,,,,,,,,,,,,,,,,,,,,,,,,,,,,,,,,,,,45,d,0,1,1,1,1,Man Utd,H,4,0.9497,1.9463,1.7553,0.8969,0.4473,0.0,-0.1076,-0.0269,0.0992,0.1231,0.2052,0.1381,0.0,0.0001,0.8125,0.8969,0.4473,True
243413,Slater,Hull City,MID,180,2,0,0,,,,,,,,,,,,,,,,,,,,,,,,,,,,,,,,,,,,,,,45,a,0,2,2,1,1,Man Utd,H,4,0.9497,1.9463,1.772,0.9175,0.4678,0.0,-0.1101,-0.0275,0.1049,0.1106,0.1844,0.1444,0.0,0.0,0.85,0.9175,0.4678,True
465525,Matazo,Hull City,MID,0,0,0,0,,,,,,,,,,,,,,,,,,,,,,,,,,,,,,,,,,,,,,,45,i,0,0,0,1,1,Man Utd,H,4,0.9497,1.9463,0.0,0.0,0.0,0.0,0.0,0.0,0.0,0.0,0.0,0.0,0.0,0.0,0.0,0.0,0.0,True
208481,Ömür,Hull City,MID,0,0,0,0,,,,,,,,,,,,,,,,,,,,,,,,,,,,,,,,,,,,,,,50,a,0,0,0,1,1,Man Utd,H,4,0.9497,1.9463,0.0,0.0,0.0,0.0,0.0,0.0,0.0,0.0,0.0,0.0,0.0,0.0,0.0,0.0,0.0,True
490161,Kamara,Hull City,MID,0,0,0,0,,,,,,,,,,,,,,,,,,,,,,,,,,,,,,,,,,,,,,,50,u,0,0,0,1,1,Man Utd,H,4,0.9497,1.9463,0.0,0.0,0.0,0.0,0.0,0.0,0.0,0.0,0.0,0.0,0.0,0.0,0.0,0.0,0.0,True
553783,Zambrano,Hull City,MID,0,0,0,0,,,,,,,,,,,,,,,,,,,,,,,,,,,,,,,,,,,,,,,45,i,0,0,0,1,1,Man Utd,H,4,0.9497,1.9463,0.0,0.0,0.0,0.0,0.0,0.0,0.0,0.0,0.0,0.0,0.0,0.0,0.0,0.0,0.0,True
169432,McBurnie,Hull City,FWD,180,2,0,0,,,,,,,,,,,,,,,,,,,,,,,,,,,,,,,,,,,,,,,55,a,0,2,2,1,1,Man Utd,H,4,0.9497,1.9463,1.6242,0.9175,0.4678,0.0,-0.1101,-0.0275,0.0798,0.1106,0.3441,0.0,0.0,0.0,0.85,0.9175,0.4678,True
213292,Akintola,Hull City,MID,0,0,0,0,,,,,,,,,,,,,,,,,,,,,,,,,,,,,,,,,,,,,,,50,a,0,0,0,1,1,Man Utd,H,4,0.9497,1.9463,0.0,0.0,0.0,0.0,0.0,0.0,0.0,0.0,0.0,0.0,0.0,0.0,0.0,0.0,0.0,True
470294,Gyabi,Hull City,MID,0,0,0,0,0.0,0.0,0.0,0.0,0.0,0.0,0.0,0.0,0.0,0.0,0.0,0.0,0.0,,,,,0.0,0.0,0.0,0.0,0.0,0.0,0.0,0.0,0.0,0.0,0.0,0.0,0.0,0.0,0.0,0.0,0.0,0.0,0.0,0.0,0.0,45,i,0,0,0,1,1,Man Utd,H,4,0.9497,1.9463,0.0,0.0,0.0,0.0,0.0,0.0,0.0,0.0,0.0,0.0,0.0,0.0,0.0,0.0,0.0,True
500957,Destan,Hull City,FWD,0,0,0,0,,,,,,,,,,,,,,,,,,,,,,,,,,,,,,,,,,,,,,,45,u,0,0,0,1,1,Man Utd,H,4,0.9497,1.9463,0.0,0.0,0.0,0.0,0.0,0.0,0.0,0.0,0.0,0.0,0.0,0.0,0.0,0.0,0.0,True
534392,Burstow,Hull City,FWD,0,0,0,0,,,,,,,,,,,,,,,,,,,,,,,,,,,,,,,,,,,,,,,45,u,0,0,0,1,1,Man Utd,H,4,0.9497,1.9463,0.0,0.0,0.0,0.0,0.0,0.0,0.0,0.0,0.0,0.0,0.0,0.0,0.0,0.0,0.0,True
462635,Gelhardt,Hull City,MID,0,0,0,0,0.0,0.0,0.0,0.0,0.0,0.0,0.0,0.0,0.0,0.0,0.0,0.0,0.0,,,,,0.0,0.0,0.0,0.0,0.0,0.0,0.0,0.0,0.0,0.0,0.0,0.0,0.0,0.0,0.0,0.0,0.0,0.0,0.0,0.0,0.0,50,i,0,0,0,1,1,Man Utd,H,4,0.9497,1.9463,0.0,0.0,0.0,0.0,0.0,0.0,0.0,0.0,0.0,0.0,0.0,0.0,0.0,0.0,0.0,True
169359,Targett,Hull City,DEF,5,0,1,0,0.0,0.0,0.0,0.0,0.0,0.0,0.0,0.0,0.0,0.0,0.0,0.0,0.0,,,,,0.0,0.0,0.0,0.0,0.0,0.0,0.0,0.0,0.0,0.0,0.0,0.0,0.0,0.0,0.0,0.0,0.0,0.0,0.0,0.0,0.0,40,a,1,0,1,1,1,Man Utd,H,4,0.9497,1.9463,1.2538,0.5975,0.5055,0.0,-0.0717,-0.0179,0.0307,0.0538,0.1075,0.4812,-0.3288,0.0899,0.5625,0.5975,0.5055,True
445028,Morita,Hull City,MID,45,1,0,0,,,,,,,,,,,,,,,,,,,,,,,,,,,,,,,,,,,,,,,50,a,0,1,1,1,1,Man Utd,H,4,0.9497,1.9463,1.784,0.8969,0.4473,0.0,-0.1076,-0.0269,0.1007,0.1333,0.2222,0.1381,0.0,0.0002,0.8125,0.8969,0.4473,True
473284,Tzolakis,Hull City,GK,180,2,0,0,,,,,,,,,,,,,,,,,,,,,,,,,,,,,,,,,,,,,,,46,a,0,2,2,1,1,Man Utd,H,4,0.9497,1.9463,3.5535,0.9406,0.9353,0.9627,-0.1129,-0.0282,0.2129,0.0,0.0,1.1551,-0.266,0.0,0.94,0.9406,0.9353,True
552946,Hjertø-Dahl,Hull City,MID,0,0,0,0,,,,,,,,,,,,,,,,,,,,,,,,,,,,,,,,,,,,,,,50,a,0,0,0,1,1,Man Utd,H,4,0.9497,1.9463,0.0,0.0,0.0,0.0,0.0,0.0,0.0,0.0,0.0,0.0,0.0,0.0,0.0,0.0,0.0,True
608227,Stroud,Hull City,MID,128,2,0,0,,,,,,,,,,,,,,,,,,,,,,,,,,,,,,,,,,,,,,,50,a,0,2,2,1,1,Man Utd,H,4,0.9497,1.9463,1.7979,0.9175,0.4678,0.0,-0.1101,-0.0275,0.1064,0.1198,0.1996,0.1444,0.0,0.0001,0.85,0.9175,0.4678,True
597462,Herrington,Hull City,DEF,57,0,1,0,,,,,,,,,,,,,,,,,,,,,,,,,,,,,,,,,,,,,,,40,a,1,0,1,1,1,Man Utd,H,4,0.9497,1.9463,1.2375,0.5975,0.5055,0.0,-0.0717,-0.0179,0.0295,0.0487,0.0975,0.4812,-0.3288,0.0576,0.5625,0.5975,0.5055,True
606930,Mendy,Hull City,DEF,121,2,0,0,,,,,,,,,,,,,,,,,,,,,,,,,,,,,,,,,,,,,,,40,a,0,2,2,1,1,Man Utd,H,4,0.9497,1.9463,1.6313,0.862,0.4722,0.0,-0.1034,-0.0259,0.0709,0.0392,0.0785,0.5832,-0.2414,0.0089,0.85,0.862,0.4722,True
469266,Gourna-Douath,Hull City,MID,45,0,1,0,,,,,,,,,,,,,,,,,,,,,,,,,,,,,,,,,,,,,,,50,a,1,0,1,1,1,Man Utd,H,4,0.9497,1.9463,1.6903,0.7594,0.4595,0.0,-0.0911,-0.0228,0.0673,0.1608,0.2679,0.1093,0.0,0.0009,0.5625,0.7594,0.4595,True
490884,Cho,Hull City,MID,7,0,1,0,,,,,,,,,,,,,,,,,,,,,,,,,,,,,,,,,,,,,,,50,a,1,0,1,1,1,Man Utd,H,4,0.9497,1.9463,1.7237,0.7594,0.4595,0.0,-0.0911,-0.0228,0.0686,0.1728,0.288,0.1093,0.0,0.0015,0.5625,0.7594,0.4595,True
626751,Ansah,Hull City,FWD,0,0,0,0,,,,,,,,,,,,,,,,,,,,,,,,,,,,,,,,,,,,,,,50,a,0,0,0,1,1,Man Utd,H,4,0.9497,1.9463,0.0,0.0,0.0,0.0,0.0,0.0,0.0,0.0,0.0,0.0,0.0,0.0,0.0,0.0,0.0,True
631000,Vaz,Hull City,FWD,0,0,0,0,,,,,,,,,,,,,,,,,,,,,,,,,,,,,,,,,,,,,,,50,a,0,0,0,1,1,Man Utd,H,4,0.9497,1.9463,0.0,0.0,0.0,0.0,0.0,0.0,0.0,0.0,0.0,0.0,0.0,0.0,0.0,0.0,0.0,True
496181,Norton-Cuffy,Hull City,DEF,0,0,0,0,,,,,,,,,,,,,,,,,,,,,,,,,,,,,,,,,,,,,,,40,a,0,0,0,1,1,Man Utd,H,4,0.9497,1.9463,0.0,0.0,0.0,0.0,0.0,0.0,0.0,0.0,0.0,0.0,0.0,0.0,0.0,0.0,0.0,True
243951,Thomas,Hull City,MID,0,0,0,0,,,,,,,,,,,,,,,,,,,,,,,,,,,,,,,,,,,,,,,55,a,0,0,0,1,1,Man Utd,H,4,0.9497,1.9463,1.9355,0.8075,0.5306,0.0,-0.0969,-0.0242,0.0865,0.1972,0.3286,0.1263,0.0,0.0019,0.65,0.8075,0.5306,True
647839,Mouzakitis,Hull City,MID,0,0,0,0,,,,,,,,,,,,,,,,,,,,,,,,,,,,,,,,,,,,,,,50,a,0,0,0,1,1,Man Utd,H,4,0.9497,1.9463,0.0,0.0,0.0,0.0,0.0,0.0,0.0,0.0,0.0,0.0,0.0,0.0,0.0,0.0,0.0,True
219924,Diop,Ipswich Town,DEF,180,2,0,0,222.0,812.0,0.2062,0.0046,1.0925,5.9372,0.7886,220.0,0.3191,0.0041,0.9286,5.3182,1.2273,,,,,0.5087,0.0114,2.6949,14.645,1.9453,42.93,0.8,0.05,12.42,61.0,3.0,103.0,17.4041,0.78,0.01,2.27,13.0,3.0,54.0,220.0,22.0909,40,a,0,2,2,1,1,Sunderland,H,2,1.0193,1.4,2.8624,0.862,0.8358,0.0,-0.1034,-0.0259,0.1591,0.0486,0.6446,0.9499,-0.4044,0.0858,0.85,0.862,0.8358,True
212314,Lukić,Ipswich Town,MID,162,2,0,0,341.8,1730.0,0.0847,0.0909,1.5018,9.6593,0.2172,450.0,0.082,0.094,1.562,9.2,0.2,,,,,0.3216,0.3453,5.7034,36.684,0.8247,60.1863,2.23,1.91,27.64,183.0,4.0,314.0,15.8478,0.41,0.47,7.81,46.0,1.0,78.0,450.0,15.6,50,a,0,2,2,1,1,Sunderland,H,2,1.0193,1.4,2.5659,0.9175,0.8245,0.0,-0.1101,-0.0275,0.1554,0.2293,0.3626,0.2343,0.0,0.2019,0.85,0.9175,0.8245,True
108813,Walton,Ipswich Town,GK,0,0,0,0,,,,,,,,,,,,,,,,,,,,,,,,,,,,,,,,,,,,,,,45,a,0,0,0,1,1,Sunderland,H,2,1.0193,1.4,0.0,0.0,0.0,0.0,0.0,0.0,0.0,0.0,0.0,0.0,0.0,0.0,0.0,0.0,0.0,True
112520,Palmer,Ipswich Town,GK,0,0,0,0,,,,,,,,,,,,,,,,,,,,,,,,,,,,,,,,,,,,,,,40,a,0,0,0,1,1,Sunderland,H,2,1.0193,1.4,0.0,0.0,0.0,0.0,0.0,0.0,0.0,0.0,0.0,0.0,0.0,0.0,0.0,0.0,0.0,True
50093,Button,Ipswich Town,GK,0,0,0,0,,,,,,,,,,,,,,,,,,,,,,,,,,,,,,,,,,,,,,,40,a,0,0,0,1,1,Sunderland,H,2,1.0193,1.4,0.0,0.0,0.0,0.0,0.0,0.0,0.0,0.0,0.0,0.0,0.0,0.0,0.0,0.0,0.0,True
183015,Kipré,Ipswich Town,DEF,0,0,0,0,,,,,,,,,,,,,,,,,,,,,,,,,,,,,,,,,,,,,,,40,a,0,0,0,1,1,Sunderland,H,2,1.0193,1.4,0.0,0.0,0.0,0.0,0.0,0.0,0.0,0.0,0.0,0.0,0.0,0.0,0.0,0.0,0.0,True
216616,O'Shea,Ipswich Town,DEF,180,2,0,0,,,,,,,,,,,,,,,,,,,,,,,,,,,,,,,,,,,,,,,40,a,0,2,2,1,1,Sunderland,H,2,1.0193,1.4,1.9899,0.862,0.4722,0.0,-0.1034,-0.0259,0.1265,0.0385,0.0769,0.793,-0.1459,0.0017,0.85,0.862,0.4722,True
455084,Davis,Ipswich Town,DEF,180,2,0,0,,,,,,,,,,,,,,,,,,,,,,,,,,,,,,,,,,,,,,,40,a,0,2,2,1,1,Sunderland,H,2,1.0193,1.4,1.9899,0.862,0.4722,0.0,-0.1034,-0.0259,0.1265,0.0385,0.0769,0.793,-0.1459,0.0017,0.85,0.862,0.4722,True
449429,Greaves,Ipswich Town,DEF,180,2,0,0,,,,,,,,,,,,,,,,,,,,,,,,,,,,,,,,,,,,,,,40,a,0,2,2,1,1,Sunderland,H,2,1.0193,1.4,1.9899,0.862,0.4722,0.0,-0.1034,-0.0259,0.1265,0.0385,0.0769,0.793,-0.1459,0.0017,0.85,0.862,0.4722,True
222018,Johnson,Ipswich Town,DEF,0,0,0,0,,,,,,,,,,,,,,,,,,,,,,,,,,,,,,,,,,,,,,,40,a,0,0,0,1,1,Sunderland,H,2,1.0193,1.4,0.0,0.0,0.0,0.0,0.0,0.0,0.0,0.0,0.0,0.0,0.0,0.0,0.0,0.0,0.0,True
176420,Furlong,Ipswich Town,DEF,17,0,1,0,,,,,,,,,,,,,,,,,,,,,,,,,,,,,,,,,,,,,,,40,a,1,0,1,1,1,Sunderland,H,2,1.0193,1.4,1.6199,0.5975,0.5055,0.0,-0.0717,-0.0179,0.0538,0.0564,0.1127,0.6963,-0.2086,0.0377,0.5625,0.5975,0.5055,True
501390,Núñez,Ipswich Town,MID,140,2,0,0,,,,,,,,,,,,,,,,,,,,,,,,,,,,,,,,,,,,,,,50,a,0,2,2,1,1,Sunderland,H,2,1.0193,1.4,1.9236,0.9175,0.4678,0.0,-0.1101,-0.0275,0.1632,0.1261,0.2102,0.1964,0.0,0.0,0.85,0.9175,0.4678,True
241117,Matusiwa,Ipswich Town,MID,0,0,0,0,,,,,,,,,,,,,,,,,,,,,,,,,,,,,,,,,,,,,,,50,i,0,0,0,1,1,Sunderland,H,2,1.0193,1.4,0.0,0.0,0.0,0.0,0.0,0.0,0.0,0.0,0.0,0.0,0.0,0.0,0.0,0.0,0.0,True
149929,Burns,Ipswich Town,MID,0,0,0,0,,,,,,,,,,,,,,,,,,,,,,,,,,,,,,,,,,,,,,,50,u,0,0,0,1,1,Sunderland,H,2,1.0193,1.4,0.0,0.0,0.0,0.0,0.0,0.0,0.0,0.0,0.0,0.0,0.0,0.0,0.0,0.0,0.0,True
231899,Taylor,Ipswich Town,MID,0,0,0,0,,,,,,,,,,,,,,,,,,,,,,,,,,,,,,,,,,,,,,,45,i,0,0,0,1,1,Sunderland,H,2,1.0193,1.4,0.0,0.0,0.0,0.0,0.0,0.0,0.0,0.0,0.0,0.0,0.0,0.0,0.0,0.0,0.0,True
443261,Clarke,Ipswich Town,MID,19,0,1,0,,,,,,,,,,,,,,,,,,,,,,,,,,,,,,,,,,,,,,,55,a,1,0,1,1,1,Sunderland,H,2,1.0193,1.4,1.8321,0.7594,0.4595,0.0,-0.0911,-0.0228,0.1057,0.1812,0.302,0.1582,0.0,0.0004,0.5625,0.7594,0.4595,True
229164,Ogbene,Ipswich Town,MID,0,0,0,0,,,,,,,,,,,,,,,,,,,,,,,,,,,,,,,,,,,,,,,49,u,0,0,0,1,1,Sunderland,H,2,1.0193,1.4,0.0,0.0,0.0,0.0,0.0,0.0,0.0,0.0,0.0,0.0,0.0,0.0,0.0,0.0,0.0,True
531442,Fatawu,Ipswich Town,MID,147,2,0,0,,,,,,,,,,,,,,,,,,,,,,,,,,,,,,,,,,,,,,,55,a,0,2,2,1,1,Sunderland,H,2,1.0193,1.4,1.9196,0.9175,0.4678,0.0,-0.1101,-0.0275,0.1628,0.1248,0.208,0.1964,0.0,0.0,0.85,0.9175,0.4678,True
543968,Emersonn,Ipswich Town,FWD,110,2,0,0,,,,,,,,,,,,,,,,,,,,,,,,,,,,,,,,,,,,,,,55,d,0,2,2,1,1,Sunderland,H,2,1.0193,1.4,1.765,0.9175,0.4678,0.0,-0.1101,-0.0275,0.1313,0.1323,0.4117,0.0,0.0,0.0,0.85,0.9175,0.4678,True
222625,Hirst,Ipswich Town,FWD,0,0,0,0,,,,,,,,,,,,,,,,,,,,,,,,,,,,,,,,,,,,,,,50,u,0,0,0,1,1,Sunderland,H,2,1.0193,1.4,0.0,0.0,0.0,0.0,0.0,0.0,0.0,0.0,0.0,0.0,0.0,0.0,0.0,0.0,0.0,True
481624,Philogene,Ipswich Town,MID,0,0,0,0,,,,,,,,,,,,,,,,,,,,,,,,,,,,,,,,,,,,,,,54,i,0,0,0,1,1,Sunderland,H,2,1.0193,1.4,0.0,0.0,0.0,0.0,0.0,0.0,0.0,0.0,0.0,0.0,0.0,0.0,0.0,0.0,0.0,True
172453,Szmodics,Ipswich Town,MID,0,0,0,0,,,,,,,,,,,,,,,,,,,,,,,,,,,,,,,,,,,,,,,50,u,0,0,0,1,1,Sunderland,H,2,1.0193,1.4,0.0,0.0,0.0,0.0,0.0,0.0,0.0,0.0,0.0,0.0,0.0,0.0,0.0,0.0,0.0,True
147675,Akpom,Ipswich Town,FWD,69,0,1,0,,,,,,,,,,,,,,,,,,,,,,,,,,,,,,,,,,,,,,,50,a,1,0,1,1,1,Sunderland,H,2,1.0193,1.4,1.7224,0.7594,0.4595,0.0,-0.0911,-0.0228,0.096,0.1653,0.5141,0.0,0.0,0.0,0.5625,0.7594,0.4595,True
557012,Walle Egeli,Ipswich Town,FWD,10,0,1,0,,,,,,,,,,,,,,,,,,,,,,,,,,,,,,,,,,,,,,,45,a,1,0,1,1,1,Sunderland,H,2,1.0193,1.4,1.8078,0.7594,0.4595,0.0,-0.0911,-0.0228,0.1028,0.1844,0.5736,0.0,0.0,0.0,0.5625,0.7594,0.4595,True
462387,Al-Hamadi,Ipswich Town,FWD,0,0,0,0,,,,,,,,,,,,,,,,,,,,,,,,,,,,,,,,,,,,,,,50,u,0,0,0,1,1,Sunderland,H,2,1.0193,1.4,0.0,0.0,0.0,0.0,0.0,0.0,0.0,0.0,0.0,0.0,0.0,0.0,0.0,0.0,0.0,True
461587,McAteer,Ipswich Town,MID,31,0,1,0,,,,,,,,,,,,,,,,,,,,,,,,,,,,,,,,,,,,,,,45,a,1,0,1,1,1,Sunderland,H,2,1.0193,1.4,1.8204,0.7594,0.4595,0.0,-0.0911,-0.0228,0.105,0.1771,0.2951,0.1582,0.0,0.0003,0.5625,0.7594,0.4595,True
232457,Mehmeti,Ipswich Town,MID,0,0,0,0,,,,,,,,,,,,,,,,,,,,,,,,,,,,,,,,,,,,,,,49,a,0,0,0,1,1,Sunderland,H,2,1.0193,1.4,0.0,0.0,0.0,0.0,0.0,0.0,0.0,0.0,0.0,0.0,0.0,0.0,0.0,0.0,0.0,True
546600,Van Oevelen,Ipswich Town,GK,0,0,0,0,,,,,,,,,,,,,,,,,,,,,,,,,,,,,,,,,,,,,,,45,u,0,0,0,1,1,Sunderland,H,2,1.0193,1.4,0.0,0.0,0.0,0.0,0.0,0.0,0.0,0.0,0.0,0.0,0.0,0.0,0.0,0.0,0.0,True
442967,Maeda,Ipswich Town,MID,151,2,0,0,,,,,,,,,,,,,,,,,,,,,,,,,,,,,,,,,,,,,,,55,a,0,2,2,1,1,Sunderland,H,2,1.0193,1.4,1.9175,0.9175,0.4678,0.0,-0.1101,-0.0275,0.1627,0.124,0.2067,0.1964,0.0,0.0,0.85,0.9175,0.4678,True
240514,Scherpen,Ipswich Town,GK,180,2,0,0,0.0,0.0,0.0,0.0,0.0,0.0,0.0,0.0,0.0,0.0,0.0,0.0,0.0,,,,,0.0,0.0,0.0,0.0,0.0,0.0,0.0,0.0,0.0,0.0,0.0,0.0,0.0,0.0,0.0,0.0,0.0,0.0,0.0,0.0,0.0,45,a,0,2,2,1,1,Sunderland,H,2,1.0193,1.4,3.9799,0.9406,0.9353,0.7418,-0.1129,-0.0282,0.3393,0.0,0.0,1.5707,-0.1608,0.0,0.94,0.9406,0.9353,True
216055,Florentino,Ipswich Town,MID,0,0,0,0,402.8,2100.0,0.0191,0.0236,1.8709,13.6708,0.0,368.0,0.0147,0.0196,1.7535,14.6739,0.0,,,,,0.0855,0.1055,8.3732,61.1845,0.0,67.0045,0.64,0.52,46.26,313.0,0.0,357.0,14.9712,0.06,0.08,7.17,60.0,0.0,65.0,368.0,15.8967,50,d,0,0,0,1,1,Sunderland,H,2,1.0193,1.4,0.6517,0.521,0.1072,0.0,-0.0625,-0.0156,0.0237,0.0239,0.037,0.0369,0.0,0.0461,0.1291,0.521,0.1072,True
474120,Enciso,Ipswich Town,MID,160,2,0,0,0.0,0.0,0.0,0.0,0.0,0.0,0.0,0.0,0.0,0.0,0.0,0.0,0.0,,,,,0.0,0.0,0.0,0.0,0.0,0.0,0.0,0.0,0.0,0.0,0.0,0.0,0.0,0.0,0.0,0.0,0.0,0.0,0.0,0.0,0.0,55,a,0,2,2,1,1,Sunderland,H,2,1.0193,1.4,1.9126,0.9175,0.4678,0.0,-0.1101,-0.0275,0.1623,0.1223,0.2039,0.1964,0.0,0.0,0.85,0.9175,0.4678,True
572584,Ouattara,Ipswich Town,DEF,27,0,1,0,,,,,,,,,,,,,,,,,,,,,,,,,,,,,,,,,,,,,,,40,a,1,0,1,1,1,Sunderland,H,2,1.0193,1.4,1.6164,0.5975,0.5055,0.0,-0.0717,-0.0179,0.0535,0.0553,0.1106,0.6963,-0.2086,0.0342,0.5625,0.5975,0.5055,True
524180,Humphreys,Ipswich Town,MID,0,0,0,0,,,,,,,,,,,,,,,,,,,,,,,,,,,,,,,,,,,,,,,45,u,0,0,0,1,1,Sunderland,H,2,1.0193,1.4,0.0,0.0,0.0,0.0,0.0,0.0,0.0,0.0,0.0,0.0,0.0,0.0,0.0,0.0,0.0,True
218543,Palacios,Ipswich Town,MID,28,0,1,0,,,,,,,,,,,,,,,,,,,,,,,,,,,,,,,,,,,,,,,50,a,1,0,1,1,1,Sunderland,H,2,1.0193,1.4,1.8233,0.7594,0.4595,0.0,-0.0911,-0.0228,0.1052,0.1781,0.2968,0.1582,0.0,0.0004,0.5625,0.7594,0.4595,True
431639,Flemming,Ipswich Town,FWD,0,0,0,0,479.2,1764.0,0.3772,0.0216,1.8473,5.2214,0.6812,492.0,0.2799,0.0201,1.6957,5.3049,0.7317,,,,,2.0085,0.115,9.8356,27.8012,3.6269,96.4697,7.939999999999999,0.41,37.06,99.0,11.0,371.0,18.1183,1.53,0.11,9.27,29.0,4.0,97.0,492.0,17.7439,55,a,0,0,0,1,1,Sunderland,H,2,1.0193,1.4,0.7639,0.5449,0.1426,0.0,-0.0654,-0.0163,0.0229,0.0294,0.2639,0.0,0.0,0.0004,0.1726,0.5449,0.1426,True
153682,Wilson,Leeds,MID,110,1,0,0,492.1,2674.0,0.1951,0.1626,1.4833,5.7523,0.5705,333.0,0.1946,0.1054,1.6541,5.9459,0.0,1.4984,1.5736,1.726,1.792,1.0668,0.8893,8.1106,31.4524,3.1195,111.3535,5.88,4.7700000000000005,40.14,177.0,21.0,637.0,20.3654,0.72,0.39,6.12,22.0,0.0,48.0,333.0,12.973,64,a,0,1,1,1,1,Nott'm Forest,A,3,1.0074,1.6005,3.3919,0.945,0.8713,0.0,-0.1134,-0.0284,0.2191,0.431,0.8763,0.2109,0.0,0.0556,0.9,0.945,0.8713,False
201595,Perri,Leeds,GK,0,0,0,0,116.7,1440.0,0.0,0.0,1.6992,0.0,0.2892,0.0,0.0,0.0,0.0,0.0,0.0,1.4984,1.5736,1.726,1.792,0.0,0.0,2.2033,0.0,0.375,12.4881,0.0,0.0,26.68,0.0,3.0,153.0,9.6309,0.0,0.0,0.0,0.0,0.0,0.0,0.0,0.0,45,u,0,0,0,1,1,Nott'm Forest,A,3,1.0074,1.6005,0.0,0.0,0.0,0.0,0.0,0.0,0.0,0.0,0.0,0.0,0.0,0.0,0.0,0.0,0.0,False
434752,Bijol,Leeds,DEF,135,2,0,0,481.7,1888.0,0.0345,0.0306,1.5153,11.4086,0.3303,492.0,0.011,0.022,1.511,10.9756,0.1829,1.4984,1.5736,1.726,1.792,0.1844,0.164,8.1103,61.0614,1.768,91.435,0.9,0.75,31.48,219.0,6.0,323.0,17.0836,0.06,0.12,8.26,60.0,1.0,101.0,492.0,18.4756,50,a,0,2,2,1,1,Nott'm Forest,A,3,1.0074,1.6005,2.4328,0.908,0.8841,0.0,-0.109,-0.0272,0.2492,0.0946,0.1941,0.8559,-0.513,0.7023,0.9,0.908,0.8841,False
214225,Rodon,Leeds,DEF,123,2,0,0,551.1,2952.0,0.0367,0.0257,1.619,8.0019,0.0351,406.0,0.0443,0.0355,1.9086,7.3153,0.0,1.4984,1.5736,1.726,1.792,0.2247,0.1573,9.9135,48.9982,0.2152,69.3047,1.4,0.56,48.54,274.0,5.0,373.0,11.3181,0.2,0.16,8.61,33.0,0.0,43.0,406.0,9.532,45,d,0,2,2,1,1,Nott'm Forest,A,3,1.0074,1.6005,2.286,0.908,0.8841,0.0,-0.109,-0.0272,0.082,0.0866,0.2226,0.8559,-0.513,0.2911,0.9,0.908,0.8841,False
226182,Bogle,Leeds,DEF,157,2,0,0,482.3,2795.0,0.0592,0.1693,1.2599,5.9398,0.072,302.0,0.0089,0.1699,0.9656,6.5563,0.0,1.4984,1.5736,1.726,1.792,0.3172,0.9074,6.7516,31.8305,0.3856,73.615,2.08,3.11,39.93,178.0,1.0,311.0,13.737,0.03,0.57,3.24,22.0,0.0,56.0,302.0,16.6887,45,a,0,2,2,1,1,Nott'm Forest,A,3,1.0074,1.6005,2.6913,0.908,0.8841,0.0,-0.109,-0.0272,0.0926,0.4154,0.2884,0.8559,-0.513,0.1189,0.9,0.908,0.8841,False
243526,Gudmundsson,Leeds,DEF,0,0,0,0,384.1,2637.0,0.0275,0.1221,1.4036,6.0565,0.099,180.0,0.0,0.28,1.01,8.0,0.0,1.4984,1.5736,1.726,1.792,0.1175,0.5211,5.9902,25.8479,0.4226,41.7608,1.1,2.89,41.06,184.0,8.0,286.0,9.7851,0.0,0.56,2.02,16.0,0.0,33.0,180.0,16.5,45,a,0,0,0,1,1,Nott'm Forest,A,3,1.0074,1.6005,0.1462,0.1381,0.0568,0.0,-0.0166,-0.0041,0.0023,0.0257,0.0122,0.0681,-0.0322,0.0032,0.0632,0.1381,0.0568,False
220627,Justin,Leeds,DEF,180,2,0,0,570.8,1893.0,0.0916,0.049,1.5464,8.7918,0.3697,540.0,0.13,0.0283,1.5883,9.8333,0.5,1.4984,1.5736,1.726,1.792,0.5809,0.3109,9.8077,55.7595,2.3449,105.5168,1.83,1.16,33.01,183.0,9.0,338.0,16.6372,0.78,0.17,9.53,59.0,3.0,106.0,540.0,17.6667,45,a,0,2,2,1,1,Nott'm Forest,A,3,1.0074,1.6005,2.6902,0.908,0.8841,0.0,-0.109,-0.0272,0.1793,0.1287,0.4873,0.8559,-0.513,0.4135,0.9,0.908,0.8841,False
437738,Bornauw,Leeds,DEF,0,0,0,0,121.6,429.0,0.096,0.001,2.2164,9.3069,0.0,125.0,0.144,0.0,2.7216,7.92,0.0,1.4984,1.5736,1.726,1.792,0.1297,0.0014,2.9946,12.5747,0.0,20.9443,0.2,0.01,8.71,49.0,0.0,73.0,15.5015,0.2,0.0,3.78,11.0,0.0,25.0,125.0,18.0,45,u,0,0,0,1,1,Nott'm Forest,A,3,1.0074,1.6005,0.0,0.0,0.0,0.0,0.0,0.0,0.0,0.0,0.0,0.0,0.0,0.0,0.0,0.0,0.0,False
522047,Muharemović,Leeds,DEF,180,2,0,0,,,,,,,,,,,,,,1.4984,1.5736,1.726,1.792,,,,,,,,,,,,,,,,,,,,,,50,a,0,2,2,1,1,Nott'm Forest,A,3,1.0074,1.6005,1.8524,0.862,0.4676,0.0,-0.1034,-0.0259,0.093,0.0475,0.095,0.7002,-0.1797,0.0037,0.85,0.862,0.4676,False
466525,Stach,Leeds,MID,180,2,0,0,403.1,2369.0,0.1051,0.1631,1.2902,10.1867,0.6691,234.0,0.1462,0.0692,1.4692,8.0769,1.1538,1.4984,1.5736,1.726,1.792,0.4708,0.7303,5.7788,45.625,2.9969,92.9694,2.88,4.47,34.05,266.0,14.0,550.0,20.7572,0.38,0.18,3.82,21.0,3.0,52.0,234.0,20.0,60,a,0,2,2,1,1,Nott'm Forest,A,3,1.0074,1.6005,3.1725,0.945,0.8713,0.0,-0.1134,-0.0284,0.3301,0.4258,0.5512,0.2109,0.0,0.4135,0.9,0.945,0.8713,False
435997,Okafor,Leeds,MID,92,1,0,0,244.1,1553.0,0.3578,0.0884,1.2521,7.0603,1.3065,193.0,0.4104,0.1399,0.6389,10.7254,2.3316,1.4984,1.5736,1.726,1.792,0.9703,0.2397,3.3961,19.1491,3.5436,77.5341,5.25,1.32,24.54,113.0,11.0,354.0,28.5869,0.88,0.3,1.37,23.0,5.0,76.0,193.0,35.4404,59,a,0,1,1,1,1,Nott'm Forest,A,3,1.0074,1.6005,3.7928,0.8969,0.7868,0.0,-0.1076,-0.0269,0.4793,0.2785,1.3154,0.1904,0.0,0.1202,0.8125,0.8969,0.7868,False
427637,Aaronson,Leeds,MID,126,2,0,0,505.1,2449.0,0.1339,0.1126,1.4717,7.4348,0.0811,389.0,0.0717,0.1296,1.5871,7.4036,0.0,1.4984,1.5736,1.726,1.792,0.7516,0.6317,8.2596,41.7256,0.455,75.4379,4.53,3.6,37.07,216.0,5.0,446.0,13.4417,0.31,0.5599999999999999,6.859999999999999,32.0,0.0,57.0,389.0,13.1877,55,a,0,2,2,1,1,Nott'm Forest,A,3,1.0074,1.6005,2.9102,0.945,0.8713,0.0,-0.1134,-0.0284,0.0985,0.3429,0.6034,0.2109,0.0,0.155,0.9,0.945,0.8713,False
199598,Ampadu,Leeds,MID,180,2,0,0,654.3,3119.0,0.0689,0.0645,1.5008,11.7944,0.4579,540.0,0.1,0.0217,1.5883,10.6667,0.8333,1.4984,1.5736,1.726,1.792,0.5012,0.4692,10.9109,85.745,3.3292,126.7281,2.47,2.2,48.66,416.0,11.0,586.0,17.4317,0.6,0.13,9.53,64.0,5.0,107.0,540.0,17.8333,55,a,0,2,2,1,1,Nott'm Forest,A,3,1.0074,1.6005,2.749,0.945,0.8713,0.0,-0.1134,-0.0284,0.2763,0.2004,0.4069,0.2109,0.0,0.6624,0.9,0.945,0.8713,False
180135,Longstaff,Leeds,MID,8,0,1,0,85.7,1003.0,0.2645,0.3315,2.2424,11.3293,0.6244,56.0,0.6429,0.6268,3.0696,16.0714,1.6071,1.4984,1.5736,1.726,1.792,0.2519,0.3157,2.1353,10.788,0.5946,30.341,1.23,1.87,15.88,110.0,5.0,273.0,31.8634,0.4,0.39,1.91,10.0,1.0,36.0,56.0,57.8571,50,a,1,0,1,1,1,Nott'm Forest,A,3,1.0074,1.6005,2.4847,0.7594,0.4537,0.0,-0.0911,-0.0228,0.2332,0.4293,0.6069,0.1361,0.0,0.11,0.5625,0.7594,0.4537,False
492859,Gnonto,Leeds,MID,0,0,0,0,104.1,521.0,0.0684,0.1266,2.1725,10.9267,0.0,128.0,0.0773,0.1336,2.0742,11.25,0.0,1.4984,1.5736,1.726,1.792,0.0791,0.1464,2.5129,12.6386,0.0,28.7745,0.4,0.77,11.99,59.0,0.0,134.0,24.8771,0.11,0.19,2.95,16.0,0.0,43.0,128.0,30.2344,50,u,0,0,0,1,1,Nott'm Forest,A,3,1.0074,1.6005,0.0,0.0,0.0,0.0,0.0,0.0,0.0,0.0,0.0,0.0,0.0,0.0,0.0,0.0,0.0,False
221399,Harrison,Leeds,MID,0,0,0,0,11.5,262.0,0.1041,0.0822,1.3821,7.7455,0.0,0.0,0.0,0.0,0.0,0.0,0.0,1.4984,1.5736,1.726,1.792,0.0133,0.0105,0.1766,0.9897,0.0,2.2466,0.28,0.2299999999999999,3.82,24.0,0.0,51.0,17.5821,0.0,0.0,0.0,0.0,0.0,0.0,0.0,0.0,50,u,0,0,0,1,1,Nott'm Forest,A,3,1.0074,1.6005,0.0,0.0,0.0,0.0,0.0,0.0,0.0,0.0,0.0,0.0,0.0,0.0,0.0,0.0,0.0,False
200617,James,Leeds,MID,22,0,1,0,112.5,547.0,0.1152,0.0817,2.5062,6.8055,0.0,142.0,0.1268,0.0761,2.4465,5.7042,0.0,1.4984,1.5736,1.726,1.792,0.144,0.1021,3.1328,8.5069,0.0,20.5659,0.91,0.71,14.39,35.0,0.0,93.0,16.4527,0.2,0.12,3.86,9.0,0.0,21.0,142.0,13.3099,50,a,1,0,1,1,1,Nott'm Forest,A,3,1.0074,1.6005,1.7902,0.7594,0.4537,0.0,-0.0911,-0.0228,0.0536,0.1784,0.343,0.1361,0.0,0.0083,0.5625,0.7594,0.4537,False
486520,Gruev,Leeds,MID,0,0,0,0,215.9,1318.0,0.045,0.0625,1.5996,7.3775,0.2629,12.0,0.0,0.0,0.0,15.0,0.0,1.4984,1.5736,1.726,1.792,0.108,0.1499,3.8373,17.6977,0.6307,36.847,0.4899999999999999,0.86,25.27,114.0,3.0,245.0,15.36,0.0,0.0,0.0,2.0,0.0,3.0,12.0,22.5,50,d,0,0,0,1,1,Nott'm Forest,A,3,1.0074,1.6005,0.4478,0.4523,0.0046,0.0,-0.0543,-0.0136,0.0127,0.0265,0.0378,0.0017,0.0,0.0001,0.0042,0.4523,0.0046,False
248056,Tanaka,Leeds,MID,45,0,1,0,333.2,1307.0,0.087,0.1,1.4359,10.611,0.3261,475.0,0.0322,0.0512,1.4078,10.6105,0.3789,1.4984,1.5736,1.726,1.792,0.322,0.3701,5.316,39.2844,1.2074,72.059,1.44,1.39,21.49,147.0,4.0,288.0,19.4637,0.1699999999999999,0.27,7.43,56.0,2.0,99.0,475.0,18.7579,49,a,1,0,1,1,1,Nott'm Forest,A,3,1.0074,1.6005,1.7183,0.7594,0.4537,0.0,-0.0911,-0.0228,0.0784,0.1688,0.2559,0.1361,0.0,0.0941,0.5625,0.7594,0.4537,False
177815,Calvert-Lewin,Leeds,FWD,180,2,0,0,604.3,2721.0,0.5328,0.0198,1.3347,3.8146,0.5577,518.0,0.5056,0.0104,1.5064,3.8224,0.695,1.4984,1.5736,1.726,1.792,3.5777,0.133,8.9615,25.6129,3.7446,100.8234,15.57,1.06,35.74,105.0,20.0,472.0,15.0159,2.91,0.06,8.67,22.0,4.0,112.0,518.0,19.4595,60,a,0,2,2,1,1,Nott'm Forest,A,3,1.0074,1.6005,3.8199,0.945,0.8713,0.0,-0.1134,-0.0284,0.3276,0.1167,1.859,0.0,0.0,0.0026,0.9,0.945,0.8713,False
174594,Nmecha,Leeds,FWD,21,0,1,0,234.0,1065.0,0.4592,0.2201,1.9617,5.3869,0.4015,199.0,0.4658,0.2985,2.2884,6.7839,0.0,1.4984,1.5736,1.726,1.792,1.1938,0.5722,5.1003,14.006,1.044,47.7986,7.25,1.58,21.84,57.0,8.0,268.0,18.3841,1.03,0.66,5.06,15.0,0.0,32.0,199.0,14.4724,55,a,1,0,1,1,1,Nott'm Forest,A,3,1.0074,1.6005,2.202,0.7594,0.4537,0.0,-0.0911,-0.0228,0.0754,0.3126,0.8727,0.0,0.0,0.0015,0.5625,0.7594,0.4537,False
235826,Piroe,Leeds,FWD,0,0,0,0,29.2,244.0,0.4306,0.0583,4.0509,8.3441,0.0,29.0,0.2793,0.0,4.6862,9.3103,0.0,1.4984,1.5736,1.726,1.792,0.1397,0.0189,1.3143,2.7072,0.0,8.6685,0.9,0.13,6.8100000000000005,14.0,0.0,42.0,26.718,0.09,0.0,1.51,3.0,0.0,8.0,29.0,24.8276,50,u,0,0,0,1,1,Nott'm Forest,A,3,1.0074,1.6005,0.0,0.0,0.0,0.0,0.0,0.0,0.0,0.0,0.0,0.0,0.0,0.0,0.0,0.0,0.0,False
565297,Mateo Joseph,Leeds,FWD,0,0,0,0,0.0,0.0,0.0,0.0,0.0,0.0,0.0,0.0,0.0,0.0,0.0,0.0,0.0,1.4984,1.5736,1.726,1.792,0.0,0.0,0.0,0.0,0.0,0.0,0.0,0.0,0.0,0.0,0.0,0.0,0.0,0.0,0.0,0.0,0.0,0.0,0.0,0.0,0.0,45,i,0,0,0,1,1,Nott'm Forest,A,3,1.0074,1.6005,0.0,0.0,0.0,0.0,0.0,0.0,0.0,0.0,0.0,0.0,0.0,0.0,0.0,0.0,0.0,False
432720,Trafford,Leeds,GK,180,2,0,0,66.1,360.0,0.0,0.0,1.7239,0.0,0.0,90.0,0.0,0.0,1.77,0.0,0.0,1.4984,1.5736,1.726,1.792,0.0,0.0,1.2661,0.0,0.0,4.9918,0.0,0.0,5.74,0.0,0.0,67.0,6.7967,0.0,0.0,1.77,0.0,0.0,5.0,90.0,5.0,50,a,0,2,2,1,1,Nott'm Forest,A,3,1.0074,1.6005,3.8806,0.9406,0.9353,0.9599,-0.1129,-0.0282,0.2293,0.0,0.0,1.4006,-0.198,0.0,0.94,0.9406,0.9353,False
173774,Elvedi,Leeds,DEF,56,0,1,0,,,,,,,,,,,,,,1.4984,1.5736,1.726,1.792,,,,,,,,,,,,,,,,,,,,,,45,a,1,0,1,1,1,Nott'm Forest,A,3,1.0074,1.6005,1.4905,0.5975,0.5023,0.0,-0.0717,-0.0179,0.0394,0.0648,0.1295,0.6025,-0.2519,0.0458,0.5625,0.5975,0.5023,False
643970,Lienou,Leeds,DEF,0,0,0,0,0.0,0.0,0.0,0.0,0.0,0.0,0.0,0.0,0.0,0.0,0.0,0.0,0.0,1.4984,1.5736,1.726,1.792,0.0,0.0,0.0,0.0,0.0,0.0,0.0,0.0,0.0,0.0,0.0,0.0,0.0,0.0,0.0,0.0,0.0,0.0,0.0,0.0,0.0,40,a,0,0,0,1,1,Nott'm Forest,A,3,1.0074,1.6005,0.0,0.0,0.0,0.0,0.0,0.0,0.0,0.0,0.0,0.0,0.0,0.0,0.0,0.0,0.0,False
592740,Cresswell,Leeds,MID,0,0,0,0,0.0,0.0,0.0,0.0,0.0,0.0,0.0,0.0,0.0,0.0,0.0,0.0,0.0,1.4984,1.5736,1.726,1.792,0.0,0.0,0.0,0.0,0.0,0.0,0.0,0.0,0.0,0.0,0.0,0.0,0.0,0.0,0.0,0.0,0.0,0.0,0.0,0.0,0.0,45,a,0,0,0,1,1,Nott'm Forest,A,3,1.0074,1.6005,0.0,0.0,0.0,0.0,0.0,0.0,0.0,0.0,0.0,0.0,0.0,0.0,0.0,0.0,0.0,False
97846,Cairns,Leeds,GK,0,0,0,0,0.0,0.0,0.0,0.0,0.0,0.0,0.0,0.0,0.0,0.0,0.0,0.0,0.0,1.4984,1.5736,1.726,1.792,0.0,0.0,0.0,0.0,0.0,0.0,0.0,0.0,0.0,0.0,0.0,0.0,0.0,0.0,0.0,0.0,0.0,0.0,0.0,0.0,0.0,40,a,0,0,0,1,1,Nott'm Forest,A,3,1.0074,1.6005,0.0,0.0,0.0,0.0,0.0,0.0,0.0,0.0,0.0,0.0,0.0,0.0,0.0,0.0,0.0,False
155465,Zetterer,Leeds,GK,0,0,0,0,,,,,,,,,,,,,,1.4984,1.5736,1.726,1.792,,,,,,,,,,,,,,,,,,,,,,40,a,0,0,0,1,1,Nott'm Forest,A,3,1.0074,1.6005,0.0,0.0,0.0,0.0,0.0,0.0,0.0,0.0,0.0,0.0,0.0,0.0,0.0,0.0,0.0,False
437497,Bard,Leeds,DEF,0,0,0,0,,,,,,,,,,,,,,1.4984,1.5736,1.726,1.792,,,,,,,,,,,,,,,,,,,,,,45,a,0,0,0,1,1,Nott'm Forest,A,3,1.0074,1.6005,0.0,0.0,0.0,0.0,0.0,0.0,0.0,0.0,0.0,0.0,0.0,0.0,0.0,0.0,0.0,False
587982,Bahoya,Leeds,MID,0,0,0,0,,,,,,,,,,,,,,1.4984,1.5736,1.726,1.792,,,,,,,,,,,,,,,,,,,,,,50,a,0,0,0,1,1,Nott'm Forest,A,3,1.0074,1.6005,0.0,0.0,0.0,0.0,0.0,0.0,0.0,0.0,0.0,0.0,0.0,0.0,0.0,0.0,0.0,False
116535,A.Becker,Liverpool,GK,180,2,0,0,360.0,2340.0,0.0,0.0008,1.2142,0.0,0.271,90.0,0.0,0.0,1.56,0.0,0.0,1.5763,1.371,1.4167,1.55,0.0,0.0032,4.8569,0.0,1.0841,57.7401,0.0,0.03,29.58,0.0,8.0,389.0,14.435,0.0,0.0,1.56,0.0,0.0,7.0,90.0,7.0,55,a,0,2,2,1,1,Newcastle,A,3,0.963,1.5705,4.3484,0.96,0.9453,1.0491,-0.1152,-0.0288,0.5382,0.0008,0.0,1.4399,-0.1949,0.0,0.95,0.96,0.9453,False
449027,Mamardashvili,Liverpool,GK,0,0,0,0,216.9,867.0,0.0,0.0,1.3205,0.0,0.32,237.0,0.0,0.0,1.1316,0.0,0.0,1.5763,1.371,1.4167,1.55,0.0,0.0,3.1825,0.0,0.7711,33.564,0.0,0.0,13.29,0.0,2.0,139.0,13.927,0.0,0.0,2.98,0.0,0.0,25.0,237.0,9.4937,49,a,0,0,0,1,1,Newcastle,A,3,0.963,1.5705,0.074,0.0924,0.0828,0.0919,-0.0111,-0.0028,0.002,0.0,0.0,0.1014,-0.0365,0.0,0.0832,0.0924,0.0828,False
155503,Woodman,Liverpool,GK,0,0,0,0,99.7,212.0,0.0,0.0,2.0523,0.0,0.0,212.0,0.0,0.0,2.0208,0.0,0.0,1.5763,1.371,1.4167,1.55,0.0,0.0,2.2735,0.0,0.0,15.6132,0.0,0.0,4.76,0.0,0.0,34.0,14.0942,0.0,0.0,4.76,0.0,0.0,34.0,212.0,14.434,40,a,0,0,0,1,1,Newcastle,A,3,0.963,1.5705,0.0411,0.0837,0.0741,0.0822,-0.01,-0.0025,0.0017,0.0,0.0,0.0907,-0.0327,0.0,0.0744,0.0837,0.0741,False
586268,Pecsi,Liverpool,GK,0,0,0,0,0.0,0.0,0.0,0.0,0.0,0.0,0.0,0.0,0.0,0.0,0.0,0.0,0.0,1.5763,1.371,1.4167,1.55,0.0,0.0,0.0,0.0,0.0,0.0,0.0,0.0,0.0,0.0,0.0,0.0,0.0,0.0,0.0,0.0,0.0,0.0,0.0,0.0,0.0,40,u,0,0,0,1,1,Newcastle,A,3,0.963,1.5705,0.0,0.0,0.0,0.0,0.0,0.0,0.0,0.0,0.0,0.0,0.0,0.0,0.0,0.0,0.0,False
432987,Jaros,Liverpool,GK,0,0,0,0,,,,,,,,,,,,,,1.5763,1.371,1.4167,1.55,,,,,,,,,,,,,,,,,,,,,,40,i,0,0,0,1,1,Newcastle,A,3,0.963,1.5705,0.0,0.0,0.0,0.0,0.0,0.0,0.0,0.0,0.0,0.0,0.0,0.0,0.0,0.0,0.0,False
464353,Davies,Liverpool,GK,0,0,0,0,,,,,,,,,,,,,,1.5763,1.371,1.4167,1.55,,,,,,,,,,,,,,,,,,,,,,40,a,0,0,0,1,1,Newcastle,A,3,0.963,1.5705,0.0,0.0,0.0,0.0,0.0,0.0,0.0,0.0,0.0,0.0,0.0,0.0,0.0,0.0,0.0,False
97032,Virgil,Liverpool,DEF,180,2,0,0,677.0,3420.0,0.1439,0.0476,1.371,8.6331,0.2265,540.0,0.165,0.0383,1.55,8.0,0.0,1.5763,1.371,1.4167,1.55,1.0822,0.3577,10.3129,64.9402,1.704,119.1639,3.77,1.44,47.63,352.0,10.0,593.0,15.8416,0.99,0.23,9.3,48.0,0.0,88.0,540.0,14.6667,65,a,0,2,2,1,1,Newcastle,A,3,0.963,1.5705,2.948,0.908,0.8808,0.0,-0.109,-0.0272,0.1922,0.1237,0.7105,0.8732,-0.5001,0.4262,0.9,0.908,0.8808,False
216094,Frimpong,Liverpool,DEF,160,2,0,0,272.9,1032.0,0.0328,0.1085,1.2323,2.1633,0.098,217.0,0.029,0.0581,1.688,0.8295,0.0,1.5763,1.371,1.4167,1.55,0.0994,0.3289,3.7366,6.5596,0.2973,50.8013,0.5,1.55,12.97,30.0,1.0,237.0,16.7538,0.07,0.14,4.07,2.0,0.0,10.0,217.0,4.1475,55,a,0,2,2,1,1,Newcastle,A,3,0.963,1.5705,2.338,0.862,0.8319,0.0,-0.1034,-0.0259,0.1189,0.2126,0.1938,0.8247,-0.4726,0.0134,0.85,0.862,0.8319,False
544877,Kerkez,Liverpool,DEF,160,2,0,0,376.4,2251.0,0.0617,0.0221,1.2671,4.2628,0.1297,225.0,0.012,0.016,1.252,3.6,0.0,1.5763,1.371,1.4167,1.55,0.258,0.0926,5.2993,17.8278,0.5423,57.7205,1.5,0.6900000000000001,30.1,134.0,4.0,357.0,13.8014,0.03,0.04,3.1300000000000003,9.0,0.0,22.0,225.0,8.8,55,a,0,2,2,1,1,Newcastle,A,3,0.963,1.5705,2.3864,0.908,0.8808,0.0,-0.109,-0.0272,0.1011,0.0721,0.2915,0.8732,-0.5001,0.0425,0.9,0.908,0.8808,False
171287,Gomez,Liverpool,DEF,0,0,0,0,141.6,594.0,0.0344,0.0486,1.5429,6.6514,0.0945,82.0,0.0549,0.022,1.4159,7.6829,0.0,1.5763,1.371,1.4167,1.55,0.0542,0.0764,2.4275,10.4648,0.1487,13.0255,0.28,0.64,9.31,46.0,2.0,94.0,8.2789,0.05,0.02,1.29,7.0,0.0,3.0,82.0,3.2927,50,i,0,0,0,1,1,Newcastle,A,3,0.963,1.5705,0.0,0.0,0.0,0.0,0.0,0.0,0.0,0.0,0.0,0.0,0.0,0.0,0.0,0.0,0.0,False
492777,Bradley,Liverpool,DEF,0,0,0,0,74.8,928.0,0.0207,0.0742,0.8806,6.9237,0.328,0.0,0.0,0.0,0.0,0.0,0.0,1.5763,1.371,1.4167,1.55,0.0172,0.0617,0.7319,5.7544,0.2726,15.9392,0.18,0.8400000000000001,10.77,65.0,2.0,157.0,19.1782,0.0,0.0,0.0,0.0,0.0,0.0,0.0,0.0,50,i,0,0,0,1,1,Newcastle,A,3,0.963,1.5705,0.0,0.0,0.0,0.0,0.0,0.0,0.0,0.0,0.0,0.0,0.0,0.0,0.0,0.0,0.0,False
519440,Lucky,Liverpool,DEF,0,0,0,0,0.0,0.0,0.0,0.0,0.0,0.0,0.0,0.0,0.0,0.0,0.0,0.0,0.0,1.5763,1.371,1.4167,1.55,0.0,0.0,0.0,0.0,0.0,0.0,0.0,0.0,0.0,0.0,0.0,0.0,0.0,0.0,0.0,0.0,0.0,0.0,0.0,0.0,0.0,40,a,0,0,0,1,1,Newcastle,A,3,0.963,1.5705,0.0,0.0,0.0,0.0,0.0,0.0,0.0,0.0,0.0,0.0,0.0,0.0,0.0,0.0,0.0,False
606702,Jacquet,Liverpool,DEF,145,2,0,0,,,,,,,,,,,,,,1.5763,1.371,1.4167,1.55,,,,,,,,,,,,,,,,,,,,,,50,a,0,2,2,1,1,Newcastle,A,3,0.963,1.5705,1.8868,0.862,0.4676,0.0,-0.1034,-0.0259,0.1091,0.0479,0.0958,0.7122,-0.1745,0.007,0.85,0.862,0.4676,False
647681,Leoni,Liverpool,DEF,0,0,0,0,0.0,0.0,0.0,0.0,0.0,0.0,0.0,0.0,0.0,0.0,0.0,0.0,0.0,1.5763,1.371,1.4167,1.55,0.0,0.0,0.0,0.0,0.0,0.0,0.0,0.0,0.0,0.0,0.0,0.0,0.0,0.0,0.0,0.0,0.0,0.0,0.0,0.0,0.0,40,i,0,0,0,1,1,Newcastle,A,3,0.963,1.5705,0.0,0.0,0.0,0.0,0.0,0.0,0.0,0.0,0.0,0.0,0.0,0.0,0.0,0.0,0.0,False
214285,Tsimikas,Liverpool,DEF,19,0,1,0,0.0,0.0,0.0,0.0,0.0,0.0,0.0,0.0,0.0,0.0,0.0,0.0,0.0,1.5763,1.371,1.4167,1.55,0.0,0.0,0.0,0.0,0.0,0.0,0.0,0.0,0.0,0.0,0.0,0.0,0.0,0.0,0.0,0.0,0.0,0.0,0.0,0.0,0.0,50,a,1,0,1,1,1,Newcastle,A,3,0.963,1.5705,1.4936,0.5975,0.4896,0.0,-0.0717,-0.0179,0.0471,0.0663,0.1326,0.5994,-0.2454,0.0774,0.5625,0.5975,0.4896,False
489580,Ramsay,Liverpool,DEF,0,0,0,0,0.0,0.0,0.0,0.0,0.0,0.0,0.0,0.0,0.0,0.0,0.0,0.0,0.0,1.5763,1.371,1.4167,1.55,0.0,0.0,0.0,0.0,0.0,0.0,0.0,0.0,0.0,0.0,0.0,0.0,0.0,0.0,0.0,0.0,0.0,0.0,0.0,0.0,0.0,40,u,0,0,0,1,1,Newcastle,A,3,0.963,1.5705,0.0,0.0,0.0,0.0,0.0,0.0,0.0,0.0,0.0,0.0,0.0,0.0,0.0,0.0,0.0,False
494595,Wirtz,Liverpool,MID,152,2,0,0,416.4,2374.0,0.2877,0.191,1.5317,7.0909,0.5534,304.0,0.2546,0.1569,2.0339,6.8092,0.2961,1.5763,1.371,1.4167,1.55,1.331,0.8839,7.0865,32.8074,2.5606,92.3467,6.83,5.140000000000001,33.99,176.0,17.0,521.0,19.9597,0.8599999999999999,0.53,6.869999999999999,23.0,1.0,56.0,304.0,16.5789,75,a,0,2,2,1,1,Newcastle,A,3,0.963,1.5705,3.7448,0.945,0.8652,0.0,-0.1134,-0.0284,0.2485,0.4814,1.152,0.2144,0.0,0.1544,0.9,0.945,0.8652,False
243298,Gakpo,Liverpool,MID,160,2,0,0,583.8,2736.0,0.2641,0.0965,1.3428,4.6288,0.0432,502.0,0.2922,0.0645,1.6494,3.5857,0.0,1.5763,1.371,1.4167,1.55,1.7131,0.6259,8.7102,30.0255,0.2803,73.581,8.35,4.67,34.94,152.0,5.0,449.0,11.3434,1.63,0.36,9.2,20.0,0.0,55.0,502.0,9.8606,70,a,0,2,2,1,1,Newcastle,A,3,0.963,1.5705,3.3754,0.945,0.8652,0.0,-0.1134,-0.0284,0.1296,0.2717,1.1113,0.2144,0.0,0.0204,0.9,0.945,0.8652,False
424876,Szoboszlai,Liverpool,MID,180,2,0,0,645.3,3232.0,0.1363,0.2368,1.3958,8.8439,0.6366,540.0,0.1533,0.2667,1.55,6.3333,0.6667,1.5763,1.371,1.4167,1.55,0.9775,1.6975,10.0078,63.4109,4.5642,168.7185,4.76,6.83,45.63,338.0,21.0,780.0,23.5312,0.92,1.6,9.3,38.0,4.0,152.0,540.0,25.3333,70,a,0,2,2,1,1,Newcastle,A,3,0.963,1.5705,3.583,0.945,0.8652,0.0,-0.1134,-0.0284,0.475,0.6129,0.6322,0.2144,0.0,0.3061,0.9,0.945,0.8652,False
611922,Ngumoha,Liverpool,MID,81,1,0,0,229.7,547.0,0.1634,0.25,1.2869,4.7294,0.6668,261.0,0.1379,0.0931,1.2069,4.1379,0.3448,1.5763,1.371,1.4167,1.55,0.4171,0.638,3.2845,12.0704,1.7019,57.3948,1.34,2.01,8.92,30.0,4.0,188.0,22.4882,0.4,0.27,3.5,12.0,1.0,41.0,261.0,14.1379,59,a,0,1,1,1,1,Newcastle,A,3,0.963,1.5705,3.0465,0.8969,0.7813,0.0,-0.1076,-0.0269,0.2279,0.467,0.6343,0.1936,0.0,0.0177,0.8125,0.8969,0.7813,False
223541,Chiesa,Liverpool,MID,0,0,0,0,53.1,317.0,0.2868,0.1403,2.0949,6.1602,0.0,40.0,0.2025,0.0,2.4525,2.25,0.0,1.5763,1.371,1.4167,1.55,0.1692,0.0828,1.236,3.6345,0.0,16.1603,1.45,0.61,6.5,30.0,0.0,135.0,27.3903,0.09,0.0,1.09,1.0,0.0,10.0,40.0,22.5,54,i,0,0,0,1,1,Newcastle,A,3,0.963,1.5705,0.0,0.0,0.0,0.0,0.0,0.0,0.0,0.0,0.0,0.0,0.0,0.0,0.0,0.0,0.0,False
441266,Gravenberch,Liverpool,MID,96,1,0,0,578.0,2991.0,0.058,0.0614,1.2607,8.2299,0.4256,428.0,0.0547,0.0421,1.2428,6.3084,0.6308,1.5763,1.371,1.4167,1.55,0.3725,0.3941,8.0967,52.8541,2.7333,119.2127,1.89,2.26,38.41,298.0,17.0,671.0,18.5625,0.26,0.2,5.91,30.0,3.0,84.0,428.0,17.6636,60,a,0,1,1,1,1,Newcastle,A,3,0.963,1.5705,2.6253,0.945,0.8652,0.0,-0.1134,-0.0284,0.2408,0.1965,0.3251,0.2144,0.0,0.2484,0.9,0.945,0.8652,False
243016,Mac Allister,Liverpool,MID,103,1,0,0,567.9,2654.0,0.1354,0.0564,1.427,7.7972,0.4746,456.0,0.1007,0.0651,1.6796,7.5,0.5921,1.5763,1.371,1.4167,1.55,0.8546,0.3559,9.0046,49.2002,2.995,108.2109,3.89,1.69,36.97,229.0,9.0,490.0,17.1491,0.51,0.33,8.51,38.0,3.0,91.0,456.0,17.9605,55,a,0,1,1,1,1,Newcastle,A,3,0.963,1.5705,2.8528,0.945,0.8652,0.0,-0.1134,-0.0284,0.1938,0.2004,0.5957,0.2144,0.0,0.2236,0.9,0.945,0.8652,False
206915,C.Jones,Liverpool,MID,0,0,0,0,474.8,1923.0,0.1314,0.0867,1.5197,11.8254,0.5245,536.0,0.1209,0.0672,1.5616,13.2649,0.5037,1.5763,1.371,1.4167,1.55,0.6931,0.4573,8.0172,62.3854,2.767,114.4459,2.21,2.77,31.44,237.0,6.0,447.0,21.6936,0.72,0.4,9.3,79.0,3.0,135.0,536.0,22.6679,55,u,0,0,0,1,1,Newcastle,A,3,0.963,1.5705,0.0,0.0,0.0,0.0,0.0,0.0,0.0,0.0,0.0,0.0,0.0,0.0,0.0,0.0,0.0,False
158983,Endo,Liverpool,MID,0,0,0,0,27.7,170.0,0.0299,0.0305,1.5625,11.9973,0.0,0.0,0.0,0.0,0.0,0.0,0.0,1.5763,1.371,1.4167,1.55,0.0092,0.0094,0.4809,3.6925,0.0,6.2384,0.04,0.05,4.11,23.0,0.0,49.0,20.2692,0.0,0.0,0.0,0.0,0.0,0.0,0.0,0.0,50,a,0,0,0,1,1,Newcastle,A,3,0.963,1.5705,0.0,0.0,0.0,0.0,0.0,0.0,0.0,0.0,0.0,0.0,0.0,0.0,0.0,0.0,0.0,False
591386,Nyoni,Liverpool,MID,13,0,1,0,8.5,21.0,1.0684,0.1027,4.428,26.37,0.0,7.0,0.0,0.1286,5.6571,38.5714,0.0,1.5763,1.371,1.4167,1.55,0.1009,0.0097,0.4182,2.4905,0.0,3.435,0.37,0.02,0.85,5.0,0.0,11.0,36.3706,0.0,0.01,0.44,3.0,0.0,2.0,7.0,25.7143,50,a,1,0,1,1,1,Newcastle,A,3,0.963,1.5705,1.9556,0.7594,0.4306,0.0,-0.0911,-0.0228,0.0878,0.2193,0.4606,0.1318,0.0,0.006,0.5625,0.7594,0.4306,False
535928,Bajcetic,Liverpool,MID,0,0,0,0,0.0,0.0,0.0,0.0,0.0,0.0,0.0,0.0,0.0,0.0,0.0,0.0,0.0,1.5763,1.371,1.4167,1.55,0.0,0.0,0.0,0.0,0.0,0.0,0.0,0.0,0.0,0.0,0.0,0.0,0.0,0.0,0.0,0.0,0.0,0.0,0.0,0.0,0.0,50,u,0,0,0,1,1,Newcastle,A,3,0.963,1.5705,0.0,0.0,0.0,0.0,0.0,0.0,0.0,0.0,0.0,0.0,0.0,0.0,0.0,0.0,0.0,False
551499,Munoz,Liverpool,MID,117,1,0,0,,,,,,,,,,,,,,1.5763,1.371,1.4167,1.55,,,,,,,,,,,,,,,,,,,,,,65,a,0,1,1,1,1,Newcastle,A,3,0.963,1.5705,1.8995,0.8969,0.4473,0.0,-0.1076,-0.0269,0.1415,0.1493,0.2488,0.1703,0.0,0.0001,0.8125,0.8969,0.4473,False
491501,McConnell,Liverpool,MID,0,0,0,0,0.0,0.0,0.0,0.0,0.0,0.0,0.0,0.0,0.0,0.0,0.0,0.0,0.0,1.5763,1.371,1.4167,1.55,0.0,0.0,0.0,0.0,0.0,0.0,0.0,0.0,0.0,0.0,0.0,0.0,0.0,0.0,0.0,0.0,0.0,0.0,0.0,0.0,0.0,45,a,0,0,0,1,1,Newcastle,A,3,0.963,1.5705,0.0,0.0,0.0,0.0,0.0,0.0,0.0,0.0,0.0,0.0,0.0,0.0,0.0,0.0,0.0,False
219168,Isak,Liverpool,FWD,180,2,0,0,116.7,694.0,0.2875,0.0074,1.3317,3.6116,0.8456,172.0,0.2878,0.0052,1.4808,2.6163,1.0465,1.5763,1.371,1.4167,1.55,0.3728,0.0096,1.7268,4.683,1.0964,27.7748,2.59,0.08,8.38,30.0,4.0,140.0,21.4202,0.55,0.01,2.83,5.0,2.0,43.0,172.0,22.5,90,a,0,2,2,1,1,Newcastle,A,3,0.963,1.5705,2.8431,0.9175,0.7857,0.0,-0.1101,-0.0275,0.2659,0.1664,1.0032,0.0,0.0,0.0005,0.85,0.9175,0.7857,False
510663,Ekitiké,Liverpool,FWD,0,0,0,0,232.1,1797.0,0.545,0.1583,1.2987,4.3031,0.9612,0.0,0.0,0.0,0.0,0.0,0.0,1.5763,1.371,1.4167,1.55,1.4054,0.4082,3.3492,11.0973,2.4787,52.3201,10.1,2.45,26.11,85.0,22.0,433.0,20.2878,0.0,0.0,0.0,0.0,0.0,0.0,0.0,0.0,75,i,0,0,0,1,1,Newcastle,A,3,0.963,1.5705,0.0,0.0,0.0,0.0,0.0,0.0,0.0,0.0,0.0,0.0,0.0,0.0,0.0,0.0,0.0,False
514514,Koumas,Liverpool,MID,12,0,1,0,,,,,,,,,,,,,,1.5763,1.371,1.4167,1.55,,,,,,,,,,,,,,,,,,,,,,50,a,1,0,1,1,1,Newcastle,A,3,0.963,1.5705,1.8655,0.7594,0.4306,0.0,-0.0911,-0.0228,0.0992,0.2169,0.3615,0.1318,0.0,0.0013,0.5625,0.7594,0.4306,False
500058,Danns,Liverpool,FWD,0,0,0,0,0.0,0.0,0.0,0.0,0.0,0.0,0.0,0.0,0.0,0.0,0.0,0.0,0.0,1.5763,1.371,1.4167,1.55,0.0,0.0,0.0,0.0,0.0,0.0,0.0,0.0,0.0,0.0,0.0,0.0,0.0,0.0,0.0,0.0,0.0,0.0,0.0,0.0,0.0,45,i,0,0,0,1,1,Newcastle,A,3,0.963,1.5705,0.0,0.0,0.0,0.0,0.0,0.0,0.0,0.0,0.0,0.0,0.0,0.0,0.0,0.0,0.0,False
444884,Elliott,Liverpool,MID,0,0,0,0,6.2,110.0,0.3832,0.0885,0.9392,5.5031,0.0,0.0,0.0,0.0,0.0,0.0,0.0,1.5763,1.371,1.4167,1.55,0.0264,0.0061,0.0647,0.3791,0.0,1.2383,0.29,0.08,1.7400000000000002,6.0,0.0,17.0,17.9753,0.0,0.0,0.0,0.0,0.0,0.0,0.0,0.0,54,u,0,0,0,1,1,Newcastle,A,3,0.963,1.5705,0.0,0.0,0.0,0.0,0.0,0.0,0.0,0.0,0.0,0.0,0.0,0.0,0.0,0.0,0.0,False
445087,Araujo,Liverpool,DEF,33,0,1,0,,,,,,,,,,,,,,1.5763,1.371,1.4167,1.55,,,,,,,,,,,,,,,,,,,,,,54,a,1,0,1,1,1,Newcastle,A,3,0.963,1.5705,1.4879,0.5975,0.4896,0.0,-0.0717,-0.0179,0.0466,0.0646,0.1291,0.5994,-0.2454,0.0686,0.5625,0.5975,0.4896,False
482616,Barcola,Liverpool,MID,0,0,0,0,,,,,,,,,,,,,,1.5763,1.371,1.4167,1.55,,,,,,,,,,,,,,,,,,,,,,80,a,0,0,0,1,1,Newcastle,A,3,0.963,1.5705,2.8643,0.9175,0.7507,0.0,-0.1101,-0.0275,0.2334,0.3421,0.5702,0.208,0.0,0.005,0.85,0.9175,0.7507,False
448047,Enzo,Man City,MID,25,0,1,0,617.0,3114.0,0.2223,0.2223,1.3426,6.6041,0.6436,537.0,0.1458,0.2145,1.4413,5.5307,0.838,2.1893,1.3676,2.804,1.766,1.5242,1.5238,9.2041,45.2745,4.4124,139.1573,11.26,7.26,44.89,244.0,19.0,700.0,20.2985,0.8699999999999999,1.28,8.6,33.0,5.0,121.0,537.0,20.2793,69,a,1,0,1,1,1,Bournemouth,H,3,1.1333,1.6512,2.4974,0.8212,0.5024,0.0,-0.0985,-0.0246,0.0784,0.4238,0.6692,0.1456,0.0,0.0261,0.675,0.8212,0.5024,False
440993,Ndiaye,Man City,MID,180,2,0,0,600.3,2781.0,0.2207,0.0916,1.4475,8.0824,0.1986,540.0,0.27,0.0283,1.4233,6.5,0.0,2.1893,1.3676,2.804,1.766,1.4721,0.611,9.6545,53.9095,1.3244,98.2292,6.68,4.41,42.68,283.0,7.0,540.0,14.727,1.62,0.17,8.54,39.0,0.0,65.0,540.0,10.8333,60,a,0,2,2,1,1,Bournemouth,H,3,1.1333,1.6512,3.3905,0.945,0.8622,0.0,-0.1134,-0.0284,0.1153,0.2905,1.1387,0.2005,0.0,0.2493,0.9,0.945,0.8622,False
204936,Donnarumma,Man City,GK,180,2,0,0,624.7,3060.0,0.0,0.0094,1.1955,0.0,0.2441,540.0,0.0,0.0217,1.3183,0.0,0.3333,2.1893,1.3676,2.804,1.766,0.0,0.065,8.2979,0.0,1.6941,115.1445,0.0,0.13,38.5,0.0,5.0,567.0,16.5888,0.0,0.13,7.91,0.0,2.0,90.0,540.0,15.0,55,a,0,2,2,1,1,Bournemouth,H,3,1.1333,1.6512,3.1639,0.96,0.9453,1.0091,-0.1152,-0.0288,0.2921,0.0326,0.0,0.8793,-0.5645,0.0,0.95,0.96,0.9453,False
122074,Bettinelli,Man City,GK,0,0,0,0,0.0,0.0,0.0,0.0,0.0,0.0,0.0,0.0,0.0,0.0,0.0,0.0,0.0,2.1893,1.3676,2.804,1.766,0.0,0.0,0.0,0.0,0.0,0.0,0.0,0.0,0.0,0.0,0.0,0.0,0.0,0.0,0.0,0.0,0.0,0.0,0.0,0.0,0.0,45,a,0,0,0,1,1,Bournemouth,H,3,1.1333,1.6512,0.0,0.0,0.0,0.0,0.0,0.0,0.0,0.0,0.0,0.0,0.0,0.0,0.0,0.0,0.0,False
472769,O'Reilly,Man City,DEF,150,2,0,0,507.6,2643.0,0.2979,0.1036,1.2469,5.0409,0.4765,450.0,0.342,0.124,1.446,5.2,0.4,2.1893,1.3676,2.804,1.766,1.6804,0.5843,7.0327,28.4307,2.6876,108.2083,6.12,2.67,34.97,172.0,10.0,567.0,19.1859,1.71,0.62,7.23,26.0,2.0,81.0,450.0,16.2,65,a,0,2,2,1,1,Bournemouth,H,3,1.1333,1.6512,3.9106,0.908,0.8791,0.0,-0.109,-0.0272,0.152,0.3034,1.6252,0.8178,-0.5347,0.0902,0.9,0.908,0.8791,False
209036,Guéhi,Man City,DEF,180,2,0,0,612.3,3150.0,0.1166,0.0515,1.2482,7.579,0.412,540.0,0.04,0.0383,1.3183,7.1667,0.3333,2.1893,1.3676,2.804,1.766,0.7935,0.3507,8.4918,51.5626,2.8031,138.6171,4.05,2.37,44.58,278.0,14.0,688.0,20.3749,0.24,0.23,7.91,43.0,2.0,124.0,540.0,20.6667,60,a,0,2,2,1,1,Bournemouth,H,3,1.1333,1.6512,2.774,0.908,0.8791,0.0,-0.109,-0.0272,0.2025,0.154,0.5875,0.8178,-0.5347,0.3199,0.9,0.908,0.8791,False
465351,Matheus N.,Man City,DEF,33,0,1,0,580.9,2861.0,0.0064,0.0666,1.1808,5.3457,0.3203,507.0,0.0,0.0408,1.3562,5.503,0.0,2.1893,1.3676,2.804,1.766,0.0413,0.4297,7.6211,34.5033,2.0673,128.5132,0.3399999999999999,2.23,34.89,195.0,16.0,676.0,19.9108,0.0,0.23,7.64,31.0,0.0,102.0,507.0,18.1065,60,d,1,0,1,1,1,Bournemouth,H,3,1.1333,1.6512,1.6559,0.701,0.5798,0.0,-0.0841,-0.021,0.0617,0.1155,0.0497,0.6719,-0.3147,0.0253,0.675,0.701,0.5798,False
171314,Rúben,Man City,DEF,180,2,0,0,265.3,2139.0,0.0205,0.0296,1.2363,6.4745,0.1674,90.0,0.0,0.02,1.77,3.0,0.0,2.1893,1.3676,2.804,1.766,0.0604,0.0873,3.6444,19.0854,0.4936,48.9679,0.5700000000000001,0.65,26.07,167.0,4.0,453.0,16.6118,0.0,0.02,1.77,3.0,0.0,6.0,90.0,6.0,55,a,0,2,2,1,1,Bournemouth,H,3,1.1333,1.6512,1.9006,0.908,0.495,0.0,-0.109,-0.0272,0.0877,0.051,0.078,0.7203,-0.1993,0.0125,0.9,0.908,0.495,False
477424,Gvardiol,Man City,DEF,164,2,0,0,133.2,1370.0,0.1618,0.0515,1.043,6.5457,0.2268,69.0,0.0783,0.0783,0.9913,5.2174,0.0,2.1893,1.3676,2.804,1.766,0.2394,0.0762,1.5437,9.6877,0.3356,28.4629,2.25,0.7000000000000001,16.05,103.0,5.0,303.0,19.2317,0.06,0.06,0.76,4.0,0.0,12.0,69.0,15.6522,56,a,0,2,2,1,1,Bournemouth,H,3,1.1333,1.6512,2.1273,0.862,0.4676,0.0,-0.1034,-0.0259,0.091,0.0756,0.3725,0.6805,-0.1885,0.0151,0.85,0.862,0.4676,False
448514,Aït-Nouri,Man City,DEF,0,0,0,0,243.6,971.0,0.0533,0.1925,1.0905,5.1074,0.8767,167.0,0.0647,0.1617,0.8407,3.2335,1.0778,2.1893,1.3676,2.804,1.766,0.1444,0.5211,2.9515,13.824,2.3728,63.7831,0.53,2.01,12.25,67.0,9.0,237.0,23.5652,0.12,0.3,1.56,6.0,2.0,53.0,167.0,28.5629,54,a,0,0,0,1,1,Bournemouth,H,3,1.1333,1.6512,0.1445,0.1339,0.0507,0.0,-0.0161,-0.004,0.0022,0.0311,0.0235,0.0588,-0.0316,0.0027,0.0586,0.1339,0.0507,False
578153,Khusanov,Man City,DEF,178,2,0,0,398.3,1427.0,0.0465,0.1397,1.3715,7.193,0.285,450.0,0.036,0.21,1.534,7.6,0.6,2.1893,1.3676,2.804,1.766,0.206,0.6184,6.0696,31.8329,1.2613,81.2704,0.65,1.21,20.89,123.0,3.0,293.0,18.3639,0.18,1.05,7.67,38.0,3.0,94.0,450.0,18.8,55,a,0,2,2,1,1,Bournemouth,H,3,1.1333,1.6512,2.4948,0.862,0.8303,0.0,-0.1034,-0.0259,0.1307,0.3644,0.2737,0.7724,-0.5052,0.2874,0.85,0.862,0.8303,False
494307,Alleyne,Man City,DEF,0,0,0,0,20.7,135.0,0.1739,0.0396,1.0174,7.1678,0.0,0.0,0.0,0.0,0.0,0.0,0.0,2.1893,1.3676,2.804,1.766,0.04,0.0091,0.234,1.6486,0.0,4.1481,0.26,0.06,1.54,11.0,0.0,27.0,18.0352,0.0,0.0,0.0,0.0,0.0,0.0,0.0,0.0,50,u,0,0,0,1,1,Bournemouth,H,3,1.1333,1.6512,0.0,0.0,0.0,0.0,0.0,0.0,0.0,0.0,0.0,0.0,0.0,0.0,0.0,0.0,0.0,False
477064,Lewis,Man City,DEF,56,1,0,0,83.7,401.0,0.072,0.1395,1.7334,1.452,0.0566,90.0,0.08,0.08,1.77,0.0,0.0,2.1893,1.3676,2.804,1.766,0.067,0.1297,1.6121,1.3504,0.0526,2.4379,0.19,1.39,6.8100000000000005,19.0,2.0,72.0,2.6214,0.08,0.08,1.77,0.0,0.0,-3.0,90.0,-3.0,45,a,0,1,1,1,1,Bournemouth,H,3,1.1333,1.6512,2.2536,0.8275,0.7889,0.0,-0.0993,-0.0248,0.0411,0.2422,0.3314,0.7339,-0.4832,0.0461,0.8125,0.8275,0.7889,False
616222,Vitor Reis,Man City,DEF,1,0,1,0,0.0,0.0,0.0,0.0,0.0,0.0,0.0,0.0,0.0,0.0,0.0,0.0,0.0,2.1893,1.3676,2.804,1.766,0.0,0.0,0.0,0.0,0.0,0.0,0.0,0.0,0.0,0.0,0.0,0.0,0.0,0.0,0.0,0.0,0.0,0.0,0.0,0.0,0.0,45,a,1,0,1,1,1,Bournemouth,H,3,1.1333,1.6512,1.4592,0.5975,0.4832,0.0,-0.0717,-0.0179,0.0326,0.0808,0.1617,0.56,-0.263,0.0977,0.5625,0.5975,0.4832,False
437730,Semenyo,Man City,MID,180,2,0,0,617.4,3200.0,0.2525,0.094,1.1658,5.4387,0.3048,520.0,0.1523,0.1315,1.0177,4.3269,0.1731,2.1893,1.3676,2.804,1.766,1.732,0.6446,7.9971,37.3097,2.0912,125.9523,11.1,3.12,47.67,236.0,18.0,678.0,18.3604,0.88,0.76,5.88,25.0,1.0,96.0,520.0,16.6154,85,a,0,2,2,1,1,Bournemouth,H,3,1.1333,1.6512,3.4973,0.945,0.8622,0.0,-0.1134,-0.0284,0.1451,0.3437,1.1626,0.2005,0.0,0.0518,0.9,0.945,0.8622,False
209244,Foden,Man City,MID,171,2,0,0,333.9,2078.0,0.2329,0.2296,1.4258,7.1956,0.6347,256.0,0.2426,0.2602,1.7402,7.7344,1.0547,2.1893,1.3676,2.804,1.766,0.8641,0.8519,5.2896,26.6956,2.3548,87.2989,6.03,4.76,27.38,160.0,13.0,563.0,23.5307,0.6900000000000001,0.74,4.95,22.0,3.0,69.0,256.0,24.2578,70,a,0,2,2,1,1,Bournemouth,H,3,1.1333,1.6512,3.9991,0.945,0.8622,0.0,-0.1134,-0.0284,0.3317,0.682,1.1394,0.2005,0.0,0.1812,0.9,0.945,0.8622,False
466052,Cherki,Man City,MID,108,1,0,0,411.5,1772.0,0.249,0.4022,1.4396,5.4239,0.6134,400.0,0.3442,0.3015,1.737,3.6,0.675,2.1893,1.3676,2.804,1.766,1.1385,1.8389,6.5821,24.7994,2.8048,118.3049,4.28,8.870000000000001,25.23,135.0,16.0,580.0,25.8747,1.53,1.34,7.72,16.0,3.0,99.0,400.0,22.275,77,a,0,1,1,1,1,Bournemouth,H,3,1.1333,1.6512,4.0786,0.8969,0.7786,0.0,-0.1076,-0.0269,0.2904,0.9472,1.1389,0.1811,0.0,0.0381,0.8125,0.8969,0.7786,False
248875,Doku,Man City,MID,0,0,0,0,368.8,1773.0,0.1567,0.2526,1.2467,6.5853,0.9479,476.0,0.1532,0.2326,1.3084,6.4286,1.1345,2.1893,1.3676,2.804,1.766,0.6423,1.035,5.1085,26.9852,3.8843,127.109,2.87,5.86,23.2,126.0,15.0,526.0,31.019,0.81,1.23,6.92,34.0,6.0,178.0,476.0,33.6555,74,i,0,0,0,1,1,Bournemouth,H,3,1.1333,1.6512,0.0,0.0,0.0,0.0,0.0,0.0,0.0,0.0,0.0,0.0,0.0,0.0,0.0,0.0,0.0,False
220566,Rodrigo,Man City,MID,0,0,0,0,342.5,1510.0,0.1062,0.1589,1.2891,11.8613,0.4797,177.0,0.2034,0.1373,1.7746,11.6949,0.5085,2.1893,1.3676,2.804,1.766,0.404,0.6047,4.9059,45.1388,1.8255,81.8289,1.15,2.45,20.74,206.0,6.0,350.0,21.5025,0.3999999999999999,0.27,3.49,23.0,1.0,45.0,177.0,22.8814,65,u,0,0,0,1,1,Bournemouth,H,3,1.1333,1.6512,0.0,0.0,0.0,0.0,0.0,0.0,0.0,0.0,0.0,0.0,0.0,0.0,0.0,0.0,0.0,False
433036,Reijnders,Man City,MID,0,0,0,0,204.9,1623.0,0.3306,0.1362,1.0223,5.181,0.2354,135.0,0.4333,0.0533,1.0267,3.3333,0.0,2.1893,1.3676,2.804,1.766,0.7527,0.3101,2.3274,11.7954,0.5359,34.3777,4.61,2.35,18.82,100.0,6.0,337.0,15.1,0.65,0.08,1.54,5.0,0.0,12.0,135.0,8.0,60,u,0,0,0,1,1,Bournemouth,H,3,1.1333,1.6512,0.0,0.0,0.0,0.0,0.0,0.0,0.0,0.0,0.0,0.0,0.0,0.0,0.0,0.0,0.0,False
91651,Kovačić,Man City,MID,42,0,1,0,70.0,125.0,0.0969,0.278,2.832,13.5458,0.0,112.0,0.1045,0.3134,2.7161,14.4643,0.0,2.1893,1.3676,2.804,1.766,0.0754,0.2162,2.2027,10.5356,0.0,20.412,0.13,0.42,4.0,18.0,0.0,41.0,26.244,0.13,0.39,3.38,18.0,0.0,34.0,112.0,27.3214,55,a,1,0,1,1,1,Bournemouth,H,3,1.1333,1.6512,1.9911,0.7594,0.4191,0.0,-0.0911,-0.0228,0.1133,0.3066,0.4053,0.1214,0.0,0.0198,0.5625,0.7594,0.4191,False
575204,Echeverri,Man City,MID,0,0,0,0,0.0,0.0,0.0,0.0,0.0,0.0,0.0,0.0,0.0,0.0,0.0,0.0,0.0,2.1893,1.3676,2.804,1.766,0.0,0.0,0.0,0.0,0.0,0.0,0.0,0.0,0.0,0.0,0.0,0.0,0.0,0.0,0.0,0.0,0.0,0.0,0.0,0.0,0.0,49,a,0,0,0,1,1,Bournemouth,H,3,1.1333,1.6512,0.0,0.0,0.0,0.0,0.0,0.0,0.0,0.0,0.0,0.0,0.0,0.0,0.0,0.0,0.0,False
155405,Phillips,Man City,MID,0,0,0,0,0.0,0.0,0.0,0.0,0.0,0.0,0.0,0.0,0.0,0.0,0.0,0.0,0.0,2.1893,1.3676,2.804,1.766,0.0,0.0,0.0,0.0,0.0,0.0,0.0,0.0,0.0,0.0,0.0,0.0,0.0,0.0,0.0,0.0,0.0,0.0,0.0,0.0,0.0,50,u,0,0,0,1,1,Bournemouth,H,3,1.1333,1.6512,0.0,0.0,0.0,0.0,0.0,0.0,0.0,0.0,0.0,0.0,0.0,0.0,0.0,0.0,0.0,False
590039,Mukasa,Man City,MID,0,0,0,0,3.2,25.0,0.0,0.6356,1.2628,2.9559,0.0,0.0,0.0,0.0,0.0,0.0,0.0,2.1893,1.3676,2.804,1.766,0.0,0.0226,0.0449,0.1051,0.0,0.6965,0.0,0.21,0.3399999999999999,1.0,0.0,5.0,19.5891,0.0,0.0,0.0,0.0,0.0,0.0,0.0,0.0,45,a,0,0,0,1,1,Bournemouth,H,3,1.1333,1.6512,0.0,0.0,0.0,0.0,0.0,0.0,0.0,0.0,0.0,0.0,0.0,0.0,0.0,0.0,0.0,False
649208,Monga,Man City,MID,0,0,0,0,,,,,,,,,,,,,,2.1893,1.3676,2.804,1.766,,,,,,,,,,,,,,,,,,,,,,49,u,0,0,0,1,1,Bournemouth,H,3,1.1333,1.6512,0.0,0.0,0.0,0.0,0.0,0.0,0.0,0.0,0.0,0.0,0.0,0.0,0.0,0.0,0.0,False
223094,Haaland,Man City,FWD,180,2,0,0,530.2,2953.0,0.659,0.1103,1.252,2.9454,1.1501,450.0,0.772,0.146,1.446,2.6,1.6,2.1893,1.3676,2.804,1.766,3.8824,0.6496,7.3758,17.3519,6.7753,151.1922,25.5,2.67,38.6,104.0,43.0,952.0,25.6645,3.86,0.73,7.23,13.0,8.0,161.0,450.0,32.2,155,a,0,2,2,1,1,Bournemouth,H,3,1.1333,1.6512,5.1448,0.945,0.8622,0.0,-0.1134,-0.0284,0.6196,0.3861,2.6318,0.0,0.0,0.0011,0.9,0.945,0.8622,False
215379,Anderson,Man City,MID,143,2,0,0,633.2,3332.0,0.0678,0.1779,1.5463,14.1267,0.7296,469.0,0.071,0.2226,1.7175,13.4328,1.1514,2.1893,1.3676,2.804,1.766,0.4772,1.2517,10.879,99.389,5.1329,168.9552,2.94,4.79,53.65,515.0,16.0,795.0,24.0145,0.37,1.16,8.950000000000001,70.0,6.0,146.0,469.0,28.0171,64,a,0,2,2,1,1,Bournemouth,H,3,1.1333,1.6512,3.6578,0.945,0.8622,0.0,-0.1134,-0.0284,0.8161,0.5707,0.4251,0.2005,0.0,1.1251,0.9,0.945,0.8622,False
106921,Rulli,Man City,GK,0,0,0,0,,,,,,,,,,,,,,2.1893,1.3676,2.804,1.766,,,,,,,,,,,,,,,,,,,,,,50,a,0,0,0,1,1,Bournemouth,H,3,1.1333,1.6512,0.0,0.0,0.0,0.0,0.0,0.0,0.0,0.0,0.0,0.0,0.0,0.0,0.0,0.0,0.0,False
637238,Bouaddi,Man City,MID,8,0,1,0,,,,,,,,,,,,,,2.1893,1.3676,2.804,1.766,,,,,,,,,,,,,,,,,,,,,,55,a,1,0,1,1,1,Bournemouth,H,3,1.1333,1.6512,1.9245,0.7594,0.4191,0.0,-0.0911,-0.0228,0.0725,0.2573,0.4288,0.1214,0.0,0.0016,0.5625,0.7594,0.4191,False
616288,McAidoo,Man City,MID,8,0,1,0,0.0,0.0,0.0,0.0,0.0,0.0,0.0,0.0,0.0,0.0,0.0,0.0,0.0,2.1893,1.3676,2.804,1.766,0.0,0.0,0.0,0.0,0.0,0.0,0.0,0.0,0.0,0.0,0.0,0.0,0.0,0.0,0.0,0.0,0.0,0.0,0.0,0.0,0.0,45,a,1,0,1,1,1,Bournemouth,H,3,1.1333,1.6512,1.9245,0.7594,0.4191,0.0,-0.0911,-0.0228,0.0725,0.2573,0.4288,0.1214,0.0,0.0016,0.5625,0.7594,0.4191,False
554054,Braithwaite,Man City,DEF,1,0,1,0,,,,,,,,,,,,,,2.1893,1.3676,2.804,1.766,,,,,,,,,,,,,,,,,,,,,,40,a,1,0,1,1,1,Bournemouth,H,3,1.1333,1.6512,1.4592,0.5975,0.4832,0.0,-0.0717,-0.0179,0.0326,0.0808,0.1617,0.56,-0.263,0.0977,0.5625,0.5975,0.4832,False
624777,Allan,Man City,MID,0,0,0,0,,,,,,,,,,,,,,2.1893,1.3676,2.804,1.766,,,,,,,,,,,,,,,,,,,,,,60,a,0,0,0,1,1,Bournemouth,H,3,1.1333,1.6512,2.1676,0.8075,0.4839,0.0,-0.0969,-0.0242,0.0929,0.2941,0.4902,0.1402,0.0,0.0021,0.65,0.8075,0.4839,False
166989,Tielemans,Man Utd,MID,156,2,0,0,395.1,1857.0,0.0418,0.1514,1.3994,10.2172,0.0841,449.0,0.0301,0.1122,1.365,9.6214,0.0,1.7145,1.2882,1.7933,1.3017,0.1836,0.6647,6.1432,44.8535,0.369,90.9579,1.14,3.26,31.34,203.0,3.0,417.0,20.7193,0.15,0.56,6.81,48.0,0.0,99.0,449.0,19.8441,59,a,0,2,2,1,1,Hull City,A,2,1.1354,0.9883,3.0663,0.945,0.8683,0.0,-0.1134,-0.0284,0.2572,0.462,0.3478,0.3478,0.0,0.274,0.9,0.945,0.8683,False
535301,Baleba,Man Utd,MID,0,0,0,0,325.7,1646.0,0.0612,0.0631,0.921,12.8162,0.0,356.0,0.0556,0.1112,0.8444,13.9045,0.0,1.7145,1.2882,1.7933,1.3017,0.2214,0.2283,3.333,46.3805,0.0,57.4877,0.78,0.72,20.4,209.0,0.0,231.0,15.8855,0.22,0.44,3.34,55.0,0.0,73.0,356.0,18.4551,50,i,0,0,0,1,1,Hull City,A,2,1.1354,0.9883,0.0,0.0,0.0,0.0,0.0,0.0,0.0,0.0,0.0,0.0,0.0,0.0,0.0,0.0,0.0,False
532605,Andrey Santos,Man Utd,MID,76,1,0,0,277.2,1247.0,0.1071,0.053,1.3554,8.2367,0.5792,184.0,0.1223,0.0245,1.1152,7.8261,1.4674,1.7145,1.2882,1.7933,1.3017,0.3298,0.1631,4.1745,25.3689,1.7838,72.0525,2.0,0.88,18.91,129.0,3.0,257.0,23.3937,0.25,0.05,2.28,16.0,3.0,71.0,184.0,34.7283,49,a,0,1,1,1,1,Hull City,A,2,1.1354,0.9883,2.9028,0.8969,0.7841,0.0,-0.1076,-0.0269,0.2445,0.2331,0.5847,0.3141,0.0,0.0962,0.8125,0.8969,0.7841,False
59735,Darlow,Man Utd,GK,0,0,0,0,556.9,1980.0,0.0,0.0021,1.479,0.0,0.2883,540.0,0.0,0.0017,1.5883,0.0,0.5,1.7145,1.2882,1.7933,1.3017,0.0,0.0132,9.1516,0.0,1.7838,106.3066,0.0,0.05,28.36,0.0,3.0,334.0,17.1801,0.0,0.01,9.53,0.0,3.0,111.0,540.0,18.5,45,a,0,0,0,1,1,Hull City,A,2,1.1354,0.9883,0.5869,0.1976,0.1886,0.1637,-0.0237,-0.0059,0.005,0.0009,0.0,0.3487,-0.0419,0.0,0.1895,0.1976,0.1886,False
465247,Lammens,Man Utd,GK,180,2,0,0,659.2,2880.0,0.0,0.0,1.2812,0.0,0.4327,540.0,0.0,0.0,1.3017,0.0,0.8333,1.7145,1.2882,1.7933,1.3017,0.0,0.0,9.3843,0.0,3.1695,107.0151,0.0,0.0,39.25,0.0,11.0,413.0,14.6107,0.0,0.0,7.81,0.0,5.0,113.0,540.0,18.8333,50,a,0,2,2,1,1,Hull City,A,2,1.1354,0.9883,3.8978,0.96,0.9453,0.8205,-0.1152,-0.0288,0.3227,0.0,0.0,1.5146,-0.2752,0.0,0.95,0.96,0.9453,False
451302,Bayindir,Man Utd,GK,0,0,0,0,17.8,540.0,0.0,0.0081,1.5477,0.0,0.0,0.0,0.0,0.0,0.0,0.0,0.0,1.7145,1.2882,1.7933,1.3017,0.0,0.0016,0.3061,0.0,0.0,1.5827,0.0,0.05,9.24,0.0,0.0,49.0,8.0024,0.0,0.0,0.0,0.0,0.0,0.0,0.0,0.0,45,u,0,0,0,1,1,Hull City,A,2,1.1354,0.9883,0.0,0.0,0.0,0.0,0.0,0.0,0.0,0.0,0.0,0.0,0.0,0.0,0.0,0.0,0.0,False
21205,Heaton,Man Utd,GK,0,0,0,0,0.0,0.0,0.0,0.0,0.0,0.0,0.0,0.0,0.0,0.0,0.0,0.0,0.0,1.7145,1.2882,1.7933,1.3017,0.0,0.0,0.0,0.0,0.0,0.0,0.0,0.0,0.0,0.0,0.0,0.0,0.0,0.0,0.0,0.0,0.0,0.0,0.0,0.0,0.0,40,i,0,0,0,1,1,Hull City,A,2,1.1354,0.9883,0.0,0.0,0.0,0.0,0.0,0.0,0.0,0.0,0.0,0.0,0.0,0.0,0.0,0.0,0.0,False
596777,Dorgu,Man Utd,MID,55,1,0,0,183.1,1440.0,0.2638,0.1798,0.9087,4.8698,1.489,111.0,0.4297,0.3405,0.673,2.4324,2.4324,1.7145,1.2882,1.7933,1.3017,0.5366,0.3657,1.8488,9.9073,3.0292,67.4226,2.39,1.84,19.61,98.0,11.0,321.0,33.1405,0.53,0.42,0.8300000000000001,3.0,3.0,60.0,111.0,48.6486,59,a,0,1,1,1,1,Hull City,A,2,1.1354,0.9883,4.23,0.8969,0.7841,0.0,-0.1076,-0.0269,0.7053,0.5203,1.1639,0.3141,0.0,0.009,0.8125,0.8969,0.7841,False
209365,De Ligt,Man Utd,DEF,0,0,0,0,54.5,1170.0,0.1133,0.069,1.4015,8.0549,0.288,0.0,0.0,0.0,0.0,0.0,0.0,1.7145,1.2882,1.7933,1.3017,0.0686,0.0418,0.8487,4.8777,0.1744,7.6816,1.38,0.8300000000000001,18.73,107.0,5.0,169.0,12.6852,0.0,0.0,0.0,0.0,0.0,0.0,0.0,0.0,50,i,0,0,0,1,1,Hull City,A,2,1.1354,0.9883,0.0,0.0,0.0,0.0,0.0,0.0,0.0,0.0,0.0,0.0,0.0,0.0,0.0,0.0,0.0,False
216051,Dalot,Man Utd,DEF,83,1,0,0,498.6,2609.0,0.077,0.076,1.2521,6.4518,0.2442,360.0,0.09,0.045,1.4425,7.25,0.0,1.7145,1.2882,1.7933,1.3017,0.4268,0.4208,6.9367,35.743,1.3531,76.3547,1.93,2.57,36.57,180.0,9.0,414.0,13.7824,0.36,0.18,5.77,29.0,0.0,48.0,360.0,12.0,50,a,0,1,1,1,1,Hull City,A,2,1.1354,0.9883,3.5027,0.908,0.8825,0.0,-0.109,-0.0272,0.1244,0.2114,0.4632,1.414,-0.2607,0.1025,0.9,0.908,0.8825,False
95658,Maguire,Man Utd,DEF,180,2,0,0,473.4,1649.0,0.0506,0.0406,1.1852,9.117,0.2306,450.0,0.062,0.062,1.248,10.6,0.4,1.7145,1.2882,1.7933,1.3017,0.2663,0.2136,6.2343,47.9556,1.213,90.9169,1.12,0.5,22.95,151.0,5.0,315.0,17.2846,0.31,0.31,6.24,53.0,2.0,111.0,450.0,22.2,50,a,0,2,2,1,1,Hull City,A,2,1.1354,0.9883,3.1878,0.862,0.8335,0.0,-0.1034,-0.0259,0.1921,0.136,0.3083,1.3355,-0.2463,0.3043,0.85,0.862,0.8335,False
221820,Martinez,Man Utd,DEF,90,1,0,0,325.8,1229.0,0.017,0.0358,1.2652,7.8137,0.1214,270.0,0.03,0.0133,1.3067,8.3333,0.0,1.7145,1.2882,1.7933,1.3017,0.0616,0.1297,4.58,28.2855,0.4395,69.8352,0.15,0.6,15.22,105.0,3.0,241.0,19.2915,0.09,0.04,3.92,25.0,0.0,72.0,270.0,24.0,50,a,0,1,1,1,1,Hull City,A,2,1.1354,0.9883,2.8896,0.8275,0.7967,0.0,-0.0993,-0.0248,0.1823,0.1085,0.1617,1.2765,-0.2355,0.1771,0.8125,0.8275,0.7967,False
550864,Yoro,Man Utd,DEF,16,0,1,0,267.6,1730.0,0.0969,0.0467,1.4593,9.2199,0.0097,34.0,0.0,0.0,1.0588,13.2353,0.0,1.7145,1.2882,1.7933,1.3017,0.2881,0.139,4.3389,27.4139,0.0287,33.357,1.34,0.5900000000000001,26.83,156.0,1.0,191.0,11.2187,0.0,0.0,0.4,5.0,0.0,7.0,34.0,18.5294,49,a,1,0,1,1,1,Hull City,A,2,1.1354,0.9883,2.0696,0.5975,0.496,0.0,-0.0717,-0.0179,0.028,0.0756,0.2738,0.917,-0.1246,0.0804,0.5625,0.5975,0.496,False
606745,Heaven,Man Utd,DEF,90,1,0,0,198.7,920.0,0.0217,0.0088,1.195,7.8201,0.5713,270.0,0.0,0.0033,1.2967,6.6667,1.0,1.7145,1.2882,1.7933,1.3017,0.0478,0.0195,2.6383,17.2651,1.2613,36.2377,0.34,0.18,11.95,93.0,3.0,164.0,16.4137,0.0,0.01,3.89,20.0,3.0,52.0,270.0,17.3333,45,a,0,1,1,1,1,Hull City,A,2,1.1354,0.9883,2.809,0.8275,0.7967,0.0,-0.0993,-0.0248,0.1309,0.0676,0.1734,1.2765,-0.2355,0.1658,0.8125,0.8275,0.7967,False
230001,Mazraoui,Man Utd,DEF,96,1,0,0,257.2,977.0,0.0173,0.0221,1.3506,8.4893,0.7092,298.0,0.0,0.0181,1.2141,8.1544,0.906,1.7145,1.2882,1.7933,1.3017,0.0494,0.0632,3.8596,24.2604,2.0266,68.5591,0.19,0.35,12.99,94.0,6.0,233.0,23.9904,0.0,0.06,4.02,27.0,3.0,93.0,298.0,28.0872,45,a,0,1,1,1,1,Hull City,A,2,1.1354,0.9883,3.0039,0.8275,0.7967,0.0,-0.0993,-0.0248,0.3196,0.0904,0.1567,1.2765,-0.2355,0.2119,0.8125,0.8275,0.7967,False
106760,Shaw,Man Utd,DEF,162,2,0,0,631.2,3220.0,0.03,0.0609,1.2802,7.055,0.1798,513.0,0.0316,0.0754,1.314,8.4211,0.5263,1.7145,1.2882,1.7933,1.3017,0.2102,0.4274,8.9787,49.4792,1.2613,108.4372,0.72,1.98,44.9,224.0,3.0,449.0,15.4616,0.18,0.43,7.49,48.0,3.0,122.0,513.0,21.4035,45,a,0,2,2,1,1,Hull City,A,2,1.1354,0.9883,3.2657,0.908,0.8825,0.0,-0.109,-0.0272,0.1595,0.1931,0.2095,1.414,-0.2607,0.1487,0.9,0.908,0.8825,False
577974,Amass,Man Utd,DEF,0,0,0,0,0.0,0.0,0.0,0.0,0.0,0.0,0.0,0.0,0.0,0.0,0.0,0.0,0.0,1.7145,1.2882,1.7933,1.3017,0.0,0.0,0.0,0.0,0.0,0.0,0.0,0.0,0.0,0.0,0.0,0.0,0.0,0.0,0.0,0.0,0.0,0.0,0.0,0.0,0.0,40,a,0,0,0,1,1,Hull City,A,2,1.1354,0.9883,0.0,0.0,0.0,0.0,0.0,0.0,0.0,0.0,0.0,0.0,0.0,0.0,0.0,0.0,0.0,False
547676,Fredricson,Man Utd,DEF,0,0,0,0,0.2,2.0,0.0,0.0,15.48,103.185,0.0,0.0,0.0,0.0,0.0,0.0,0.0,1.7145,1.2882,1.7933,1.3017,0.0,0.0,0.0344,0.2293,0.0,0.4585,0.0,0.0,0.3,2.0,0.0,4.0,206.325,0.0,0.0,0.0,0.0,0.0,0.0,0.0,0.0,40,u,0,0,0,1,1,Hull City,A,2,1.1354,0.9883,0.0,0.0,0.0,0.0,0.0,0.0,0.0,0.0,0.0,0.0,0.0,0.0,0.0,0.0,0.0,False
141746,B.Fernandes,Man Utd,MID,180,2,0,0,633.5,3065.0,0.2208,0.4372,1.3096,7.0249,1.2761,540.0,0.075,0.46,1.3017,6.5,0.8333,1.7145,1.2882,1.7933,1.3017,1.554,3.0776,9.2179,49.4475,8.9821,225.0796,10.79,12.28,44.42,287.0,41.0,1008.0,31.9766,0.45,2.76,7.81,39.0,5.0,186.0,540.0,31.0,120,a,0,2,2,1,1,Hull City,A,2,1.1354,0.9883,5.0866,0.945,0.8683,0.0,-0.1134,-0.0284,0.8563,1.2489,0.982,0.3478,0.0,0.0762,0.9,0.945,0.8683,False
446008,Mbeumo,Man Utd,MID,180,2,0,0,487.0,2611.0,0.601,0.1344,1.1848,4.8655,0.3871,400.0,0.8865,0.1192,1.3185,4.5,0.225,1.7145,1.2882,1.7933,1.3017,3.2523,0.7271,6.4113,26.328,2.0947,95.943,11.98,4.99,35.87,139.0,16.0,528.0,17.7307,3.94,0.53,5.86,20.0,1.0,77.0,400.0,17.325,80,a,0,2,2,1,1,Hull City,A,2,1.1354,0.9883,5.6674,0.945,0.8683,0.0,-0.1134,-0.0284,0.2971,0.4283,2.9427,0.3478,0.0,0.0122,0.9,0.945,0.8683,False
430871,Cunha,Man Utd,MID,158,2,0,0,497.7,2493.0,0.2183,0.1299,1.3403,7.8596,0.5826,335.0,0.2579,0.1746,1.4104,8.0597,0.5373,1.7145,1.2882,1.7933,1.3017,1.2073,0.7181,7.4118,43.4634,3.2219,132.3198,6.9,3.36,35.75,211.0,14.0,591.0,23.9276,0.96,0.65,5.25,30.0,2.0,110.0,335.0,29.5522,80,a,0,2,2,1,1,Hull City,A,2,1.1354,0.9883,3.903,0.945,0.8683,0.0,-0.1134,-0.0284,0.3526,0.4406,1.1104,0.3478,0.0,0.1252,0.9,0.945,0.8683,False
176297,Rashford,Man Utd,MID,124,1,0,0,0.0,0.0,0.0,0.0,0.0,0.0,0.0,0.0,0.0,0.0,0.0,0.0,0.0,1.7145,1.2882,1.7933,1.3017,0.0,0.0,0.0,0.0,0.0,0.0,0.0,0.0,0.0,0.0,0.0,0.0,0.0,0.0,0.0,0.0,0.0,0.0,0.0,0.0,0.0,70,a,0,1,1,1,1,Hull City,A,2,1.1354,0.9883,1.9999,0.8969,0.4473,0.0,-0.1076,-0.0269,0.1069,0.174,0.29,0.2393,0.0,0.0,0.8125,0.8969,0.4473,False
184341,Mount,Man Utd,MID,0,0,0,0,170.0,1010.0,0.0651,0.118,1.0178,14.3323,0.0861,197.0,0.0091,0.1005,0.9868,17.8173,0.0,1.7145,1.2882,1.7933,1.3017,0.1229,0.2228,1.9225,27.0722,0.1627,33.1846,1.56,1.62,12.46,102.0,3.0,201.0,17.5683,0.02,0.22,2.16,39.0,0.0,34.0,197.0,15.533,55,d,0,0,0,1,1,Hull City,A,2,1.1354,0.9883,0.6354,0.488,0.0563,0.0,-0.0586,-0.0146,0.0146,0.0657,0.0779,0.026,0.0,0.0198,0.0691,0.488,0.0563,False
493250,Amad,Man Utd,MID,0,0,0,0,466.1,2339.0,0.1804,0.2148,1.3289,6.9578,0.2006,354.0,0.2136,0.3102,1.3729,6.1017,0.2542,1.7145,1.2882,1.7933,1.3017,0.9341,1.1122,6.8823,36.0335,1.0389,81.6101,5.46,4.74,31.69,198.0,7.0,463.0,15.7582,0.84,1.2200000000000002,5.4,24.0,1.0,52.0,354.0,13.2203,58,i,0,0,0,1,1,Hull City,A,2,1.1354,0.9883,0.0,0.0,0.0,0.0,0.0,0.0,0.0,0.0,0.0,0.0,0.0,0.0,0.0,0.0,0.0,False
516895,Mainoo,Man Utd,MID,102,1,0,0,516.6,1653.0,0.0309,0.0647,1.2295,10.3683,0.1742,540.0,0.04,0.0733,1.3017,11.1667,0.3333,1.7145,1.2882,1.7933,1.3017,0.1776,0.3711,7.0576,59.5141,1.0,107.6344,0.48,1.27,22.88,187.0,2.0,340.0,18.7516,0.24,0.44,7.81,67.0,2.0,125.0,540.0,20.8333,55,a,0,1,1,1,1,Hull City,A,2,1.1354,0.9883,2.562,0.8969,0.7841,0.0,-0.1076,-0.0269,0.164,0.2543,0.3032,0.3141,0.0,0.2663,0.8125,0.8969,0.7841,False
232112,Ugarte,Man Utd,MID,0,0,0,0,115.9,876.0,0.1392,0.0158,1.9205,14.5775,0.0,0.0,0.0,0.0,0.0,0.0,0.0,1.7145,1.2882,1.7933,1.3017,0.1792,0.0203,2.4732,18.7726,0.0,25.0041,0.72,0.16,18.22,142.0,0.0,183.0,19.4165,0.0,0.0,0.0,0.0,0.0,0.0,0.0,0.0,50,i,0,0,0,1,1,Hull City,A,2,1.1354,0.9883,0.0,0.0,0.0,0.0,0.0,0.0,0.0,0.0,0.0,0.0,0.0,0.0,0.0,0.0,0.0,False
547037,J.Fletcher,Man Utd,MID,0,0,0,0,12.6,107.0,0.0271,0.0179,1.5693,9.1729,0.0,0.0,0.0,0.0,0.0,0.0,0.0,1.7145,1.2882,1.7933,1.3017,0.0038,0.0025,0.2197,1.2842,0.0,1.2085,0.03,0.02,1.86,11.0,0.0,10.0,8.6321,0.0,0.0,0.0,0.0,0.0,0.0,0.0,0.0,50,a,0,0,0,1,1,Hull City,A,2,1.1354,0.9883,0.0,0.0,0.0,0.0,0.0,0.0,0.0,0.0,0.0,0.0,0.0,0.0,0.0,0.0,0.0,False
576628,Lacey,Man Utd,MID,10,0,1,0,19.7,40.0,0.1325,0.0297,1.2417,6.6038,0.0,28.0,0.0964,0.0321,1.2857,6.4286,0.0,1.7145,1.2882,1.7933,1.3017,0.029,0.0065,0.2718,1.4455,0.0,1.6199,0.1,0.01,0.51,3.0,0.0,9.0,7.4006,0.03,0.01,0.4,2.0,0.0,1.0,28.0,3.2143,50,a,1,0,1,1,1,Hull City,A,2,1.1354,0.9883,1.9842,0.7594,0.4422,0.0,-0.0911,-0.0228,0.0332,0.2464,0.4325,0.2044,0.0,0.0008,0.5625,0.7594,0.4422,False
490881,Collyer,Man Utd,MID,0,0,0,0,0.0,0.0,0.0,0.0,0.0,0.0,0.0,0.0,0.0,0.0,0.0,0.0,0.0,1.7145,1.2882,1.7933,1.3017,0.0,0.0,0.0,0.0,0.0,0.0,0.0,0.0,0.0,0.0,0.0,0.0,0.0,0.0,0.0,0.0,0.0,0.0,0.0,0.0,0.0,50,u,0,0,0,1,1,Hull City,A,2,1.1354,0.9883,0.0,0.0,0.0,0.0,0.0,0.0,0.0,0.0,0.0,0.0,0.0,0.0,0.0,0.0,0.0,False
576620,Bendito Mantato,Man Utd,MID,0,0,0,0,1.9,15.0,0.0,0.0568,0.2937,0.0,0.0,0.0,0.0,0.0,0.0,0.0,0.0,1.7145,1.2882,1.7933,1.3017,0.0,0.0012,0.0062,0.0,0.0,0.375,0.0,0.01,0.05,0.0,0.0,3.0,17.7632,0.0,0.0,0.0,0.0,0.0,0.0,0.0,0.0,45,a,0,0,0,1,1,Hull City,A,2,1.1354,0.9883,0.0,0.0,0.0,0.0,0.0,0.0,0.0,0.0,0.0,0.0,0.0,0.0,0.0,0.0,0.0,False
519913,Fletcher,Man Utd,MID,0,0,0,0,10.6,17.0,0.0,0.0178,1.7423,11.0106,0.0,16.0,0.0,0.0,1.7438,11.25,0.0,1.7145,1.2882,1.7933,1.3017,0.0,0.0021,0.2052,1.2968,0.0,2.5759,0.0,0.01,0.33,2.0,0.0,6.0,21.8708,0.0,0.0,0.31,2.0,0.0,3.0,16.0,16.875,45,a,0,0,0,1,1,Hull City,A,2,1.1354,0.9883,0.5263,0.4531,0.0053,0.0,-0.0544,-0.0136,0.0181,0.0507,0.0842,0.0028,0.0,0.0,0.0056,0.4531,0.0053,False
485711,Šeško,Man Utd,FWD,33,0,1,0,289.8,1630.0,0.6199,0.0134,1.5399,3.1547,1.1653,211.0,0.7294,0.0213,1.2839,3.4123,0.8531,1.7145,1.2882,1.7933,1.3017,1.996,0.0432,4.9586,10.158,3.7524,90.2756,9.21,0.28,27.05,64.0,19.0,405.0,28.0359,1.71,0.05,3.01,8.0,2.0,67.0,211.0,28.5782,70,a,1,0,1,1,1,Hull City,A,2,1.1354,0.9883,2.4383,0.7594,0.4422,0.0,-0.0911,-0.0228,0.1188,0.085,1.3048,0.0,0.0,0.0,0.5625,0.7594,0.4422,False
458249,Zirkzee,Man Utd,FWD,0,0,0,0,101.7,607.0,0.4843,0.0439,1.6206,6.3298,0.5292,98.0,0.5143,0.0184,1.6347,6.4286,0.0,1.7145,1.2882,1.7933,1.3017,0.5473,0.0496,1.8313,7.1527,0.598,23.4857,2.74,0.34,9.41,44.0,6.0,146.0,20.7838,0.56,0.02,1.78,7.0,0.0,16.0,98.0,14.6939,54,a,0,0,0,1,1,Hull City,A,2,1.1354,0.9883,0.5606,0.4689,0.0291,0.0,-0.0563,-0.0141,0.0111,0.0394,0.2405,0.0,0.0,0.0,0.0344,0.4689,0.0291,False
596047,Obi,Man Utd,FWD,0,0,0,0,0.0,0.0,0.0,0.0,0.0,0.0,0.0,0.0,0.0,0.0,0.0,0.0,0.0,1.7145,1.2882,1.7933,1.3017,0.0,0.0,0.0,0.0,0.0,0.0,0.0,0.0,0.0,0.0,0.0,0.0,0.0,0.0,0.0,0.0,0.0,0.0,0.0,0.0,0.0,45,a,0,0,0,1,1,Hull City,A,2,1.1354,0.9883,0.0,0.0,0.0,0.0,0.0,0.0,0.0,0.0,0.0,0.0,0.0,0.0,0.0,0.0,0.0,False
465694,N.Gonzalez,Newcastle,MID,70,1,0,0,210.3,1561.0,0.0484,0.0652,1.4397,12.1408,0.0267,191.0,0.0565,0.0565,1.6869,11.3089,0.0,1.5301,1.5382,1.5433,1.4783,0.1131,0.1523,3.3642,28.3691,0.0625,45.3533,0.68,1.12,20.35,206.0,1.0,337.0,19.4094,0.12,0.12,3.58,24.0,0.0,48.0,191.0,22.6178,55,a,0,1,1,1,1,Liverpool,H,4,1.0338,1.4755,2.6039,0.8969,0.7855,0.0,-0.1076,-0.0269,0.3063,0.2282,0.3315,0.21,0.0,0.5406,0.8125,0.8969,0.7855,False
98747,Pope,Newcastle,GK,0,0,0,0,465.4,2416.0,0.0077,0.0,1.3298,0.0,0.0167,450.0,0.0,0.0,1.176,0.0,0.0,1.5301,1.5382,1.5433,1.4783,0.04,0.0,6.8765,0.0,0.0866,71.435,0.16,0.0,32.89,0.0,3.0,414.0,13.8142,0.0,0.0,5.88,0.0,0.0,78.0,450.0,15.6,50,a,0,0,0,1,1,Liverpool,H,4,1.0338,1.4755,0.3539,0.1663,0.1571,0.1503,-0.02,-0.005,0.0045,0.0,0.0042,0.2053,-0.063,0.0,0.1579,0.1663,0.1571,False
81441,Gillespie,Newcastle,GK,0,0,0,0,0.0,0.0,0.0,0.0,0.0,0.0,0.0,0.0,0.0,0.0,0.0,0.0,0.0,1.5301,1.5382,1.5433,1.4783,0.0,0.0,0.0,0.0,0.0,0.0,0.0,0.0,0.0,0.0,0.0,0.0,0.0,0.0,0.0,0.0,0.0,0.0,0.0,0.0,0.0,45,a,0,0,0,1,1,Liverpool,H,4,1.0338,1.4755,0.0,0.0,0.0,0.0,0.0,0.0,0.0,0.0,0.0,0.0,0.0,0.0,0.0,0.0,0.0,False
554578,Jaouen,Newcastle,GK,0,0,0,0,,,,,,,,,,,,,,1.5301,1.5382,1.5433,1.4783,,,,,,,,,,,,,,,,,,,,,,45,a,0,0,0,1,1,Liverpool,H,4,1.0338,1.4755,0.0,0.0,0.0,0.0,0.0,0.0,0.0,0.0,0.0,0.0,0.0,0.0,0.0,0.0,0.0,False
465642,Thiaw,Newcastle,DEF,180,2,0,0,640.4,2963.0,0.1622,0.0244,1.5987,8.2473,0.2369,540.0,0.1767,0.01,1.4783,6.6667,0.0,1.5301,1.5382,1.5433,1.4783,1.1542,0.1734,11.3755,58.6838,1.6858,84.3891,4.8,0.96,49.21,292.0,12.0,436.0,11.8598,1.06,0.06,8.870000000000001,40.0,0.0,65.0,540.0,10.8333,50,a,0,2,2,1,1,Liverpool,H,4,1.0338,1.4755,3.0614,0.908,0.8833,0.0,-0.109,-0.0272,0.1164,0.0754,0.8337,0.9446,-0.4598,0.3003,0.9,0.908,0.8833,False
119471,Schär,Newcastle,DEF,1,0,1,0,88.0,1089.0,0.1104,0.0572,1.2799,9.4036,0.0,0.0,0.0,0.0,0.0,0.0,0.0,1.5301,1.5382,1.5433,1.4783,0.1079,0.0559,1.2515,9.1946,0.0,13.7436,0.97,0.6000000000000001,13.85,115.0,0.0,186.0,14.056,0.0,0.0,0.0,0.0,0.0,0.0,0.0,0.0,50,a,1,0,1,1,1,Liverpool,H,4,1.0338,1.4755,1.7217,0.5975,0.4991,0.0,-0.0717,-0.0179,0.0398,0.0812,0.2701,0.6523,-0.2248,0.1229,0.5625,0.5975,0.4991,False
220237,Botman,Newcastle,DEF,180,2,0,0,475.5,1834.0,0.0841,0.0542,1.4506,12.2042,0.1486,540.0,0.04,0.0817,1.4783,14.0,0.0,1.5301,1.5382,1.5433,1.4783,0.4442,0.2864,7.6642,64.4787,0.7852,77.805,1.73,0.86,27.58,216.0,6.0,332.0,14.7265,0.24,0.49,8.870000000000001,84.0,0.0,81.0,540.0,13.5,50,a,0,2,2,1,1,Liverpool,H,4,1.0338,1.4755,2.8678,0.908,0.8833,0.0,-0.109,-0.0272,0.2708,0.1635,0.3975,0.9446,-0.4598,0.8571,0.9,0.908,0.8833,False
78916,Burn,Newcastle,DEF,0,0,0,0,417.2,2195.0,0.0866,0.0089,1.5075,9.2101,0.0518,384.0,0.1617,0.0094,1.3453,7.7344,0.0,1.5301,1.5382,1.5433,1.4783,0.4014,0.0411,6.9883,42.6939,0.2402,49.5551,1.08,0.36,30.15,225.0,5.0,286.0,10.6902,0.69,0.04,5.74,33.0,0.0,48.0,384.0,11.25,49,i,0,0,0,1,1,Liverpool,H,4,1.0338,1.4755,0.0,0.0,0.0,0.0,0.0,0.0,0.0,0.0,0.0,0.0,0.0,0.0,0.0,0.0,0.0,False
487838,Hall,Newcastle,DEF,180,2,0,0,515.4,2176.0,0.042,0.1051,1.6749,6.4235,0.0914,337.0,0.0427,0.0641,1.7493,6.1424,0.0,1.5301,1.5382,1.5433,1.4783,0.2405,0.6018,9.5914,36.7853,0.5235,70.216,1.01,2.78,37.72,173.0,4.0,347.0,12.2612,0.16,0.24,6.55,23.0,0.0,40.0,337.0,10.6825,51,a,0,2,2,1,1,Liverpool,H,4,1.0338,1.4755,2.6402,0.908,0.8833,0.0,-0.109,-0.0272,0.1004,0.2537,0.2501,0.9446,-0.4598,0.1535,0.9,0.908,0.8833,False
441191,Livramento,Newcastle,DEF,0,0,0,0,167.8,1326.0,0.0068,0.0766,1.9298,4.2351,0.0423,73.0,0.0,0.037,2.7986,6.1644,0.0,1.5301,1.5382,1.5433,1.4783,0.0127,0.1428,3.598,7.8962,0.0788,24.361,0.13,0.89,18.62,68.0,3.0,252.0,13.0661,0.0,0.03,2.27,5.0,0.0,7.0,73.0,8.6301,49,i,0,0,0,1,1,Liverpool,H,4,1.0338,1.4755,0.0,0.0,0.0,0.0,0.0,0.0,0.0,0.0,0.0,0.0,0.0,0.0,0.0,0.0,0.0,False
545477,A.Murphy,Newcastle,DEF,0,0,0,0,4.1,7.0,0.0,0.0,4.2739,46.9317,0.0,6.0,0.0,0.0,3.3,45.0,0.0,1.5301,1.5382,1.5433,1.4783,0.0,0.0,0.1947,2.138,0.0,2.4009,0.0,0.0,0.49,4.0,0.0,3.0,52.7027,0.0,0.0,0.22,3.0,0.0,4.0,6.0,60.0,40,u,0,0,0,1,1,Liverpool,H,4,1.0338,1.4755,0.0,0.0,0.0,0.0,0.0,0.0,0.0,0.0,0.0,0.0,0.0,0.0,0.0,0.0,0.0,False
201666,Barnes,Newcastle,MID,180,2,0,0,394.0,1951.0,0.2732,0.115,1.6354,4.2903,0.3017,284.0,0.2884,0.1743,1.7842,4.1197,0.3169,1.5301,1.5382,1.5433,1.4783,1.1959,0.5036,7.1594,18.7819,1.3207,75.6941,6.84,2.72,30.3,100.0,9.0,349.0,17.2905,0.91,0.55,5.63,13.0,1.0,79.0,284.0,25.0352,60,a,0,2,2,1,1,Liverpool,H,4,1.0338,1.4755,3.6141,0.945,0.8698,0.0,-0.1134,-0.0284,0.1683,0.3723,1.1879,0.2325,0.0,0.0125,0.9,0.945,0.8698,False
449434,Elanga,Newcastle,MID,156,2,0,0,218.8,1302.0,0.1097,0.1389,1.7522,4.1396,0.0,94.0,0.2011,0.0574,2.8149,3.8298,0.0,1.5301,1.5382,1.5433,1.4783,0.2668,0.3378,4.2599,10.0638,0.0,31.2653,1.65,1.74,21.11,55.0,0.0,179.0,12.8605,0.21,0.06,2.94,4.0,0.0,14.0,94.0,13.4043,61,a,0,2,2,1,1,Liverpool,H,4,1.0338,1.4755,1.9688,0.9175,0.4678,0.0,-0.1101,-0.0275,0.0586,0.1973,0.2972,0.1881,0.0,0.0003,0.85,0.9175,0.4678,False
232653,J.Ramsey,Newcastle,MID,42,0,1,0,391.7,1441.0,0.0624,0.0966,1.6638,9.5575,0.3307,361.0,0.0374,0.1346,1.5058,10.2216,0.4986,1.5301,1.5382,1.5433,1.4783,0.2716,0.4206,7.2412,41.5962,1.4392,95.3683,1.2,1.45,27.24,149.0,3.0,303.0,21.9126,0.15,0.54,6.04,41.0,2.0,96.0,361.0,23.9335,50,a,1,0,1,1,1,Liverpool,H,4,1.0338,1.4755,1.7462,0.7594,0.448,0.0,-0.0911,-0.0228,0.1187,0.1842,0.2234,0.1464,0.0,0.0708,0.5625,0.7594,0.448,False
114243,J.Murphy,Newcastle,MID,22,0,1,0,315.2,1606.0,0.0769,0.0952,1.6073,6.0508,0.4597,280.0,0.0321,0.0804,1.2696,5.7857,0.9643,1.5301,1.5382,1.5433,1.4783,0.2692,0.3335,5.6292,21.1914,1.6099,55.6782,3.07,2.66,24.35,90.0,5.0,314.0,15.898,0.1,0.2499999999999999,3.95,18.0,3.0,47.0,280.0,15.1071,59,a,1,0,1,1,1,Liverpool,H,4,1.0338,1.4755,1.6919,0.7594,0.448,0.0,-0.0911,-0.0228,0.0583,0.1716,0.2421,0.1464,0.0,0.0095,0.5625,0.7594,0.448,False
180974,Joelinton,Newcastle,MID,0,0,0,0,335.6,1950.0,0.1144,0.0655,1.5162,11.1514,0.067,180.0,0.135,0.1,1.315,12.0,0.0,1.5301,1.5382,1.5433,1.4783,0.4265,0.2443,5.6536,41.5822,0.25,47.9065,2.36,1.35,28.75,238.0,2.0,304.0,12.8474,0.27,0.2,2.63,24.0,0.0,23.0,180.0,11.5,54,i,0,0,0,1,1,Liverpool,H,4,1.0338,1.4755,0.0,0.0,0.0,0.0,0.0,0.0,0.0,0.0,0.0,0.0,0.0,0.0,0.0,0.0,0.0,False
547719,L.Miley,Newcastle,MID,165,2,0,0,271.2,1493.0,0.0547,0.0858,1.5383,8.915,0.2472,270.0,0.0,0.03,1.67,9.3333,0.0,1.5301,1.5382,1.5433,1.4783,0.1649,0.2585,4.6354,26.8639,0.7448,53.0194,1.36,2.1,21.22,155.0,5.0,334.0,17.5949,0.0,0.09,5.01,28.0,0.0,38.0,270.0,12.6667,55,a,0,2,2,1,1,Liverpool,H,4,1.0338,1.4755,2.6106,0.9175,0.8216,0.0,-0.1101,-0.0275,0.1959,0.2686,0.3449,0.2196,0.0,0.2375,0.85,0.9175,0.8216,False
200089,Willock,Newcastle,MID,104,1,0,0,287.2,972.0,0.1154,0.1283,1.6182,6.9961,0.0,279.0,0.1452,0.1387,1.2613,4.1935,0.0,1.5301,1.5382,1.5433,1.4783,0.3682,0.4095,5.1639,22.3252,0.0,49.7834,1.26,1.07,17.83,89.0,0.0,166.0,15.6006,0.4499999999999999,0.43,3.91,13.0,0.0,52.0,279.0,16.7742,50,a,0,1,1,1,1,Liverpool,H,4,1.0338,1.4755,2.7913,0.8969,0.7855,0.0,-0.1076,-0.0269,0.1196,0.361,0.5729,0.21,0.0,0.0614,0.8125,0.8969,0.7855,False
611665,Touré,Newcastle,MID,1,0,1,0,,,,,,,,,,,,,,1.5301,1.5382,1.5433,1.4783,,,,,,,,,,,,,,,,,,,,,,59,a,1,0,1,1,1,Liverpool,H,4,1.0338,1.4755,1.9576,0.7594,0.448,0.0,-0.0911,-0.0228,0.1032,0.2379,0.3966,0.1464,0.0,0.0012,0.5625,0.7594,0.448,False
636852,Steur,Newcastle,MID,74,1,0,0,,,,,,,,,,,,,,1.5301,1.5382,1.5433,1.4783,,,,,,,,,,,,,,,,,,,,,,50,a,0,1,1,1,1,Liverpool,H,4,1.0338,1.4755,1.9751,0.8969,0.4473,0.0,-0.1076,-0.0269,0.1463,0.1722,0.287,0.1798,0.0,0.0001,0.8125,0.8969,0.4473,False
470313,Woltemade,Newcastle,FWD,19,0,1,0,331.4,1896.0,0.1669,0.1243,1.2858,5.364,0.4937,230.0,0.0783,0.27,1.0878,5.087,0.7826,1.5301,1.5382,1.5433,1.4783,0.6147,0.4578,4.7345,19.7515,1.818,73.9323,6.59,1.53,25.67,105.0,12.0,399.0,20.0782,0.2,0.69,2.78,13.0,2.0,65.0,230.0,25.4348,59,u,1,0,1,1,1,Liverpool,H,4,1.0338,1.4755,0.0,0.0,0.0,0.0,0.0,0.0,0.0,0.0,0.0,0.0,0.0,0.0,0.0,0.0,0.0,False
216646,Wissa,Newcastle,FWD,171,2,0,0,116.7,517.0,0.6588,0.0598,2.0032,3.7588,0.0,94.0,1.1298,0.0096,1.8862,2.8723,0.0,1.5301,1.5382,1.5433,1.4783,0.8543,0.0776,2.5975,4.8739,0.0,14.6024,3.1300000000000003,0.54,9.97,22.0,0.0,70.0,11.2615,1.1800000000000002,0.01,1.97,3.0,0.0,6.0,94.0,5.7447,61,a,0,2,2,1,1,Liverpool,H,4,1.0338,1.4755,2.3455,0.9175,0.4678,0.0,-0.1101,-0.0275,0.1267,0.1477,0.9814,0.0,0.0,0.0,0.85,0.9175,0.4678,False
538207,Osula,Newcastle,FWD,55,1,0,0,289.1,805.0,0.5629,0.0934,1.5714,3.1208,1.8401,441.0,0.5408,0.1143,1.4082,2.0408,1.8367,1.5301,1.5382,1.5433,1.4783,1.8083,0.3,5.0476,10.0246,5.9109,104.9178,4.28,0.62,14.48,31.0,13.0,284.0,32.6621,2.65,0.5599999999999999,6.9,10.0,9.0,142.0,441.0,28.9796,59,i,0,1,1,1,1,Liverpool,H,4,1.0338,1.4755,0.0,0.0,0.0,0.0,0.0,0.0,0.0,0.0,0.0,0.0,0.0,0.0,0.0,0.0,0.0,False
599303,Neave,Newcastle,FWD,0,0,0,0,8.4,13.0,0.2089,0.0,2.5704,0.0,0.0,13.0,0.2077,0.0,2.5615,0.0,0.0,1.5301,1.5382,1.5433,1.4783,0.0195,0.0,0.2399,0.0,0.0,1.2968,0.03,0.0,0.37,0.0,0.0,2.0,13.8943,0.03,0.0,0.37,0.0,0.0,2.0,13.0,13.8462,45,a,0,0,0,1,1,Liverpool,H,4,1.0338,1.4755,0.4365,0.4525,0.0047,0.0,-0.0543,-0.0136,0.0131,0.0462,0.1459,0.0,0.0,0.0,0.0046,0.4525,0.0047,False
632794,Bamba,Newcastle,MID,14,0,1,0,,,,,,,,,,,,,,1.5301,1.5382,1.5433,1.4783,,,,,,,,,,,,,,,,,,,,,,50,a,1,0,1,1,1,Liverpool,H,4,1.0338,1.4755,1.9407,0.7594,0.448,0.0,-0.0911,-0.0228,0.1023,0.2319,0.3865,0.1464,0.0,0.001,0.5625,0.7594,0.448,False
470551,Horníček,Newcastle,GK,180,2,0,0,,,,,,,,,,,,,,1.5301,1.5382,1.5433,1.4783,,,,,,,,,,,,,,,,,,,,,,50,a,0,2,2,1,1,Liverpool,H,4,1.0338,1.4755,4.0545,0.9406,0.9353,0.8949,-0.1129,-0.0282,0.3414,0.0,0.0,1.504,-0.1746,0.0,0.94,0.9406,0.9353,False
463726,Dedić,Newcastle,DEF,180,2,0,0,,,,,,,,,,,,,,1.5301,1.5382,1.5433,1.4783,,,,,,,,,,,,,,,,,,,,,,45,a,0,2,2,1,1,Liverpool,H,4,1.0338,1.4755,1.9483,0.862,0.4676,0.0,-0.1034,-0.0259,0.1122,0.0488,0.0975,0.7519,-0.1584,0.0037,0.85,0.862,0.4676,False
553746,Shahar,Newcastle,DEF,0,0,0,0,0.0,0.0,0.0,0.0,0.0,0.0,0.0,0.0,0.0,0.0,0.0,0.0,0.0,1.5301,1.5382,1.5433,1.4783,0.0,0.0,0.0,0.0,0.0,0.0,0.0,0.0,0.0,0.0,0.0,0.0,0.0,0.0,0.0,0.0,0.0,0.0,0.0,0.0,0.0,40,a,0,0,0,1,1,Liverpool,H,4,1.0338,1.4755,0.0,0.0,0.0,0.0,0.0,0.0,0.0,0.0,0.0,0.0,0.0,0.0,0.0,0.0,0.0,False
613221,Fernandez-Pardo,Newcastle,FWD,0,0,0,0,,,,,,,,,,,,,,1.5301,1.5382,1.5433,1.4783,,,,,,,,,,,,,,,,,,,,,,60,a,0,0,0,1,1,Liverpool,H,4,1.0338,1.4755,2.2956,0.8075,0.5173,0.0,-0.0969,-0.0242,0.147,0.2683,0.8346,0.0,0.0,0.0,0.65,0.8075,0.5173,False
463034,Delap,Nott'm Forest,FWD,24,0,1,0,251.2,1092.0,0.3194,0.0144,1.5054,3.5583,0.0533,299.0,0.1716,0.009,1.4689,2.408,0.0,1.3223,1.5724,1.5133,1.7017,0.8914,0.0403,4.2016,9.9317,0.1487,19.5883,4.54,0.23,16.669999999999998,42.0,1.0,123.0,7.0181,0.57,0.03,4.88,8.0,0.0,5.0,299.0,1.505,55,a,1,0,1,1,1,Leeds,H,2,1.1884,1.5395,1.8817,0.7594,0.4537,0.0,-0.0911,-0.0228,0.0615,0.109,0.77,0.0,0.0,0.0001,0.5625,0.7594,0.4537,False
247348,Muñoz,Nott'm Forest,DEF,54,1,0,0,490.7,2400.0,0.0658,0.1293,1.4079,7.4397,0.2277,531.0,0.0322,0.0949,1.4712,7.1186,0.1695,1.3223,1.5724,1.5133,1.7017,0.359,0.705,7.6763,40.563,1.2413,77.01,2.45,3.94,34.28,196.0,9.0,469.0,14.1245,0.19,0.56,8.68,42.0,1.0,70.0,531.0,11.8644,54,a,0,1,1,1,1,Leeds,H,2,1.1884,1.5395,2.8162,0.908,0.8841,0.0,-0.109,-0.0272,0.118,0.3565,0.3785,0.8983,-0.4869,0.2404,0.9,0.908,0.8841,False
85633,Sels,Nott'm Forest,GK,180,2,0,0,555.9,2667.0,0.0,0.0006,1.6196,0.0,0.0787,540.0,0.0,0.0,1.7017,0.0,0.0,1.3223,1.5724,1.5133,1.7017,0.0,0.0036,10.0036,0.0,0.4863,102.9498,0.0,0.06,45.12,0.0,3.0,431.0,16.6675,0.0,0.0,10.21,0.0,0.0,103.0,540.0,17.1667,50,a,0,2,2,1,1,Leeds,H,2,1.1884,1.5395,3.2186,0.96,0.9453,0.9029,-0.1152,-0.0288,0.3526,0.0014,0.0,0.9605,-0.5141,0.0,0.95,0.96,0.9453,False
221389,John,Nott'm Forest,GK,0,0,0,0,50.2,437.0,0.0,0.0,1.3086,0.0,0.0,0.0,0.0,0.0,0.0,0.0,0.0,1.3223,1.5724,1.5133,1.7017,0.0,0.0,0.7299,0.0,0.0,3.1236,0.0,0.0,6.13,0.0,0.0,32.0,5.6001,0.0,0.0,0.0,0.0,0.0,0.0,0.0,0.0,45,a,0,0,0,1,1,Leeds,H,2,1.1884,1.5395,0.0,0.0,0.0,0.0,0.0,0.0,0.0,0.0,0.0,0.0,0.0,0.0,0.0,0.0,0.0,False
215136,N.Williams,Nott'm Forest,DEF,180,2,0,0,616.9,3203.0,0.0494,0.1178,1.558,7.2429,0.4588,495.0,0.0382,0.0655,1.7945,7.6364,0.0,1.3223,1.5724,1.5133,1.7017,0.3386,0.8073,10.679,49.6462,3.145,102.8892,2.01,3.97,51.36,247.0,15.0,531.0,15.0106,0.21,0.36,9.87,42.0,0.0,57.0,495.0,10.3636,50,a,0,2,2,1,1,Leeds,H,2,1.1884,1.5395,2.7336,0.908,0.8841,0.0,-0.109,-0.0272,0.1306,0.3258,0.3139,0.8983,-0.4869,0.2307,0.9,0.908,0.8841,False
485047,Morato,Nott'm Forest,DEF,0,0,0,0,314.1,1340.0,0.134,0.0132,1.977,10.0441,0.0232,402.0,0.1097,0.0157,2.1291,9.403,0.0,1.3223,1.5724,1.5133,1.7017,0.4678,0.0461,6.8998,35.054,0.0811,45.0741,1.32,0.15,24.34,144.0,1.0,190.0,12.9152,0.49,0.07,9.51,42.0,0.0,45.0,402.0,10.0746,50,u,0,0,0,1,1,Leeds,H,2,1.1884,1.5395,0.0,0.0,0.0,0.0,0.0,0.0,0.0,0.0,0.0,0.0,0.0,0.0,0.0,0.0,0.0,False
227444,Milenković,Nott'm Forest,DEF,180,2,0,0,654.5,3375.0,0.0106,0.0259,1.5488,8.5956,0.0598,495.0,0.0036,0.04,1.6509,9.6364,0.0,1.3223,1.5724,1.5133,1.7017,0.0769,0.1881,11.2633,62.5094,0.4346,85.3626,0.83,0.68,54.98,311.0,2.0,401.0,11.7382,0.02,0.22,9.08,53.0,0.0,63.0,495.0,11.4545,55,a,0,2,2,1,1,Leeds,H,2,1.1884,1.5395,2.2696,0.908,0.8841,0.0,-0.109,-0.0272,0.101,0.1042,0.1012,0.8983,-0.4869,0.4022,0.9,0.908,0.8841,False
575476,Murillo,Nott'm Forest,DEF,180,2,0,0,334.1,2130.0,0.0349,0.0123,1.3419,9.2833,0.0551,41.0,0.0,0.0,0.0878,13.1707,0.0,1.3223,1.5724,1.5133,1.7017,0.1294,0.0457,4.9815,34.4617,0.2045,54.3319,0.73,0.47,32.99,223.0,3.0,333.0,14.636,0.0,0.0,0.04,6.0,0.0,8.0,41.0,17.561,55,a,0,2,2,1,1,Leeds,H,2,1.1884,1.5395,1.9936,0.908,0.495,0.0,-0.109,-0.0272,0.092,0.0312,0.1192,0.7674,-0.179,0.049,0.9,0.908,0.495,False
159506,Aina,Nott'm Forest,DEF,158,2,0,0,363.2,1587.0,0.0245,0.0368,1.2693,7.4463,0.3051,180.0,0.025,0.01,0.53,6.5,0.0,1.3223,1.5724,1.5133,1.7017,0.0988,0.1487,5.1224,30.0499,1.2312,70.4289,0.41,0.8400000000000001,25.31,130.0,5.0,264.0,17.4521,0.05,0.02,1.06,13.0,0.0,40.0,180.0,20.0,45,a,0,2,2,1,1,Leeds,H,2,1.1884,1.5395,2.2926,0.862,0.8312,0.0,-0.1034,-0.0259,0.1432,0.1161,0.189,0.8445,-0.4601,0.2093,0.85,0.862,0.8312,False
575458,Jair Cunha,Nott'm Forest,DEF,180,2,0,0,198.0,514.0,0.0496,0.016,1.5743,7.7829,0.0,300.0,0.039,0.018,1.47,8.1,0.0,1.3223,1.5724,1.5133,1.7017,0.1091,0.0352,3.4635,17.1224,0.0,18.2319,0.27,0.06,10.35,47.0,0.0,48.0,8.2872,0.13,0.06,4.9,27.0,0.0,30.0,300.0,9.0,45,a,0,2,2,1,1,Leeds,H,2,1.1884,1.5395,2.3316,0.862,0.835,0.0,-0.1034,-0.0259,0.0708,0.1038,0.305,0.8484,-0.4601,0.2778,0.85,0.862,0.835,False
500151,Savona,Nott'm Forest,DEF,0,0,0,0,76.4,1025.0,0.1023,0.0443,1.2534,4.6441,0.0,0.0,0.0,0.0,0.0,0.0,0.0,1.3223,1.5724,1.5133,1.7017,0.0868,0.0376,1.064,3.9423,0.0,9.5693,1.34,0.45,15.04,57.0,0.0,131.0,11.2727,0.0,0.0,0.0,0.0,0.0,0.0,0.0,0.0,45,i,0,0,0,1,1,Leeds,H,2,1.1884,1.5395,0.0,0.0,0.0,0.0,0.0,0.0,0.0,0.0,0.0,0.0,0.0,0.0,0.0,0.0,0.0,False
204822,O.Richards,Nott'm Forest,DEF,0,0,0,0,0.0,0.0,0.0,0.0,0.0,0.0,0.0,0.0,0.0,0.0,0.0,0.0,0.0,1.3223,1.5724,1.5133,1.7017,0.0,0.0,0.0,0.0,0.0,0.0,0.0,0.0,0.0,0.0,0.0,0.0,0.0,0.0,0.0,0.0,0.0,0.0,0.0,0.0,0.0,40,a,0,0,0,1,1,Leeds,H,2,1.1884,1.5395,0.0,0.0,0.0,0.0,0.0,0.0,0.0,0.0,0.0,0.0,0.0,0.0,0.0,0.0,0.0,False
549067,Abbott,Nott'm Forest,DEF,0,0,0,0,42.2,165.0,0.0,0.0045,1.6021,5.8636,0.0,45.0,0.0,0.0,0.68,6.0,0.0,1.3223,1.5724,1.5133,1.7017,0.0,0.0021,0.7512,2.7494,0.0,0.601,0.0,0.01,3.47,13.0,0.0,3.0,1.2818,0.0,0.0,0.34,3.0,0.0,2.0,45.0,4.0,40,u,0,0,0,1,1,Leeds,H,2,1.1884,1.5395,0.0,0.0,0.0,0.0,0.0,0.0,0.0,0.0,0.0,0.0,0.0,0.0,0.0,0.0,0.0,False
470315,Netz,Nott'm Forest,DEF,20,0,1,0,179.3,353.0,0.0,0.0508,2.1857,7.0294,0.0,305.0,0.0,0.0148,2.3075,7.6721,0.0,1.3223,1.5724,1.5133,1.7017,0.0,0.1012,4.3544,14.0041,0.0,14.8595,0.0,0.41,7.87,27.0,0.0,33.0,7.4588,0.0,0.05,7.82,26.0,0.0,25.0,305.0,7.377,45,a,1,0,1,1,1,Leeds,H,2,1.1884,1.5395,1.503,0.5975,0.5023,0.0,-0.0717,-0.0179,0.0249,0.082,0.1004,0.6282,-0.2386,0.0617,0.5625,0.5975,0.5023,False
538638,Bindon,Nott'm Forest,DEF,0,0,0,0,,,,,,,,,,,,,,1.3223,1.5724,1.5133,1.7017,,,,,,,,,,,,,,,,,,,,,,40,u,0,0,0,1,1,Leeds,H,2,1.1884,1.5395,0.0,0.0,0.0,0.0,0.0,0.0,0.0,0.0,0.0,0.0,0.0,0.0,0.0,0.0,0.0,False
222531,Gibbs-White,Nott'm Forest,MID,180,2,0,0,573.0,3101.0,0.3963,0.0951,1.4742,5.3352,0.815,378.0,0.519,0.1786,1.5786,5.9524,1.6667,1.3223,1.5724,1.5133,1.7017,2.5233,0.6052,9.3859,33.9673,5.1889,169.5404,10.81,2.91,49.7,178.0,18.0,712.0,26.6294,2.18,0.75,6.63,25.0,7.0,186.0,378.0,44.2857,79,a,0,2,2,1,1,Leeds,H,2,1.1884,1.5395,4.948,0.945,0.8713,0.0,-0.1134,-0.0284,0.6246,0.3813,2.0663,0.2213,0.0,0.0433,0.9,0.945,0.8713,False
209046,Hudson-Odoi,Nott'm Forest,MID,1,0,1,0,267.4,1838.0,0.1296,0.1807,1.4656,5.2907,0.3858,0.0,0.0,0.0,0.0,0.0,0.0,1.3223,1.5724,1.5133,1.7017,0.3852,0.537,4.3545,15.7192,1.1462,55.5964,2.77,3.02,30.88,106.0,8.0,358.0,18.7123,0.0,0.0,0.0,0.0,0.0,0.0,0.0,0.0,59,a,1,0,1,1,1,Leeds,H,2,1.1884,1.5395,2.3244,0.8212,0.544,0.0,-0.0985,-0.0246,0.0893,0.3694,0.4736,0.1701,0.0,0.0065,0.675,0.8212,0.544,False
456512,Ndoye,Nott'm Forest,MID,126,2,0,0,93.9,1167.0,0.1058,0.1147,1.1774,7.5878,0.1053,0.0,0.0,0.0,0.0,0.0,0.0,1.3223,1.5724,1.5133,1.7017,0.1104,0.1197,1.2284,7.9166,0.1099,16.0362,1.05,1.51,15.96,96.0,4.0,178.0,15.3702,0.0,0.0,0.0,0.0,0.0,0.0,0.0,0.0,55,a,0,2,2,1,1,Leeds,H,2,1.1884,1.5395,1.9867,0.9175,0.4678,0.0,-0.1101,-0.0275,0.0699,0.1965,0.3113,0.1813,0.0,0.0071,0.85,0.9175,0.4678,False
503301,Hutchinson,Nott'm Forest,MID,0,0,0,0,394.5,1676.0,0.0634,0.186,1.3069,6.7092,0.0666,335.0,0.0403,0.2257,1.5528,6.1791,0.0,1.3223,1.5724,1.5133,1.7017,0.2781,0.8152,5.7286,29.4086,0.2918,72.1977,2.01,3.87,24.42,129.0,3.0,329.0,16.471,0.15,0.8400000000000001,5.78,23.0,0.0,65.0,335.0,17.4627,54,u,0,0,0,1,1,Leeds,H,2,1.1884,1.5395,0.0,0.0,0.0,0.0,0.0,0.0,0.0,0.0,0.0,0.0,0.0,0.0,0.0,0.0,0.0,False
476887,Bakwa,Nott'm Forest,MID,0,0,0,0,139.8,549.0,0.0584,0.1501,1.9638,4.43,0.3219,207.0,0.0174,0.1435,1.8304,3.913,0.4348,1.3223,1.5724,1.5133,1.7017,0.0907,0.2331,3.0505,6.8812,0.5,27.9913,0.54,1.01,10.94,35.0,1.0,100.0,18.0202,0.04,0.33,4.21,9.0,1.0,45.0,207.0,19.5652,55,u,0,0,0,1,1,Leeds,H,2,1.1884,1.5395,0.0,0.0,0.0,0.0,0.0,0.0,0.0,0.0,0.0,0.0,0.0,0.0,0.0,0.0,0.0,False
432714,McAtee,Nott'm Forest,MID,163,2,0,0,70.9,288.0,0.1055,0.1426,2.5595,14.7077,0.0,115.0,0.1252,0.1487,2.4574,14.8696,0.0,1.3223,1.5724,1.5133,1.7017,0.0831,0.1123,2.0163,11.5864,0.0,18.8586,0.18,0.37,7.34,32.0,0.0,60.0,23.939,0.16,0.19,3.14,19.0,0.0,28.0,115.0,21.913,55,a,0,2,2,1,1,Leeds,H,2,1.1884,1.5395,2.3777,0.9175,0.4678,0.0,-0.1101,-0.0275,0.2286,0.2935,0.4466,0.1813,0.0,0.0206,0.85,0.9175,0.4678,False
250199,Dominguez,Nott'm Forest,MID,1,0,1,0,266.9,1168.0,0.1249,0.0691,2.0014,12.6943,0.1504,230.0,0.1252,0.1291,1.9565,15.6522,0.0,1.3223,1.5724,1.5133,1.7017,0.3704,0.2049,5.9352,37.6458,0.446,59.5452,1.47,0.77,23.21,143.0,3.0,229.0,20.0789,0.32,0.33,4.999999999999999,40.0,0.0,58.0,230.0,22.6957,50,a,1,0,1,1,1,Leeds,H,2,1.1884,1.5395,1.9042,0.7594,0.4537,0.0,-0.0911,-0.0228,0.0956,0.1825,0.405,0.1419,0.0,0.176,0.5625,0.7594,0.4537,False
210462,I.Sangaré,Nott'm Forest,MID,90,1,0,0,416.9,2073.0,0.0284,0.0677,1.4552,13.0229,0.0416,219.0,0.0,0.0452,1.3521,16.8493,0.0,1.3223,1.5724,1.5133,1.7017,0.1316,0.3134,6.7407,60.3248,0.1928,69.4769,1.16,1.8,33.17,267.0,2.0,366.0,14.9986,0.0,0.11,3.29,41.0,0.0,38.0,219.0,15.6164,49,i,0,1,1,1,1,Leeds,H,2,1.1884,1.5395,0.0,0.0,0.0,0.0,0.0,0.0,0.0,0.0,0.0,0.0,0.0,0.0,0.0,0.0,0.0,False
204968,Yates,Nott'm Forest,MID,0,0,0,0,145.6,602.0,0.1285,0.0664,1.5363,11.5696,0.0,197.0,0.1234,0.0822,1.631,12.7919,0.0,1.3223,1.5724,1.5133,1.7017,0.2079,0.1075,2.4854,18.7171,0.0,27.0044,0.49,0.37,8.56,69.0,0.0,123.0,16.6923,0.27,0.18,3.5700000000000003,28.0,0.0,35.0,197.0,15.9898,45,a,0,0,0,1,1,Leeds,H,2,1.1884,1.5395,0.6676,0.488,0.0577,0.0,-0.0586,-0.0146,0.0158,0.0574,0.1239,0.018,0.0,0.0091,0.0691,0.488,0.0577,False
60689,Wood,Nott'm Forest,FWD,28,0,1,0,201.6,896.0,0.3888,0.0543,1.7109,3.7375,0.2399,333.0,0.3541,0.0541,1.5892,4.0541,0.2703,1.3223,1.5724,1.5133,1.7017,0.871,0.1217,3.8324,8.3721,0.5373,31.8796,4.29,0.32,14.44,29.0,4.0,145.0,14.232,1.31,0.2,5.88,15.0,1.0,59.0,333.0,15.9459,59,a,1,0,1,1,1,Leeds,H,2,1.1884,1.5395,2.0826,0.7594,0.4537,0.0,-0.0911,-0.0228,0.0722,0.1658,0.9034,0.0,0.0,0.0002,0.5625,0.7594,0.4537,False
482973,Igor Jesus,Nott'm Forest,FWD,180,2,0,0,521.2,2293.0,0.2589,0.0409,1.5454,5.2016,0.6384,411.0,0.3723,0.0219,1.7102,6.5693,1.0949,1.3223,1.5724,1.5133,1.7017,1.4995,0.2368,8.9498,30.1228,3.697,112.3794,6.48,1.26,38.77,123.0,13.0,407.0,19.4055,1.7,0.1,7.81,30.0,5.0,131.0,411.0,28.6861,59,a,0,2,2,1,1,Leeds,H,2,1.1884,1.5395,3.2982,0.945,0.8713,0.0,-0.1134,-0.0284,0.2888,0.2002,1.2927,0.0,0.0,0.0255,0.9,0.945,0.8713,False
465680,Kalimuendo,Nott'm Forest,FWD,1,0,1,0,4.4,89.0,0.5093,0.0143,1.1598,7.6398,0.0,0.0,0.0,0.0,0.0,0.0,0.0,1.3223,1.5724,1.5133,1.7017,0.0249,0.0007,0.0567,0.3735,0.0,1.6161,0.4399999999999999,0.02,1.57,6.0,0.0,24.0,33.0566,0.0,0.0,0.0,0.0,0.0,0.0,0.0,0.0,55,a,1,0,1,1,1,Leeds,H,2,1.1884,1.5395,2.318,0.7594,0.4537,0.0,-0.0911,-0.0228,0.2289,0.2366,0.9113,0.0,0.0,0.0001,0.5625,0.7594,0.4537,False
204561,Schlager,Nott'm Forest,MID,106,1,0,0,,,,,,,,,,,,,,1.3223,1.5724,1.5133,1.7017,,,,,,,,,,,,,,,,,,,,,,50,a,0,1,1,1,1,Leeds,H,2,1.1884,1.5395,1.9924,0.8969,0.4473,0.0,-0.1076,-0.0269,0.1293,0.1875,0.3125,0.1734,0.0,0.0001,0.8125,0.8969,0.4473,False
568420,Diomande,Nott'm Forest,DEF,0,0,0,0,,,,,,,,,,,,,,1.3223,1.5724,1.5133,1.7017,,,,,,,,,,,,,,,,,,,,,,55,a,0,0,0,1,1,Leeds,H,2,1.1884,1.5395,1.8575,0.678,0.5804,0.0,-0.0814,-0.0203,0.061,0.0977,0.1953,0.7259,-0.2751,0.0881,0.65,0.678,0.5804,False
428971,Benda,Nott'm Forest,GK,0,0,0,0,0.0,0.0,0.0,0.0,0.0,0.0,0.0,0.0,0.0,0.0,0.0,0.0,0.0,1.3223,1.5724,1.5133,1.7017,0.0,0.0,0.0,0.0,0.0,0.0,0.0,0.0,0.0,0.0,0.0,0.0,0.0,0.0,0.0,0.0,0.0,0.0,0.0,0.0,0.0,45,a,0,0,0,1,1,Leeds,H,2,1.1884,1.5395,0.0,0.0,0.0,0.0,0.0,0.0,0.0,0.0,0.0,0.0,0.0,0.0,0.0,0.0,0.0,False
469142,Van Hecke,Spurs,DEF,180,2,0,0,638.3,3210.0,0.1187,0.052,1.201,9.2622,0.1534,540.0,0.1883,0.05,1.1933,9.5,0.0,1.1556,1.2311,1.1983,0.7033,0.8421,0.3688,8.518,65.6897,1.0883,116.8853,3.31,1.57,46.27,317.0,8.0,575.0,16.4808,1.13,0.3,7.16,57.0,0.0,86.0,540.0,14.3333,49,a,0,2,2,1,1,Brentford,A,3,1.022,1.279,3.3569,0.908,0.8833,0.0,-0.109,-0.0272,0.2563,0.1452,0.6736,1.1083,-0.3776,0.5455,0.9,0.908,0.8833,False
109646,Tosin,Spurs,DEF,0,0,0,0,82.9,788.0,0.0073,0.0427,1.8397,11.3048,0.148,45.0,0.0,0.0,2.18,6.0,0.0,1.1556,1.2311,1.1983,0.7033,0.0067,0.0393,1.6946,10.413,0.1363,12.8401,0.11,0.4,13.25,97.0,2.0,130.0,13.9398,0.0,0.0,1.09,3.0,0.0,1.0,45.0,2.0,45,a,0,0,0,1,1,Brentford,A,3,1.022,1.279,0.0053,0.0945,0.0091,0.0,-0.0113,-0.0028,0.0015,0.0035,0.0037,0.0164,-0.0053,0.0017,0.0158,0.0945,0.0091,False
438234,Marmoush,Spurs,FWD,90,1,0,0,164.8,691.0,0.3247,0.0613,1.0348,4.4769,0.525,125.0,0.4032,0.0648,0.9648,5.04,0.72,1.1556,1.2311,1.1983,0.7033,0.5945,0.1123,1.8948,8.1977,0.9613,50.7398,2.78,0.77,7.92,39.0,5.0,182.0,27.7098,0.56,0.09,1.34,7.0,1.0,60.0,125.0,43.2,70,a,0,1,1,1,1,Brentford,A,3,1.022,1.279,3.3188,0.8969,0.7855,0.0,-0.1076,-0.0269,0.491,0.2606,1.1773,0.0,0.0,0.003,0.8125,0.8969,0.7855,False
510281,Sávio,Spurs,MID,0,0,0,0,186.9,817.0,0.3214,0.1484,1.4845,4.9228,0.2626,242.0,0.2715,0.1376,1.495,4.8347,0.3719,1.1556,1.2311,1.1983,0.7033,0.6675,0.3082,3.0829,10.223,0.5453,32.565,2.5,1.59,11.24,59.0,1.0,140.0,15.6814,0.73,0.37,4.02,13.0,1.0,46.0,242.0,17.1074,65,d,0,0,0,1,1,Brentford,A,3,1.022,1.279,0.7914,0.4967,0.0695,0.0,-0.0596,-0.0149,0.0134,0.0738,0.2065,0.0261,0.0,0.0006,0.0849,0.4967,0.0695,False
432422,Tonali,Spurs,MID,164,2,0,0,470.7,2534.0,0.0586,0.1069,1.4736,8.9316,0.0599,407.0,0.042,0.1039,1.4219,8.4029,0.0,1.1556,1.2311,1.1983,0.7033,0.3064,0.559,7.7068,46.7122,0.3132,86.7731,1.75,2.87,36.19,257.0,2.0,477.0,16.5914,0.19,0.47,6.430000000000001,38.0,0.0,73.0,407.0,16.1425,54,a,0,2,2,1,1,Brentford,A,3,1.022,1.279,2.787,0.945,0.8698,0.0,-0.1134,-0.0284,0.1857,0.3266,0.3488,0.2728,0.0,0.3505,0.9,0.945,0.8698,False
184254,Vicario,Spurs,GK,0,0,0,0,357.3,2790.0,0.0,0.002,1.6502,0.0,0.0651,0.0,0.0,0.0,0.0,0.0,0.0,1.1556,1.2311,1.1983,0.7033,0.0,0.0079,6.5512,0.0,0.2586,39.3636,0.0,0.04,46.21,0.0,6.0,412.0,9.9153,0.0,0.0,0.0,0.0,0.0,0.0,0.0,0.0,45,u,0,0,0,1,1,Brentford,A,3,1.022,1.279,0.0,0.0,0.0,0.0,0.0,0.0,0.0,0.0,0.0,0.0,0.0,0.0,0.0,0.0,0.0,False
214572,Austin,Spurs,GK,0,0,0,0,0.0,0.0,0.0,0.0,0.0,0.0,0.0,0.0,0.0,0.0,0.0,0.0,0.0,1.1556,1.2311,1.1983,0.7033,0.0,0.0,0.0,0.0,0.0,0.0,0.0,0.0,0.0,0.0,0.0,0.0,0.0,0.0,0.0,0.0,0.0,0.0,0.0,0.0,0.0,40,a,0,0,0,1,1,Brentford,A,3,1.022,1.279,0.0,0.0,0.0,0.0,0.0,0.0,0.0,0.0,0.0,0.0,0.0,0.0,0.0,0.0,0.0,False
485055,Kinsky,Spurs,GK,180,2,0,0,319.8,630.0,0.0,0.0,0.7626,0.0,0.0,540.0,0.0,0.0,0.7033,0.0,0.0,1.1556,1.2311,1.1983,0.7033,0.0,0.0,2.7096,0.0,0.0,39.2381,0.0,0.0,5.55,0.0,0.0,76.0,11.0426,0.0,0.0,4.22,0.0,0.0,67.0,540.0,11.1667,45,a,0,2,2,1,1,Brentford,A,3,1.022,1.279,3.5419,0.9406,0.9353,1.0464,-0.1129,-0.0282,0.2272,0.0,0.0,1.1735,-0.3941,0.0,0.94,0.9406,0.9353,False
67089,Dubravka,Spurs,GK,0,0,0,0,512.6,3150.0,0.0,0.0009,2.055,0.0,0.1368,270.0,0.0,0.0,2.1233,0.0,0.0,1.1556,1.2311,1.1983,0.7033,0.0,0.005,11.7043,0.0,0.7791,66.41,0.0,0.04,71.26,0.0,7.0,436.0,11.66,0.0,0.0,6.37,0.0,0.0,36.0,270.0,12.0,40,a,0,0,0,1,1,Brentford,A,3,1.022,1.279,0.1546,0.1038,0.0943,0.1054,-0.0125,-0.0031,0.002,0.0002,0.0,0.1414,-0.031,0.0,0.0947,0.1038,0.0943,False
221466,Senesi,Spurs,DEF,90,1,0,0,663.2,3288.0,0.039,0.094,1.5258,10.1343,0.4397,540.0,0.0217,0.1017,1.34,9.0,0.5,1.1556,1.2311,1.1983,0.7033,0.2871,0.6929,11.2434,74.6786,3.2404,122.5886,1.53,4.72,54.77,419.0,14.0,571.0,16.636,0.13,0.61,8.04,54.0,3.0,117.0,540.0,19.5,59,a,0,1,1,1,1,Brentford,A,3,1.022,1.279,3.0235,0.908,0.8833,0.0,-0.109,-0.0272,0.2774,0.2501,0.2142,1.1083,-0.3776,0.6354,0.9,0.908,0.8833,False
441164,Pedro Porro,Spurs,DEF,90,1,0,0,573.5,2793.0,0.0471,0.1564,1.0845,7.4992,0.3972,540.0,0.06,0.1733,0.7033,9.1667,0.6667,1.1556,1.2311,1.1983,0.7033,0.3,0.9969,6.9107,47.7864,2.5309,104.9582,1.05,4.37,37.75,218.0,8.0,502.0,16.4712,0.36,1.04,4.22,55.0,4.0,129.0,540.0,21.5,55,a,0,1,1,1,1,Brentford,A,3,1.022,1.279,3.1664,0.908,0.8833,0.0,-0.109,-0.0272,0.207,0.397,0.2806,1.1083,-0.3776,0.3422,0.9,0.908,0.8833,False
221632,Romero,Spurs,DEF,0,0,0,0,208.0,1869.0,0.0695,0.0712,1.4083,9.7441,0.3947,0.0,0.0,0.0,0.0,0.0,0.0,1.1556,1.2311,1.1983,0.7033,0.1607,0.1645,3.2547,22.5196,0.9123,27.7048,1.39,1.25,28.32,197.0,10.0,305.0,11.9877,0.0,0.0,0.0,0.0,0.0,0.0,0.0,0.0,50,u,0,0,0,1,1,Brentford,A,3,1.022,1.279,0.0,0.0,0.0,0.0,0.0,0.0,0.0,0.0,0.0,0.0,0.0,0.0,0.0,0.0,0.0,False
122798,Robertson,Spurs,DEF,157,2,0,0,298.3,1165.0,0.1147,0.0981,1.5005,3.741,0.1729,311.0,0.1215,0.1013,1.7884,2.8939,0.0,1.1556,1.2311,1.1983,0.7033,0.3803,0.325,4.9734,12.3994,0.5731,48.6868,1.1,1.4,17.44,55.0,4.0,216.0,14.6893,0.42,0.35,6.18,10.0,0.0,42.0,311.0,12.1543,45,a,0,2,2,1,1,Brentford,A,3,1.022,1.279,2.9803,0.862,0.8343,0.0,-0.1034,-0.0259,0.1015,0.2213,0.5045,1.0468,-0.3568,0.0458,0.85,0.862,0.8343,False
491279,Van de Ven,Spurs,DEF,90,1,0,0,591.1,3041.0,0.0384,0.0064,1.0954,5.7119,0.1282,540.0,0.005,0.0067,0.7033,4.3333,0.0,1.1556,1.2311,1.1983,0.7033,0.252,0.0423,7.1943,37.5145,0.8423,71.2382,2.8200000000000003,0.38,42.99,212.0,10.0,431.0,10.8466,0.03,0.04,4.22,26.0,0.0,84.0,540.0,14.0,50,a,0,1,1,1,1,Brentford,A,3,1.022,1.279,2.5972,0.908,0.8833,0.0,-0.109,-0.0272,0.0795,0.0383,0.1976,1.1083,-0.3776,0.1042,0.9,0.908,0.8833,False
232859,Spence,Spurs,DEF,0,0,0,0,338.8,2049.0,0.0307,0.0766,1.2121,5.3706,0.274,243.0,0.0148,0.0111,0.7852,4.4444,0.7407,1.1556,1.2311,1.1983,0.7033,0.1154,0.2882,4.563,20.2174,1.0316,46.8143,0.9,1.7699999999999998,31.42,116.0,3.0,271.0,12.4359,0.04,0.03,2.12,12.0,2.0,51.0,243.0,18.8889,45,u,0,0,0,1,1,Brentford,A,3,1.022,1.279,0.0,0.0,0.0,0.0,0.0,0.0,0.0,0.0,0.0,0.0,0.0,0.0,0.0,0.0,0.0,False
487053,Udogie,Spurs,DEF,26,0,1,0,341.8,1335.0,0.0082,0.0366,0.9548,4.6792,0.1707,406.0,0.0044,0.0111,0.5675,4.8768,0.2217,1.1556,1.2311,1.1983,0.7033,0.0311,0.1389,3.6263,17.7704,0.6484,36.6254,0.18,0.72,19.15,68.0,1.0,121.0,9.6439,0.02,0.05,2.56,22.0,1.0,53.0,406.0,11.7488,45,a,1,0,1,1,1,Brentford,A,3,1.022,1.279,1.6081,0.5975,0.4991,0.0,-0.0717,-0.0179,0.0258,0.055,0.059,0.7485,-0.1831,0.0174,0.5625,0.5975,0.4991,False
548308,Phillips,Spurs,DEF,0,0,0,0,0.0,0.0,0.0,0.0,0.0,0.0,0.0,0.0,0.0,0.0,0.0,0.0,0.0,1.1556,1.2311,1.1983,0.7033,0.0,0.0,0.0,0.0,0.0,0.0,0.0,0.0,0.0,0.0,0.0,0.0,0.0,0.0,0.0,0.0,0.0,0.0,0.0,0.0,0.0,45,u,0,0,0,1,1,Brentford,A,3,1.022,1.279,0.0,0.0,0.0,0.0,0.0,0.0,0.0,0.0,0.0,0.0,0.0,0.0,0.0,0.0,0.0,False
115556,Davies,Spurs,DEF,0,0,0,0,17.8,136.0,0.3378,0.048,0.7473,8.3665,0.6892,0.0,0.0,0.0,0.0,0.0,0.0,1.1556,1.2311,1.1983,0.7033,0.0668,0.0095,0.1478,1.6547,0.1363,3.7676,0.49,0.07,1.11,14.0,1.0,29.0,19.0497,0.0,0.0,0.0,0.0,0.0,0.0,0.0,0.0,40,a,0,0,0,1,1,Brentford,A,3,1.022,1.279,0.0,0.0,0.0,0.0,0.0,0.0,0.0,0.0,0.0,0.0,0.0,0.0,0.0,0.0,0.0,False
640419,Byfield,Spurs,DEF,0,0,0,0,0.2,1.0,0.0,0.0,0.0,0.0,0.0,0.0,0.0,0.0,0.0,0.0,0.0,1.1556,1.2311,1.1983,0.7033,0.0,0.0,0.0,0.0,0.0,0.5783,0.0,0.0,0.0,0.0,0.0,3.0,260.235,0.0,0.0,0.0,0.0,0.0,0.0,0.0,0.0,40,a,0,0,0,1,1,Brentford,A,3,1.022,1.279,0.0,0.0,0.0,0.0,0.0,0.0,0.0,0.0,0.0,0.0,0.0,0.0,0.0,0.0,0.0,False
499716,Rowswell,Spurs,DEF,0,0,0,0,0.3,1.0,0.0,0.0,35.01,0.0,0.0,0.0,0.0,0.0,0.0,0.0,0.0,1.1556,1.2311,1.1983,0.7033,0.0,0.0,0.1167,0.0,0.0,0.9726,0.0,0.0,0.36,0.0,0.0,3.0,291.78,0.0,0.0,0.0,0.0,0.0,0.0,0.0,0.0,40,a,0,0,0,1,1,Brentford,A,3,1.022,1.279,0.0,0.0,0.0,0.0,0.0,0.0,0.0,0.0,0.0,0.0,0.0,0.0,0.0,0.0,0.0,False
616221,Souza,Spurs,DEF,0,0,0,0,40.4,142.0,0.0145,0.0183,1.5538,3.7657,0.0,0.0,0.0,0.0,0.0,0.0,0.0,1.1556,1.2311,1.1983,0.7033,0.0065,0.0082,0.6975,1.6904,0.0,-0.1589,0.02,0.03,2.6100000000000003,6.0,0.0,0.0,-0.354,0.0,0.0,0.0,0.0,0.0,0.0,0.0,0.0,40,u,0,0,0,1,1,Brentford,A,3,1.022,1.279,0.0,0.0,0.0,0.0,0.0,0.0,0.0,0.0,0.0,0.0,0.0,0.0,0.0,0.0,0.0,False
460842,Kudus,Spurs,MID,22,0,1,0,97.8,1535.0,0.0983,0.1289,1.294,8.2183,0.3638,0.0,0.0,0.0,0.0,0.0,0.0,1.1556,1.2311,1.1983,0.7033,0.1068,0.1401,1.4062,8.9305,0.3953,15.5021,1.92,2.41,22.74,133.0,7.0,257.0,14.2657,0.0,0.0,0.0,0.0,0.0,0.0,0.0,0.0,65,a,1,0,1,1,1,Brentford,A,3,1.022,1.279,1.7866,0.7594,0.448,0.0,-0.0911,-0.0228,0.0437,0.2107,0.2907,0.168,0.0,0.0524,0.5625,0.7594,0.448,False
493362,Xavi,Spurs,MID,0,0,0,0,282.6,1747.0,0.2153,0.2091,1.6074,7.0268,0.475,152.0,0.4441,0.1776,0.6395,4.7368,1.1842,1.1556,1.2311,1.1983,0.7033,0.676,0.6566,5.0472,22.0643,1.4916,61.4048,3.06,3.85,30.71,149.0,7.0,345.0,19.5557,0.75,0.3,1.08,8.0,2.0,43.0,152.0,25.4605,60,i,0,0,0,1,1,Brentford,A,3,1.022,1.279,0.0,0.0,0.0,0.0,0.0,0.0,0.0,0.0,0.0,0.0,0.0,0.0,0.0,0.0,0.0,False
511499,Tel,Spurs,MID,157,2,0,0,391.6,1334.0,0.1383,0.2039,1.0171,7.2666,0.3734,414.0,0.0783,0.2261,0.6739,7.1739,0.4348,1.1556,1.2311,1.1983,0.7033,0.6018,0.887,4.4255,31.6177,1.6248,67.4047,2.47,2.43,17.29,111.0,7.0,266.0,15.4914,0.36,1.04,3.1,33.0,2.0,68.0,414.0,14.7826,59,a,0,2,2,1,1,Brentford,A,3,1.022,1.279,3.0774,0.9175,0.8216,0.0,-0.1101,-0.0275,0.1136,0.5162,0.6085,0.2577,0.0,0.1327,0.85,0.9175,0.8216,False
172780,Maddison,Spurs,MID,22,0,1,0,20.4,34.0,0.551,0.1487,1.71,13.3734,0.0,34.0,0.5559,0.1588,1.7206,13.2353,0.0,1.1556,1.2311,1.1983,0.7033,0.1249,0.0337,0.3876,3.0313,0.0,3.0896,0.21,0.06,0.65,5.0,0.0,5.0,13.6306,0.21,0.06,0.65,5.0,0.0,5.0,34.0,13.2353,64,d,1,0,1,1,1,Brentford,A,3,1.022,1.279,1.9774,0.7594,0.448,0.0,-0.0911,-0.0228,0.0406,0.2356,0.4597,0.168,0.0,0.0043,0.5625,0.7594,0.448,False
202993,Bentancur,Spurs,MID,135,1,0,0,360.3,1880.0,0.0423,0.0303,0.7683,13.4667,0.1723,473.0,0.0514,0.0304,0.5879,13.5095,0.1903,1.1556,1.2311,1.1983,0.7033,0.1695,0.1214,3.0757,53.9116,0.6898,71.4071,0.72,0.8400000000000001,23.65,278.0,4.0,366.0,17.8369,0.27,0.16,3.09,71.0,1.0,97.0,473.0,18.4567,55,a,0,1,1,1,1,Brentford,A,3,1.022,1.279,2.804,0.945,0.8698,0.0,-0.1134,-0.0284,0.3843,0.1666,0.3272,0.2728,0.0,0.9034,0.9,0.945,0.8698,False
550839,Odobert,Spurs,MID,0,0,0,0,101.6,972.0,0.1985,0.1159,1.5266,7.7285,0.6358,0.0,0.0,0.0,0.0,0.0,0.0,1.1556,1.2311,1.1983,0.7033,0.2241,0.1308,1.7234,8.7246,0.7178,19.6122,1.92,1.21,14.24,77.0,6.0,176.0,17.373,0.0,0.0,0.0,0.0,0.0,0.0,0.0,0.0,55,i,0,0,0,1,1,Brentford,A,3,1.022,1.279,0.0,0.0,0.0,0.0,0.0,0.0,0.0,0.0,0.0,0.0,0.0,0.0,0.0,0.0,0.0,False
482442,P.M.Sarr,Spurs,MID,0,0,0,0,236.1,1388.0,0.102,0.0735,1.7328,12.2322,0.1748,39.0,0.3,0.0692,1.0615,6.9231,0.0,1.1556,1.2311,1.1983,0.7033,0.2676,0.1927,4.5456,32.0892,0.4585,55.2801,1.63,1.11,26.67,183.0,2.0,313.0,21.0725,0.13,0.03,0.4599999999999999,3.0,0.0,20.0,39.0,46.1538,49,u,0,0,0,1,1,Brentford,A,3,1.022,1.279,0.0,0.0,0.0,0.0,0.0,0.0,0.0,0.0,0.0,0.0,0.0,0.0,0.0,0.0,0.0,False
232787,Gallagher,Spurs,MID,45,1,0,0,431.4,1183.0,0.1038,0.0417,1.1391,9.4873,0.3129,516.0,0.1169,0.0314,0.6262,10.1163,0.5233,1.1556,1.2311,1.1983,0.7033,0.4977,0.1998,5.4602,45.4758,1.5,76.552,1.23,0.7,19.03,124.0,3.0,211.0,15.9705,0.67,0.18,3.59,58.0,3.0,100.0,516.0,17.4419,54,a,0,1,1,1,1,Brentford,A,3,1.022,1.279,2.6315,0.8969,0.7855,0.0,-0.1076,-0.0269,0.1395,0.1957,0.522,0.2464,0.0,0.2986,0.8125,0.8969,0.7855,False
570526,Bergvall,Spurs,MID,45,1,0,0,117.7,955.0,0.121,0.0333,1.6668,6.7204,0.0,51.0,0.0882,0.0,1.9412,10.5882,0.0,1.1556,1.2311,1.1983,0.7033,0.1583,0.0435,2.1798,8.7888,0.0,19.3811,1.23,0.43,13.66,79.0,0.0,163.0,14.8199,0.05,0.0,1.1,6.0,0.0,25.0,51.0,44.1176,55,a,0,1,1,1,1,Brentford,A,3,1.022,1.279,1.8817,0.8969,0.4473,0.0,-0.1076,-0.0269,0.0632,0.108,0.3194,0.2015,0.0,0.0048,0.8125,0.8969,0.4473,False
445044,Kulusevski,Spurs,MID,0,0,0,0,0.0,0.0,0.0,0.0,0.0,0.0,0.0,0.0,0.0,0.0,0.0,0.0,0.0,1.1556,1.2311,1.1983,0.7033,0.0,0.0,0.0,0.0,0.0,0.0,0.0,0.0,0.0,0.0,0.0,0.0,0.0,0.0,0.0,0.0,0.0,0.0,0.0,0.0,0.0,65,i,0,0,0,1,1,Brentford,A,3,1.022,1.279,0.0,0.0,0.0,0.0,0.0,0.0,0.0,0.0,0.0,0.0,0.0,0.0,0.0,0.0,0.0,False
547701,Gray,Spurs,MID,152,2,0,0,299.4,1471.0,0.0897,0.0988,1.6472,7.6777,0.3101,41.0,0.0878,0.0,1.361,6.5854,0.0,1.1556,1.2311,1.1983,0.7033,0.2984,0.3287,5.4796,25.5412,1.0316,48.0946,1.5,1.29,24.8,132.0,6.0,237.0,14.4573,0.04,0.0,0.62,3.0,0.0,8.0,41.0,17.561,50,a,0,2,2,1,1,Brentford,A,3,1.022,1.279,1.8858,0.9175,0.4678,0.0,-0.1101,-0.0275,0.0624,0.1483,0.2367,0.2107,0.0,0.0115,0.85,0.9175,0.4678,False
499721,Moore,Spurs,MID,89,1,0,0,0.0,0.0,0.0,0.0,0.0,0.0,0.0,0.0,0.0,0.0,0.0,0.0,0.0,1.1556,1.2311,1.1983,0.7033,0.0,0.0,0.0,0.0,0.0,0.0,0.0,0.0,0.0,0.0,0.0,0.0,0.0,0.0,0.0,0.0,0.0,0.0,0.0,0.0,0.0,50,a,0,1,1,1,1,Brentford,A,3,1.022,1.279,1.9604,0.8969,0.4473,0.0,-0.1076,-0.0269,0.1268,0.1659,0.2765,0.2015,0.0,0.0001,0.8125,0.8969,0.4473,False
499726,Olusesi,Spurs,MID,0,0,0,0,4.5,14.0,0.0,0.064,4.864,12.968,0.0,0.0,0.0,0.0,0.0,0.0,0.0,1.1556,1.2311,1.1983,0.7033,0.0,0.0032,0.2432,0.6484,0.0,0.9726,0.0,0.01,0.75,2.0,0.0,3.0,19.452,0.0,0.0,0.0,0.0,0.0,0.0,0.0,0.0,45,a,0,0,0,1,1,Brentford,A,3,1.022,1.279,0.0,0.0,0.0,0.0,0.0,0.0,0.0,0.0,0.0,0.0,0.0,0.0,0.0,0.0,0.0,False
551226,Fernandes,Spurs,MID,135,1,0,0,657.2,3017.0,0.0742,0.0962,1.4335,10.8839,0.1973,540.0,0.1233,0.0833,1.4917,11.6667,0.1667,1.1556,1.2311,1.1983,0.7033,0.5415,0.7025,10.4677,79.4768,1.4408,140.1694,1.99,2.96,48.3,369.0,7.0,659.0,19.1954,0.7400000000000001,0.5,8.95,70.0,1.0,116.0,540.0,19.3333,59,a,0,1,1,1,1,Brentford,A,3,1.022,1.279,3.0273,0.945,0.8698,0.0,-0.1134,-0.0284,0.3587,0.2936,0.449,0.2728,0.0,0.6694,0.9,0.945,0.8698,False
154566,Solanke,Spurs,FWD,37,0,1,0,280.3,997.0,0.2545,0.0332,1.5178,6.5998,0.2811,129.0,0.0349,0.0837,0.6628,9.7674,0.0,1.1556,1.2311,1.1983,0.7033,0.7925,0.1035,4.7272,20.5546,0.8756,48.2379,2.97,0.3399999999999999,17.8,71.0,4.0,187.0,15.4884,0.05,0.12,0.95,14.0,0.0,20.0,129.0,13.9535,59,a,1,0,1,1,1,Brentford,A,3,1.022,1.279,1.6877,0.7594,0.448,0.0,-0.0911,-0.0228,0.052,0.1204,0.5799,0.0,0.0,0.0065,0.5625,0.7594,0.448,False
212319,Richarlison,Spurs,FWD,67,1,0,0,403.8,1954.0,0.4642,0.0518,0.9756,6.5434,0.8402,392.0,0.489,0.0436,0.6819,5.7398,0.9184,1.1556,1.2311,1.1983,0.7033,2.0827,0.2322,4.3774,29.358,3.7695,92.873,8.64,1.46,25.64,147.0,17.0,505.0,20.6998,2.13,0.19,2.97,25.0,4.0,79.0,392.0,18.1378,59,a,0,1,1,1,1,Brentford,A,3,1.022,1.279,3.7069,0.945,0.8698,0.0,-0.1134,-0.0284,0.3055,0.2084,1.678,0.0,0.0,0.0537,0.9,0.945,0.8698,False
490145,Scarlett,Spurs,FWD,0,0,0,0,1.2,7.0,0.0,0.135,0.3975,13.26,0.0,0.0,0.0,0.0,0.0,0.0,0.0,1.1556,1.2311,1.1983,0.7033,0.0,0.0018,0.0053,0.1768,0.0,0.803,0.0,0.01,0.03,1.0,0.0,5.0,60.225,0.0,0.0,0.0,0.0,0.0,0.0,0.0,0.0,45,u,0,0,0,1,1,Brentford,A,3,1.022,1.279,0.0,0.0,0.0,0.0,0.0,0.0,0.0,0.0,0.0,0.0,0.0,0.0,0.0,0.0,0.0,False
465920,Mudryk,Spurs,MID,0,0,0,0,0.0,0.0,0.0,0.0,0.0,0.0,0.0,0.0,0.0,0.0,0.0,0.0,0.0,1.1556,1.2311,1.1983,0.7033,0.0,0.0,0.0,0.0,0.0,0.0,0.0,0.0,0.0,0.0,0.0,0.0,0.0,0.0,0.0,0.0,0.0,0.0,0.0,0.0,0.0,54,a,0,0,0,1,1,Brentford,A,3,1.022,1.279,0.0,0.0,0.0,0.0,0.0,0.0,0.0,0.0,0.0,0.0,0.0,0.0,0.0,0.0,0.0,False
611917,Williams-Barnett,Spurs,MID,0,0,0,0,0.0,0.0,0.0,0.0,0.0,0.0,0.0,0.0,0.0,0.0,0.0,0.0,0.0,1.1556,1.2311,1.1983,0.7033,0.0,0.0,0.0,0.0,0.0,0.0,0.0,0.0,0.0,0.0,0.0,0.0,0.0,0.0,0.0,0.0,0.0,0.0,0.0,0.0,0.0,45,a,0,0,0,1,1,Brentford,A,3,1.022,1.279,0.0,0.0,0.0,0.0,0.0,0.0,0.0,0.0,0.0,0.0,0.0,0.0,0.0,0.0,0.0,False
135720,Danso,Sunderland,DEF,0,0,0,0,435.7,1489.0,0.0583,0.0133,0.995,10.8112,0.0109,540.0,0.055,0.0117,0.7033,10.1667,0.0,1.1579,1.3895,1.16,1.3683,0.2821,0.0645,4.8169,52.3382,0.0526,62.5701,0.62,0.28,20.15,192.0,1.0,219.0,12.9247,0.33,0.07,4.22,61.0,0.0,84.0,540.0,14.0,50,a,0,0,0,1,1,Ipswich Town,A,2,1.1354,1.0608,0.6203,0.2543,0.1705,0.0,-0.0305,-0.0076,0.008,0.0136,0.0652,0.299,-0.0482,0.0417,0.1895,0.2543,0.1705,False
498016,Roefs,Sunderland,GK,180,2,0,0,589.3,3150.0,0.0,0.0025,1.3923,0.0,0.2528,540.0,0.0,0.0,1.3683,0.0,0.0,1.1579,1.3895,1.16,1.3683,0.0,0.0164,9.1167,0.0,1.6554,90.8915,0.0,0.1,50.05,0.0,12.0,573.0,13.8813,0.0,0.0,8.209999999999999,0.0,0.0,57.0,540.0,9.5,50,a,0,2,2,1,1,Ipswich Town,A,2,1.1354,1.0608,3.874,0.96,0.9453,0.8205,-0.1152,-0.0288,0.4142,0.0056,0.0,1.4237,-0.3053,0.0,0.95,0.96,0.9453,False
232571,Patterson,Sunderland,GK,0,0,0,0,0.0,0.0,0.0,0.0,0.0,0.0,0.0,0.0,0.0,0.0,0.0,0.0,0.0,1.1579,1.3895,1.16,1.3683,0.0,0.0,0.0,0.0,0.0,0.0,0.0,0.0,0.0,0.0,0.0,0.0,0.0,0.0,0.0,0.0,0.0,0.0,0.0,0.0,0.0,40,u,0,0,0,1,1,Ipswich Town,A,2,1.1354,1.0608,0.0,0.0,0.0,0.0,0.0,0.0,0.0,0.0,0.0,0.0,0.0,0.0,0.0,0.0,0.0,False
515046,Ellborg,Sunderland,GK,0,0,0,0,87.8,270.0,0.0,0.0067,1.3691,0.0,0.9142,0.0,0.0,0.0,0.0,0.0,0.0,1.1579,1.3895,1.16,1.3683,0.0,0.0065,1.3356,0.0,0.8919,19.6214,0.0,0.02,4.1,0.0,3.0,62.0,20.1131,0.0,0.0,0.0,0.0,0.0,0.0,0.0,0.0,45,a,0,0,0,1,1,Ipswich Town,A,2,1.1354,1.0608,0.0,0.0,0.0,0.0,0.0,0.0,0.0,0.0,0.0,0.0,0.0,0.0,0.0,0.0,0.0,False
223827,Ballard,Sunderland,DEF,180,2,0,0,334.2,2144.0,0.0828,0.021,1.4603,10.8558,0.2358,140.0,0.0257,0.0321,1.3371,6.4286,0.0,1.1579,1.3895,1.16,1.3683,0.3073,0.0781,5.4224,40.3112,0.8755,34.7561,2.46,0.63,33.2,264.0,9.0,340.0,9.3598,0.04,0.05,2.08,10.0,0.0,-23.0,140.0,-14.7857,50,a,0,2,2,1,1,Ipswich Town,A,2,1.1354,1.0608,3.1708,0.908,0.7585,0.0,-0.109,-0.0272,0.1308,0.0659,0.3461,1.4005,-0.1989,0.1419,0.9,0.908,0.7585,False
200834,Mukiele,Sunderland,DEF,90,1,0,0,535.1,2784.0,0.0681,0.0988,1.3608,7.7303,0.3126,540.0,0.0567,0.0967,1.3683,7.1667,0.1667,1.1579,1.3895,1.16,1.3683,0.4051,0.5872,8.091,45.9608,1.8588,86.3047,1.62,2.65,44.71,273.0,11.0,489.0,14.5158,0.34,0.58,8.209999999999999,43.0,1.0,57.0,540.0,9.5,55,a,0,1,1,1,1,Ipswich Town,A,2,1.1354,1.0608,3.4848,0.908,0.885,0.0,-0.109,-0.0272,0.2095,0.2823,0.3965,1.3329,-0.2892,0.1741,0.9,0.908,0.885,False
487676,Hume,Sunderland,DEF,169,2,0,0,575.9,3032.0,0.0831,0.0857,1.3211,5.4466,0.1408,445.0,0.0728,0.0829,1.0942,5.0562,0.0,1.1579,1.3895,1.16,1.3683,0.5315,0.5482,8.4533,34.8523,0.9012,72.5161,2.27,2.05,47.27,203.0,6.0,383.0,11.3326,0.36,0.41,5.41,25.0,0.0,70.0,445.0,14.1573,45,a,0,2,2,1,1,Ipswich Town,A,2,1.1354,1.0608,3.4566,0.908,0.885,0.0,-0.109,-0.0272,0.1318,0.2496,0.4787,1.3329,-0.2892,0.0449,0.9,0.908,0.885,False
201895,Alderete,Sunderland,DEF,23,0,1,0,538.7,2797.0,0.0437,0.0186,1.4019,10.0497,0.0421,354.0,0.0636,0.0102,1.3551,8.6441,0.0,1.1579,1.3895,1.16,1.3683,0.2615,0.1112,8.391,60.1529,0.252,65.9086,1.62,0.91,44.52,312.0,5.0,400.0,11.0113,0.25,0.04,5.33,34.0,0.0,19.0,354.0,4.8305,50,a,1,0,1,1,1,Ipswich Town,A,2,1.1354,1.0608,2.2864,0.701,0.6065,0.0,-0.0841,-0.021,0.0631,0.0443,0.1832,1.0635,-0.1661,0.124,0.675,0.701,0.6065,False
434399,Reinildo,Sunderland,DEF,180,2,0,0,414.0,1966.0,0.0025,0.0342,1.1698,7.1465,0.2305,448.0,0.0,0.0281,1.1752,6.6295,0.0,1.1579,1.3895,1.16,1.3683,0.0115,0.1572,5.3811,32.8739,1.0603,67.8413,0.13,0.62,26.72,164.0,6.0,281.0,14.7481,0.0,0.1399999999999999,5.85,33.0,0.0,69.0,448.0,13.8616,45,a,0,2,2,1,1,Ipswich Town,A,2,1.1354,1.0608,2.9987,0.908,0.885,0.0,-0.109,-0.0272,0.2047,0.1161,0.0813,1.3329,-0.2892,0.1366,0.9,0.908,0.885,False
519634,Seelt,Sunderland,DEF,0,0,0,0,3.7,133.0,0.0,0.0073,0.9073,8.0173,0.0,0.0,0.0,0.0,0.0,0.0,0.0,1.1579,1.3895,1.16,1.3683,0.0,0.0003,0.0373,0.3296,0.0,0.3009,0.0,0.01,1.33,12.0,0.0,11.0,7.3192,0.0,0.0,0.0,0.0,0.0,0.0,0.0,0.0,45,u,0,0,0,1,1,Ipswich Town,A,2,1.1354,1.0608,0.0,0.0,0.0,0.0,0.0,0.0,0.0,0.0,0.0,0.0,0.0,0.0,0.0,0.0,0.0,False
477547,Hjelde,Sunderland,DEF,0,0,0,0,0.0,0.0,0.0,0.0,0.0,0.0,0.0,0.0,0.0,0.0,0.0,0.0,0.0,1.1579,1.3895,1.16,1.3683,0.0,0.0,0.0,0.0,0.0,0.0,0.0,0.0,0.0,0.0,0.0,0.0,0.0,0.0,0.0,0.0,0.0,0.0,0.0,0.0,0.0,40,u,0,0,0,1,1,Ipswich Town,A,2,1.1354,1.0608,0.0,0.0,0.0,0.0,0.0,0.0,0.0,0.0,0.0,0.0,0.0,0.0,0.0,0.0,0.0,False
167512,O'Nien,Sunderland,DEF,66,1,0,0,241.1,565.0,0.0333,0.0189,1.3896,6.9942,0.242,247.0,0.0474,0.0073,1.7271,8.0162,0.3644,1.1579,1.3895,1.16,1.3683,0.0893,0.0507,3.7227,18.7366,0.6484,39.4896,0.15,0.13,9.24,43.0,1.0,90.0,14.741,0.13,0.02,4.74,22.0,1.0,34.0,247.0,12.3887,40,a,0,1,1,1,1,Ipswich Town,A,2,1.1354,1.0608,2.8303,0.8275,0.799,0.0,-0.0993,-0.0248,0.1546,0.0947,0.2405,1.2033,-0.2612,0.1454,0.8125,0.8275,0.799,False
105717,Masuaku,Sunderland,DEF,0,0,0,0,5.2,125.0,0.0485,0.0606,1.5404,7.1515,0.0,0.0,0.0,0.0,0.0,0.0,0.0,1.1579,1.3895,1.16,1.3683,0.0028,0.0035,0.089,0.4132,0.0,0.1447,0.07,0.08,2.09,10.0,0.0,4.0,2.5044,0.0,0.0,0.0,0.0,0.0,0.0,0.0,0.0,40,u,0,0,0,1,1,Ipswich Town,A,2,1.1354,1.0608,0.0,0.0,0.0,0.0,0.0,0.0,0.0,0.0,0.0,0.0,0.0,0.0,0.0,0.0,0.0,False
93605,Meunier,Sunderland,DEF,180,2,0,0,,,,,,,,,,,,,,1.1579,1.3895,1.16,1.3683,,,,,,,,,,,,,,,,,,,,,,45,a,0,2,2,1,1,Ipswich Town,A,2,1.1354,1.0608,2.2811,0.862,0.4722,0.0,-0.1034,-0.0259,0.1452,0.0536,0.1071,0.9676,-0.0932,0.0019,0.85,0.862,0.4722,False
484420,E.Le Fée,Sunderland,MID,168,2,0,0,606.0,2930.0,0.137,0.2746,1.3765,10.1527,0.7908,540.0,0.1067,0.3483,1.3683,10.1667,1.3333,1.1579,1.3895,1.16,1.3683,0.9226,1.8489,9.2683,68.3612,5.3249,152.1441,5.22,5.95,46.5,319.0,16.0,621.0,22.5957,0.64,2.09,8.209999999999999,61.0,8.0,159.0,540.0,26.5,59,a,0,2,2,1,1,Ipswich Town,A,2,1.1354,1.0608,4.0677,0.945,0.8728,0.0,-0.1134,-0.0284,0.533,0.8406,0.7094,0.3286,0.0,0.331,0.9,0.945,0.8728,False
547027,Diarra,Sunderland,MID,28,0,1,0,340.9,1403.0,0.2532,0.0746,1.5259,5.143,0.1527,214.0,0.3911,0.1262,2.0313,6.729,0.0,1.1579,1.3895,1.16,1.3683,0.9591,0.2826,5.7796,19.4807,0.5783,57.9394,3.27,0.85,21.52,79.0,3.0,209.0,15.2964,0.93,0.3,4.83,16.0,0.0,34.0,214.0,14.2991,55,d,1,0,1,1,1,Ipswich Town,A,2,1.1354,1.0608,2.2033,0.7594,0.4595,0.0,-0.0911,-0.0228,0.0578,0.1747,0.6843,0.2014,0.0,0.0025,0.5625,0.7594,0.4595,False
84450,Xhaka,Sunderland,MID,180,2,0,0,564.4,2901.0,0.0345,0.1475,1.3749,11.3072,0.2914,540.0,0.03,0.21,1.3683,10.8333,0.5,1.1579,1.3895,1.16,1.3683,0.2161,0.9252,8.622,70.9084,1.8271,109.491,1.01,3.73,45.68,362.0,8.0,603.0,17.4596,0.18,1.26,8.209999999999999,65.0,3.0,105.0,540.0,17.5,55,a,0,2,2,1,1,Ipswich Town,A,2,1.1354,1.0608,3.0705,0.945,0.8728,0.0,-0.1134,-0.0284,0.3041,0.5,0.2817,0.3286,0.0,0.447,0.9,0.945,0.8728,False
577669,Sadiki,Sunderland,MID,180,2,0,0,596.4,2891.0,0.079,0.0475,1.2706,7.6066,0.0,507.0,0.1136,0.071,1.2888,7.1006,0.0,1.1579,1.3895,1.16,1.3683,0.5234,0.3147,8.4197,50.4066,0.0,83.8507,1.43,1.46,41.39,248.0,0.0,410.0,12.6535,0.64,0.4,7.26,40.0,0.0,72.0,507.0,12.7811,50,a,0,2,2,1,1,Ipswich Town,A,2,1.1354,1.0608,2.8291,0.945,0.8728,0.0,-0.1134,-0.0284,0.1187,0.217,0.5088,0.3286,0.0,0.1073,0.9,0.945,0.8728,False
535818,Adingra,Sunderland,MID,0,0,0,0,53.4,649.0,0.0492,0.0892,1.8246,6.7355,0.5796,0.0,0.0,0.0,0.0,0.0,0.0,1.1579,1.3895,1.16,1.3683,0.0292,0.0529,1.0826,3.9964,0.3439,6.1136,0.35,0.62,11.3,45.0,3.0,81.0,10.3038,0.0,0.0,0.0,0.0,0.0,0.0,0.0,0.0,49,i,0,0,0,1,1,Ipswich Town,A,2,1.1354,1.0608,0.0,0.0,0.0,0.0,0.0,0.0,0.0,0.0,0.0,0.0,0.0,0.0,0.0,0.0,0.0,False
461199,Mundle,Sunderland,MID,1,0,1,0,64.2,399.0,0.2327,0.1077,2.0636,7.435,0.0,0.0,0.0,0.0,0.0,0.0,0.0,1.1579,1.3895,1.16,1.3683,0.166,0.0768,1.472,5.3036,0.0,5.7721,0.87,0.48,8.54,33.0,0.0,42.0,8.0917,0.0,0.0,0.0,0.0,0.0,0.0,0.0,0.0,50,a,1,0,1,1,1,Ipswich Town,A,2,1.1354,1.0608,2.1131,0.7594,0.4595,0.0,-0.0911,-0.0228,0.0544,0.2291,0.5432,0.2014,0.0,0.0052,0.5625,0.7594,0.4595,False
554197,Rigg,Sunderland,MID,17,0,1,0,178.7,758.0,0.1176,0.1295,1.7311,6.7958,0.1781,121.0,0.1562,0.0595,2.4694,5.2066,0.0,1.1579,1.3895,1.16,1.3683,0.2335,0.2572,3.4371,13.4935,0.3536,40.8532,0.86,0.93,12.46,57.0,1.0,136.0,20.5752,0.21,0.08,3.3200000000000003,7.0,0.0,46.0,121.0,34.2149,50,a,1,0,1,1,1,Ipswich Town,A,2,1.1354,1.0608,2.0145,0.7594,0.4595,0.0,-0.0911,-0.0228,0.1065,0.2355,0.386,0.2014,0.0,0.0055,0.5625,0.7594,0.4595,False
549912,Talbi,Sunderland,MID,31,0,1,0,282.4,1553.0,0.121,0.0894,1.3124,5.2479,0.2237,225.0,0.056,0.084,1.488,4.8,0.0,1.1579,1.3895,1.16,1.3683,0.3798,0.2804,4.1179,16.4667,0.7018,39.2701,2.13,1.1800000000000002,22.26,92.0,6.0,248.0,12.5153,0.14,0.21,3.72,12.0,0.0,17.0,225.0,6.8,54,a,1,0,1,1,1,Ipswich Town,A,2,1.1354,1.0608,1.8749,0.7594,0.4595,0.0,-0.0911,-0.0228,0.0474,0.1831,0.358,0.2014,0.0,0.0023,0.5625,0.7594,0.4595,False
699989,Jocelin.T,Sunderland,MID,0,0,0,0,9.5,38.0,0.0,0.0947,0.5684,7.1053,0.0,0.0,0.0,0.0,0.0,0.0,0.0,1.1579,1.3895,1.16,1.3683,0.0,0.01,0.06,0.75,0.0,1.0,0.0,0.04,0.24,3.0,0.0,4.0,9.4737,0.0,0.0,0.0,0.0,0.0,0.0,0.0,0.0,50,a,0,0,0,1,1,Ipswich Town,A,2,1.1354,1.0608,0.0,0.0,0.0,0.0,0.0,0.0,0.0,0.0,0.0,0.0,0.0,0.0,0.0,0.0,0.0,False
536661,N.Angulo,Sunderland,MID,122,2,0,0,156.2,401.0,0.1727,0.0254,1.3652,8.0384,0.0,147.0,0.1714,0.0245,0.9857,7.3469,0.0,1.1579,1.3895,1.16,1.3683,0.2997,0.0441,2.3693,13.9511,0.0,16.6869,0.77,0.12,7.26,35.0,0.0,43.0,9.6147,0.28,0.04,1.61,12.0,0.0,16.0,147.0,9.7959,50,a,0,2,2,1,1,Ipswich Town,A,2,1.1354,1.0608,2.6943,0.9175,0.67,0.0,-0.1101,-0.0275,0.0906,0.2325,0.6431,0.2983,0.0,0.0083,0.85,0.9175,0.67,False
441264,Brobbey,Sunderland,FWD,129,2,0,0,507.9,1920.0,0.3517,0.0359,1.3299,3.1337,0.4964,470.0,0.2987,0.0402,1.2466,2.6809,0.1915,1.1579,1.3895,1.16,1.3683,1.9845,0.2026,7.5051,17.6844,2.8016,69.3086,6.0200000000000005,0.67,31.4,74.0,12.0,309.0,12.2815,1.56,0.21,6.51,14.0,1.0,60.0,470.0,11.4894,59,a,0,2,2,1,1,Ipswich Town,A,2,1.1354,1.0608,3.464,0.945,0.8728,0.0,-0.1134,-0.0284,0.2936,0.1992,1.453,0.0,0.0,0.0002,0.9,0.945,0.8728,False
437505,Isidor,Sunderland,FWD,49,0,1,0,127.5,1148.0,0.5168,0.1079,1.7734,5.7289,0.182,91.0,0.9593,0.2077,1.8593,6.9231,0.0,1.1579,1.3895,1.16,1.3683,0.7321,0.1529,2.5123,8.116,0.2578,51.465,4.7,0.38,19.82,51.0,7.0,266.0,36.3282,0.97,0.21,1.88,7.0,0.0,70.0,91.0,69.2308,55,a,1,0,1,1,1,Ipswich Town,A,2,1.1354,1.0608,2.7336,0.7594,0.4595,0.0,-0.0911,-0.0228,0.4461,0.2186,1.122,0.0,0.0,0.0011,0.5625,0.7594,0.4595,False
638411,Methalie,Sunderland,DEF,0,0,0,0,,,,,,,,,,,,,,1.1579,1.3895,1.16,1.3683,,,,,,,,,,,,,,,,,,,,,,45,a,0,0,0,1,1,Ipswich Town,A,2,1.1354,1.0608,0.0,0.0,0.0,0.0,0.0,0.0,0.0,0.0,0.0,0.0,0.0,0.0,0.0,0.0,0.0,False
696104,Ahoka,Sunderland,MID,0,0,0,0,,,,,,,,,,,,,,1.1579,1.3895,1.16,1.3683,,,,,,,,,,,,,,,,,,,,,,45,a,0,0,0,1,1,Ipswich Town,A,2,1.1354,1.0608,0.0,0.0,0.0,0.0,0.0,0.0,0.0,0.0,0.0,0.0,0.0,0.0,0.0,0.0,0.0,False
549940,Fofana,Sunderland,MID,0,0,0,0,,,,,,,,,,,,,,1.1579,1.3895,1.16,1.3683,,,,,,,,,,,,,,,,,,,,,,55,a,0,0,0,1,1,Ipswich Town,A,2,1.1354,1.0608,2.3672,0.8075,0.5306,0.0,-0.0969,-0.0242,0.1519,0.2946,0.4911,0.2326,0.0,0.0007,0.65,0.8075,0.5306,False
661313,J.Angulo,Sunderland,FWD,0,0,0,0,,,,,,,,,,,,,,1.1579,1.3895,1.16,1.3683,,,,,,,,,,,,,,,,,,,,,,45,a,0,0,0,1,1,Ipswich Town,A,2,1.1354,1.0608,0.0,0.0,0.0,0.0,0.0,0.0,0.0,0.0,0.0,0.0,0.0,0.0,0.0,0.0,0.0,False
