player_code,web_name,team,position,season_minutes,season_starts,fbref_subs,fbref_unused_subs,long_form_minutes,long_form_unweighted_minutes,long_form_expected_goals_90,long_form_expected_assists_90,long_form_expected_goals_conceded_90,long_form_defensive_contribution_90,long_form_bonus_90,short_form_minutes,short_form_expected_goals_90,short_form_expected_assists_90,short_form_expected_goals_conceded_90,short_form_defensive_contribution_90,short_form_bonus_90,team_long_form_xg90,team_long_form_xgc90,team_short_form_xg90,team_short_form_xgc90,long_form_expected_goals,long_form_expected_assists,long_form_expected_goals_conceded,long_form_defensive_contribution,long_form_bonus,long_form_bps,long_form_unweighted_expected_goals,long_form_unweighted_expected_assists,long_form_unweighted_expected_goals_conceded,long_form_unweighted_defensive_contribution,long_form_unweighted_bonus,long_form_unweighted_bps,long_form_bps_90,short_form_expected_goals,short_form_expected_assists,short_form_expected_goals_conceded,short_form_defensive_contribution,short_form_bonus,short_form_bps,short_form_unweighted_minutes,short_form_bps_90,now_cost,status,season_subs,fbref_starts,fbref_squads_made,gw,fixture_count,fixture_opponent,fixture_venue,fixture_fdr,fixture_attack_mult,fixture_xgc90,expected_points,c1_app_1_60,c2_app_60_plus,c3_saves,c4_yellow_cards,c5_red_cards,c6_bonus,c7_assists,c8_goals,c9_clean_sheets,c10_goals_conceded,c11_defensive_contributions,p_start,p_app,p_60_plus,is_promoted
154561,Raya,Arsenal,GK,180,2,0,0,557.0,3330.0,0.0,0.0018,0.8004,0.0,0.4678,450.0,0.0,0.002,0.814,0.0,1.0,1.8105,0.8329,1.76,0.8417,0.0,0.0109,4.9533,0.0,2.8954,112.3251,0.0,0.07,27.56,0.0,11.0,633.0,18.1495,0.0,0.01,4.07,0.0,5.0,110.0,450.0,22.0,60,a,0,2,2,2,1,Aston Villa,A,4,0.8908,0.8867,4.6898,0.96,0.9453,1.0152,-0.1152,-0.0288,0.7516,0.0041,0.0,1.6538,-0.2341,0.0,0.95,0.96,0.9453,False
109745,Arrizabalaga,Arsenal,GK,0,0,0,0,53.5,90.0,0.0,0.0,0.9802,0.0,0.0,90.0,0.0,0.0,0.98,0.0,0.0,1.8105,0.8329,1.76,0.8417,0.0,0.0,0.5827,0.0,0.0,6.5406,0.0,0.0,0.98,0.0,0.0,11.0,11.0029,0.0,0.0,0.98,0.0,0.0,11.0,90.0,11.0,50,a,0,0,0,2,1,Aston Villa,A,4,0.8908,0.8867,0.0,0.0413,0.0315,0.0338,-0.005,-0.0012,0.0,0.0,0.0,0.0628,-0.0061,0.0,0.0316,0.0413,0.0315,False
437495,Meslier,Arsenal,GK,0,0,0,0,0.0,0.0,0.0,0.0,0.0,0.0,0.0,0.0,0.0,0.0,0.0,0.0,0.0,1.8105,0.8329,1.76,0.8417,0.0,0.0,0.0,0.0,0.0,0.0,0.0,0.0,0.0,0.0,0.0,0.0,0.0,0.0,0.0,0.0,0.0,0.0,0.0,0.0,0.0,50,a,0,0,0,2,1,Aston Villa,A,4,0.8908,0.8867,0.0,0.0,0.0,0.0,0.0,0.0,0.0,0.0,0.0,0.0,0.0,0.0,0.0,0.0,0.0,False
226597,Gabriel,Arsenal,DEF,180,2,0,0,532.4,2750.0,0.1126,0.0513,0.8299,9.023,0.915,495.0,0.1745,0.0164,0.9091,8.1818,0.9091,1.8105,0.8329,1.76,0.8417,0.6663,0.3036,4.9091,53.376,5.4128,134.5604,2.94,1.75,22.01,277.0,30.0,724.0,22.7469,0.96,0.09,5.0,45.0,5.0,119.0,495.0,21.6364,80,a,0,2,2,2,1,Aston Villa,A,4,0.8908,0.8867,4.1711,0.908,0.8808,0.0,-0.109,-0.0272,0.6121,0.1128,0.5464,1.5409,-0.2217,0.4431,0.9,0.908,0.8808,False
445122,J.Timber,Arsenal,DEF,0,0,0,0,277.4,2452.0,0.1224,0.0607,0.7171,5.4317,0.249,0.0,0.0,0.0,0.0,0.0,0.0,1.8105,0.8329,1.76,0.8417,0.3774,0.1872,2.2103,16.7418,0.7676,56.6563,4.71,1.53,17.45,148.0,9.0,532.0,18.3816,0.0,0.0,0.0,0.0,0.0,0.0,0.0,0.0,65,i,0,0,0,2,1,Aston Villa,A,4,0.8908,0.8867,0.0,0.0,0.0,0.0,0.0,0.0,0.0,0.0,0.0,0.0,0.0,0.0,0.0,0.0,0.0,False
462424,Saliba,Arsenal,DEF,0,0,0,0,484.4,2614.0,0.0273,0.0616,0.7622,6.9838,0.6244,450.0,0.0,0.102,0.814,7.4,0.6,1.8105,0.8329,1.76,0.8417,0.147,0.3313,4.1022,37.5884,3.3606,114.5135,0.88,1.21,20.41,193.0,12.0,581.0,21.2762,0.0,0.51,4.07,37.0,3.0,121.0,450.0,24.2,60,i,0,0,0,2,1,Aston Villa,A,4,0.8908,0.8867,0.0,0.0,0.0,0.0,0.0,0.0,0.0,0.0,0.0,0.0,0.0,0.0,0.0,0.0,0.0,False
499169,Lewis-Skelly,Arsenal,MID,160,2,0,0,209.3,697.0,0.0095,0.0302,0.9615,2.4404,0.0,296.0,0.0,0.0365,0.7784,1.8243,0.0,1.8105,0.8329,1.76,0.8417,0.0221,0.0703,2.2361,5.6752,0.0,38.5822,0.1,0.2,9.01,25.0,0.0,110.0,16.5905,0.0,0.12,2.56,6.0,0.0,69.0,296.0,20.9797,55,a,0,2,2,2,1,Aston Villa,A,4,0.8908,0.8867,2.5618,0.9175,0.8173,0.0,-0.1101,-0.0275,0.1259,0.1965,0.2768,0.3575,0.0,0.0017,0.85,0.9175,0.8173,False
466075,Calafiori,Arsenal,DEF,170,2,0,0,239.9,1697.0,0.1484,0.0761,0.4583,3.8794,0.4649,251.0,0.1578,0.0968,0.2725,2.51,0.7171,1.8105,0.8329,1.76,0.8417,0.3955,0.2028,1.2215,10.3408,1.2393,52.8219,3.3600000000000003,0.76,9.72,102.0,6.0,389.0,19.8165,0.44,0.27,0.76,7.0,2.0,50.0,251.0,17.9283,56,a,0,2,2,2,1,Aston Villa,A,4,0.8908,0.8867,3.7172,0.862,0.8319,0.0,-0.1034,-0.0259,0.2303,0.1667,0.5817,1.4554,-0.2095,0.0295,0.85,0.862,0.8319,False
448104,Hincapie,Arsenal,DEF,9,0,1,0,353.0,1787.0,0.0223,0.0838,0.902,8.79,0.3866,288.0,0.0094,0.0875,1.0438,9.375,0.3125,1.8105,0.8329,1.76,0.8417,0.0876,0.3288,3.538,34.4765,1.5165,68.9936,0.36,1.67,17.53,171.0,7.0,335.0,17.5904,0.03,0.28,3.34,30.0,1.0,53.0,288.0,16.5625,54,a,1,0,1,2,1,Aston Villa,A,4,0.8908,0.8867,2.0196,0.5975,0.4896,0.0,-0.0717,-0.0179,0.0567,0.0969,0.0703,0.9756,-0.1054,0.1163,0.5625,0.5975,0.4896,False
198869,White,Arsenal,DEF,180,2,0,0,159.3,699.0,0.0255,0.0745,0.8844,5.5067,0.126,215.0,0.0,0.0753,0.5735,3.3488,0.0,1.8105,0.8329,1.76,0.8417,0.0451,0.1318,1.5653,9.7469,0.223,38.3313,0.45,0.6900000000000001,8.68,53.0,3.0,181.0,21.6561,0.0,0.18,1.37,8.0,0.0,56.0,215.0,23.4419,55,a,0,2,2,2,1,Aston Villa,A,4,0.8908,0.8867,3.373,0.862,0.8319,0.0,-0.1034,-0.0259,0.3248,0.1487,0.1611,1.4554,-0.2095,0.1358,0.85,0.862,0.8319,False
500040,Mosquera,Arsenal,DEF,168,2,0,0,239.9,986.0,0.0145,0.0436,0.9429,8.5913,0.0117,305.0,0.0295,0.0384,1.0446,7.377,0.0,1.8105,0.8329,1.76,0.8417,0.0386,0.1163,2.5134,22.9006,0.0312,43.6865,0.1,0.63,9.04,95.0,1.0,195.0,16.3893,0.1,0.13,3.54,25.0,0.0,43.0,305.0,12.6885,55,a,0,2,2,2,1,Aston Villa,A,4,0.8908,0.8867,3.1993,0.862,0.8319,0.0,-0.1034,-0.0259,0.2216,0.1058,0.1334,1.4554,-0.2095,0.353,0.85,0.862,0.8319,False
223340,Saka,Arsenal,MID,157,2,0,0,343.6,2218.0,0.2684,0.3243,0.6448,7.8703,0.9551,223.0,0.2341,0.5691,0.4883,8.4753,1.6143,1.8105,0.8329,1.76,0.8417,1.0248,1.2382,2.4616,30.0471,3.6465,91.182,7.569999999999999,7.16,15.57,184.0,18.0,570.0,23.8835,0.58,1.41,1.21,21.0,4.0,73.0,223.0,29.4619,95,a,0,2,2,2,1,Aston Villa,A,4,0.8908,0.8867,4.1768,0.945,0.8652,0.0,-0.1134,-0.0284,0.3467,0.7753,1.0,0.3784,0.0,0.2159,0.9,0.945,0.8652,False
204480,Rice,Arsenal,MID,151,2,0,0,526.8,3093.0,0.0534,0.1923,0.774,11.146,0.4442,423.0,0.0,0.1191,0.8298,11.0638,0.0,1.8105,0.8329,1.76,0.8417,0.3123,1.1258,4.5304,65.2411,2.5999,119.1077,3.15,7.32,23.87,376.0,23.0,790.0,20.3487,0.0,0.56,3.9,52.0,0.0,69.0,423.0,14.6809,75,a,0,2,2,2,1,Aston Villa,A,4,0.8908,0.8867,3.0934,0.945,0.8652,0.0,-0.1134,-0.0284,0.3499,0.4353,0.2534,0.3784,0.0,0.6435,0.9,0.945,0.8652,False
232413,Eze,Arsenal,MID,59,0,1,0,349.5,1885.0,0.2848,0.1092,0.8061,5.5747,0.2036,355.0,0.3296,0.0887,0.867,4.8169,0.0,1.8105,0.8329,1.76,0.8417,1.1059,0.4241,3.1305,21.6484,0.7906,75.2926,5.18,2.66,14.21,120.0,8.0,439.0,19.3887,1.3,0.35,3.42,19.0,0.0,73.0,355.0,18.507,64,a,1,0,1,2,1,Aston Villa,A,4,0.8908,0.8867,2.4254,0.8212,0.5163,0.0,-0.0985,-0.0246,0.0754,0.1849,0.6857,0.2572,0.0,0.0083,0.675,0.8212,0.5163,False
184029,Ødegaard,Arsenal,MID,145,2,0,0,241.6,1363.0,0.0853,0.2278,1.04,6.2345,0.2106,293.0,0.0737,0.2273,1.0167,6.4505,0.0,1.8105,0.8329,1.76,0.8417,0.2291,0.6115,2.7917,16.7361,0.5653,51.5412,1.25,3.65,16.2,102.0,5.0,306.0,19.2,0.24,0.74,3.31,21.0,0.0,54.0,293.0,16.587,66,a,0,2,2,2,1,Aston Villa,A,4,0.8908,0.8867,3.009,0.9175,0.8173,0.0,-0.1101,-0.0275,0.1564,0.4844,0.4056,0.3575,0.0,0.0684,0.85,0.9175,0.8173,False
248857,Madueke,Arsenal,MID,22,0,1,0,251.4,1205.0,0.0895,0.2156,0.903,5.5883,1.0542,263.0,0.0684,0.2498,0.8247,6.5019,1.0266,1.8105,0.8329,1.76,0.8417,0.25,0.6022,2.5223,15.6099,2.9448,63.6811,1.23,2.86,12.77,70.0,9.0,254.0,22.7975,0.2,0.73,2.41,19.0,3.0,64.0,263.0,21.9011,64,a,1,0,1,2,1,Aston Villa,A,4,0.8908,0.8867,1.9048,0.7594,0.4306,0.0,-0.0911,-0.0228,0.0915,0.2711,0.2437,0.2145,0.0,0.0073,0.5625,0.7594,0.4306,False
195384,Merino,Arsenal,MID,33,0,1,0,87.5,1024.0,0.4969,0.1398,0.9621,9.9427,0.4599,28.0,1.1893,0.0,2.475,6.4286,0.0,1.8105,0.8329,1.76,0.8417,0.4831,0.1359,0.9354,9.6665,0.4471,16.8913,3.3600000000000003,1.45,7.36,113.0,5.0,236.0,17.3739,0.37,0.0,0.77,2.0,0.0,-2.0,28.0,-6.4286,59,a,1,0,1,2,1,Aston Villa,A,4,0.8908,0.8867,2.4371,0.7594,0.4306,0.0,-0.0911,-0.0228,0.0524,0.1935,0.8926,0.2145,0.0,0.0701,0.5625,0.7594,0.4306,False
444145,Martinelli,Arsenal,MID,0,0,0,0,214.5,1065.0,0.2951,0.1386,0.949,6.4888,0.5133,173.0,0.3069,0.1353,1.2017,6.2428,1.0405,1.8105,0.8329,1.76,0.8417,0.7033,0.3304,2.2617,15.4649,1.2233,41.041,4.12,1.27,10.51,77.0,3.0,195.0,17.22,0.5900000000000001,0.26,2.31,12.0,2.0,33.0,173.0,17.1676,63,a,0,0,0,2,1,Aston Villa,A,4,0.8908,0.8867,0.7178,0.4834,0.0485,0.0,-0.058,-0.0145,0.0124,0.0549,0.1588,0.0242,0.0,0.0014,0.0607,0.4834,0.0485,False
481655,Zubimendi,Arsenal,MID,27,0,1,0,472.3,2991.0,0.071,0.0578,0.9175,9.573,0.1915,319.0,0.0197,0.0197,1.0834,11.2853,0.0,1.8105,0.8329,1.76,0.8417,0.3727,0.3035,4.8148,50.2369,1.0048,92.1536,2.84,2.27,26.09,307.0,9.0,604.0,17.5605,0.07,0.07,3.84,40.0,0.0,60.0,319.0,16.9279,54,a,1,0,1,2,1,Aston Villa,A,4,0.8908,0.8867,1.8749,0.8212,0.5163,0.0,-0.0985,-0.0246,0.0819,0.1081,0.2053,0.2572,0.0,0.1356,0.675,0.8212,0.5163,False
616077,Dowman,Arsenal,MID,0,0,0,0,60.0,152.0,0.4934,0.2055,0.4791,9.1126,0.0,73.0,0.0986,0.1973,0.2589,11.0959,0.0,1.8105,0.8329,1.76,0.8417,0.3289,0.137,0.3194,6.0751,0.0,13.6981,1.19,0.3,0.88,16.0,0.0,51.0,20.5472,0.08,0.16,0.21,9.0,0.0,8.0,73.0,9.863,54,a,0,0,0,2,1,Aston Villa,A,4,0.8908,0.8867,0.6134,0.4641,0.0205,0.0,-0.0557,-0.0139,0.0107,0.0514,0.118,0.0104,0.0,0.0003,0.0256,0.4641,0.0205,False
499175,Nwaneri,Arsenal,MID,0,0,0,0,5.5,165.0,0.1325,0.0458,0.5318,7.7629,0.0,0.0,0.0,0.0,0.0,0.0,0.0,1.8105,0.8329,1.76,0.8417,0.0081,0.0028,0.0325,0.4744,0.0,0.7642,0.2299999999999999,0.08,0.73,13.0,0.0,20.0,12.5051,0.0,0.0,0.0,0.0,0.0,0.0,0.0,0.0,54,u,0,0,0,2,1,Aston Villa,A,4,0.8908,0.8867,0.008,0.0,0.0,0.0,0.0,0.0,0.0,0.0,0.0,0.0,0.0,0.0,0.0,0.0,0.0,False
438098,Fábio Vieira,Arsenal,MID,0,0,0,0,0.0,0.0,0.0,0.0,0.0,0.0,0.0,0.0,0.0,0.0,0.0,0.0,0.0,1.8105,0.8329,1.76,0.8417,0.0,0.0,0.0,0.0,0.0,0.0,0.0,0.0,0.0,0.0,0.0,0.0,0.0,0.0,0.0,0.0,0.0,0.0,0.0,0.0,0.0,55,u,0,0,0,2,1,Aston Villa,A,4,0.8908,0.8867,0.008,0.0,0.0,0.0,0.0,0.0,0.0,0.0,0.0,0.0,0.0,0.0,0.0,0.0,0.0,False
200641,Nelson,Arsenal,MID,0,0,0,0,29.3,118.0,0.3259,0.0642,3.001,11.0046,0.0,18.0,0.0,0.1,5.05,5.0,0.0,1.8105,0.8329,1.76,0.8417,0.1061,0.0209,0.977,3.5826,0.0,10.009,0.71,0.11,3.02,23.0,0.0,39.0,30.7444,0.0,0.02,1.01,1.0,0.0,16.0,18.0,80.0,55,u,0,0,0,2,1,Aston Villa,A,4,0.8908,0.8867,0.008,0.0,0.0,0.0,0.0,0.0,0.0,0.0,0.0,0.0,0.0,0.0,0.0,0.0,0.0,False
224117,Gyökeres,Arsenal,FWD,0,0,0,0,354.4,2217.0,0.5928,0.0856,0.8919,3.7989,0.9068,239.0,0.7569,0.064,1.0431,4.5188,1.1297,1.8105,0.8329,1.76,0.8417,2.3343,0.3372,3.5122,14.9591,3.5706,95.4791,12.26,1.94,17.81,85.0,16.0,474.0,24.2469,2.01,0.17,2.77,12.0,3.0,86.0,239.0,32.3849,73,a,0,0,0,2,1,Aston Villa,A,4,0.8908,0.8867,0.7532,0.4962,0.0661,0.0,-0.0595,-0.0149,0.0155,0.0417,0.3222,0.0,0.0,0.0001,0.0839,0.4962,0.0661,False
219847,Havertz,Arsenal,FWD,180,2,0,0,198.7,577.0,0.6068,0.1458,1.0863,4.6786,0.7409,263.0,0.6981,0.1848,1.2217,3.7643,1.0266,1.8105,0.8329,1.76,0.8417,1.3396,0.3218,2.3984,10.3293,1.6358,55.0188,3.31,0.64,6.68,32.0,3.0,143.0,24.9204,2.04,0.54,3.5700000000000003,11.0,3.0,91.0,263.0,31.1407,75,a,0,2,2,2,1,Aston Villa,A,4,0.8908,0.8867,3.6215,0.9175,0.8173,0.0,-0.1101,-0.0275,0.2428,0.3553,1.5401,0.0,0.0,0.0021,0.85,0.9175,0.8173,False
205651,G.Jesus,Arsenal,FWD,0,0,0,0,107.4,418.0,0.6837,0.0512,0.5697,4.9388,0.0,100.0,0.792,0.027,0.36,3.6,0.0,1.8105,0.8329,1.76,0.8417,0.8159,0.0611,0.6799,5.8936,0.0,22.5613,2.71,0.26,3.97,30.0,0.0,92.0,18.9061,0.88,0.03,0.4,4.0,0.0,19.0,100.0,17.1,59,u,0,0,0,2,1,Aston Villa,A,4,0.8908,0.8867,0.0,0.0,0.0,0.0,0.0,0.0,0.0,0.0,0.0,0.0,0.0,0.0,0.0,0.0,0.0,False
199798,Konsa,Arsenal,DEF,11,0,1,0,491.3,3035.0,0.0438,0.015,1.4743,5.5924,0.0499,360.0,0.0,0.0075,1.5325,4.75,0.0,1.8105,0.8329,1.76,0.8417,0.239,0.0821,8.0478,30.5283,0.2726,70.2569,1.27,0.59,48.93,196.0,3.0,497.0,12.8702,0.0,0.03,6.13,19.0,0.0,36.0,360.0,9.0,44,a,1,0,1,2,1,Aston Villa,A,4,0.8908,0.8867,2.358,0.701,0.5874,0.0,-0.0841,-0.021,0.054,0.0298,0.1187,1.1705,-0.1262,0.0211,0.675,0.701,0.5874,False
208706,Bruno G.,Arsenal,MID,19,0,1,0,382.7,2456.0,0.2027,0.2483,1.2279,9.8569,0.7267,437.0,0.1586,0.276,1.2069,10.5034,0.6178,1.8105,0.8329,1.76,0.8417,0.862,1.0557,5.2213,41.9138,3.0901,99.3327,5.59,4.96,31.99,251.0,22.0,681.0,23.3602,0.77,1.34,5.859999999999999,51.0,3.0,97.0,437.0,19.9771,68,a,1,0,1,2,1,Aston Villa,A,4,0.8908,0.8867,2.4784,0.8212,0.5163,0.0,-0.0985,-0.0246,0.1338,0.371,0.4941,0.2572,0.0,0.1321,0.675,0.8212,0.5163,False
439509,Tzolis,Arsenal,MID,120,2,0,0,,,,,,,,,,,,,,1.8105,0.8329,1.76,0.8417,,,,,,,,,,,,,,,,,,,,,,65,a,0,2,2,2,1,Aston Villa,A,4,0.8908,0.8867,2.0281,0.9175,0.4678,0.0,-0.1101,-0.0275,0.127,0.1422,0.2371,0.2661,0.0,0.0001,0.85,0.9175,0.4678,False
72147,M.Bizot,Aston Villa,GK,90,1,0,0,110.9,585.0,0.0,0.0,1.4054,0.0,0.0,90.0,0.0,0.0,1.34,0.0,0.0,1.4248,1.4127,1.5933,1.41,0.0,0.0,1.7318,0.0,0.0,14.7017,0.0,0.0,11.02,0.0,0.0,75.0,11.931,0.0,0.0,1.34,0.0,0.0,10.0,90.0,10.0,45,a,0,1,1,2,1,Arsenal,H,4,0.614,1.5899,2.9703,0.9257,0.9204,0.9725,-0.1111,-0.0278,0.1761,0.0,0.0,0.8985,-0.5221,0.0,0.925,0.9257,0.9204,False
101188,Digne,Aston Villa,DEF,0,0,0,0,290.9,1842.0,0.0284,0.1737,1.3975,6.1216,0.2479,216.0,0.025,0.2,1.7625,5.0,0.0,1.4248,1.4127,1.5933,1.41,0.0918,0.5614,4.5171,19.7865,0.8013,56.7637,0.67,3.28,27.79,113.0,5.0,381.0,17.5618,0.06,0.48,4.23,12.0,0.0,31.0,216.0,12.9167,45,u,0,0,0,2,1,Arsenal,H,4,0.614,1.5899,0.0,0.0,0.0,0.0,0.0,0.0,0.0,0.0,0.0,0.0,0.0,0.0,0.0,0.0,0.0,False
199796,Cash,Aston Villa,DEF,167,2,0,0,518.2,3016.0,0.0255,0.0773,1.345,5.1937,0.1307,484.0,0.0037,0.0446,1.3221,5.2066,0.186,1.4248,1.4127,1.5933,1.41,0.1469,0.4451,7.7442,29.9041,0.7523,60.5008,1.14,2.94,45.45,186.0,7.0,450.0,10.5077,0.02,0.24,7.109999999999999,28.0,1.0,42.0,484.0,7.8099,45,a,0,2,2,2,1,Arsenal,H,4,0.614,1.5899,2.1986,0.908,0.8825,0.0,-0.109,-0.0272,0.059,0.1152,0.089,0.8615,-0.5084,0.0921,0.9,0.908,0.8825,False
149484,Mings,Aston Villa,DEF,16,0,1,0,300.1,1322.0,0.0936,0.0271,1.5628,7.2926,0.1985,360.0,0.0725,0.0125,1.4625,6.75,0.0,1.4248,1.4127,1.5933,1.41,0.3121,0.0904,5.2111,24.3169,0.6619,26.3999,1.3,0.42,23.37,107.0,4.0,169.0,7.9173,0.29,0.05,5.85,27.0,0.0,21.0,360.0,5.25,45,a,1,0,1,2,1,Arsenal,H,4,0.614,1.5899,1.471,0.5975,0.496,0.0,-0.0717,-0.0179,0.0236,0.0284,0.1374,0.5993,-0.2496,0.072,0.5625,0.5975,0.496,False
244954,Pau,Aston Villa,DEF,163,2,0,0,273.1,1673.0,0.1557,0.0158,1.1712,5.2381,0.0318,197.0,0.3198,0.0091,1.2518,5.0254,0.0,1.4248,1.4127,1.5933,1.41,0.4726,0.0479,3.5538,15.8946,0.0964,39.9108,1.33,0.39,22.81,112.0,2.0,280.0,13.1526,0.7000000000000001,0.02,2.74,11.0,0.0,19.0,197.0,8.6802,45,a,0,2,2,2,1,Arsenal,H,4,0.614,1.5899,2.3893,0.862,0.8335,0.0,-0.1034,-0.0259,0.0658,0.0381,0.458,0.8137,-0.4804,0.1068,0.85,0.862,0.8335,False
515597,Bogarde,Aston Villa,MID,16,0,1,0,226.2,1042.0,0.0,0.0106,1.3072,5.2187,0.121,245.0,0.0,0.0037,1.2453,4.4082,0.0,1.4248,1.4127,1.5933,1.41,0.0,0.0266,3.2854,13.1163,0.304,18.4336,0.0,0.2,15.38,60.0,4.0,121.0,7.3343,0.0,0.01,3.39,12.0,0.0,14.0,245.0,5.1429,50,a,1,0,1,2,1,Arsenal,H,4,0.614,1.5899,1.3944,0.7594,0.4422,0.0,-0.0911,-0.0228,0.0284,0.0551,0.0817,0.1336,0.0,0.0054,0.5625,0.7594,0.4422,False
441302,Maatsen,Aston Villa,DEF,171,2,0,0,333.9,1590.0,0.0601,0.1291,1.4599,7.4835,0.1603,327.0,0.0165,0.1486,1.2413,7.4312,0.2752,1.4248,1.4127,1.5933,1.41,0.223,0.4791,5.4161,27.7638,0.5946,46.4769,1.26,2.39,26.64,128.0,1.0,242.0,12.5275,0.06,0.54,4.51,27.0,1.0,34.0,327.0,9.3578,45,a,0,2,2,2,1,Arsenal,H,4,0.614,1.5899,2.2472,0.862,0.8335,0.0,-0.1034,-0.0259,0.0732,0.1773,0.1692,0.8137,-0.4804,0.3014,0.85,0.862,0.8335,False
184667,Lindelöf,Aston Villa,DEF,180,2,0,0,239.4,942.0,0.0348,0.0091,1.3756,4.8595,0.0,280.0,0.0,0.0096,1.2954,5.1429,0.0,1.4248,1.4127,1.5933,1.41,0.0925,0.0241,3.659,12.9263,0.0,25.5689,0.28,0.1,15.93,54.0,0.0,124.0,9.6124,0.0,0.03,4.029999999999999,16.0,0.0,25.0,280.0,8.0357,45,a,0,2,2,2,1,Arsenal,H,4,0.614,1.5899,2.0387,0.862,0.8335,0.0,-0.1034,-0.0259,0.052,0.0389,0.1203,0.8137,-0.4804,0.1187,0.85,0.862,0.8335,False
606798,A.García,Aston Villa,DEF,0,0,0,0,32.4,83.0,0.0,0.0031,2.4769,15.6908,0.0,45.0,0.0,0.0,2.38,18.0,0.0,1.4248,1.4127,1.5933,1.41,0.0,0.0011,0.8917,5.6487,0.0,5.5979,0.0,0.01,2.74,10.0,0.0,12.0,15.5497,0.0,0.0,1.19,9.0,0.0,5.0,45.0,10.0,40,a,0,0,0,2,1,Arsenal,H,4,0.614,1.5899,0.0311,0.0945,0.0091,0.0,-0.0113,-0.0028,0.0015,0.002,0.004,0.0137,-0.0076,0.0012,0.0158,0.0945,0.0091,False
578545,Nedeljkovic,Aston Villa,DEF,0,0,0,0,,,,,,,,,,,,,,1.4248,1.4127,1.5933,1.41,,,,,,,,,,,,,,,,,,,,,,40,u,0,0,0,2,1,Arsenal,H,4,0.614,1.5899,0.0,0.0,0.0,0.0,0.0,0.0,0.0,0.0,0.0,0.0,0.0,0.0,0.0,0.0,0.0,False
195546,Buendía,Aston Villa,MID,175,2,0,0,349.4,1753.0,0.1413,0.112,1.4587,10.4463,0.4325,288.0,0.15,0.0937,1.6031,11.5625,0.625,1.4248,1.4127,1.5933,1.41,0.5486,0.435,5.6629,40.555,1.6789,78.7523,3.38,2.23,28.03,197.0,10.0,382.0,20.2854,0.48,0.3,5.13,37.0,2.0,87.0,288.0,27.1875,60,a,0,2,2,2,1,Arsenal,H,4,0.614,1.5899,2.6314,0.9175,0.8202,0.0,-0.1101,-0.0275,0.2372,0.1943,0.3916,0.2002,0.0,0.5042,0.85,0.9175,0.8202,False
215711,Bailey,Aston Villa,MID,0,0,0,0,143.2,450.0,0.113,0.2572,1.4545,9.9106,0.0,116.0,0.1474,0.194,1.2879,11.6379,0.0,1.4248,1.4127,1.5933,1.41,0.1798,0.4092,2.3143,15.7688,0.0,24.3047,0.5,1.4600000000000002,7.03,48.0,0.0,69.0,15.2753,0.19,0.25,1.66,15.0,0.0,27.0,116.0,20.9483,54,a,0,0,0,2,1,Arsenal,H,4,0.614,1.5899,0.5659,0.4724,0.0341,0.0,-0.0567,-0.0142,0.0113,0.0472,0.0535,0.0103,0.0,0.0032,0.0407,0.4724,0.0341,False
122806,McGinn,Aston Villa,MID,171,2,0,0,328.6,2136.0,0.118,0.2729,1.2832,5.0317,0.299,329.0,0.0766,0.4897,1.1599,4.3769,0.0,1.4248,1.4127,1.5933,1.41,0.4307,0.9963,4.6852,18.3714,1.0916,84.7173,3.0,4.11,33.08,150.0,6.0,443.0,23.2032,0.28,1.79,4.24,16.0,0.0,94.0,329.0,25.7143,55,a,0,2,2,2,1,Arsenal,H,4,0.614,1.5899,2.9357,0.945,0.8683,0.0,-0.1134,-0.0284,0.2355,0.4664,0.3424,0.2119,0.0,0.0361,0.9,0.945,0.8683,False
88894,Barkley,Aston Villa,MID,150,2,0,0,295.4,844.0,0.1576,0.1112,1.4243,6.7514,0.5764,378.0,0.1976,0.0381,1.3238,5.2381,0.4762,1.4248,1.4127,1.5933,1.41,0.5173,0.3649,4.675,22.1595,1.8919,64.7046,1.58,1.26,13.2,74.0,5.0,221.0,19.7137,0.8300000000000001,0.16,5.56,22.0,2.0,58.0,378.0,13.8095,50,a,0,2,2,2,1,Arsenal,H,4,0.614,1.5899,2.5761,0.9175,0.8202,0.0,-0.1101,-0.0275,0.1434,0.1944,0.43,0.2002,0.0,0.0762,0.85,0.9175,0.8202,False
226944,Kamara,Aston Villa,MID,180,2,0,0,98.5,1410.0,0.0417,0.0551,1.3715,9.5783,0.4401,0.0,0.0,0.0,0.0,0.0,0.0,1.4248,1.4127,1.5933,1.41,0.0456,0.0603,1.501,10.4829,0.4817,18.6676,0.53,0.84,20.8,149.0,7.0,282.0,17.0567,0.0,0.0,0.0,0.0,0.0,0.0,0.0,0.0,50,a,0,2,2,2,1,Arsenal,H,4,0.614,1.5899,1.6796,0.9175,0.4678,0.0,-0.1101,-0.0275,0.0883,0.0648,0.0946,0.1762,0.0,0.0352,0.85,0.9175,0.4678,False
449871,Onana,Aston Villa,MID,0,0,0,0,296.7,1755.0,0.1159,0.048,1.4517,10.5229,0.1697,107.0,0.2355,0.0084,1.5645,7.5701,0.0,1.4248,1.4127,1.5933,1.41,0.3822,0.1583,4.7857,34.6906,0.5595,53.2171,1.68,0.6900000000000001,28.53,219.0,4.0,353.0,16.1427,0.28,0.01,1.86,9.0,0.0,12.0,107.0,10.0935,50,i,0,0,0,2,1,Arsenal,H,4,0.614,1.5899,0.008,0.0,0.0,0.0,0.0,0.0,0.0,0.0,0.0,0.0,0.0,0.0,0.0,0.0,0.0,False
469247,Iling Jr,Aston Villa,MID,0,0,0,0,0.0,0.0,0.0,0.0,0.0,0.0,0.0,0.0,0.0,0.0,0.0,0.0,0.0,1.4248,1.4127,1.5933,1.41,0.0,0.0,0.0,0.0,0.0,0.0,0.0,0.0,0.0,0.0,0.0,0.0,0.0,0.0,0.0,0.0,0.0,0.0,0.0,0.0,0.0,50,u,0,0,0,2,1,Arsenal,H,4,0.614,1.5899,0.008,0.0,0.0,0.0,0.0,0.0,0.0,0.0,0.0,0.0,0.0,0.0,0.0,0.0,0.0,False
645618,Burrowes,Aston Villa,MID,0,0,0,0,0.5,16.0,0.0,0.0,4.644,5.166,0.0,0.0,0.0,0.0,0.0,0.0,0.0,1.4248,1.4127,1.5933,1.41,0.0,0.0,0.0258,0.0287,0.0,0.086,0.0,0.0,0.9,1.0,0.0,3.0,15.48,0.0,0.0,0.0,0.0,0.0,0.0,0.0,0.0,45,a,0,0,0,2,1,Arsenal,H,4,0.614,1.5899,0.008,0.0,0.0,0.0,0.0,0.0,0.0,0.0,0.0,0.0,0.0,0.0,0.0,0.0,0.0,False
577285,George Hemmings,Aston Villa,MID,160,2,0,0,3.4,25.0,0.1562,0.0291,1.8503,3.9362,0.0,0.0,0.0,0.0,0.0,0.0,0.0,1.4248,1.4127,1.5933,1.41,0.0059,0.0011,0.0699,0.1487,0.0,0.6412,0.04,0.01,0.61,1.0,0.0,5.0,16.9729,0.0,0.0,0.0,0.0,0.0,0.0,0.0,0.0,45,a,0,2,2,2,1,Arsenal,H,4,0.614,1.5899,1.8251,0.9175,0.4678,0.0,-0.1101,-0.0275,0.0733,0.1169,0.203,0.1762,0.0,0.0004,0.85,0.9175,0.4678,False
653481,Alysson,Aston Villa,MID,27,0,1,0,11.7,47.0,0.1046,0.0946,3.7954,7.7346,0.0,0.0,0.0,0.0,0.0,0.0,0.0,1.4248,1.4127,1.5933,1.41,0.0136,0.0123,0.4934,1.0055,0.0,2.6362,0.05,0.05,1.87,4.0,0.0,11.0,20.2785,0.0,0.0,0.0,0.0,0.0,0.0,0.0,0.0,50,a,1,0,1,2,1,Arsenal,H,4,0.614,1.5899,1.6674,0.7594,0.4422,0.0,-0.0911,-0.0228,0.0712,0.1371,0.2299,0.1336,0.0,0.003,0.5625,0.7594,0.4422,False
614071,Manzambi,Aston Villa,MID,0,0,0,0,,,,,,,,,,,,,,1.4248,1.4127,1.5933,1.41,,,,,,,,,,,,,,,,,,,,,,59,i,0,0,0,2,1,Arsenal,H,4,0.614,1.5899,0.008,0.0,0.0,0.0,0.0,0.0,0.0,0.0,0.0,0.0,0.0,0.0,0.0,0.0,0.0,False
448089,Gomes,Aston Villa,MID,39,1,0,0,491.4,2829.0,0.0367,0.0734,1.6535,12.1325,0.2625,448.0,0.0201,0.0442,1.5288,11.8527,0.0,1.4248,1.4127,1.5933,1.41,0.2003,0.4006,9.0279,66.2433,1.433,94.9853,1.29,2.09,48.6,387.0,6.0,529.0,17.3966,0.1,0.22,7.61,59.0,0.0,65.0,448.0,13.058,55,s,0,1,1,2,1,Arsenal,H,4,0.614,1.5899,0.008,0.0,0.0,0.0,0.0,0.0,0.0,0.0,0.0,0.0,0.0,0.0,0.0,0.0,0.0,False
178301,Watkins,Aston Villa,FWD,0,0,0,0,522.2,2833.0,0.6152,0.0279,1.3273,2.7018,1.3979,458.0,0.8902,0.0236,1.1653,2.3581,2.3581,1.4248,1.4127,1.5933,1.41,3.5695,0.1618,7.7015,15.6766,8.1107,163.6747,15.4,1.18,43.39,94.0,26.0,623.0,28.209,4.53,0.12,5.93,12.0,12.0,235.0,458.0,46.179,78,u,0,0,0,2,1,Arsenal,H,4,0.614,1.5899,0.0,0.0,0.0,0.0,0.0,0.0,0.0,0.0,0.0,0.0,0.0,0.0,0.0,0.0,0.0,False
173879,Abraham,Aston Villa,FWD,19,0,1,0,79.5,278.0,0.662,0.1091,1.9012,4.3272,0.5191,79.0,0.9,0.0,2.8823,4.557,0.0,1.4248,1.4127,1.5933,1.41,0.5848,0.0964,1.6794,3.8224,0.4585,27.7093,2.05,0.36,5.12,13.0,2.0,93.0,31.369,0.79,0.0,2.53,4.0,0.0,36.0,79.0,41.0127,55,a,1,0,1,2,1,Arsenal,H,4,0.614,1.5899,1.7628,0.7594,0.4422,0.0,-0.0911,-0.0228,0.0799,0.1263,0.5829,0.0,0.0,0.0001,0.5625,0.7594,0.4422,False
493105,Garnacho,Aston Villa,MID,16,0,1,0,198.0,1261.0,0.2402,0.226,1.308,5.493,0.176,120.0,0.255,0.06,0.87,6.75,0.0,1.4248,1.4127,1.5933,1.41,0.5285,0.4973,2.8776,12.0847,0.3873,33.6082,3.44,3.68,20.52,71.0,3.0,222.0,15.2765,0.3399999999999999,0.08,1.16,9.0,0.0,19.0,120.0,14.25,59,a,1,0,1,2,1,Arsenal,H,4,0.614,1.5899,1.7853,0.7594,0.4422,0.0,-0.0911,-0.0228,0.0354,0.1839,0.3368,0.1336,0.0,0.0088,0.5625,0.7594,0.4422,False
517052,N.Jackson,Aston Villa,FWD,70,1,0,0,0.0,0.0,0.0,0.0,0.0,0.0,0.0,0.0,0.0,0.0,0.0,0.0,0.0,1.4248,1.4127,1.5933,1.41,0.0,0.0,0.0,0.0,0.0,0.0,0.0,0.0,0.0,0.0,0.0,0.0,0.0,0.0,0.0,0.0,0.0,0.0,0.0,0.0,0.0,65,a,0,1,1,2,1,Arsenal,H,4,0.614,1.5899,1.6033,0.8969,0.4473,0.0,-0.1076,-0.0269,0.0842,0.103,0.3205,0.0,0.0,0.0,0.8125,0.8969,0.4473,False
690838,Madjo,Aston Villa,FWD,0,0,0,0,,,,,,,,,,,,,,1.4248,1.4127,1.5933,1.41,,,,,,,,,,,,,,,,,,,,,,55,i,0,0,0,2,1,Arsenal,H,4,0.614,1.5899,0.0,0.0,0.0,0.0,0.0,0.0,0.0,0.0,0.0,0.0,0.0,0.0,0.0,0.0,0.0,False
487992,Ruggeri,Aston Villa,DEF,8,0,1,0,,,,,,,,,,,,,,1.4248,1.4127,1.5933,1.41,,,,,,,,,,,,,,,,,,,,,,45,a,1,0,1,2,1,Arsenal,H,4,0.614,1.5899,1.4503,0.5975,0.496,0.0,-0.0717,-0.0179,0.0391,0.0432,0.0864,0.5993,-0.2496,0.0921,0.5625,0.5975,0.496,False
433969,Suzuki,Aston Villa,GK,90,1,0,0,,,,,,,,,,,,,,1.4248,1.4127,1.5933,1.41,,,,,,,,,,,,,,,,,,,,,,50,a,0,1,1,2,1,Arsenal,H,4,0.614,1.5899,3.8904,0.9257,0.9204,0.9725,-0.1111,-0.0278,0.2789,0.0,0.0,1.3866,-0.1929,0.0,0.925,0.9257,0.9204,False
569577,Rowe,Aston Villa,DEF,0,0,0,0,0.0,0.0,0.0,0.0,0.0,0.0,0.0,0.0,0.0,0.0,0.0,0.0,0.0,1.4248,1.4127,1.5933,1.41,0.0,0.0,0.0,0.0,0.0,0.0,0.0,0.0,0.0,0.0,0.0,0.0,0.0,0.0,0.0,0.0,0.0,0.0,0.0,0.0,0.0,40,a,0,0,0,2,1,Arsenal,H,4,0.614,1.5899,0.0,0.0,0.0,0.0,0.0,0.0,0.0,0.0,0.0,0.0,0.0,0.0,0.0,0.0,0.0,False
571380,Lynch,Aston Villa,MID,0,0,0,0,,,,,,,,,,,,,,1.4248,1.4127,1.5933,1.41,,,,,,,,,,,,,,,,,,,,,,45,a,0,0,0,2,1,Arsenal,H,4,0.614,1.5899,0.008,0.0,0.0,0.0,0.0,0.0,0.0,0.0,0.0,0.0,0.0,0.0,0.0,0.0,0.0,False
214590,Wan-Bissaka,Aston Villa,DEF,12,0,1,0,348.5,2080.0,0.0,0.0392,1.4027,6.9786,0.0,177.0,0.0,0.0356,1.1847,5.5932,0.0,1.4248,1.4127,1.5933,1.41,0.0,0.1519,5.4315,27.0228,0.0,36.1239,0.0,1.0,35.44,174.0,0.0,203.0,9.329,0.0,0.07,2.33,11.0,0.0,13.0,177.0,6.6102,45,a,1,0,1,2,1,Arsenal,H,4,0.614,1.5899,1.6362,0.701,0.5951,0.0,-0.0841,-0.021,0.0319,0.0431,0.0219,0.719,-0.2986,0.0686,0.675,0.701,0.5951,False
119090,Goretzka,Aston Villa,MID,0,0,0,0,,,,,,,,,,,,,,1.4248,1.4127,1.5933,1.41,,,,,,,,,,,,,,,,,,,,,,60,a,0,0,0,2,1,Arsenal,H,4,0.614,1.5899,1.8777,0.8075,0.5106,0.0,-0.0969,-0.0242,0.0936,0.1593,0.2656,0.1542,0.0,0.0021,0.65,0.8075,0.5106,False
245719,Harwood-Bellis,Aston Villa,DEF,0,0,0,0,,,,,,,,,,,,,,1.4248,1.4127,1.5933,1.41,,,,,,,,,,,,,,,,,,,,,,45,a,0,0,0,2,1,Arsenal,H,4,0.614,1.5899,0.0,0.0,0.0,0.0,0.0,0.0,0.0,0.0,0.0,0.0,0.0,0.0,0.0,0.0,0.0,False
638987,Mbaye,Aston Villa,MID,0,0,0,0,,,,,,,,,,,,,,1.4248,1.4127,1.5933,1.41,,,,,,,,,,,,,,,,,,,,,,60,a,0,0,0,2,1,Arsenal,H,4,0.614,1.5899,1.8777,0.8075,0.5106,0.0,-0.0969,-0.0242,0.0936,0.1593,0.2656,0.1542,0.0,0.0021,0.65,0.8075,0.5106,False
457569,Petrović,Bournemouth,GK,180,2,0,0,617.7,3420.0,0.0,0.0,1.5222,0.0,0.1253,540.0,0.0,0.0,1.34,0.0,0.0,1.7767,1.5634,2.052,1.442,0.0,0.0,10.4472,0.0,0.8602,101.6295,0.0,0.0,56.72,0.0,5.0,512.0,14.8076,0.0,0.0,8.04,0.0,0.0,85.0,540.0,14.1667,45,a,0,2,2,2,1,Everton,H,3,1.0899,1.2549,3.493,0.96,0.9453,0.8094,-0.1152,-0.0288,0.3625,0.0,0.0,1.2099,-0.3881,0.0,0.95,0.96,0.9453,False
40383,Forster,Bournemouth,GK,0,0,0,0,0.0,0.0,0.0,0.0,0.0,0.0,0.0,0.0,0.0,0.0,0.0,0.0,0.0,1.7767,1.5634,2.052,1.442,0.0,0.0,0.0,0.0,0.0,0.0,0.0,0.0,0.0,0.0,0.0,0.0,0.0,0.0,0.0,0.0,0.0,0.0,0.0,0.0,0.0,40,a,0,0,0,2,1,Everton,H,3,1.0899,1.2549,0.0,0.0,0.0,0.0,0.0,0.0,0.0,0.0,0.0,0.0,0.0,0.0,0.0,0.0,0.0,False
444172,Dennis,Bournemouth,GK,0,0,0,0,0.0,0.0,0.0,0.0,0.0,0.0,0.0,0.0,0.0,0.0,0.0,0.0,0.0,1.7767,1.5634,2.052,1.442,0.0,0.0,0.0,0.0,0.0,0.0,0.0,0.0,0.0,0.0,0.0,0.0,0.0,0.0,0.0,0.0,0.0,0.0,0.0,0.0,0.0,40,u,0,0,0,2,1,Everton,H,3,1.0899,1.2549,0.0,0.0,0.0,0.0,0.0,0.0,0.0,0.0,0.0,0.0,0.0,0.0,0.0,0.0,0.0,False
463981,Hill,Bournemouth,DEF,180,2,0,0,539.2,2102.0,0.0413,0.0394,1.4926,11.1069,0.2232,540.0,0.0367,0.0167,1.34,10.5,0.3333,1.7767,1.5634,2.052,1.442,0.2475,0.236,8.9422,66.5428,1.3375,96.9271,0.89,1.16,33.42,260.0,4.0,386.0,16.1785,0.22,0.1,8.04,63.0,2.0,92.0,540.0,15.3333,55,a,0,2,2,2,1,Everton,H,3,1.0899,1.2549,3.0057,0.908,0.8833,0.0,-0.109,-0.0272,0.2881,0.1155,0.2562,1.1305,-0.3676,0.5595,0.9,0.908,0.8833,False
494521,Truffert,Bournemouth,DEF,180,2,0,0,614.6,3378.0,0.0656,0.1027,1.5004,7.7138,0.7446,540.0,0.1533,0.1033,1.34,6.8333,1.1667,1.7767,1.5634,2.052,1.442,0.448,0.701,10.2461,52.6765,5.085,136.1357,1.35,3.0700000000000003,54.42,301.0,19.0,607.0,19.9353,0.92,0.62,8.04,41.0,7.0,151.0,540.0,25.1667,55,a,0,2,2,2,1,Everton,H,3,1.0899,1.2549,3.434,0.908,0.8833,0.0,-0.109,-0.0272,0.3348,0.286,0.4671,1.1305,-0.3676,0.195,0.9,0.908,0.8833,False
242882,Diakité,Bournemouth,DEF,0,0,0,0,72.4,1275.0,0.0017,0.014,1.7332,8.0403,0.0654,0.0,0.0,0.0,0.0,0.0,0.0,1.7767,1.5634,2.052,1.442,0.0014,0.0113,1.3943,6.468,0.0526,8.2607,0.02,0.19,22.47,117.0,2.0,164.0,10.2688,0.0,0.0,0.0,0.0,0.0,0.0,0.0,0.0,50,a,0,0,0,2,1,Everton,H,3,1.0899,1.2549,0.0,0.0,0.0,0.0,0.0,0.0,0.0,0.0,0.0,0.0,0.0,0.0,0.0,0.0,0.0,False
620487,Milosavljević,Bournemouth,DEF,0,0,0,0,19.5,367.0,0.0512,0.0295,1.2014,9.6102,0.0,0.0,0.0,0.0,0.0,0.0,0.0,1.7767,1.5634,2.052,1.442,0.0111,0.0064,0.2603,2.0822,0.0,3.6147,0.15,0.19,4.42,39.0,0.0,63.0,16.6832,0.0,0.0,0.0,0.0,0.0,0.0,0.0,0.0,50,i,0,0,0,2,1,Everton,H,3,1.0899,1.2549,0.0,0.0,0.0,0.0,0.0,0.0,0.0,0.0,0.0,0.0,0.0,0.0,0.0,0.0,0.0,False
54469,Smith,Bournemouth,DEF,180,2,0,0,236.2,1073.0,0.0,0.0179,1.5,6.4675,0.6076,268.0,0.0,0.0101,1.4172,5.709,0.6716,1.7767,1.5634,2.052,1.442,0.0,0.0469,3.9366,16.9736,1.5946,53.4395,0.0,0.23,18.18,70.0,4.0,185.0,20.3622,0.0,0.03,4.22,17.0,2.0,62.0,268.0,20.8209,45,a,0,2,2,2,1,Everton,H,3,1.0899,1.2549,2.6549,0.862,0.8343,0.0,-0.1034,-0.0259,0.2621,0.0803,0.0971,1.0678,-0.3474,0.1225,0.85,0.862,0.8343,False
436893,J.Araujo,Bournemouth,DEF,0,0,0,0,0.0,0.0,0.0,0.0,0.0,0.0,0.0,0.0,0.0,0.0,0.0,0.0,0.0,1.7767,1.5634,2.052,1.442,0.0,0.0,0.0,0.0,0.0,0.0,0.0,0.0,0.0,0.0,0.0,0.0,0.0,0.0,0.0,0.0,0.0,0.0,0.0,0.0,0.0,45,i,0,0,0,2,1,Everton,H,3,1.0899,1.2549,0.0,0.0,0.0,0.0,0.0,0.0,0.0,0.0,0.0,0.0,0.0,0.0,0.0,0.0,0.0,False
575901,Soler,Bournemouth,DEF,0,0,0,0,2.9,34.0,0.0,0.0,5.1207,3.2617,0.0,0.0,0.0,0.0,0.0,0.0,0.0,1.7767,1.5634,2.052,1.442,0.0,0.0,0.165,0.1051,0.0,0.0625,0.0,0.0,1.62,1.0,0.0,2.0,1.9397,0.0,0.0,0.0,0.0,0.0,0.0,0.0,0.0,40,a,0,0,0,2,1,Everton,H,3,1.0899,1.2549,0.0,0.0,0.0,0.0,0.0,0.0,0.0,0.0,0.0,0.0,0.0,0.0,0.0,0.0,0.0,False
499604,Rayan,Bournemouth,MID,178,2,0,0,384.9,1110.0,0.2274,0.1246,1.4442,7.1671,0.2071,418.0,0.295,0.1206,1.0852,8.3971,0.2153,1.7767,1.5634,2.052,1.442,0.9726,0.533,6.1765,30.6514,0.8856,81.1727,2.67,1.84,19.14,82.0,3.0,238.0,18.9804,1.37,0.56,5.04,39.0,1.0,109.0,418.0,23.4689,65,a,0,2,2,2,1,Everton,H,3,1.0899,1.2549,3.4666,0.9175,0.8216,0.0,-0.1101,-0.0275,0.2038,0.3834,1.007,0.2629,0.0,0.074,0.85,0.9175,0.8216,False
201658,Tavernier,Bournemouth,MID,180,2,0,0,507.8,2732.0,0.318,0.1872,1.3389,8.0862,0.544,520.0,0.3185,0.2371,1.0765,7.6154,0.6923,1.7767,1.5634,2.052,1.442,1.794,1.056,7.5543,45.6244,3.0696,111.7939,9.06,4.6,41.06,251.0,14.0,552.0,19.8138,1.84,1.37,6.22,44.0,4.0,126.0,520.0,21.8077,60,a,0,2,2,2,1,Everton,H,3,1.0899,1.2549,4.2845,0.945,0.8698,0.0,-0.1134,-0.0284,0.2917,0.5726,1.4609,0.2783,0.0,0.1599,0.9,0.945,0.8698,False
503139,Scott,Bournemouth,MID,176,2,0,0,535.6,2848.0,0.1174,0.1272,1.4841,12.8594,0.2955,450.0,0.016,0.232,1.194,13.0,0.0,1.7767,1.5634,2.052,1.442,0.6987,0.757,8.8319,76.5277,1.7586,114.2159,3.8,2.94,47.02,386.0,9.0,603.0,19.1924,0.08,1.16,5.97,65.0,0.0,90.0,450.0,18.0,60,a,0,2,2,2,1,Everton,H,3,1.0899,1.2549,3.38,0.945,0.8698,0.0,-0.1134,-0.0284,0.4271,0.4449,0.5486,0.2783,0.0,0.7069,0.9,0.945,0.8698,False
222683,Kluivert,Bournemouth,MID,154,2,0,0,85.5,945.0,0.2678,0.1207,2.0913,6.7267,0.284,31.0,0.2032,0.029,3.4258,8.7097,0.0,1.7767,1.5634,2.052,1.442,0.2544,0.1147,1.9867,6.3904,0.2698,11.5774,2.31,1.55,17.96,65.0,3.0,147.0,12.1867,0.07,0.01,1.1800000000000002,3.0,0.0,0.0,31.0,0.0,60,a,0,2,2,2,1,Everton,H,3,1.0899,1.2549,2.265,0.9175,0.4678,0.0,-0.1101,-0.0275,0.0684,0.1865,0.5407,0.2137,0.0,0.0022,0.85,0.9175,0.4678,False
155408,Cook,Bournemouth,MID,143,2,0,0,109.8,872.0,0.0045,0.0577,1.5361,14.441,0.0,2.0,0.0,0.0,22.95,0.0,0.0,1.7767,1.5634,2.052,1.442,0.0055,0.0704,1.874,17.618,0.0,25.9699,0.07,0.52,14.0,143.0,0.0,190.0,21.2868,0.0,0.0,0.51,0.0,0.0,6.0,2.0,270.0,50,a,0,2,2,2,1,Everton,H,3,1.0899,1.2549,1.9533,0.9175,0.4678,0.0,-0.1101,-0.0275,0.2145,0.1314,0.138,0.2137,0.0,0.0687,0.85,0.9175,0.4678,False
496208,Gannon-Doak,Bournemouth,MID,1,0,1,0,29.3,105.0,0.3207,0.0765,3.3828,14.2049,0.0,49.0,0.3122,0.0551,3.7837,16.5306,0.0,1.7767,1.5634,2.052,1.442,0.1044,0.0249,1.1013,4.6245,0.0,6.2878,0.26,0.13,4.74,13.0,0.0,33.0,19.3141,0.17,0.03,2.06,9.0,0.0,12.0,49.0,22.0408,50,a,1,0,1,2,1,Everton,H,3,1.0899,1.2549,2.0679,0.7594,0.448,0.0,-0.0911,-0.0228,0.0652,0.2301,0.5003,0.1709,0.0,0.0083,0.5625,0.7594,0.448,False
200785,Adams,Bournemouth,MID,36,0,1,0,288.6,1769.0,0.0176,0.0434,1.4804,12.7877,0.0589,337.0,0.0053,0.0694,1.5783,12.5519,0.0,1.7767,1.5634,2.052,1.442,0.0563,0.1391,4.7472,41.0059,0.1889,51.8839,0.63,0.63,27.18,232.0,3.0,346.0,16.18,0.02,0.26,5.91,47.0,0.0,62.0,337.0,16.5579,50,a,1,0,1,2,1,Everton,H,3,1.0899,1.2549,1.6049,0.7594,0.448,0.0,-0.0911,-0.0228,0.0761,0.1211,0.1353,0.1709,0.0,0.1616,0.5625,0.7594,0.448,False
111317,Brooks,Bournemouth,MID,9,0,1,0,145.6,1188.0,0.6016,0.2384,2.0027,7.5113,0.2303,127.0,0.6236,0.163,2.0409,6.378,0.0,1.7767,1.5634,2.052,1.442,0.9732,0.3856,3.24,12.1516,0.3725,28.3547,5.81,3.4,20.25,94.0,4.0,215.0,17.5269,0.88,0.23,2.88,9.0,0.0,23.0,127.0,16.2992,50,a,1,0,1,2,1,Everton,H,3,1.0899,1.2549,2.9924,0.7594,0.448,0.0,-0.0911,-0.0228,0.0825,0.3467,1.2909,0.1709,0.0,0.0149,0.5625,0.7594,0.448,False
158499,Christie,Bournemouth,MID,3,0,1,0,225.6,978.0,0.1017,0.0752,1.628,11.5069,0.2587,198.0,0.0818,0.0955,0.9682,12.2727,0.0,1.7767,1.5634,2.052,1.442,0.255,0.1886,4.0808,28.844,0.6484,45.6741,1.81,0.79,19.14,123.0,2.0,214.0,18.2211,0.18,0.21,2.13,27.0,0.0,30.0,198.0,13.6364,50,a,1,0,1,2,1,Everton,H,3,1.0899,1.2549,1.857,0.7594,0.448,0.0,-0.0911,-0.0228,0.0828,0.1733,0.3286,0.1709,0.0,0.0795,0.5625,0.7594,0.448,False
614574,Tóth.A,Bournemouth,MID,15,0,1,0,51.1,135.0,0.071,0.1849,3.0161,10.9104,0.0,59.0,0.0763,0.122,3.539,10.678,0.0,1.7767,1.5634,2.052,1.442,0.0403,0.105,1.7125,6.1947,0.0,12.4031,0.11,0.33,4.9,17.0,0.0,32.0,21.845,0.05,0.08,2.3200000000000003,7.0,0.0,18.0,59.0,27.4576,50,a,1,0,1,2,1,Everton,H,3,1.0899,1.2549,2.0232,0.7594,0.448,0.0,-0.0911,-0.0228,0.1152,0.2627,0.373,0.1709,0.0,0.0059,0.5625,0.7594,0.448,False
489888,Adli,Bournemouth,MID,0,0,0,0,175.6,1074.0,0.197,0.1455,1.6717,9.4342,0.4063,50.0,0.09,0.054,3.186,9.0,0.0,1.7767,1.5634,2.052,1.442,0.3843,0.2839,3.2616,18.4071,0.7928,37.6855,2.6,1.62,18.22,123.0,4.0,241.0,19.3149,0.05,0.03,1.77,5.0,0.0,7.0,50.0,12.6,49,i,0,0,0,2,1,Everton,H,3,1.0899,1.2549,0.008,0.0,0.0,0.0,0.0,0.0,0.0,0.0,0.0,0.0,0.0,0.0,0.0,0.0,0.0,False
560262,Kroupi.Jr,Bournemouth,MID,0,0,0,0,411.1,1826.0,0.4354,0.0979,1.2926,5.4402,0.7365,431.0,0.3759,0.1086,0.9146,4.1763,1.0441,1.7767,1.5634,2.052,1.442,1.989,0.447,5.9045,24.8496,3.3642,103.7482,9.87,1.58,28.85,123.0,17.0,605.0,22.7131,1.8,0.52,4.38,20.0,5.0,102.0,431.0,21.2993,74,i,0,0,0,2,1,Everton,H,3,1.0899,1.2549,0.008,0.0,0.0,0.0,0.0,0.0,0.0,0.0,0.0,0.0,0.0,0.0,0.0,0.0,0.0,False
444102,Evanilson,Bournemouth,FWD,154,2,0,0,515.5,2741.0,0.3605,0.051,1.3129,5.3051,0.1321,459.0,0.4529,0.0608,0.9882,5.8824,0.0,1.7767,1.5634,2.052,1.442,2.0646,0.2923,7.5201,30.3866,0.7565,76.9355,10.64,1.48,39.02,135.0,6.0,412.0,13.432,2.31,0.31,5.04,30.0,0.0,55.0,459.0,10.7843,60,a,0,2,2,2,1,Everton,H,3,1.0899,1.2549,3.5706,0.945,0.8698,0.0,-0.1134,-0.0284,0.2904,0.2125,1.5087,0.0,0.0,0.0187,0.9,0.945,0.8698,False
168636,Enes Ünal,Bournemouth,FWD,0,0,0,0,46.9,214.0,0.7841,0.0213,3.5904,14.4188,0.1199,40.0,0.3375,0.0225,5.805,24.75,0.0,1.7767,1.5634,2.052,1.442,0.4086,0.0111,1.871,7.5138,0.0625,20.0373,2.0,0.07,6.16,23.0,1.0,83.0,38.4511,0.15,0.01,2.58,11.0,0.0,26.0,40.0,58.5,55,u,0,0,0,2,1,Everton,H,3,1.0899,1.2549,0.0,0.0,0.0,0.0,0.0,0.0,0.0,0.0,0.0,0.0,0.0,0.0,0.0,0.0,0.0,False
561245,Rodríguez,Bournemouth,FWD,9,0,1,0,,,,,,,,,,,,,,1.7767,1.5634,2.052,1.442,,,,,,,,,,,,,,,,,,,,,,60,a,1,0,1,2,1,Everton,H,3,1.0899,1.2549,2.1114,0.7594,0.448,0.0,-0.0911,-0.0228,0.1168,0.2469,0.7682,0.0,0.0,0.0,0.5625,0.7594,0.448,False
483067,Silva,Bournemouth,DEF,180,2,0,0,,,,,,,,,,,,,,1.7767,1.5634,2.052,1.442,,,,,,,,,,,,,,,,,,,,,,50,a,0,2,2,2,1,Everton,H,3,1.0899,1.2549,2.1369,0.862,0.4676,0.0,-0.1034,-0.0259,0.1226,0.0514,0.1028,0.8544,-0.1226,0.0024,0.85,0.862,0.4676,False
494928,Sanchez,Bournemouth,DEF,0,0,0,0,,,,,,,,,,,,,,1.7767,1.5634,2.052,1.442,,,,,,,,,,,,,,,,,,,,,,45,a,0,0,0,2,1,Everton,H,3,1.0899,1.2549,0.0,0.0,0.0,0.0,0.0,0.0,0.0,0.0,0.0,0.0,0.0,0.0,0.0,0.0,0.0,False
523700,Jebbison,Bournemouth,FWD,15,0,1,0,,,,,,,,,,,,,,1.7767,1.5634,2.052,1.442,,,,,,,,,,,,,,,,,,,,,,50,a,1,0,1,2,1,Everton,H,3,1.0899,1.2549,2.0984,0.7594,0.448,0.0,-0.0911,-0.0228,0.1156,0.244,0.7592,0.0,0.0,0.0,0.5625,0.7594,0.448,False
230650,Di Gregorio,Bournemouth,GK,0,0,0,0,,,,,,,,,,,,,,1.7767,1.5634,2.052,1.442,,,,,,,,,,,,,,,,,,,,,,45,a,0,0,0,2,1,Everton,H,3,1.0899,1.2549,0.0,0.0,0.0,0.0,0.0,0.0,0.0,0.0,0.0,0.0,0.0,0.0,0.0,0.0,0.0,False
200720,Kelleher,Brentford,GK,180,2,0,0,598.3,3330.0,0.0,0.0085,1.6048,0.0,0.4747,540.0,0.0,0.0,1.7833,0.0,0.5,1.5776,1.5818,1.4417,1.7833,0.0,0.0568,10.6685,0.0,3.1555,115.6712,0.0,0.22,53.48,0.0,11.0,570.0,17.4,0.0,0.0,10.7,0.0,3.0,114.0,540.0,19.0,50,a,0,2,2,2,1,Leeds,A,3,1.0188,1.8216,3.0571,0.96,0.9453,1.0531,-0.1152,-0.0288,0.359,0.0174,0.0,0.7705,-0.6422,0.0,0.95,0.96,0.9453,False
507433,Valdimarsson,Brentford,GK,0,0,0,0,22.5,90.0,0.0,0.0,0.97,0.0,0.0,0.0,0.0,0.0,0.0,0.0,0.0,1.5776,1.5818,1.4417,1.7833,0.0,0.0,0.2425,0.0,0.0,0.25,0.0,0.0,0.97,0.0,0.0,1.0,1.0,0.0,0.0,0.0,0.0,0.0,0.0,0.0,0.0,45,a,0,0,0,2,1,Leeds,A,3,1.0188,1.8216,0.0,0.0,0.0,0.0,0.0,0.0,0.0,0.0,0.0,0.0,0.0,0.0,0.0,0.0,0.0,False
432830,Collins,Brentford,DEF,180,2,0,0,535.6,2971.0,0.0674,0.0645,1.6192,9.0724,0.1154,540.0,0.0633,0.065,1.7833,8.8333,0.0,1.5776,1.5818,1.4417,1.7833,0.4012,0.3838,9.6361,53.991,0.687,82.4154,2.24,1.71,47.52,319.0,7.0,450.0,13.8487,0.38,0.39,10.7,53.0,0.0,76.0,540.0,12.6667,55,a,0,2,2,2,1,Leeds,A,3,1.0188,1.8216,2.3471,0.908,0.8841,0.0,-0.109,-0.0272,0.1159,0.1751,0.3598,0.7206,-0.6083,0.5002,0.9,0.908,0.8841,False
444765,Van den Berg,Brentford,DEF,0,0,0,0,468.4,2761.0,0.1098,0.095,1.4357,8.9223,0.1083,368.0,0.1198,0.1345,1.4747,8.8043,0.0,1.5776,1.5818,1.4417,1.7833,0.5717,0.4946,7.4722,46.4355,0.5638,90.5117,3.36,1.45,41.59,272.0,3.0,435.0,17.3912,0.49,0.5499999999999999,6.03,36.0,0.0,90.0,368.0,22.0109,49,i,0,0,0,2,1,Leeds,A,3,1.0188,1.8216,0.0,0.0,0.0,0.0,0.0,0.0,0.0,0.0,0.0,0.0,0.0,0.0,0.0,0.0,0.0,False
249231,Lewis-Potter,Brentford,MID,177,2,0,0,461.0,1960.0,0.1322,0.1337,1.574,3.4573,0.2355,538.0,0.1322,0.1138,1.6227,3.3457,0.3346,1.5776,1.5818,1.4417,1.7833,0.6774,0.685,8.0625,17.7093,1.2062,82.1037,3.01,2.51,33.74,74.0,5.0,356.0,16.0289,0.79,0.68,9.7,20.0,2.0,88.0,538.0,14.7212,55,a,0,2,2,2,1,Leeds,A,3,1.0188,1.8216,3.0041,0.945,0.8713,0.0,-0.1134,-0.0284,0.1162,0.3823,0.6455,0.1775,0.0,0.0059,0.9,0.945,0.8713,False
191866,Ajer,Brentford,DEF,180,2,0,0,307.1,1805.0,0.015,0.0188,1.814,9.928,0.0336,181.0,0.0,0.005,2.332,11.9337,0.0,1.5776,1.5818,1.4417,1.7833,0.0512,0.0641,6.1897,33.8766,0.1146,31.8677,0.69,0.73,31.51,192.0,1.0,211.0,9.3393,0.0,0.01,4.69,24.0,0.0,15.0,181.0,7.4586,45,a,0,2,2,2,1,Leeds,A,3,1.0188,1.8216,1.965,0.908,0.8812,0.0,-0.109,-0.0272,0.0827,0.0693,0.122,0.7182,-0.6083,0.6039,0.9,0.908,0.8812,False
607464,Kayode,Brentford,DEF,162,2,0,0,594.5,3258.0,0.0609,0.0566,1.6065,5.3632,0.2031,540.0,0.0933,0.0367,1.7833,3.8333,0.3333,1.5776,1.5818,1.4417,1.7833,0.4024,0.3739,10.6119,35.4272,1.3419,82.6843,1.28,2.89,52.65,219.0,9.0,494.0,12.5174,0.56,0.22,10.7,23.0,2.0,54.0,540.0,9.0,46,a,0,2,2,2,1,Leeds,A,3,1.0188,1.8216,2.2718,0.908,0.8841,0.0,-0.109,-0.0272,0.0649,0.1475,0.3631,0.7206,-0.6083,0.077,0.9,0.908,0.8841,False
194010,Henry,Brentford,DEF,2,0,1,0,181.9,1322.0,0.0049,0.0384,1.4171,4.5343,0.0,0.0,0.0,0.0,0.0,0.0,0.0,1.5776,1.5818,1.4417,1.7833,0.01,0.0776,2.8641,9.1643,0.0,20.7842,0.18,0.54,23.91,68.0,0.0,144.0,10.2836,0.0,0.0,0.0,0.0,0.0,0.0,0.0,0.0,45,a,1,0,1,2,1,Leeds,A,3,1.0188,1.8216,1.2875,0.5975,0.5023,0.0,-0.0717,-0.0179,0.02,0.0606,0.0503,0.5192,-0.3008,0.014,0.5625,0.5975,0.5023,False
472713,Hickey,Brentford,DEF,16,0,1,0,99.4,679.0,0.0447,0.0083,1.8354,7.9412,0.0,91.0,0.0396,0.0,2.5319,8.9011,0.0,1.5776,1.5818,1.4417,1.7833,0.0494,0.0092,2.0271,8.7706,0.0,13.942,0.44,0.17,9.03,51.0,0.0,105.0,12.6235,0.04,0.0,2.56,9.0,0.0,11.0,91.0,10.8791,45,a,1,0,1,2,1,Leeds,A,3,1.0188,1.8216,1.3573,0.5975,0.5023,0.0,-0.0717,-0.0179,0.0261,0.0382,0.1365,0.5192,-0.3008,0.0942,0.5625,0.5975,0.5023,False
570241,Ji-soo,Brentford,DEF,0,0,0,0,0.0,0.0,0.0,0.0,0.0,0.0,0.0,0.0,0.0,0.0,0.0,0.0,0.0,1.5776,1.5818,1.4417,1.7833,0.0,0.0,0.0,0.0,0.0,0.0,0.0,0.0,0.0,0.0,0.0,0.0,0.0,0.0,0.0,0.0,0.0,0.0,0.0,0.0,0.0,45,a,0,0,0,2,1,Leeds,A,3,1.0188,1.8216,0.0,0.0,0.0,0.0,0.0,0.0,0.0,0.0,0.0,0.0,0.0,0.0,0.0,0.0,0.0,False
513086,Schuster,Brentford,DEF,0,0,0,0,,,,,,,,,,,,,,1.5776,1.5818,1.4417,1.7833,,,,,,,,,,,,,,,,,,,,,,45,a,0,0,0,2,1,Leeds,A,3,1.0188,1.8216,0.0,0.0,0.0,0.0,0.0,0.0,0.0,0.0,0.0,0.0,0.0,0.0,0.0,0.0,0.0,False
513418,Schade,Brentford,MID,177,2,0,0,483.2,2744.0,0.3984,0.0484,1.537,5.3551,0.0784,448.0,0.2571,0.0362,1.81,4.8214,0.0,1.5776,1.5818,1.4417,1.7833,2.1391,0.2599,8.2518,28.7512,0.4208,57.9076,12.08,2.05,40.05,190.0,5.0,385.0,10.7858,1.28,0.18,9.01,24.0,0.0,43.0,448.0,8.6384,60,a,0,2,2,2,1,Leeds,A,3,1.0188,1.8216,3.7668,0.945,0.8713,0.0,-0.1134,-0.0284,0.1393,0.1834,1.5841,0.1775,0.0,0.0472,0.9,0.945,0.8713,False
533463,O.Dango,Brentford,MID,95,1,0,0,465.3,2271.0,0.345,0.1962,1.5986,6.504,0.6828,471.0,0.4701,0.0994,1.7197,4.7771,0.5732,1.5776,1.5818,1.4417,1.7833,1.7838,1.0142,8.2647,33.6258,3.5301,92.1143,7.94,4.12,34.75,185.0,16.0,429.0,17.8171,2.46,0.52,9.0,25.0,3.0,82.0,471.0,15.6688,65,a,0,1,1,2,1,Leeds,A,3,1.0188,1.8216,4.046,0.945,0.8713,0.0,-0.1134,-0.0284,0.1641,0.4917,1.5302,0.1775,0.0,0.0921,0.9,0.945,0.8713,False
440089,Damsgaard,Brentford,MID,82,1,0,0,380.3,2046.0,0.1404,0.2536,1.4985,11.5797,0.5339,435.0,0.1552,0.269,1.5434,11.7931,0.6207,1.5776,1.5818,1.4417,1.7833,0.5932,1.0718,6.3318,48.9307,2.256,91.6499,2.6100000000000003,5.43,31.55,241.0,9.0,467.0,21.6894,0.75,1.3,7.46,57.0,3.0,99.0,435.0,20.4828,55,a,0,1,1,2,1,Leeds,A,3,1.0188,1.8216,3.665,0.945,0.8713,0.0,-0.1134,-0.0284,0.4585,0.6618,0.6846,0.1775,0.0,0.6764,0.9,0.945,0.8713,False
207283,Jensen,Brentford,MID,66,1,0,0,534.2,2239.0,0.0618,0.2552,1.5349,9.3286,0.0708,504.0,0.025,0.3268,1.7071,9.8214,0.1786,1.5776,1.5818,1.4417,1.7833,0.367,1.5147,9.1104,55.3706,0.4204,104.163,2.21,6.0600000000000005,35.72,220.0,1.0,465.0,17.549,0.14,1.83,9.56,55.0,1.0,107.0,504.0,19.1071,55,d,0,1,1,2,1,Leeds,A,3,1.0188,1.8216,3.1165,0.945,0.8713,0.0,-0.1134,-0.0284,0.2094,0.6934,0.3536,0.1775,0.0,0.4031,0.9,0.945,0.8713,False
204580,Janelt,Brentford,MID,180,2,0,0,264.1,1434.0,0.0355,0.1496,2.1338,10.4436,0.3054,181.0,0.0,0.1939,3.1823,9.4475,0.0,1.5776,1.5818,1.4417,1.7833,0.1042,0.4389,6.2615,30.6461,0.8961,57.3426,0.8200000000000001,2.27,26.62,183.0,6.0,334.0,19.5412,0.0,0.39,6.4,19.0,0.0,34.0,181.0,16.9061,50,a,0,2,2,2,1,Leeds,A,3,1.0188,1.8216,2.7076,0.9175,0.818,0.0,-0.1101,-0.0275,0.2424,0.4065,0.2861,0.1667,0.0,0.4007,0.85,0.9175,0.818,False
543295,Milambo,Brentford,MID,0,0,0,0,1.1,45.0,0.0,0.0164,2.9373,7.8873,0.0,0.0,0.0,0.0,0.0,0.0,0.0,1.5776,1.5818,1.4417,1.7833,0.0,0.0002,0.0359,0.0964,0.0,0.1205,0.0,0.01,1.49,4.0,0.0,5.0,9.8591,0.0,0.0,0.0,0.0,0.0,0.0,0.0,0.0,50,i,0,0,0,2,1,Leeds,A,3,1.0188,1.8216,0.008,0.0,0.0,0.0,0.0,0.0,0.0,0.0,0.0,0.0,0.0,0.0,0.0,0.0,0.0,False
244858,Carvalho,Brentford,MID,0,0,0,0,2.6,100.0,0.7512,0.0242,1.7792,7.02,1.08,0.0,0.0,0.0,0.0,0.0,0.0,1.5776,1.5818,1.4417,1.7833,0.0217,0.0007,0.0514,0.2028,0.0312,1.3549,0.7000000000000001,0.03,2.08,8.0,1.0,42.0,46.9004,0.0,0.0,0.0,0.0,0.0,0.0,0.0,0.0,50,a,0,0,0,2,1,Leeds,A,3,1.0188,1.8216,0.008,0.0,0.0,0.0,0.0,0.0,0.0,0.0,0.0,0.0,0.0,0.0,0.0,0.0,0.0,False
508395,Yarmoliuk,Brentford,MID,44,0,1,0,459.3,2652.0,0.028,0.0394,1.4091,12.0352,0.1069,436.0,0.0062,0.0268,1.4986,12.5917,0.2064,1.5776,1.5818,1.4417,1.7833,0.1428,0.2009,7.1911,61.4197,0.5453,81.6776,1.22,1.39,40.31,338.0,1.0,448.0,16.0048,0.03,0.13,7.26,61.0,1.0,84.0,436.0,17.3394,50,a,1,0,1,2,1,Leeds,A,3,1.0188,1.8216,1.7227,0.8212,0.544,0.0,-0.0985,-0.0246,0.0851,0.1047,0.1423,0.1406,0.0,0.2911,0.675,0.8212,0.544,False
183656,Dasilva,Brentford,MID,0,0,0,0,1.0,2.0,3.924,0.0,2.295,49.077,0.0,2.0,3.6,0.0,2.25,45.0,0.0,1.5776,1.5818,1.4417,1.7833,0.0436,0.0,0.0255,0.5453,0.0,2.5528,0.08,0.0,0.05,1.0,0.0,5.0,229.752,0.08,0.0,0.05,1.0,0.0,5.0,2.0,225.0,50,a,0,0,0,2,1,Leeds,A,3,1.0188,1.8216,0.5543,0.4504,0.0026,0.0,-0.054,-0.0135,0.0299,0.0458,0.0843,0.0009,0.0,0.0,0.0007,0.4504,0.0026,False
444180,Anthony,Brentford,MID,83,1,0,0,543.9,2717.0,0.1545,0.0877,1.8776,6.9512,0.0604,519.0,0.1387,0.0468,1.6491,5.3757,0.0,1.5776,1.5818,1.4417,1.7833,0.9336,0.5303,11.3467,42.0087,0.365,97.0669,5.11,2.85,59.0,232.0,6.0,513.0,16.0618,0.8,0.27,9.51,31.0,0.0,89.0,519.0,15.4335,60,a,0,1,1,2,1,Leeds,A,3,1.0188,1.8216,2.9694,0.945,0.8713,0.0,-0.1134,-0.0284,0.1298,0.2629,0.7166,0.1775,0.0,0.1294,0.9,0.945,0.8713,False
502500,Thiago,Brentford,FWD,172,2,0,0,612.7,3282.0,0.4953,0.0499,1.5915,6.2358,0.3965,540.0,0.275,0.0183,1.7833,5.8333,0.0,1.5776,1.5818,1.4417,1.7833,3.3718,0.3394,10.8348,42.4518,2.6995,106.1382,20.6,1.83,53.17,214.0,22.0,710.0,15.5907,1.65,0.11,10.7,35.0,0.0,42.0,540.0,7.0,80,a,0,2,2,2,1,Leeds,A,3,1.0188,1.8216,3.6686,0.945,0.8713,0.0,-0.1134,-0.0284,0.2794,0.171,1.6577,0.0,0.0,0.0591,0.9,0.945,0.8713,False
593174,Furo,Brentford,FWD,0,0,0,0,0.5,1.0,0.0,0.0,1.656,0.0,0.0,1.0,0.0,0.0,1.8,0.0,0.0,1.5776,1.5818,1.4417,1.7833,0.0,0.0,0.0092,0.0,0.0,0.917,0.0,0.0,0.02,0.0,0.0,2.0,165.06,0.0,0.0,0.02,0.0,0.0,2.0,1.0,180.0,45,a,0,0,0,2,1,Leeds,A,3,1.0188,1.8216,0.4923,0.4502,0.0024,0.0,-0.054,-0.0135,0.0328,0.0458,0.1426,0.0,0.0,0.0,0.0004,0.4502,0.0024,False
75115,Wilson,Brentford,FWD,9,0,1,0,213.5,1234.0,0.5962,0.0685,1.4583,2.8162,0.19,189.0,0.5333,0.081,1.2714,1.9048,0.0,1.5776,1.5818,1.4417,1.7833,1.4143,0.1624,3.4594,6.6807,0.4508,52.201,7.6,0.54,21.49,41.0,7.0,296.0,22.0051,1.12,0.1699999999999999,2.67,4.0,0.0,68.0,189.0,32.381,55,a,1,0,1,2,1,Leeds,A,3,1.0188,1.8216,2.2919,0.7594,0.4537,0.0,-0.0911,-0.0228,0.0811,0.148,1.0776,0.0,0.0,0.0,0.5625,0.7594,0.4537,False
513545,M.Sangaré,Brentford,MID,165,2,0,0,,,,,,,,,,,,,,1.5776,1.5818,1.4417,1.7833,,,,,,,,,,,,,,,,,,,,,,57,a,0,2,2,2,1,Leeds,A,3,1.0188,1.8216,1.9411,0.9175,0.4678,0.0,-0.1101,-0.0275,0.1262,0.1517,0.2528,0.1547,0.0,0.0,0.85,0.9175,0.4678,False
613804,Diouf,Brentford,DEF,0,0,0,0,527.0,2706.0,0.015,0.099,1.4167,6.2698,0.077,523.0,0.0138,0.1101,1.5161,5.8509,0.0,1.5776,1.5818,1.4417,1.7833,0.0879,0.5796,8.2954,36.7132,0.4507,93.1164,0.5700000000000001,2.51,43.65,205.0,3.0,381.0,15.9022,0.08,0.64,8.809999999999999,34.0,0.0,93.0,523.0,16.0038,45,a,0,0,0,2,1,Leeds,A,3,1.0188,1.8216,0.4456,0.2488,0.1641,0.0,-0.0299,-0.0075,0.0056,0.0471,0.0216,0.1696,-0.1019,0.0117,0.1835,0.2488,0.1641,False
489639,Verbruggen,Brighton,GK,180,2,0,0,617.7,3420.0,0.0,0.0017,1.1977,0.0,0.1634,540.0,0.0,0.0017,1.1933,0.0,0.0,1.6376,1.247,1.988,1.358,0.0,0.0118,8.2202,0.0,1.1213,109.6435,0.0,0.06,49.06,0.0,6.0,616.0,15.9753,0.0,0.01,7.16,0.0,0.0,76.0,540.0,12.6667,45,a,0,2,2,2,1,Chelsea,A,4,0.9593,1.4452,3.5652,0.96,0.9453,1.0624,-0.1152,-0.0288,0.4354,0.0041,0.0,1.0358,-0.4719,0.0,0.95,0.96,0.9453,False
49262,Steele,Brighton,GK,0,0,0,0,0.0,0.0,0.0,0.0,0.0,0.0,0.0,0.0,0.0,0.0,0.0,0.0,0.0,1.6376,1.247,1.988,1.358,0.0,0.0,0.0,0.0,0.0,0.0,0.0,0.0,0.0,0.0,0.0,0.0,0.0,0.0,0.0,0.0,0.0,0.0,0.0,0.0,0.0,40,a,0,0,0,2,1,Chelsea,A,4,0.9593,1.4452,0.0,0.0,0.0,0.0,0.0,0.0,0.0,0.0,0.0,0.0,0.0,0.0,0.0,0.0,0.0,False
231416,F.Kadıoğlu,Brighton,DEF,90,1,0,0,608.0,3130.0,0.059,0.1065,1.1928,4.5993,0.2368,540.0,0.0767,0.1467,1.1933,3.6667,0.5,1.6376,1.247,1.988,1.358,0.3989,0.7193,8.0577,31.0707,1.5998,101.4058,2.06,3.31,44.61,170.0,7.0,514.0,15.0107,0.46,0.88,7.16,22.0,3.0,82.0,540.0,13.6667,44,a,0,1,1,2,1,Chelsea,A,4,0.9593,1.4452,2.818,0.908,0.8808,0.0,-0.109,-0.0272,0.123,0.2757,0.3205,0.9651,-0.447,0.0467,0.9,0.908,0.8808,False
204120,Boscagli,Brighton,DEF,180,2,0,0,216.8,799.0,0.0031,0.0478,1.2862,8.6247,0.3736,270.0,0.0,0.0467,1.54,6.6667,0.0,1.6376,1.247,1.988,1.358,0.0074,0.1152,3.0982,20.7759,0.8999,44.4624,0.05,0.47,10.87,78.0,4.0,171.0,18.4576,0.0,0.14,4.62,20.0,0.0,47.0,270.0,15.6667,45,a,0,2,2,2,1,Chelsea,A,4,0.9593,1.4452,2.4328,0.862,0.8319,0.0,-0.1034,-0.0259,0.219,0.1219,0.11,0.9115,-0.4223,0.3794,0.85,0.862,0.8319,False
465730,De Cuyper,Brighton,DEF,167,2,0,0,234.6,1404.0,0.0681,0.441,1.3695,4.2508,0.7303,259.0,0.0382,0.6707,1.1293,4.5174,1.0425,1.6376,1.247,1.988,1.358,0.1774,1.1495,3.5699,11.0804,1.9037,64.073,1.66,4.08,24.09,64.0,9.0,318.0,24.5804,0.11,1.93,3.25,13.0,3.0,90.0,259.0,31.2741,47,a,0,2,2,2,1,Chelsea,A,4,0.9593,1.4452,3.4689,0.862,0.8319,0.0,-0.1034,-0.0259,0.3052,0.8799,0.3021,0.9115,-0.4223,0.0629,0.85,0.862,0.8319,False
83299,Dunk,Brighton,DEF,180,2,0,0,440.1,2837.0,0.0881,0.0203,1.24,6.8271,0.3869,272.0,0.1754,0.0165,1.1879,4.6324,0.6618,1.6376,1.247,1.988,1.358,0.4308,0.0991,6.0638,33.3844,1.8919,77.6263,1.83,0.56,41.9,231.0,5.0,443.0,15.8745,0.53,0.05,3.59,14.0,2.0,54.0,272.0,17.8676,45,a,0,2,2,2,1,Chelsea,A,4,0.9593,1.4452,2.8089,0.908,0.8808,0.0,-0.109,-0.0272,0.1596,0.0659,0.4846,0.9651,-0.447,0.199,0.9,0.908,0.8808,False
550090,Coppola,Brighton,DEF,0,0,0,0,18.3,193.0,0.0,0.0049,2.2062,7.4852,0.0,0.0,0.0,0.0,0.0,0.0,0.0,1.6376,1.247,1.988,1.358,0.0,0.001,0.4486,1.522,0.0,2.7246,0.0,0.01,4.52,18.0,0.0,32.0,13.3997,0.0,0.0,0.0,0.0,0.0,0.0,0.0,0.0,45,a,0,0,0,2,1,Chelsea,A,4,0.9593,1.4452,0.0,0.0,0.0,0.0,0.0,0.0,0.0,0.0,0.0,0.0,0.0,0.0,0.0,0.0,0.0,False
223434,Igor,Brighton,DEF,0,0,0,0,6.3,103.0,0.0,0.0,4.11,11.5329,0.0,0.0,0.0,0.0,0.0,0.0,0.0,1.6376,1.247,1.988,1.358,0.0,0.0,0.2877,0.8073,0.0,0.5243,0.0,0.0,4.66,13.0,0.0,10.0,7.49,0.0,0.0,0.0,0.0,0.0,0.0,0.0,0.0,45,u,0,0,0,2,1,Chelsea,A,4,0.9593,1.4452,0.0,0.0,0.0,0.0,0.0,0.0,0.0,0.0,0.0,0.0,0.0,0.0,0.0,0.0,0.0,False
451490,Costinha,Brighton,DEF,36,0,1,0,,,,,,,,,,,,,,1.6376,1.247,1.988,1.358,,,,,,,,,,,,,,,,,,,,,,45,a,1,0,1,2,1,Chelsea,A,4,0.9593,1.4452,1.5985,0.5975,0.4896,0.0,-0.0717,-0.0179,0.0459,0.064,0.1279,0.6535,-0.2183,0.0693,0.5625,0.5975,0.4896,False
454490,Svoboda,Brighton,DEF,0,0,0,0,,,,,,,,,,,,,,1.6376,1.247,1.988,1.358,,,,,,,,,,,,,,,,,,,,,,50,a,0,0,0,2,1,Chelsea,A,4,0.9593,1.4452,0.0,0.0,0.0,0.0,0.0,0.0,0.0,0.0,0.0,0.0,0.0,0.0,0.0,0.0,0.0,False
451340,Mitoma,Brighton,MID,0,0,0,0,306.9,1714.0,0.2489,0.1549,1.2496,6.4251,0.0799,282.0,0.2457,0.0862,1.5287,7.0213,0.0,1.6376,1.247,1.988,1.358,0.8486,0.5283,4.261,21.9097,0.2726,47.5014,4.04,2.74,23.76,107.0,2.0,247.0,13.93,0.77,0.27,4.79,22.0,0.0,55.0,282.0,17.5532,60,i,0,0,0,2,1,Chelsea,A,4,0.9593,1.4452,0.008,0.0,0.0,0.0,0.0,0.0,0.0,0.0,0.0,0.0,0.0,0.0,0.0,0.0,0.0,False
592031,Minteh,Brighton,MID,0,0,0,0,415.3,2389.0,0.1149,0.2217,1.16,6.7907,0.2994,481.0,0.1048,0.1796,1.0834,6.1746,0.1871,1.6376,1.247,1.988,1.358,0.5303,1.0232,5.3527,31.3352,1.3815,79.9029,3.81,5.0600000000000005,34.09,185.0,9.0,466.0,17.3158,0.56,0.96,5.79,33.0,1.0,83.0,481.0,15.5301,59,i,0,0,0,2,1,Chelsea,A,4,0.9593,1.4452,0.008,0.0,0.0,0.0,0.0,0.0,0.0,0.0,0.0,0.0,0.0,0.0,0.0,0.0,0.0,False
532529,Hinshelwood,Brighton,MID,63,1,0,0,454.5,1736.0,0.3269,0.1499,1.1827,4.6127,0.0394,492.0,0.4152,0.0841,1.0537,2.9268,0.0,1.6376,1.247,1.988,1.358,1.6509,0.7568,5.9724,23.2942,0.1988,80.6349,4.94,2.34,27.83,114.0,2.0,317.0,15.9673,2.27,0.46,5.76,16.0,0.0,99.0,492.0,18.1098,60,d,0,1,1,2,1,Chelsea,A,4,0.9593,1.4452,3.4274,0.8969,0.7813,0.0,-0.1076,-0.0269,0.1157,0.3444,1.2017,0.214,0.0,0.0161,0.8125,0.8969,0.7813,False
60307,Groß,Brighton,MID,180,2,0,0,508.0,1636.0,0.0795,0.2205,1.114,7.6172,0.5584,540.0,0.1017,0.2267,1.1933,6.5,1.0,1.6376,1.247,1.988,1.358,0.4488,1.2444,6.2879,42.9949,3.152,122.2795,1.39,3.95,20.36,145.0,10.0,389.0,21.6637,0.61,1.36,7.16,39.0,6.0,139.0,540.0,23.1667,55,a,0,2,2,2,1,Chelsea,A,4,0.9593,1.4452,3.046,0.9175,0.8173,0.0,-0.1101,-0.0275,0.2724,0.5166,0.4279,0.2239,0.0,0.1569,0.85,0.9175,0.8173,False
463067,Georginio,Brighton,FWD,90,1,0,0,225.0,1776.0,0.2172,0.2042,1.0208,7.5755,0.0501,162.0,0.3444,0.3889,1.0333,6.1111,0.0,1.6376,1.247,1.988,1.358,0.5429,0.5105,2.552,18.9387,0.1252,44.4611,2.9,2.9,21.59,131.0,2.0,290.0,17.7844,0.62,0.7,1.86,11.0,0.0,55.0,162.0,30.5556,55,d,0,1,1,2,1,Chelsea,A,4,0.9593,1.4452,2.9343,0.8969,0.7813,0.0,-0.1076,-0.0269,0.1657,0.5,0.839,0.0,0.0,0.0936,0.8125,0.8969,0.7813,False
219249,O'Riley,Brighton,MID,0,0,0,0,12.5,202.0,0.2167,0.0439,1.1887,4.4316,0.347,16.0,0.0,0.0,0.675,5.625,0.0,1.6376,1.247,1.988,1.358,0.0301,0.0061,0.1651,0.6155,0.0482,4.5727,1.21,0.18,2.53,10.0,2.0,48.0,32.9234,0.0,0.0,0.12,1.0,0.0,6.0,16.0,33.75,55,a,0,0,0,2,1,Chelsea,A,4,0.9593,1.4452,0.5529,0.4531,0.0053,0.0,-0.0544,-0.0136,0.0346,0.0352,0.0825,0.0022,0.0,0.0,0.0056,0.4531,0.0053,False
514254,Gomez,Brighton,MID,175,2,0,0,336.0,2117.0,0.3028,0.0727,1.1965,11.1145,0.3553,102.0,0.8206,0.0176,1.4824,11.4706,0.0,1.6376,1.247,1.988,1.358,1.1305,0.2714,4.467,41.494,1.3264,51.2387,6.24,1.72,29.35,238.0,9.0,361.0,13.7247,0.93,0.02,1.68,13.0,0.0,2.0,102.0,1.7647,50,a,0,2,2,2,1,Chelsea,A,4,0.9593,1.4452,2.4634,0.945,0.4952,0.0,-0.1134,-0.0284,0.0812,0.1278,0.7453,0.2026,0.0,0.0835,0.9,0.945,0.4952,False
536916,Buonanotte,Brighton,MID,0,0,0,0,12.7,81.0,0.1304,0.7902,4.5021,7.1759,0.0,12.0,0.15,1.35,4.875,7.5,0.0,1.6376,1.247,1.988,1.358,0.0184,0.1115,0.6353,1.0126,0.0,2.6802,0.06,0.2799999999999999,2.51,6.0,0.0,9.0,18.9935,0.02,0.18,0.65,1.0,0.0,4.0,12.0,30.0,50,u,0,0,0,2,1,Chelsea,A,4,0.9593,1.4452,0.008,0.0,0.0,0.0,0.0,0.0,0.0,0.0,0.0,0.0,0.0,0.0,0.0,0.0,0.0,False
509416,Ayari,Brighton,MID,63,1,0,0,213.3,1921.0,0.1108,0.049,1.1981,10.5731,0.3414,111.0,0.073,0.0081,1.0135,4.8649,0.0,1.6376,1.247,1.988,1.358,0.2627,0.1162,2.8396,25.0583,0.8092,50.228,2.7,1.15,26.85,225.0,7.0,406.0,21.1932,0.09,0.01,1.25,6.0,0.0,17.0,111.0,13.7838,55,d,0,1,1,2,1,Chelsea,A,4,0.9593,1.4452,3.0229,0.945,0.8652,0.0,-0.1134,-0.0284,0.4021,0.1841,0.5232,0.237,0.0,0.4934,0.9,0.945,0.8652,False
467779,Wieffer,Brighton,DEF,156,2,0,0,323.4,1901.0,0.089,0.0575,1.1003,10.6548,0.3451,242.0,0.0,0.026,1.1901,5.2066,0.0,1.6376,1.247,1.988,1.358,0.3197,0.2067,3.9538,38.2861,1.2401,64.8846,1.92,1.86,23.95,269.0,6.0,398.0,18.0569,0.0,0.07,3.2,14.0,0.0,24.0,242.0,8.9256,50,a,0,2,2,2,1,Chelsea,A,4,0.9593,1.4452,2.9222,0.908,0.8808,0.0,-0.109,-0.0272,0.3028,0.1401,0.3805,0.9651,-0.447,0.623,0.9,0.908,0.8808,False
597320,Howell,Brighton,MID,0,0,0,0,18.9,92.0,0.0,0.0286,0.9871,7.6495,0.0,0.0,0.0,0.0,0.0,0.0,0.0,1.6376,1.247,1.988,1.358,0.0,0.006,0.2073,1.6064,0.0,2.3326,0.0,0.03,1.04,7.0,0.0,11.0,11.1076,0.0,0.0,0.0,0.0,0.0,0.0,0.0,0.0,45,u,0,0,0,2,1,Chelsea,A,4,0.9593,1.4452,0.008,0.0,0.0,0.0,0.0,0.0,0.0,0.0,0.0,0.0,0.0,0.0,0.0,0.0,0.0,False
549074,Watson,Brighton,MID,0,0,0,0,4.0,57.0,0.0427,0.0585,3.4178,9.387,0.0,0.0,0.0,0.0,0.0,0.0,0.0,1.6376,1.247,1.988,1.358,0.0019,0.0026,0.1519,0.4172,0.0,1.0243,0.04,0.03,1.7200000000000002,5.0,0.0,15.0,23.0468,0.0,0.0,0.0,0.0,0.0,0.0,0.0,0.0,50,u,0,0,0,2,1,Chelsea,A,4,0.9593,1.4452,0.008,0.0,0.0,0.0,0.0,0.0,0.0,0.0,0.0,0.0,0.0,0.0,0.0,0.0,0.0,False
556637,Oriola,Brighton,MID,0,0,0,0,0.1,1.0,0.0,0.0,0.0,0.0,0.0,0.0,0.0,0.0,0.0,0.0,0.0,1.6376,1.247,1.988,1.358,0.0,0.0,0.0,0.0,0.0,0.1577,0.0,0.0,0.0,0.0,0.0,3.0,141.93,0.0,0.0,0.0,0.0,0.0,0.0,0.0,0.0,45,a,0,0,0,2,1,Chelsea,A,4,0.9593,1.4452,0.008,0.0,0.0,0.0,0.0,0.0,0.0,0.0,0.0,0.0,0.0,0.0,0.0,0.0,0.0,False
700308,Yohanna,Brighton,MID,12,0,1,0,,,,,,,,,,,,,,1.6376,1.247,1.988,1.358,,,,,,,,,,,,,,,,,,,,,,50,a,1,0,1,2,1,Chelsea,A,4,0.9593,1.4452,1.8973,0.7594,0.4306,0.0,-0.0911,-0.0228,0.0934,0.2161,0.3601,0.1437,0.0,0.0014,0.5625,0.7594,0.4306,False
608181,Tzimas,Brighton,FWD,0,0,0,0,6.9,132.0,0.2543,0.073,1.603,10.3852,0.0,0.0,0.0,0.0,0.0,0.0,0.0,1.6376,1.247,1.988,1.358,0.0195,0.0056,0.1229,0.7962,0.0,3.0668,0.44,0.11,2.59,15.0,0.0,55.0,40.0017,0.0,0.0,0.0,0.0,0.0,0.0,0.0,0.0,55,i,0,0,0,2,1,Chelsea,A,4,0.9593,1.4452,0.0,0.0,0.0,0.0,0.0,0.0,0.0,0.0,0.0,0.0,0.0,0.0,0.0,0.0,0.0,False
647850,Kostoulas,Brighton,FWD,105,1,0,0,71.1,351.0,0.5222,0.2401,1.5923,7.9487,0.5646,59.0,0.6407,0.4729,2.1661,4.5763,0.0,1.6376,1.247,1.988,1.358,0.4125,0.1897,1.2579,6.2795,0.446,23.1335,2.12,0.54,6.04,41.0,3.0,140.0,29.2829,0.42,0.31,1.4200000000000002,3.0,0.0,23.0,59.0,35.0847,55,a,0,1,1,2,1,Chelsea,A,4,0.9593,1.4452,2.486,0.8969,0.4473,0.0,-0.1076,-0.0269,0.1965,0.3019,0.8919,0.0,0.0,0.0004,0.8125,0.8969,0.4473,False
487117,Ferguson,Brighton,FWD,0,0,0,0,0.0,0.0,0.0,0.0,0.0,0.0,0.0,0.0,0.0,0.0,0.0,0.0,0.0,1.6376,1.247,1.988,1.358,0.0,0.0,0.0,0.0,0.0,0.0,0.0,0.0,0.0,0.0,0.0,0.0,0.0,0.0,0.0,0.0,0.0,0.0,0.0,0.0,0.0,50,i,0,0,0,2,1,Chelsea,A,4,0.9593,1.4452,0.0,0.0,0.0,0.0,0.0,0.0,0.0,0.0,0.0,0.0,0.0,0.0,0.0,0.0,0.0,False
222694,Struijk,Brighton,DEF,0,0,0,0,515.8,2935.0,0.0777,0.0252,1.3196,8.7813,0.0975,415.0,0.0564,0.0087,1.3164,8.241,0.2169,1.6376,1.247,1.988,1.358,0.4455,0.1442,7.5629,50.3266,0.5587,74.7771,3.06,0.76,42.92,297.0,4.0,412.0,13.0476,0.26,0.04,6.069999999999999,38.0,1.0,53.0,415.0,11.494,50,a,0,0,0,2,1,Chelsea,A,4,0.9593,1.4452,0.4178,0.214,0.127,0.0,-0.0257,-0.0064,0.0049,0.0106,0.0551,0.1695,-0.0593,0.0324,0.1456,0.214,0.127,False
610799,Vuskovic,Brighton,DEF,180,2,0,0,0.0,0.0,0.0,0.0,0.0,0.0,0.0,0.0,0.0,0.0,0.0,0.0,0.0,1.6376,1.247,1.988,1.358,0.0,0.0,0.0,0.0,0.0,0.0,0.0,0.0,0.0,0.0,0.0,0.0,0.0,0.0,0.0,0.0,0.0,0.0,0.0,0.0,0.0,50,a,0,2,2,2,1,Chelsea,A,4,0.9593,1.4452,1.9824,0.862,0.4676,0.0,-0.1034,-0.0259,0.1066,0.0452,0.0905,0.7651,-0.1534,0.0053,0.85,0.862,0.4676,False
538007,David,Brighton,FWD,10,0,1,0,,,,,,,,,,,,,,1.6376,1.247,1.988,1.358,,,,,,,,,,,,,,,,,,,,,,60,a,1,0,1,2,1,Chelsea,A,4,0.9593,1.4452,1.9506,0.7594,0.4306,0.0,-0.0911,-0.0228,0.0968,0.2169,0.6748,0.0,0.0,0.0,0.5625,0.7594,0.4306,False
612855,Osman,Brighton,MID,28,0,1,0,,,,,,,,,,,,,,1.6376,1.247,1.988,1.358,,,,,,,,,,,,,,,,,,,,,,50,a,1,0,1,2,1,Chelsea,A,4,0.9593,1.4452,1.879,0.7594,0.4306,0.0,-0.0911,-0.0228,0.0925,0.2095,0.3492,0.1437,0.0,0.0011,0.5625,0.7594,0.4306,False
611695,Yalcouyé,Brighton,MID,77,1,0,0,0.0,0.0,0.0,0.0,0.0,0.0,0.0,0.0,0.0,0.0,0.0,0.0,0.0,1.6376,1.247,1.988,1.358,0.0,0.0,0.0,0.0,0.0,0.0,0.0,0.0,0.0,0.0,0.0,0.0,0.0,0.0,0.0,0.0,0.0,0.0,0.0,0.0,0.0,45,a,0,1,1,2,1,Chelsea,A,4,0.9593,1.4452,1.96,0.8969,0.4473,0.0,-0.1076,-0.0269,0.1354,0.159,0.265,0.183,0.0,0.0001,0.8125,0.8969,0.4473,False
512123,Hadjam,Brighton,DEF,0,0,0,0,,,,,,,,,,,,,,1.6376,1.247,1.988,1.358,,,,,,,,,,,,,,,,,,,,,,45,a,0,0,0,2,1,Chelsea,A,4,0.9593,1.4452,0.0,0.0,0.0,0.0,0.0,0.0,0.0,0.0,0.0,0.0,0.0,0.0,0.0,0.0,0.0,False
519324,Cozier-Duberry,Brighton,MID,0,0,0,0,,,,,,,,,,,,,,1.6376,1.247,1.988,1.358,,,,,,,,,,,,,,,,,,,,,,50,u,0,0,0,2,1,Chelsea,A,4,0.9593,1.4452,0.008,0.0,0.0,0.0,0.0,0.0,0.0,0.0,0.0,0.0,0.0,0.0,0.0,0.0,0.0,False
592984,Andrés,Brighton,MID,0,0,0,0,,,,,,,,,,,,,,1.6376,1.247,1.988,1.358,,,,,,,,,,,,,,,,,,,,,,55,a,0,0,0,2,1,Chelsea,A,4,0.9593,1.4452,2.1405,0.8075,0.4973,0.0,-0.0969,-0.0242,0.119,0.2489,0.4149,0.1659,0.0,0.0019,0.65,0.8075,0.4973,False
98980,Martinez,Chelsea,GK,90,1,0,0,510.0,2835.0,0.0,0.003,1.414,0.0,0.345,450.0,0.0,0.004,1.424,0.0,0.2,1.6445,1.4875,1.216,1.662,0.0,0.0168,8.0127,0.0,1.9551,91.2107,0.0,0.08,42.92,0.0,11.0,530.0,16.096,0.0,0.02,7.12,0.0,1.0,77.0,450.0,15.4,50,a,0,1,1,2,1,Brighton,H,2,0.9331,1.6206,3.1795,0.96,0.9453,0.9637,-0.1152,-0.0288,0.3592,0.0072,0.0,0.9007,-0.5506,0.0,0.95,0.96,0.9453,False
244850,Rogers,Chelsea,MID,171,2,0,0,556.5,3280.0,0.1993,0.1297,1.4166,6.6322,0.5266,450.0,0.174,0.162,1.424,6.2,0.8,1.6445,1.4875,1.216,1.662,1.2326,0.8021,8.7592,41.0092,3.2561,109.0613,6.84,4.32,51.55,230.0,17.0,605.0,17.6379,0.87,0.81,7.12,31.0,4.0,99.0,450.0,19.8,75,a,0,2,2,2,1,Brighton,H,2,0.9331,1.6206,3.2264,0.945,0.8637,0.0,-0.1134,-0.0284,0.1716,0.3582,0.8159,0.2057,0.0,0.1221,0.9,0.945,0.8637,False
56979,Henderson,Chelsea,MID,0,0,0,0,251.7,1911.0,0.0092,0.09,1.5004,8.5601,0.112,97.0,0.0,0.0557,2.0505,4.6392,0.0,1.6445,1.4875,1.216,1.662,0.0258,0.2518,4.1961,23.9398,0.3133,41.0372,0.33,2.31,28.16,183.0,5.0,343.0,14.6736,0.0,0.06,2.21,5.0,0.0,11.0,97.0,10.2062,50,d,0,0,0,2,1,Brighton,H,2,0.9331,1.6206,0.5154,0.4687,0.0278,0.0,-0.0562,-0.0141,0.0146,0.0355,0.023,0.0082,0.0,0.0035,0.034,0.4687,0.0278,False
50175,Welbeck,Chelsea,FWD,0,0,0,0,425.1,2249.0,0.4315,0.0524,1.2249,4.7713,0.6701,358.0,0.2564,0.0226,1.3098,4.5251,0.2514,1.6445,1.4875,1.216,1.662,2.0383,0.2477,5.7858,22.5366,3.165,94.9101,12.36,1.4,31.68,112.0,18.0,511.0,20.0939,1.02,0.09,5.21,18.0,1.0,72.0,358.0,18.1006,59,a,0,0,0,2,1,Brighton,H,2,0.9331,1.6206,0.7608,0.5191,0.0966,0.0,-0.0623,-0.0156,0.0181,0.0369,0.282,0.0,0.0,0.0005,0.1256,0.5191,0.0966,False
215059,Sánchez,Chelsea,GK,90,1,0,0,523.0,3040.0,0.0,0.0009,1.5608,0.0,0.1227,426.0,0.0,0.0,1.6986,0.0,0.0,1.6445,1.4875,1.216,1.662,0.0,0.005,9.07,0.0,0.7132,73.4512,0.0,0.04,48.64,0.0,7.0,509.0,12.6398,0.0,0.0,8.04,0.0,0.0,40.0,426.0,8.4507,49,u,0,1,1,2,1,Brighton,H,2,0.9331,1.6206,0.0,0.0,0.0,0.0,0.0,0.0,0.0,0.0,0.0,0.0,0.0,0.0,0.0,0.0,0.0,False
508479,Jörgensen,Chelsea,GK,0,0,0,0,94.7,378.0,0.0,0.0,0.6438,0.0,0.0,114.0,0.0,0.0,0.4421,0.0,0.0,1.6445,1.4875,1.216,1.662,0.0,0.0,0.6774,0.0,0.0,13.855,0.0,0.0,4.12,0.0,0.0,50.0,13.1674,0.0,0.0,0.56,0.0,0.0,15.0,114.0,11.8421,50,u,0,0,0,2,1,Brighton,H,2,0.9331,1.6206,0.0,0.0,0.0,0.0,0.0,0.0,0.0,0.0,0.0,0.0,0.0,0.0,0.0,0.0,0.0,False
225796,James,Chelsea,DEF,112,1,0,0,247.2,1957.0,0.0422,0.1494,1.1257,5.515,0.4163,65.0,0.0277,0.0692,0.7062,5.5385,0.0,1.6445,1.4875,1.216,1.662,0.1158,0.4103,3.0918,15.148,1.1434,57.5589,1.04,3.2,28.75,128.0,11.0,493.0,20.9559,0.02,0.05,0.51,4.0,0.0,14.0,65.0,19.3846,55,a,0,1,1,2,1,Brighton,H,2,0.9331,1.6206,2.4507,0.908,0.6292,0.0,-0.109,-0.0272,0.2037,0.2293,0.1581,0.8639,-0.3333,0.0126,0.9,0.908,0.6292,False
180736,Chalobah,Chelsea,DEF,0,0,0,0,395.8,2780.0,0.0381,0.0262,1.4194,8.0311,0.1039,230.0,0.0548,0.0078,1.8313,6.2609,0.0,1.6445,1.4875,1.216,1.662,0.1676,0.1151,6.242,35.3192,0.457,56.5997,1.44,1.03,40.83,265.0,7.0,516.0,12.8701,0.14,0.02,4.68,16.0,0.0,23.0,230.0,9.0,55,u,0,0,0,2,1,Brighton,H,2,0.9331,1.6206,0.0,0.0,0.0,0.0,0.0,0.0,0.0,0.0,0.0,0.0,0.0,0.0,0.0,0.0,0.0,False
482609,Gusto,Chelsea,DEF,165,2,0,0,440.0,2255.0,0.0359,0.1749,1.4599,4.8894,0.106,434.0,0.0207,0.224,1.4122,4.7696,0.0,1.6445,1.4875,1.216,1.662,0.1757,0.8552,7.1371,23.9039,0.5182,56.719,1.56,2.97,37.13,126.0,7.0,406.0,11.6016,0.1,1.08,6.8100000000000005,23.0,0.0,40.0,434.0,8.2949,50,a,0,2,2,2,1,Brighton,H,2,0.9331,1.6206,2.5646,0.908,0.88,0.0,-0.109,-0.0272,0.0758,0.4026,0.1894,0.8385,-0.5216,0.0725,0.9,0.908,0.88,False
444463,Fofana,Chelsea,DEF,67,1,0,0,385.1,1718.0,0.0376,0.0255,1.3898,10.0353,0.0602,356.0,0.0303,0.0051,1.3146,8.0899,0.0,1.6445,1.4875,1.216,1.662,0.1611,0.1093,5.9467,42.9398,0.2578,45.0867,0.72,0.6,25.81,206.0,3.0,288.0,10.537,0.12,0.02,5.2,32.0,0.0,33.0,356.0,8.3427,50,a,0,1,1,2,1,Brighton,H,2,0.9331,1.6206,2.0448,0.8275,0.7945,0.0,-0.0993,-0.0248,0.079,0.0682,0.186,0.7571,-0.4713,0.5053,0.8125,0.8275,0.7945,False
242880,B.Badiashile,Chelsea,DEF,0,0,0,0,52.0,470.0,0.0,0.0109,1.3251,10.2198,0.0,0.0,0.0,0.0,0.0,0.0,0.0,1.6445,1.4875,1.216,1.662,0.0,0.0063,0.7656,5.9048,0.0,5.9029,0.0,0.06,7.41,48.0,0.0,48.0,10.2166,0.0,0.0,0.0,0.0,0.0,0.0,0.0,0.0,45,u,0,0,0,2,1,Brighton,H,2,0.9331,1.6206,0.0,0.0,0.0,0.0,0.0,0.0,0.0,0.0,0.0,0.0,0.0,0.0,0.0,0.0,0.0,False
551210,Hato,Chelsea,DEF,154,2,0,0,341.0,1139.0,0.0132,0.0457,1.4682,7.8344,0.0,411.0,0.0,0.0263,1.3336,7.6642,0.0,1.6445,1.4875,1.216,1.662,0.0501,0.1732,5.5627,29.6835,0.0,30.9696,0.3,0.61,18.5,99.0,0.0,93.0,8.1738,0.0,0.12,6.09,35.0,0.0,44.0,411.0,9.635,45,a,0,2,2,2,1,Brighton,H,2,0.9331,1.6206,2.0885,0.862,0.8311,0.0,-0.1034,-0.0259,0.0716,0.1097,0.1164,0.7919,-0.4928,0.3125,0.85,0.862,0.8311,False
460028,Colwill,Chelsea,DEF,161,2,0,0,119.1,225.0,0.0,0.0521,1.3709,10.3438,0.0,225.0,0.0,0.048,1.344,10.0,0.0,1.6445,1.4875,1.216,1.662,0.0,0.069,1.8142,13.6883,0.0,15.9693,0.0,0.12,3.3600000000000003,25.0,0.0,30.0,12.0675,0.0,0.12,3.3600000000000003,25.0,0.0,30.0,225.0,12.0,50,a,0,2,2,2,1,Brighton,H,2,0.9331,1.6206,2.1827,0.862,0.8311,0.0,-0.1034,-0.0259,0.1003,0.1232,0.1683,0.7919,-0.4928,0.4364,0.85,0.862,0.8311,False
574458,M.Sarr,Chelsea,DEF,0,0,0,0,27.6,100.0,0.2853,0.0,1.5114,6.5217,0.0,9.0,0.0,0.0,2.1,0.0,0.0,1.6445,1.4875,1.216,1.662,0.0875,0.0,0.4635,2.0,0.0,1.9065,0.35,0.0,1.63,8.0,0.0,4.0,6.2168,0.0,0.0,0.21,0.0,0.0,3.0,9.0,30.0,45,u,0,0,0,2,1,Brighton,H,2,0.9331,1.6206,0.0,0.0,0.0,0.0,0.0,0.0,0.0,0.0,0.0,0.0,0.0,0.0,0.0,0.0,0.0,False
577016,Acheampong,Chelsea,DEF,112,1,0,0,95.7,657.0,0.0344,0.0169,2.0471,5.1718,0.1511,88.0,0.0205,0.0,1.6159,3.0682,0.0,1.6445,1.4875,1.216,1.662,0.0366,0.018,2.1767,5.4993,0.1607,14.3343,0.62,0.13,15.66,44.0,5.0,118.0,13.4805,0.02,0.0,1.58,3.0,0.0,16.0,88.0,16.3636,45,a,0,1,1,2,1,Brighton,H,2,0.9331,1.6206,2.0535,0.8275,0.7841,0.0,-0.0993,-0.0248,0.0747,0.0694,0.1827,0.7687,-0.4574,0.1043,0.8125,0.8275,0.7841,False
620109,Palestra,Chelsea,DEF,0,0,0,0,,,,,,,,,,,,,,1.6445,1.4875,1.216,1.662,,,,,,,,,,,,,,,,,,,,,,54,d,0,0,0,2,1,Brighton,H,2,0.9331,1.6206,0.0,0.0,0.0,0.0,0.0,0.0,0.0,0.0,0.0,0.0,0.0,0.0,0.0,0.0,0.0,False
244851,Palmer,Chelsea,MID,172,2,0,0,490.4,1954.0,0.4213,0.1232,1.3684,5.5748,0.5459,448.0,0.3375,0.0783,1.2877,3.817,0.4018,1.6445,1.4875,1.216,1.662,2.2954,0.6711,7.4562,30.3762,2.9747,97.098,10.55,2.49,31.13,135.0,11.0,430.0,17.8198,1.6800000000000002,0.39,6.41,19.0,2.0,59.0,448.0,11.8527,96,a,0,2,2,2,1,Brighton,H,2,0.9331,1.6206,3.8737,0.945,0.8637,0.0,-0.1134,-0.0284,0.1617,0.3209,1.5104,0.2057,0.0,0.0418,0.9,0.945,0.8637,False
247632,Neto,Chelsea,MID,81,1,0,0,415.3,2629.0,0.109,0.2323,1.4612,3.8602,0.2951,332.0,0.0569,0.2711,1.5343,2.9819,0.2711,1.6445,1.4875,1.216,1.662,0.5028,1.072,6.7425,17.8127,1.3617,80.6432,4.59,6.84,37.54,122.0,9.0,543.0,17.4763,0.21,1.0,5.66,11.0,1.0,65.0,332.0,17.6205,65,a,0,1,1,2,1,Brighton,H,2,0.9331,1.6206,3.0868,0.945,0.8637,0.0,-0.1134,-0.0284,0.1502,0.5786,0.4773,0.2057,0.0,0.0081,0.9,0.945,0.8637,False
624773,Estêvão,Chelsea,MID,7,0,1,0,98.5,839.0,0.2134,0.103,1.385,5.2307,0.3703,15.0,0.54,0.0,0.18,0.0,0.0,1.6445,1.4875,1.216,1.662,0.2335,0.1127,1.5158,5.7247,0.4053,14.987,2.91,2.14,10.29,56.0,4.0,172.0,13.6937,0.09,0.0,0.03,0.0,0.0,4.0,15.0,24.0,64,a,1,0,1,2,1,Brighton,H,2,0.9331,1.6206,1.8768,0.7594,0.4248,0.0,-0.0911,-0.0228,0.042,0.1721,0.4588,0.1257,0.0,0.0045,0.5625,0.7594,0.4248,False
463936,Gittens,Chelsea,MID,0,0,0,0,30.5,486.0,0.134,0.1729,1.8086,4.899,0.0,0.0,0.0,0.0,0.0,0.0,0.0,1.6445,1.4875,1.216,1.662,0.0454,0.0586,0.6129,1.6602,0.0,7.0719,0.81,0.94,8.89,29.0,0.0,99.0,20.8679,0.0,0.0,0.0,0.0,0.0,0.0,0.0,0.0,59,a,0,0,0,2,1,Brighton,H,2,0.9331,1.6206,2.0766,0.8075,0.4906,0.0,-0.0969,-0.0242,0.1038,0.2604,0.3823,0.1451,0.0,0.0035,0.65,0.8075,0.4906,False
486672,Caicedo,Chelsea,MID,13,0,1,0,550.5,2796.0,0.0354,0.0761,1.41,10.2581,0.0882,534.0,0.0202,0.0556,1.4376,9.6067,0.0,1.6445,1.4875,1.216,1.662,0.2163,0.4655,8.6247,62.7451,0.5395,98.6896,1.45,2.38,42.54,366.0,10.0,580.0,16.1345,0.12,0.33,8.53,57.0,0.0,91.0,534.0,15.3371,54,d,1,0,1,2,1,Brighton,H,2,0.9331,1.6206,1.7383,0.8212,0.5094,0.0,-0.0985,-0.0246,0.0822,0.1429,0.1471,0.1507,0.0,0.1525,0.675,0.8212,0.5094,False
514356,Lavia,Chelsea,MID,131,2,0,0,102.0,374.0,0.0651,0.163,2.0651,8.4334,0.0,131.0,0.0481,0.0687,2.6656,6.1832,0.0,1.6445,1.4875,1.216,1.662,0.0738,0.1847,2.3405,9.5579,0.0,22.5009,0.21,0.55,8.53,37.0,0.0,81.0,19.8537,0.07,0.1,3.88,9.0,0.0,29.0,131.0,19.9237,50,a,0,2,2,2,1,Brighton,H,2,0.9331,1.6206,2.1696,0.9175,0.4678,0.0,-0.1101,-0.0275,0.1468,0.2701,0.3376,0.1594,0.0,0.0074,0.85,0.9175,0.4678,False
491007,D.Essugo,Chelsea,MID,0,0,0,0,9.9,26.0,0.0,0.0355,1.9245,31.2318,0.0,18.0,0.0,0.05,1.45,20.0,0.0,1.6445,1.4875,1.216,1.662,0.0,0.0039,0.2117,3.4355,0.0,2.6989,0.0,0.01,0.55,8.0,0.0,7.0,24.5355,0.0,0.01,0.29,4.0,0.0,7.0,18.0,35.0,45,u,0,0,0,2,1,Brighton,H,2,0.9331,1.6206,0.008,0.0,0.0,0.0,0.0,0.0,0.0,0.0,0.0,0.0,0.0,0.0,0.0,0.0,0.0,False
593117,Quenda,Chelsea,MID,8,0,1,0,,,,,,,,,,,,,,1.6445,1.4875,1.216,1.662,,,,,,,,,,,,,,,,,,,,,,54,a,1,0,1,2,1,Brighton,H,2,0.9331,1.6206,1.8614,0.7594,0.4248,0.0,-0.0911,-0.0228,0.0926,0.2118,0.353,0.1257,0.0,0.0013,0.5625,0.7594,0.4248,False
475168,João Pedro,Chelsea,FWD,180,2,0,0,438.5,2658.0,0.575,0.05,1.3249,4.072,0.8697,270.0,0.4067,0.0233,1.4833,3.6667,0.6667,1.6445,1.4875,1.216,1.662,2.8014,0.2437,6.4552,19.8398,4.2372,109.3789,14.91,1.96,37.25,138.0,30.0,715.0,22.4495,1.22,0.07,4.45,11.0,2.0,39.0,270.0,13.0,77,a,0,2,2,2,1,Brighton,H,2,0.9331,1.6206,3.8608,0.945,0.8637,0.0,-0.1134,-0.0284,0.3441,0.1684,1.7954,0.0,0.0,0.0066,0.9,0.945,0.8637,False
499309,Marc Guiu,Chelsea,FWD,0,0,0,0,20.8,265.0,0.4885,0.0792,1.6754,3.5775,0.0,18.0,0.4,0.0,1.2,5.0,0.0,1.6445,1.4875,1.216,1.662,0.1129,0.0183,0.3872,0.8268,0.0,1.1309,1.54,0.29,5.890000000000001,8.0,0.0,19.0,4.8933,0.08,0.0,0.24,1.0,0.0,0.0,18.0,0.0,50,u,0,0,0,2,1,Brighton,H,2,0.9331,1.6206,0.0,0.0,0.0,0.0,0.0,0.0,0.0,0.0,0.0,0.0,0.0,0.0,0.0,0.0,0.0,False
567119,Mheuka,Chelsea,FWD,0,0,0,0,0.5,1.0,0.0,0.0,4.914,98.154,0.0,1.0,0.0,0.0,4.5,90.0,0.0,1.6445,1.4875,1.216,1.662,0.0,0.0,0.0273,0.5453,0.0,1.6358,0.0,0.0,0.05,1.0,0.0,3.0,294.444,0.0,0.0,0.05,1.0,0.0,3.0,1.0,270.0,45,a,0,0,0,2,1,Brighton,H,2,0.9331,1.6206,0.4806,0.4502,0.0024,0.0,-0.054,-0.0135,0.037,0.042,0.1306,0.0,0.0,0.0,0.0004,0.4502,0.0024,False
503037,Emegha,Chelsea,FWD,0,0,0,0,,,,,,,,,,,,,,1.6445,1.4875,1.216,1.662,,,,,,,,,,,,,,,,,,,,,,50,a,0,0,0,2,1,Brighton,H,2,0.9331,1.6206,0.0,0.0,0.0,0.0,0.0,0.0,0.0,0.0,0.0,0.0,0.0,0.0,0.0,0.0,0.0,False
437499,Lacroix,Chelsea,DEF,180,2,0,0,512.9,3085.0,0.0785,0.021,1.2904,10.9987,0.3886,510.0,0.0547,0.0141,1.3359,10.5882,0.5294,1.6445,1.4875,1.216,1.662,0.4474,0.1194,7.3538,62.6805,2.2146,76.7156,2.45,0.8300000000000001,44.04,370.0,11.0,529.0,13.4615,0.31,0.08,7.57,60.0,3.0,75.0,510.0,13.2353,60,a,0,2,2,2,1,Brighton,H,2,0.9331,1.6206,2.5006,0.908,0.88,0.0,-0.109,-0.0272,0.1781,0.0635,0.3623,0.8385,-0.5216,0.757,0.9,0.908,0.88,False
549939,Penders,Chelsea,GK,0,0,0,0,0.0,0.0,0.0,0.0,0.0,0.0,0.0,0.0,0.0,0.0,0.0,0.0,0.0,1.6445,1.4875,1.216,1.662,0.0,0.0,0.0,0.0,0.0,0.0,0.0,0.0,0.0,0.0,0.0,0.0,0.0,0.0,0.0,0.0,0.0,0.0,0.0,0.0,0.0,45,a,0,0,0,2,1,Brighton,H,2,0.9331,1.6206,0.0,0.0,0.0,0.0,0.0,0.0,0.0,0.0,0.0,0.0,0.0,0.0,0.0,0.0,0.0,False
622758,Anselmino,Chelsea,DEF,0,0,0,0,0.0,0.0,0.0,0.0,0.0,0.0,0.0,0.0,0.0,0.0,0.0,0.0,0.0,1.6445,1.4875,1.216,1.662,0.0,0.0,0.0,0.0,0.0,0.0,0.0,0.0,0.0,0.0,0.0,0.0,0.0,0.0,0.0,0.0,0.0,0.0,0.0,0.0,0.0,45,a,0,0,0,2,1,Brighton,H,2,0.9331,1.6206,0.0,0.0,0.0,0.0,0.0,0.0,0.0,0.0,0.0,0.0,0.0,0.0,0.0,0.0,0.0,False
543158,Barco,Chelsea,MID,8,0,1,0,,,,,,,,,,,,,,1.6445,1.4875,1.216,1.662,,,,,,,,,,,,,,,,,,,,,,55,a,1,0,1,2,1,Brighton,H,2,0.9331,1.6206,1.8614,0.7594,0.4248,0.0,-0.0911,-0.0228,0.0926,0.2118,0.353,0.1257,0.0,0.0013,0.5625,0.7594,0.4248,False
498444,Chavarria,Chelsea,DEF,43,0,1,0,,,,,,,,,,,,,,1.6445,1.4875,1.216,1.662,,,,,,,,,,,,,,,,,,,,,,50,a,1,0,1,2,1,Brighton,H,2,0.9331,1.6206,1.4682,0.5975,0.4864,0.0,-0.0717,-0.0179,0.0425,0.0614,0.1228,0.5755,-0.2563,0.0608,0.5625,0.5975,0.4864,False
231065,Pinnock,Coventry City,DEF,12,0,1,0,39.7,318.0,0.0073,0.0061,0.7184,13.0212,1.4699,0.0,0.0,0.0,0.0,0.0,0.0,,,,,0.0032,0.0027,0.3169,5.7438,0.6484,11.8812,0.01,0.06,3.7,42.0,2.0,53.0,26.9347,0.0,0.0,0.0,0.0,0.0,0.0,0.0,0.0,45,a,1,0,1,2,1,Hull City,H,2,1.3243,1.4,1.7159,0.5975,0.5055,0.0,-0.0717,-0.0179,0.1358,0.0499,0.1012,0.6963,-0.2086,0.1015,0.5625,0.5975,0.5055,True
428580,Onyeka,Coventry City,MID,90,1,0,0,2.7,88.0,0.0,0.3433,2.23,10.81,0.0,0.0,0.0,0.0,0.0,0.0,0.0,,,,,0.0,0.0103,0.0669,0.3243,0.0,1.2479,0.0,0.36,2.02,10.0,0.0,41.0,41.5967,0.0,0.0,0.0,0.0,0.0,0.0,0.0,0.0,50,a,0,1,1,2,1,Hull City,H,2,1.3243,1.4,2.4795,0.8969,0.4473,0.0,-0.1076,-0.0269,0.5452,0.2417,0.2872,0.1878,0.0,0.0004,0.8125,0.8969,0.4473,True
472739,Rushworth,Coventry City,GK,180,2,0,0,0.0,0.0,0.0,0.0,0.0,0.0,0.0,0.0,0.0,0.0,0.0,0.0,0.0,,,,,0.0,0.0,0.0,0.0,0.0,0.0,0.0,0.0,0.0,0.0,0.0,0.0,0.0,0.0,0.0,0.0,0.0,0.0,0.0,0.0,0.0,45,a,0,2,2,2,1,Hull City,H,2,1.3243,1.4,3.8981,0.9406,0.9353,0.696,-0.1129,-0.0282,0.3194,0.0,0.0,1.5707,-0.1608,0.0,0.94,0.9406,0.9353,True
484389,Dovin,Coventry City,GK,0,0,0,0,,,,,,,,,,,,,,,,,,,,,,,,,,,,,,,,,,,,,,,40,u,0,0,0,2,1,Hull City,H,2,1.3243,1.4,0.0,0.0,0.0,0.0,0.0,0.0,0.0,0.0,0.0,0.0,0.0,0.0,0.0,0.0,0.0,True
110690,Wilson,Coventry City,GK,0,0,0,0,,,,,,,,,,,,,,,,,,,,,,,,,,,,,,,,,,,,,,,45,a,0,0,0,2,1,Hull City,H,2,1.3243,1.4,0.0,0.0,0.0,0.0,0.0,0.0,0.0,0.0,0.0,0.0,0.0,0.0,0.0,0.0,0.0,True
461102,Thomas,Coventry City,DEF,167,2,0,0,,,,,,,,,,,,,,,,,,,,,,,,,,,,,,,,,,,,,,,40,a,0,2,2,2,1,Hull City,H,2,1.3243,1.4,2.0589,0.862,0.4722,0.0,-0.1034,-0.0259,0.1261,0.0509,0.1019,0.793,-0.1459,0.0015,0.85,0.862,0.4722,True
436761,Kitching,Coventry City,DEF,0,0,0,0,,,,,,,,,,,,,,,,,,,,,,,,,,,,,,,,,,,,,,,40,u,0,0,0,2,1,Hull City,H,2,1.3243,1.4,0.0,0.0,0.0,0.0,0.0,0.0,0.0,0.0,0.0,0.0,0.0,0.0,0.0,0.0,0.0,True
451284,van Ewijk,Coventry City,DEF,180,2,0,0,,,,,,,,,,,,,,,,,,,,,,,,,,,,,,,,,,,,,,,40,a,0,2,2,2,1,Hull City,H,2,1.3243,1.4,2.0558,0.862,0.4722,0.0,-0.1034,-0.0259,0.1259,0.05,0.0999,0.793,-0.1459,0.0013,0.85,0.862,0.4722,True
173878,Dasilva,Coventry City,DEF,180,2,0,0,,,,,,,,,,,,,,,,,,,,,,,,,,,,,,,,,,,,,,,40,a,0,2,2,2,1,Hull City,H,2,1.3243,1.4,2.0558,0.862,0.4722,0.0,-0.1034,-0.0259,0.1259,0.05,0.0999,0.793,-0.1459,0.0013,0.85,0.862,0.4722,True
465390,Kesler-Hayden,Coventry City,DEF,0,0,0,0,,,,,,,,,,,,,,,,,,,,,,,,,,,,,,,,,,,,,,,40,i,0,0,0,2,1,Hull City,H,2,1.3243,1.4,0.0,0.0,0.0,0.0,0.0,0.0,0.0,0.0,0.0,0.0,0.0,0.0,0.0,0.0,0.0,True
80178,Bidwell,Coventry City,DEF,0,0,0,0,,,,,,,,,,,,,,,,,,,,,,,,,,,,,,,,,,,,,,,40,a,0,0,0,2,1,Hull City,H,2,1.3243,1.4,0.0,0.0,0.0,0.0,0.0,0.0,0.0,0.0,0.0,0.0,0.0,0.0,0.0,0.0,0.0,True
204813,Latibeaudiere,Coventry City,DEF,0,0,0,0,,,,,,,,,,,,,,,,,,,,,,,,,,,,,,,,,,,,,,,40,a,0,0,0,2,1,Hull City,H,2,1.3243,1.4,0.0,0.0,0.0,0.0,0.0,0.0,0.0,0.0,0.0,0.0,0.0,0.0,0.0,0.0,0.0,True
220583,Woolfenden,Coventry City,DEF,0,0,0,0,,,,,,,,,,,,,,,,,,,,,,,,,,,,,,,,,,,,,,,40,i,0,0,0,2,1,Hull City,H,2,1.3243,1.4,0.0,0.0,0.0,0.0,0.0,0.0,0.0,0.0,0.0,0.0,0.0,0.0,0.0,0.0,0.0,True
577411,Brau,Coventry City,DEF,0,0,0,0,,,,,,,,,,,,,,,,,,,,,,,,,,,,,,,,,,,,,,,40,u,0,0,0,2,1,Hull City,H,2,1.3243,1.4,0.0,0.0,0.0,0.0,0.0,0.0,0.0,0.0,0.0,0.0,0.0,0.0,0.0,0.0,0.0,True
539142,Amenda,Coventry City,DEF,180,2,0,0,,,,,,,,,,,,,,,,,,,,,,,,,,,,,,,,,,,,,,,40,a,0,2,2,2,1,Hull City,H,2,1.3243,1.4,2.0558,0.862,0.4722,0.0,-0.1034,-0.0259,0.1259,0.05,0.0999,0.793,-0.1459,0.0013,0.85,0.862,0.4722,True
480457,Rudoni,Coventry City,MID,90,1,0,0,,,,,,,,,,,,,,,,,,,,,,,,,,,,,,,,,,,,,,,50,a,0,1,1,2,1,Hull City,H,2,1.3243,1.4,2.0226,0.8969,0.4473,0.0,-0.1076,-0.0269,0.1592,0.1717,0.2862,0.1878,0.0,0.0,0.8125,0.8969,0.4473,True
168144,Grimes,Coventry City,MID,180,2,0,0,,,,,,,,,,,,,,,,,,,,,,,,,,,,,,,,,,,,,,,50,a,0,2,2,2,1,Hull City,H,2,1.3243,1.4,2.0306,0.9175,0.4678,0.0,-0.1101,-0.0275,0.1672,0.1542,0.2571,0.1964,0.0,0.0,0.85,0.9175,0.4678,True
501459,Sakamoto,Coventry City,MID,31,0,1,0,,,,,,,,,,,,,,,,,,,,,,,,,,,,,,,,,,,,,,,49,a,1,0,1,2,1,Hull City,H,2,1.3243,1.4,1.9964,0.7594,0.4595,0.0,-0.0911,-0.0228,0.1117,0.2301,0.3835,0.1582,0.0,0.0003,0.5625,0.7594,0.4595,True
241293,Mason-Clark,Coventry City,MID,57,1,0,0,,,,,,,,,,,,,,,,,,,,,,,,,,,,,,,,,,,,,,,55,a,0,1,1,2,1,Hull City,H,2,1.3243,1.4,2.0521,0.8969,0.4473,0.0,-0.1076,-0.0269,0.1616,0.1819,0.3031,0.1878,0.0,0.0,0.8125,0.8969,0.4473,True
439668,Eccles,Coventry City,MID,0,0,0,0,,,,,,,,,,,,,,,,,,,,,,,,,,,,,,,,,,,,,,,49,a,0,0,0,2,1,Hull City,H,2,1.3243,1.4,0.008,0.0,0.0,0.0,0.0,0.0,0.0,0.0,0.0,0.0,0.0,0.0,0.0,0.0,0.0,True
226965,Torp,Coventry City,MID,47,0,1,0,,,,,,,,,,,,,,,,,,,,,,,,,,,,,,,,,,,,,,,55,a,1,0,1,2,1,Hull City,H,2,1.3243,1.4,1.9773,0.7594,0.4595,0.0,-0.0911,-0.0228,0.1105,0.2233,0.3722,0.1582,0.0,0.0002,0.5625,0.7594,0.4595,True
684268,Shepherd,Coventry City,MID,0,0,0,0,,,,,,,,,,,,,,,,,,,,,,,,,,,,,,,,,,,,,,,45,a,0,0,0,2,1,Hull City,H,2,1.3243,1.4,0.008,0.0,0.0,0.0,0.0,0.0,0.0,0.0,0.0,0.0,0.0,0.0,0.0,0.0,0.0,True
469272,Tchaouna,Coventry City,MID,139,2,0,0,270.1,1259.0,0.0822,0.0693,1.8521,4.58,0.0,413.0,0.0676,0.0501,1.824,4.5763,0.0,,,,,0.2466,0.2079,5.5585,13.745,0.0,48.8243,1.27,0.91,25.04,69.0,0.0,208.0,16.2687,0.31,0.2299999999999999,8.370000000000001,21.0,0.0,75.0,413.0,16.3438,55,a,0,2,2,2,1,Hull City,H,2,1.3243,1.4,2.7287,0.9175,0.8245,0.0,-0.1101,-0.0275,0.1484,0.2585,0.4751,0.2343,0.0,0.0059,0.85,0.9175,0.8245,True
492498,Borges Rodrigues,Coventry City,MID,0,0,0,0,,,,,,,,,,,,,,,,,,,,,,,,,,,,,,,,,,,,,,,45,u,0,0,0,2,1,Hull City,H,2,1.3243,1.4,0.008,0.0,0.0,0.0,0.0,0.0,0.0,0.0,0.0,0.0,0.0,0.0,0.0,0.0,0.0,True
629397,Andrews,Coventry City,MID,0,0,0,0,,,,,,,,,,,,,,,,,,,,,,,,,,,,,,,,,,,,,,,45,u,0,0,0,2,1,Hull City,H,2,1.3243,1.4,0.008,0.0,0.0,0.0,0.0,0.0,0.0,0.0,0.0,0.0,0.0,0.0,0.0,0.0,0.0,True
176412,Wright,Coventry City,FWD,0,0,0,0,,,,,,,,,,,,,,,,,,,,,,,,,,,,,,,,,,,,,,,54,i,0,0,0,2,1,Hull City,H,2,1.3243,1.4,0.0,0.0,0.0,0.0,0.0,0.0,0.0,0.0,0.0,0.0,0.0,0.0,0.0,0.0,0.0,True
230730,Thomas-Asante,Coventry City,FWD,101,1,0,0,,,,,,,,,,,,,,,,,,,,,,,,,,,,,,,,,,,,,,,50,a,0,1,1,2,1,Hull City,H,2,1.3243,1.4,1.9265,0.8969,0.4473,0.0,-0.1076,-0.0269,0.1378,0.1686,0.5244,0.0,0.0,0.0,0.8125,0.8969,0.4473,True
218997,Simms,Coventry City,FWD,69,1,0,0,,,,,,,,,,,,,,,,,,,,,,,,,,,,,,,,,,,,,,,50,a,0,1,1,2,1,Hull City,H,2,1.3243,1.4,1.9701,0.8969,0.4473,0.0,-0.1076,-0.0269,0.1425,0.178,0.5539,0.0,0.0,0.0,0.8125,0.8969,0.4473,True
551262,Markelo,Coventry City,FWD,0,0,0,0,,,,,,,,,,,,,,,,,,,,,,,,,,,,,,,,,,,,,,,50,u,0,0,0,2,1,Hull City,H,2,1.3243,1.4,0.0,0.0,0.0,0.0,0.0,0.0,0.0,0.0,0.0,0.0,0.0,0.0,0.0,0.0,0.0,True
549653,Bassette,Coventry City,FWD,0,0,0,0,,,,,,,,,,,,,,,,,,,,,,,,,,,,,,,,,,,,,,,45,u,0,0,0,2,1,Hull City,H,2,1.3243,1.4,0.0,0.0,0.0,0.0,0.0,0.0,0.0,0.0,0.0,0.0,0.0,0.0,0.0,0.0,0.0,True
210156,Awoniyi,Coventry City,FWD,110,1,0,0,140.0,480.0,0.805,0.1596,2.2044,4.6251,0.9885,212.0,0.6835,0.1613,2.2245,4.6698,1.2736,,,,,1.2523,0.2482,3.429,7.1946,1.5376,54.1747,3.68,0.77,10.35,26.0,4.0,170.0,34.8266,1.61,0.38,5.24,11.0,3.0,89.0,212.0,37.783,55,a,0,1,1,2,1,Hull City,H,2,1.3243,1.4,4.6238,0.8969,0.7882,0.0,-0.1076,-0.0269,0.7576,0.4174,2.0122,0.0,0.0,0.0007,0.8125,0.8969,0.7882,True
661888,Yirenkyi,Coventry City,MID,131,2,0,0,,,,,,,,,,,,,,,,,,,,,,,,,,,,,,,,,,,,,,,50,a,0,2,2,2,1,Hull City,H,2,1.3243,1.4,2.0654,0.9175,0.4678,0.0,-0.1101,-0.0275,0.1701,0.1662,0.277,0.1964,0.0,0.0,0.85,0.9175,0.4678,True
196100,Hamer,Coventry City,MID,27,0,1,0,,,,,,,,,,,,,,,,,,,,,,,,,,,,,,,,,,,,,,,55,a,1,0,1,2,1,Hull City,H,2,1.3243,1.4,2.0014,0.7594,0.4595,0.0,-0.0911,-0.0228,0.112,0.2318,0.3864,0.1582,0.0,0.0003,0.5625,0.7594,0.4595,True
627221,Cherif,Coventry City,FWD,0,0,0,0,,,,,,,,,,,,,,,,,,,,,,,,,,,,,,,,,,,,,,,50,a,0,0,0,2,1,Hull City,H,2,1.3243,1.4,0.0,0.0,0.0,0.0,0.0,0.0,0.0,0.0,0.0,0.0,0.0,0.0,0.0,0.0,0.0,True
79602,Bentley,Coventry City,GK,0,0,0,0,121.0,270.0,0.0,0.0,1.6363,0.0,0.0,270.0,0.0,0.0,1.7,0.0,0.0,,,,,0.0,0.0,2.1999,0.0,0.0,11.0128,0.0,0.0,5.1,0.0,0.0,24.0,8.1913,0.0,0.0,5.1,0.0,0.0,24.0,270.0,8.0,40,a,0,0,0,2,1,Hull City,H,2,1.3243,1.4,0.0876,0.1038,0.0943,0.0701,-0.0125,-0.0031,0.0023,0.0,0.0,0.1299,-0.0353,0.0,0.0947,0.1038,0.0943,True
485337,Guessand,Crystal Palace,MID,54,0,1,0,126.4,909.0,0.1255,0.1096,1.7689,7.4233,0.0,29.0,0.0,0.3103,5.4,6.2069,0.0,1.5712,1.5063,1.645,1.6117,0.1763,0.1539,2.4843,10.4256,0.0,21.588,1.56,0.8500000000000001,14.48,83.0,0.0,143.0,15.3712,0.0,0.1,1.74,2.0,0.0,6.0,29.0,18.6207,55,a,1,0,1,2,1,Man City,H,4,1.0622,2.2012,1.821,0.7594,0.4595,0.0,-0.0911,-0.0228,0.0472,0.2072,0.3609,0.0927,0.0,0.0441,0.5625,0.7594,0.4595,False
220362,Disasi,Crystal Palace,DEF,16,0,1,0,450.1,1254.0,0.0581,0.0028,1.3991,6.234,0.0771,534.0,0.0,0.0034,1.5084,7.2472,0.1685,1.5712,1.5063,1.645,1.6117,0.2904,0.0139,6.9972,31.177,0.3856,63.6012,1.1,0.03,18.54,88.0,1.0,186.0,12.7174,0.0,0.02,8.95,43.0,1.0,74.0,534.0,12.4719,45,a,1,0,1,2,1,Man City,H,4,1.0622,2.2012,1.1583,0.5975,0.5055,0.0,-0.0717,-0.0179,0.0233,0.0265,0.1457,0.408,-0.3866,0.082,0.5625,0.5975,0.5055,False
172649,Henderson,Crystal Palace,GK,180,2,0,0,609.9,3330.0,0.0,0.0019,1.527,0.0,0.1753,630.0,0.0,0.0014,1.6043,0.0,0.0,1.5712,1.5063,1.645,1.6117,0.0,0.0128,10.3483,0.0,1.1879,77.9807,0.0,0.11,51.4,0.0,7.0,538.0,11.5072,0.0,0.01,11.23,0.0,0.0,48.0,630.0,6.8571,50,a,0,2,2,2,1,Man City,H,4,1.0622,2.2012,2.5949,0.96,0.9453,1.1732,-0.1152,-0.0288,0.1555,0.0047,0.0,0.5798,-0.8175,0.0,0.95,0.96,0.9453,False
121709,Benitez,Crystal Palace,GK,0,0,0,0,26.8,90.0,0.0,0.0,1.1183,0.0,0.0,0.0,0.0,0.0,0.0,0.0,0.0,1.5712,1.5063,1.645,1.6117,0.0,0.0,0.333,0.0,0.0,8.6218,0.0,0.0,1.12,0.0,0.0,29.0,28.9538,0.0,0.0,0.0,0.0,0.0,0.0,0.0,0.0,45,a,0,0,0,2,1,Man City,H,4,1.0622,2.2012,0.0,0.0,0.0,0.0,0.0,0.0,0.0,0.0,0.0,0.0,0.0,0.0,0.0,0.0,0.0,False
427623,Richards,Crystal Palace,DEF,180,2,0,0,471.2,2825.0,0.142,0.0351,1.3944,9.2413,0.2014,403.0,0.2859,0.0268,1.4449,8.263,0.0,1.5712,1.5063,1.645,1.6117,0.7432,0.1836,7.3006,48.3831,1.0545,59.7444,2.42,1.56,41.19,311.0,5.0,453.0,11.4113,1.28,0.12,6.47,37.0,0.0,28.0,403.0,6.2531,50,a,0,2,2,2,1,Man City,H,4,1.0622,2.2012,2.4159,0.908,0.885,0.0,-0.109,-0.0272,0.0977,0.1072,0.8577,0.5428,-0.7744,0.6897,0.9,0.908,0.885,False
651426,Canvot,Crystal Palace,DEF,180,2,0,0,415.6,1331.0,0.1018,0.0173,1.564,10.7748,0.444,540.0,0.0533,0.0083,1.45,10.1667,0.3333,1.5712,1.5063,1.645,1.6117,0.47,0.0801,7.2222,49.7555,2.0503,55.3263,1.48,0.33,23.84,169.0,9.0,216.0,11.9812,0.32,0.05,8.7,61.0,2.0,58.0,540.0,9.6667,49,a,0,2,2,2,1,Man City,H,4,1.0622,2.2012,1.8856,0.862,0.8358,0.0,-0.1034,-0.0259,0.0928,0.0717,0.4437,0.5126,-0.7318,0.8301,0.85,0.862,0.8358,False
244723,Mitchell,Crystal Palace,DEF,180,2,0,0,565.7,3253.0,0.0625,0.0835,1.4746,6.7026,0.1709,495.0,0.0964,0.0636,1.5436,7.6364,0.1818,1.5712,1.5063,1.645,1.6117,0.3929,0.5247,9.2688,42.1295,1.0742,79.3827,1.59,2.53,49.78,245.0,8.0,498.0,12.6294,0.53,0.35,8.49,42.0,1.0,67.0,495.0,12.1818,45,a,0,2,2,2,1,Man City,H,4,1.0622,2.2012,2.0334,0.908,0.885,0.0,-0.109,-0.0272,0.0724,0.2211,0.3867,0.5428,-0.7744,0.3452,0.9,0.908,0.885,False
218364,Sosa,Crystal Palace,DEF,0,0,0,0,26.0,99.0,0.0582,0.0346,0.4033,6.1563,0.0,45.0,0.08,0.02,0.14,4.0,0.0,1.5712,1.5063,1.645,1.6117,0.0168,0.01,0.1165,1.7785,0.0,0.6173,0.04,0.0699999999999999,0.9000000000000001,9.0,0.0,9.0,2.1368,0.04,0.01,0.07,2.0,0.0,-4.0,45.0,-8.0,45,u,0,0,0,2,1,Man City,H,4,1.0622,2.2012,0.0,0.0,0.0,0.0,0.0,0.0,0.0,0.0,0.0,0.0,0.0,0.0,0.0,0.0,0.0,False
515621,Chadi Riad,Crystal Palace,DEF,72,1,0,0,198.9,550.0,0.067,0.0235,1.647,8.4938,0.0,238.0,0.0832,0.0303,1.8,10.2101,0.0,1.5712,1.5063,1.645,1.6117,0.148,0.0519,3.6399,18.7714,0.0,26.6375,0.3299999999999999,0.13,9.09,45.0,0.0,84.0,12.0532,0.22,0.08,4.76,27.0,0.0,26.0,238.0,9.8319,44,i,0,1,1,2,1,Man City,H,4,1.0622,2.2012,0.0,0.0,0.0,0.0,0.0,0.0,0.0,0.0,0.0,0.0,0.0,0.0,0.0,0.0,0.0,False
242313,Mingueza,Crystal Palace,DEF,15,0,1,0,,,,,,,,,,,,,,1.5712,1.5063,1.645,1.6117,,,,,,,,,,,,,,,,,,,,,,44,a,1,0,1,2,1,Man City,H,4,1.0622,2.2012,1.2189,0.5975,0.5055,0.0,-0.0717,-0.0179,0.035,0.0737,0.1474,0.408,-0.3866,0.1331,0.5625,0.5975,0.5055,False
232185,Sarr,Crystal Palace,MID,0,0,0,0,423.8,2173.0,0.5182,0.0579,1.3428,5.0231,0.2202,421.0,0.6178,0.0855,1.381,4.0618,0.0,1.5712,1.5063,1.645,1.6117,2.4402,0.2727,6.3232,23.6531,1.0367,70.6822,10.93,1.17,31.25,137.0,9.0,359.0,15.0104,2.89,0.4,6.46,19.0,0.0,70.0,421.0,14.9644,63,i,0,0,0,2,1,Man City,H,4,1.0622,2.2012,0.008,0.0,0.0,0.0,0.0,0.0,0.0,0.0,0.0,0.0,0.0,0.0,0.0,0.0,0.0,False
496221,Wharton,Crystal Palace,MID,180,2,0,0,423.5,2552.0,0.0575,0.2963,1.3842,11.2361,0.3966,361.0,0.0474,0.359,1.4161,11.9668,0.4986,1.5712,1.5063,1.645,1.6117,0.2706,1.3941,6.5136,52.872,1.866,91.3026,1.52,7.47,39.08,303.0,8.0,511.0,19.4031,0.19,1.44,5.68,48.0,2.0,92.0,361.0,22.9363,55,a,0,2,2,2,1,Man City,H,4,1.0622,2.2012,3.4438,0.945,0.8728,0.0,-0.1134,-0.0284,0.4422,0.8217,0.3619,0.1338,0.0,0.8907,0.9,0.945,0.8728,False
488024,Yeremy,Crystal Palace,MID,102,1,0,0,333.3,2074.0,0.1744,0.2847,1.4325,7.2571,0.0972,283.0,0.1336,0.2131,1.5551,6.6784,0.0,1.5712,1.5063,1.645,1.6117,0.6457,1.0545,5.3052,26.8754,0.3598,57.7202,4.53,6.12,30.01,167.0,3.0,331.0,15.586,0.42,0.67,4.890000000000001,21.0,0.0,41.0,283.0,13.0389,55,a,0,1,1,2,1,Man City,H,4,1.0622,2.2012,3.512,0.945,0.8728,0.0,-0.1134,-0.0284,0.1444,0.7356,0.8142,0.1338,0.0,0.2538,0.9,0.945,0.8728,False
108413,Hughes,Crystal Palace,MID,0,0,0,0,275.0,1560.0,0.0471,0.1068,1.669,8.1514,0.0,207.0,0.0,0.1087,1.7609,6.5217,0.0,1.5712,1.5063,1.645,1.6117,0.1438,0.3262,5.0998,24.9072,0.0,36.1179,1.11,1.94,25.35,148.0,0.0,217.0,11.8204,0.0,0.25,4.05,15.0,0.0,23.0,207.0,10.0,45,a,0,0,0,2,1,Man City,H,4,1.0622,2.2012,0.6245,0.4899,0.0613,0.0,-0.0588,-0.0147,0.0115,0.0577,0.0571,0.0124,0.0,0.0101,0.0726,0.4899,0.0613,False
152551,Lerma,Crystal Palace,MID,0,0,0,0,371.3,1722.0,0.0945,0.0912,1.6001,11.9119,0.0984,386.0,0.0373,0.1166,1.9236,12.3575,0.0,1.5712,1.5063,1.645,1.6117,0.3897,0.3764,6.6013,49.1431,0.4061,61.3822,1.84,1.48,25.11,220.0,3.0,296.0,14.8785,0.16,0.5,8.25,53.0,0.0,56.0,386.0,13.057,49,a,0,0,0,2,1,Man City,H,4,1.0622,2.2012,0.7823,0.5245,0.1123,0.0,-0.0629,-0.0157,0.017,0.0692,0.1073,0.0227,0.0,0.0691,0.1354,0.5245,0.1123,False
209400,Kamada,Crystal Palace,MID,180,2,0,0,341.5,1899.0,0.0717,0.1999,1.4859,10.0695,0.0,406.0,0.0488,0.2571,1.7224,10.4187,0.0,1.5712,1.5063,1.645,1.6117,0.272,0.7585,5.6383,38.2082,0.0,59.8437,1.64,3.24,26.04,208.0,0.0,331.0,15.7714,0.22,1.16,7.77,47.0,0.0,76.0,406.0,16.8473,50,a,0,2,2,2,1,Man City,H,4,1.0622,2.2012,3.0476,0.945,0.8728,0.0,-0.1134,-0.0284,0.2205,0.5796,0.4296,0.1338,0.0,0.6432,0.9,0.945,0.8728,False
489706,Devenny,Crystal Palace,MID,0,0,0,0,156.9,785.0,0.125,0.0252,2.018,8.9516,0.0,192.0,0.0,0.0141,2.1844,11.25,0.0,1.5712,1.5063,1.645,1.6117,0.2179,0.0439,3.5181,15.6056,0.0,19.2119,2.38,0.39,14.71,72.0,0.0,108.0,11.0202,0.0,0.03,4.66,24.0,0.0,27.0,192.0,12.6562,50,u,0,0,0,2,1,Man City,H,4,1.0622,2.2012,0.008,0.0,0.0,0.0,0.0,0.0,0.0,0.0,0.0,0.0,0.0,0.0,0.0,0.0,0.0,False
606921,Esse,Crystal Palace,MID,0,0,0,0,2.4,40.0,0.0,0.1425,6.7875,14.1525,0.0,0.0,0.0,0.0,0.0,0.0,0.0,1.5712,1.5063,1.645,1.6117,0.0,0.0038,0.181,0.3774,0.0,0.8471,0.0,0.04,1.7400000000000002,5.0,0.0,12.0,31.7662,0.0,0.0,0.0,0.0,0.0,0.0,0.0,0.0,50,u,0,0,0,2,1,Man City,H,4,1.0622,2.2012,0.008,0.0,0.0,0.0,0.0,0.0,0.0,0.0,0.0,0.0,0.0,0.0,0.0,0.0,0.0,False
536694,M.França,Crystal Palace,MID,0,0,0,0,0.0,0.0,0.0,0.0,0.0,0.0,0.0,0.0,0.0,0.0,0.0,0.0,0.0,1.5712,1.5063,1.645,1.6117,0.0,0.0,0.0,0.0,0.0,0.0,0.0,0.0,0.0,0.0,0.0,0.0,0.0,0.0,0.0,0.0,0.0,0.0,0.0,0.0,0.0,49,a,0,0,0,2,1,Man City,H,4,1.0622,2.2012,0.008,0.0,0.0,0.0,0.0,0.0,0.0,0.0,0.0,0.0,0.0,0.0,0.0,0.0,0.0,False
438464,Doucouré,Crystal Palace,MID,0,0,0,0,0.0,0.0,0.0,0.0,0.0,0.0,0.0,0.0,0.0,0.0,0.0,0.0,0.0,1.5712,1.5063,1.645,1.6117,0.0,0.0,0.0,0.0,0.0,0.0,0.0,0.0,0.0,0.0,0.0,0.0,0.0,0.0,0.0,0.0,0.0,0.0,0.0,0.0,0.0,49,a,0,0,0,2,1,Man City,H,4,1.0622,2.2012,0.008,0.0,0.0,0.0,0.0,0.0,0.0,0.0,0.0,0.0,0.0,0.0,0.0,0.0,0.0,False
450542,J.Rak-Sakyi,Crystal Palace,MID,0,0,0,0,0.0,0.0,0.0,0.0,0.0,0.0,0.0,0.0,0.0,0.0,0.0,0.0,0.0,1.5712,1.5063,1.645,1.6117,0.0,0.0,0.0,0.0,0.0,0.0,0.0,0.0,0.0,0.0,0.0,0.0,0.0,0.0,0.0,0.0,0.0,0.0,0.0,0.0,0.0,50,a,0,0,0,2,1,Man City,H,4,1.0622,2.2012,0.008,0.0,0.0,0.0,0.0,0.0,0.0,0.0,0.0,0.0,0.0,0.0,0.0,0.0,0.0,False
590014,Cardines,Crystal Palace,DEF,0,0,0,0,53.5,90.0,0.02,0.16,2.5306,7.0018,0.0,90.0,0.02,0.16,2.53,7.0,0.0,1.5712,1.5063,1.645,1.6117,0.0119,0.0951,1.5043,4.1622,0.0,12.4867,0.02,0.16,2.53,7.0,0.0,21.0,21.0057,0.02,0.16,2.53,7.0,0.0,21.0,90.0,21.0,45,u,0,0,0,2,1,Man City,H,4,1.0622,2.2012,0.0,0.0,0.0,0.0,0.0,0.0,0.0,0.0,0.0,0.0,0.0,0.0,0.0,0.0,0.0,False
672492,Drakes-Thomas,Crystal Palace,MID,0,0,0,0,0.8,7.0,0.0,0.0,10.0125,38.97,0.0,0.0,0.0,0.0,0.0,0.0,0.0,1.5712,1.5063,1.645,1.6117,0.0,0.0,0.089,0.3464,0.0,0.6642,0.0,0.0,0.73,3.0,0.0,6.0,74.7225,0.0,0.0,0.0,0.0,0.0,0.0,0.0,0.0,45,a,0,0,0,2,1,Man City,H,4,1.0622,2.2012,0.008,0.0,0.0,0.0,0.0,0.0,0.0,0.0,0.0,0.0,0.0,0.0,0.0,0.0,0.0,False
247412,Strand Larsen,Crystal Palace,FWD,89,1,0,0,413.1,2301.0,0.2178,0.0648,1.4549,3.8104,0.1374,372.0,0.271,0.0992,1.4976,2.9032,0.0,1.5712,1.5063,1.645,1.6117,0.9999,0.2973,6.6779,17.4899,0.6307,42.6037,5.3,1.12,36.03,95.0,3.0,215.0,9.2819,1.12,0.41,6.19,12.0,0.0,25.0,372.0,6.0484,60,a,0,1,1,2,1,Man City,H,4,1.0622,2.2012,2.9564,0.945,0.8728,0.0,-0.1134,-0.0284,0.1469,0.2555,0.9919,0.0,0.0,0.0079,0.9,0.945,0.8728,False
231747,Mateta,Crystal Palace,FWD,62,1,0,0,275.1,2210.0,0.5841,0.0401,1.5706,4.6471,0.749,251.0,0.4841,0.0215,1.8143,3.2271,0.3586,1.5712,1.5063,1.645,1.6117,1.7855,0.1225,4.8008,14.2046,2.2894,69.9322,14.42,1.32,31.77,125.0,13.0,397.0,22.8786,1.35,0.06,5.0600000000000005,9.0,1.0,63.0,251.0,22.5896,64,i,0,1,1,2,1,Man City,H,4,1.0622,2.2012,0.0,0.0,0.0,0.0,0.0,0.0,0.0,0.0,0.0,0.0,0.0,0.0,0.0,0.0,0.0,False
205533,Nketiah,Crystal Palace,FWD,122,2,0,0,30.1,414.0,0.3214,0.0661,1.9869,8.4531,0.7272,0.0,0.0,0.0,0.0,0.0,0.0,1.5712,1.5063,1.645,1.6117,0.1075,0.0221,0.6645,2.8271,0.2432,6.6036,1.77,0.4599999999999999,9.49,38.0,3.0,100.0,19.745,0.0,0.0,0.0,0.0,0.0,0.0,0.0,0.0,55,a,0,2,2,2,1,Man City,H,4,1.0622,2.2012,2.0112,0.9175,0.4678,0.0,-0.1101,-0.0275,0.0904,0.157,0.6301,0.0,0.0,0.0033,0.85,0.9175,0.4678,False
660392,Uche,Crystal Palace,FWD,0,0,0,0,19.8,159.0,0.2886,0.0055,2.3336,7.6941,0.0,0.0,0.0,0.0,0.0,0.0,0.0,1.5712,1.5063,1.645,1.6117,0.0635,0.0012,0.5134,1.6927,0.0,4.1285,0.49,0.01,4.63,13.0,0.0,42.0,18.7659,0.0,0.0,0.0,0.0,0.0,0.0,0.0,0.0,50,u,0,0,0,2,1,Man City,H,4,1.0622,2.2012,0.0,0.0,0.0,0.0,0.0,0.0,0.0,0.0,0.0,0.0,0.0,0.0,0.0,0.0,0.0,False
433154,McNeil,Crystal Palace,MID,84,1,0,0,248.6,1161.0,0.1144,0.2065,1.2859,8.8983,0.0905,145.0,0.0807,0.6579,1.3034,10.5517,0.0,1.5712,1.5063,1.645,1.6117,0.3159,0.5705,3.552,24.5792,0.25,39.0884,1.37,1.91,18.8,111.0,1.0,186.0,14.1511,0.13,1.06,2.1,17.0,0.0,22.0,145.0,13.6552,55,a,0,1,1,2,1,Man City,H,4,1.0622,2.2012,2.9342,0.8969,0.7882,0.0,-0.1076,-0.0269,0.1152,0.5814,0.5582,0.1209,0.0,0.3681,0.8125,0.8969,0.7882,False
169593,Matthews,Crystal Palace,GK,0,0,0,0,0.0,0.0,0.0,0.0,0.0,0.0,0.0,0.0,0.0,0.0,0.0,0.0,0.0,1.5712,1.5063,1.645,1.6117,0.0,0.0,0.0,0.0,0.0,0.0,0.0,0.0,0.0,0.0,0.0,0.0,0.0,0.0,0.0,0.0,0.0,0.0,0.0,0.0,0.0,40,a,0,0,0,2,1,Man City,H,4,1.0622,2.2012,0.0,0.0,0.0,0.0,0.0,0.0,0.0,0.0,0.0,0.0,0.0,0.0,0.0,0.0,0.0,False
223723,Tomiyasu,Crystal Palace,DEF,91,1,0,0,,,,,,,,,,,,,,1.5712,1.5063,1.645,1.6117,,,,,,,,,,,,,,,,,,,,,,45,a,0,1,1,2,1,Man City,H,4,1.0622,2.2012,1.5272,0.8275,0.4514,0.0,-0.0993,-0.0248,0.0698,0.0552,0.1104,0.4855,-0.2766,0.0219,0.8125,0.8275,0.4514,False
570794,Khalaili,Crystal Palace,DEF,109,1,0,0,,,,,,,,,,,,,,1.5712,1.5063,1.645,1.6117,,,,,,,,,,,,,,,,,,,,,,50,a,0,1,1,2,1,Man City,H,4,1.0622,2.2012,1.522,0.8275,0.4514,0.0,-0.0993,-0.0248,0.0695,0.0536,0.1072,0.4855,-0.2766,0.0186,0.8125,0.8275,0.4514,False
559152,Gozo,Crystal Palace,MID,22,0,1,0,,,,,,,,,,,,,,1.5712,1.5063,1.645,1.6117,,,,,,,,,,,,,,,,,,,,,,50,a,1,0,1,2,1,Man City,H,4,1.0622,2.2012,1.9179,0.7594,0.4595,0.0,-0.0911,-0.0228,0.0865,0.2346,0.3911,0.0927,0.0,0.0027,0.5625,0.7594,0.4595,False
605972,Ahanor,Crystal Palace,DEF,0,0,0,0,,,,,,,,,,,,,,1.5712,1.5063,1.645,1.6117,,,,,,,,,,,,,,,,,,,,,,45,a,0,0,0,2,1,Man City,H,4,1.0622,2.2012,0.0,0.0,0.0,0.0,0.0,0.0,0.0,0.0,0.0,0.0,0.0,0.0,0.0,0.0,0.0,False
172850,Chilwell,Crystal Palace,DEF,0,0,0,0,,,,,,,,,,,,,,1.5712,1.5063,1.645,1.6117,,,,,,,,,,,,,,,,,,,,,,45,a,0,0,0,2,1,Man City,H,4,1.0622,2.2012,0.0,0.0,0.0,0.0,0.0,0.0,0.0,0.0,0.0,0.0,0.0,0.0,0.0,0.0,0.0,False
450063,Timber,Crystal Palace,MID,0,0,0,0,,,,,,,,,,,,,,1.5712,1.5063,1.645,1.6117,,,,,,,,,,,,,,,,,,,,,,50,a,0,0,0,2,1,Man City,H,4,1.0622,2.2012,0.008,0.0,0.0,0.0,0.0,0.0,0.0,0.0,0.0,0.0,0.0,0.0,0.0,0.0,0.0,False
533646,Osorio,Crystal Palace,MID,0,0,0,0,,,,,,,,,,,,,,1.5712,1.5063,1.645,1.6117,,,,,,,,,,,,,,,,,,,,,,55,a,0,0,0,2,1,Man City,H,4,1.0622,2.2012,2.179,0.8075,0.5306,0.0,-0.0969,-0.0242,0.1119,0.2756,0.4594,0.1071,0.0,0.0042,0.65,0.8075,0.5306,False
128295,Nørgaard,Everton,MID,0,0,0,0,35.9,101.0,0.0514,0.0597,0.7285,10.8812,0.0,45.0,0.06,0.08,0.1,10.0,0.0,1.2898,1.495,1.36,1.4233,0.0205,0.0238,0.2906,4.3404,0.0,8.049,0.08,0.04,2.28,16.0,0.0,28.0,20.1786,0.03,0.04,0.05,5.0,0.0,9.0,45.0,18.0,49,i,0,0,0,2,1,Bournemouth,A,3,0.9715,1.976,0.008,0.0,0.0,0.0,0.0,0.0,0.0,0.0,0.0,0.0,0.0,0.0,0.0,0.0,0.0,False
242898,Johnson,Everton,MID,34,0,1,0,364.3,1710.0,0.1018,0.0798,1.5098,6.6681,0.013,423.0,0.1298,0.083,1.534,7.0213,0.0,1.2898,1.495,1.36,1.4233,0.4119,0.3229,6.1114,26.991,0.0526,34.6813,2.45,1.31,28.29,121.0,2.0,217.0,8.568,0.61,0.39,7.21,33.0,0.0,28.0,423.0,5.9574,59,a,1,0,1,2,1,Bournemouth,A,3,0.9715,1.976,1.7083,0.7594,0.4653,0.0,-0.0911,-0.0228,0.0423,0.1461,0.2924,0.1086,0.0,0.0321,0.5625,0.7594,0.4653,False
111234,Pickford,Everton,GK,180,2,0,0,620.8,3420.0,0.0,0.006,1.495,0.0,0.1382,540.0,0.0,0.0083,1.4233,0.0,0.0,1.2898,1.495,1.36,1.4233,0.0,0.0413,10.312,0.0,0.9534,78.7457,0.0,0.2,56.24,0.0,11.0,545.0,11.4161,0.0,0.05,8.54,0.0,0.0,41.0,540.0,6.8333,55,a,0,2,2,2,1,Bournemouth,A,3,0.9715,1.976,2.8743,0.96,0.9453,1.177,-0.1152,-0.0288,0.2104,0.0156,0.0,0.6852,-0.7132,0.0,0.95,0.96,0.9453,False
229600,Travers,Everton,GK,0,0,0,0,0.0,0.0,0.0,0.0,0.0,0.0,0.0,0.0,0.0,0.0,0.0,0.0,0.0,1.2898,1.495,1.36,1.4233,0.0,0.0,0.0,0.0,0.0,0.0,0.0,0.0,0.0,0.0,0.0,0.0,0.0,0.0,0.0,0.0,0.0,0.0,0.0,0.0,0.0,50,a,0,0,0,2,1,Bournemouth,A,3,0.9715,1.976,0.0,0.0,0.0,0.0,0.0,0.0,0.0,0.0,0.0,0.0,0.0,0.0,0.0,0.0,0.0,False
138001,King,Everton,GK,0,0,0,0,0.0,0.0,0.0,0.0,0.0,0.0,0.0,0.0,0.0,0.0,0.0,0.0,0.0,1.2898,1.495,1.36,1.4233,0.0,0.0,0.0,0.0,0.0,0.0,0.0,0.0,0.0,0.0,0.0,0.0,0.0,0.0,0.0,0.0,0.0,0.0,0.0,0.0,0.0,45,a,0,0,0,2,1,Bournemouth,A,3,0.9715,1.976,0.0,0.0,0.0,0.0,0.0,0.0,0.0,0.0,0.0,0.0,0.0,0.0,0.0,0.0,0.0,False
17761,Tarkowski,Everton,DEF,180,2,0,0,594.1,3330.0,0.0808,0.0736,1.4406,9.5286,0.4217,540.0,0.075,0.13,1.4233,8.6667,0.5,1.2898,1.495,1.36,1.4233,0.5335,0.4861,9.5093,62.8994,2.7838,96.5165,2.53,2.1,53.54,376.0,12.0,592.0,14.6213,0.45,0.78,8.54,52.0,3.0,70.0,540.0,11.6667,60,a,0,2,2,2,1,Bournemouth,A,3,0.9715,1.976,2.3389,0.908,0.8858,0.0,-0.109,-0.0272,0.1702,0.2127,0.404,0.6421,-0.6756,0.6646,0.9,0.908,0.8858,False
480455,Branthwaite,Everton,DEF,180,2,0,0,177.1,678.0,0.043,0.0136,1.3245,9.3909,0.0,86.0,0.0,0.0209,1.193,11.5116,0.0,1.2898,1.495,1.36,1.4233,0.0847,0.0267,2.6063,18.4793,0.0,28.5677,0.3399999999999999,0.11,9.43,67.0,0.0,108.0,14.5177,0.0,0.02,1.14,11.0,0.0,14.0,86.0,14.6512,55,a,0,2,2,2,1,Bournemouth,A,3,0.9715,1.976,1.7386,0.862,0.4932,0.0,-0.1034,-0.0259,0.0838,0.0371,0.1114,0.5993,-0.2469,0.0732,0.85,0.862,0.4932,False
106611,Keane,Everton,DEF,0,0,0,0,444.8,2588.0,0.0719,0.0375,1.5449,10.3027,0.1139,453.0,0.0656,0.0576,1.4702,8.7417,0.0,1.2898,1.495,1.36,1.4233,0.3553,0.1853,7.6353,50.9183,0.5629,56.8349,2.3,0.49,44.52,302.0,8.0,404.0,11.4999,0.33,0.29,7.4,44.0,0.0,24.0,453.0,4.7682,49,a,0,0,0,2,1,Bournemouth,A,3,0.9715,1.976,0.3806,0.2262,0.144,0.0,-0.0271,-0.0068,0.0054,0.0183,0.0575,0.1344,-0.0993,0.07,0.1589,0.2262,0.144,False
512462,O'Brien,Everton,DEF,0,0,0,0,558.4,3118.0,0.0794,0.0287,1.5623,6.353,0.0305,482.0,0.1363,0.028,1.4882,5.6017,0.0,1.2898,1.495,1.36,1.4233,0.4924,0.1783,9.6932,39.4171,0.1892,49.4215,1.6700000000000002,1.0,53.49,231.0,2.0,368.0,7.9655,0.7300000000000001,0.15,7.97,30.0,0.0,6.0,482.0,1.1203,49,a,0,0,0,2,1,Bournemouth,A,3,0.9715,1.976,0.4147,0.2356,0.1532,0.0,-0.0283,-0.0071,0.0053,0.0145,0.0757,0.143,-0.1053,0.0152,0.1691,0.2356,0.1532,False
224967,Mykolenko,Everton,DEF,180,2,0,0,575.6,2959.0,0.0048,0.0596,1.5042,6.9052,0.0605,540.0,0.0,0.025,1.4233,6.8333,0.0,1.2898,1.495,1.36,1.4233,0.031,0.3814,9.6203,44.1629,0.3867,59.0149,0.2799999999999999,2.46,48.41,231.0,2.0,350.0,9.2275,0.0,0.15,8.54,41.0,0.0,23.0,540.0,3.8333,45,a,0,2,2,2,1,Bournemouth,A,3,0.9715,1.976,1.826,0.908,0.8858,0.0,-0.109,-0.0272,0.0706,0.141,0.0622,0.6421,-0.6756,0.3002,0.9,0.908,0.8858,False
243571,Patterson,Everton,DEF,0,0,0,0,34.1,238.0,0.0084,0.0172,1.4938,12.2574,0.0,1.0,0.0,0.0,10.8,90.0,0.0,1.2898,1.495,1.36,1.4233,0.0032,0.0065,0.566,4.6442,0.0,8.7309,0.03,0.04,3.67,31.0,0.0,67.0,23.0434,0.0,0.0,0.12,1.0,0.0,-1.0,1.0,-90.0,45,u,0,0,0,2,1,Bournemouth,A,3,0.9715,1.976,0.0,0.0,0.0,0.0,0.0,0.0,0.0,0.0,0.0,0.0,0.0,0.0,0.0,0.0,0.0,False
499300,Aznou,Everton,DEF,0,0,0,0,0.0,0.0,0.0,0.0,0.0,0.0,0.0,0.0,0.0,0.0,0.0,0.0,0.0,1.2898,1.495,1.36,1.4233,0.0,0.0,0.0,0.0,0.0,0.0,0.0,0.0,0.0,0.0,0.0,0.0,0.0,0.0,0.0,0.0,0.0,0.0,0.0,0.0,0.0,40,u,0,0,0,2,1,Bournemouth,A,3,0.9715,1.976,0.0,0.0,0.0,0.0,0.0,0.0,0.0,0.0,0.0,0.0,0.0,0.0,0.0,0.0,0.0,False
215413,Dewsbury-Hall,Everton,MID,180,2,0,0,529.5,2629.0,0.1621,0.1706,1.4641,8.0709,0.4994,533.0,0.1081,0.2144,1.4201,8.1051,0.3377,1.2898,1.495,1.36,1.4233,0.9538,1.0039,8.6137,47.4837,2.938,116.4697,4.35,5.34,40.38,230.0,18.0,598.0,19.7965,0.64,1.27,8.41,48.0,2.0,106.0,533.0,17.8987,65,a,0,2,2,2,1,Bournemouth,A,3,0.9715,1.976,3.3043,0.945,0.8744,0.0,-0.1134,-0.0284,0.3052,0.4706,0.6845,0.1585,0.0,0.3358,0.9,0.945,0.8744,False
114283,Grealish,Everton,MID,8,0,1,0,111.6,1627.0,0.1092,0.138,1.4509,7.1447,0.5681,0.0,0.0,0.0,0.0,0.0,0.0,1.2898,1.495,1.36,1.4233,0.1354,0.1711,1.7991,8.8594,0.7044,21.8201,2.05,3.37,25.81,135.0,12.0,356.0,17.5969,0.0,0.0,0.0,0.0,0.0,0.0,0.0,0.0,65,a,1,0,1,2,1,Bournemouth,A,3,0.9715,1.976,1.8035,0.7594,0.4653,0.0,-0.0911,-0.0228,0.07,0.2103,0.2957,0.1086,0.0,0.0431,0.5625,0.7594,0.4653,False
232928,Garner,Everton,MID,72,1,0,0,620.2,3413.0,0.0391,0.1876,1.4957,11.9262,0.2202,540.0,0.0217,0.195,1.4233,10.5,0.0,1.2898,1.495,1.36,1.4233,0.2692,1.2929,10.3067,82.1849,1.5176,146.8133,2.1,6.18,56.18,458.0,13.0,818.0,21.3047,0.13,1.17,8.54,63.0,0.0,117.0,540.0,19.5,60,a,0,1,1,2,1,Bournemouth,A,3,0.9715,1.976,3.2164,0.945,0.8744,0.0,-0.1134,-0.0284,0.6374,0.4966,0.2383,0.1585,0.0,0.9055,0.9,0.945,0.8744,False
550615,George,Everton,MID,144,2,0,0,77.3,351.0,0.1344,0.6005,2.0135,8.1313,0.0,90.0,0.1,1.02,1.56,9.0,0.0,1.2898,1.495,1.36,1.4233,0.1154,0.5158,1.7294,6.9839,0.0,22.2675,0.64,1.19,6.49,23.0,0.0,55.0,25.9259,0.1,1.02,1.56,9.0,0.0,33.0,90.0,33.0,55,a,0,2,2,2,1,Bournemouth,A,3,0.9715,1.976,2.3277,0.9175,0.4678,0.0,-0.1101,-0.0275,0.1874,0.4371,0.3055,0.1421,0.0,0.0063,0.85,0.9175,0.4678,False
502697,Alcaraz,Everton,MID,5,0,1,0,52.2,679.0,0.2712,0.1621,1.8502,13.4062,0.0,12.0,0.975,0.75,3.975,45.0,0.0,1.2898,1.495,1.36,1.4233,0.1573,0.094,1.0731,7.7756,0.0,14.101,1.17,0.54,13.56,70.0,0.0,121.0,24.3121,0.13,0.0999999999999999,0.53,6.0,0.0,10.0,12.0,75.0,50,a,1,0,1,2,1,Bournemouth,A,3,0.9715,1.976,2.1654,0.7594,0.4653,0.0,-0.0911,-0.0228,0.1433,0.239,0.5557,0.1086,0.0,0.2192,0.5625,0.7594,0.4653,False
609873,Armstrong,Everton,MID,176,2,0,0,104.1,524.0,0.1395,0.0361,1.9342,7.5465,0.0,29.0,0.0,0.031,0.4345,0.0,0.0,1.2898,1.495,1.36,1.4233,0.1613,0.0417,2.2372,8.7288,0.0,17.4308,0.79,0.22,10.93,50.0,0.0,84.0,15.0699,0.0,0.01,0.1399999999999999,0.0,0.0,6.0,29.0,18.6207,50,a,0,2,2,2,1,Bournemouth,A,3,0.9715,1.976,1.8987,0.9175,0.4678,0.0,-0.1101,-0.0275,0.0766,0.1183,0.306,0.1421,0.0,0.0065,0.85,0.9175,0.4678,False
496661,Dibling,Everton,MID,0,0,0,0,35.7,349.0,0.057,0.0451,1.8988,9.4873,0.0,0.0,0.0,0.0,0.0,0.0,0.0,1.2898,1.495,1.36,1.4233,0.0226,0.0179,0.7532,3.7633,0.0,5.0549,0.2,0.14,6.65,40.0,0.0,49.0,12.7434,0.0,0.0,0.0,0.0,0.0,0.0,0.0,0.0,54,a,0,0,0,2,1,Bournemouth,A,3,0.9715,1.976,0.008,0.0,0.0,0.0,0.0,0.0,0.0,0.0,0.0,0.0,0.0,0.0,0.0,0.0,0.0,False
513466,Röhl,Everton,MID,175,2,0,0,203.2,675.0,0.0578,0.0464,1.717,7.1544,0.483,317.0,0.0483,0.0397,1.4451,5.6782,0.5678,1.2898,1.495,1.36,1.4233,0.1305,0.1047,3.8767,16.153,1.0905,33.0997,0.67,0.35,13.31,68.0,2.0,98.0,14.6603,0.17,0.14,5.09,20.0,2.0,50.0,317.0,14.1956,50,a,0,2,2,2,1,Bournemouth,A,3,0.9715,1.976,2.5514,0.9175,0.8259,0.0,-0.1101,-0.0275,0.1299,0.2369,0.4211,0.1497,0.0,0.1096,0.85,0.9175,0.8259,False
244860,Hackney,Everton,MID,106,1,0,0,,,,,,,,,,,,,,1.2898,1.495,1.36,1.4233,,,,,,,,,,,,,,,,,,,,,,55,a,0,1,1,2,1,Bournemouth,A,3,0.9715,1.976,1.9065,0.8969,0.4473,0.0,-0.1076,-0.0269,0.1442,0.1533,0.2555,0.1359,0.0,0.0001,0.8125,0.8969,0.4473,False
486385,Beto,Everton,FWD,31,0,1,0,304.4,1551.0,0.48,0.0104,1.2592,4.9637,1.3645,282.0,0.3734,0.0032,1.2702,4.4681,1.5957,1.2898,1.495,1.36,1.4233,1.6236,0.0352,4.259,16.7885,4.6151,90.8199,8.9,0.23,24.16,89.0,15.0,343.0,26.8521,1.17,0.01,3.98,14.0,5.0,71.0,282.0,22.6596,54,u,1,0,1,2,1,Bournemouth,A,3,0.9715,1.976,0.0,0.0,0.0,0.0,0.0,0.0,0.0,0.0,0.0,0.0,0.0,0.0,0.0,0.0,0.0,False
586309,Barry,Everton,FWD,147,2,0,0,318.9,1898.0,0.4888,0.023,1.7531,4.3358,0.6211,253.0,0.7257,0.0213,1.6257,5.6917,0.7115,1.2898,1.495,1.36,1.4233,1.7319,0.0815,6.2118,15.3633,2.2006,63.8253,8.17,0.44,33.49,74.0,9.0,295.0,18.0128,2.04,0.06,4.57,16.0,2.0,67.0,253.0,23.834,55,a,0,2,2,2,1,Bournemouth,A,3,0.9715,1.976,3.7869,0.945,0.8744,0.0,-0.1134,-0.0284,0.3475,0.1405,1.7353,0.0,0.0,0.0126,0.9,0.945,0.8744,False
154043,Maitland-Niles,Everton,DEF,0,0,0,0,,,,,,,,,,,,,,1.2898,1.495,1.36,1.4233,,,,,,,,,,,,,,,,,,,,,,45,a,0,0,0,2,1,Bournemouth,A,3,0.9715,1.976,0.0,0.0,0.0,0.0,0.0,0.0,0.0,0.0,0.0,0.0,0.0,0.0,0.0,0.0,0.0,False
80201,Leno,Fulham,GK,180,2,0,0,620.8,3420.0,0.0,0.0016,1.3599,0.0,0.2979,540.0,0.0,0.0033,1.3533,0.0,0.6667,1.375,1.3599,1.1867,1.3533,0.0,0.0109,9.38,0.0,2.0546,117.7989,0.0,0.02,52.73,0.0,8.0,556.0,17.0778,0.0,0.02,8.12,0.0,4.0,135.0,540.0,22.5,45,a,0,2,2,2,1,Sunderland,A,3,0.8739,1.1476,3.9252,0.96,0.9453,0.8745,-0.1152,-0.0288,0.566,0.0042,0.0,1.323,-0.3419,0.0,0.95,0.96,0.9453,False
86873,Lecomte,Fulham,GK,0,0,0,0,0.0,0.0,0.0,0.0,0.0,0.0,0.0,0.0,0.0,0.0,0.0,0.0,0.0,1.375,1.3599,1.1867,1.3533,0.0,0.0,0.0,0.0,0.0,0.0,0.0,0.0,0.0,0.0,0.0,0.0,0.0,0.0,0.0,0.0,0.0,0.0,0.0,0.0,0.0,40,a,0,0,0,2,1,Sunderland,A,3,0.8739,1.1476,0.0,0.0,0.0,0.0,0.0,0.0,0.0,0.0,0.0,0.0,0.0,0.0,0.0,0.0,0.0,False
505079,McNally,Fulham,GK,0,0,0,0,0.0,0.0,0.0,0.0,0.0,0.0,0.0,0.0,0.0,0.0,0.0,0.0,0.0,1.375,1.3599,1.1867,1.3533,0.0,0.0,0.0,0.0,0.0,0.0,0.0,0.0,0.0,0.0,0.0,0.0,0.0,0.0,0.0,0.0,0.0,0.0,0.0,0.0,0.0,40,u,0,0,0,2,1,Sunderland,A,3,0.8739,1.1476,0.0,0.0,0.0,0.0,0.0,0.0,0.0,0.0,0.0,0.0,0.0,0.0,0.0,0.0,0.0,False
174874,Andersen,Fulham,DEF,90,1,0,0,445.2,2882.0,0.0416,0.0414,1.4957,9.7534,0.3257,321.0,0.0308,0.0112,1.5981,10.0935,0.8411,1.375,1.3599,1.1867,1.3533,0.206,0.205,7.3987,48.2468,1.6109,62.5548,1.43,1.83,44.88,329.0,8.0,424.0,12.6458,0.11,0.04,5.7,36.0,3.0,55.0,321.0,15.4206,50,a,0,1,1,2,1,Sunderland,A,3,0.8739,1.1476,2.9711,0.908,0.8841,0.0,-0.109,-0.0272,0.1776,0.0946,0.2015,1.2374,-0.3239,0.4375,0.9,0.908,0.8841,False
169528,Robinson,Fulham,DEF,171,2,0,0,385.3,1487.0,0.1125,0.0742,1.4404,8.4386,0.4877,378.0,0.2024,0.0595,1.6143,7.8571,0.7143,1.375,1.3599,1.1867,1.3533,0.4818,0.3177,6.1667,36.1265,2.0881,77.9475,1.07,1.58,24.12,136.0,7.0,280.0,18.2073,0.8500000000000001,0.25,6.779999999999999,33.0,3.0,89.0,378.0,21.1905,45,a,0,2,2,2,1,Sunderland,A,3,0.8739,1.1476,3.2321,0.862,0.835,0.0,-0.1034,-0.0259,0.2407,0.1504,0.4827,1.1687,-0.306,0.2541,0.85,0.862,0.835,False
246301,J.Cuenca,Fulham,DEF,90,1,0,0,115.0,935.0,0.0063,0.0694,1.5334,12.4018,0.0823,4.0,0.0,0.0,2.475,67.5,0.0,1.375,1.3599,1.1867,1.3533,0.0081,0.0887,1.9593,15.8468,0.1051,17.9656,0.05,0.53,14.7,117.0,1.0,155.0,14.06,0.0,0.0,0.11,3.0,0.0,0.0,4.0,0.0,45,a,0,1,1,2,1,Sunderland,A,3,0.8739,1.1476,2.0501,0.8275,0.447,0.0,-0.0993,-0.0248,0.09,0.0671,0.0463,0.87,-0.1015,0.0766,0.8125,0.8275,0.447,False
167074,Tete,Fulham,DEF,0,0,0,0,192.0,1791.0,0.0705,0.0856,1.2502,8.1512,0.1995,0.0,0.0,0.0,0.0,0.0,0.0,1.375,1.3599,1.1867,1.3533,0.1503,0.1826,2.6671,17.3893,0.4255,33.1616,0.92,1.46,25.79,165.0,5.0,318.0,15.5445,0.0,0.0,0.0,0.0,0.0,0.0,0.0,0.0,45,a,0,0,0,2,1,Sunderland,A,3,0.8739,1.1476,0.0,0.0,0.0,0.0,0.0,0.0,0.0,0.0,0.0,0.0,0.0,0.0,0.0,0.0,0.0,False
232892,Bassey,Fulham,DEF,180,2,0,0,504.7,2532.0,0.0526,0.0133,1.3132,6.5557,0.2092,540.0,0.0117,0.0133,1.3533,5.1667,0.0,1.375,1.3599,1.1867,1.3533,0.2948,0.0745,7.3644,36.763,1.1732,94.2067,1.71,0.35,38.01,205.0,9.0,392.0,16.7993,0.07,0.08,8.12,31.0,0.0,118.0,540.0,19.6667,45,a,0,2,2,2,1,Sunderland,A,3,0.8739,1.1476,2.9816,0.908,0.8841,0.0,-0.109,-0.0272,0.2141,0.0489,0.2212,1.2374,-0.3239,0.1058,0.9,0.908,0.8841,False
166477,Castagne,Fulham,DEF,157,2,0,0,435.0,1838.0,0.0622,0.1031,1.4357,6.4858,0.3258,532.0,0.0491,0.115,1.3669,5.2444,0.5075,1.375,1.3599,1.1867,1.3533,0.3008,0.4984,6.939,31.3479,1.5748,89.4278,1.5,1.47,32.660000000000004,146.0,3.0,294.0,18.5023,0.29,0.68,8.08,31.0,3.0,127.0,532.0,21.485,45,a,0,2,2,2,1,Sunderland,A,3,0.8739,1.1476,3.2595,0.908,0.8841,0.0,-0.109,-0.0272,0.2621,0.2226,0.2774,1.2374,-0.3239,0.11,0.9,0.908,0.8841,False
153133,Iwobi,Fulham,MID,180,2,0,0,393.8,2420.0,0.1112,0.1929,1.1661,7.5461,0.4521,198.0,0.2409,0.1591,0.6,9.0909,0.0,1.375,1.3599,1.1867,1.3533,0.4867,0.844,5.1023,33.0182,1.9781,84.3955,1.91,4.7,35.7,188.0,13.0,508.0,19.288,0.53,0.35,1.32,20.0,0.0,38.0,198.0,17.2727,55,a,0,2,2,2,1,Sunderland,A,3,0.8739,1.1476,3.1951,0.945,0.8713,0.0,-0.1134,-0.0284,0.2369,0.4437,0.5271,0.3049,0.0,0.137,0.9,0.945,0.8713,False
209289,Smith Rowe,Fulham,MID,14,0,1,0,403.8,1909.0,0.1597,0.0404,1.3674,7.0102,0.0197,412.0,0.0633,0.0218,1.2299,6.9903,0.0,1.375,1.3599,1.1867,1.3533,0.7163,0.1812,6.1351,31.4523,0.0884,64.6428,4.71,1.12,31.27,148.0,1.0,351.0,14.4078,0.29,0.1,5.63,32.0,0.0,66.0,412.0,14.4175,55,a,1,0,1,2,1,Sunderland,A,3,0.8739,1.1476,2.0095,0.8212,0.544,0.0,-0.0985,-0.0246,0.0595,0.0989,0.3771,0.224,0.0,0.0175,0.675,0.8212,0.544,False
560552,Kevin,Fulham,MID,24,0,1,0,164.0,1030.0,0.0975,0.0977,1.2001,7.4345,0.0,132.0,0.0614,0.0477,1.0636,7.5,0.0,1.375,1.3599,1.1867,1.3533,0.1777,0.1781,2.1868,13.5474,0.0,30.0597,1.21,1.4700000000000002,14.57,86.0,0.0,183.0,16.4962,0.09,0.07,1.56,11.0,0.0,25.0,132.0,17.0455,54,a,1,0,1,2,1,Sunderland,A,3,0.8739,1.1476,1.7621,0.7594,0.4537,0.0,-0.0911,-0.0228,0.0618,0.1519,0.2544,0.1868,0.0,0.014,0.5625,0.7594,0.4537,False
477555,Bobb,Fulham,MID,133,2,0,0,231.6,1030.0,0.1572,0.1772,1.1267,6.8725,0.0,226.0,0.1314,0.215,1.2027,7.1681,0.0,1.375,1.3599,1.1867,1.3533,0.4045,0.4559,2.8993,17.6852,0.0,40.3954,1.4700000000000002,2.1,12.71,76.0,0.0,182.0,15.6977,0.33,0.54,3.02,18.0,0.0,43.0,226.0,17.1239,55,a,0,2,2,2,1,Sunderland,A,3,0.8739,1.1476,3.0016,0.9175,0.823,0.0,-0.1101,-0.0275,0.1176,0.3954,0.5898,0.288,0.0,0.0558,0.85,0.9175,0.823,False
207189,Berge,Fulham,MID,154,2,0,0,450.6,2904.0,0.0552,0.0521,1.188,8.5513,0.0817,225.0,0.088,0.072,0.632,6.8,0.0,1.375,1.3599,1.1867,1.3533,0.2766,0.261,5.9477,42.8137,0.4089,76.3795,1.54,1.5,43.09,280.0,3.0,503.0,15.2556,0.22,0.18,1.58,17.0,0.0,27.0,225.0,10.8,50,a,0,2,2,2,1,Sunderland,A,3,0.8739,1.1476,2.611,0.945,0.8713,0.0,-0.1134,-0.0284,0.1535,0.1704,0.2997,0.3049,0.0,0.1968,0.9,0.945,0.8713,False
76357,Cairney,Fulham,MID,0,0,0,0,164.6,756.0,0.1349,0.1392,1.1289,7.7861,0.0627,211.0,0.1109,0.1919,0.7038,7.2512,0.0,1.375,1.3599,1.1867,1.3533,0.2467,0.2546,2.0646,14.2399,0.1146,46.9844,1.21,0.8099999999999999,11.67,61.0,1.0,181.0,25.6901,0.26,0.45,1.65,17.0,0.0,62.0,211.0,26.4455,50,i,0,0,0,2,1,Sunderland,A,3,0.8739,1.1476,0.008,0.0,0.0,0.0,0.0,0.0,0.0,0.0,0.0,0.0,0.0,0.0,0.0,0.0,0.0,False
577725,King,Fulham,MID,180,2,0,0,186.0,1290.0,0.2265,0.0555,1.4048,8.1321,0.4706,118.0,0.1144,0.0992,1.9907,8.3898,0.0,1.375,1.3599,1.1867,1.3533,0.4682,0.1146,2.9032,16.8064,0.9726,44.6882,2.47,0.66,18.97,107.0,3.0,225.0,21.6233,0.15,0.13,2.6100000000000003,11.0,0.0,33.0,118.0,25.1695,55,a,0,2,2,2,1,Sunderland,A,3,0.8739,1.1476,2.2683,0.9175,0.4678,0.0,-0.1101,-0.0275,0.161,0.1282,0.4958,0.2276,0.0,0.007,0.85,0.9175,0.4678,False
184349,Sessegnon,Fulham,DEF,39,0,1,0,236.0,1816.0,0.1104,0.08,1.2163,11.2402,0.5721,160.0,0.2475,0.0281,0.7537,9.5625,1.6875,1.375,1.3599,1.1867,1.3533,0.2896,0.2098,3.1893,29.4742,1.5001,47.4283,1.6,1.8,26.33,218.0,8.0,332.0,18.0871,0.44,0.05,1.34,17.0,3.0,46.0,160.0,25.875,45,a,1,0,1,2,1,Sunderland,A,3,0.8739,1.1476,2.4646,0.701,0.6027,0.0,-0.0841,-0.021,0.1127,0.1034,0.3162,0.9926,-0.1869,0.2009,0.675,0.701,0.6027,False
153366,Reed,Fulham,MID,0,0,0,0,33.5,89.0,0.0919,0.2893,3.8235,5.6598,0.6716,63.0,0.0,0.1286,4.1714,5.7143,0.0,1.375,1.3599,1.1867,1.3533,0.0342,0.1077,1.4232,2.1067,0.25,9.1816,0.13,0.4499999999999999,3.43,6.0,2.0,48.0,24.667,0.0,0.09,2.92,4.0,0.0,7.0,63.0,10.0,45,a,0,0,0,2,1,Sunderland,A,3,0.8739,1.1476,0.5669,0.4622,0.0144,0.0,-0.0555,-0.0139,0.0247,0.0504,0.0696,0.0068,0.0,0.0,0.0221,0.4622,0.0144,False
244042,Muniz,Fulham,FWD,8,0,1,0,267.6,987.0,0.3299,0.0173,1.0507,4.1573,0.0243,334.0,0.3045,0.0081,0.8165,3.2335,0.0,1.375,1.3599,1.1867,1.3533,0.9808,0.0513,3.1242,12.361,0.0723,18.8799,3.3,0.15,13.83,52.0,3.0,94.0,6.3497,1.13,0.03,3.03,12.0,0.0,22.0,334.0,5.9281,55,a,1,0,1,2,1,Sunderland,A,3,0.8739,1.1476,1.7325,0.7594,0.4537,0.0,-0.0911,-0.0228,0.0614,0.0862,0.5996,0.0,0.0,0.0001,0.5625,0.7594,0.4537,False
631786,Kusi-Asare,Fulham,FWD,0,0,0,0,11.7,49.0,0.0,0.05,2.0254,12.3831,0.0,19.0,0.0,0.0,1.6579,14.2105,0.0,1.375,1.3599,1.1867,1.3533,0.0,0.0065,0.2633,1.6098,0.0,4.8769,0.0,0.07,1.1,5.0,0.0,19.0,37.5146,0.0,0.0,0.35,3.0,0.0,8.0,19.0,37.8947,45,a,0,0,0,2,1,Sunderland,A,3,0.8739,1.1476,0.4707,0.4537,0.0059,0.0,-0.0544,-0.0136,0.0407,0.038,0.1145,0.0,0.0,0.0,0.0067,0.4537,0.0059,False
551466,Gonzalo,Fulham,FWD,180,2,0,0,,,,,,,,,,,,,,1.375,1.3599,1.1867,1.3533,,,,,,,,,,,,,,,,,,,,,,60,a,0,2,2,2,1,Sunderland,A,3,0.8739,1.1476,1.7768,0.9175,0.4678,0.0,-0.1101,-0.0275,0.1201,0.1272,0.3958,0.0,0.0,0.0,0.85,0.9175,0.4678,False
571779,Palacios,Fulham,MID,147,2,0,0,,,,,,,,,,,,,,1.375,1.3599,1.1867,1.3533,,,,,,,,,,,,,,,,,,,,,,55,a,0,2,2,2,1,Sunderland,A,3,0.8739,1.1476,1.9937,0.9175,0.4678,0.0,-0.1101,-0.0275,0.1538,0.1337,0.2229,0.2276,0.0,0.0,0.85,0.9175,0.4678,False
463210,Charles,Fulham,MID,45,0,1,0,,,,,,,,,,,,,,1.375,1.3599,1.1867,1.3533,,,,,,,,,,,,,,,,,,,,,,50,a,1,0,1,2,1,Sunderland,A,3,0.8739,1.1476,1.8858,0.7594,0.4537,0.0,-0.0911,-0.0228,0.0987,0.1849,0.3082,0.1868,0.0,0.0004,0.5625,0.7594,0.4537,False
547686,De Fougerolles,Fulham,DEF,0,0,0,0,,,,,,,,,,,,,,1.375,1.3599,1.1867,1.3533,,,,,,,,,,,,,,,,,,,,,,40,d,0,0,0,2,1,Sunderland,A,3,0.8739,1.1476,0.0,0.0,0.0,0.0,0.0,0.0,0.0,0.0,0.0,0.0,0.0,0.0,0.0,0.0,0.0,False
616069,Zepa,Fulham,MID,0,0,0,0,,,,,,,,,,,,,,1.375,1.3599,1.1867,1.3533,,,,,,,,,,,,,,,,,,,,,,45,a,0,0,0,2,1,Sunderland,A,3,0.8739,1.1476,0.008,0.0,0.0,0.0,0.0,0.0,0.0,0.0,0.0,0.0,0.0,0.0,0.0,0.0,0.0,False
551050,Larsson,Fulham,MID,0,0,0,0,,,,,,,,,,,,,,1.375,1.3599,1.1867,1.3533,,,,,,,,,,,,,,,,,,,,,,50,a,0,0,0,2,1,Sunderland,A,3,0.8739,1.1476,0.008,0.0,0.0,0.0,0.0,0.0,0.0,0.0,0.0,0.0,0.0,0.0,0.0,0.0,0.0,False
500033,Ángel,Fulham,MID,0,0,0,0,,,,,,,,,,,,,,1.375,1.3599,1.1867,1.3533,,,,,,,,,,,,,,,,,,,,,,50,a,0,0,0,2,1,Sunderland,A,3,0.8739,1.1476,0.008,0.0,0.0,0.0,0.0,0.0,0.0,0.0,0.0,0.0,0.0,0.0,0.0,0.0,0.0,False
442299,Affengruber,Fulham,DEF,0,0,0,0,,,,,,,,,,,,,,1.375,1.3599,1.1867,1.3533,,,,,,,,,,,,,,,,,,,,,,45,a,0,0,0,2,1,Sunderland,A,3,0.8739,1.1476,0.0,0.0,0.0,0.0,0.0,0.0,0.0,0.0,0.0,0.0,0.0,0.0,0.0,0.0,0.0,False
490094,Iroegbunam,Hull City,MID,4,0,1,0,310.4,1477.0,0.0303,0.0344,1.5187,11.0723,0.0395,360.0,0.0325,0.025,1.475,10.25,0.0,,,,,0.1044,0.1185,5.2379,38.1873,0.1363,39.1521,0.54,0.7100000000000001,24.64,189.0,1.0,225.0,11.3521,0.13,0.1,5.9,41.0,0.0,30.0,360.0,7.5,50,a,1,0,1,2,1,Coventry City,A,2,1.1354,1.4,1.5554,0.7594,0.4595,0.0,-0.0911,-0.0228,0.0445,0.0913,0.1484,0.1582,0.0,0.0745,0.5625,0.7594,0.4595,True
167825,Phillips,Hull City,GK,0,0,0,0,,,,,,,,,,,,,,,,,,,,,,,,,,,,,,,,,,,,,,,40,a,0,0,0,2,1,Coventry City,A,2,1.1354,1.4,0.0,0.0,0.0,0.0,0.0,0.0,0.0,0.0,0.0,0.0,0.0,0.0,0.0,0.0,0.0,True
105666,Butland,Hull City,GK,0,0,0,0,,,,,,,,,,,,,,,,,,,,,,,,,,,,,,,,,,,,,,,45,i,0,0,0,2,1,Coventry City,A,2,1.1354,1.4,0.0,0.0,0.0,0.0,0.0,0.0,0.0,0.0,0.0,0.0,0.0,0.0,0.0,0.0,0.0,True
494950,Cartwright,Hull City,GK,0,0,0,0,,,,,,,,,,,,,,,,,,,,,,,,,,,,,,,,,,,,,,,40,u,0,0,0,2,1,Coventry City,A,2,1.1354,1.4,0.0,0.0,0.0,0.0,0.0,0.0,0.0,0.0,0.0,0.0,0.0,0.0,0.0,0.0,0.0,True
444307,Lo-Tutala,Hull City,GK,0,0,0,0,,,,,,,,,,,,,,,,,,,,,,,,,,,,,,,,,,,,,,,40,u,0,0,0,2,1,Coventry City,A,2,1.1354,1.4,0.0,0.0,0.0,0.0,0.0,0.0,0.0,0.0,0.0,0.0,0.0,0.0,0.0,0.0,0.0,True
108416,Egan,Hull City,DEF,180,2,0,0,,,,,,,,,,,,,,,,,,,,,,,,,,,,,,,,,,,,,,,40,a,0,2,2,2,1,Coventry City,A,2,1.1354,1.4,2.0334,0.862,0.4722,0.0,-0.1034,-0.0259,0.1249,0.0428,0.0857,0.793,-0.1459,0.0019,0.85,0.862,0.4722,True
501902,Hughes,Hull City,DEF,0,0,0,0,,,,,,,,,,,,,,,,,,,,,,,,,,,,,,,,,,,,,,,40,i,0,0,0,2,1,Coventry City,A,2,1.1354,1.4,0.0,0.0,0.0,0.0,0.0,0.0,0.0,0.0,0.0,0.0,0.0,0.0,0.0,0.0,0.0,True
146426,Ajayi,Hull City,DEF,153,2,0,0,,,,,,,,,,,,,,,,,,,,,,,,,,,,,,,,,,,,,,,41,a,0,2,2,2,1,Coventry City,A,2,1.1354,1.4,2.0391,0.862,0.4722,0.0,-0.1034,-0.0259,0.1253,0.0446,0.0892,0.793,-0.1459,0.0025,0.85,0.862,0.4722,True
193278,Coyle,Hull City,DEF,114,2,0,0,,,,,,,,,,,,,,,,,,,,,,,,,,,,,,,,,,,,,,,40,d,0,2,2,2,1,Coventry City,A,2,1.1354,1.4,2.0481,0.862,0.4722,0.0,-0.1034,-0.0259,0.1258,0.0475,0.0949,0.793,-0.1459,0.0037,0.85,0.862,0.4722,True
433590,Drameh,Hull City,DEF,65,0,1,0,,,,,,,,,,,,,,,,,,,,,,,,,,,,,,,,,,,,,,,40,u,1,0,1,2,1,Coventry City,A,2,1.1354,1.4,0.0,0.0,0.0,0.0,0.0,0.0,0.0,0.0,0.0,0.0,0.0,0.0,0.0,0.0,0.0,True
232351,Giles,Hull City,DEF,174,2,0,0,,,,,,,,,,,,,,,,,,,,,,,,,,,,,,,,,,,,,,,40,a,0,2,2,2,1,Coventry City,A,2,1.1354,1.4,2.0347,0.862,0.4722,0.0,-0.1034,-0.0259,0.125,0.0432,0.0865,0.793,-0.1459,0.002,0.85,0.862,0.4722,True
449428,Jacob,Hull City,DEF,0,0,0,0,,,,,,,,,,,,,,,,,,,,,,,,,,,,,,,,,,,,,,,40,u,0,0,0,2,1,Coventry City,A,2,1.1354,1.4,0.0,0.0,0.0,0.0,0.0,0.0,0.0,0.0,0.0,0.0,0.0,0.0,0.0,0.0,0.0,True
661800,McCarthy,Hull City,DEF,0,0,0,0,,,,,,,,,,,,,,,,,,,,,,,,,,,,,,,,,,,,,,,40,a,0,0,0,2,1,Coventry City,A,2,1.1354,1.4,0.0,0.0,0.0,0.0,0.0,0.0,0.0,0.0,0.0,0.0,0.0,0.0,0.0,0.0,0.0,True
160817,McNair,Hull City,DEF,26,0,1,0,,,,,,,,,,,,,,,,,,,,,,,,,,,,,,,,,,,,,,,40,a,1,0,1,2,1,Coventry City,A,2,1.1354,1.4,1.6673,0.5975,0.5055,0.0,-0.0717,-0.0179,0.0531,0.0617,0.1234,0.6963,-0.2086,0.0363,0.5625,0.5975,0.5055,True
540324,Belloumi,Hull City,MID,172,2,0,0,,,,,,,,,,,,,,,,,,,,,,,,,,,,,,,,,,,,,,,50,a,0,2,2,2,1,Coventry City,A,2,1.1354,1.4,1.9711,0.9175,0.4678,0.0,-0.1101,-0.0275,0.1622,0.1338,0.223,0.1964,0.0,0.0,0.85,0.9175,0.4678,True
232905,Millar,Hull City,MID,50,0,1,0,,,,,,,,,,,,,,,,,,,,,,,,,,,,,,,,,,,,,,,50,u,1,0,1,2,1,Coventry City,A,2,1.1354,1.4,0.008,0.0,0.0,0.0,0.0,0.0,0.0,0.0,0.0,0.0,0.0,0.0,0.0,0.0,0.0,True
171270,Dowell,Hull City,MID,0,0,0,0,,,,,,,,,,,,,,,,,,,,,,,,,,,,,,,,,,,,,,,45,a,0,0,0,2,1,Coventry City,A,2,1.1354,1.4,0.008,0.0,0.0,0.0,0.0,0.0,0.0,0.0,0.0,0.0,0.0,0.0,0.0,0.0,0.0,True
101282,Crooks,Hull City,MID,90,1,0,0,,,,,,,,,,,,,,,,,,,,,,,,,,,,,,,,,,,,,,,45,d,0,1,1,2,1,Coventry City,A,2,1.1354,1.4,1.9516,0.8969,0.4473,0.0,-0.1076,-0.0269,0.1536,0.1472,0.2454,0.1878,0.0,0.0,0.8125,0.8969,0.4473,True
243413,Slater,Hull City,MID,180,2,0,0,,,,,,,,,,,,,,,,,,,,,,,,,,,,,,,,,,,,,,,45,a,0,2,2,2,1,Coventry City,A,2,1.1354,1.4,1.9665,0.9175,0.4678,0.0,-0.1101,-0.0275,0.1618,0.1322,0.2204,0.1964,0.0,0.0,0.85,0.9175,0.4678,True
465525,Matazo,Hull City,MID,0,0,0,0,,,,,,,,,,,,,,,,,,,,,,,,,,,,,,,,,,,,,,,45,i,0,0,0,2,1,Coventry City,A,2,1.1354,1.4,0.008,0.0,0.0,0.0,0.0,0.0,0.0,0.0,0.0,0.0,0.0,0.0,0.0,0.0,0.0,True
208481,Ömür,Hull City,MID,0,0,0,0,,,,,,,,,,,,,,,,,,,,,,,,,,,,,,,,,,,,,,,50,a,0,0,0,2,1,Coventry City,A,2,1.1354,1.4,0.008,0.0,0.0,0.0,0.0,0.0,0.0,0.0,0.0,0.0,0.0,0.0,0.0,0.0,0.0,True
490161,Kamara,Hull City,MID,0,0,0,0,,,,,,,,,,,,,,,,,,,,,,,,,,,,,,,,,,,,,,,50,u,0,0,0,2,1,Coventry City,A,2,1.1354,1.4,0.008,0.0,0.0,0.0,0.0,0.0,0.0,0.0,0.0,0.0,0.0,0.0,0.0,0.0,0.0,True
553783,Zambrano,Hull City,MID,0,0,0,0,,,,,,,,,,,,,,,,,,,,,,,,,,,,,,,,,,,,,,,45,i,0,0,0,2,1,Coventry City,A,2,1.1354,1.4,0.008,0.0,0.0,0.0,0.0,0.0,0.0,0.0,0.0,0.0,0.0,0.0,0.0,0.0,0.0,True
169432,McBurnie,Hull City,FWD,180,2,0,0,,,,,,,,,,,,,,,,,,,,,,,,,,,,,,,,,,,,,,,55,a,0,2,2,2,1,Coventry City,A,2,1.1354,1.4,1.8063,0.9175,0.4678,0.0,-0.1101,-0.0275,0.129,0.1322,0.4114,0.0,0.0,0.0,0.85,0.9175,0.4678,True
213292,Akintola,Hull City,MID,0,0,0,0,,,,,,,,,,,,,,,,,,,,,,,,,,,,,,,,,,,,,,,50,a,0,0,0,2,1,Coventry City,A,2,1.1354,1.4,0.008,0.0,0.0,0.0,0.0,0.0,0.0,0.0,0.0,0.0,0.0,0.0,0.0,0.0,0.0,True
470294,Gyabi,Hull City,MID,0,0,0,0,0.0,0.0,0.0,0.0,0.0,0.0,0.0,0.0,0.0,0.0,0.0,0.0,0.0,,,,,0.0,0.0,0.0,0.0,0.0,0.0,0.0,0.0,0.0,0.0,0.0,0.0,0.0,0.0,0.0,0.0,0.0,0.0,0.0,0.0,0.0,45,i,0,0,0,2,1,Coventry City,A,2,1.1354,1.4,0.008,0.0,0.0,0.0,0.0,0.0,0.0,0.0,0.0,0.0,0.0,0.0,0.0,0.0,0.0,True
500957,Destan,Hull City,FWD,0,0,0,0,,,,,,,,,,,,,,,,,,,,,,,,,,,,,,,,,,,,,,,45,u,0,0,0,2,1,Coventry City,A,2,1.1354,1.4,0.0,0.0,0.0,0.0,0.0,0.0,0.0,0.0,0.0,0.0,0.0,0.0,0.0,0.0,0.0,True
534392,Burstow,Hull City,FWD,0,0,0,0,,,,,,,,,,,,,,,,,,,,,,,,,,,,,,,,,,,,,,,45,u,0,0,0,2,1,Coventry City,A,2,1.1354,1.4,0.0,0.0,0.0,0.0,0.0,0.0,0.0,0.0,0.0,0.0,0.0,0.0,0.0,0.0,0.0,True
462635,Gelhardt,Hull City,MID,0,0,0,0,0.0,0.0,0.0,0.0,0.0,0.0,0.0,0.0,0.0,0.0,0.0,0.0,0.0,,,,,0.0,0.0,0.0,0.0,0.0,0.0,0.0,0.0,0.0,0.0,0.0,0.0,0.0,0.0,0.0,0.0,0.0,0.0,0.0,0.0,0.0,50,i,0,0,0,2,1,Coventry City,A,2,1.1354,1.4,0.008,0.0,0.0,0.0,0.0,0.0,0.0,0.0,0.0,0.0,0.0,0.0,0.0,0.0,0.0,True
169359,Targett,Hull City,DEF,5,0,1,0,0.0,0.0,0.0,0.0,0.0,0.0,0.0,0.0,0.0,0.0,0.0,0.0,0.0,,,,,0.0,0.0,0.0,0.0,0.0,0.0,0.0,0.0,0.0,0.0,0.0,0.0,0.0,0.0,0.0,0.0,0.0,0.0,0.0,0.0,0.0,40,a,1,0,1,2,1,Coventry City,A,2,1.1354,1.4,1.6756,0.5975,0.5055,0.0,-0.0717,-0.0179,0.0537,0.0643,0.1286,0.6963,-0.2086,0.0446,0.5625,0.5975,0.5055,True
445028,Morita,Hull City,MID,45,1,0,0,,,,,,,,,,,,,,,,,,,,,,,,,,,,,,,,,,,,,,,50,a,0,1,1,2,1,Coventry City,A,2,1.1354,1.4,1.9868,0.8969,0.4473,0.0,-0.1076,-0.0269,0.1563,0.1594,0.2656,0.1878,0.0,0.0001,0.8125,0.8969,0.4473,True
473284,Tzolakis,Hull City,GK,180,2,0,0,,,,,,,,,,,,,,,,,,,,,,,,,,,,,,,,,,,,,,,46,a,0,2,2,2,1,Coventry City,A,2,1.1354,1.4,4.0513,0.9406,0.9353,0.8118,-0.1129,-0.0282,0.3568,0.0,0.0,1.5707,-0.1608,0.0,0.94,0.9406,0.9353,True
552946,Hjertø-Dahl,Hull City,MID,0,0,0,0,,,,,,,,,,,,,,,,,,,,,,,,,,,,,,,,,,,,,,,50,a,0,0,0,2,1,Coventry City,A,2,1.1354,1.4,0.008,0.0,0.0,0.0,0.0,0.0,0.0,0.0,0.0,0.0,0.0,0.0,0.0,0.0,0.0,True
608227,Stroud,Hull City,MID,128,2,0,0,,,,,,,,,,,,,,,,,,,,,,,,,,,,,,,,,,,,,,,50,a,0,2,2,2,1,Coventry City,A,2,1.1354,1.4,1.9984,0.9175,0.4678,0.0,-0.1101,-0.0275,0.1645,0.1432,0.2387,0.1964,0.0,0.0,0.85,0.9175,0.4678,True
597462,Herrington,Hull City,DEF,57,0,1,0,,,,,,,,,,,,,,,,,,,,,,,,,,,,,,,,,,,,,,,40,a,1,0,1,2,1,Coventry City,A,2,1.1354,1.4,1.6563,0.5975,0.5055,0.0,-0.0717,-0.0179,0.0524,0.0583,0.1166,0.6963,-0.2086,0.0269,0.5625,0.5975,0.5055,True
606930,Mendy,Hull City,DEF,121,2,0,0,,,,,,,,,,,,,,,,,,,,,,,,,,,,,,,,,,,,,,,40,a,0,2,2,2,1,Coventry City,A,2,1.1354,1.4,2.0464,0.862,0.4722,0.0,-0.1034,-0.0259,0.1257,0.0469,0.0938,0.793,-0.1459,0.0034,0.85,0.862,0.4722,True
469266,Gourna-Douath,Hull City,MID,45,0,1,0,,,,,,,,,,,,,,,,,,,,,,,,,,,,,,,,,,,,,,,50,a,1,0,1,2,1,Coventry City,A,2,1.1354,1.4,1.8893,0.7594,0.4595,0.0,-0.0911,-0.0228,0.1056,0.1922,0.3203,0.1582,0.0,0.0003,0.5625,0.7594,0.4595,True
490884,Cho,Hull City,MID,7,0,1,0,,,,,,,,,,,,,,,,,,,,,,,,,,,,,,,,,,,,,,,50,a,1,0,1,2,1,Coventry City,A,2,1.1354,1.4,1.93,0.7594,0.4595,0.0,-0.0911,-0.0228,0.1079,0.2066,0.3443,0.1582,0.0,0.0005,0.5625,0.7594,0.4595,True
626751,Ansah,Hull City,FWD,0,0,0,0,,,,,,,,,,,,,,,,,,,,,,,,,,,,,,,,,,,,,,,50,a,0,0,0,2,1,Coventry City,A,2,1.1354,1.4,0.0,0.0,0.0,0.0,0.0,0.0,0.0,0.0,0.0,0.0,0.0,0.0,0.0,0.0,0.0,True
631000,Vaz,Hull City,FWD,0,0,0,0,,,,,,,,,,,,,,,,,,,,,,,,,,,,,,,,,,,,,,,50,a,0,0,0,2,1,Coventry City,A,2,1.1354,1.4,0.0,0.0,0.0,0.0,0.0,0.0,0.0,0.0,0.0,0.0,0.0,0.0,0.0,0.0,0.0,True
496181,Norton-Cuffy,Hull City,DEF,0,0,0,0,,,,,,,,,,,,,,,,,,,,,,,,,,,,,,,,,,,,,,,40,a,0,0,0,2,1,Coventry City,A,2,1.1354,1.4,0.0,0.0,0.0,0.0,0.0,0.0,0.0,0.0,0.0,0.0,0.0,0.0,0.0,0.0,0.0,True
243951,Thomas,Hull City,MID,0,0,0,0,,,,,,,,,,,,,,,,,,,,,,,,,,,,,,,,,,,,,,,55,a,0,0,0,2,1,Coventry City,A,2,1.1354,1.4,2.1731,0.8075,0.5306,0.0,-0.0969,-0.0242,0.1369,0.2357,0.3928,0.1827,0.0,0.0007,0.65,0.8075,0.5306,True
647839,Mouzakitis,Hull City,MID,0,0,0,0,,,,,,,,,,,,,,,,,,,,,,,,,,,,,,,,,,,,,,,50,a,0,0,0,2,1,Coventry City,A,2,1.1354,1.4,0.008,0.0,0.0,0.0,0.0,0.0,0.0,0.0,0.0,0.0,0.0,0.0,0.0,0.0,0.0,True
219924,Diop,Ipswich Town,DEF,180,2,0,0,203.6,812.0,0.2062,0.0046,1.0924,5.9364,0.7885,220.0,0.3191,0.0041,0.9286,5.3182,1.2273,,,,,0.4665,0.0104,2.4713,13.4295,1.7838,39.367,0.8,0.05,12.42,61.0,3.0,103.0,17.4019,0.78,0.01,2.27,13.0,3.0,54.0,220.0,22.0909,40,a,0,2,2,2,1,Man Utd,A,4,0.8142,2.2702,1.8421,0.862,0.8358,0.0,-0.1034,-0.0259,0.0648,0.0389,0.5149,0.4875,-0.7605,0.2146,0.85,0.862,0.8358,True
212314,Lukić,Ipswich Town,MID,162,2,0,0,313.5,1730.0,0.0847,0.0909,1.5015,9.6572,0.2171,450.0,0.082,0.094,1.562,9.2,0.2,,,,,0.2949,0.3167,5.2301,33.6394,0.7563,55.1911,2.23,1.91,27.64,183.0,4.0,314.0,15.8443,0.41,0.47,7.81,46.0,1.0,78.0,450.0,15.6,50,a,0,2,2,2,1,Man Utd,A,4,0.8142,2.2702,2.3137,0.9175,0.8245,0.0,-0.1101,-0.0275,0.1083,0.1831,0.2897,0.1202,0.0,0.4226,0.85,0.9175,0.8245,True
108813,Walton,Ipswich Town,GK,0,0,0,0,,,,,,,,,,,,,,,,,,,,,,,,,,,,,,,,,,,,,,,45,a,0,0,0,2,1,Man Utd,A,4,0.8142,2.2702,0.0,0.0,0.0,0.0,0.0,0.0,0.0,0.0,0.0,0.0,0.0,0.0,0.0,0.0,0.0,True
112520,Palmer,Ipswich Town,GK,0,0,0,0,,,,,,,,,,,,,,,,,,,,,,,,,,,,,,,,,,,,,,,40,a,0,0,0,2,1,Man Utd,A,4,0.8142,2.2702,0.0,0.0,0.0,0.0,0.0,0.0,0.0,0.0,0.0,0.0,0.0,0.0,0.0,0.0,0.0,True
50093,Button,Ipswich Town,GK,0,0,0,0,,,,,,,,,,,,,,,,,,,,,,,,,,,,,,,,,,,,,,,40,a,0,0,0,2,1,Man Utd,A,4,0.8142,2.2702,0.0,0.0,0.0,0.0,0.0,0.0,0.0,0.0,0.0,0.0,0.0,0.0,0.0,0.0,0.0,True
183015,Kipré,Ipswich Town,DEF,0,0,0,0,,,,,,,,,,,,,,,,,,,,,,,,,,,,,,,,,,,,,,,40,a,0,0,0,2,1,Man Utd,A,4,0.8142,2.2702,0.0,0.0,0.0,0.0,0.0,0.0,0.0,0.0,0.0,0.0,0.0,0.0,0.0,0.0,0.0,True
216616,O'Shea,Ipswich Town,DEF,180,2,0,0,,,,,,,,,,,,,,,,,,,,,,,,,,,,,,,,,,,,,,,40,a,0,2,2,2,1,Man Utd,A,4,0.8142,2.2702,1.4709,0.862,0.4722,0.0,-0.1034,-0.0259,0.0584,0.0307,0.0614,0.4895,-0.3021,0.0069,0.85,0.862,0.4722,True
455084,Davis,Ipswich Town,DEF,180,2,0,0,,,,,,,,,,,,,,,,,,,,,,,,,,,,,,,,,,,,,,,40,a,0,2,2,2,1,Man Utd,A,4,0.8142,2.2702,1.4709,0.862,0.4722,0.0,-0.1034,-0.0259,0.0584,0.0307,0.0614,0.4895,-0.3021,0.0069,0.85,0.862,0.4722,True
449429,Greaves,Ipswich Town,DEF,180,2,0,0,,,,,,,,,,,,,,,,,,,,,,,,,,,,,,,,,,,,,,,40,a,0,2,2,2,1,Man Utd,A,4,0.8142,2.2702,1.4709,0.862,0.4722,0.0,-0.1034,-0.0259,0.0584,0.0307,0.0614,0.4895,-0.3021,0.0069,0.85,0.862,0.4722,True
222018,Johnson,Ipswich Town,DEF,0,0,0,0,,,,,,,,,,,,,,,,,,,,,,,,,,,,,,,,,,,,,,,40,a,0,0,0,2,1,Man Utd,A,4,0.8142,2.2702,0.0,0.0,0.0,0.0,0.0,0.0,0.0,0.0,0.0,0.0,0.0,0.0,0.0,0.0,0.0,True
176420,Furlong,Ipswich Town,DEF,17,0,1,0,,,,,,,,,,,,,,,,,,,,,,,,,,,,,,,,,,,,,,,40,a,1,0,1,2,1,Man Utd,A,4,0.8142,2.2702,1.0899,0.5975,0.5055,0.0,-0.0717,-0.0179,0.0254,0.045,0.0901,0.3905,-0.4024,0.1001,0.5625,0.5975,0.5055,True
501390,Núñez,Ipswich Town,MID,140,2,0,0,,,,,,,,,,,,,,,,,,,,,,,,,,,,,,,,,,,,,,,50,a,0,2,2,2,1,Man Utd,A,4,0.8142,2.2702,1.7397,0.9175,0.4678,0.0,-0.1101,-0.0275,0.0941,0.1008,0.1679,0.1212,0.0,0.0001,0.85,0.9175,0.4678,True
241117,Matusiwa,Ipswich Town,MID,0,0,0,0,,,,,,,,,,,,,,,,,,,,,,,,,,,,,,,,,,,,,,,50,i,0,0,0,2,1,Man Utd,A,4,0.8142,2.2702,0.008,0.0,0.0,0.0,0.0,0.0,0.0,0.0,0.0,0.0,0.0,0.0,0.0,0.0,0.0,True
149929,Burns,Ipswich Town,MID,0,0,0,0,,,,,,,,,,,,,,,,,,,,,,,,,,,,,,,,,,,,,,,50,u,0,0,0,2,1,Man Utd,A,4,0.8142,2.2702,0.008,0.0,0.0,0.0,0.0,0.0,0.0,0.0,0.0,0.0,0.0,0.0,0.0,0.0,0.0,True
231899,Taylor,Ipswich Town,MID,0,0,0,0,,,,,,,,,,,,,,,,,,,,,,,,,,,,,,,,,,,,,,,45,i,0,0,0,2,1,Man Utd,A,4,0.8142,2.2702,0.008,0.0,0.0,0.0,0.0,0.0,0.0,0.0,0.0,0.0,0.0,0.0,0.0,0.0,0.0,True
443261,Clarke,Ipswich Town,MID,19,0,1,0,,,,,,,,,,,,,,,,,,,,,,,,,,,,,,,,,,,,,,,55,a,1,0,1,2,1,Man Utd,A,4,0.8142,2.2702,1.6476,0.7594,0.4595,0.0,-0.0911,-0.0228,0.0599,0.1447,0.2412,0.0887,0.0,0.0018,0.5625,0.7594,0.4595,True
229164,Ogbene,Ipswich Town,MID,0,0,0,0,,,,,,,,,,,,,,,,,,,,,,,,,,,,,,,,,,,,,,,49,u,0,0,0,2,1,Man Utd,A,4,0.8142,2.2702,0.008,0.0,0.0,0.0,0.0,0.0,0.0,0.0,0.0,0.0,0.0,0.0,0.0,0.0,0.0,True
531442,Fatawu,Ipswich Town,MID,147,2,0,0,,,,,,,,,,,,,,,,,,,,,,,,,,,,,,,,,,,,,,,55,a,0,2,2,2,1,Man Utd,A,4,0.8142,2.2702,1.7367,0.9175,0.4678,0.0,-0.1101,-0.0275,0.094,0.0997,0.1661,0.1212,0.0,0.0001,0.85,0.9175,0.4678,True
543968,Emersonn,Ipswich Town,FWD,110,2,0,0,,,,,,,,,,,,,,,,,,,,,,,,,,,,,,,,,,,,,,,55,d,0,2,2,2,1,Man Utd,A,4,0.8142,2.2702,1.6397,0.9175,0.4678,0.0,-0.1101,-0.0275,0.0714,0.1057,0.3289,0.0,0.0,0.0,0.85,0.9175,0.4678,True
222625,Hirst,Ipswich Town,FWD,0,0,0,0,,,,,,,,,,,,,,,,,,,,,,,,,,,,,,,,,,,,,,,50,u,0,0,0,2,1,Man Utd,A,4,0.8142,2.2702,0.0,0.0,0.0,0.0,0.0,0.0,0.0,0.0,0.0,0.0,0.0,0.0,0.0,0.0,0.0,True
481624,Philogene,Ipswich Town,MID,0,0,0,0,,,,,,,,,,,,,,,,,,,,,,,,,,,,,,,,,,,,,,,54,i,0,0,0,2,1,Man Utd,A,4,0.8142,2.2702,0.008,0.0,0.0,0.0,0.0,0.0,0.0,0.0,0.0,0.0,0.0,0.0,0.0,0.0,0.0,True
172453,Szmodics,Ipswich Town,MID,0,0,0,0,,,,,,,,,,,,,,,,,,,,,,,,,,,,,,,,,,,,,,,50,u,0,0,0,2,1,Man Utd,A,4,0.8142,2.2702,0.008,0.0,0.0,0.0,0.0,0.0,0.0,0.0,0.0,0.0,0.0,0.0,0.0,0.0,0.0,True
147675,Akpom,Ipswich Town,FWD,69,0,1,0,,,,,,,,,,,,,,,,,,,,,,,,,,,,,,,,,,,,,,,50,a,1,0,1,2,1,Man Utd,A,4,0.8142,2.2702,1.5846,0.7594,0.4595,0.0,-0.0911,-0.0228,0.0509,0.132,0.4107,0.0,0.0,0.0,0.5625,0.7594,0.4595,True
557012,Walle Egeli,Ipswich Town,FWD,10,0,1,0,,,,,,,,,,,,,,,,,,,,,,,,,,,,,,,,,,,,,,,45,a,1,0,1,2,1,Man Utd,A,4,0.8142,2.2702,1.6502,0.7594,0.4595,0.0,-0.0911,-0.0228,0.0537,0.1473,0.4582,0.0,0.0,0.0,0.5625,0.7594,0.4595,True
462387,Al-Hamadi,Ipswich Town,FWD,0,0,0,0,,,,,,,,,,,,,,,,,,,,,,,,,,,,,,,,,,,,,,,50,u,0,0,0,2,1,Man Utd,A,4,0.8142,2.2702,0.0,0.0,0.0,0.0,0.0,0.0,0.0,0.0,0.0,0.0,0.0,0.0,0.0,0.0,0.0,True
461587,McAteer,Ipswich Town,MID,31,0,1,0,,,,,,,,,,,,,,,,,,,,,,,,,,,,,,,,,,,,,,,45,a,1,0,1,2,1,Man Utd,A,4,0.8142,2.2702,1.6385,0.7594,0.4595,0.0,-0.0911,-0.0228,0.0596,0.1415,0.2358,0.0887,0.0,0.0015,0.5625,0.7594,0.4595,True
232457,Mehmeti,Ipswich Town,MID,0,0,0,0,,,,,,,,,,,,,,,,,,,,,,,,,,,,,,,,,,,,,,,49,a,0,0,0,2,1,Man Utd,A,4,0.8142,2.2702,0.008,0.0,0.0,0.0,0.0,0.0,0.0,0.0,0.0,0.0,0.0,0.0,0.0,0.0,0.0,True
546600,Van Oevelen,Ipswich Town,GK,0,0,0,0,,,,,,,,,,,,,,,,,,,,,,,,,,,,,,,,,,,,,,,45,u,0,0,0,2,1,Man Utd,A,4,0.8142,2.2702,0.0,0.0,0.0,0.0,0.0,0.0,0.0,0.0,0.0,0.0,0.0,0.0,0.0,0.0,0.0,True
442967,Maeda,Ipswich Town,MID,151,2,0,0,,,,,,,,,,,,,,,,,,,,,,,,,,,,,,,,,,,,,,,55,a,0,2,2,2,1,Man Utd,A,4,0.8142,2.2702,1.735,0.9175,0.4678,0.0,-0.1101,-0.0275,0.0939,0.0991,0.1651,0.1212,0.0,0.0001,0.85,0.9175,0.4678,True
240514,Scherpen,Ipswich Town,GK,180,2,0,0,0.0,0.0,0.0,0.0,0.0,0.0,0.0,0.0,0.0,0.0,0.0,0.0,0.0,,,,,0.0,0.0,0.0,0.0,0.0,0.0,0.0,0.0,0.0,0.0,0.0,0.0,0.0,0.0,0.0,0.0,0.0,0.0,0.0,0.0,0.0,45,a,0,2,2,2,1,Man Utd,A,4,0.8142,2.2702,3.4309,0.9406,0.9353,1.1229,-0.1129,-0.0282,0.1984,0.0,0.0,0.9696,-0.3328,0.0,0.94,0.9406,0.9353,True
216055,Florentino,Ipswich Town,MID,0,0,0,0,369.3,2100.0,0.0191,0.0236,1.8712,13.6734,0.0,368.0,0.0147,0.0196,1.7535,14.6739,0.0,,,,,0.0784,0.0967,7.6783,56.1064,0.0,61.4434,0.64,0.52,46.26,313.0,0.0,357.0,14.974,0.06,0.08,7.17,60.0,0.0,65.0,368.0,15.8967,50,d,0,0,0,2,1,Man Utd,A,4,0.8142,2.2702,0.6421,0.521,0.1072,0.0,-0.0625,-0.0156,0.0146,0.0191,0.0296,0.0207,0.0,0.0846,0.1291,0.521,0.1072,True
474120,Enciso,Ipswich Town,MID,160,2,0,0,0.0,0.0,0.0,0.0,0.0,0.0,0.0,0.0,0.0,0.0,0.0,0.0,0.0,,,,,0.0,0.0,0.0,0.0,0.0,0.0,0.0,0.0,0.0,0.0,0.0,0.0,0.0,0.0,0.0,0.0,0.0,0.0,0.0,0.0,0.0,55,a,0,2,2,2,1,Man Utd,A,4,0.8142,2.2702,1.7312,0.9175,0.4678,0.0,-0.1101,-0.0275,0.0937,0.0977,0.1628,0.1212,0.0,0.0001,0.85,0.9175,0.4678,True
572584,Ouattara,Ipswich Town,DEF,27,0,1,0,,,,,,,,,,,,,,,,,,,,,,,,,,,,,,,,,,,,,,,40,a,1,0,1,2,1,Man Utd,A,4,0.8142,2.2702,1.0872,0.5975,0.5055,0.0,-0.0717,-0.0179,0.0252,0.0442,0.0883,0.3905,-0.4024,0.0923,0.5625,0.5975,0.5055,True
524180,Humphreys,Ipswich Town,MID,0,0,0,0,,,,,,,,,,,,,,,,,,,,,,,,,,,,,,,,,,,,,,,45,u,0,0,0,2,1,Man Utd,A,4,0.8142,2.2702,0.008,0.0,0.0,0.0,0.0,0.0,0.0,0.0,0.0,0.0,0.0,0.0,0.0,0.0,0.0,True
218543,Palacios,Ipswich Town,MID,28,0,1,0,,,,,,,,,,,,,,,,,,,,,,,,,,,,,,,,,,,,,,,50,a,1,0,1,2,1,Man Utd,A,4,0.8142,2.2702,1.6407,0.7594,0.4595,0.0,-0.0911,-0.0228,0.0596,0.1423,0.2371,0.0887,0.0,0.0016,0.5625,0.7594,0.4595,True
431639,Flemming,Ipswich Town,FWD,0,0,0,0,439.4,1764.0,0.3772,0.0216,1.8474,5.2218,0.6812,492.0,0.2799,0.0201,1.6957,5.3049,0.7317,,,,,1.8418,0.1055,9.0193,25.4938,3.3259,88.4631,7.939999999999999,0.41,37.06,99.0,11.0,371.0,18.1194,1.53,0.11,9.27,29.0,4.0,97.0,492.0,17.7439,55,a,0,0,0,2,1,Man Utd,A,4,0.8142,2.2702,0.739,0.5449,0.1426,0.0,-0.0654,-0.0163,0.0129,0.0235,0.2108,0.0,0.0,0.001,0.1726,0.5449,0.1426,True
153682,Wilson,Leeds,MID,110,1,0,0,451.3,2674.0,0.1951,0.1626,1.4832,5.7518,0.5705,333.0,0.1946,0.1054,1.6541,5.9459,0.0,1.4982,1.5735,1.726,1.792,0.9782,0.8155,7.4374,28.842,2.8606,102.1116,5.88,4.7700000000000005,40.14,177.0,21.0,637.0,20.3635,0.72,0.39,6.12,22.0,0.0,48.0,333.0,12.973,64,a,0,1,1,2,1,Brentford,H,3,1.1921,1.5669,3.6852,0.945,0.8713,0.0,-0.1134,-0.0284,0.2391,0.5101,1.0369,0.2166,0.0,0.0568,0.9,0.945,0.8713,False
201595,Perri,Leeds,GK,0,0,0,0,107.0,1440.0,0.0,0.0,1.6995,0.0,0.2893,0.0,0.0,0.0,0.0,0.0,0.0,1.4982,1.5735,1.726,1.792,0.0,0.0,2.0205,0.0,0.3439,11.4517,0.0,0.0,26.68,0.0,3.0,153.0,9.6323,0.0,0.0,0.0,0.0,0.0,0.0,0.0,0.0,45,u,0,0,0,2,1,Brentford,H,3,1.1921,1.5669,0.0,0.0,0.0,0.0,0.0,0.0,0.0,0.0,0.0,0.0,0.0,0.0,0.0,0.0,0.0,False
434752,Bijol,Leeds,DEF,135,2,0,0,441.7,1888.0,0.0345,0.0306,1.5154,11.4091,0.3304,492.0,0.011,0.022,1.511,10.9756,0.1829,1.4982,1.5735,1.726,1.792,0.1691,0.1503,7.4372,55.9935,1.6213,83.8462,0.9,0.75,31.48,219.0,6.0,323.0,17.0844,0.06,0.12,8.26,60.0,1.0,101.0,492.0,18.4756,50,a,0,2,2,2,1,Brentford,H,3,1.1921,1.5669,2.5555,0.908,0.8841,0.0,-0.109,-0.0272,0.2497,0.1119,0.2297,0.8789,-0.4986,0.71,0.9,0.908,0.8841,False
214225,Rodon,Leeds,DEF,123,2,0,0,505.3,2952.0,0.0367,0.0257,1.6192,8.0029,0.0351,406.0,0.0443,0.0355,1.9086,7.3153,0.0,1.4982,1.5735,1.726,1.792,0.206,0.1442,9.0907,44.9316,0.1973,63.5527,1.4,0.56,48.54,274.0,5.0,373.0,11.3195,0.2,0.16,8.61,33.0,0.0,43.0,406.0,9.532,45,d,0,2,2,2,1,Brentford,H,3,1.1921,1.5669,2.4121,0.908,0.8841,0.0,-0.109,-0.0272,0.0821,0.1024,0.2634,0.8789,-0.4986,0.2958,0.9,0.908,0.8841,False
226182,Bogle,Leeds,DEF,157,2,0,0,442.3,2795.0,0.0592,0.1693,1.2598,5.9394,0.072,302.0,0.0089,0.1699,0.9656,6.5563,0.0,1.4982,1.5735,1.726,1.792,0.2908,0.8321,6.1913,29.1887,0.3536,67.5052,2.08,3.11,39.93,178.0,1.0,311.0,13.7361,0.03,0.57,3.24,22.0,0.0,56.0,302.0,16.6887,45,a,0,2,2,2,1,Brentford,H,3,1.1921,1.5669,2.8927,0.908,0.8841,0.0,-0.109,-0.0272,0.0955,0.4916,0.3413,0.8789,-0.4986,0.1212,0.9,0.908,0.8841,False
243526,Gudmundsson,Leeds,DEF,0,0,0,0,352.2,2637.0,0.0275,0.1221,1.4037,6.0569,0.099,180.0,0.0,0.28,1.01,8.0,0.0,1.4982,1.5735,1.726,1.792,0.1078,0.4778,5.493,23.7027,0.3875,38.2948,1.1,2.89,41.06,184.0,8.0,286.0,9.7857,0.0,0.56,2.02,16.0,0.0,33.0,180.0,16.5,45,a,0,0,0,2,1,Brentford,H,3,1.1921,1.5669,0.1877,0.1381,0.0568,0.0,-0.0166,-0.0041,0.0022,0.0304,0.0144,0.0697,-0.0313,0.0033,0.0632,0.1381,0.0568,False
220627,Justin,Leeds,DEF,180,2,0,0,523.4,1893.0,0.0916,0.049,1.5465,8.7922,0.3697,540.0,0.13,0.0283,1.5883,9.8333,0.5,1.4982,1.5735,1.726,1.792,0.5327,0.2851,8.9937,51.1317,2.1503,96.7593,1.83,1.16,33.01,183.0,9.0,338.0,16.638,0.78,0.17,9.53,59.0,3.0,106.0,540.0,17.6667,45,a,0,2,2,2,1,Brentford,H,3,1.1921,1.5669,2.8764,0.908,0.8841,0.0,-0.109,-0.0272,0.1831,0.1523,0.5767,0.8789,-0.4986,0.4193,0.9,0.908,0.8841,False
437738,Bornauw,Leeds,DEF,0,0,0,0,111.5,429.0,0.096,0.001,2.2165,9.3075,0.0,125.0,0.144,0.0,2.7216,7.92,0.0,1.4982,1.5735,1.726,1.792,0.1189,0.0012,2.746,11.531,0.0,19.206,0.2,0.01,8.71,49.0,0.0,73.0,15.5026,0.2,0.0,3.78,11.0,0.0,25.0,125.0,18.0,45,u,0,0,0,2,1,Brentford,H,3,1.1921,1.5669,0.0,0.0,0.0,0.0,0.0,0.0,0.0,0.0,0.0,0.0,0.0,0.0,0.0,0.0,0.0,False
522047,Muharemović,Leeds,DEF,180,2,0,0,,,,,,,,,,,,,,1.4982,1.5735,1.726,1.792,,,,,,,,,,,,,,,,,,,,,,50,a,0,2,2,2,1,Brentford,H,3,1.1921,1.5669,1.9274,0.862,0.4676,0.0,-0.1034,-0.0259,0.0906,0.0562,0.1125,0.7137,-0.1739,0.0038,0.85,0.862,0.4676,False
466525,Stach,Leeds,MID,180,2,0,0,369.6,2369.0,0.1051,0.1631,1.2904,10.1879,0.6692,234.0,0.1462,0.0692,1.4692,8.0769,1.1538,1.4982,1.5735,1.726,1.792,0.4317,0.6697,5.2991,41.8383,2.7482,85.2533,2.88,4.47,34.05,266.0,14.0,550.0,20.7597,0.38,0.18,3.82,21.0,3.0,52.0,234.0,20.0,60,a,0,2,2,2,1,Brentford,H,3,1.1921,1.5669,3.4045,0.945,0.8713,0.0,-0.1134,-0.0284,0.3492,0.5039,0.6523,0.2166,0.0,0.4194,0.9,0.945,0.8713,False
435997,Okafor,Leeds,MID,92,1,0,0,223.8,1553.0,0.3578,0.0884,1.2524,7.0616,1.3068,193.0,0.4104,0.1399,0.6389,10.7254,2.3316,1.4982,1.5735,1.726,1.792,0.8898,0.2198,3.1143,17.5598,3.2495,71.0991,5.25,1.32,24.54,113.0,11.0,354.0,28.5921,0.88,0.3,1.37,23.0,5.0,76.0,193.0,35.4404,59,a,0,1,1,2,1,Brentford,H,3,1.1921,1.5669,4.1779,0.8969,0.7868,0.0,-0.1076,-0.0269,0.5389,0.3296,1.5566,0.1956,0.0,0.1226,0.8125,0.8969,0.7868,False
427637,Aaronson,Leeds,MID,126,2,0,0,463.2,2449.0,0.1339,0.1125,1.4717,7.4344,0.0811,389.0,0.0717,0.1296,1.5871,7.4036,0.0,1.4982,1.5735,1.726,1.792,0.6892,0.5792,7.5741,38.2626,0.4172,69.1769,4.53,3.6,37.07,216.0,5.0,446.0,13.4411,0.31,0.5599999999999999,6.859999999999999,32.0,0.0,57.0,389.0,13.1877,55,a,0,2,2,2,1,Brentford,H,3,1.1921,1.5669,3.1224,0.945,0.8713,0.0,-0.1134,-0.0284,0.1038,0.4055,0.7141,0.2166,0.0,0.1579,0.9,0.945,0.8713,False
199598,Ampadu,Leeds,MID,180,2,0,0,600.0,3119.0,0.0689,0.0645,1.5008,11.7943,0.4579,540.0,0.1,0.0217,1.5883,10.6667,0.8333,1.4982,1.5735,1.726,1.792,0.4596,0.4302,10.0054,78.6285,3.0529,116.2102,2.47,2.2,48.66,416.0,11.0,586.0,17.4315,0.6,0.13,9.53,64.0,5.0,107.0,540.0,17.8333,55,a,0,2,2,2,1,Brentford,H,3,1.1921,1.5669,2.9003,0.945,0.8713,0.0,-0.1134,-0.0284,0.2825,0.2372,0.4815,0.2166,0.0,0.6697,0.9,0.945,0.8713,False
180135,Longstaff,Leeds,MID,8,0,1,0,78.6,1003.0,0.2645,0.3315,2.2421,11.3274,0.6243,56.0,0.6429,0.6268,3.0696,16.0714,1.6071,1.4982,1.5735,1.726,1.792,0.231,0.2895,1.9581,9.8926,0.5452,27.8228,1.23,1.87,15.88,110.0,5.0,273.0,31.8582,0.4,0.39,1.91,10.0,1.0,36.0,56.0,57.8571,50,a,1,0,1,2,1,Brentford,H,3,1.1921,1.5669,2.7199,0.7594,0.4537,0.0,-0.0911,-0.0228,0.2473,0.508,0.7182,0.1392,0.0,0.1118,0.5625,0.7594,0.4537,False
492859,Gnonto,Leeds,MID,0,0,0,0,95.4,521.0,0.0684,0.1267,2.174,10.9337,0.0,128.0,0.0773,0.1336,2.0742,11.25,0.0,1.4982,1.5735,1.726,1.792,0.0725,0.1343,2.3044,11.5897,0.0,26.3863,0.4,0.77,11.99,59.0,0.0,134.0,24.8927,0.11,0.19,2.95,16.0,0.0,43.0,128.0,30.2344,50,u,0,0,0,2,1,Brentford,H,3,1.1921,1.5669,0.008,0.0,0.0,0.0,0.0,0.0,0.0,0.0,0.0,0.0,0.0,0.0,0.0,0.0,0.0,False
221399,Harrison,Leeds,MID,0,0,0,0,10.6,262.0,0.1036,0.0815,1.3746,7.706,0.0,0.0,0.0,0.0,0.0,0.0,0.0,1.4982,1.5735,1.726,1.792,0.0122,0.0096,0.1619,0.9076,0.0,2.0602,0.28,0.2299999999999999,3.82,24.0,0.0,51.0,17.4923,0.0,0.0,0.0,0.0,0.0,0.0,0.0,0.0,50,u,0,0,0,2,1,Brentford,H,3,1.1921,1.5669,0.008,0.0,0.0,0.0,0.0,0.0,0.0,0.0,0.0,0.0,0.0,0.0,0.0,0.0,0.0,False
200617,James,Leeds,MID,22,0,1,0,103.1,547.0,0.1153,0.0818,2.5078,6.8096,0.0,142.0,0.1268,0.0761,2.4465,5.7042,0.0,1.4982,1.5735,1.726,1.792,0.1321,0.0937,2.8728,7.8008,0.0,18.859,0.91,0.71,14.39,35.0,0.0,93.0,16.4628,0.2,0.12,3.86,9.0,0.0,21.0,142.0,13.3099,50,a,1,0,1,2,1,Brentford,H,3,1.1921,1.5669,1.9177,0.7594,0.4537,0.0,-0.0911,-0.0228,0.0541,0.2112,0.406,0.1392,0.0,0.0085,0.5625,0.7594,0.4537,False
486520,Gruev,Leeds,MID,0,0,0,0,198.0,1318.0,0.045,0.0625,1.5995,7.3768,0.2629,12.0,0.0,0.0,0.0,15.0,0.0,1.4982,1.5735,1.726,1.792,0.099,0.1375,3.5188,16.2289,0.5783,33.7888,0.4899999999999999,0.86,25.27,114.0,3.0,245.0,15.3585,0.0,0.0,0.0,2.0,0.0,3.0,12.0,22.5,50,d,0,0,0,2,1,Brentford,H,3,1.1921,1.5669,0.4872,0.4523,0.0046,0.0,-0.0543,-0.0136,0.0122,0.0314,0.0447,0.0018,0.0,0.0001,0.0042,0.4523,0.0046,False
248056,Tanaka,Leeds,MID,45,0,1,0,305.6,1307.0,0.0869,0.1,1.4356,10.6091,0.3261,475.0,0.0322,0.0512,1.4078,10.6105,0.3789,1.4982,1.5735,1.726,1.792,0.2952,0.3394,4.8748,36.0239,1.1072,66.0784,1.44,1.39,21.49,147.0,4.0,288.0,19.4603,0.1699999999999999,0.27,7.43,56.0,2.0,99.0,475.0,18.7579,49,a,1,0,1,2,1,Brentford,H,3,1.1921,1.5669,1.8269,0.7594,0.4537,0.0,-0.0911,-0.0228,0.0782,0.1997,0.3026,0.1392,0.0,0.0958,0.5625,0.7594,0.4537,False
177815,Calvert-Lewin,Leeds,FWD,180,2,0,0,554.1,2721.0,0.5329,0.0198,1.3348,3.8149,0.5577,518.0,0.5056,0.0104,1.5064,3.8224,0.695,1.4982,1.5735,1.726,1.792,3.2808,0.122,8.2177,23.4871,3.4338,92.4555,15.57,1.06,35.74,105.0,20.0,472.0,15.0171,2.91,0.06,8.67,22.0,4.0,112.0,518.0,19.4595,60,a,0,2,2,2,1,Brentford,H,3,1.1921,1.5669,4.3371,0.945,0.8713,0.0,-0.1134,-0.0284,0.4382,0.1381,2.2002,0.0,0.0,0.0038,0.9,0.945,0.8713,False
174594,Nmecha,Leeds,FWD,21,0,1,0,214.6,1065.0,0.4591,0.2201,1.9615,5.3864,0.4015,199.0,0.4658,0.2985,2.2884,6.7839,0.0,1.4982,1.5735,1.726,1.792,1.0947,0.5247,4.677,12.8435,0.9574,43.8315,7.25,1.58,21.84,57.0,8.0,268.0,18.3823,1.03,0.66,5.06,15.0,0.0,32.0,199.0,14.4724,55,a,1,0,1,2,1,Brentford,H,3,1.1921,1.5669,2.4745,0.7594,0.4537,0.0,-0.0911,-0.0228,0.0868,0.37,1.0326,0.0,0.0,0.0021,0.5625,0.7594,0.4537,False
235826,Piroe,Leeds,FWD,0,0,0,0,26.8,244.0,0.4302,0.0581,4.0476,8.3368,0.0,29.0,0.2793,0.0,4.6862,9.3103,0.0,1.4982,1.5735,1.726,1.792,0.1281,0.0173,1.2053,2.4825,0.0,7.9491,0.9,0.13,6.8100000000000005,14.0,0.0,42.0,26.6947,0.09,0.0,1.51,3.0,0.0,8.0,29.0,24.8276,50,u,0,0,0,2,1,Brentford,H,3,1.1921,1.5669,0.0,0.0,0.0,0.0,0.0,0.0,0.0,0.0,0.0,0.0,0.0,0.0,0.0,0.0,0.0,False
565297,Mateo Joseph,Leeds,FWD,0,0,0,0,0.0,0.0,0.0,0.0,0.0,0.0,0.0,0.0,0.0,0.0,0.0,0.0,0.0,1.4982,1.5735,1.726,1.792,0.0,0.0,0.0,0.0,0.0,0.0,0.0,0.0,0.0,0.0,0.0,0.0,0.0,0.0,0.0,0.0,0.0,0.0,0.0,0.0,0.0,45,i,0,0,0,2,1,Brentford,H,3,1.1921,1.5669,0.0,0.0,0.0,0.0,0.0,0.0,0.0,0.0,0.0,0.0,0.0,0.0,0.0,0.0,0.0,False
432720,Trafford,Leeds,GK,180,2,0,0,60.6,360.0,0.0,0.0,1.7243,0.0,0.0,90.0,0.0,0.0,1.77,0.0,0.0,1.4982,1.5735,1.726,1.792,0.0,0.0,1.161,0.0,0.0,4.5775,0.0,0.0,5.74,0.0,0.0,67.0,6.7983,0.0,0.0,1.77,0.0,0.0,5.0,90.0,5.0,50,a,0,2,2,2,1,Brentford,H,3,1.1921,1.5669,3.8154,0.9406,0.9353,0.8971,-0.1129,-0.0282,0.2096,0.0,0.0,1.4275,-0.1917,0.0,0.94,0.9406,0.9353,False
173774,Elvedi,Leeds,DEF,56,0,1,0,,,,,,,,,,,,,,1.4982,1.5735,1.726,1.792,,,,,,,,,,,,,,,,,,,,,,45,a,1,0,1,2,1,Brentford,H,3,1.1921,1.5669,1.5786,0.5975,0.5023,0.0,-0.0717,-0.0179,0.0386,0.0766,0.1533,0.6165,-0.2446,0.0468,0.5625,0.5975,0.5023,False
643970,Lienou,Leeds,DEF,0,0,0,0,0.0,0.0,0.0,0.0,0.0,0.0,0.0,0.0,0.0,0.0,0.0,0.0,0.0,1.4982,1.5735,1.726,1.792,0.0,0.0,0.0,0.0,0.0,0.0,0.0,0.0,0.0,0.0,0.0,0.0,0.0,0.0,0.0,0.0,0.0,0.0,0.0,0.0,0.0,40,a,0,0,0,2,1,Brentford,H,3,1.1921,1.5669,0.0,0.0,0.0,0.0,0.0,0.0,0.0,0.0,0.0,0.0,0.0,0.0,0.0,0.0,0.0,False
592740,Cresswell,Leeds,MID,0,0,0,0,0.0,0.0,0.0,0.0,0.0,0.0,0.0,0.0,0.0,0.0,0.0,0.0,0.0,1.4982,1.5735,1.726,1.792,0.0,0.0,0.0,0.0,0.0,0.0,0.0,0.0,0.0,0.0,0.0,0.0,0.0,0.0,0.0,0.0,0.0,0.0,0.0,0.0,0.0,45,a,0,0,0,2,1,Brentford,H,3,1.1921,1.5669,0.008,0.0,0.0,0.0,0.0,0.0,0.0,0.0,0.0,0.0,0.0,0.0,0.0,0.0,0.0,False
97846,Cairns,Leeds,GK,0,0,0,0,0.0,0.0,0.0,0.0,0.0,0.0,0.0,0.0,0.0,0.0,0.0,0.0,0.0,1.4982,1.5735,1.726,1.792,0.0,0.0,0.0,0.0,0.0,0.0,0.0,0.0,0.0,0.0,0.0,0.0,0.0,0.0,0.0,0.0,0.0,0.0,0.0,0.0,0.0,40,a,0,0,0,2,1,Brentford,H,3,1.1921,1.5669,0.0,0.0,0.0,0.0,0.0,0.0,0.0,0.0,0.0,0.0,0.0,0.0,0.0,0.0,0.0,False
155465,Zetterer,Leeds,GK,0,0,0,0,,,,,,,,,,,,,,1.4982,1.5735,1.726,1.792,,,,,,,,,,,,,,,,,,,,,,40,a,0,0,0,2,1,Brentford,H,3,1.1921,1.5669,0.0,0.0,0.0,0.0,0.0,0.0,0.0,0.0,0.0,0.0,0.0,0.0,0.0,0.0,0.0,False
437497,Bard,Leeds,DEF,0,0,0,0,,,,,,,,,,,,,,1.4982,1.5735,1.726,1.792,,,,,,,,,,,,,,,,,,,,,,45,a,0,0,0,2,1,Brentford,H,3,1.1921,1.5669,0.0,0.0,0.0,0.0,0.0,0.0,0.0,0.0,0.0,0.0,0.0,0.0,0.0,0.0,0.0,False
587982,Bahoya,Leeds,MID,0,0,0,0,,,,,,,,,,,,,,1.4982,1.5735,1.726,1.792,,,,,,,,,,,,,,,,,,,,,,50,a,0,0,0,2,1,Brentford,H,3,1.1921,1.5669,0.008,0.0,0.0,0.0,0.0,0.0,0.0,0.0,0.0,0.0,0.0,0.0,0.0,0.0,0.0,False
116535,A.Becker,Liverpool,GK,180,2,0,0,330.1,2340.0,0.0,0.0008,1.2143,0.0,0.271,90.0,0.0,0.0,1.56,0.0,0.0,1.5764,1.371,1.4167,1.55,0.0,0.0029,4.4538,0.0,0.9941,52.9479,0.0,0.03,29.58,0.0,8.0,389.0,14.436,0.0,0.0,1.56,0.0,0.0,7.0,90.0,7.0,55,a,0,2,2,2,1,Nott'm Forest,H,3,1.1751,1.1937,4.4874,0.96,0.9453,0.8317,-0.1152,-0.0288,0.4913,0.001,0.0,1.7904,-0.1263,0.0,0.95,0.96,0.9453,False
449027,Mamardashvili,Liverpool,GK,0,0,0,0,198.9,867.0,0.0,0.0,1.3205,0.0,0.32,237.0,0.0,0.0,1.1316,0.0,0.0,1.5764,1.371,1.4167,1.55,0.0,0.0,2.9184,0.0,0.7071,30.7784,0.0,0.0,13.29,0.0,2.0,139.0,13.9269,0.0,0.0,2.98,0.0,0.0,25.0,237.0,9.4937,49,a,0,0,0,2,1,Nott'm Forest,H,3,1.1751,1.1937,0.0813,0.0924,0.0828,0.0728,-0.0111,-0.0028,0.0018,0.0,0.0,0.1319,-0.0246,0.0,0.0832,0.0924,0.0828,False
155503,Woodman,Liverpool,GK,0,0,0,0,91.4,212.0,0.0,0.0,2.0529,0.0,0.0,212.0,0.0,0.0,2.0208,0.0,0.0,1.5764,1.371,1.4167,1.55,0.0,0.0,2.0848,0.0,0.0,14.3173,0.0,0.0,4.76,0.0,0.0,34.0,14.098,0.0,0.0,4.76,0.0,0.0,34.0,212.0,14.434,40,a,0,0,0,2,1,Nott'm Forest,H,3,1.1751,1.1937,0.046,0.0837,0.0741,0.0651,-0.01,-0.0025,0.0016,0.0,0.0,0.1181,-0.022,0.0,0.0744,0.0837,0.0741,False
586268,Pecsi,Liverpool,GK,0,0,0,0,0.0,0.0,0.0,0.0,0.0,0.0,0.0,0.0,0.0,0.0,0.0,0.0,0.0,1.5764,1.371,1.4167,1.55,0.0,0.0,0.0,0.0,0.0,0.0,0.0,0.0,0.0,0.0,0.0,0.0,0.0,0.0,0.0,0.0,0.0,0.0,0.0,0.0,0.0,40,u,0,0,0,2,1,Nott'm Forest,H,3,1.1751,1.1937,0.0,0.0,0.0,0.0,0.0,0.0,0.0,0.0,0.0,0.0,0.0,0.0,0.0,0.0,0.0,False
432987,Jaros,Liverpool,GK,0,0,0,0,,,,,,,,,,,,,,1.5764,1.371,1.4167,1.55,,,,,,,,,,,,,,,,,,,,,,40,i,0,0,0,2,1,Nott'm Forest,H,3,1.1751,1.1937,0.0,0.0,0.0,0.0,0.0,0.0,0.0,0.0,0.0,0.0,0.0,0.0,0.0,0.0,0.0,False
464353,Davies,Liverpool,GK,0,0,0,0,,,,,,,,,,,,,,1.5764,1.371,1.4167,1.55,,,,,,,,,,,,,,,,,,,,,,40,a,0,0,0,2,1,Nott'm Forest,H,3,1.1751,1.1937,0.0,0.0,0.0,0.0,0.0,0.0,0.0,0.0,0.0,0.0,0.0,0.0,0.0,0.0,0.0,False
97032,Virgil,Liverpool,DEF,180,2,0,0,620.8,3420.0,0.1439,0.0476,1.371,8.6333,0.2265,540.0,0.165,0.0383,1.55,8.0,0.0,1.5764,1.371,1.4167,1.55,0.9924,0.328,9.457,59.5504,1.5625,109.2738,3.77,1.44,47.63,352.0,10.0,593.0,15.8419,0.99,0.23,9.3,48.0,0.0,88.0,540.0,14.6667,65,a,0,2,2,2,1,Nott'm Forest,H,3,1.1751,1.1937,3.6552,0.908,0.8808,0.0,-0.109,-0.0272,0.2132,0.1509,0.867,1.1861,-0.3426,0.3073,0.9,0.908,0.8808,False
216094,Frimpong,Liverpool,DEF,160,2,0,0,250.3,1032.0,0.0328,0.1084,1.2321,2.1629,0.098,217.0,0.029,0.0581,1.688,0.8295,0.0,1.5764,1.371,1.4167,1.55,0.0912,0.3016,3.4265,6.0152,0.2726,46.585,0.5,1.55,12.97,30.0,1.0,237.0,16.7505,0.07,0.14,4.07,2.0,0.0,10.0,217.0,4.1475,55,a,0,2,2,2,1,Nott'm Forest,H,3,1.1751,1.1937,2.9265,0.862,0.8319,0.0,-0.1034,-0.0259,0.1415,0.2592,0.2365,1.1203,-0.3237,0.0072,0.85,0.862,0.8319,False
544877,Kerkez,Liverpool,DEF,160,2,0,0,345.1,2251.0,0.0617,0.0221,1.2673,4.2635,0.1297,225.0,0.012,0.016,1.252,3.6,0.0,1.5764,1.371,1.4167,1.55,0.2366,0.0849,4.8595,16.3482,0.4973,52.9299,1.5,0.6900000000000001,30.1,134.0,4.0,357.0,13.8038,0.03,0.04,3.1300000000000003,9.0,0.0,22.0,225.0,8.8,55,a,0,2,2,2,1,Nott'm Forest,H,3,1.1751,1.1937,2.9875,0.908,0.8808,0.0,-0.109,-0.0272,0.1197,0.088,0.3557,1.1861,-0.3426,0.0246,0.9,0.908,0.8808,False
171287,Gomez,Liverpool,DEF,0,0,0,0,129.9,594.0,0.0344,0.0485,1.5423,6.6487,0.0944,82.0,0.0549,0.022,1.4159,7.6829,0.0,1.5764,1.371,1.4167,1.55,0.0497,0.07,2.226,9.5963,0.1363,11.9444,0.28,0.64,9.31,46.0,2.0,94.0,8.2756,0.05,0.02,1.29,7.0,0.0,3.0,82.0,3.2927,50,i,0,0,0,2,1,Nott'm Forest,H,3,1.1751,1.1937,0.0,0.0,0.0,0.0,0.0,0.0,0.0,0.0,0.0,0.0,0.0,0.0,0.0,0.0,0.0,False
492777,Bradley,Liverpool,DEF,0,0,0,0,68.6,928.0,0.0207,0.0743,0.8806,6.9229,0.328,0.0,0.0,0.0,0.0,0.0,0.0,1.5764,1.371,1.4167,1.55,0.0158,0.0566,0.6712,5.2768,0.25,14.6163,0.18,0.8400000000000001,10.77,65.0,2.0,157.0,19.1759,0.0,0.0,0.0,0.0,0.0,0.0,0.0,0.0,50,i,0,0,0,2,1,Nott'm Forest,H,3,1.1751,1.1937,0.0,0.0,0.0,0.0,0.0,0.0,0.0,0.0,0.0,0.0,0.0,0.0,0.0,0.0,0.0,False
519440,Lucky,Liverpool,DEF,0,0,0,0,0.0,0.0,0.0,0.0,0.0,0.0,0.0,0.0,0.0,0.0,0.0,0.0,0.0,1.5764,1.371,1.4167,1.55,0.0,0.0,0.0,0.0,0.0,0.0,0.0,0.0,0.0,0.0,0.0,0.0,0.0,0.0,0.0,0.0,0.0,0.0,0.0,0.0,0.0,40,a,0,0,0,2,1,Nott'm Forest,H,3,1.1751,1.1937,0.0,0.0,0.0,0.0,0.0,0.0,0.0,0.0,0.0,0.0,0.0,0.0,0.0,0.0,0.0,False
606702,Jacquet,Liverpool,DEF,145,2,0,0,,,,,,,,,,,,,,1.5764,1.371,1.4167,1.55,,,,,,,,,,,,,,,,,,,,,,50,a,0,2,2,2,1,Nott'm Forest,H,3,1.1751,1.1937,2.189,0.862,0.4676,0.0,-0.1034,-0.0259,0.1129,0.0584,0.1169,0.8856,-0.1131,0.0038,0.85,0.862,0.4676,False
647681,Leoni,Liverpool,DEF,0,0,0,0,0.0,0.0,0.0,0.0,0.0,0.0,0.0,0.0,0.0,0.0,0.0,0.0,0.0,1.5764,1.371,1.4167,1.55,0.0,0.0,0.0,0.0,0.0,0.0,0.0,0.0,0.0,0.0,0.0,0.0,0.0,0.0,0.0,0.0,0.0,0.0,0.0,0.0,0.0,40,i,0,0,0,2,1,Nott'm Forest,H,3,1.1751,1.1937,0.0,0.0,0.0,0.0,0.0,0.0,0.0,0.0,0.0,0.0,0.0,0.0,0.0,0.0,0.0,False
214285,Tsimikas,Liverpool,DEF,19,0,1,0,0.0,0.0,0.0,0.0,0.0,0.0,0.0,0.0,0.0,0.0,0.0,0.0,0.0,1.5764,1.371,1.4167,1.55,0.0,0.0,0.0,0.0,0.0,0.0,0.0,0.0,0.0,0.0,0.0,0.0,0.0,0.0,0.0,0.0,0.0,0.0,0.0,0.0,0.0,50,a,1,0,1,2,1,Nott'm Forest,H,3,1.1751,1.1937,1.8315,0.5975,0.4896,0.0,-0.0717,-0.0179,0.0486,0.0809,0.1618,0.7801,-0.1655,0.0493,0.5625,0.5975,0.4896,False
489580,Ramsay,Liverpool,DEF,0,0,0,0,0.0,0.0,0.0,0.0,0.0,0.0,0.0,0.0,0.0,0.0,0.0,0.0,0.0,1.5764,1.371,1.4167,1.55,0.0,0.0,0.0,0.0,0.0,0.0,0.0,0.0,0.0,0.0,0.0,0.0,0.0,0.0,0.0,0.0,0.0,0.0,0.0,0.0,0.0,40,u,0,0,0,2,1,Nott'm Forest,H,3,1.1751,1.1937,0.0,0.0,0.0,0.0,0.0,0.0,0.0,0.0,0.0,0.0,0.0,0.0,0.0,0.0,0.0,False
494595,Wirtz,Liverpool,MID,152,2,0,0,381.9,2374.0,0.2877,0.191,1.5314,7.0898,0.5534,304.0,0.2546,0.1569,2.0339,6.8092,0.2961,1.5764,1.371,1.4167,1.55,1.2206,0.8105,6.4984,30.0845,2.3481,84.6823,6.83,5.140000000000001,33.99,176.0,17.0,521.0,19.9566,0.8599999999999999,0.53,6.869999999999999,23.0,1.0,56.0,304.0,16.5789,75,a,0,2,2,2,1,Nott'm Forest,H,3,1.1751,1.1937,4.2213,0.945,0.8652,0.0,-0.1134,-0.0284,0.2603,0.5874,1.4058,0.2913,0.0,0.0995,0.9,0.945,0.8652,False
243298,Gakpo,Liverpool,MID,160,2,0,0,535.4,2736.0,0.2641,0.0965,1.3427,4.6283,0.0432,502.0,0.2922,0.0645,1.6494,3.5857,0.0,1.5764,1.371,1.4167,1.55,1.5709,0.574,7.9873,27.5335,0.257,67.4741,8.35,4.67,34.94,152.0,5.0,449.0,11.3423,1.63,0.36,9.2,20.0,0.0,55.0,502.0,9.8606,70,a,0,2,2,2,1,Nott'm Forest,H,3,1.1751,1.1937,3.7934,0.945,0.8652,0.0,-0.1134,-0.0284,0.1382,0.3315,1.356,0.2913,0.0,0.0113,0.9,0.945,0.8652,False
424876,Szoboszlai,Liverpool,MID,180,2,0,0,591.7,3232.0,0.1363,0.2368,1.3959,8.8445,0.6366,540.0,0.1533,0.2667,1.55,6.3333,0.6667,1.5764,1.371,1.4167,1.55,0.8963,1.5566,9.1772,58.148,4.1854,154.7155,4.76,6.83,45.63,338.0,21.0,780.0,23.5329,0.92,1.6,9.3,38.0,4.0,152.0,540.0,25.3333,70,a,0,2,2,2,1,Nott'm Forest,H,3,1.1751,1.1937,3.9426,0.945,0.8652,0.0,-0.1134,-0.0284,0.4556,0.7479,0.7714,0.2913,0.0,0.2124,0.9,0.945,0.8652,False
611922,Ngumoha,Liverpool,MID,81,1,0,0,210.6,547.0,0.1635,0.25,1.2871,4.7302,0.667,261.0,0.1379,0.0931,1.2069,4.1379,0.3448,1.5764,1.371,1.4167,1.55,0.3825,0.585,3.0119,11.0686,1.5607,52.6313,1.34,2.01,8.92,30.0,4.0,188.0,22.492,0.4,0.27,3.5,12.0,1.0,41.0,261.0,14.1379,59,a,0,1,1,2,1,Nott'm Forest,H,3,1.1751,1.1937,3.3925,0.8969,0.7813,0.0,-0.1076,-0.0269,0.2337,0.5699,0.7743,0.263,0.0,0.0098,0.8125,0.8969,0.7813,False
223541,Chiesa,Liverpool,MID,0,0,0,0,48.7,317.0,0.2868,0.1403,2.0948,6.1592,0.0,40.0,0.2025,0.0,2.4525,2.25,0.0,1.5764,1.371,1.4167,1.55,0.1552,0.0759,1.1335,3.3328,0.0,14.8191,1.45,0.61,6.5,30.0,0.0,135.0,27.3864,0.09,0.0,1.09,1.0,0.0,10.0,40.0,22.5,54,i,0,0,0,2,1,Nott'm Forest,H,3,1.1751,1.1937,0.008,0.0,0.0,0.0,0.0,0.0,0.0,0.0,0.0,0.0,0.0,0.0,0.0,0.0,0.0,False
441266,Gravenberch,Liverpool,MID,96,1,0,0,530.1,2991.0,0.058,0.0614,1.2606,8.2288,0.4255,428.0,0.0547,0.0421,1.2428,6.3084,0.6308,1.5764,1.371,1.4167,1.55,0.3416,0.3614,7.4247,48.4674,2.5064,109.3185,1.89,2.26,38.41,298.0,17.0,671.0,18.56,0.26,0.2,5.91,30.0,3.0,84.0,428.0,17.6636,60,a,0,1,1,2,1,Nott'm Forest,H,3,1.1751,1.1937,2.8189,0.945,0.8652,0.0,-0.1134,-0.0284,0.2147,0.2398,0.3967,0.2913,0.0,0.1682,0.9,0.945,0.8652,False
243016,Mac Allister,Liverpool,MID,103,1,0,0,520.7,2654.0,0.1355,0.0564,1.4272,7.7982,0.4747,456.0,0.1007,0.0651,1.6796,7.5,0.5921,1.5764,1.371,1.4167,1.55,0.7837,0.3263,8.2572,45.1168,2.7464,99.2298,3.89,1.69,36.97,229.0,9.0,490.0,17.1513,0.51,0.33,8.51,38.0,3.0,91.0,456.0,17.9605,55,a,0,1,1,2,1,Nott'm Forest,H,3,1.1751,1.1937,3.1196,0.945,0.8652,0.0,-0.1134,-0.0284,0.1801,0.2445,0.7273,0.2913,0.0,0.1498,0.9,0.945,0.8652,False
206915,C.Jones,Liverpool,MID,0,0,0,0,435.4,1923.0,0.1314,0.0867,1.5197,11.8252,0.5245,536.0,0.1209,0.0672,1.5616,13.2649,0.5037,1.5764,1.371,1.4167,1.55,0.6356,0.4193,7.3518,57.2077,2.5373,104.9474,2.21,2.77,31.44,237.0,6.0,447.0,21.6933,0.72,0.4,9.3,79.0,3.0,135.0,536.0,22.6679,55,u,0,0,0,2,1,Nott'm Forest,H,3,1.1751,1.1937,0.008,0.0,0.0,0.0,0.0,0.0,0.0,0.0,0.0,0.0,0.0,0.0,0.0,0.0,0.0,False
158983,Endo,Liverpool,MID,0,0,0,0,25.4,170.0,0.0298,0.0305,1.5626,11.9976,0.0,0.0,0.0,0.0,0.0,0.0,0.0,1.5764,1.371,1.4167,1.55,0.0084,0.0086,0.441,3.386,0.0,5.7207,0.04,0.05,4.11,23.0,0.0,49.0,20.2702,0.0,0.0,0.0,0.0,0.0,0.0,0.0,0.0,50,a,0,0,0,2,1,Nott'm Forest,H,3,1.1751,1.1937,0.008,0.0,0.0,0.0,0.0,0.0,0.0,0.0,0.0,0.0,0.0,0.0,0.0,0.0,0.0,False
591386,Nyoni,Liverpool,MID,13,0,1,0,7.8,21.0,1.0673,0.1027,4.425,26.3515,0.0,7.0,0.0,0.1286,5.6571,38.5714,0.0,1.5764,1.371,1.4167,1.55,0.0925,0.0089,0.3835,2.2838,0.0,3.1499,0.37,0.02,0.85,5.0,0.0,11.0,36.345,0.0,0.01,0.44,3.0,0.0,2.0,7.0,25.7143,50,a,1,0,1,2,1,Nott'm Forest,H,3,1.1751,1.1937,2.1713,0.7594,0.4306,0.0,-0.0911,-0.0228,0.0861,0.2676,0.5619,0.1715,0.0,0.0032,0.5625,0.7594,0.4306,False
535928,Bajcetic,Liverpool,MID,0,0,0,0,0.0,0.0,0.0,0.0,0.0,0.0,0.0,0.0,0.0,0.0,0.0,0.0,0.0,1.5764,1.371,1.4167,1.55,0.0,0.0,0.0,0.0,0.0,0.0,0.0,0.0,0.0,0.0,0.0,0.0,0.0,0.0,0.0,0.0,0.0,0.0,0.0,0.0,0.0,50,u,0,0,0,2,1,Nott'm Forest,H,3,1.1751,1.1937,0.008,0.0,0.0,0.0,0.0,0.0,0.0,0.0,0.0,0.0,0.0,0.0,0.0,0.0,0.0,False
551499,Munoz,Liverpool,MID,117,1,0,0,,,,,,,,,,,,,,1.5764,1.371,1.4167,1.55,,,,,,,,,,,,,,,,,,,,,,65,a,0,1,1,2,1,Nott'm Forest,H,3,1.1751,1.1937,2.0494,0.8969,0.4473,0.0,-0.1076,-0.0269,0.1343,0.1821,0.3035,0.2118,0.0,0.0,0.8125,0.8969,0.4473,False
491501,McConnell,Liverpool,MID,0,0,0,0,0.0,0.0,0.0,0.0,0.0,0.0,0.0,0.0,0.0,0.0,0.0,0.0,0.0,1.5764,1.371,1.4167,1.55,0.0,0.0,0.0,0.0,0.0,0.0,0.0,0.0,0.0,0.0,0.0,0.0,0.0,0.0,0.0,0.0,0.0,0.0,0.0,0.0,0.0,45,a,0,0,0,2,1,Nott'm Forest,H,3,1.1751,1.1937,0.008,0.0,0.0,0.0,0.0,0.0,0.0,0.0,0.0,0.0,0.0,0.0,0.0,0.0,0.0,False
219168,Isak,Liverpool,FWD,180,2,0,0,107.0,694.0,0.2876,0.0074,1.3319,3.6121,0.8457,172.0,0.2878,0.0052,1.4808,2.6163,1.0465,1.5764,1.371,1.4167,1.55,0.3419,0.0088,1.5835,4.2944,1.0054,25.4696,2.59,0.08,8.38,30.0,4.0,140.0,21.423,0.55,0.01,2.83,5.0,2.0,43.0,172.0,22.5,90,a,0,2,2,2,1,Nott'm Forest,H,3,1.1751,1.1937,3.1827,0.9175,0.7857,0.0,-0.1101,-0.0275,0.3037,0.2031,1.2244,0.0,0.0,0.0003,0.85,0.9175,0.7857,False
510663,Ekitiké,Liverpool,FWD,0,0,0,0,212.8,1797.0,0.5451,0.1583,1.2989,4.3038,0.9613,0.0,0.0,0.0,0.0,0.0,0.0,1.5764,1.371,1.4167,1.55,1.2888,0.3743,3.0712,10.1762,2.273,47.9777,10.1,2.45,26.11,85.0,22.0,433.0,20.2913,0.0,0.0,0.0,0.0,0.0,0.0,0.0,0.0,75,i,0,0,0,2,1,Nott'm Forest,H,3,1.1751,1.1937,0.0,0.0,0.0,0.0,0.0,0.0,0.0,0.0,0.0,0.0,0.0,0.0,0.0,0.0,0.0,False
514514,Koumas,Liverpool,MID,12,0,1,0,,,,,,,,,,,,,,1.5764,1.371,1.4167,1.55,,,,,,,,,,,,,,,,,,,,,,50,a,1,0,1,2,1,Nott'm Forest,H,3,1.1751,1.1937,2.0576,0.7594,0.4306,0.0,-0.0911,-0.0228,0.0962,0.2647,0.4411,0.1715,0.0,0.0007,0.5625,0.7594,0.4306,False
500058,Danns,Liverpool,FWD,0,0,0,0,0.0,0.0,0.0,0.0,0.0,0.0,0.0,0.0,0.0,0.0,0.0,0.0,0.0,1.5764,1.371,1.4167,1.55,0.0,0.0,0.0,0.0,0.0,0.0,0.0,0.0,0.0,0.0,0.0,0.0,0.0,0.0,0.0,0.0,0.0,0.0,0.0,0.0,0.0,45,i,0,0,0,2,1,Nott'm Forest,H,3,1.1751,1.1937,0.0,0.0,0.0,0.0,0.0,0.0,0.0,0.0,0.0,0.0,0.0,0.0,0.0,0.0,0.0,False
444884,Elliott,Liverpool,MID,0,0,0,0,5.7,110.0,0.3821,0.0884,0.9363,5.49,0.0,0.0,0.0,0.0,0.0,0.0,0.0,1.5764,1.371,1.4167,1.55,0.0242,0.0056,0.0593,0.3477,0.0,1.1355,0.29,0.08,1.7400000000000002,6.0,0.0,17.0,17.9289,0.0,0.0,0.0,0.0,0.0,0.0,0.0,0.0,54,u,0,0,0,2,1,Nott'm Forest,H,3,1.1751,1.1937,0.008,0.0,0.0,0.0,0.0,0.0,0.0,0.0,0.0,0.0,0.0,0.0,0.0,0.0,0.0,False
445087,Araujo,Liverpool,DEF,33,0,1,0,,,,,,,,,,,,,,1.5764,1.371,1.4167,1.55,,,,,,,,,,,,,,,,,,,,,,54,a,1,0,1,2,1,Nott'm Forest,H,3,1.1751,1.1937,1.8246,0.5975,0.4896,0.0,-0.0717,-0.0179,0.0481,0.0788,0.1576,0.7801,-0.1655,0.0433,0.5625,0.5975,0.4896,False
482616,Barcola,Liverpool,MID,0,0,0,0,,,,,,,,,,,,,,1.5764,1.371,1.4167,1.55,,,,,,,,,,,,,,,,,,,,,,80,a,0,0,0,2,1,Nott'm Forest,H,3,1.1751,1.1937,3.1635,0.9175,0.7507,0.0,-0.1101,-0.0275,0.2354,0.4175,0.6958,0.2763,0.0,0.0026,0.85,0.9175,0.7507,False
448047,Enzo,Man City,MID,25,0,1,0,565.8,3114.0,0.2223,0.2223,1.3426,6.604,0.6436,537.0,0.1458,0.2145,1.4413,5.5307,0.838,2.1893,1.3676,2.804,1.766,1.3977,1.3973,8.4402,41.5169,4.0462,127.6078,11.26,7.26,44.89,244.0,19.0,700.0,20.2982,0.8699999999999999,1.28,8.6,33.0,5.0,121.0,537.0,20.2793,69,a,1,0,1,2,1,Crystal Palace,A,3,0.9628,1.6689,2.3671,0.8212,0.5024,0.0,-0.0985,-0.0246,0.0863,0.36,0.5685,0.1438,0.0,0.025,0.675,0.8212,0.5024,False
440993,Ndiaye,Man City,MID,180,2,0,0,550.5,2781.0,0.2207,0.0916,1.4474,8.082,0.1986,540.0,0.27,0.0283,1.4233,6.5,0.0,2.1893,1.3676,2.804,1.766,1.35,0.5603,8.8532,49.4352,1.2145,90.0766,6.68,4.41,42.68,283.0,7.0,540.0,14.7264,1.62,0.17,8.54,39.0,0.0,65.0,540.0,10.8333,60,a,0,2,2,2,1,Crystal Palace,A,3,0.9628,1.6689,3.2074,0.945,0.8622,0.0,-0.1134,-0.0284,0.1221,0.2468,0.9674,0.1978,0.0,0.2413,0.9,0.945,0.8622,False
204936,Donnarumma,Man City,GK,180,2,0,0,572.9,3060.0,0.0,0.0094,1.1954,0.0,0.244,540.0,0.0,0.0217,1.3183,0.0,0.3333,2.1893,1.3676,2.804,1.766,0.0,0.0596,7.6092,0.0,1.5535,105.588,0.0,0.13,38.5,0.0,5.0,567.0,16.5874,0.0,0.13,7.91,0.0,2.0,90.0,540.0,15.0,55,a,0,2,2,2,1,Crystal Palace,A,3,0.9628,1.6689,3.2616,0.96,0.9453,1.0724,-0.1152,-0.0288,0.3675,0.0277,0.0,0.8672,-0.5725,0.0,0.95,0.96,0.9453,False
122074,Bettinelli,Man City,GK,0,0,0,0,0.0,0.0,0.0,0.0,0.0,0.0,0.0,0.0,0.0,0.0,0.0,0.0,0.0,2.1893,1.3676,2.804,1.766,0.0,0.0,0.0,0.0,0.0,0.0,0.0,0.0,0.0,0.0,0.0,0.0,0.0,0.0,0.0,0.0,0.0,0.0,0.0,0.0,0.0,45,a,0,0,0,2,1,Crystal Palace,A,3,0.9628,1.6689,0.0,0.0,0.0,0.0,0.0,0.0,0.0,0.0,0.0,0.0,0.0,0.0,0.0,0.0,0.0,False
472769,O'Reilly,Man City,DEF,150,2,0,0,465.5,2643.0,0.2979,0.1036,1.2469,5.0406,0.4765,450.0,0.342,0.124,1.446,5.2,0.4,2.1893,1.3676,2.804,1.766,1.541,0.5358,6.449,26.0711,2.4646,99.2275,6.12,2.67,34.97,172.0,10.0,567.0,19.1847,1.71,0.62,7.23,26.0,2.0,81.0,450.0,16.2,65,a,0,2,2,2,1,Crystal Palace,A,3,0.9628,1.6689,3.6447,0.908,0.8791,0.0,-0.109,-0.0272,0.1631,0.2578,1.3807,0.8065,-0.5423,0.0865,0.9,0.908,0.8791,False
209036,Guéhi,Man City,DEF,180,2,0,0,561.4,3150.0,0.1166,0.0516,1.2484,7.5801,0.4121,540.0,0.04,0.0383,1.3183,7.1667,0.3333,2.1893,1.3676,2.804,1.766,0.7276,0.3216,7.787,47.2831,2.5705,127.1125,4.05,2.37,44.58,278.0,14.0,688.0,20.3779,0.24,0.23,7.91,43.0,2.0,124.0,540.0,20.6667,60,a,0,2,2,2,1,Crystal Palace,A,3,0.9628,1.6689,2.703,0.908,0.8791,0.0,-0.109,-0.0272,0.2297,0.131,0.4991,0.8065,-0.5423,0.3105,0.9,0.908,0.8791,False
465351,Matheus N.,Man City,DEF,33,0,1,0,532.7,2861.0,0.0064,0.0666,1.1807,5.3455,0.3203,507.0,0.0,0.0408,1.3562,5.503,0.0,2.1893,1.3676,2.804,1.766,0.0379,0.394,6.9886,31.6397,1.8957,117.8471,0.3399999999999999,2.23,34.89,195.0,16.0,676.0,19.9103,0.0,0.23,7.64,31.0,0.0,102.0,507.0,18.1065,60,d,1,0,1,2,1,Crystal Palace,A,3,0.9628,1.6689,1.6616,0.701,0.5798,0.0,-0.0841,-0.021,0.073,0.0981,0.0423,0.6639,-0.3193,0.0241,0.675,0.701,0.5798,False
171314,Rúben,Man City,DEF,180,2,0,0,243.3,2139.0,0.0205,0.0296,1.2362,6.474,0.1674,90.0,0.0,0.02,1.77,3.0,0.0,2.1893,1.3676,2.804,1.766,0.0554,0.0801,3.3419,17.5014,0.4526,44.9038,0.5700000000000001,0.65,26.07,167.0,4.0,453.0,16.6105,0.0,0.02,1.77,3.0,0.0,6.0,90.0,6.0,55,a,0,2,2,2,1,Crystal Palace,A,3,0.9628,1.6689,1.9194,0.908,0.495,0.0,-0.109,-0.0272,0.1044,0.0433,0.0663,0.7132,-0.2026,0.0119,0.9,0.908,0.495,False
477424,Gvardiol,Man City,DEF,164,2,0,0,122.1,1370.0,0.1619,0.0515,1.0434,6.5481,0.2268,69.0,0.0783,0.0783,0.9913,5.2174,0.0,2.1893,1.3676,2.804,1.766,0.2196,0.0699,1.4156,8.8836,0.3077,26.1006,2.25,0.7000000000000001,16.05,103.0,5.0,303.0,19.2388,0.06,0.06,0.76,4.0,0.0,12.0,69.0,15.6522,56,a,0,2,2,2,1,Crystal Palace,A,3,0.9628,1.6689,2.0979,0.862,0.4676,0.0,-0.1034,-0.0259,0.1067,0.0642,0.3166,0.6737,-0.1916,0.0144,0.85,0.862,0.4676,False
448514,Aït-Nouri,Man City,DEF,0,0,0,0,223.4,971.0,0.0534,0.1925,1.0904,5.107,0.8766,167.0,0.0647,0.1617,0.8407,3.2335,1.0778,2.1893,1.3676,2.804,1.766,0.1325,0.4779,2.7065,12.6766,2.1759,58.4894,0.53,2.01,12.25,67.0,9.0,237.0,23.5633,0.12,0.3,1.56,6.0,2.0,53.0,167.0,28.5629,54,a,0,0,0,2,1,Crystal Palace,A,3,0.9628,1.6689,0.1676,0.1339,0.0507,0.0,-0.0161,-0.004,0.0026,0.0264,0.02,0.0581,-0.0321,0.0026,0.0586,0.1339,0.0507,False
578153,Khusanov,Man City,DEF,178,2,0,0,365.2,1427.0,0.0466,0.1398,1.3717,7.1938,0.2851,450.0,0.036,0.21,1.534,7.6,0.6,2.1893,1.3676,2.804,1.766,0.1889,0.5671,5.5659,29.1909,1.1567,74.5253,0.65,1.21,20.89,123.0,3.0,293.0,18.366,0.18,1.05,7.67,38.0,3.0,94.0,450.0,18.8,55,a,0,2,2,2,1,Crystal Palace,A,3,0.9628,1.6689,2.4315,0.862,0.8303,0.0,-0.1034,-0.0259,0.1487,0.3097,0.2328,0.7617,-0.5124,0.2788,0.85,0.862,0.8303,False
494307,Alleyne,Man City,DEF,0,0,0,0,19.0,135.0,0.1738,0.0393,1.0165,7.1612,0.0,0.0,0.0,0.0,0.0,0.0,0.0,2.1893,1.3676,2.804,1.766,0.0367,0.0083,0.2146,1.5118,0.0,3.8038,0.26,0.06,1.54,11.0,0.0,27.0,18.018,0.0,0.0,0.0,0.0,0.0,0.0,0.0,0.0,50,u,0,0,0,2,1,Crystal Palace,A,3,0.9628,1.6689,0.0,0.0,0.0,0.0,0.0,0.0,0.0,0.0,0.0,0.0,0.0,0.0,0.0,0.0,0.0,False
477064,Lewis,Man City,DEF,56,1,0,0,76.7,401.0,0.0722,0.1396,1.7346,1.453,0.0566,90.0,0.08,0.08,1.77,0.0,0.0,2.1893,1.3676,2.804,1.766,0.0615,0.119,1.4783,1.2383,0.0482,2.2355,0.19,1.39,6.8100000000000005,19.0,2.0,72.0,2.6231,0.08,0.08,1.77,0.0,0.0,-3.0,90.0,-3.0,45,a,0,1,1,2,1,Crystal Palace,A,3,0.9628,1.6689,2.1892,0.8275,0.7889,0.0,-0.0993,-0.0248,0.0474,0.2058,0.2819,0.7238,-0.49,0.0441,0.8125,0.8275,0.7889,False
616222,Vitor Reis,Man City,DEF,1,0,1,0,0.0,0.0,0.0,0.0,0.0,0.0,0.0,0.0,0.0,0.0,0.0,0.0,0.0,2.1893,1.3676,2.804,1.766,0.0,0.0,0.0,0.0,0.0,0.0,0.0,0.0,0.0,0.0,0.0,0.0,0.0,0.0,0.0,0.0,0.0,0.0,0.0,0.0,0.0,45,a,1,0,1,2,1,Crystal Palace,A,3,0.9628,1.6689,1.45,0.5975,0.4832,0.0,-0.0717,-0.0179,0.0385,0.0687,0.1374,0.5533,-0.2669,0.0943,0.5625,0.5975,0.4832,False
437730,Semenyo,Man City,MID,180,2,0,0,566.1,3200.0,0.2525,0.094,1.1659,5.4393,0.3049,520.0,0.1523,0.1315,1.0177,4.3269,0.1731,2.1893,1.3676,2.804,1.766,1.5882,0.5911,7.3334,34.2132,1.9177,115.4988,11.1,3.12,47.67,236.0,18.0,678.0,18.3623,0.88,0.76,5.88,25.0,1.0,96.0,520.0,16.6154,85,a,0,2,2,2,1,Crystal Palace,A,3,0.9628,1.6689,3.3043,0.945,0.8622,0.0,-0.1134,-0.0284,0.1535,0.292,0.9877,0.1978,0.0,0.0495,0.9,0.945,0.8622,False
209244,Foden,Man City,MID,171,2,0,0,306.2,2078.0,0.2329,0.2296,1.4257,7.1953,0.6347,256.0,0.2426,0.2602,1.7402,7.7344,1.0547,2.1893,1.3676,2.804,1.766,0.7924,0.7812,4.8506,24.4799,2.1594,80.0535,6.03,4.76,27.38,160.0,13.0,563.0,23.5298,0.6900000000000001,0.74,4.95,22.0,3.0,69.0,256.0,24.2578,70,a,0,2,2,2,1,Crystal Palace,A,3,0.9628,1.6689,3.7599,0.945,0.8622,0.0,-0.1134,-0.0284,0.3413,0.5794,0.968,0.1978,0.0,0.1749,0.9,0.945,0.8622,False
466052,Cherki,Man City,MID,108,1,0,0,377.3,1772.0,0.249,0.4022,1.4398,5.4246,0.6135,400.0,0.3442,0.3015,1.737,3.6,0.675,2.1893,1.3676,2.804,1.766,1.044,1.6863,6.0358,22.7411,2.572,108.486,4.28,8.870000000000001,25.23,135.0,16.0,580.0,25.8779,1.53,1.34,7.72,16.0,3.0,99.0,400.0,22.275,77,a,0,1,1,2,1,Crystal Palace,A,3,0.9628,1.6689,3.7944,0.8969,0.7786,0.0,-0.1076,-0.0269,0.2946,0.8047,0.9676,0.1786,0.0,0.0364,0.8125,0.8969,0.7786,False
248875,Doku,Man City,MID,0,0,0,0,338.2,1773.0,0.1567,0.2526,1.2466,6.5852,0.9479,476.0,0.1532,0.2326,1.3084,6.4286,1.1345,2.1893,1.3676,2.804,1.766,0.589,0.9491,4.6845,24.7456,3.562,116.5595,2.87,5.86,23.2,126.0,15.0,526.0,31.0182,0.81,1.23,6.92,34.0,6.0,178.0,476.0,33.6555,74,i,0,0,0,2,1,Crystal Palace,A,3,0.9628,1.6689,0.008,0.0,0.0,0.0,0.0,0.0,0.0,0.0,0.0,0.0,0.0,0.0,0.0,0.0,0.0,False
220566,Rodrigo,Man City,MID,0,0,0,0,314.0,1510.0,0.1062,0.1589,1.2894,11.8641,0.4798,177.0,0.2034,0.1373,1.7746,11.6949,0.5085,2.1893,1.3676,2.804,1.766,0.3705,0.5545,4.4987,41.3925,1.674,75.0374,1.15,2.45,20.74,206.0,6.0,350.0,21.5075,0.3999999999999999,0.27,3.49,23.0,1.0,45.0,177.0,22.8814,65,u,0,0,0,2,1,Crystal Palace,A,3,0.9628,1.6689,0.008,0.0,0.0,0.0,0.0,0.0,0.0,0.0,0.0,0.0,0.0,0.0,0.0,0.0,0.0,False
433036,Reijnders,Man City,MID,0,0,0,0,187.9,1623.0,0.3306,0.1362,1.0222,5.1809,0.2354,135.0,0.4333,0.0533,1.0267,3.3333,0.0,2.1893,1.3676,2.804,1.766,0.6902,0.2843,2.1342,10.8165,0.4914,31.5245,4.61,2.35,18.82,100.0,6.0,337.0,15.0995,0.65,0.08,1.54,5.0,0.0,12.0,135.0,8.0,60,u,0,0,0,2,1,Crystal Palace,A,3,0.9628,1.6689,0.008,0.0,0.0,0.0,0.0,0.0,0.0,0.0,0.0,0.0,0.0,0.0,0.0,0.0,0.0,False
91651,Kovačić,Man City,MID,42,0,1,0,64.2,125.0,0.0969,0.278,2.8316,13.5437,0.0,112.0,0.1045,0.3134,2.7161,14.4643,0.0,2.1893,1.3676,2.804,1.766,0.0691,0.1983,2.0199,9.6612,0.0,18.7179,0.13,0.42,4.0,18.0,0.0,41.0,26.24,0.13,0.39,3.38,18.0,0.0,34.0,112.0,27.3214,55,a,1,0,1,2,1,Crystal Palace,A,3,0.9628,1.6689,1.926,0.7594,0.4191,0.0,-0.0911,-0.0228,0.1287,0.2605,0.3443,0.12,0.0,0.0189,0.5625,0.7594,0.4191,False
575204,Echeverri,Man City,MID,0,0,0,0,0.0,0.0,0.0,0.0,0.0,0.0,0.0,0.0,0.0,0.0,0.0,0.0,0.0,2.1893,1.3676,2.804,1.766,0.0,0.0,0.0,0.0,0.0,0.0,0.0,0.0,0.0,0.0,0.0,0.0,0.0,0.0,0.0,0.0,0.0,0.0,0.0,0.0,0.0,49,a,0,0,0,2,1,Crystal Palace,A,3,0.9628,1.6689,0.008,0.0,0.0,0.0,0.0,0.0,0.0,0.0,0.0,0.0,0.0,0.0,0.0,0.0,0.0,False
155405,Phillips,Man City,MID,0,0,0,0,0.0,0.0,0.0,0.0,0.0,0.0,0.0,0.0,0.0,0.0,0.0,0.0,0.0,2.1893,1.3676,2.804,1.766,0.0,0.0,0.0,0.0,0.0,0.0,0.0,0.0,0.0,0.0,0.0,0.0,0.0,0.0,0.0,0.0,0.0,0.0,0.0,0.0,0.0,50,u,0,0,0,2,1,Crystal Palace,A,3,0.9628,1.6689,0.008,0.0,0.0,0.0,0.0,0.0,0.0,0.0,0.0,0.0,0.0,0.0,0.0,0.0,0.0,False
590039,Mukasa,Man City,MID,0,0,0,0,2.9,25.0,0.0,0.6455,1.2755,2.9917,0.0,0.0,0.0,0.0,0.0,0.0,0.0,2.1893,1.3676,2.804,1.766,0.0,0.0208,0.0411,0.0964,0.0,0.6387,0.0,0.21,0.3399999999999999,1.0,0.0,5.0,19.8217,0.0,0.0,0.0,0.0,0.0,0.0,0.0,0.0,45,a,0,0,0,2,1,Crystal Palace,A,3,0.9628,1.6689,0.008,0.0,0.0,0.0,0.0,0.0,0.0,0.0,0.0,0.0,0.0,0.0,0.0,0.0,0.0,False
649208,Monga,Man City,MID,0,0,0,0,,,,,,,,,,,,,,2.1893,1.3676,2.804,1.766,,,,,,,,,,,,,,,,,,,,,,49,u,0,0,0,2,1,Crystal Palace,A,3,0.9628,1.6689,0.008,0.0,0.0,0.0,0.0,0.0,0.0,0.0,0.0,0.0,0.0,0.0,0.0,0.0,0.0,False
223094,Haaland,Man City,FWD,180,2,0,0,486.2,2953.0,0.659,0.1103,1.252,2.9454,1.1501,450.0,0.772,0.146,1.446,2.6,1.6,2.1893,1.3676,2.804,1.766,3.5602,0.5957,6.7636,15.9117,6.213,138.6438,25.5,2.67,38.6,104.0,43.0,952.0,25.6642,3.86,0.73,7.23,13.0,8.0,161.0,450.0,32.2,155,a,0,2,2,2,1,Crystal Palace,A,3,0.9628,1.6689,4.614,0.945,0.8622,0.0,-0.1134,-0.0284,0.4987,0.328,2.2358,0.0,0.0,0.0007,0.9,0.945,0.8622,False
215379,Anderson,Man City,MID,143,2,0,0,580.6,3332.0,0.0678,0.1779,1.5464,14.1278,0.7296,469.0,0.071,0.2226,1.7175,13.4328,1.1514,2.1893,1.3676,2.804,1.766,0.4376,1.1478,9.9761,91.1401,4.7069,154.9326,2.94,4.79,53.65,515.0,16.0,795.0,24.0164,0.37,1.16,8.950000000000001,70.0,6.0,146.0,469.0,28.0171,64,a,0,2,2,2,1,Crystal Palace,A,3,0.9628,1.6689,3.6019,0.945,0.8622,0.0,-0.1134,-0.0284,0.8847,0.4848,0.3611,0.1978,0.0,1.1094,0.9,0.945,0.8622,False
106921,Rulli,Man City,GK,0,0,0,0,,,,,,,,,,,,,,2.1893,1.3676,2.804,1.766,,,,,,,,,,,,,,,,,,,,,,50,a,0,0,0,2,1,Crystal Palace,A,3,0.9628,1.6689,0.0,0.0,0.0,0.0,0.0,0.0,0.0,0.0,0.0,0.0,0.0,0.0,0.0,0.0,0.0,False
637238,Bouaddi,Man City,MID,8,0,1,0,,,,,,,,,,,,,,2.1893,1.3676,2.804,1.766,,,,,,,,,,,,,,,,,,,,,,55,a,1,0,1,2,1,Crystal Palace,A,3,0.9628,1.6689,1.8581,0.7594,0.4191,0.0,-0.0911,-0.0228,0.0827,0.2186,0.3643,0.12,0.0,0.0015,0.5625,0.7594,0.4191,False
616288,McAidoo,Man City,MID,8,0,1,0,0.0,0.0,0.0,0.0,0.0,0.0,0.0,0.0,0.0,0.0,0.0,0.0,0.0,2.1893,1.3676,2.804,1.766,0.0,0.0,0.0,0.0,0.0,0.0,0.0,0.0,0.0,0.0,0.0,0.0,0.0,0.0,0.0,0.0,0.0,0.0,0.0,0.0,0.0,45,a,1,0,1,2,1,Crystal Palace,A,3,0.9628,1.6689,1.8581,0.7594,0.4191,0.0,-0.0911,-0.0228,0.0827,0.2186,0.3643,0.12,0.0,0.0015,0.5625,0.7594,0.4191,False
554054,Braithwaite,Man City,DEF,1,0,1,0,,,,,,,,,,,,,,2.1893,1.3676,2.804,1.766,,,,,,,,,,,,,,,,,,,,,,40,a,1,0,1,2,1,Crystal Palace,A,3,0.9628,1.6689,1.45,0.5975,0.4832,0.0,-0.0717,-0.0179,0.0385,0.0687,0.1374,0.5533,-0.2669,0.0943,0.5625,0.5975,0.4832,False
624777,Allan,Man City,MID,0,0,0,0,,,,,,,,,,,,,,2.1893,1.3676,2.804,1.766,,,,,,,,,,,,,,,,,,,,,,60,a,0,0,0,2,1,Crystal Palace,A,3,0.9628,1.6689,2.0881,0.8075,0.4839,0.0,-0.0969,-0.0242,0.105,0.2498,0.4164,0.1385,0.0,0.0019,0.65,0.8075,0.4839,False
166989,Tielemans,Man Utd,MID,156,2,0,0,362.3,1857.0,0.0418,0.1514,1.3994,10.2174,0.0841,449.0,0.0301,0.1122,1.365,9.6214,0.0,1.7145,1.2883,1.7933,1.3017,0.1683,0.6095,5.6333,41.1308,0.3384,83.4087,1.14,3.26,31.34,203.0,3.0,417.0,20.7198,0.15,0.56,6.81,48.0,0.0,99.0,449.0,19.8441,59,a,0,2,2,2,1,Ipswich Town,H,2,1.3243,0.8474,3.2577,0.945,0.8683,0.0,-0.1134,-0.0284,0.2407,0.5388,0.4056,0.393,0.0,0.2277,0.9,0.945,0.8683,False
535301,Baleba,Man Utd,MID,0,0,0,0,298.7,1646.0,0.0612,0.0631,0.9209,12.8149,0.0,356.0,0.0556,0.1112,0.8444,13.9045,0.0,1.7145,1.2883,1.7933,1.3017,0.2031,0.2093,3.0564,42.5311,0.0,52.7164,0.78,0.72,20.4,209.0,0.0,231.0,15.8837,0.22,0.44,3.34,55.0,0.0,73.0,356.0,18.4551,50,i,0,0,0,2,1,Ipswich Town,H,2,1.3243,0.8474,0.008,0.0,0.0,0.0,0.0,0.0,0.0,0.0,0.0,0.0,0.0,0.0,0.0,0.0,0.0,False
532605,Andrey Santos,Man Utd,MID,76,1,0,0,254.2,1247.0,0.1071,0.0529,1.3553,8.2364,0.5792,184.0,0.1223,0.0245,1.1152,7.8261,1.4674,1.7145,1.2883,1.7933,1.3017,0.3025,0.1495,3.8281,23.2633,1.6358,66.0725,2.0,0.88,18.91,129.0,3.0,257.0,23.3931,0.25,0.05,2.28,16.0,3.0,71.0,184.0,34.7283,49,a,0,1,1,2,1,Ipswich Town,H,2,1.3243,0.8474,3.0988,0.8969,0.7841,0.0,-0.1076,-0.0269,0.2358,0.2717,0.6819,0.3549,0.0,0.0762,0.8125,0.8969,0.7841,False
59735,Darlow,Man Utd,GK,0,0,0,0,510.7,1980.0,0.0,0.0021,1.4789,0.0,0.2883,540.0,0.0,0.0017,1.5883,0.0,0.5,1.7145,1.2883,1.7933,1.3017,0.0,0.0121,8.392,0.0,1.6358,97.4836,0.0,0.05,28.36,0.0,3.0,334.0,17.1794,0.0,0.01,9.53,0.0,3.0,111.0,540.0,18.5,45,a,0,0,0,2,1,Ipswich Town,H,2,1.3243,0.8474,0.5943,0.1976,0.1886,0.1403,-0.0237,-0.0059,0.0045,0.001,0.0,0.387,-0.033,0.0,0.1895,0.1976,0.1886,False
465247,Lammens,Man Utd,GK,180,2,0,0,604.5,2880.0,0.0,0.0,1.2812,0.0,0.4327,540.0,0.0,0.0,1.3017,0.0,0.8333,1.7145,1.2883,1.7933,1.3017,0.0,0.0,8.6054,0.0,2.9064,98.1333,0.0,0.0,39.25,0.0,11.0,413.0,14.6104,0.0,0.0,7.81,0.0,5.0,113.0,540.0,18.8333,50,a,0,2,2,2,1,Ipswich Town,H,2,1.3243,0.8474,3.9957,0.96,0.9453,0.7034,-0.1152,-0.0288,0.3,0.0,0.0,1.7115,-0.2186,0.0,0.95,0.96,0.9453,False
451302,Bayindir,Man Utd,GK,0,0,0,0,16.3,540.0,0.0,0.0077,1.5499,0.0,0.0,0.0,0.0,0.0,0.0,0.0,0.0,1.7145,1.2883,1.7933,1.3017,0.0,0.0014,0.2807,0.0,0.0,1.4513,0.0,0.05,9.24,0.0,0.0,49.0,8.0133,0.0,0.0,0.0,0.0,0.0,0.0,0.0,0.0,45,u,0,0,0,2,1,Ipswich Town,H,2,1.3243,0.8474,0.0,0.0,0.0,0.0,0.0,0.0,0.0,0.0,0.0,0.0,0.0,0.0,0.0,0.0,0.0,False
21205,Heaton,Man Utd,GK,0,0,0,0,0.0,0.0,0.0,0.0,0.0,0.0,0.0,0.0,0.0,0.0,0.0,0.0,0.0,1.7145,1.2883,1.7933,1.3017,0.0,0.0,0.0,0.0,0.0,0.0,0.0,0.0,0.0,0.0,0.0,0.0,0.0,0.0,0.0,0.0,0.0,0.0,0.0,0.0,0.0,40,i,0,0,0,2,1,Ipswich Town,H,2,1.3243,0.8474,0.0,0.0,0.0,0.0,0.0,0.0,0.0,0.0,0.0,0.0,0.0,0.0,0.0,0.0,0.0,False
596777,Dorgu,Man Utd,MID,55,1,0,0,167.9,1440.0,0.2638,0.1797,0.9088,4.8699,1.489,111.0,0.4297,0.3405,0.673,2.4324,2.4324,1.7145,1.2883,1.7933,1.3017,0.4921,0.3353,1.6954,9.085,2.7778,61.8268,2.39,1.84,19.61,98.0,11.0,321.0,33.1412,0.53,0.42,0.8300000000000001,3.0,3.0,60.0,111.0,48.6486,59,a,0,1,1,2,1,Ipswich Town,H,2,1.3243,0.8474,4.6192,0.8969,0.7841,0.0,-0.1076,-0.0269,0.7456,0.6066,1.3575,0.3549,0.0,0.0066,0.8125,0.8969,0.7841,False
209365,De Ligt,Man Utd,DEF,0,0,0,0,49.9,1170.0,0.1134,0.0691,1.4036,8.0672,0.2884,0.0,0.0,0.0,0.0,0.0,0.0,1.7145,1.2883,1.7933,1.3017,0.0629,0.0383,0.7782,4.4728,0.1599,7.044,1.38,0.8300000000000001,18.73,107.0,5.0,169.0,12.7046,0.0,0.0,0.0,0.0,0.0,0.0,0.0,0.0,50,i,0,0,0,2,1,Ipswich Town,H,2,1.3243,0.8474,0.0,0.0,0.0,0.0,0.0,0.0,0.0,0.0,0.0,0.0,0.0,0.0,0.0,0.0,0.0,False
216051,Dalot,Man Utd,DEF,83,1,0,0,457.2,2609.0,0.077,0.076,1.2522,6.4521,0.2443,360.0,0.09,0.045,1.4425,7.25,0.0,1.7145,1.2883,1.7933,1.3017,0.3914,0.3859,6.361,32.7765,1.2408,70.0176,1.93,2.57,36.57,180.0,9.0,414.0,13.783,0.36,0.18,5.77,29.0,0.0,48.0,360.0,12.0,50,a,0,1,1,2,1,Ipswich Town,H,2,1.3243,0.8474,3.8912,0.908,0.8825,0.0,-0.109,-0.0272,0.1312,0.2466,0.5403,1.5978,-0.207,0.081,0.9,0.908,0.8825,False
95658,Maguire,Man Utd,DEF,180,2,0,0,434.1,1649.0,0.0506,0.0406,1.1853,9.1172,0.2306,450.0,0.062,0.062,1.248,10.6,0.4,1.7145,1.2883,1.7933,1.3017,0.2442,0.1959,5.7169,43.9755,1.1124,83.3712,1.12,0.5,22.95,151.0,5.0,315.0,17.285,0.31,0.31,6.24,53.0,2.0,111.0,450.0,22.2,50,a,0,2,2,2,1,Ipswich Town,H,2,1.3243,0.8474,3.5189,0.862,0.8335,0.0,-0.1034,-0.0259,0.193,0.1586,0.3596,1.5091,-0.1956,0.2549,0.85,0.862,0.8335,False
221820,Martinez,Man Utd,DEF,90,1,0,0,298.7,1229.0,0.017,0.0358,1.2655,7.8152,0.1214,270.0,0.03,0.0133,1.3067,8.3333,0.0,1.7145,1.2883,1.7933,1.3017,0.0565,0.1189,4.1999,25.9379,0.403,64.0392,0.15,0.6,15.22,105.0,3.0,241.0,19.2954,0.09,0.04,3.92,25.0,0.0,72.0,270.0,24.0,50,a,0,1,1,2,1,Ipswich Town,H,2,1.3243,0.8474,3.182,0.8275,0.7967,0.0,-0.0993,-0.0248,0.1834,0.1265,0.1886,1.4425,-0.1871,0.1444,0.8125,0.8275,0.7967,False
550864,Yoro,Man Utd,DEF,16,0,1,0,245.4,1730.0,0.0969,0.0467,1.4592,9.2196,0.0096,34.0,0.0,0.0,1.0588,13.2353,0.0,1.7145,1.2883,1.7933,1.3017,0.2642,0.1274,3.9788,25.1387,0.0263,30.5885,1.34,0.5900000000000001,26.83,156.0,1.0,191.0,11.2183,0.0,0.0,0.4,5.0,0.0,7.0,34.0,18.5294,49,a,1,0,1,2,1,Ipswich Town,H,2,1.3243,0.8474,2.2863,0.5975,0.496,0.0,-0.0717,-0.0179,0.0274,0.0882,0.3194,1.0177,-0.0982,0.0645,0.5625,0.5975,0.496,False
606745,Heaven,Man Utd,DEF,90,1,0,0,182.2,920.0,0.0216,0.0088,1.1951,7.8205,0.5714,270.0,0.0,0.0033,1.2967,6.6667,1.0,1.7145,1.2883,1.7933,1.3017,0.0438,0.0179,2.4194,15.8322,1.1567,33.2302,0.34,0.18,11.95,93.0,3.0,164.0,16.4145,0.0,0.01,3.89,20.0,3.0,52.0,270.0,17.3333,45,a,0,1,1,2,1,Ipswich Town,H,2,1.3243,0.8474,3.0956,0.8275,0.7967,0.0,-0.0993,-0.0248,0.1315,0.0788,0.2019,1.4425,-0.1871,0.1347,0.8125,0.8275,0.7967,False
230001,Mazraoui,Man Utd,DEF,96,1,0,0,235.8,977.0,0.0173,0.0221,1.3509,8.4912,0.7093,298.0,0.0,0.0181,1.2141,8.1544,0.906,1.7145,1.2883,1.7933,1.3017,0.0453,0.058,3.5393,22.2469,1.8584,62.869,0.19,0.35,12.99,94.0,6.0,233.0,23.9958,0.0,0.06,4.02,27.0,3.0,93.0,298.0,28.0872,45,a,0,1,1,2,1,Ipswich Town,H,2,1.3243,0.8474,3.2912,0.8275,0.7967,0.0,-0.0993,-0.0248,0.3195,0.1055,0.1828,1.4425,-0.1871,0.1744,0.8125,0.8275,0.7967,False
106760,Shaw,Man Utd,DEF,162,2,0,0,578.8,3220.0,0.03,0.061,1.2803,7.0552,0.1799,513.0,0.0316,0.0754,1.314,8.4211,0.5263,1.7145,1.2883,1.7933,1.3017,0.1928,0.392,8.2335,45.3726,1.1567,99.4373,0.72,1.98,44.9,224.0,3.0,449.0,15.4619,0.18,0.43,7.49,48.0,3.0,122.0,513.0,21.4035,45,a,0,2,2,2,1,Ipswich Town,H,2,1.3243,0.8474,3.6073,0.908,0.8825,0.0,-0.109,-0.0272,0.1644,0.2254,0.2444,1.5978,-0.207,0.1195,0.9,0.908,0.8825,False
577974,Amass,Man Utd,DEF,0,0,0,0,0.0,0.0,0.0,0.0,0.0,0.0,0.0,0.0,0.0,0.0,0.0,0.0,0.0,1.7145,1.2883,1.7933,1.3017,0.0,0.0,0.0,0.0,0.0,0.0,0.0,0.0,0.0,0.0,0.0,0.0,0.0,0.0,0.0,0.0,0.0,0.0,0.0,0.0,0.0,40,a,0,0,0,2,1,Ipswich Town,H,2,1.3243,0.8474,0.0,0.0,0.0,0.0,0.0,0.0,0.0,0.0,0.0,0.0,0.0,0.0,0.0,0.0,0.0,False
547676,Fredricson,Man Utd,DEF,0,0,0,0,0.2,2.0,0.0,0.0,14.175,94.59,0.0,0.0,0.0,0.0,0.0,0.0,0.0,1.7145,1.2883,1.7933,1.3017,0.0,0.0,0.0315,0.2102,0.0,0.4204,0.0,0.0,0.3,2.0,0.0,4.0,189.18,0.0,0.0,0.0,0.0,0.0,0.0,0.0,0.0,40,u,0,0,0,2,1,Ipswich Town,H,2,1.3243,0.8474,0.0,0.0,0.0,0.0,0.0,0.0,0.0,0.0,0.0,0.0,0.0,0.0,0.0,0.0,0.0,False
141746,B.Fernandes,Man Utd,MID,180,2,0,0,581.0,3065.0,0.2208,0.4372,1.3094,7.024,1.2759,540.0,0.075,0.46,1.3017,6.5,0.8333,1.7145,1.2883,1.7933,1.3017,1.4251,2.8221,8.4528,45.3436,8.2366,206.3989,10.79,12.28,44.42,287.0,41.0,1008.0,31.9723,0.45,2.76,7.81,39.0,5.0,186.0,540.0,31.0,120,a,0,2,2,2,1,Ipswich Town,H,2,1.3243,0.8474,5.5993,0.945,0.8683,0.0,-0.1134,-0.0284,0.9246,1.4567,1.1454,0.393,0.0,0.0594,0.9,0.945,0.8683,False
446008,Mbeumo,Man Utd,MID,180,2,0,0,446.6,2611.0,0.601,0.1344,1.1848,4.8653,0.3871,400.0,0.8865,0.1192,1.3185,4.5,0.225,1.7145,1.2883,1.7933,1.3017,2.9824,0.6668,5.8792,24.1429,1.9208,87.9802,11.98,4.99,35.87,139.0,16.0,528.0,17.73,3.94,0.53,5.86,20.0,1.0,77.0,400.0,17.325,80,a,0,2,2,2,1,Ipswich Town,H,2,1.3243,0.8474,6.3752,0.945,0.8683,0.0,-0.1134,-0.0284,0.3708,0.4995,3.4323,0.393,0.0,0.009,0.9,0.945,0.8683,False
430871,Cunha,Man Utd,MID,158,2,0,0,456.4,2493.0,0.2183,0.1299,1.3403,7.8594,0.5826,335.0,0.2579,0.1746,1.4104,8.0597,0.5373,1.7145,1.2883,1.7933,1.3017,1.1071,0.6585,6.7967,39.8561,2.9545,121.3378,6.9,3.36,35.75,211.0,14.0,591.0,23.9273,0.96,0.65,5.25,30.0,2.0,110.0,335.0,29.5522,80,a,0,2,2,2,1,Ipswich Town,H,2,1.3243,0.8474,4.2435,0.945,0.8683,0.0,-0.1134,-0.0284,0.3619,0.5139,1.2952,0.393,0.0,0.0999,0.9,0.945,0.8683,False
176297,Rashford,Man Utd,MID,124,1,0,0,0.0,0.0,0.0,0.0,0.0,0.0,0.0,0.0,0.0,0.0,0.0,0.0,0.0,1.7145,1.2883,1.7933,1.3017,0.0,0.0,0.0,0.0,0.0,0.0,0.0,0.0,0.0,0.0,0.0,0.0,0.0,0.0,0.0,0.0,0.0,0.0,0.0,0.0,0.0,70,a,0,1,1,2,1,Ipswich Town,H,2,1.3243,0.8474,2.1211,0.8969,0.4473,0.0,-0.1076,-0.0269,0.1016,0.2029,0.3382,0.2606,0.0,0.0,0.8125,0.8969,0.4473,False
184341,Mount,Man Utd,MID,0,0,0,0,155.9,1010.0,0.0651,0.1179,1.0178,14.3315,0.0861,197.0,0.0091,0.1005,0.9868,17.8173,0.0,1.7145,1.2883,1.7933,1.3017,0.1127,0.2043,1.763,24.8253,0.1492,30.4304,1.56,1.62,12.46,102.0,3.0,201.0,17.5673,0.02,0.22,2.16,39.0,0.0,34.0,197.0,15.533,55,d,0,0,0,2,1,Ipswich Town,H,2,1.3243,0.8474,0.6888,0.488,0.0563,0.0,-0.0586,-0.0146,0.0134,0.0766,0.0908,0.0289,0.0,0.0165,0.0691,0.488,0.0563,False
493250,Amad,Man Utd,MID,0,0,0,0,427.4,2339.0,0.1804,0.2148,1.329,6.958,0.2006,354.0,0.2136,0.3102,1.3729,6.1017,0.2542,1.7145,1.2883,1.7933,1.3017,0.8566,1.0199,6.3111,33.0428,0.9527,74.8368,5.46,4.74,31.69,198.0,7.0,463.0,15.7588,0.84,1.2200000000000002,5.4,24.0,1.0,52.0,354.0,13.2203,58,i,0,0,0,2,1,Ipswich Town,H,2,1.3243,0.8474,0.008,0.0,0.0,0.0,0.0,0.0,0.0,0.0,0.0,0.0,0.0,0.0,0.0,0.0,0.0,False
516895,Mainoo,Man Utd,MID,102,1,0,0,473.7,1653.0,0.0309,0.0647,1.2296,10.3688,0.1742,540.0,0.04,0.0733,1.3017,11.1667,0.3333,1.7145,1.2883,1.7933,1.3017,0.1629,0.3403,6.4718,54.5746,0.917,98.7012,0.48,1.27,22.88,187.0,2.0,340.0,18.7526,0.24,0.44,7.81,67.0,2.0,125.0,540.0,20.8333,55,a,0,1,1,2,1,Ipswich Town,H,2,1.3243,0.8474,2.7101,0.8969,0.7841,0.0,-0.1076,-0.0269,0.1505,0.2966,0.3536,0.3549,0.0,0.2222,0.8125,0.8969,0.7841,False
232112,Ugarte,Man Utd,MID,0,0,0,0,106.3,876.0,0.1392,0.0157,1.9202,14.5748,0.0,0.0,0.0,0.0,0.0,0.0,0.0,1.7145,1.2883,1.7933,1.3017,0.1644,0.0186,2.268,17.2145,0.0,22.9288,0.72,0.16,18.22,142.0,0.0,183.0,19.4129,0.0,0.0,0.0,0.0,0.0,0.0,0.0,0.0,50,i,0,0,0,2,1,Ipswich Town,H,2,1.3243,0.8474,0.008,0.0,0.0,0.0,0.0,0.0,0.0,0.0,0.0,0.0,0.0,0.0,0.0,0.0,0.0,False
547037,J.Fletcher,Man Utd,MID,0,0,0,0,11.5,107.0,0.0266,0.018,1.577,9.216,0.0,0.0,0.0,0.0,0.0,0.0,0.0,1.7145,1.2883,1.7933,1.3017,0.0034,0.0023,0.2015,1.1776,0.0,1.1082,0.03,0.02,1.86,11.0,0.0,10.0,8.6729,0.0,0.0,0.0,0.0,0.0,0.0,0.0,0.0,50,a,0,0,0,2,1,Ipswich Town,H,2,1.3243,0.8474,0.008,0.0,0.0,0.0,0.0,0.0,0.0,0.0,0.0,0.0,0.0,0.0,0.0,0.0,0.0,False
576628,Lacey,Man Utd,MID,10,0,1,0,18.0,40.0,0.133,0.0295,1.246,6.6275,0.0,28.0,0.0964,0.0321,1.2857,6.4286,0.0,1.7145,1.2883,1.7933,1.3017,0.0266,0.0059,0.2492,1.3255,0.0,1.4855,0.1,0.01,0.51,3.0,0.0,9.0,7.4275,0.03,0.01,0.4,2.0,0.0,1.0,28.0,3.2143,50,a,1,0,1,2,1,Ipswich Town,H,2,1.3243,0.8474,2.1467,0.7594,0.4422,0.0,-0.0911,-0.0228,0.0322,0.2874,0.5046,0.2268,0.0,0.0005,0.5625,0.7594,0.4422,False
490881,Collyer,Man Utd,MID,0,0,0,0,0.0,0.0,0.0,0.0,0.0,0.0,0.0,0.0,0.0,0.0,0.0,0.0,0.0,1.7145,1.2883,1.7933,1.3017,0.0,0.0,0.0,0.0,0.0,0.0,0.0,0.0,0.0,0.0,0.0,0.0,0.0,0.0,0.0,0.0,0.0,0.0,0.0,0.0,0.0,50,u,0,0,0,2,1,Ipswich Town,H,2,1.3243,0.8474,0.008,0.0,0.0,0.0,0.0,0.0,0.0,0.0,0.0,0.0,0.0,0.0,0.0,0.0,0.0,False
576620,Bendito Mantato,Man Utd,MID,0,0,0,0,1.7,15.0,0.0,0.0582,0.3018,0.0,0.0,0.0,0.0,0.0,0.0,0.0,0.0,1.7145,1.2883,1.7933,1.3017,0.0,0.0011,0.0057,0.0,0.0,0.3439,0.0,0.01,0.05,0.0,0.0,3.0,18.2065,0.0,0.0,0.0,0.0,0.0,0.0,0.0,0.0,45,a,0,0,0,2,1,Ipswich Town,H,2,1.3243,0.8474,0.008,0.0,0.0,0.0,0.0,0.0,0.0,0.0,0.0,0.0,0.0,0.0,0.0,0.0,0.0,False
519913,Fletcher,Man Utd,MID,0,0,0,0,9.7,17.0,0.0,0.0176,1.7462,11.0338,0.0,16.0,0.0,0.0,1.7438,11.25,0.0,1.7145,1.2883,1.7933,1.3017,0.0,0.0019,0.1882,1.1892,0.0,2.3621,0.0,0.01,0.33,2.0,0.0,6.0,21.9164,0.0,0.0,0.31,2.0,0.0,3.0,16.0,16.875,45,a,0,0,0,2,1,Ipswich Town,H,2,1.3243,0.8474,0.5757,0.4531,0.0053,0.0,-0.0544,-0.0136,0.0168,0.0592,0.0982,0.0031,0.0,0.0,0.0056,0.4531,0.0053,False
485711,Šeško,Man Utd,FWD,33,0,1,0,265.7,1630.0,0.62,0.0134,1.5402,3.1552,1.1655,211.0,0.7294,0.0213,1.2839,3.4123,0.8531,1.7145,1.2883,1.7933,1.3017,1.8303,0.0396,4.547,9.3149,3.4409,82.7831,9.21,0.28,27.05,64.0,19.0,405.0,28.0409,1.71,0.05,3.01,8.0,2.0,67.0,211.0,28.5782,70,a,1,0,1,2,1,Ipswich Town,H,2,1.3243,0.8474,2.7298,0.7594,0.4422,0.0,-0.0911,-0.0228,0.1349,0.0992,1.5221,0.0,0.0,0.0,0.5625,0.7594,0.4422,False
458249,Zirkzee,Man Utd,FWD,0,0,0,0,93.3,607.0,0.4841,0.0439,1.6199,6.327,0.5289,98.0,0.5143,0.0184,1.6347,6.4286,0.0,1.7145,1.2883,1.7933,1.3017,0.5019,0.0455,1.6793,6.559,0.5483,21.5365,2.74,0.34,9.41,44.0,6.0,146.0,20.7748,0.56,0.02,1.78,7.0,0.0,16.0,98.0,14.6939,54,a,0,0,0,2,1,Ipswich Town,H,2,1.3243,0.8474,0.6505,0.4689,0.0291,0.0,-0.0563,-0.0141,0.0105,0.046,0.2804,0.0,0.0,0.0,0.0344,0.4689,0.0291,False
596047,Obi,Man Utd,FWD,0,0,0,0,0.0,0.0,0.0,0.0,0.0,0.0,0.0,0.0,0.0,0.0,0.0,0.0,0.0,1.7145,1.2883,1.7933,1.3017,0.0,0.0,0.0,0.0,0.0,0.0,0.0,0.0,0.0,0.0,0.0,0.0,0.0,0.0,0.0,0.0,0.0,0.0,0.0,0.0,0.0,45,a,0,0,0,2,1,Ipswich Town,H,2,1.3243,0.8474,0.0,0.0,0.0,0.0,0.0,0.0,0.0,0.0,0.0,0.0,0.0,0.0,0.0,0.0,0.0,False
465694,N.Gonzalez,Newcastle,MID,70,1,0,0,192.8,1561.0,0.0484,0.0652,1.4401,12.1437,0.0267,191.0,0.0565,0.0565,1.6869,11.3089,0.0,1.5301,1.5382,1.5433,1.4783,0.1037,0.1397,3.085,26.0146,0.0573,41.5891,0.68,1.12,20.35,206.0,1.0,337.0,19.414,0.12,0.12,3.58,24.0,0.0,48.0,191.0,22.6178,55,a,0,1,1,2,1,Spurs,A,3,0.713,1.2958,2.4204,0.8969,0.7855,0.0,-0.1076,-0.0269,0.2355,0.1574,0.2286,0.243,0.0,0.4505,0.8125,0.8969,0.7855,False
98747,Pope,Newcastle,GK,0,0,0,0,426.8,2416.0,0.0077,0.0,1.3297,0.0,0.0167,450.0,0.0,0.0,1.176,0.0,0.0,1.5301,1.5382,1.5433,1.4783,0.0367,0.0,6.3058,0.0,0.0794,65.5062,0.16,0.0,32.89,0.0,3.0,414.0,13.8134,0.0,0.0,5.88,0.0,0.0,78.0,450.0,15.6,50,a,0,0,0,2,1,Spurs,A,3,0.713,1.2958,0.3698,0.1663,0.1571,0.1458,-0.02,-0.005,0.0042,0.0,0.0029,0.2328,-0.0523,0.0,0.1579,0.1663,0.1571,False
81441,Gillespie,Newcastle,GK,0,0,0,0,0.0,0.0,0.0,0.0,0.0,0.0,0.0,0.0,0.0,0.0,0.0,0.0,0.0,1.5301,1.5382,1.5433,1.4783,0.0,0.0,0.0,0.0,0.0,0.0,0.0,0.0,0.0,0.0,0.0,0.0,0.0,0.0,0.0,0.0,0.0,0.0,0.0,0.0,0.0,45,a,0,0,0,2,1,Spurs,A,3,0.713,1.2958,0.0,0.0,0.0,0.0,0.0,0.0,0.0,0.0,0.0,0.0,0.0,0.0,0.0,0.0,0.0,False
554578,Jaouen,Newcastle,GK,0,0,0,0,,,,,,,,,,,,,,1.5301,1.5382,1.5433,1.4783,,,,,,,,,,,,,,,,,,,,,,45,a,0,0,0,2,1,Spurs,A,3,0.713,1.2958,0.0,0.0,0.0,0.0,0.0,0.0,0.0,0.0,0.0,0.0,0.0,0.0,0.0,0.0,0.0,False
465642,Thiaw,Newcastle,DEF,180,2,0,0,587.3,2963.0,0.1622,0.0244,1.5985,8.2465,0.2369,540.0,0.1767,0.01,1.4783,6.6667,0.0,1.5301,1.5382,1.5433,1.4783,1.0584,0.159,10.4314,53.8133,1.5458,77.3851,4.8,0.96,49.21,292.0,12.0,436.0,11.8588,1.06,0.06,8.870000000000001,40.0,0.0,65.0,540.0,10.8333,50,a,0,2,2,2,1,Spurs,A,3,0.713,1.2958,3.0216,0.908,0.8833,0.0,-0.109,-0.0272,0.103,0.052,0.575,1.093,-0.3845,0.2355,0.9,0.908,0.8833,False
119471,Schär,Newcastle,DEF,1,0,1,0,80.7,1089.0,0.1104,0.0571,1.2799,9.4032,0.0,0.0,0.0,0.0,0.0,0.0,0.0,1.5301,1.5382,1.5433,1.4783,0.099,0.0512,1.1476,8.4315,0.0,12.603,0.97,0.6000000000000001,13.85,115.0,0.0,186.0,14.0554,0.0,0.0,0.0,0.0,0.0,0.0,0.0,0.0,50,a,1,0,1,2,1,Spurs,A,3,0.713,1.2958,1.7667,0.5975,0.4991,0.0,-0.0717,-0.0179,0.0365,0.0559,0.1863,0.7396,-0.1866,0.0941,0.5625,0.5975,0.4991,False
220237,Botman,Newcastle,DEF,180,2,0,0,436.0,1834.0,0.0841,0.0542,1.4508,12.2052,0.1486,540.0,0.04,0.0817,1.4783,14.0,0.0,1.5301,1.5382,1.5433,1.4783,0.4073,0.2626,7.0281,59.1273,0.7201,71.3475,1.73,0.86,27.58,216.0,6.0,332.0,14.7277,0.24,0.49,8.870000000000001,84.0,0.0,81.0,540.0,13.5,50,a,0,2,2,2,1,Spurs,A,3,0.713,1.2958,2.9136,0.908,0.8833,0.0,-0.109,-0.0272,0.2351,0.1128,0.2742,1.093,-0.3845,0.7384,0.9,0.908,0.8833,False
78916,Burn,Newcastle,DEF,0,0,0,0,382.6,2195.0,0.0866,0.0089,1.5074,9.2095,0.0518,384.0,0.1617,0.0094,1.3453,7.7344,0.0,1.5301,1.5382,1.5433,1.4783,0.3681,0.0377,6.4083,39.1505,0.2203,45.4422,1.08,0.36,30.15,225.0,5.0,286.0,10.6895,0.69,0.04,5.74,33.0,0.0,48.0,384.0,11.25,49,i,0,0,0,2,1,Spurs,A,3,0.713,1.2958,0.0,0.0,0.0,0.0,0.0,0.0,0.0,0.0,0.0,0.0,0.0,0.0,0.0,0.0,0.0,False
487838,Hall,Newcastle,DEF,180,2,0,0,472.7,2176.0,0.042,0.1051,1.6746,6.4225,0.0914,337.0,0.0427,0.0641,1.7493,6.1424,0.0,1.5301,1.5382,1.5433,1.4783,0.2206,0.5519,8.7954,33.7323,0.48,64.3883,1.01,2.78,37.72,173.0,4.0,347.0,12.2592,0.16,0.24,6.55,23.0,0.0,40.0,337.0,10.6825,51,a,0,2,2,2,1,Spurs,A,3,0.713,1.2958,2.7332,0.908,0.8833,0.0,-0.109,-0.0272,0.0941,0.175,0.1725,1.093,-0.3845,0.1148,0.9,0.908,0.8833,False
441191,Livramento,Newcastle,DEF,0,0,0,0,153.9,1326.0,0.0068,0.0765,1.9295,4.2344,0.0423,73.0,0.0,0.037,2.7986,6.1644,0.0,1.5301,1.5382,1.5433,1.4783,0.0116,0.1309,3.2994,7.2409,0.0723,22.3391,0.13,0.89,18.62,68.0,3.0,252.0,13.0638,0.0,0.03,2.27,5.0,0.0,7.0,73.0,8.6301,49,i,0,0,0,2,1,Spurs,A,3,0.713,1.2958,0.0,0.0,0.0,0.0,0.0,0.0,0.0,0.0,0.0,0.0,0.0,0.0,0.0,0.0,0.0,False
545477,A.Murphy,Newcastle,DEF,0,0,0,0,3.7,7.0,0.0,0.0,4.3419,47.6903,0.0,6.0,0.0,0.0,3.3,45.0,0.0,1.5301,1.5382,1.5433,1.4783,0.0,0.0,0.1785,1.9606,0.0,2.2016,0.0,0.0,0.49,4.0,0.0,3.0,53.5524,0.0,0.0,0.22,3.0,0.0,4.0,6.0,60.0,40,u,0,0,0,2,1,Spurs,A,3,0.713,1.2958,0.0,0.0,0.0,0.0,0.0,0.0,0.0,0.0,0.0,0.0,0.0,0.0,0.0,0.0,0.0,False
201666,Barnes,Newcastle,MID,180,2,0,0,361.3,1951.0,0.2732,0.115,1.6354,4.2903,0.3017,284.0,0.2884,0.1743,1.7842,4.1197,0.3169,1.5301,1.5382,1.5433,1.4783,1.0966,0.4618,6.5652,17.2231,1.2111,69.4118,6.84,2.72,30.3,100.0,9.0,349.0,17.2905,0.91,0.55,5.63,13.0,1.0,79.0,284.0,25.0352,60,a,0,2,2,2,1,Spurs,A,3,0.713,1.2958,3.1434,0.945,0.8698,0.0,-0.1134,-0.0284,0.1172,0.2568,0.8193,0.2691,0.0,0.0083,0.9,0.945,0.8698,False
449434,Elanga,Newcastle,MID,156,2,0,0,200.7,1302.0,0.1097,0.1389,1.7517,4.1383,0.0,94.0,0.2011,0.0574,2.8149,3.8298,0.0,1.5301,1.5382,1.5433,1.4783,0.2447,0.3098,3.9064,9.2285,0.0,28.6704,1.65,1.74,21.11,55.0,0.0,179.0,12.8567,0.21,0.06,2.94,4.0,0.0,14.0,94.0,13.4043,61,a,0,2,2,2,1,Spurs,A,3,0.713,1.2958,1.8547,0.9175,0.4678,0.0,-0.1101,-0.0275,0.0494,0.1361,0.205,0.2086,0.0,0.0002,0.85,0.9175,0.4678,False
232653,J.Ramsey,Newcastle,MID,42,0,1,0,359.2,1441.0,0.0624,0.0966,1.6637,9.5572,0.3307,361.0,0.0374,0.1346,1.5058,10.2216,0.4986,1.5301,1.5382,1.5433,1.4783,0.249,0.3857,6.6402,38.1439,1.3198,87.4531,1.2,1.45,27.24,149.0,3.0,303.0,21.912,0.15,0.54,6.04,41.0,2.0,96.0,361.0,23.9335,50,a,1,0,1,2,1,Spurs,A,3,0.713,1.2958,1.6485,0.7594,0.448,0.0,-0.0911,-0.0228,0.1,0.1271,0.154,0.166,0.0,0.0526,0.5625,0.7594,0.448,False
114243,J.Murphy,Newcastle,MID,22,0,1,0,289.0,1606.0,0.0769,0.0953,1.6075,6.0517,0.4597,280.0,0.0321,0.0804,1.2696,5.7857,0.9643,1.5301,1.5382,1.5433,1.4783,0.2469,0.3059,5.162,19.4326,1.4763,51.0571,3.07,2.66,24.35,90.0,5.0,314.0,15.9001,0.1,0.2499999999999999,3.95,18.0,3.0,47.0,280.0,15.1071,59,a,1,0,1,2,1,Spurs,A,3,0.713,1.2958,1.6027,0.7594,0.448,0.0,-0.0911,-0.0228,0.0498,0.1184,0.167,0.166,0.0,0.0064,0.5625,0.7594,0.448,False
180974,Joelinton,Newcastle,MID,0,0,0,0,307.7,1950.0,0.1144,0.0655,1.5164,11.153,0.0671,180.0,0.135,0.1,1.315,12.0,0.0,1.5301,1.5382,1.5433,1.4783,0.3911,0.2241,5.1844,38.131,0.2293,43.9305,2.36,1.35,28.75,238.0,2.0,304.0,12.8494,0.27,0.2,2.63,24.0,0.0,23.0,180.0,11.5,54,i,0,0,0,2,1,Spurs,A,3,0.713,1.2958,0.008,0.0,0.0,0.0,0.0,0.0,0.0,0.0,0.0,0.0,0.0,0.0,0.0,0.0,0.0,False
547719,L.Miley,Newcastle,MID,165,2,0,0,248.7,1493.0,0.0547,0.0858,1.5383,8.9147,0.2472,270.0,0.0,0.03,1.67,9.3333,0.0,1.5301,1.5382,1.5433,1.4783,0.1512,0.237,4.2507,24.6343,0.683,48.619,1.36,2.1,21.22,155.0,5.0,334.0,17.5943,0.0,0.09,5.01,28.0,0.0,38.0,270.0,12.6667,55,a,0,2,2,2,1,Spurs,A,3,0.713,1.2958,2.441,0.9175,0.8216,0.0,-0.1101,-0.0275,0.1542,0.1853,0.2379,0.2542,0.0,0.184,0.85,0.9175,0.8216,False
200089,Willock,Newcastle,MID,104,1,0,0,263.4,972.0,0.1154,0.1283,1.618,6.9951,0.0,279.0,0.1452,0.1387,1.2613,4.1935,0.0,1.5301,1.5382,1.5433,1.4783,0.3376,0.3755,4.7353,20.4723,0.0,45.6516,1.26,1.07,17.83,89.0,0.0,166.0,15.5985,0.4499999999999999,0.43,3.91,13.0,0.0,52.0,279.0,16.7742,50,a,0,1,1,2,1,Spurs,A,3,0.713,1.2958,2.5348,0.8969,0.7855,0.0,-0.1076,-0.0269,0.0919,0.249,0.3951,0.243,0.0,0.0438,0.8125,0.8969,0.7855,False
611665,Touré,Newcastle,MID,1,0,1,0,,,,,,,,,,,,,,1.5301,1.5382,1.5433,1.4783,,,,,,,,,,,,,,,,,,,,,,59,a,1,0,1,2,1,Spurs,A,3,0.713,1.2958,1.7901,0.7594,0.448,0.0,-0.0911,-0.0228,0.085,0.1641,0.2735,0.166,0.0,0.0007,0.5625,0.7594,0.448,False
636852,Steur,Newcastle,MID,74,1,0,0,,,,,,,,,,,,,,1.5301,1.5382,1.5433,1.4783,,,,,,,,,,,,,,,,,,,,,,50,a,0,1,1,2,1,Spurs,A,3,0.713,1.2958,1.8582,0.8969,0.4473,0.0,-0.1076,-0.0269,0.1243,0.1188,0.198,0.1995,0.0,0.0,0.8125,0.8969,0.4473,False
470313,Woltemade,Newcastle,FWD,19,0,1,0,303.9,1896.0,0.1669,0.1243,1.2858,5.3639,0.4937,230.0,0.0783,0.27,1.0878,5.087,0.7826,1.5301,1.5382,1.5433,1.4783,0.5637,0.4198,4.3416,18.1122,1.6671,67.7962,6.59,1.53,25.67,105.0,12.0,399.0,20.0778,0.2,0.69,2.78,13.0,2.0,65.0,230.0,25.4348,59,u,1,0,1,2,1,Spurs,A,3,0.713,1.2958,0.0,0.0,0.0,0.0,0.0,0.0,0.0,0.0,0.0,0.0,0.0,0.0,0.0,0.0,0.0,False
216646,Wissa,Newcastle,FWD,171,2,0,0,107.1,517.0,0.6583,0.0598,2.0016,3.7557,0.0,94.0,1.1298,0.0096,1.8862,2.8723,0.0,1.5301,1.5382,1.5433,1.4783,0.7834,0.0712,2.3819,4.4693,0.0,13.3905,3.1300000000000003,0.54,9.97,22.0,0.0,70.0,11.2525,1.1800000000000002,0.01,1.97,3.0,0.0,6.0,94.0,5.7447,61,a,0,2,2,2,1,Spurs,A,3,0.713,1.2958,1.9963,0.9175,0.4678,0.0,-0.1101,-0.0275,0.0842,0.1019,0.6766,0.0,0.0,0.0,0.85,0.9175,0.4678,False
538207,Osula,Newcastle,FWD,55,1,0,0,265.1,805.0,0.5629,0.0934,1.5714,3.1208,1.8402,441.0,0.5408,0.1143,1.4082,2.0408,1.8367,1.5301,1.5382,1.5433,1.4783,1.6582,0.2751,4.6286,9.1926,5.4203,96.2101,4.28,0.62,14.48,31.0,13.0,284.0,32.6628,2.65,0.5599999999999999,6.9,10.0,9.0,142.0,441.0,28.9796,59,i,0,1,1,2,1,Spurs,A,3,0.713,1.2958,0.0,0.0,0.0,0.0,0.0,0.0,0.0,0.0,0.0,0.0,0.0,0.0,0.0,0.0,0.0,False
599303,Neave,Newcastle,FWD,0,0,0,0,7.7,13.0,0.2081,0.0,2.5714,0.0,0.0,13.0,0.2077,0.0,2.5615,0.0,0.0,1.5301,1.5382,1.5433,1.4783,0.0178,0.0,0.22,0.0,0.0,1.1892,0.03,0.0,0.37,0.0,0.0,2.0,13.8997,0.03,0.0,0.37,0.0,0.0,2.0,13.0,13.8462,45,a,0,0,0,2,1,Spurs,A,3,0.713,1.2958,0.4192,0.4525,0.0047,0.0,-0.0543,-0.0136,0.0114,0.0318,0.1006,0.0,0.0,0.0,0.0046,0.4525,0.0047,False
632794,Bamba,Newcastle,MID,14,0,1,0,,,,,,,,,,,,,,1.5301,1.5382,1.5433,1.4783,,,,,,,,,,,,,,,,,,,,,,50,a,1,0,1,2,1,Spurs,A,3,0.713,1.2958,1.7784,0.7594,0.448,0.0,-0.0911,-0.0228,0.0844,0.16,0.2666,0.166,0.0,0.0006,0.5625,0.7594,0.448,False
470551,Horníček,Newcastle,GK,180,2,0,0,,,,,,,,,,,,,,1.5301,1.5382,1.5433,1.4783,,,,,,,,,,,,,,,,,,,,,,50,a,0,2,2,2,1,Spurs,A,3,0.713,1.2958,4.2059,0.9406,0.9353,0.868,-0.1129,-0.0282,0.3388,0.0,0.0,1.6686,-0.1422,0.0,0.94,0.9406,0.9353,False
463726,Dedić,Newcastle,DEF,180,2,0,0,,,,,,,,,,,,,,1.5301,1.5382,1.5433,1.4783,,,,,,,,,,,,,,,,,,,,,,45,a,0,2,2,2,1,Spurs,A,3,0.713,1.2958,2.0418,0.862,0.4676,0.0,-0.1034,-0.0259,0.1075,0.0336,0.0673,0.8342,-0.1291,0.0024,0.85,0.862,0.4676,False
553746,Shahar,Newcastle,DEF,0,0,0,0,0.0,0.0,0.0,0.0,0.0,0.0,0.0,0.0,0.0,0.0,0.0,0.0,0.0,1.5301,1.5382,1.5433,1.4783,0.0,0.0,0.0,0.0,0.0,0.0,0.0,0.0,0.0,0.0,0.0,0.0,0.0,0.0,0.0,0.0,0.0,0.0,0.0,0.0,0.0,40,a,0,0,0,2,1,Spurs,A,3,0.713,1.2958,0.0,0.0,0.0,0.0,0.0,0.0,0.0,0.0,0.0,0.0,0.0,0.0,0.0,0.0,0.0,False
613221,Fernandez-Pardo,Newcastle,FWD,0,0,0,0,,,,,,,,,,,,,,1.5301,1.5382,1.5433,1.4783,,,,,,,,,,,,,,,,,,,,,,60,a,0,0,0,2,1,Spurs,A,3,0.713,1.2958,1.9508,0.8075,0.5173,0.0,-0.0969,-0.0242,0.1005,0.185,0.5756,0.0,0.0,0.0,0.65,0.8075,0.5173,False
463034,Delap,Nott'm Forest,FWD,24,0,1,0,230.4,1092.0,0.3193,0.0144,1.505,3.5576,0.0532,299.0,0.1716,0.009,1.4689,2.408,0.0,1.3224,1.5725,1.5133,1.7017,0.8174,0.0369,3.8529,9.1074,0.1363,17.9625,4.54,0.23,16.669999999999998,42.0,1.0,123.0,7.0166,0.57,0.03,4.88,8.0,0.0,5.0,299.0,1.505,55,a,1,0,1,2,1,Liverpool,A,4,0.8863,1.8005,1.693,0.7594,0.4537,0.0,-0.0911,-0.0228,0.0523,0.0813,0.5741,0.0,0.0,0.0001,0.5625,0.7594,0.4537,False
247348,Muñoz,Nott'm Forest,DEF,54,1,0,0,450.0,2400.0,0.0658,0.1293,1.4078,7.4393,0.2277,531.0,0.0322,0.0949,1.4712,7.1186,0.1695,1.3224,1.5725,1.5133,1.7017,0.3292,0.6464,7.0392,37.1964,1.1383,70.6185,2.45,3.94,34.28,196.0,9.0,469.0,14.1237,0.19,0.56,8.68,42.0,1.0,70.0,531.0,11.8644,54,a,0,1,1,2,1,Liverpool,A,4,0.8863,1.8005,2.3681,0.908,0.8841,0.0,-0.109,-0.0272,0.1028,0.2659,0.2823,0.7324,-0.5991,0.2899,0.9,0.908,0.8841,False
85633,Sels,Nott'm Forest,GK,180,2,0,0,509.8,2667.0,0.0,0.0006,1.6195,0.0,0.0787,540.0,0.0,0.0,1.7017,0.0,0.0,1.3224,1.5725,1.5133,1.7017,0.0,0.0033,9.1733,0.0,0.446,94.4054,0.0,0.06,45.12,0.0,3.0,431.0,16.6663,0.0,0.0,10.21,0.0,0.0,103.0,540.0,17.1667,50,a,0,2,2,2,1,Liverpool,A,4,0.8863,1.8005,3.0689,0.96,0.9453,1.055,-0.1152,-0.0288,0.3631,0.001,0.0,0.7831,-0.6325,0.0,0.95,0.96,0.9453,False
221389,John,Nott'm Forest,GK,0,0,0,0,46.0,437.0,0.0,0.0,1.3095,0.0,0.0,0.0,0.0,0.0,0.0,0.0,0.0,1.3224,1.5725,1.5133,1.7017,0.0,0.0,0.6693,0.0,0.0,2.8644,0.0,0.0,6.13,0.0,0.0,32.0,5.6043,0.0,0.0,0.0,0.0,0.0,0.0,0.0,0.0,45,a,0,0,0,2,1,Liverpool,A,4,0.8863,1.8005,0.0,0.0,0.0,0.0,0.0,0.0,0.0,0.0,0.0,0.0,0.0,0.0,0.0,0.0,0.0,False
215136,N.Williams,Nott'm Forest,DEF,180,2,0,0,565.7,3203.0,0.0494,0.1178,1.558,7.2429,0.4588,495.0,0.0382,0.0655,1.7945,7.6364,0.0,1.3224,1.5725,1.5133,1.7017,0.3105,0.7403,9.7927,45.5257,2.8839,94.3499,2.01,3.97,51.36,247.0,15.0,531.0,15.0106,0.21,0.36,9.87,42.0,0.0,57.0,495.0,10.3636,50,a,0,2,2,2,1,Liverpool,A,4,0.8863,1.8005,2.3091,0.908,0.8841,0.0,-0.109,-0.0272,0.1148,0.243,0.2341,0.7324,-0.5991,0.2789,0.9,0.908,0.8841,False
485047,Morato,Nott'm Forest,DEF,0,0,0,0,288.1,1340.0,0.134,0.0132,1.9765,10.0417,0.0232,402.0,0.1097,0.0157,2.1291,9.403,0.0,1.3224,1.5725,1.5133,1.7017,0.429,0.0423,6.3271,32.1447,0.0743,41.3331,1.32,0.15,24.34,144.0,1.0,190.0,12.9121,0.49,0.07,9.51,42.0,0.0,45.0,402.0,10.0746,50,u,0,0,0,2,1,Liverpool,A,4,0.8863,1.8005,0.0,0.0,0.0,0.0,0.0,0.0,0.0,0.0,0.0,0.0,0.0,0.0,0.0,0.0,0.0,False
227444,Milenković,Nott'm Forest,DEF,180,2,0,0,600.2,3375.0,0.0106,0.0259,1.5488,8.5953,0.0598,495.0,0.0036,0.04,1.6509,9.6364,0.0,1.3224,1.5725,1.5133,1.7017,0.0705,0.1725,10.3285,57.3214,0.3985,78.2779,0.83,0.68,54.98,311.0,2.0,401.0,11.7378,0.02,0.22,9.08,53.0,0.0,63.0,495.0,11.4545,55,a,0,2,2,2,1,Liverpool,A,4,0.8863,1.8005,1.9651,0.908,0.8841,0.0,-0.109,-0.0272,0.0948,0.0777,0.0755,0.7324,-0.5991,0.4705,0.9,0.908,0.8841,False
575476,Murillo,Nott'm Forest,DEF,180,2,0,0,306.3,2130.0,0.0349,0.0123,1.3422,9.2855,0.0551,41.0,0.0,0.0,0.0878,13.1707,0.0,1.3224,1.5725,1.5133,1.7017,0.1187,0.0419,4.5681,31.6015,0.1875,49.8226,0.73,0.47,32.99,223.0,3.0,333.0,14.6394,0.0,0.0,0.04,6.0,0.0,8.0,41.0,17.561,55,a,0,2,2,2,1,Liverpool,A,4,0.8863,1.8005,1.8309,0.908,0.495,0.0,-0.109,-0.0272,0.0886,0.0232,0.0889,0.6626,-0.2273,0.0621,0.9,0.908,0.495,False
159506,Aina,Nott'm Forest,DEF,158,2,0,0,333.0,1587.0,0.0245,0.0369,1.2695,7.4475,0.3051,180.0,0.025,0.01,0.53,6.5,0.0,1.3224,1.5725,1.5133,1.7017,0.0906,0.1364,4.6972,27.5559,1.129,64.5836,0.41,0.8400000000000001,25.31,130.0,5.0,264.0,17.455,0.05,0.02,1.06,13.0,0.0,40.0,180.0,20.0,45,a,0,2,2,2,1,Liverpool,A,4,0.8863,1.8005,1.9733,0.862,0.8312,0.0,-0.1034,-0.0259,0.1313,0.0868,0.141,0.6886,-0.5661,0.2536,0.85,0.862,0.8312,False
575458,Jair Cunha,Nott'm Forest,DEF,180,2,0,0,181.6,514.0,0.0496,0.016,1.5741,7.7815,0.0,300.0,0.039,0.018,1.47,8.1,0.0,1.3224,1.5725,1.5133,1.7017,0.1,0.0323,3.1761,15.7013,0.0,16.7188,0.27,0.06,10.35,47.0,0.0,48.0,8.2857,0.13,0.06,4.9,27.0,0.0,30.0,300.0,9.0,45,a,0,2,2,2,1,Liverpool,A,4,0.8863,1.8005,1.991,0.862,0.835,0.0,-0.1034,-0.0259,0.0649,0.0774,0.2274,0.6917,-0.5661,0.3311,0.85,0.862,0.835,False
500151,Savona,Nott'm Forest,DEF,0,0,0,0,70.1,1025.0,0.1022,0.0442,1.2527,4.6414,0.0,0.0,0.0,0.0,0.0,0.0,0.0,1.3224,1.5725,1.5133,1.7017,0.0796,0.0344,0.9757,3.6151,0.0,8.775,1.34,0.45,15.04,57.0,0.0,131.0,11.266,0.0,0.0,0.0,0.0,0.0,0.0,0.0,0.0,45,i,0,0,0,2,1,Liverpool,A,4,0.8863,1.8005,0.0,0.0,0.0,0.0,0.0,0.0,0.0,0.0,0.0,0.0,0.0,0.0,0.0,0.0,0.0,False
204822,O.Richards,Nott'm Forest,DEF,0,0,0,0,0.0,0.0,0.0,0.0,0.0,0.0,0.0,0.0,0.0,0.0,0.0,0.0,0.0,1.3224,1.5725,1.5133,1.7017,0.0,0.0,0.0,0.0,0.0,0.0,0.0,0.0,0.0,0.0,0.0,0.0,0.0,0.0,0.0,0.0,0.0,0.0,0.0,0.0,0.0,40,a,0,0,0,2,1,Liverpool,A,4,0.8863,1.8005,0.0,0.0,0.0,0.0,0.0,0.0,0.0,0.0,0.0,0.0,0.0,0.0,0.0,0.0,0.0,False
549067,Abbott,Nott'm Forest,DEF,0,0,0,0,38.7,165.0,0.0,0.0044,1.6021,5.8633,0.0,45.0,0.0,0.0,0.68,6.0,0.0,1.3224,1.5725,1.5133,1.7017,0.0,0.0019,0.6889,2.5212,0.0,0.5512,0.0,0.01,3.47,13.0,0.0,3.0,1.2819,0.0,0.0,0.34,3.0,0.0,2.0,45.0,4.0,40,u,0,0,0,2,1,Liverpool,A,4,0.8863,1.8005,0.0,0.0,0.0,0.0,0.0,0.0,0.0,0.0,0.0,0.0,0.0,0.0,0.0,0.0,0.0,False
470315,Netz,Nott'm Forest,DEF,20,0,1,0,164.4,353.0,0.0,0.0508,2.1859,7.0302,0.0,305.0,0.0,0.0148,2.3075,7.6721,0.0,1.3224,1.5725,1.5133,1.7017,0.0,0.0928,3.993,12.8418,0.0,13.6262,0.0,0.41,7.87,27.0,0.0,33.0,7.4596,0.0,0.05,7.82,26.0,0.0,25.0,305.0,7.377,45,a,1,0,1,2,1,Liverpool,A,4,0.8863,1.8005,1.3284,0.5975,0.5023,0.0,-0.0717,-0.0179,0.0238,0.0611,0.0749,0.5265,-0.2961,0.0775,0.5625,0.5975,0.5023,False
538638,Bindon,Nott'm Forest,DEF,0,0,0,0,,,,,,,,,,,,,,1.3224,1.5725,1.5133,1.7017,,,,,,,,,,,,,,,,,,,,,,40,u,0,0,0,2,1,Liverpool,A,4,0.8863,1.8005,0.0,0.0,0.0,0.0,0.0,0.0,0.0,0.0,0.0,0.0,0.0,0.0,0.0,0.0,0.0,False
222531,Gibbs-White,Nott'm Forest,MID,180,2,0,0,525.5,3101.0,0.3963,0.0951,1.4741,5.3346,0.8149,378.0,0.519,0.1786,1.5786,5.9524,1.6667,1.3224,1.5725,1.5133,1.7017,2.3138,0.555,8.6069,31.1482,4.7583,155.4692,10.81,2.91,49.7,178.0,18.0,712.0,26.6265,2.18,0.75,6.63,25.0,7.0,186.0,378.0,44.2857,79,a,0,2,2,2,1,Liverpool,A,4,0.8863,1.8005,4.1598,0.945,0.8713,0.0,-0.1134,-0.0284,0.4714,0.2844,1.541,0.1804,0.0,0.0565,0.9,0.945,0.8713,False
209046,Hudson-Odoi,Nott'm Forest,MID,1,0,1,0,245.2,1838.0,0.1296,0.1807,1.4657,5.2908,0.3858,0.0,0.0,0.0,0.0,0.0,0.0,1.3224,1.5725,1.5133,1.7017,0.3532,0.4924,3.9931,14.4146,1.0511,50.9821,2.77,3.02,30.88,106.0,8.0,358.0,18.7128,0.0,0.0,0.0,0.0,0.0,0.0,0.0,0.0,59,a,1,0,1,2,1,Liverpool,A,4,0.8863,1.8005,2.1046,0.8212,0.544,0.0,-0.0985,-0.0246,0.0833,0.2755,0.3532,0.1426,0.0,0.0089,0.675,0.8212,0.544,False
456512,Ndoye,Nott'm Forest,MID,126,2,0,0,86.2,1167.0,0.1057,0.1145,1.1761,7.5795,0.1052,0.0,0.0,0.0,0.0,0.0,0.0,1.3224,1.5725,1.5133,1.7017,0.1012,0.1097,1.1264,7.2595,0.1008,14.7052,1.05,1.51,15.96,96.0,4.0,178.0,15.3535,0.0,0.0,0.0,0.0,0.0,0.0,0.0,0.0,55,a,0,2,2,2,1,Liverpool,A,4,0.8863,1.8005,1.8587,0.9175,0.4678,0.0,-0.1101,-0.0275,0.0681,0.1464,0.232,0.1565,0.0,0.0096,0.85,0.9175,0.4678,False
503301,Hutchinson,Nott'm Forest,MID,0,0,0,0,361.8,1676.0,0.0634,0.186,1.3067,6.7084,0.0665,335.0,0.0403,0.2257,1.5528,6.1791,0.0,1.3224,1.5725,1.5133,1.7017,0.255,0.7476,5.2531,26.9678,0.2675,66.2056,2.01,3.87,24.42,129.0,3.0,329.0,16.4691,0.15,0.8400000000000001,5.78,23.0,0.0,65.0,335.0,17.4627,54,u,0,0,0,2,1,Liverpool,A,4,0.8863,1.8005,0.008,0.0,0.0,0.0,0.0,0.0,0.0,0.0,0.0,0.0,0.0,0.0,0.0,0.0,0.0,False
476887,Bakwa,Nott'm Forest,MID,0,0,0,0,128.2,549.0,0.0584,0.15,1.9638,4.4299,0.3219,207.0,0.0174,0.1435,1.8304,3.913,0.4348,1.3224,1.5725,1.5133,1.7017,0.0832,0.2137,2.7973,6.3101,0.4585,25.6682,0.54,1.01,10.94,35.0,1.0,100.0,18.0198,0.04,0.33,4.21,9.0,1.0,45.0,207.0,19.5652,55,u,0,0,0,2,1,Liverpool,A,4,0.8863,1.8005,0.008,0.0,0.0,0.0,0.0,0.0,0.0,0.0,0.0,0.0,0.0,0.0,0.0,0.0,0.0,False
432714,McAtee,Nott'm Forest,MID,163,2,0,0,65.0,288.0,0.1055,0.1426,2.56,14.7113,0.0,115.0,0.1252,0.1487,2.4574,14.8696,0.0,1.3224,1.5725,1.5133,1.7017,0.0762,0.103,1.8489,10.6248,0.0,17.2935,0.18,0.37,7.34,32.0,0.0,60.0,23.9448,0.16,0.19,3.14,19.0,0.0,28.0,115.0,21.913,55,a,0,2,2,2,1,Liverpool,A,4,0.8863,1.8005,2.1816,0.9175,0.4678,0.0,-0.1101,-0.0275,0.2174,0.2189,0.3331,0.1565,0.0,0.027,0.85,0.9175,0.4678,False
250199,Dominguez,Nott'm Forest,MID,1,0,1,0,244.7,1168.0,0.1249,0.0691,2.0018,12.6969,0.1504,230.0,0.1252,0.1291,1.9565,15.6522,0.0,1.3224,1.5725,1.5133,1.7017,0.3396,0.1879,5.4426,34.5214,0.4089,54.6032,1.47,0.77,23.21,143.0,3.0,229.0,20.0829,0.32,0.33,4.999999999999999,40.0,0.0,58.0,230.0,22.6957,50,a,1,0,1,2,1,Liverpool,A,4,0.8863,1.8005,1.7594,0.7594,0.4537,0.0,-0.0911,-0.0228,0.0951,0.1361,0.302,0.1189,0.0,0.208,0.5625,0.7594,0.4537,False
210462,I.Sangaré,Nott'm Forest,MID,90,1,0,0,382.3,2073.0,0.0284,0.0677,1.4552,13.0228,0.0416,219.0,0.0,0.0452,1.3521,16.8493,0.0,1.3224,1.5725,1.5133,1.7017,0.1207,0.2874,6.1812,55.3181,0.1768,63.7106,1.16,1.8,33.17,267.0,2.0,366.0,14.9986,0.0,0.11,3.29,41.0,0.0,38.0,219.0,15.6164,49,i,0,1,1,2,1,Liverpool,A,4,0.8863,1.8005,0.008,0.0,0.0,0.0,0.0,0.0,0.0,0.0,0.0,0.0,0.0,0.0,0.0,0.0,0.0,False
204968,Yates,Nott'm Forest,MID,0,0,0,0,133.5,602.0,0.1285,0.0664,1.5365,11.571,0.0,197.0,0.1234,0.0822,1.631,12.7919,0.0,1.3224,1.5725,1.5133,1.7017,0.1906,0.0985,2.2792,17.1636,0.0,24.7631,0.49,0.37,8.56,69.0,0.0,123.0,16.6942,0.27,0.18,3.5700000000000003,28.0,0.0,35.0,197.0,15.9898,45,a,0,0,0,2,1,Liverpool,A,4,0.8863,1.8005,0.647,0.488,0.0577,0.0,-0.0586,-0.0146,0.0162,0.0428,0.0924,0.0151,0.0,0.0113,0.0691,0.488,0.0577,False
60689,Wood,Nott'm Forest,FWD,28,0,1,0,184.9,896.0,0.3888,0.0543,1.7106,3.7369,0.2398,333.0,0.3541,0.0541,1.5892,4.0541,0.2703,1.3224,1.5725,1.5133,1.7017,0.7987,0.1116,3.5144,7.6773,0.4927,29.2337,4.29,0.32,14.44,29.0,4.0,145.0,14.2295,1.31,0.2,5.88,15.0,1.0,59.0,333.0,15.9459,59,a,1,0,1,2,1,Liverpool,A,4,0.8863,1.8005,1.8416,0.7594,0.4537,0.0,-0.0911,-0.0228,0.0589,0.1237,0.6738,0.0,0.0,0.0002,0.5625,0.7594,0.4537,False
482973,Igor Jesus,Nott'm Forest,FWD,180,2,0,0,477.9,2293.0,0.2589,0.0409,1.5456,5.202,0.6385,411.0,0.3723,0.0219,1.7102,6.5693,1.0949,1.3224,1.5725,1.5133,1.7017,1.375,0.2171,8.207,27.6227,3.3902,103.0524,6.48,1.26,38.77,123.0,13.0,407.0,19.4072,1.7,0.1,7.81,30.0,5.0,131.0,411.0,28.6861,59,a,0,2,2,2,1,Liverpool,A,4,0.8863,1.8005,2.8883,0.945,0.8713,0.0,-0.1134,-0.0284,0.2144,0.1493,0.9641,0.0,0.0,0.0257,0.9,0.945,0.8713,False
465680,Kalimuendo,Nott'm Forest,FWD,1,0,1,0,4.0,89.0,0.5152,0.0158,1.17,7.7062,0.0,0.0,0.0,0.0,0.0,0.0,0.0,1.3224,1.5725,1.5133,1.7017,0.0229,0.0007,0.052,0.3425,0.0,1.482,0.4399999999999999,0.02,1.57,6.0,0.0,24.0,33.345,0.0,0.0,0.0,0.0,0.0,0.0,0.0,0.0,55,a,1,0,1,2,1,Liverpool,A,4,0.8863,1.8005,2.0317,0.7594,0.4537,0.0,-0.0911,-0.0228,0.1885,0.1768,0.6813,0.0,0.0,0.0001,0.5625,0.7594,0.4537,False
204561,Schlager,Nott'm Forest,MID,106,1,0,0,,,,,,,,,,,,,,1.3224,1.5725,1.5133,1.7017,,,,,,,,,,,,,,,,,,,,,,50,a,0,1,1,2,1,Liverpool,A,4,0.8863,1.8005,1.8665,0.8969,0.4473,0.0,-0.1076,-0.0269,0.1262,0.1399,0.2331,0.1497,0.0,0.0001,0.8125,0.8969,0.4473,False
568420,Diomande,Nott'm Forest,DEF,0,0,0,0,,,,,,,,,,,,,,1.3224,1.5725,1.5133,1.7017,,,,,,,,,,,,,,,,,,,,,,55,a,0,0,0,2,1,Liverpool,A,4,0.8863,1.8005,1.6275,0.678,0.5804,0.0,-0.0814,-0.0203,0.0572,0.0728,0.1457,0.6084,-0.3413,0.1095,0.65,0.678,0.5804,False
428971,Benda,Nott'm Forest,GK,0,0,0,0,0.0,0.0,0.0,0.0,0.0,0.0,0.0,0.0,0.0,0.0,0.0,0.0,0.0,1.3224,1.5725,1.5133,1.7017,0.0,0.0,0.0,0.0,0.0,0.0,0.0,0.0,0.0,0.0,0.0,0.0,0.0,0.0,0.0,0.0,0.0,0.0,0.0,0.0,0.0,45,a,0,0,0,2,1,Liverpool,A,4,0.8863,1.8005,0.0,0.0,0.0,0.0,0.0,0.0,0.0,0.0,0.0,0.0,0.0,0.0,0.0,0.0,0.0,False
469142,Van Hecke,Spurs,DEF,180,2,0,0,585.3,3210.0,0.1187,0.052,1.2011,9.2626,0.1535,540.0,0.1883,0.05,1.1933,9.5,0.0,1.1557,1.2312,1.1983,0.7033,0.7722,0.3382,7.811,60.2378,0.998,107.1843,3.31,1.57,46.27,317.0,8.0,575.0,16.4814,1.13,0.3,7.16,57.0,0.0,86.0,540.0,14.3333,49,a,0,2,2,2,1,Newcastle,H,2,1.1233,1.0831,3.7873,0.908,0.8833,0.0,-0.109,-0.0272,0.2969,0.1596,0.7404,1.3054,-0.298,0.4654,0.9,0.908,0.8833,False
109646,Tosin,Spurs,DEF,0,0,0,0,76.0,788.0,0.0073,0.0428,1.8403,11.3077,0.148,45.0,0.0,0.0,2.18,6.0,0.0,1.1557,1.2312,1.1983,0.7033,0.0062,0.0361,1.554,9.5487,0.125,11.7744,0.11,0.4,13.25,97.0,2.0,130.0,13.9434,0.0,0.0,1.09,3.0,0.0,1.0,45.0,2.0,45,a,0,0,0,2,1,Newcastle,H,2,1.1233,1.0831,0.0414,0.0945,0.0091,0.0,-0.0113,-0.0028,0.0016,0.0038,0.0041,0.0184,-0.004,0.0013,0.0158,0.0945,0.0091,False
438234,Marmoush,Spurs,FWD,90,1,0,0,151.1,691.0,0.3247,0.0614,1.0349,4.4775,0.525,125.0,0.4032,0.0648,0.9648,5.04,0.72,1.1557,1.2312,1.1983,0.7033,0.5451,0.103,1.7375,7.5173,0.8815,46.5286,2.78,0.77,7.92,39.0,5.0,182.0,27.7139,0.56,0.09,1.34,7.0,1.0,60.0,125.0,43.2,70,a,0,1,1,2,1,Newcastle,H,2,1.1233,1.0831,3.5953,0.8969,0.7855,0.0,-0.1076,-0.0269,0.5808,0.2866,1.294,0.0,0.0,0.0029,0.8125,0.8969,0.7855,False
510281,Sávio,Spurs,MID,0,0,0,0,171.4,817.0,0.3214,0.1484,1.4844,4.9225,0.2625,242.0,0.2715,0.1376,1.495,4.8347,0.3719,1.1557,1.2312,1.1983,0.7033,0.6121,0.2827,2.827,9.3746,0.5,29.8623,2.5,1.59,11.24,59.0,1.0,140.0,15.6803,0.73,0.37,4.02,13.0,1.0,46.0,242.0,17.1074,65,d,0,0,0,2,1,Newcastle,H,2,1.1233,1.0831,0.852,0.4967,0.0695,0.0,-0.0596,-0.0149,0.0144,0.0811,0.2269,0.03,0.0,0.0004,0.0849,0.4967,0.0695,False
432422,Tonali,Spurs,MID,164,2,0,0,431.6,2534.0,0.0586,0.1069,1.4737,8.9323,0.0599,407.0,0.042,0.1039,1.4219,8.4029,0.0,1.1557,1.2312,1.1983,0.7033,0.281,0.5126,7.0672,42.8353,0.2872,79.5713,1.75,2.87,36.19,257.0,2.0,477.0,16.5927,0.19,0.47,6.430000000000001,38.0,0.0,73.0,407.0,16.1425,54,a,0,2,2,2,1,Newcastle,H,2,1.1233,1.0831,2.9356,0.945,0.8698,0.0,-0.1134,-0.0284,0.1908,0.359,0.3834,0.3214,0.0,0.2902,0.9,0.945,0.8698,False
184254,Vicario,Spurs,GK,0,0,0,0,327.6,2790.0,0.0,0.002,1.6504,0.0,0.0651,0.0,0.0,0.0,0.0,0.0,0.0,1.1557,1.2312,1.1983,0.7033,0.0,0.0073,6.0075,0.0,0.2371,36.0966,0.0,0.04,46.21,0.0,6.0,412.0,9.9166,0.0,0.0,0.0,0.0,0.0,0.0,0.0,0.0,45,u,0,0,0,2,1,Newcastle,H,2,1.1233,1.0831,0.0,0.0,0.0,0.0,0.0,0.0,0.0,0.0,0.0,0.0,0.0,0.0,0.0,0.0,0.0,False
214572,Austin,Spurs,GK,0,0,0,0,0.0,0.0,0.0,0.0,0.0,0.0,0.0,0.0,0.0,0.0,0.0,0.0,0.0,1.1557,1.2312,1.1983,0.7033,0.0,0.0,0.0,0.0,0.0,0.0,0.0,0.0,0.0,0.0,0.0,0.0,0.0,0.0,0.0,0.0,0.0,0.0,0.0,0.0,0.0,40,a,0,0,0,2,1,Newcastle,H,2,1.1233,1.0831,0.0,0.0,0.0,0.0,0.0,0.0,0.0,0.0,0.0,0.0,0.0,0.0,0.0,0.0,0.0,False
485055,Kinsky,Spurs,GK,180,2,0,0,293.2,630.0,0.0,0.0,0.7627,0.0,0.0,540.0,0.0,0.0,0.7033,0.0,0.0,1.1557,1.2312,1.1983,0.7033,0.0,0.0,2.4847,0.0,0.0,35.9815,0.0,0.0,5.55,0.0,0.0,76.0,11.0448,0.0,0.0,4.22,0.0,0.0,67.0,540.0,11.1667,45,a,0,2,2,2,1,Newcastle,H,2,1.1233,1.0831,3.6736,0.9406,0.9353,0.8899,-0.1129,-0.0282,0.2397,0.0,0.0,1.3822,-0.311,0.0,0.94,0.9406,0.9353,False
67089,Dubravka,Spurs,GK,0,0,0,0,470.1,3150.0,0.0,0.0009,2.0548,0.0,0.1368,270.0,0.0,0.0,2.1233,0.0,0.0,1.1557,1.2312,1.1983,0.7033,0.0,0.0045,10.7329,0.0,0.7145,60.8983,0.0,0.04,71.26,0.0,7.0,436.0,11.6589,0.0,0.0,6.37,0.0,0.0,36.0,270.0,12.0,40,a,0,0,0,2,1,Newcastle,H,2,1.1233,1.0831,0.151,0.1038,0.0943,0.0897,-0.0125,-0.0031,0.0021,0.0002,0.0,0.1627,-0.0242,0.0,0.0947,0.1038,0.0943,False
221466,Senesi,Spurs,DEF,90,1,0,0,608.1,3288.0,0.039,0.094,1.5259,10.1353,0.4398,540.0,0.0217,0.1017,1.34,9.0,0.5,1.1557,1.2312,1.1983,0.7033,0.2633,0.6354,10.3102,68.4806,2.9715,112.4142,1.53,4.72,54.77,419.0,14.0,571.0,16.6375,0.13,0.61,8.04,54.0,3.0,117.0,540.0,19.5,59,a,0,1,1,2,1,Newcastle,H,2,1.1233,1.0831,3.4168,0.908,0.8833,0.0,-0.109,-0.0272,0.3161,0.2749,0.2354,1.3054,-0.298,0.5485,0.9,0.908,0.8833,False
441164,Pedro Porro,Spurs,DEF,90,1,0,0,525.9,2793.0,0.0471,0.1565,1.0845,7.4992,0.3972,540.0,0.06,0.1733,0.7033,9.1667,0.6667,1.1557,1.2312,1.1983,0.7033,0.2751,0.9142,6.3371,43.8203,2.3208,96.2471,1.05,4.37,37.75,218.0,8.0,502.0,16.4713,0.36,1.04,4.22,55.0,4.0,129.0,540.0,21.5,55,a,0,1,1,2,1,Newcastle,H,2,1.1233,1.0831,3.5801,0.908,0.8833,0.0,-0.109,-0.0272,0.2447,0.4366,0.3084,1.3054,-0.298,0.2825,0.9,0.908,0.8833,False
221632,Romero,Spurs,DEF,0,0,0,0,190.7,1869.0,0.0696,0.0712,1.4086,9.746,0.3948,0.0,0.0,0.0,0.0,0.0,0.0,1.1557,1.2312,1.1983,0.7033,0.1474,0.1508,2.9846,20.6506,0.8366,25.4055,1.39,1.25,28.32,197.0,10.0,305.0,11.99,0.0,0.0,0.0,0.0,0.0,0.0,0.0,0.0,50,u,0,0,0,2,1,Newcastle,H,2,1.1233,1.0831,0.0,0.0,0.0,0.0,0.0,0.0,0.0,0.0,0.0,0.0,0.0,0.0,0.0,0.0,0.0,False
122798,Robertson,Spurs,DEF,157,2,0,0,273.5,1165.0,0.1148,0.0981,1.5007,3.7416,0.173,311.0,0.1215,0.1013,1.7884,2.8939,0.0,1.1557,1.2312,1.1983,0.7033,0.3488,0.298,4.5606,11.3703,0.5256,44.646,1.1,1.4,17.44,55.0,4.0,216.0,14.6916,0.42,0.35,6.18,10.0,0.0,42.0,311.0,12.1543,45,a,0,2,2,2,1,Newcastle,H,2,1.1233,1.0831,3.3694,0.862,0.8343,0.0,-0.1034,-0.0259,0.125,0.2433,0.5548,1.233,-0.2816,0.0342,0.85,0.862,0.8343,False
491279,Van de Ven,Spurs,DEF,90,1,0,0,542.1,3041.0,0.0384,0.0064,1.0953,5.7113,0.1282,540.0,0.005,0.0067,0.7033,4.3333,0.0,1.1557,1.2312,1.1983,0.7033,0.2311,0.0388,6.5972,34.4009,0.7724,65.3257,2.8200000000000003,0.38,42.99,212.0,10.0,431.0,10.8454,0.03,0.04,4.22,26.0,0.0,84.0,540.0,14.0,50,a,0,1,1,2,1,Newcastle,H,2,1.1233,1.0831,2.9454,0.908,0.8833,0.0,-0.109,-0.0272,0.0957,0.0421,0.2172,1.3054,-0.298,0.0803,0.9,0.908,0.8833,False
232859,Spence,Spurs,DEF,0,0,0,0,310.7,2049.0,0.0307,0.0766,1.2121,5.3703,0.274,243.0,0.0148,0.0111,0.7852,4.4444,0.7407,1.1557,1.2312,1.1983,0.7033,0.1059,0.2643,4.1843,18.5394,0.946,42.9289,0.9,1.7699999999999998,31.42,116.0,3.0,271.0,12.4351,0.04,0.03,2.12,12.0,2.0,51.0,243.0,18.8889,45,u,0,0,0,2,1,Newcastle,H,2,1.1233,1.0831,0.0,0.0,0.0,0.0,0.0,0.0,0.0,0.0,0.0,0.0,0.0,0.0,0.0,0.0,0.0,False
487053,Udogie,Spurs,DEF,26,0,1,0,313.4,1335.0,0.0082,0.0366,0.9549,4.6796,0.1708,406.0,0.0044,0.0111,0.5675,4.8768,0.2217,1.1557,1.2312,1.1983,0.7033,0.0285,0.1274,3.3253,16.2955,0.5946,33.5856,0.18,0.72,19.15,68.0,1.0,121.0,9.6449,0.02,0.05,2.56,22.0,1.0,53.0,406.0,11.7488,45,a,1,0,1,2,1,Newcastle,H,2,1.1233,1.0831,1.8077,0.5975,0.4991,0.0,-0.0717,-0.0179,0.0295,0.0604,0.0648,0.8612,-0.1432,0.0127,0.5625,0.5975,0.4991,False
548308,Phillips,Spurs,DEF,0,0,0,0,0.0,0.0,0.0,0.0,0.0,0.0,0.0,0.0,0.0,0.0,0.0,0.0,0.0,1.1557,1.2312,1.1983,0.7033,0.0,0.0,0.0,0.0,0.0,0.0,0.0,0.0,0.0,0.0,0.0,0.0,0.0,0.0,0.0,0.0,0.0,0.0,0.0,0.0,0.0,45,u,0,0,0,2,1,Newcastle,H,2,1.1233,1.0831,0.0,0.0,0.0,0.0,0.0,0.0,0.0,0.0,0.0,0.0,0.0,0.0,0.0,0.0,0.0,False
115556,Davies,Spurs,DEF,0,0,0,0,16.3,136.0,0.3379,0.0486,0.7487,8.3783,0.6902,0.0,0.0,0.0,0.0,0.0,0.0,1.1557,1.2312,1.1983,0.7033,0.0612,0.0088,0.1356,1.5174,0.125,3.4549,0.49,0.07,1.11,14.0,1.0,29.0,19.0761,0.0,0.0,0.0,0.0,0.0,0.0,0.0,0.0,40,a,0,0,0,2,1,Newcastle,H,2,1.1233,1.0831,0.0,0.0,0.0,0.0,0.0,0.0,0.0,0.0,0.0,0.0,0.0,0.0,0.0,0.0,0.0,False
640419,Byfield,Spurs,DEF,0,0,0,0,0.2,1.0,0.0,0.0,0.0,0.0,0.0,0.0,0.0,0.0,0.0,0.0,0.0,1.1557,1.2312,1.1983,0.7033,0.0,0.0,0.0,0.0,0.0,0.5303,0.0,0.0,0.0,0.0,0.0,3.0,238.635,0.0,0.0,0.0,0.0,0.0,0.0,0.0,0.0,40,a,0,0,0,2,1,Newcastle,H,2,1.1233,1.0831,0.0,0.0,0.0,0.0,0.0,0.0,0.0,0.0,0.0,0.0,0.0,0.0,0.0,0.0,0.0,False
499716,Rowswell,Spurs,DEF,0,0,0,0,0.3,1.0,0.0,0.0,32.1,0.0,0.0,0.0,0.0,0.0,0.0,0.0,0.0,1.1557,1.2312,1.1983,0.7033,0.0,0.0,0.107,0.0,0.0,0.8919,0.0,0.0,0.36,0.0,0.0,3.0,267.57,0.0,0.0,0.0,0.0,0.0,0.0,0.0,0.0,40,a,0,0,0,2,1,Newcastle,H,2,1.1233,1.0831,0.0,0.0,0.0,0.0,0.0,0.0,0.0,0.0,0.0,0.0,0.0,0.0,0.0,0.0,0.0,False
616221,Souza,Spurs,DEF,0,0,0,0,37.0,142.0,0.0144,0.0182,1.5558,3.7705,0.0,0.0,0.0,0.0,0.0,0.0,0.0,1.1557,1.2312,1.1983,0.7033,0.0059,0.0075,0.6396,1.5501,0.0,-0.1457,0.02,0.03,2.6100000000000003,6.0,0.0,0.0,-0.3544,0.0,0.0,0.0,0.0,0.0,0.0,0.0,0.0,40,u,0,0,0,2,1,Newcastle,H,2,1.1233,1.0831,0.0,0.0,0.0,0.0,0.0,0.0,0.0,0.0,0.0,0.0,0.0,0.0,0.0,0.0,0.0,False
460842,Kudus,Spurs,MID,22,0,1,0,89.7,1535.0,0.0982,0.1289,1.2937,8.2167,0.3637,0.0,0.0,0.0,0.0,0.0,0.0,1.1557,1.2312,1.1983,0.7033,0.0979,0.1285,1.2894,8.1893,0.3625,14.2155,1.92,2.41,22.74,133.0,7.0,257.0,14.263,0.0,0.0,0.0,0.0,0.0,0.0,0.0,0.0,65,a,1,0,1,2,1,Newcastle,H,2,1.1233,1.0831,1.8923,0.7594,0.448,0.0,-0.0911,-0.0228,0.0467,0.2316,0.3193,0.1932,0.0,0.0404,0.5625,0.7594,0.448,False
493362,Xavi,Spurs,MID,0,0,0,0,259.1,1747.0,0.2153,0.2091,1.6077,7.0281,0.4751,152.0,0.4441,0.1776,0.6395,4.7368,1.1842,1.1557,1.2312,1.1983,0.7033,0.6199,0.6021,4.6283,20.233,1.3678,56.3084,3.06,3.85,30.71,149.0,7.0,345.0,19.5591,0.75,0.3,1.08,8.0,2.0,43.0,152.0,25.4605,60,i,0,0,0,2,1,Newcastle,H,2,1.1233,1.0831,0.008,0.0,0.0,0.0,0.0,0.0,0.0,0.0,0.0,0.0,0.0,0.0,0.0,0.0,0.0,False
511499,Tel,Spurs,MID,157,2,0,0,359.1,1334.0,0.1383,0.2039,1.0171,7.2666,0.3734,414.0,0.0783,0.2261,0.6739,7.1739,0.4348,1.1557,1.2312,1.1983,0.7033,0.5519,0.8134,4.0582,28.9936,1.49,61.8104,2.47,2.43,17.29,111.0,7.0,266.0,15.4913,0.36,1.04,3.1,33.0,2.0,68.0,414.0,14.7826,59,a,0,2,2,2,1,Newcastle,H,2,1.1233,1.0831,3.2726,0.9175,0.8216,0.0,-0.1101,-0.0275,0.1235,0.5673,0.6688,0.3035,0.0,0.104,0.85,0.9175,0.8216,False
172780,Maddison,Spurs,MID,22,0,1,0,18.7,34.0,0.5511,0.1487,1.7105,13.3782,0.0,34.0,0.5559,0.1588,1.7206,13.2353,0.0,1.1557,1.2312,1.1983,0.7033,0.1145,0.0309,0.3554,2.7797,0.0,2.8332,0.21,0.06,0.65,5.0,0.0,5.0,13.6357,0.21,0.06,0.65,5.0,0.0,5.0,34.0,13.2353,64,d,1,0,1,2,1,Newcastle,H,2,1.1233,1.0831,2.1033,0.7594,0.448,0.0,-0.0911,-0.0228,0.0443,0.2589,0.5053,0.1932,0.0,0.003,0.5625,0.7594,0.448,False
202993,Bentancur,Spurs,MID,135,1,0,0,330.4,1880.0,0.0424,0.0303,0.7683,13.4665,0.1723,473.0,0.0514,0.0304,0.5879,13.5095,0.1903,1.1557,1.2312,1.1983,0.7033,0.1555,0.1113,2.8204,49.4371,0.6326,65.4806,0.72,0.8400000000000001,23.65,278.0,4.0,366.0,17.8367,0.27,0.16,3.09,71.0,1.0,97.0,473.0,18.4567,55,a,0,1,1,2,1,Newcastle,H,2,1.1233,1.0831,2.9223,0.945,0.8698,0.0,-0.1134,-0.0284,0.3768,0.1832,0.36,0.3214,0.0,0.8038,0.9,0.945,0.8698,False
550839,Odobert,Spurs,MID,0,0,0,0,93.2,972.0,0.1984,0.1158,1.5261,7.7258,0.6357,0.0,0.0,0.0,0.0,0.0,0.0,1.1557,1.2312,1.1983,0.7033,0.2055,0.1199,1.5804,8.0005,0.6583,17.9845,1.92,1.21,14.24,77.0,6.0,176.0,17.367,0.0,0.0,0.0,0.0,0.0,0.0,0.0,0.0,55,i,0,0,0,2,1,Newcastle,H,2,1.1233,1.0831,0.008,0.0,0.0,0.0,0.0,0.0,0.0,0.0,0.0,0.0,0.0,0.0,0.0,0.0,0.0,False
482442,P.M.Sarr,Spurs,MID,0,0,0,0,216.5,1388.0,0.102,0.0735,1.7328,12.2325,0.1748,39.0,0.3,0.0692,1.0615,6.9231,0.0,1.1557,1.2312,1.1983,0.7033,0.2454,0.1767,4.1684,29.426,0.4204,50.6921,1.63,1.11,26.67,183.0,2.0,313.0,21.0729,0.13,0.03,0.4599999999999999,3.0,0.0,20.0,39.0,46.1538,49,u,0,0,0,2,1,Newcastle,H,2,1.1233,1.0831,0.008,0.0,0.0,0.0,0.0,0.0,0.0,0.0,0.0,0.0,0.0,0.0,0.0,0.0,0.0,False
232787,Gallagher,Spurs,MID,45,1,0,0,395.6,1183.0,0.1038,0.0417,1.1391,9.4872,0.3129,516.0,0.1169,0.0314,0.6262,10.1163,0.5233,1.1557,1.2312,1.1983,0.7033,0.4564,0.1833,5.007,41.7015,1.3755,70.1985,1.23,0.7,19.03,124.0,3.0,211.0,15.9703,0.67,0.18,3.59,58.0,3.0,100.0,516.0,17.4419,54,a,0,1,1,2,1,Newcastle,H,2,1.1233,1.0831,2.78,0.8969,0.7855,0.0,-0.1076,-0.0269,0.1451,0.2151,0.5738,0.2902,0.0,0.2462,0.8125,0.8969,0.7855,False
570526,Bergvall,Spurs,MID,45,1,0,0,107.9,955.0,0.1211,0.0333,1.6673,6.7224,0.0,51.0,0.0882,0.0,1.9412,10.5882,0.0,1.1557,1.2312,1.1983,0.7033,0.1452,0.0399,1.9989,8.0594,0.0,17.7726,1.23,0.43,13.66,79.0,0.0,163.0,14.8242,0.05,0.0,1.1,6.0,0.0,25.0,51.0,44.1176,55,a,0,1,1,2,1,Newcastle,H,2,1.1233,1.0831,1.9817,0.8969,0.4473,0.0,-0.1076,-0.0269,0.068,0.1188,0.3512,0.2261,0.0,0.0034,0.8125,0.8969,0.4473,False
445044,Kulusevski,Spurs,MID,0,0,0,0,0.0,0.0,0.0,0.0,0.0,0.0,0.0,0.0,0.0,0.0,0.0,0.0,0.0,1.1557,1.2312,1.1983,0.7033,0.0,0.0,0.0,0.0,0.0,0.0,0.0,0.0,0.0,0.0,0.0,0.0,0.0,0.0,0.0,0.0,0.0,0.0,0.0,0.0,0.0,65,i,0,0,0,2,1,Newcastle,H,2,1.1233,1.0831,0.008,0.0,0.0,0.0,0.0,0.0,0.0,0.0,0.0,0.0,0.0,0.0,0.0,0.0,0.0,False
547701,Gray,Spurs,MID,152,2,0,0,274.5,1471.0,0.0897,0.0988,1.6475,7.6791,0.3102,41.0,0.0878,0.0,1.361,6.5854,0.0,1.1557,1.2312,1.1983,0.7033,0.2736,0.3014,5.0248,23.4214,0.946,44.1029,1.5,1.29,24.8,132.0,6.0,237.0,14.46,0.04,0.0,0.62,3.0,0.0,8.0,41.0,17.561,50,a,0,2,2,2,1,Newcastle,H,2,1.1233,1.0831,1.9822,0.9175,0.4678,0.0,-0.1101,-0.0275,0.0669,0.163,0.2602,0.2365,0.0,0.0084,0.85,0.9175,0.4678,False
499721,Moore,Spurs,MID,89,1,0,0,0.0,0.0,0.0,0.0,0.0,0.0,0.0,0.0,0.0,0.0,0.0,0.0,0.0,1.1557,1.2312,1.1983,0.7033,0.0,0.0,0.0,0.0,0.0,0.0,0.0,0.0,0.0,0.0,0.0,0.0,0.0,0.0,0.0,0.0,0.0,0.0,0.0,0.0,0.0,50,a,0,1,1,2,1,Newcastle,H,2,1.1233,1.0831,2.0667,0.8969,0.4473,0.0,-0.1076,-0.0269,0.1366,0.1824,0.304,0.2261,0.0,0.0001,0.8125,0.8969,0.4473,False
499726,Olusesi,Spurs,MID,0,0,0,0,4.2,14.0,0.0,0.0643,4.7786,12.7414,0.0,0.0,0.0,0.0,0.0,0.0,0.0,1.1557,1.2312,1.1983,0.7033,0.0,0.003,0.223,0.5946,0.0,0.8919,0.0,0.01,0.75,2.0,0.0,3.0,19.1121,0.0,0.0,0.0,0.0,0.0,0.0,0.0,0.0,45,a,0,0,0,2,1,Newcastle,H,2,1.1233,1.0831,0.008,0.0,0.0,0.0,0.0,0.0,0.0,0.0,0.0,0.0,0.0,0.0,0.0,0.0,0.0,False
551226,Fernandes,Spurs,MID,135,1,0,0,602.6,3017.0,0.0742,0.0962,1.4336,10.8849,0.1973,540.0,0.1233,0.0833,1.4917,11.6667,0.1667,1.1557,1.2312,1.1983,0.7033,0.4966,0.6442,9.5989,72.8805,1.3212,128.5359,1.99,2.96,48.3,369.0,7.0,659.0,19.1972,0.7400000000000001,0.5,8.95,70.0,1.0,116.0,540.0,19.3333,59,a,0,1,1,2,1,Newcastle,H,2,1.1233,1.0831,3.1789,0.945,0.8698,0.0,-0.1134,-0.0284,0.3602,0.3227,0.4935,0.3214,0.0,0.5809,0.9,0.945,0.8698,False
154566,Solanke,Spurs,FWD,37,0,1,0,257.1,997.0,0.2544,0.0332,1.5175,6.5981,0.2811,129.0,0.0349,0.0837,0.6628,9.7674,0.0,1.1557,1.2312,1.1983,0.7033,0.7267,0.0949,4.3349,18.8487,0.803,44.2343,2.97,0.3399999999999999,17.8,71.0,4.0,187.0,15.4846,0.05,0.12,0.95,14.0,0.0,20.0,129.0,13.9535,59,a,1,0,1,2,1,Newcastle,H,2,1.1233,1.0831,1.8072,0.7594,0.448,0.0,-0.0911,-0.0228,0.0582,0.1323,0.6372,0.0,0.0,0.0062,0.5625,0.7594,0.448,False
212319,Richarlison,Spurs,FWD,67,1,0,0,370.3,1954.0,0.4642,0.0518,0.9756,6.5431,0.8401,392.0,0.489,0.0436,0.6819,5.7398,0.9184,1.1557,1.2312,1.1983,0.7033,1.9099,0.213,4.0141,26.9214,3.4566,85.1649,8.64,1.46,25.64,147.0,17.0,505.0,20.699,2.13,0.19,2.97,25.0,4.0,79.0,392.0,18.1378,59,a,0,1,1,2,1,Newcastle,H,2,1.1233,1.0831,4.0118,0.945,0.8698,0.0,-0.1134,-0.0284,0.3794,0.2291,1.8443,0.0,0.0,0.0523,0.9,0.945,0.8698,False
490145,Scarlett,Spurs,FWD,0,0,0,0,1.1,7.0,0.0,0.1309,0.4009,13.2627,0.0,0.0,0.0,0.0,0.0,0.0,0.0,1.1557,1.2312,1.1983,0.7033,0.0,0.0016,0.0049,0.1621,0.0,0.7363,0.0,0.01,0.03,1.0,0.0,5.0,60.2427,0.0,0.0,0.0,0.0,0.0,0.0,0.0,0.0,45,u,0,0,0,2,1,Newcastle,H,2,1.1233,1.0831,0.0,0.0,0.0,0.0,0.0,0.0,0.0,0.0,0.0,0.0,0.0,0.0,0.0,0.0,0.0,False
465920,Mudryk,Spurs,MID,0,0,0,0,0.0,0.0,0.0,0.0,0.0,0.0,0.0,0.0,0.0,0.0,0.0,0.0,0.0,1.1557,1.2312,1.1983,0.7033,0.0,0.0,0.0,0.0,0.0,0.0,0.0,0.0,0.0,0.0,0.0,0.0,0.0,0.0,0.0,0.0,0.0,0.0,0.0,0.0,0.0,54,a,0,0,0,2,1,Newcastle,H,2,1.1233,1.0831,0.008,0.0,0.0,0.0,0.0,0.0,0.0,0.0,0.0,0.0,0.0,0.0,0.0,0.0,0.0,False
611917,Williams-Barnett,Spurs,MID,0,0,0,0,0.0,0.0,0.0,0.0,0.0,0.0,0.0,0.0,0.0,0.0,0.0,0.0,0.0,1.1557,1.2312,1.1983,0.7033,0.0,0.0,0.0,0.0,0.0,0.0,0.0,0.0,0.0,0.0,0.0,0.0,0.0,0.0,0.0,0.0,0.0,0.0,0.0,0.0,0.0,45,a,0,0,0,2,1,Newcastle,H,2,1.1233,1.0831,0.008,0.0,0.0,0.0,0.0,0.0,0.0,0.0,0.0,0.0,0.0,0.0,0.0,0.0,0.0,False
135720,Danso,Sunderland,DEF,0,0,0,0,399.6,1489.0,0.0583,0.0133,0.9948,10.8095,0.0109,540.0,0.055,0.0117,0.7033,10.1667,0.0,1.1579,1.3895,1.16,1.3683,0.2587,0.0592,4.4171,47.9944,0.0482,57.377,0.62,0.28,20.15,192.0,1.0,219.0,12.9227,0.33,0.07,4.22,61.0,0.0,84.0,540.0,14.0,50,a,0,0,0,2,1,Fulham,H,2,0.9996,1.1598,0.6147,0.2543,0.1705,0.0,-0.0305,-0.0076,0.0074,0.012,0.0574,0.2784,-0.0551,0.0503,0.1895,0.2543,0.1705,False
498016,Roefs,Sunderland,GK,180,2,0,0,540.3,3150.0,0.0,0.0025,1.3926,0.0,0.2529,540.0,0.0,0.0,1.3683,0.0,0.0,1.1579,1.3895,1.16,1.3683,0.0,0.0151,8.3601,0.0,1.518,83.3478,0.0,0.1,50.05,0.0,12.0,573.0,13.8836,0.0,0.0,8.209999999999999,0.0,0.0,57.0,540.0,9.5,50,a,0,2,2,2,1,Fulham,H,2,0.9996,1.1598,3.6487,0.96,0.9453,0.8239,-0.1152,-0.0288,0.3581,0.005,0.0,1.3096,-0.3471,0.0,0.95,0.96,0.9453,False
232571,Patterson,Sunderland,GK,0,0,0,0,0.0,0.0,0.0,0.0,0.0,0.0,0.0,0.0,0.0,0.0,0.0,0.0,0.0,1.1579,1.3895,1.16,1.3683,0.0,0.0,0.0,0.0,0.0,0.0,0.0,0.0,0.0,0.0,0.0,0.0,0.0,0.0,0.0,0.0,0.0,0.0,0.0,0.0,0.0,40,u,0,0,0,2,1,Fulham,H,2,0.9996,1.1598,0.0,0.0,0.0,0.0,0.0,0.0,0.0,0.0,0.0,0.0,0.0,0.0,0.0,0.0,0.0,False
515046,Ellborg,Sunderland,GK,0,0,0,0,80.5,270.0,0.0,0.0066,1.3692,0.0,0.9144,0.0,0.0,0.0,0.0,0.0,0.0,1.1579,1.3895,1.16,1.3683,0.0,0.0059,1.2247,0.0,0.8179,17.9929,0.0,0.02,4.1,0.0,3.0,62.0,20.1163,0.0,0.0,0.0,0.0,0.0,0.0,0.0,0.0,45,a,0,0,0,2,1,Fulham,H,2,0.9996,1.1598,0.0,0.0,0.0,0.0,0.0,0.0,0.0,0.0,0.0,0.0,0.0,0.0,0.0,0.0,0.0,False
223827,Ballard,Sunderland,DEF,180,2,0,0,306.4,2144.0,0.0828,0.021,1.4605,10.858,0.2358,140.0,0.0257,0.0321,1.3371,6.4286,0.0,1.1579,1.3895,1.16,1.3683,0.2818,0.0716,4.9723,36.9655,0.8029,31.8715,2.46,0.63,33.2,264.0,9.0,340.0,9.3617,0.04,0.05,2.08,10.0,0.0,-23.0,140.0,-14.7857,50,a,0,2,2,2,1,Fulham,H,2,0.9996,1.1598,3.0187,0.908,0.7585,0.0,-0.109,-0.0272,0.1159,0.0581,0.3047,1.3093,-0.2276,0.1737,0.9,0.908,0.7585,False
200834,Mukiele,Sunderland,DEF,90,1,0,0,490.7,2784.0,0.0681,0.0988,1.3608,7.7301,0.3126,540.0,0.0567,0.0967,1.3683,7.1667,0.1667,1.1579,1.3895,1.16,1.3683,0.3715,0.5385,7.4195,42.1462,1.7046,79.1418,1.62,2.65,44.71,273.0,11.0,489.0,14.5155,0.34,0.58,8.209999999999999,43.0,1.0,57.0,540.0,9.5,55,a,0,1,1,2,1,Fulham,H,2,0.9996,1.1598,3.2613,0.908,0.885,0.0,-0.109,-0.0272,0.1817,0.2486,0.349,1.226,-0.3288,0.2125,0.9,0.908,0.885,False
487676,Hume,Sunderland,DEF,169,2,0,0,528.1,3032.0,0.0831,0.0857,1.3211,5.4466,0.1408,445.0,0.0728,0.0829,1.0942,5.0562,0.0,1.1579,1.3895,1.16,1.3683,0.4874,0.5027,7.7517,31.9597,0.8264,66.4976,2.27,2.05,47.27,203.0,6.0,383.0,11.3327,0.36,0.41,5.41,25.0,0.0,70.0,445.0,14.1573,45,a,0,2,2,2,1,Fulham,H,2,0.9996,1.1598,3.2344,0.908,0.885,0.0,-0.109,-0.0272,0.1112,0.2198,0.4214,1.226,-0.3288,0.058,0.9,0.908,0.885,False
201895,Alderete,Sunderland,DEF,23,0,1,0,494.0,2797.0,0.0437,0.0186,1.4019,10.0495,0.0421,354.0,0.0636,0.0102,1.3551,8.6441,0.0,1.1579,1.3895,1.16,1.3683,0.2398,0.102,7.6946,55.1605,0.2311,60.4385,1.62,0.91,44.52,312.0,5.0,400.0,11.0111,0.25,0.04,5.33,34.0,0.0,19.0,354.0,4.8305,50,a,1,0,1,2,1,Fulham,H,2,0.9996,1.1598,2.1877,0.701,0.6065,0.0,-0.0841,-0.021,0.0567,0.039,0.1613,0.9902,-0.1898,0.1511,0.675,0.701,0.6065,False
434399,Reinildo,Sunderland,DEF,180,2,0,0,379.6,1966.0,0.0025,0.0342,1.1699,7.1472,0.2305,448.0,0.0,0.0281,1.1752,6.6295,0.0,1.1579,1.3895,1.16,1.3683,0.0105,0.1441,4.9345,30.1455,0.9723,62.2107,0.13,0.62,26.72,164.0,6.0,281.0,14.7496,0.0,0.1399999999999999,5.85,33.0,0.0,69.0,448.0,13.8616,45,a,0,2,2,2,1,Fulham,H,2,0.9996,1.1598,2.8362,0.908,0.885,0.0,-0.109,-0.0272,0.1804,0.1022,0.0716,1.226,-0.3288,0.1687,0.9,0.908,0.885,False
519634,Seelt,Sunderland,DEF,0,0,0,0,3.4,133.0,0.0,0.0079,0.9053,8.0021,0.0,0.0,0.0,0.0,0.0,0.0,0.0,1.1579,1.3895,1.16,1.3683,0.0,0.0003,0.0342,0.3023,0.0,0.276,0.0,0.01,1.33,12.0,0.0,11.0,7.3059,0.0,0.0,0.0,0.0,0.0,0.0,0.0,0.0,45,u,0,0,0,2,1,Fulham,H,2,0.9996,1.1598,0.0,0.0,0.0,0.0,0.0,0.0,0.0,0.0,0.0,0.0,0.0,0.0,0.0,0.0,0.0,False
477547,Hjelde,Sunderland,DEF,0,0,0,0,0.0,0.0,0.0,0.0,0.0,0.0,0.0,0.0,0.0,0.0,0.0,0.0,0.0,1.1579,1.3895,1.16,1.3683,0.0,0.0,0.0,0.0,0.0,0.0,0.0,0.0,0.0,0.0,0.0,0.0,0.0,0.0,0.0,0.0,0.0,0.0,0.0,0.0,0.0,40,u,0,0,0,2,1,Fulham,H,2,0.9996,1.1598,0.0,0.0,0.0,0.0,0.0,0.0,0.0,0.0,0.0,0.0,0.0,0.0,0.0,0.0,0.0,False
167512,O'Nien,Sunderland,DEF,66,1,0,0,221.1,565.0,0.0333,0.0189,1.3896,6.9938,0.242,247.0,0.0474,0.0073,1.7271,8.0162,0.3644,1.1579,1.3895,1.16,1.3683,0.0819,0.0465,3.4137,17.1815,0.5946,36.2121,0.15,0.13,9.24,43.0,1.0,90.0,14.7403,0.13,0.02,4.74,22.0,1.0,34.0,247.0,12.3887,40,a,0,1,1,2,1,Fulham,H,2,0.9996,1.1598,2.6719,0.8275,0.799,0.0,-0.0993,-0.0248,0.1366,0.0833,0.2117,1.1069,-0.2971,0.1781,0.8125,0.8275,0.799,False
105717,Masuaku,Sunderland,DEF,0,0,0,0,4.8,125.0,0.0488,0.06,1.53,7.1044,0.0,0.0,0.0,0.0,0.0,0.0,0.0,1.1579,1.3895,1.16,1.3683,0.0026,0.0032,0.0816,0.3789,0.0,0.1327,0.07,0.08,2.09,10.0,0.0,4.0,2.4881,0.0,0.0,0.0,0.0,0.0,0.0,0.0,0.0,40,u,0,0,0,2,1,Fulham,H,2,0.9996,1.1598,0.0,0.0,0.0,0.0,0.0,0.0,0.0,0.0,0.0,0.0,0.0,0.0,0.0,0.0,0.0,False
93605,Meunier,Sunderland,DEF,180,2,0,0,,,,,,,,,,,,,,1.1579,1.3895,1.16,1.3683,,,,,,,,,,,,,,,,,,,,,,45,a,0,2,2,2,1,Fulham,H,2,0.9996,1.1598,2.2083,0.862,0.4722,0.0,-0.1034,-0.0259,0.1295,0.0472,0.0943,0.9124,-0.1079,0.0026,0.85,0.862,0.4722,False
484420,E.Le Fée,Sunderland,MID,168,2,0,0,555.7,2930.0,0.137,0.2746,1.3765,10.1527,0.7908,540.0,0.1067,0.3483,1.3683,10.1667,1.3333,1.1579,1.3895,1.16,1.3683,0.846,1.6955,8.4991,62.6875,4.8829,139.5168,5.22,5.95,46.5,319.0,16.0,621.0,22.5958,0.64,2.09,8.209999999999999,61.0,8.0,159.0,540.0,26.5,59,a,0,2,2,2,1,Fulham,H,2,0.9996,1.1598,3.8304,0.945,0.8728,0.0,-0.1134,-0.0284,0.4794,0.74,0.6246,0.3023,0.0,0.3899,0.9,0.945,0.8728,False
547027,Diarra,Sunderland,MID,28,0,1,0,312.6,1403.0,0.2532,0.0746,1.5259,5.1432,0.1527,214.0,0.3911,0.1262,2.0313,6.729,0.0,1.1579,1.3895,1.16,1.3683,0.8795,0.2592,5.2999,17.8639,0.5303,53.1306,3.27,0.85,21.52,79.0,3.0,209.0,15.2967,0.93,0.3,4.83,16.0,0.0,34.0,214.0,14.2991,55,d,1,0,1,2,1,Fulham,H,2,0.9996,1.1598,2.1076,0.7594,0.4595,0.0,-0.0911,-0.0228,0.0508,0.1538,0.6024,0.1875,0.0,0.0035,0.5625,0.7594,0.4595,False
84450,Xhaka,Sunderland,MID,180,2,0,0,517.6,2901.0,0.0345,0.1475,1.3748,11.3062,0.2913,540.0,0.03,0.21,1.3683,10.8333,0.5,1.1579,1.3895,1.16,1.3683,0.1982,0.8484,7.9064,65.0233,1.6754,100.4037,1.01,3.73,45.68,362.0,8.0,603.0,17.4581,0.18,1.26,8.209999999999999,65.0,3.0,105.0,540.0,17.5,55,a,0,2,2,2,1,Fulham,H,2,0.9996,1.1598,2.9638,0.945,0.8728,0.0,-0.1134,-0.0284,0.2892,0.4402,0.248,0.3023,0.0,0.517,0.9,0.945,0.8728,False
577669,Sadiki,Sunderland,MID,180,2,0,0,546.9,2891.0,0.079,0.0475,1.2706,7.6067,0.0,507.0,0.1136,0.071,1.2888,7.1006,0.0,1.1579,1.3895,1.16,1.3683,0.4799,0.2886,7.7209,46.2231,0.0,76.8914,1.43,1.46,41.39,248.0,0.0,410.0,12.6535,0.64,0.4,7.26,40.0,0.0,72.0,507.0,12.7811,50,a,0,2,2,2,1,Fulham,H,2,0.9996,1.1598,2.7334,0.945,0.8728,0.0,-0.1134,-0.0284,0.1081,0.191,0.4479,0.3023,0.0,0.1339,0.9,0.945,0.8728,False
535818,Adingra,Sunderland,MID,0,0,0,0,49.0,649.0,0.0492,0.0891,1.8233,6.7311,0.5791,0.0,0.0,0.0,0.0,0.0,0.0,1.1579,1.3895,1.16,1.3683,0.0268,0.0485,0.9927,3.6647,0.3153,5.6062,0.35,0.62,11.3,45.0,3.0,81.0,10.2971,0.0,0.0,0.0,0.0,0.0,0.0,0.0,0.0,49,i,0,0,0,2,1,Fulham,H,2,0.9996,1.1598,0.008,0.0,0.0,0.0,0.0,0.0,0.0,0.0,0.0,0.0,0.0,0.0,0.0,0.0,0.0,False
461199,Mundle,Sunderland,MID,1,0,1,0,58.9,399.0,0.2326,0.1076,2.0625,7.4313,0.0,0.0,0.0,0.0,0.0,0.0,0.0,1.1579,1.3895,1.16,1.3683,0.1522,0.0704,1.3498,4.8634,0.0,5.293,0.87,0.48,8.54,33.0,0.0,42.0,8.0878,0.0,0.0,0.0,0.0,0.0,0.0,0.0,0.0,50,a,1,0,1,2,1,Fulham,H,2,0.9996,1.1598,2.0284,0.7594,0.4595,0.0,-0.0911,-0.0228,0.0481,0.2016,0.4781,0.1875,0.0,0.0071,0.5625,0.7594,0.4595,False
554197,Rigg,Sunderland,MID,17,0,1,0,163.9,758.0,0.1176,0.1295,1.7307,6.7945,0.178,121.0,0.1562,0.0595,2.4694,5.2066,0.0,1.1579,1.3895,1.16,1.3683,0.2141,0.2359,3.1518,12.3736,0.3242,37.4626,0.86,0.93,12.46,57.0,1.0,136.0,20.5713,0.21,0.08,3.3200000000000003,7.0,0.0,46.0,121.0,34.2149,50,a,1,0,1,2,1,Fulham,H,2,0.9996,1.1598,1.9431,0.7594,0.4595,0.0,-0.0911,-0.0228,0.0954,0.2074,0.3398,0.1875,0.0,0.0075,0.5625,0.7594,0.4595,False
549912,Talbi,Sunderland,MID,31,0,1,0,258.9,1553.0,0.1211,0.0894,1.3127,5.2491,0.2237,225.0,0.056,0.084,1.488,4.8,0.0,1.1579,1.3895,1.16,1.3683,0.3483,0.2571,3.7762,15.1,0.6436,36.0108,2.13,1.1800000000000002,22.26,92.0,6.0,248.0,12.5182,0.14,0.21,3.72,12.0,0.0,17.0,225.0,6.8,54,a,1,0,1,2,1,Fulham,H,2,0.9996,1.1598,1.8197,0.7594,0.4595,0.0,-0.0911,-0.0228,0.0426,0.1612,0.3154,0.1875,0.0,0.0032,0.5625,0.7594,0.4595,False
699989,Jocelin.T,Sunderland,MID,0,0,0,0,8.7,38.0,0.0,0.0952,0.569,7.1152,0.0,0.0,0.0,0.0,0.0,0.0,0.0,1.1579,1.3895,1.16,1.3683,0.0,0.0092,0.055,0.6878,0.0,0.917,0.0,0.04,0.24,3.0,0.0,4.0,9.4862,0.0,0.0,0.0,0.0,0.0,0.0,0.0,0.0,50,a,0,0,0,2,1,Fulham,H,2,0.9996,1.1598,0.008,0.0,0.0,0.0,0.0,0.0,0.0,0.0,0.0,0.0,0.0,0.0,0.0,0.0,0.0,False
536661,N.Angulo,Sunderland,MID,122,2,0,0,143.2,401.0,0.1727,0.0254,1.3655,8.0404,0.0,147.0,0.1714,0.0245,0.9857,7.3469,0.0,1.1579,1.3895,1.16,1.3683,0.2748,0.0404,2.1727,12.7932,0.0,15.3019,0.77,0.12,7.26,35.0,0.0,43.0,9.6171,0.28,0.04,1.61,12.0,0.0,16.0,147.0,9.7959,50,a,0,2,2,2,1,Fulham,H,2,0.9996,1.1598,2.5865,0.9175,0.67,0.0,-0.1101,-0.0275,0.0797,0.2047,0.5662,0.2781,0.0,0.0113,0.85,0.9175,0.67,False
441264,Brobbey,Sunderland,FWD,129,2,0,0,465.8,1920.0,0.3516,0.0359,1.3298,3.1333,0.4964,470.0,0.2987,0.0402,1.2466,2.6809,0.1915,1.1579,1.3895,1.16,1.3683,1.8198,0.1858,6.8822,16.2167,2.5691,63.5562,6.0200000000000005,0.67,31.4,74.0,12.0,309.0,12.2801,1.56,0.21,6.51,14.0,1.0,60.0,470.0,11.4894,59,a,0,2,2,2,1,Fulham,H,2,0.9996,1.1598,3.2452,0.945,0.8728,0.0,-0.1134,-0.0284,0.2288,0.1754,1.279,0.0,0.0,0.0005,0.9,0.945,0.8728,False
437505,Isidor,Sunderland,FWD,49,0,1,0,116.9,1148.0,0.5169,0.1079,1.7737,5.7298,0.182,91.0,0.9593,0.2077,1.8593,6.9231,0.0,1.1579,1.3895,1.16,1.3683,0.6714,0.1402,2.3038,7.4424,0.2364,47.1936,4.7,0.38,19.82,51.0,7.0,266.0,36.3338,0.97,0.21,1.88,7.0,0.0,70.0,91.0,69.2308,55,a,1,0,1,2,1,Fulham,H,2,0.9996,1.1598,2.5344,0.7594,0.4595,0.0,-0.0911,-0.0228,0.363,0.1924,0.9879,0.0,0.0,0.0022,0.5625,0.7594,0.4595,False
638411,Methalie,Sunderland,DEF,0,0,0,0,,,,,,,,,,,,,,1.1579,1.3895,1.16,1.3683,,,,,,,,,,,,,,,,,,,,,,45,a,0,0,0,2,1,Fulham,H,2,0.9996,1.1598,0.0,0.0,0.0,0.0,0.0,0.0,0.0,0.0,0.0,0.0,0.0,0.0,0.0,0.0,0.0,False
696104,Ahoka,Sunderland,MID,0,0,0,0,,,,,,,,,,,,,,1.1579,1.3895,1.16,1.3683,,,,,,,,,,,,,,,,,,,,,,45,a,0,0,0,2,1,Fulham,H,2,0.9996,1.1598,0.008,0.0,0.0,0.0,0.0,0.0,0.0,0.0,0.0,0.0,0.0,0.0,0.0,0.0,0.0,False
549940,Fofana,Sunderland,MID,0,0,0,0,,,,,,,,,,,,,,1.1579,1.3895,1.16,1.3683,,,,,,,,,,,,,,,,,,,,,,55,a,0,0,0,2,1,Fulham,H,2,0.9996,1.1598,2.2677,0.8075,0.5306,0.0,-0.0969,-0.0242,0.1344,0.2594,0.4323,0.2166,0.0,0.0009,0.65,0.8075,0.5306,False
661313,J.Angulo,Sunderland,FWD,0,0,0,0,,,,,,,,,,,,,,1.1579,1.3895,1.16,1.3683,,,,,,,,,,,,,,,,,,,,,,45,a,0,0,0,2,1,Fulham,H,2,0.9996,1.1598,0.0,0.0,0.0,0.0,0.0,0.0,0.0,0.0,0.0,0.0,0.0,0.0,0.0,0.0,0.0,False
