player_code,web_name,team,position,season_minutes,season_starts,fbref_subs,fbref_unused_subs,long_form_minutes,long_form_unweighted_minutes,long_form_expected_goals_90,long_form_expected_assists_90,long_form_expected_goals_conceded_90,long_form_defensive_contribution_90,long_form_bonus_90,short_form_minutes,short_form_expected_goals_90,short_form_expected_assists_90,short_form_expected_goals_conceded_90,short_form_defensive_contribution_90,short_form_bonus_90,team_long_form_xg90,team_long_form_xgc90,team_short_form_xg90,team_short_form_xgc90,long_form_expected_goals,long_form_expected_assists,long_form_expected_goals_conceded,long_form_defensive_contribution,long_form_bonus,long_form_bps,long_form_unweighted_expected_goals,long_form_unweighted_expected_assists,long_form_unweighted_expected_goals_conceded,long_form_unweighted_defensive_contribution,long_form_unweighted_bonus,long_form_unweighted_bps,long_form_bps_90,short_form_expected_goals,short_form_expected_assists,short_form_expected_goals_conceded,short_form_defensive_contribution,short_form_bonus,short_form_bps,short_form_unweighted_minutes,short_form_bps_90,now_cost,status,season_subs,fbref_starts,fbref_squads_made,gw,fixture_count,fixture_opponent,fixture_venue,fixture_fdr,fixture_attack_mult,fixture_xgc90,expected_points,c1_app_1_60,c2_app_60_plus,c3_saves,c4_yellow_cards,c5_red_cards,c6_bonus,c7_assists,c8_goals,c9_clean_sheets,c10_goals_conceded,c11_defensive_contributions,p_start,p_app,p_60_plus,is_promoted
154561,Raya,Arsenal,GK,450,5,0,0,393.9,3330.0,0.0,0.0018,0.8003,0.0,0.4678,450.0,0.0,0.002,0.814,0.0,1.0,1.8101,0.8328,1.76,0.8417,0.0,0.0077,3.5025,0.0,2.0474,79.4259,0.0,0.07,27.56,0.0,11.0,633.0,18.1476,0.0,0.01,4.07,0.0,5.0,110.0,450.0,22.0,61,a,0,5,5,6,1,Leeds,H,2,1.1885,0.8044,5.2104,1.0,0.995,0.9505,-0.12,-0.03,0.5721,0.0058,0.0,1.8709,-0.2123,0.0,1.0,1.0,0.995,False
109745,Arrizabalaga,Arsenal,GK,0,0,0,0,37.8,90.0,0.0,0.0,0.981,0.0,0.0,90.0,0.0,0.0,0.98,0.0,0.0,1.8101,0.8328,1.76,0.8417,0.0,0.0,0.412,0.0,0.0,4.6249,0.0,0.0,0.98,0.0,0.0,11.0,11.0117,0.0,0.0,0.98,0.0,0.0,11.0,90.0,11.0,49,a,0,0,0,6,1,Leeds,H,2,1.1885,0.8044,0.1784,0.0,0.0,0.0,0.0,0.0,0.0,0.0,0.0,0.0,0.0,0.0,0.0,0.0,0.0,False
437495,Meslier,Arsenal,GK,0,0,0,0,0.0,0.0,0.0,0.0,0.0,0.0,0.0,0.0,0.0,0.0,0.0,0.0,0.0,1.8101,0.8328,1.76,0.8417,0.0,0.0,0.0,0.0,0.0,0.0,0.0,0.0,0.0,0.0,0.0,0.0,0.0,0.0,0.0,0.0,0.0,0.0,0.0,0.0,0.0,49,a,0,0,0,6,1,Leeds,H,2,1.1885,0.8044,0.1784,0.0,0.0,0.0,0.0,0.0,0.0,0.0,0.0,0.0,0.0,0.0,0.0,0.0,0.0,False
226597,Gabriel,Arsenal,DEF,450,5,0,0,376.4,2750.0,0.1127,0.0513,0.83,9.0245,0.9152,495.0,0.1745,0.0164,0.9091,8.1818,0.9091,1.8101,0.8328,1.76,0.8417,0.4712,0.2147,3.4713,37.7425,3.8274,95.1485,2.94,1.75,22.01,277.0,30.0,724.0,22.7507,0.96,0.09,5.0,45.0,5.0,119.0,495.0,21.6364,80,a,0,5,5,6,1,Leeds,H,2,1.1885,0.8044,5.2721,1.0,0.9732,0.0,-0.12,-0.03,0.6763,0.1625,0.8157,1.8299,-0.2123,0.4258,1.0,1.0,0.9732,False
445122,J.Timber,Arsenal,DEF,104,1,0,0,196.1,2452.0,0.1224,0.0608,0.7173,5.4332,0.2491,0.0,0.0,0.0,0.0,0.0,0.0,1.8101,0.8328,1.76,0.8417,0.2668,0.1324,1.5629,11.8383,0.5428,40.0621,4.71,1.53,17.45,148.0,9.0,532.0,18.3865,0.0,0.0,0.0,0.0,0.0,0.0,0.0,0.0,65,a,0,1,1,6,1,Leeds,H,2,1.1885,0.8044,4.4171,0.908,0.8808,0.0,-0.109,-0.0272,0.1821,0.1954,0.7451,1.6562,-0.1912,0.0737,0.9,0.908,0.8808,False
462424,Saliba,Arsenal,DEF,0,0,0,0,342.5,2614.0,0.0273,0.0616,0.7622,6.9843,0.6244,450.0,0.0,0.102,0.814,7.4,0.6,1.8101,0.8328,1.76,0.8417,0.1039,0.2343,2.9007,26.579,2.3763,80.9733,0.88,1.21,20.41,193.0,12.0,581.0,21.2777,0.0,0.51,4.07,37.0,3.0,121.0,450.0,24.2,59,i,0,0,0,6,1,Leeds,H,2,1.1885,0.8044,0.1769,0.0,0.0,0.0,0.0,0.0,0.0,0.0,0.0,0.0,0.0,0.0,0.0,0.0,0.0,False
499169,Lewis-Skelly,Arsenal,MID,271,4,0,0,148.0,697.0,0.0095,0.0302,0.9615,2.4403,0.0,296.0,0.0,0.0365,0.7784,1.8243,0.0,1.8101,0.8328,1.76,0.8417,0.0156,0.0497,1.5812,4.013,0.0,27.2817,0.1,0.2,9.01,25.0,0.0,110.0,16.5902,0.0,0.12,2.56,6.0,0.0,69.0,296.0,20.9797,54,a,0,4,4,6,1,Leeds,H,2,1.1885,0.8044,2.4452,1.0,0.5658,0.0,-0.12,-0.03,0.0839,0.1961,0.2606,0.3178,0.0,0.0001,1.0,1.0,0.5658,False
466075,Calafiori,Arsenal,DEF,416,5,0,0,169.6,1697.0,0.1484,0.0761,0.4584,3.8802,0.465,251.0,0.1578,0.0968,0.2725,2.51,0.7171,1.8101,0.8328,1.76,0.8417,0.2797,0.1434,0.8638,7.312,0.8763,37.3507,3.3600000000000003,0.76,9.72,102.0,6.0,389.0,19.8205,0.44,0.27,0.76,7.0,2.0,50.0,251.0,17.9283,58,a,0,5,5,6,1,Leeds,H,2,1.1885,0.8044,5.0679,1.0,0.9433,0.0,-0.12,-0.03,0.3094,0.2416,0.8629,1.8718,-0.188,0.0112,1.0,1.0,0.9433,False
448104,Hincapie,Arsenal,DEF,32,0,1,0,249.6,1787.0,0.0223,0.0838,0.9021,8.7903,0.3866,288.0,0.0094,0.0875,1.0438,9.375,0.3125,1.8101,0.8328,1.76,0.8417,0.0619,0.2325,2.5017,24.3785,1.0723,48.7859,0.36,1.67,17.53,171.0,7.0,335.0,17.5911,0.03,0.28,3.34,30.0,1.0,53.0,288.0,16.5625,52,a,1,0,1,6,1,Leeds,H,2,1.1885,0.8044,2.3779,0.5975,0.4896,0.0,-0.0717,-0.0179,0.036,0.1327,0.0879,1.0373,-0.0904,0.1071,0.5625,0.5975,0.4896,False
198869,White,Arsenal,DEF,315,4,0,0,112.7,699.0,0.0255,0.0744,0.8839,5.5039,0.1259,215.0,0.0,0.0753,0.5735,3.3488,0.0,1.8101,0.8328,1.76,0.8417,0.0319,0.0932,1.1068,6.8921,0.1577,27.1043,0.45,0.6900000000000001,8.68,53.0,3.0,181.0,21.645,0.0,0.18,1.37,8.0,0.0,56.0,215.0,23.4419,55,d,0,4,4,6,1,Leeds,H,2,1.1885,0.8044,4.4363,1.0,0.9098,0.0,-0.12,-0.03,0.3948,0.2055,0.2013,1.8705,-0.1725,0.0512,1.0,1.0,0.9098,False
500040,Mosquera,Arsenal,DEF,168,2,0,0,169.6,986.0,0.0145,0.0436,0.9431,8.593,0.0117,305.0,0.0295,0.0384,1.0446,7.377,0.0,1.8101,0.8328,1.76,0.8417,0.0273,0.0822,1.7772,16.1931,0.0221,30.891,0.1,0.63,9.04,95.0,1.0,195.0,16.3926,0.1,0.13,3.54,25.0,0.0,43.0,305.0,12.6885,53,a,0,2,2,6,1,Leeds,H,2,1.1885,0.8044,3.5482,0.862,0.8058,0.0,-0.1034,-0.0259,0.1312,0.1274,0.1478,1.5888,-0.1624,0.2282,0.85,0.862,0.8058,False
223340,Saka,Arsenal,MID,416,5,0,0,243.0,2218.0,0.2684,0.3243,0.6447,7.8691,0.955,223.0,0.2341,0.5691,0.4883,8.4753,1.6143,1.8101,0.8328,1.76,0.8417,0.7246,0.8755,1.7406,21.2465,2.5785,64.4754,7.569999999999999,7.16,15.57,184.0,18.0,570.0,23.8798,0.58,1.41,1.21,21.0,4.0,73.0,223.0,29.4619,95,a,0,5,5,6,1,Leeds,H,2,1.1885,0.8044,5.1149,1.0,0.8969,0.0,-0.12,-0.03,0.3312,1.0624,1.3585,0.4449,0.0,0.148,1.0,1.0,0.8969,False
204480,Rice,Arsenal,MID,411,5,0,0,372.5,3093.0,0.0533,0.1923,0.774,11.1461,0.4442,423.0,0.0,0.1191,0.8298,11.0638,0.0,1.8101,0.8328,1.76,0.8417,0.2208,0.7961,3.2035,46.1324,1.8384,84.2219,3.15,7.32,23.87,376.0,23.0,790.0,20.3489,0.0,0.56,3.9,52.0,0.0,69.0,423.0,14.6809,74,d,0,5,5,6,1,Leeds,H,2,1.1885,0.8044,3.4714,1.0,0.8853,0.0,-0.12,-0.03,0.2406,0.5744,0.3074,0.4427,0.0,0.4852,1.0,1.0,0.8853,False
232413,Eze,Arsenal,MID,85,0,1,0,247.1,1885.0,0.2848,0.1092,0.8062,5.5754,0.2036,355.0,0.3296,0.0887,0.867,4.8169,0.0,1.8101,0.8328,1.76,0.8417,0.782,0.2999,2.2136,15.3077,0.559,53.2399,5.18,2.66,14.21,120.0,8.0,439.0,19.3913,1.3,0.35,3.42,19.0,0.0,73.0,355.0,18.507,63,a,1,0,1,6,1,Leeds,H,2,1.1885,0.8044,2.8982,0.8212,0.5163,0.0,-0.0985,-0.0246,0.0544,0.2413,0.9437,0.2735,0.0,0.0078,0.675,0.8212,0.5163,False
184029,Ødegaard,Arsenal,MID,377,5,0,0,170.9,1363.0,0.0853,0.2277,1.0396,6.2322,0.2105,293.0,0.0737,0.2273,1.0167,6.4505,0.0,1.8101,0.8328,1.76,0.8417,0.162,0.4324,1.974,11.8342,0.3998,36.4451,1.25,3.65,16.2,102.0,5.0,306.0,19.1929,0.24,0.74,3.31,21.0,0.0,54.0,293.0,16.587,68,a,0,5,5,6,1,Leeds,H,2,1.1885,0.8044,3.4451,1.0,0.7725,0.0,-0.12,-0.03,0.1251,0.6281,0.4905,0.4079,0.0,0.0221,1.0,1.0,0.7725,False
248857,Madueke,Arsenal,MID,23,0,1,0,177.8,1205.0,0.0895,0.2155,0.9028,5.5872,1.054,263.0,0.0684,0.2498,0.8247,6.5019,1.0266,1.8101,0.8328,1.76,0.8417,0.1768,0.4258,1.7835,11.0379,2.0823,45.0293,1.23,2.86,12.77,70.0,9.0,254.0,22.7932,0.2,0.73,2.41,19.0,3.0,64.0,263.0,21.9011,62,a,1,0,1,6,1,Leeds,H,2,1.1885,0.8044,2.2174,0.7594,0.4306,0.0,-0.0911,-0.0228,0.0603,0.3707,0.3113,0.2281,0.0,0.0072,0.5625,0.7594,0.4306,False
195384,Merino,Arsenal,MID,81,0,1,0,61.8,1024.0,0.4975,0.14,0.9632,9.9542,0.4603,28.0,1.1893,0.0,2.475,6.4286,0.0,1.8101,0.8328,1.76,0.8417,0.3416,0.0961,0.6614,6.8352,0.3161,11.944,3.3600000000000003,1.45,7.36,113.0,5.0,236.0,17.3942,0.37,0.0,0.77,2.0,0.0,-2.0,28.0,-6.4286,58,a,1,0,1,6,1,Leeds,H,2,1.1885,0.8044,3.0466,0.7594,0.4306,0.0,-0.0911,-0.0228,0.0412,0.2567,1.2735,0.2281,0.0,0.0793,0.5625,0.7594,0.4306,False
444145,Martinelli,Arsenal,MID,0,0,0,0,151.7,1065.0,0.295,0.1386,0.9488,6.4877,0.5132,173.0,0.3069,0.1353,1.2017,6.2428,1.0405,1.8101,0.8328,1.76,0.8417,0.4973,0.2336,1.5993,10.9353,0.865,29.0204,4.12,1.27,10.51,77.0,3.0,195.0,17.2171,0.5900000000000001,0.26,2.31,12.0,2.0,33.0,173.0,17.1676,63,u,0,0,0,6,1,Leeds,H,2,1.1885,0.8044,0.171,0.0,0.0,0.0,0.0,0.0,0.0,0.0,0.0,0.0,0.0,0.0,0.0,0.0,0.0,False
481655,Zubimendi,Arsenal,MID,89,0,1,0,334.0,2991.0,0.071,0.0578,0.9174,9.572,0.1915,319.0,0.0197,0.0197,1.0834,11.2853,0.0,1.8101,0.8328,1.76,0.8417,0.2635,0.2146,3.4046,35.5229,0.7105,65.1624,2.84,2.27,26.09,307.0,9.0,604.0,17.5587,0.07,0.07,3.84,40.0,0.0,60.0,319.0,16.9279,53,a,1,0,1,6,1,Leeds,H,2,1.1885,0.8044,2.1069,0.8212,0.5163,0.0,-0.0985,-0.0246,0.0517,0.1355,0.2609,0.2735,0.0,0.1363,0.675,0.8212,0.5163,False
616077,Dowman,Arsenal,MID,9,0,1,0,42.4,152.0,0.4937,0.2055,0.4793,9.1182,0.0,73.0,0.0986,0.1973,0.2589,11.0959,0.0,1.8101,0.8328,1.76,0.8417,0.2326,0.0968,0.2258,4.2957,0.0,9.686,1.19,0.3,0.88,16.0,0.0,51.0,20.5599,0.08,0.16,0.21,9.0,0.0,8.0,73.0,9.863,53,a,1,0,1,6,1,Leeds,H,2,1.1885,0.8044,2.5587,0.7594,0.4306,0.0,-0.0911,-0.0228,0.0288,0.304,0.7506,0.2281,0.0,0.0096,0.5625,0.7594,0.4306,False
499175,Nwaneri,Arsenal,MID,0,0,0,0,3.9,165.0,0.1315,0.0462,0.5308,7.7423,0.0,0.0,0.0,0.0,0.0,0.0,0.0,1.8101,0.8328,1.76,0.8417,0.0057,0.002,0.023,0.3355,0.0,0.5404,0.2299999999999999,0.08,0.73,13.0,0.0,20.0,12.4708,0.0,0.0,0.0,0.0,0.0,0.0,0.0,0.0,54,u,0,0,0,6,1,Leeds,H,2,1.1885,0.8044,0.171,0.0,0.0,0.0,0.0,0.0,0.0,0.0,0.0,0.0,0.0,0.0,0.0,0.0,0.0,False
438098,Fábio Vieira,Arsenal,MID,0,0,0,0,0.0,0.0,0.0,0.0,0.0,0.0,0.0,0.0,0.0,0.0,0.0,0.0,0.0,1.8101,0.8328,1.76,0.8417,0.0,0.0,0.0,0.0,0.0,0.0,0.0,0.0,0.0,0.0,0.0,0.0,0.0,0.0,0.0,0.0,0.0,0.0,0.0,0.0,0.0,55,u,0,0,0,6,1,Leeds,H,2,1.1885,0.8044,0.171,0.0,0.0,0.0,0.0,0.0,0.0,0.0,0.0,0.0,0.0,0.0,0.0,0.0,0.0,False
200641,Nelson,Arsenal,MID,0,0,0,0,20.8,118.0,0.3245,0.064,2.989,10.9614,0.0,18.0,0.0,0.1,5.05,5.0,0.0,1.8101,0.8328,1.76,0.8417,0.075,0.0148,0.6908,2.5333,0.0,7.0774,0.71,0.11,3.02,23.0,0.0,39.0,30.6234,0.0,0.02,1.01,1.0,0.0,16.0,18.0,80.0,55,u,0,0,0,6,1,Leeds,H,2,1.1885,0.8044,0.171,0.0,0.0,0.0,0.0,0.0,0.0,0.0,0.0,0.0,0.0,0.0,0.0,0.0,0.0,False
224117,Gyökeres,Arsenal,FWD,29,0,1,0,250.6,2217.0,0.5928,0.0856,0.8919,3.7989,0.9068,239.0,0.7569,0.064,1.0431,4.5188,1.1297,1.8101,0.8328,1.76,0.8417,1.6506,0.2384,2.4835,10.5777,2.5248,67.5139,12.26,1.94,17.81,85.0,16.0,474.0,24.2468,2.01,0.17,2.77,12.0,3.0,86.0,239.0,32.3849,71,a,1,0,1,6,1,Leeds,H,2,1.1885,0.8044,3.3716,0.8212,0.5163,0.0,-0.0985,-0.0246,0.1038,0.1974,1.6214,0.0,0.0,0.0006,0.675,0.8212,0.5163,False
219847,Havertz,Arsenal,FWD,437,5,0,0,140.5,577.0,0.6067,0.1457,1.0863,4.6787,0.7409,263.0,0.6981,0.1848,1.2217,3.7643,1.0266,1.8101,0.8328,1.76,0.8417,0.9472,0.2275,1.6959,7.3039,1.1567,38.9041,3.31,0.64,6.68,32.0,3.0,143.0,24.9208,2.04,0.54,3.5700000000000003,11.0,3.0,91.0,263.0,31.1407,76,a,0,5,5,6,1,Leeds,H,2,1.1885,0.8044,5.3483,1.0,0.9348,0.0,-0.12,-0.03,0.4418,0.5209,2.366,0.0,0.0,0.0031,1.0,1.0,0.9348,False
205651,G.Jesus,Arsenal,FWD,0,0,0,0,75.9,418.0,0.6841,0.0512,0.5701,4.9416,0.0,100.0,0.792,0.027,0.36,3.6,0.0,1.8101,0.8328,1.76,0.8417,0.5769,0.0432,0.4808,4.1674,0.0,15.9533,2.71,0.26,3.97,30.0,0.0,92.0,18.917,0.88,0.03,0.4,4.0,0.0,19.0,100.0,17.1,59,u,0,0,0,6,1,Leeds,H,2,1.1885,0.8044,0.2347,0.0,0.0,0.0,0.0,0.0,0.0,0.0,0.0,0.0,0.0,0.0,0.0,0.0,0.0,False
199798,Konsa,Arsenal,DEF,281,3,0,0,347.4,3035.0,0.0438,0.015,1.4742,5.5924,0.0499,360.0,0.0,0.0075,1.5325,4.75,0.0,1.8101,0.8328,1.76,0.8417,0.169,0.058,5.6906,21.5867,0.1928,49.6791,1.27,0.59,48.93,196.0,3.0,497.0,12.8702,0.0,0.03,6.13,19.0,0.0,36.0,360.0,9.0,46,a,0,3,3,6,1,Leeds,H,2,1.1885,0.8044,3.6935,0.908,0.8808,0.0,-0.109,-0.0272,0.0864,0.0595,0.2532,1.6562,-0.1912,0.0742,0.9,0.908,0.8808,False
208706,Bruno G.,Arsenal,MID,123,1,0,0,270.6,2456.0,0.2027,0.2483,1.2279,9.8573,0.7267,437.0,0.1586,0.276,1.2069,10.5034,0.6178,1.8101,0.8328,1.76,0.8417,0.6095,0.7465,3.692,29.6375,2.185,70.2388,5.59,4.96,31.99,251.0,22.0,681.0,23.361,0.77,1.34,5.859999999999999,51.0,3.0,97.0,437.0,19.9771,67,a,0,1,1,6,1,Leeds,H,2,1.1885,0.8044,4.408,0.945,0.8652,0.0,-0.1134,-0.0284,0.3286,0.7905,1.0427,0.4067,0.0,0.4616,0.9,0.945,0.8652,False
439509,Tzolis,Arsenal,MID,362,5,0,0,,,,,,,,,,,,,,1.8101,0.8328,1.76,0.8417,,,,,,,,,,,,,,,,,,,,,,63,a,0,5,5,6,1,Leeds,H,2,1.1885,0.8044,2.7886,1.0,0.7012,0.0,-0.12,-0.03,0.1231,0.2115,0.3525,0.3793,0.0,0.0,1.0,1.0,0.7012,False
72147,M.Bizot,Aston Villa,GK,90,1,0,0,78.4,585.0,0.0,0.0,1.4058,0.0,0.0,90.0,0.0,0.0,1.34,0.0,0.0,1.4247,1.4126,1.5933,1.41,0.0,0.0,1.2246,0.0,0.0,10.3957,0.0,0.0,11.02,0.0,0.0,75.0,11.9338,0.0,0.0,1.34,0.0,0.0,10.0,90.0,10.0,45,i,0,1,1,6,1,Brentford,H,3,1.1921,1.3698,0.0584,0.0,0.0,0.0,0.0,0.0,0.0,0.0,0.0,0.0,0.0,0.0,0.0,0.0,0.0,False
101188,Digne,Aston Villa,DEF,0,0,0,0,205.7,1842.0,0.0284,0.1737,1.3975,6.1215,0.2479,216.0,0.025,0.2,1.7625,5.0,0.0,1.4247,1.4126,1.5933,1.41,0.0649,0.3969,3.1941,13.9911,0.5666,40.138,0.67,3.28,27.79,113.0,5.0,381.0,17.5616,0.06,0.48,4.23,12.0,0.0,31.0,216.0,12.9167,45,u,0,0,0,6,1,Brentford,H,3,1.1921,1.3698,0.0569,0.0,0.0,0.0,0.0,0.0,0.0,0.0,0.0,0.0,0.0,0.0,0.0,0.0,0.0,False
199796,Cash,Aston Villa,DEF,296,3,0,0,366.4,3016.0,0.0255,0.0773,1.3451,5.194,0.1307,484.0,0.0037,0.0446,1.3221,5.2066,0.186,1.4247,1.4126,1.5933,1.41,0.1039,0.3148,5.476,21.1454,0.532,42.7805,1.14,2.94,45.45,186.0,7.0,450.0,10.5083,0.02,0.24,7.109999999999999,28.0,1.0,42.0,484.0,7.8099,44,a,0,3,3,6,1,Brentford,H,3,1.1921,1.3698,2.7842,0.908,0.8825,0.0,-0.109,-0.0272,0.069,0.2268,0.1646,1.0279,-0.4153,0.0614,0.9,0.908,0.8825,False
149484,Mings,Aston Villa,DEF,261,2,0,0,212.2,1322.0,0.0936,0.0271,1.5628,7.2927,0.1985,360.0,0.0725,0.0125,1.4625,6.75,0.0,1.4247,1.4126,1.5933,1.41,0.2207,0.0639,3.6848,17.1946,0.468,18.6676,1.3,0.42,23.37,107.0,4.0,169.0,7.9175,0.29,0.05,5.85,27.0,0.0,21.0,360.0,5.25,45,a,0,2,2,6,1,Brentford,H,3,1.1921,1.3698,2.876,0.862,0.8335,0.0,-0.1034,-0.0259,0.0738,0.0954,0.5052,0.9708,-0.3924,0.216,0.85,0.862,0.8335,False
244954,Pau,Aston Villa,DEF,187,3,0,0,193.1,1673.0,0.1558,0.0158,1.1712,5.2384,0.0318,197.0,0.3198,0.0091,1.2518,5.0254,0.0,1.4247,1.4126,1.5933,1.41,0.3342,0.0339,2.5129,11.2392,0.0682,28.2212,1.33,0.39,22.81,112.0,2.0,280.0,13.1533,0.7000000000000001,0.02,2.74,11.0,0.0,19.0,197.0,8.6802,45,i,0,3,3,6,1,Brentford,H,3,1.1921,1.3698,0.0569,0.0,0.0,0.0,0.0,0.0,0.0,0.0,0.0,0.0,0.0,0.0,0.0,0.0,0.0,False
515597,Bogarde,Aston Villa,MID,16,0,1,0,160.0,1042.0,0.0,0.0106,1.3068,5.217,0.1209,245.0,0.0,0.0037,1.2453,4.4082,0.0,1.4247,1.4126,1.5933,1.41,0.0,0.0188,2.3232,9.2747,0.2149,13.0345,0.0,0.2,15.38,60.0,4.0,121.0,7.3319,0.0,0.01,3.39,12.0,0.0,14.0,245.0,5.1429,49,a,1,0,1,6,1,Brentford,H,3,1.1921,1.3698,1.3541,0.7594,0.4422,0.0,-0.0911,-0.0228,0.0285,0.0874,0.124,0.1555,0.0,0.0042,0.5625,0.7594,0.4422,False
441302,Maatsen,Aston Villa,DEF,335,4,0,0,236.1,1590.0,0.0601,0.1291,1.4599,7.4836,0.1603,327.0,0.0165,0.1486,1.2413,7.4312,0.2752,1.4247,1.4126,1.5933,1.41,0.1577,0.3388,3.8297,19.632,0.4204,32.8641,1.26,2.39,26.64,128.0,1.0,242.0,12.5276,0.06,0.54,4.51,27.0,1.0,34.0,327.0,9.3578,44,i,0,4,4,6,1,Brentford,H,3,1.1921,1.3698,0.0569,0.0,0.0,0.0,0.0,0.0,0.0,0.0,0.0,0.0,0.0,0.0,0.0,0.0,0.0,False
184667,Lindelöf,Aston Villa,DEF,450,5,0,0,169.3,942.0,0.0348,0.009,1.3754,4.859,0.0,280.0,0.0,0.0096,1.2954,5.1429,0.0,1.4247,1.4126,1.5933,1.41,0.0654,0.017,2.5873,9.1403,0.0,18.08,0.28,0.1,15.93,54.0,0.0,124.0,9.6113,0.0,0.03,4.029999999999999,16.0,0.0,25.0,280.0,8.0357,45,a,0,5,5,6,1,Brentford,H,3,1.1921,1.3698,2.9759,1.0,0.9755,0.0,-0.12,-0.03,0.0865,0.075,0.2568,1.1362,-0.4611,0.0771,1.0,1.0,0.9755,False
606798,A.García,Aston Villa,DEF,0,0,0,0,22.9,83.0,0.0,0.0031,2.4779,15.6981,0.0,45.0,0.0,0.0,2.38,18.0,0.0,1.4247,1.4126,1.5933,1.41,0.0,0.0008,0.6305,3.9943,0.0,3.9583,0.0,0.01,2.74,10.0,0.0,12.0,15.5566,0.0,0.0,1.19,9.0,0.0,5.0,45.0,10.0,40,a,0,0,0,6,1,Brentford,H,3,1.1921,1.3698,0.0569,0.0,0.0,0.0,0.0,0.0,0.0,0.0,0.0,0.0,0.0,0.0,0.0,0.0,0.0,False
578545,Nedeljkovic,Aston Villa,DEF,0,0,0,0,,,,,,,,,,,,,,1.4247,1.4126,1.5933,1.41,,,,,,,,,,,,,,,,,,,,,,40,u,0,0,0,6,1,Brentford,H,3,1.1921,1.3698,0.0569,0.0,0.0,0.0,0.0,0.0,0.0,0.0,0.0,0.0,0.0,0.0,0.0,0.0,0.0,False
195546,Buendía,Aston Villa,MID,401,5,0,0,247.1,1753.0,0.1413,0.112,1.4585,10.4448,0.4324,288.0,0.15,0.0937,1.6031,11.5625,0.625,1.4247,1.4126,1.5933,1.41,0.3879,0.3076,4.0043,28.6767,1.1872,55.6863,3.38,2.23,28.03,197.0,10.0,382.0,20.2823,0.48,0.3,5.13,37.0,2.0,87.0,288.0,27.1875,59,a,0,5,5,6,1,Brentford,H,3,1.1921,1.3698,3.3541,1.0,0.8709,0.0,-0.12,-0.03,0.3386,0.3727,0.7642,0.2867,0.0,0.3287,1.0,1.0,0.8709,False
215711,Bailey,Aston Villa,MID,0,0,0,0,101.2,450.0,0.1131,0.2573,1.4554,9.9162,0.0,116.0,0.1474,0.194,1.2879,11.6379,0.0,1.4247,1.4126,1.5933,1.41,0.1272,0.2893,1.6365,11.1502,0.0,17.186,0.5,1.4600000000000002,7.03,48.0,0.0,69.0,15.284,0.19,0.25,1.66,15.0,0.0,27.0,116.0,20.9483,54,u,0,0,0,6,1,Brentford,H,3,1.1921,1.3698,0.0,0.0,0.0,0.0,0.0,0.0,0.0,0.0,0.0,0.0,0.0,0.0,0.0,0.0,0.0,False
122806,McGinn,Aston Villa,MID,434,5,0,0,232.4,2136.0,0.1179,0.2728,1.283,5.0307,0.2989,329.0,0.0766,0.4897,1.1599,4.3769,0.0,1.4247,1.4126,1.5933,1.41,0.3045,0.7045,3.3129,12.9905,0.7719,59.9042,3.0,4.11,33.08,150.0,6.0,443.0,23.1987,0.28,1.79,4.24,16.0,0.0,94.0,329.0,25.7143,54,a,0,5,5,6,1,Brentford,H,3,1.1921,1.3698,4.0083,1.0,0.9364,0.0,-0.12,-0.03,0.4226,0.9673,0.6773,0.2837,0.0,0.021,1.0,1.0,0.9364,False
88894,Barkley,Aston Villa,MID,308,4,0,0,208.9,844.0,0.1576,0.1112,1.4242,6.7507,0.5764,378.0,0.1976,0.0381,1.3238,5.2381,0.4762,1.4247,1.4126,1.5933,1.41,0.3658,0.2581,3.3057,15.6691,1.3378,45.7531,1.58,1.26,13.2,74.0,5.0,221.0,19.7117,0.8300000000000001,0.16,5.56,22.0,2.0,58.0,378.0,13.8095,50,a,0,4,4,6,1,Brentford,H,3,1.1921,1.3698,3.2158,1.0,0.8219,0.0,-0.12,-0.03,0.2243,0.3528,0.814,0.2818,0.0,0.026,1.0,1.0,0.8219,False
226944,Kamara,Aston Villa,MID,443,5,0,0,69.6,1410.0,0.0418,0.0552,1.3725,9.5853,0.4404,0.0,0.0,0.0,0.0,0.0,0.0,1.4247,1.4126,1.5933,1.41,0.0323,0.0427,1.0614,7.4126,0.3406,13.2,0.53,0.84,20.8,149.0,7.0,282.0,17.069,0.0,0.0,0.0,0.0,0.0,0.0,0.0,0.0,50,a,0,5,5,6,1,Brentford,H,3,1.1921,1.3698,2.8227,1.0,0.9479,0.0,-0.12,-0.03,0.2407,0.2607,0.3715,0.2809,0.0,0.3549,1.0,1.0,0.9479,False
449871,Onana,Aston Villa,MID,0,0,0,0,209.8,1755.0,0.1159,0.048,1.4517,10.5229,0.1697,107.0,0.2355,0.0084,1.5645,7.5701,0.0,1.4247,1.4126,1.5933,1.41,0.2702,0.1119,3.384,24.53,0.3956,37.6302,1.68,0.6900000000000001,28.53,219.0,4.0,353.0,16.1426,0.28,0.01,1.86,9.0,0.0,12.0,107.0,10.0935,49,i,0,0,0,6,1,Brentford,H,3,1.1921,1.3698,0.0,0.0,0.0,0.0,0.0,0.0,0.0,0.0,0.0,0.0,0.0,0.0,0.0,0.0,0.0,False
469247,Iling Jr,Aston Villa,MID,0,0,0,0,0.0,0.0,0.0,0.0,0.0,0.0,0.0,0.0,0.0,0.0,0.0,0.0,0.0,1.4247,1.4126,1.5933,1.41,0.0,0.0,0.0,0.0,0.0,0.0,0.0,0.0,0.0,0.0,0.0,0.0,0.0,0.0,0.0,0.0,0.0,0.0,0.0,0.0,0.0,50,u,0,0,0,6,1,Brentford,H,3,1.1921,1.3698,0.0,0.0,0.0,0.0,0.0,0.0,0.0,0.0,0.0,0.0,0.0,0.0,0.0,0.0,0.0,False
645618,Burrowes,Aston Villa,MID,0,0,0,0,0.3,16.0,0.0,0.0,5.46,6.09,0.0,0.0,0.0,0.0,0.0,0.0,0.0,1.4247,1.4126,1.5933,1.41,0.0,0.0,0.0182,0.0203,0.0,0.0608,0.0,0.0,0.9,1.0,0.0,3.0,18.24,0.0,0.0,0.0,0.0,0.0,0.0,0.0,0.0,45,a,0,0,0,6,1,Brentford,H,3,1.1921,1.3698,0.0,0.0,0.0,0.0,0.0,0.0,0.0,0.0,0.0,0.0,0.0,0.0,0.0,0.0,0.0,False
577285,George Hemmings,Aston Villa,MID,297,4,0,0,2.4,25.0,0.1575,0.03,1.8525,3.9412,0.0,0.0,0.0,0.0,0.0,0.0,0.0,1.4247,1.4126,1.5933,1.41,0.0042,0.0008,0.0494,0.1051,0.0,0.4534,0.04,0.01,0.61,1.0,0.0,5.0,17.0025,0.0,0.0,0.0,0.0,0.0,0.0,0.0,0.0,45,a,0,4,4,6,1,Brentford,H,3,1.1921,1.3698,3.0832,1.0,0.7688,0.0,-0.12,-0.03,0.1614,0.419,0.7401,0.273,0.0,0.0019,1.0,1.0,0.7688,False
653481,Alysson,Aston Villa,MID,87,0,1,0,8.3,47.0,0.1041,0.0943,3.7833,7.7096,0.0,0.0,0.0,0.0,0.0,0.0,0.0,1.4247,1.4126,1.5933,1.41,0.0096,0.0087,0.3489,0.711,0.0,1.864,0.05,0.05,1.87,4.0,0.0,11.0,20.212,0.0,0.0,0.0,0.0,0.0,0.0,0.0,0.0,50,d,1,0,1,6,1,Brentford,H,3,1.1921,1.3698,1.901,0.7594,0.4422,0.0,-0.0911,-0.0228,0.0823,0.2628,0.4416,0.1555,0.0,0.0024,0.5625,0.7594,0.4422,False
614071,Manzambi,Aston Villa,MID,98,1,0,0,,,,,,,,,,,,,,1.4247,1.4126,1.5933,1.41,,,,,,,,,,,,,,,,,,,,,,59,a,0,1,1,6,1,Brentford,H,3,1.1921,1.3698,2.7789,0.8969,0.7841,0.0,-0.1076,-0.0269,0.1839,0.3559,0.5932,0.2283,0.0,0.0016,0.8125,0.8969,0.7841,False
448089,Gomes,Aston Villa,MID,129,2,0,0,347.5,2829.0,0.0367,0.0734,1.6533,12.1315,0.2624,448.0,0.0201,0.0442,1.5288,11.8527,0.0,1.4247,1.4126,1.5933,1.41,0.1417,0.2833,6.3837,46.8411,1.0133,67.1648,1.29,2.09,48.6,387.0,6.0,529.0,17.3952,0.1,0.22,7.61,59.0,0.0,65.0,448.0,13.058,55,a,0,2,2,6,1,Brentford,H,3,1.1921,1.3698,1.8643,0.945,0.4952,0.0,-0.1134,-0.0284,0.1217,0.1842,0.1894,0.1995,0.0,0.1541,0.9,0.945,0.4952,False
178301,Watkins,Aston Villa,FWD,0,0,0,0,369.3,2833.0,0.6151,0.0279,1.3272,2.7015,1.3977,458.0,0.8902,0.0236,1.1653,2.3581,2.3581,1.4247,1.4126,1.5933,1.41,2.524,0.1144,5.4458,11.085,5.7351,115.7355,15.4,1.18,43.39,94.0,26.0,623.0,28.2052,4.53,0.12,5.93,12.0,12.0,235.0,458.0,46.179,78,u,0,0,0,6,1,Brentford,H,3,1.1921,1.3698,0.0,0.0,0.0,0.0,0.0,0.0,0.0,0.0,0.0,0.0,0.0,0.0,0.0,0.0,0.0,False
173879,Abraham,Aston Villa,FWD,71,0,1,0,56.2,278.0,0.6622,0.1092,1.9017,4.3285,0.5192,79.0,0.9,0.0,2.8823,4.557,0.0,1.4247,1.4126,1.5933,1.41,0.4135,0.0682,1.1875,2.7029,0.3242,19.5934,2.05,0.36,5.12,13.0,2.0,93.0,31.3773,0.79,0.0,2.53,4.0,0.0,36.0,79.0,41.0127,55,a,1,0,1,6,1,Brentford,H,3,1.1921,1.3698,2.6089,0.7594,0.4422,0.0,-0.0911,-0.0228,0.1495,0.238,1.1991,0.0,0.0,0.0001,0.5625,0.7594,0.4422,False
493105,Garnacho,Aston Villa,MID,31,0,1,0,140.0,1261.0,0.2402,0.2261,1.3081,5.4933,0.176,120.0,0.255,0.06,0.87,6.75,0.0,1.4247,1.4126,1.5933,1.41,0.3737,0.3517,2.0348,8.5452,0.2738,23.7646,3.44,3.68,20.52,71.0,3.0,222.0,15.2772,0.3399999999999999,0.08,1.16,9.0,0.0,19.0,120.0,14.25,58,a,1,0,1,6,1,Brentford,H,3,1.1921,1.3698,2.1982,0.7594,0.4422,0.0,-0.0911,-0.0228,0.0456,0.3652,0.6732,0.1555,0.0,0.0069,0.5625,0.7594,0.4422,False
517052,N.Jackson,Aston Villa,FWD,286,4,0,0,0.0,0.0,0.0,0.0,0.0,0.0,0.0,0.0,0.0,0.0,0.0,0.0,0.0,1.4247,1.4126,1.5933,1.41,0.0,0.0,0.0,0.0,0.0,0.0,0.0,0.0,0.0,0.0,0.0,0.0,0.0,0.0,0.0,0.0,0.0,0.0,0.0,0.0,0.0,65,a,0,4,4,6,1,Brentford,H,3,1.1921,1.3698,2.6456,1.0,0.7053,0.0,-0.12,-0.03,0.1914,0.2345,0.7297,0.0,0.0,0.0,1.0,1.0,0.7053,False
690838,Madjo,Aston Villa,FWD,0,0,0,0,,,,,,,,,,,,,,1.4247,1.4126,1.5933,1.41,,,,,,,,,,,,,,,,,,,,,,54,i,0,0,0,6,1,Brentford,H,3,1.1921,1.3698,0.0,0.0,0.0,0.0,0.0,0.0,0.0,0.0,0.0,0.0,0.0,0.0,0.0,0.0,0.0,False
487992,Ruggeri,Aston Villa,DEF,113,1,0,0,,,,,,,,,,,,,,1.4247,1.4126,1.5933,1.41,,,,,,,,,,,,,,,,,,,,,,45,a,0,1,1,6,1,Brentford,H,3,1.1921,1.3698,2.5545,0.8275,0.7967,0.0,-0.0993,-0.0248,0.1067,0.1127,0.2254,0.928,-0.3753,0.0862,0.8125,0.8275,0.7967,False
433969,Suzuki,Aston Villa,GK,360,4,0,0,,,,,,,,,,,,,,1.4247,1.4126,1.5933,1.41,,,,,,,,,,,,,,,,,,,,,,50,a,0,4,4,6,1,Brentford,H,3,1.1921,1.3698,3.799,1.0,0.995,0.9544,-0.12,-0.03,0.2434,0.0,0.0,1.1589,-0.4611,0.0,1.0,1.0,0.995,False
569577,Rowe,Aston Villa,DEF,0,0,0,0,0.0,0.0,0.0,0.0,0.0,0.0,0.0,0.0,0.0,0.0,0.0,0.0,0.0,1.4247,1.4126,1.5933,1.41,0.0,0.0,0.0,0.0,0.0,0.0,0.0,0.0,0.0,0.0,0.0,0.0,0.0,0.0,0.0,0.0,0.0,0.0,0.0,0.0,0.0,40,a,0,0,0,6,1,Brentford,H,3,1.1921,1.3698,0.0569,0.0,0.0,0.0,0.0,0.0,0.0,0.0,0.0,0.0,0.0,0.0,0.0,0.0,0.0,False
571380,Lynch,Aston Villa,MID,0,0,0,0,,,,,,,,,,,,,,1.4247,1.4126,1.5933,1.41,,,,,,,,,,,,,,,,,,,,,,45,u,0,0,0,6,1,Brentford,H,3,1.1921,1.3698,0.0,0.0,0.0,0.0,0.0,0.0,0.0,0.0,0.0,0.0,0.0,0.0,0.0,0.0,0.0,False
214590,Wan-Bissaka,Aston Villa,DEF,152,2,0,0,246.4,2080.0,0.0,0.0392,1.4029,6.9794,0.0,177.0,0.0,0.0356,1.1847,5.5932,0.0,1.4247,1.4126,1.5933,1.41,0.0,0.1074,3.8407,19.108,0.0,25.5434,0.0,1.0,35.44,174.0,0.0,203.0,9.33,0.0,0.07,2.33,11.0,0.0,13.0,177.0,6.6102,45,a,0,2,2,6,1,Brentford,H,3,1.1921,1.3698,2.6394,0.908,0.8029,0.0,-0.109,-0.0272,0.0672,0.1106,0.0425,1.1152,-0.3277,0.0709,0.9,0.908,0.8029,False
119090,Goretzka,Aston Villa,MID,0,0,0,0,,,,,,,,,,,,,,1.4247,1.4126,1.5933,1.41,,,,,,,,,,,,,,,,,,,,,,59,i,0,0,0,6,1,Brentford,H,3,1.1921,1.3698,0.0,0.0,0.0,0.0,0.0,0.0,0.0,0.0,0.0,0.0,0.0,0.0,0.0,0.0,0.0,False
245719,Harwood-Bellis,Aston Villa,DEF,0,0,0,0,,,,,,,,,,,,,,1.4247,1.4126,1.5933,1.41,,,,,,,,,,,,,,,,,,,,,,45,a,0,0,0,6,1,Brentford,H,3,1.1921,1.3698,0.0569,0.0,0.0,0.0,0.0,0.0,0.0,0.0,0.0,0.0,0.0,0.0,0.0,0.0,0.0,False
638987,Mbaye,Aston Villa,MID,33,0,1,0,,,,,,,,,,,,,,1.4247,1.4126,1.5933,1.41,,,,,,,,,,,,,,,,,,,,,,60,a,1,0,1,6,1,Brentford,H,3,1.1921,1.3698,1.8692,0.7594,0.4422,0.0,-0.0911,-0.0228,0.085,0.2512,0.4187,0.1555,0.0,0.0006,0.5625,0.7594,0.4422,False
481283,Wright,Aston Villa,GK,0,0,0,0,0.0,0.0,0.0,0.0,0.0,0.0,0.0,0.0,0.0,0.0,0.0,0.0,0.0,1.4247,1.4126,1.5933,1.41,0.0,0.0,0.0,0.0,0.0,0.0,0.0,0.0,0.0,0.0,0.0,0.0,0.0,0.0,0.0,0.0,0.0,0.0,0.0,0.0,0.0,40,a,0,0,0,6,1,Brentford,H,3,1.1921,1.3698,0.0584,0.0,0.0,0.0,0.0,0.0,0.0,0.0,0.0,0.0,0.0,0.0,0.0,0.0,0.0,False
457569,Petrović,Bournemouth,GK,450,5,0,0,436.8,3420.0,0.0,0.0,1.5221,0.0,0.1253,540.0,0.0,0.0,1.34,0.0,0.0,1.7769,1.5635,2.052,1.442,0.0,0.0,7.3873,0.0,0.6083,71.8629,0.0,0.0,56.72,0.0,5.0,512.0,14.8069,0.0,0.0,8.04,0.0,0.0,85.0,540.0,14.1667,45,a,0,5,5,6,1,Chelsea,A,4,0.9594,1.7555,3.6142,1.0,0.995,1.1185,-0.12,-0.03,0.2625,0.0,0.0,0.8534,-0.6435,0.0,1.0,1.0,0.995,False
40383,Forster,Bournemouth,GK,0,0,0,0,0.0,0.0,0.0,0.0,0.0,0.0,0.0,0.0,0.0,0.0,0.0,0.0,0.0,1.7769,1.5635,2.052,1.442,0.0,0.0,0.0,0.0,0.0,0.0,0.0,0.0,0.0,0.0,0.0,0.0,0.0,0.0,0.0,0.0,0.0,0.0,0.0,0.0,0.0,40,a,0,0,0,6,1,Chelsea,A,4,0.9594,1.7555,0.1784,0.0,0.0,0.0,0.0,0.0,0.0,0.0,0.0,0.0,0.0,0.0,0.0,0.0,0.0,False
444172,Dennis,Bournemouth,GK,0,0,0,0,0.0,0.0,0.0,0.0,0.0,0.0,0.0,0.0,0.0,0.0,0.0,0.0,0.0,1.7769,1.5635,2.052,1.442,0.0,0.0,0.0,0.0,0.0,0.0,0.0,0.0,0.0,0.0,0.0,0.0,0.0,0.0,0.0,0.0,0.0,0.0,0.0,0.0,0.0,40,u,0,0,0,6,1,Chelsea,A,4,0.9594,1.7555,0.1784,0.0,0.0,0.0,0.0,0.0,0.0,0.0,0.0,0.0,0.0,0.0,0.0,0.0,0.0,False
463981,Hill,Bournemouth,DEF,450,5,0,0,381.3,2102.0,0.0413,0.0394,1.4925,11.1061,0.2232,540.0,0.0367,0.0167,1.34,10.5,0.3333,1.7769,1.5635,2.052,1.442,0.175,0.1669,6.3231,47.0529,0.9457,68.5378,0.89,1.16,33.42,260.0,4.0,386.0,16.1773,0.22,0.1,8.04,63.0,2.0,92.0,540.0,15.3333,55,a,0,5,5,6,1,Chelsea,A,4,0.9594,1.7555,2.7869,1.0,0.9767,0.0,-0.12,-0.03,0.2395,0.1079,0.2416,0.8377,-0.6435,0.8344,1.0,1.0,0.9767,False
494521,Truffert,Bournemouth,DEF,450,5,0,0,434.6,3378.0,0.0656,0.1027,1.5004,7.7136,0.7446,540.0,0.1533,0.1033,1.34,6.8333,1.1667,1.7769,1.5635,2.052,1.442,0.3168,0.4957,7.2451,37.2479,3.5957,96.2625,1.35,3.0700000000000003,54.42,301.0,19.0,607.0,19.9347,0.92,0.62,8.04,41.0,7.0,151.0,540.0,25.1667,54,a,0,5,5,6,1,Chelsea,A,4,0.9594,1.7555,3.1793,1.0,0.9767,0.0,-0.12,-0.03,0.2487,0.2792,0.4535,0.8377,-0.6435,0.3144,1.0,1.0,0.9767,False
242882,Diakité,Bournemouth,DEF,0,0,0,0,51.2,1275.0,0.0018,0.0141,1.733,8.0395,0.0654,0.0,0.0,0.0,0.0,0.0,0.0,1.7769,1.5635,2.052,1.442,0.001,0.008,0.9859,4.5736,0.0372,5.8412,0.02,0.19,22.47,117.0,2.0,164.0,10.2677,0.0,0.0,0.0,0.0,0.0,0.0,0.0,0.0,49,a,0,0,0,6,1,Chelsea,A,4,0.9594,1.7555,0.1769,0.0,0.0,0.0,0.0,0.0,0.0,0.0,0.0,0.0,0.0,0.0,0.0,0.0,0.0,False
620487,Milosavljević,Bournemouth,DEF,0,0,0,0,13.8,367.0,0.0515,0.0293,1.2007,9.602,0.0,0.0,0.0,0.0,0.0,0.0,0.0,1.7769,1.5635,2.052,1.442,0.0079,0.0045,0.1841,1.4723,0.0,2.556,0.15,0.19,4.42,39.0,0.0,63.0,16.6696,0.0,0.0,0.0,0.0,0.0,0.0,0.0,0.0,49,i,0,0,0,6,1,Chelsea,A,4,0.9594,1.7555,0.1769,0.0,0.0,0.0,0.0,0.0,0.0,0.0,0.0,0.0,0.0,0.0,0.0,0.0,0.0,False
54469,Smith,Bournemouth,DEF,434,5,0,0,167.0,1073.0,0.0,0.0179,1.5001,6.4682,0.6077,268.0,0.0,0.0101,1.4172,5.709,0.6716,1.7769,1.5635,2.052,1.442,0.0,0.0332,2.7836,12.0021,1.1276,37.7875,0.0,0.23,18.18,70.0,4.0,185.0,20.3645,0.0,0.03,4.22,17.0,2.0,62.0,268.0,20.8209,45,a,0,5,5,6,1,Chelsea,A,4,0.9594,1.7555,2.6287,1.0,0.9667,0.0,-0.12,-0.03,0.2334,0.0713,0.0737,0.8703,-0.6136,0.1734,1.0,1.0,0.9667,False
436893,J.Araujo,Bournemouth,DEF,0,0,0,0,0.0,0.0,0.0,0.0,0.0,0.0,0.0,0.0,0.0,0.0,0.0,0.0,0.0,1.7769,1.5635,2.052,1.442,0.0,0.0,0.0,0.0,0.0,0.0,0.0,0.0,0.0,0.0,0.0,0.0,0.0,0.0,0.0,0.0,0.0,0.0,0.0,0.0,0.0,44,i,0,0,0,6,1,Chelsea,A,4,0.9594,1.7555,0.1769,0.0,0.0,0.0,0.0,0.0,0.0,0.0,0.0,0.0,0.0,0.0,0.0,0.0,0.0,False
575901,Soler,Bournemouth,DEF,0,0,0,0,2.0,34.0,0.0,0.0,5.2515,3.3435,0.0,0.0,0.0,0.0,0.0,0.0,0.0,1.7769,1.5635,2.052,1.442,0.0,0.0,0.1167,0.0743,0.0,0.0442,0.0,0.0,1.62,1.0,0.0,2.0,1.989,0.0,0.0,0.0,0.0,0.0,0.0,0.0,0.0,40,a,0,0,0,6,1,Chelsea,A,4,0.9594,1.7555,0.1769,0.0,0.0,0.0,0.0,0.0,0.0,0.0,0.0,0.0,0.0,0.0,0.0,0.0,0.0,False
499604,Rayan,Bournemouth,MID,434,5,0,0,272.1,1110.0,0.2275,0.1247,1.4446,7.1688,0.2071,418.0,0.295,0.1206,1.0852,8.3971,0.2153,1.7769,1.5635,2.052,1.442,0.6877,0.3769,4.3674,21.6738,0.6262,57.3977,2.67,1.84,19.14,82.0,3.0,238.0,18.9849,1.37,0.56,5.04,39.0,1.0,109.0,418.0,23.4689,63,a,0,5,5,6,1,Chelsea,A,4,0.9594,1.7555,3.7159,1.0,0.9394,0.0,-0.12,-0.03,0.183,0.363,0.998,0.2114,0.0,0.1376,1.0,1.0,0.9394,False
201658,Tavernier,Bournemouth,MID,424,5,0,0,359.0,2732.0,0.318,0.1872,1.3391,8.0878,0.5441,520.0,0.3185,0.2371,1.0765,7.6154,0.6923,1.7769,1.5635,2.052,1.442,1.2685,0.7467,5.3417,32.2613,2.1705,79.0502,9.06,4.6,41.06,251.0,14.0,552.0,19.8176,1.84,1.37,6.22,44.0,4.0,126.0,520.0,21.8077,61,a,0,5,5,6,1,Chelsea,A,4,0.9594,1.7555,4.2307,1.0,0.9246,0.0,-0.12,-0.03,0.216,0.5165,1.338,0.2145,0.0,0.2227,1.0,1.0,0.9246,False
503139,Scott,Bournemouth,MID,446,5,0,0,378.8,2848.0,0.1174,0.1272,1.4838,12.8569,0.2954,450.0,0.016,0.232,1.194,13.0,0.0,1.7769,1.5635,2.052,1.442,0.4941,0.5353,6.2451,54.1133,1.2435,80.7628,3.8,2.94,47.02,386.0,9.0,603.0,19.1886,0.08,1.16,5.97,65.0,0.0,90.0,450.0,18.0,61,a,0,5,5,6,1,Chelsea,A,4,0.9594,1.7555,3.5486,1.0,0.9536,0.0,-0.12,-0.03,0.4463,0.4168,0.5039,0.2069,0.0,1.025,1.0,1.0,0.9536,False
222683,Kluivert,Bournemouth,MID,294,4,0,0,60.4,945.0,0.2681,0.1208,2.0932,6.7332,0.2843,31.0,0.2032,0.029,3.4258,8.7097,0.0,1.7769,1.5635,2.052,1.442,0.1799,0.0811,1.4048,4.5187,0.1908,8.1865,2.31,1.55,17.96,65.0,3.0,147.0,12.1984,0.07,0.01,1.1800000000000002,3.0,0.0,0.0,31.0,0.0,60,i,0,4,4,6,1,Chelsea,A,4,0.9594,1.7555,0.171,0.0,0.0,0.0,0.0,0.0,0.0,0.0,0.0,0.0,0.0,0.0,0.0,0.0,0.0,False
155408,Cook,Bournemouth,MID,180,2,0,0,77.7,872.0,0.0045,0.0576,1.5349,14.4299,0.0,2.0,0.0,0.0,22.95,0.0,0.0,1.7769,1.5635,2.052,1.442,0.0039,0.0497,1.3251,12.4578,0.0,18.3635,0.07,0.52,14.0,143.0,0.0,190.0,21.2705,0.0,0.0,0.51,0.0,0.0,6.0,2.0,270.0,50,a,0,2,2,6,1,Chelsea,A,4,0.9594,1.7555,2.7181,0.9175,0.8143,0.0,-0.1101,-0.0275,0.3774,0.2092,0.1918,0.1746,0.0,0.8394,0.85,0.9175,0.8143,False
496208,Gannon-Doak,Bournemouth,MID,12,0,1,0,20.7,105.0,0.3209,0.0765,3.3857,14.2174,0.0,49.0,0.3122,0.0551,3.7837,16.5306,0.0,1.7769,1.5635,2.052,1.442,0.0738,0.0176,0.7787,3.27,0.0,4.4461,0.26,0.13,4.74,13.0,0.0,33.0,19.3309,0.17,0.03,2.06,9.0,0.0,12.0,49.0,22.0408,49,a,1,0,1,6,1,Chelsea,A,4,0.9594,1.7555,2.0879,0.7594,0.448,0.0,-0.0911,-0.0228,0.0419,0.1964,0.4642,0.121,0.0,0.0286,0.5625,0.7594,0.448,False
200785,Adams,Bournemouth,MID,279,3,0,0,204.1,1769.0,0.0176,0.0434,1.4802,12.7859,0.0589,337.0,0.0053,0.0694,1.5783,12.5519,0.0,1.7769,1.5635,2.052,1.442,0.0398,0.0984,3.3568,28.9955,0.1336,36.6875,0.63,0.63,27.18,232.0,3.0,346.0,16.1777,0.02,0.26,5.91,47.0,0.0,62.0,337.0,16.5579,50,a,0,3,3,6,1,Chelsea,A,4,0.9594,1.7555,2.5479,0.9313,0.8457,0.0,-0.1118,-0.0279,0.2097,0.1727,0.1759,0.1813,0.0,0.8664,0.875,0.9313,0.8457,False
111317,Brooks,Bournemouth,MID,45,0,1,0,103.0,1188.0,0.6013,0.2382,2.0018,7.508,0.2302,127.0,0.6236,0.163,2.0409,6.378,0.0,1.7769,1.5635,2.052,1.442,0.6882,0.2726,2.291,8.5925,0.2634,20.0498,5.81,3.4,20.25,94.0,4.0,215.0,17.5192,0.88,0.23,2.88,9.0,0.0,23.0,127.0,16.2992,50,a,1,0,1,6,1,Chelsea,A,4,0.9594,1.7555,2.9657,0.7594,0.448,0.0,-0.0911,-0.0228,0.0518,0.3136,1.2148,0.121,0.0,0.0351,0.5625,0.7594,0.448,False
158499,Christie,Bournemouth,MID,102,1,0,0,159.5,978.0,0.1017,0.0753,1.6282,11.5086,0.2587,198.0,0.0818,0.0955,0.9682,12.2727,0.0,1.7769,1.5635,2.052,1.442,0.1803,0.1334,2.8856,20.3958,0.4585,32.2964,1.81,0.79,19.14,123.0,2.0,214.0,18.2237,0.18,0.21,2.13,27.0,0.0,30.0,198.0,13.6364,50,a,0,1,1,6,1,Chelsea,A,4,0.9594,1.7555,2.7599,0.8969,0.7855,0.0,-0.1076,-0.0269,0.17,0.2392,0.4634,0.1684,0.0,0.5433,0.8125,0.8969,0.7855,False
614574,Tóth.A,Bournemouth,MID,17,0,1,0,36.1,135.0,0.0711,0.185,3.0189,10.9204,0.0,59.0,0.0763,0.122,3.539,10.678,0.0,1.7769,1.5635,2.052,1.442,0.0285,0.0742,1.2109,4.3803,0.0,8.7703,0.11,0.33,4.9,17.0,0.0,32.0,21.865,0.05,0.08,2.3200000000000003,7.0,0.0,18.0,59.0,27.4576,49,a,1,0,1,6,1,Chelsea,A,4,0.9594,1.7555,2.0087,0.7594,0.448,0.0,-0.0911,-0.0228,0.073,0.2344,0.3158,0.121,0.0,0.0193,0.5625,0.7594,0.448,False
489888,Adli,Bournemouth,MID,0,0,0,0,124.2,1074.0,0.197,0.1454,1.6712,9.4317,0.4062,50.0,0.09,0.054,3.186,9.0,0.0,1.7769,1.5635,2.052,1.442,0.2718,0.2007,2.3063,13.0158,0.5606,26.6477,2.6,1.62,18.22,123.0,4.0,241.0,19.3099,0.05,0.03,1.77,5.0,0.0,7.0,50.0,12.6,49,i,0,0,0,6,1,Chelsea,A,4,0.9594,1.7555,0.171,0.0,0.0,0.0,0.0,0.0,0.0,0.0,0.0,0.0,0.0,0.0,0.0,0.0,0.0,False
560262,Kroupi.Jr,Bournemouth,MID,0,0,0,0,290.7,1826.0,0.4354,0.0979,1.2926,5.44,0.7365,431.0,0.3759,0.1086,0.9146,4.1763,1.0441,1.7769,1.5635,2.052,1.442,1.4065,0.3161,4.1751,17.5713,2.3789,73.361,9.87,1.58,28.85,123.0,17.0,605.0,22.7124,1.8,0.52,4.38,20.0,5.0,102.0,431.0,21.2993,74,i,0,0,0,6,1,Chelsea,A,4,0.9594,1.7555,0.171,0.0,0.0,0.0,0.0,0.0,0.0,0.0,0.0,0.0,0.0,0.0,0.0,0.0,0.0,False
444102,Evanilson,Bournemouth,FWD,424,5,0,0,364.5,2741.0,0.3605,0.051,1.313,5.3053,0.1321,459.0,0.4529,0.0608,0.9882,5.8824,0.0,1.7769,1.5635,2.052,1.442,1.4599,0.2067,5.3175,21.4866,0.5349,54.4016,10.64,1.48,39.02,135.0,6.0,412.0,13.4325,2.31,0.31,5.04,30.0,0.0,55.0,459.0,10.7843,60,a,0,5,5,6,1,Chelsea,A,4,0.9594,1.7555,3.7219,1.0,0.9246,0.0,-0.12,-0.03,0.1853,0.1774,1.3499,0.0,0.0,0.0228,1.0,1.0,0.9246,False
168636,Enes Ünal,Bournemouth,FWD,0,0,0,0,33.2,214.0,0.7832,0.0211,3.5864,14.4027,0.1198,40.0,0.3375,0.0225,5.805,24.75,0.0,1.7769,1.5635,2.052,1.442,0.2889,0.0078,1.323,5.313,0.0442,14.1685,2.0,0.07,6.16,23.0,1.0,83.0,38.4086,0.15,0.01,2.58,11.0,0.0,26.0,40.0,58.5,55,u,0,0,0,6,1,Chelsea,A,4,0.9594,1.7555,0.2347,0.0,0.0,0.0,0.0,0.0,0.0,0.0,0.0,0.0,0.0,0.0,0.0,0.0,0.0,False
561245,Rodríguez,Bournemouth,FWD,10,0,1,0,,,,,,,,,,,,,,1.7769,1.5635,2.052,1.442,,,,,,,,,,,,,,,,,,,,,,60,a,1,0,1,6,1,Chelsea,A,4,0.9594,1.7555,2.2809,0.7594,0.448,0.0,-0.0911,-0.0228,0.0683,0.2151,0.6693,0.0,0.0,0.0,0.5625,0.7594,0.448,False
483067,Silva,Bournemouth,DEF,450,5,0,0,,,,,,,,,,,,,,1.7769,1.5635,2.052,1.442,,,,,,,,,,,,,,,,,,,,,,50,a,0,5,5,6,1,Chelsea,A,4,0.9594,1.7555,2.4963,1.0,0.9767,0.0,-0.12,-0.03,0.1096,0.063,0.1259,0.8377,-0.6435,0.0052,1.0,1.0,0.9767,False
494928,Sanchez,Bournemouth,DEF,0,0,0,0,,,,,,,,,,,,,,1.7769,1.5635,2.052,1.442,,,,,,,,,,,,,,,,,,,,,,44,a,0,0,0,6,1,Chelsea,A,4,0.9594,1.7555,0.1769,0.0,0.0,0.0,0.0,0.0,0.0,0.0,0.0,0.0,0.0,0.0,0.0,0.0,0.0,False
523700,Jebbison,Bournemouth,FWD,31,0,1,0,,,,,,,,,,,,,,1.7769,1.5635,2.052,1.442,,,,,,,,,,,,,,,,,,,,,,50,a,1,0,1,6,1,Chelsea,A,4,0.9594,1.7555,2.2292,0.7594,0.448,0.0,-0.0911,-0.0228,0.0654,0.2033,0.6324,0.0,0.0,0.0,0.5625,0.7594,0.448,False
230650,Di Gregorio,Bournemouth,GK,0,0,0,0,,,,,,,,,,,,,,1.7769,1.5635,2.052,1.442,,,,,,,,,,,,,,,,,,,,,,45,a,0,0,0,6,1,Chelsea,A,4,0.9594,1.7555,0.1784,0.0,0.0,0.0,0.0,0.0,0.0,0.0,0.0,0.0,0.0,0.0,0.0,0.0,0.0,False
200720,Kelleher,Brentford,GK,450,5,0,0,423.1,3330.0,0.0,0.0086,1.6047,0.0,0.4746,540.0,0.0,0.0,1.7833,0.0,0.5,1.5775,1.5817,1.4417,1.7833,0.0,0.0402,7.5438,0.0,2.2313,81.7919,0.0,0.22,53.48,0.0,11.0,570.0,17.3984,0.0,0.0,10.7,0.0,3.0,114.0,540.0,19.0,50,a,0,5,5,6,1,Aston Villa,A,4,0.8908,1.7213,3.7943,1.0,0.995,1.0685,-0.12,-0.03,0.4366,0.0165,0.0,0.8763,-0.6271,0.0,1.0,1.0,0.995,False
507433,Valdimarsson,Brentford,GK,0,0,0,0,15.9,90.0,0.0,0.0,0.9708,0.0,0.0,0.0,0.0,0.0,0.0,0.0,0.0,1.5775,1.5817,1.4417,1.7833,0.0,0.0,0.1715,0.0,0.0,0.1768,0.0,0.0,0.97,0.0,0.0,1.0,1.0008,0.0,0.0,0.0,0.0,0.0,0.0,0.0,0.0,45,a,0,0,0,6,1,Aston Villa,A,4,0.8908,1.7213,0.1784,0.0,0.0,0.0,0.0,0.0,0.0,0.0,0.0,0.0,0.0,0.0,0.0,0.0,0.0,False
432830,Collins,Brentford,DEF,196,3,0,0,378.7,2971.0,0.0674,0.0645,1.6193,9.0731,0.1155,540.0,0.0633,0.065,1.7833,8.8333,0.0,1.5775,1.5817,1.4417,1.7833,0.2837,0.2714,6.8138,38.1774,0.4858,58.2765,2.24,1.71,47.52,319.0,7.0,450.0,13.8497,0.38,0.39,10.7,53.0,0.0,76.0,540.0,12.6667,54,i,0,3,3,6,1,Aston Villa,A,4,0.8908,1.7213,0.1769,0.0,0.0,0.0,0.0,0.0,0.0,0.0,0.0,0.0,0.0,0.0,0.0,0.0,0.0,False
444765,Van den Berg,Brentford,DEF,0,0,0,0,331.2,2761.0,0.1099,0.095,1.4358,8.9225,0.1083,368.0,0.1198,0.1345,1.4747,8.8043,0.0,1.5775,1.5817,1.4417,1.7833,0.4043,0.3497,5.2836,32.8349,0.3987,64.0014,3.36,1.45,41.59,272.0,3.0,435.0,17.3917,0.49,0.5499999999999999,6.03,36.0,0.0,90.0,368.0,22.0109,49,i,0,0,0,6,1,Aston Villa,A,4,0.8908,1.7213,0.1769,0.0,0.0,0.0,0.0,0.0,0.0,0.0,0.0,0.0,0.0,0.0,0.0,0.0,0.0,False
249231,Lewis-Potter,Brentford,MID,406,5,0,0,326.0,1960.0,0.1322,0.1337,1.5739,3.4571,0.2355,538.0,0.1322,0.1138,1.6227,3.3457,0.3346,1.5775,1.5817,1.4417,1.7833,0.479,0.4844,5.701,12.5224,0.8529,58.0561,3.01,2.51,33.74,74.0,5.0,356.0,16.0278,0.79,0.68,9.7,20.0,2.0,88.0,538.0,14.7212,55,a,0,5,5,6,1,Aston Villa,A,4,0.8908,1.7213,3.1251,1.0,0.8947,0.0,-0.12,-0.03,0.1195,0.3215,0.5435,0.2248,0.0,0.0021,1.0,1.0,0.8947,False
191866,Ajer,Brentford,DEF,450,5,0,0,217.2,1805.0,0.015,0.0188,1.8136,9.9259,0.0336,181.0,0.0,0.005,2.332,11.9337,0.0,1.5775,1.5817,1.4417,1.7833,0.0362,0.0453,4.3768,23.9544,0.0811,22.5339,0.69,0.73,31.51,192.0,1.0,211.0,9.3373,0.0,0.01,4.69,24.0,0.0,15.0,181.0,7.4586,45,a,0,5,5,6,1,Aston Villa,A,4,0.8908,1.7213,2.5192,1.0,0.9779,0.0,-0.12,-0.03,0.112,0.0618,0.1064,0.8612,-0.6271,0.642,1.0,1.0,0.9779,False
607464,Kayode,Brentford,DEF,294,4,0,0,420.3,3258.0,0.0609,0.0566,1.6068,5.3642,0.2032,540.0,0.0933,0.0367,1.7833,3.8333,0.3333,1.5775,1.5817,1.4417,1.7833,0.2845,0.2644,7.5038,25.0508,0.9489,58.4666,1.28,2.89,52.65,219.0,9.0,494.0,12.5196,0.56,0.22,10.7,23.0,2.0,54.0,540.0,9.0,46,a,0,4,4,6,1,Aston Villa,A,4,0.8908,1.7213,2.9046,1.0,0.8769,0.0,-0.12,-0.03,0.0877,0.1145,0.2844,0.992,-0.4778,0.0173,1.0,1.0,0.8769,False
194010,Henry,Brentford,DEF,2,0,1,0,128.6,1322.0,0.005,0.0384,1.4173,4.5351,0.0,0.0,0.0,0.0,0.0,0.0,0.0,1.5775,1.5817,1.4417,1.7833,0.0071,0.0549,2.0252,6.4801,0.0,14.6967,0.18,0.54,23.91,68.0,0.0,144.0,10.2854,0.0,0.0,0.0,0.0,0.0,0.0,0.0,0.0,44,a,1,0,1,6,1,Aston Villa,A,4,0.8908,1.7213,1.5726,0.5975,0.5023,0.0,-0.0717,-0.0179,0.0201,0.052,0.0367,0.5552,-0.2785,0.0095,0.5625,0.5975,0.5023,False
472713,Hickey,Brentford,DEF,152,1,0,0,70.3,679.0,0.0448,0.0083,1.8351,7.9396,0.0,91.0,0.0396,0.0,2.5319,8.9011,0.0,1.5775,1.5817,1.4417,1.7833,0.035,0.0065,1.4334,6.2017,0.0,9.8585,0.44,0.17,9.03,51.0,0.0,105.0,12.6211,0.04,0.0,2.56,9.0,0.0,11.0,91.0,10.8791,45,a,0,1,1,6,1,Aston Villa,A,4,0.8908,1.7213,2.1946,0.8275,0.7982,0.0,-0.0993,-0.0248,0.0662,0.0505,0.2069,0.703,-0.5104,0.3023,0.8125,0.8275,0.7982,False
570241,Ji-soo,Brentford,DEF,0,0,0,0,0.0,0.0,0.0,0.0,0.0,0.0,0.0,0.0,0.0,0.0,0.0,0.0,0.0,1.5775,1.5817,1.4417,1.7833,0.0,0.0,0.0,0.0,0.0,0.0,0.0,0.0,0.0,0.0,0.0,0.0,0.0,0.0,0.0,0.0,0.0,0.0,0.0,0.0,0.0,44,a,0,0,0,6,1,Aston Villa,A,4,0.8908,1.7213,0.1769,0.0,0.0,0.0,0.0,0.0,0.0,0.0,0.0,0.0,0.0,0.0,0.0,0.0,0.0,False
513086,Schuster,Brentford,DEF,253,2,0,0,,,,,,,,,,,,,,1.5775,1.5817,1.4417,1.7833,,,,,,,,,,,,,,,,,,,,,,45,a,0,2,2,6,1,Aston Villa,A,4,0.8908,1.7213,2.2372,0.862,0.835,0.0,-0.1034,-0.0259,0.0882,0.0676,0.1352,0.7354,-0.5338,0.0253,0.85,0.862,0.835,False
513418,Schade,Brentford,MID,447,5,0,0,341.6,2744.0,0.3985,0.0484,1.5373,5.3563,0.0784,448.0,0.2571,0.0362,1.81,4.8214,0.0,1.5775,1.5817,1.4417,1.7833,1.5126,0.1837,5.8349,20.3302,0.2976,40.9469,12.08,2.05,40.05,190.0,5.0,385.0,10.7881,1.28,0.18,9.01,24.0,0.0,43.0,448.0,8.6384,62,a,0,5,5,6,1,Aston Villa,A,4,0.8908,1.7213,4.0255,1.0,0.9569,0.0,-0.12,-0.03,0.1512,0.1586,1.5252,0.2126,0.0,0.0418,1.0,1.0,0.9569,False
533463,O.Dango,Brentford,MID,179,2,0,0,329.0,2271.0,0.345,0.1962,1.5987,6.5043,0.6829,471.0,0.4701,0.0994,1.7197,4.7771,0.5732,1.5775,1.5817,1.4417,1.7833,1.2613,0.7171,5.844,23.777,2.4962,65.1346,7.94,4.12,34.75,185.0,16.0,429.0,17.818,2.46,0.52,9.0,25.0,3.0,82.0,471.0,15.6688,63,a,0,2,2,6,1,Aston Villa,A,4,0.8908,1.7213,3.9344,0.945,0.8619,0.0,-0.1134,-0.0284,0.1375,0.422,1.3475,0.1912,0.0,0.0785,0.9,0.945,0.8619,False
440089,Damsgaard,Brentford,MID,283,3,0,0,268.9,2046.0,0.1404,0.2537,1.4985,11.5802,0.5339,435.0,0.1552,0.269,1.5434,11.7931,0.6207,1.5775,1.5817,1.4417,1.7833,0.4195,0.7579,4.4773,34.5992,1.5952,64.8063,2.6100000000000003,5.43,31.55,241.0,9.0,467.0,21.6905,0.75,1.3,7.46,57.0,3.0,99.0,435.0,20.4828,54,a,0,3,3,6,1,Aston Villa,A,4,0.8908,1.7213,3.6566,0.945,0.8713,0.0,-0.1134,-0.0284,0.4288,0.5934,0.5969,0.1918,0.0,0.709,0.9,0.945,0.8713,False
207283,Jensen,Brentford,MID,66,1,0,0,377.8,2239.0,0.0618,0.2551,1.5346,9.3271,0.0708,504.0,0.025,0.3268,1.7071,9.8214,0.1786,1.5775,1.5817,1.4417,1.7833,0.2595,1.071,6.442,39.153,0.2973,73.6543,2.21,6.0600000000000005,35.72,220.0,1.0,465.0,17.546,0.14,1.83,9.56,55.0,1.0,107.0,504.0,19.1071,54,i,0,1,1,6,1,Aston Villa,A,4,0.8908,1.7213,0.171,0.0,0.0,0.0,0.0,0.0,0.0,0.0,0.0,0.0,0.0,0.0,0.0,0.0,0.0,False
204580,Janelt,Brentford,MID,450,5,0,0,186.7,1434.0,0.0355,0.1496,2.1343,10.4462,0.3054,181.0,0.0,0.1939,3.1823,9.4475,0.0,1.5775,1.5817,1.4417,1.7833,0.0737,0.3103,4.4275,21.67,0.6336,40.5473,0.8200000000000001,2.27,26.62,183.0,6.0,334.0,19.5461,0.0,0.39,6.4,19.0,0.0,34.0,181.0,16.9061,50,a,0,5,5,6,1,Aston Villa,A,4,0.8908,1.7213,3.2071,1.0,0.9597,0.0,-0.12,-0.03,0.3525,0.4094,0.2532,0.2113,0.0,0.4992,1.0,1.0,0.9597,False
543295,Milambo,Brentford,MID,0,0,0,0,0.8,45.0,0.0,0.0225,2.8575,7.6725,0.0,0.0,0.0,0.0,0.0,0.0,0.0,1.5775,1.5817,1.4417,1.7833,0.0,0.0002,0.0254,0.0682,0.0,0.0852,0.0,0.01,1.49,4.0,0.0,5.0,9.585,0.0,0.0,0.0,0.0,0.0,0.0,0.0,0.0,50,i,0,0,0,6,1,Aston Villa,A,4,0.8908,1.7213,0.171,0.0,0.0,0.0,0.0,0.0,0.0,0.0,0.0,0.0,0.0,0.0,0.0,0.0,0.0,False
244858,Carvalho,Brentford,MID,3,0,1,0,1.8,100.0,0.765,0.025,1.815,7.17,1.105,0.0,0.0,0.0,0.0,0.0,0.0,1.5775,1.5817,1.4417,1.7833,0.0153,0.0005,0.0363,0.1434,0.0221,0.958,0.7000000000000001,0.03,2.08,8.0,1.0,42.0,47.9,0.0,0.0,0.0,0.0,0.0,0.0,0.0,0.0,50,a,1,0,1,6,1,Aston Villa,A,4,0.8908,1.7213,2.4838,0.7594,0.4537,0.0,-0.0911,-0.0228,0.2664,0.1674,0.6544,0.1254,0.0,0.0043,0.5625,0.7594,0.4537,False
508395,Yarmoliuk,Brentford,MID,216,2,0,0,324.8,2652.0,0.028,0.0394,1.409,12.0343,0.1068,436.0,0.0062,0.0268,1.4986,12.5917,0.2064,1.5775,1.5817,1.4417,1.7833,0.1009,0.1421,5.0849,43.4303,0.3856,57.7548,1.22,1.39,40.31,338.0,1.0,448.0,16.0035,0.03,0.13,7.26,61.0,1.0,84.0,436.0,17.3394,48,a,0,2,2,6,1,Aston Villa,A,4,0.8908,1.7213,2.5784,0.945,0.8713,0.0,-0.1134,-0.0284,0.241,0.13,0.17,0.1918,0.0,0.824,0.9,0.945,0.8713,False
183656,Dasilva,Brentford,MID,0,0,0,0,0.7,2.0,3.96,0.0,2.3271,49.5771,0.0,2.0,3.6,0.0,2.25,45.0,0.0,1.5775,1.5817,1.4417,1.7833,0.0308,0.0,0.0181,0.3856,0.0,1.8051,0.08,0.0,0.05,1.0,0.0,5.0,232.0843,0.08,0.0,0.05,1.0,0.0,5.0,2.0,225.0,49,i,0,0,0,6,1,Aston Villa,A,4,0.8908,1.7213,0.171,0.0,0.0,0.0,0.0,0.0,0.0,0.0,0.0,0.0,0.0,0.0,0.0,0.0,0.0,False
444180,Anthony,Brentford,MID,267,3,0,0,384.6,2717.0,0.1545,0.0878,1.8775,6.9512,0.0604,519.0,0.1387,0.0468,1.6491,5.3757,0.0,1.5775,1.5817,1.4417,1.7833,0.6601,0.375,8.0233,29.7046,0.2581,68.6367,5.11,2.85,59.0,232.0,6.0,513.0,16.0616,0.8,0.27,9.51,31.0,0.0,89.0,519.0,15.4335,59,a,0,3,3,6,1,Aston Villa,A,4,0.8908,1.7213,2.9614,0.945,0.8597,0.0,-0.1134,-0.0284,0.1138,0.2148,0.6066,0.1921,0.0,0.1083,0.9,0.945,0.8597,False
502500,Thiago,Brentford,FWD,442,5,0,0,433.2,3282.0,0.4953,0.0499,1.5917,6.2364,0.3966,540.0,0.275,0.0183,1.7833,5.8333,0.0,1.5775,1.5817,1.4417,1.7833,2.3842,0.24,7.6614,30.018,1.9089,75.051,20.6,1.83,53.17,214.0,22.0,710.0,15.5923,1.65,0.11,10.7,35.0,0.0,42.0,540.0,7.0,78,a,0,5,5,6,1,Aston Villa,A,4,0.8908,1.7213,4.0094,1.0,0.9518,0.0,-0.12,-0.03,0.2808,0.1465,1.5456,0.0,0.0,0.0545,1.0,1.0,0.9518,False
593174,Furo,Brentford,FWD,0,0,0,0,0.3,1.0,0.0,0.0,1.95,0.0,0.0,1.0,0.0,0.0,1.8,0.0,0.0,1.5775,1.5817,1.4417,1.7833,0.0,0.0,0.0065,0.0,0.0,0.6484,0.0,0.0,0.02,0.0,0.0,2.0,194.52,0.0,0.0,0.02,0.0,0.0,2.0,1.0,180.0,45,i,0,0,0,6,1,Aston Villa,A,4,0.8908,1.7213,0.2347,0.0,0.0,0.0,0.0,0.0,0.0,0.0,0.0,0.0,0.0,0.0,0.0,0.0,0.0,False
75115,Wilson,Brentford,FWD,13,0,1,0,151.0,1234.0,0.5961,0.0684,1.458,2.8156,0.19,189.0,0.5333,0.081,1.2714,1.9048,0.0,1.5775,1.5817,1.4417,1.7833,1.0001,0.1148,2.4462,4.724,0.3187,36.9117,7.6,0.54,21.49,41.0,7.0,296.0,22.0004,1.12,0.1699999999999999,2.67,4.0,0.0,68.0,189.0,32.381,54,a,1,0,1,6,1,Aston Villa,A,4,0.8908,1.7213,2.4993,0.7594,0.4537,0.0,-0.0911,-0.0228,0.071,0.1215,0.9729,0.0,0.0,0.0,0.5625,0.7594,0.4537,False
513545,M.Sangaré,Brentford,MID,321,4,0,0,,,,,,,,,,,,,,1.5775,1.5817,1.4417,1.7833,,,,,,,,,,,,,,,,,,,,,,56,a,0,4,4,6,1,Aston Villa,A,4,0.8908,1.7213,2.8338,1.0,0.8838,0.0,-0.12,-0.03,0.2065,0.1864,0.3107,0.2253,0.0,0.0,1.0,1.0,0.8838,False
613804,Diouf,Brentford,DEF,39,0,1,0,372.7,2706.0,0.015,0.099,1.4165,6.2689,0.077,523.0,0.0138,0.1101,1.5161,5.8509,0.0,1.5775,1.5817,1.4417,1.7833,0.0621,0.4099,5.8657,25.9602,0.3187,65.8432,0.5700000000000001,2.51,43.65,205.0,3.0,381.0,15.8999,0.08,0.64,8.809999999999999,34.0,0.0,93.0,523.0,16.0038,45,a,1,0,1,6,1,Aston Villa,A,4,0.8908,1.7213,1.959,0.701,0.6027,0.0,-0.0841,-0.021,0.0483,0.1433,0.059,0.6662,-0.3332,0.0357,0.675,0.701,0.6027,False
626464,Nunes,Brentford,MID,0,0,0,0,0.0,0.0,0.0,0.0,0.0,0.0,0.0,0.0,0.0,0.0,0.0,0.0,0.0,1.5775,1.5817,1.4417,1.7833,0.0,0.0,0.0,0.0,0.0,0.0,0.0,0.0,0.0,0.0,0.0,0.0,0.0,0.0,0.0,0.0,0.0,0.0,0.0,0.0,0.0,45,a,0,0,0,6,1,Aston Villa,A,4,0.8908,1.7213,0.171,0.0,0.0,0.0,0.0,0.0,0.0,0.0,0.0,0.0,0.0,0.0,0.0,0.0,0.0,False
612534,Fredrick,Brentford,DEF,0,0,0,0,0.0,0.0,0.0,0.0,0.0,0.0,0.0,0.0,0.0,0.0,0.0,0.0,0.0,1.5775,1.5817,1.4417,1.7833,0.0,0.0,0.0,0.0,0.0,0.0,0.0,0.0,0.0,0.0,0.0,0.0,0.0,0.0,0.0,0.0,0.0,0.0,0.0,0.0,0.0,40,a,0,0,0,6,1,Aston Villa,A,4,0.8908,1.7213,0.1769,0.0,0.0,0.0,0.0,0.0,0.0,0.0,0.0,0.0,0.0,0.0,0.0,0.0,0.0,False
235448,Balcombe,Brentford,GK,0,0,0,0,0.0,0.0,0.0,0.0,0.0,0.0,0.0,0.0,0.0,0.0,0.0,0.0,0.0,1.5775,1.5817,1.4417,1.7833,0.0,0.0,0.0,0.0,0.0,0.0,0.0,0.0,0.0,0.0,0.0,0.0,0.0,0.0,0.0,0.0,0.0,0.0,0.0,0.0,0.0,40,a,0,0,0,6,1,Aston Villa,A,4,0.8908,1.7213,0.1784,0.0,0.0,0.0,0.0,0.0,0.0,0.0,0.0,0.0,0.0,0.0,0.0,0.0,0.0,False
489639,Verbruggen,Brighton,GK,450,5,0,0,436.8,3420.0,0.0,0.0017,1.1977,0.0,0.1634,540.0,0.0,0.0017,1.1933,0.0,0.0,1.6378,1.2471,1.988,1.358,0.0,0.0083,5.8126,0.0,0.7929,77.5296,0.0,0.06,49.06,0.0,6.0,616.0,15.9745,0.0,0.01,7.16,0.0,0.0,76.0,540.0,12.6667,45,a,0,5,5,6,1,Sunderland,A,3,0.874,1.0713,4.5195,1.0,0.995,0.9205,-0.12,-0.03,0.412,0.004,0.0,1.4852,-0.3257,0.0,1.0,1.0,0.995,False
49262,Steele,Brighton,GK,0,0,0,0,0.0,0.0,0.0,0.0,0.0,0.0,0.0,0.0,0.0,0.0,0.0,0.0,0.0,1.6378,1.2471,1.988,1.358,0.0,0.0,0.0,0.0,0.0,0.0,0.0,0.0,0.0,0.0,0.0,0.0,0.0,0.0,0.0,0.0,0.0,0.0,0.0,0.0,0.0,40,a,0,0,0,6,1,Sunderland,A,3,0.874,1.0713,0.1784,0.0,0.0,0.0,0.0,0.0,0.0,0.0,0.0,0.0,0.0,0.0,0.0,0.0,0.0,False
231416,F.Kadıoğlu,Brighton,DEF,332,4,0,0,429.9,3130.0,0.0591,0.1065,1.1928,4.5995,0.2368,540.0,0.0767,0.1467,1.1933,3.6667,0.5,1.6378,1.2471,1.988,1.358,0.2821,0.5086,5.6977,21.9703,1.1312,71.7047,2.06,3.31,44.61,170.0,7.0,514.0,15.0115,0.46,0.88,7.16,22.0,3.0,82.0,540.0,13.6667,44,a,0,4,4,6,1,Sunderland,A,3,0.874,1.0713,3.8934,1.0,0.9421,0.0,-0.12,-0.03,0.1509,0.2579,0.295,1.5099,-0.2893,0.0113,1.0,1.0,0.9421,False
204120,Boscagli,Brighton,DEF,437,5,0,0,153.3,799.0,0.0031,0.0478,1.2861,8.6247,0.3736,270.0,0.0,0.0467,1.54,6.6667,0.0,1.6378,1.2471,1.988,1.358,0.0053,0.0815,2.1907,14.6907,0.6363,31.4397,0.05,0.47,10.87,78.0,4.0,171.0,18.4577,0.0,0.14,4.62,20.0,0.0,47.0,270.0,15.6667,45,a,0,5,5,6,1,Sunderland,A,3,0.874,1.0713,3.6757,1.0,0.9641,0.0,-0.12,-0.03,0.3042,0.1233,0.0918,1.4775,-0.3121,0.2406,1.0,1.0,0.9641,False
465730,De Cuyper,Brighton,DEF,423,5,0,0,165.9,1404.0,0.068,0.4409,1.3694,4.2505,0.7303,259.0,0.0382,0.6707,1.1293,4.5174,1.0425,1.6378,1.2471,1.988,1.358,0.1254,0.8128,2.5243,7.835,1.3461,45.3065,1.66,4.08,24.09,64.0,9.0,318.0,24.5786,0.11,1.93,3.25,13.0,3.0,90.0,259.0,31.2741,49,a,0,5,5,6,1,Sunderland,A,3,0.874,1.0713,4.9121,1.0,0.9512,0.0,-0.12,-0.03,0.4969,0.9336,0.3012,1.4998,-0.2975,0.0176,1.0,1.0,0.9512,False
83299,Dunk,Brighton,DEF,360,4,0,0,311.2,2837.0,0.0881,0.0203,1.24,6.827,0.3869,272.0,0.1754,0.0165,1.1879,4.6324,0.6618,1.6378,1.2471,1.988,1.358,0.3046,0.0701,4.2878,23.6063,1.3378,54.8901,1.83,0.56,41.9,231.0,5.0,443.0,15.8744,0.53,0.05,3.59,14.0,2.0,54.0,272.0,17.8676,45,d,0,4,4,6,1,Sunderland,A,3,0.874,1.0713,3.8648,1.0,0.9732,0.0,-0.12,-0.03,0.1856,0.0616,0.4904,1.4527,-0.3257,0.113,1.0,1.0,0.9732,False
550090,Coppola,Brighton,DEF,0,0,0,0,12.9,193.0,0.0,0.0049,2.213,7.5084,0.0,0.0,0.0,0.0,0.0,0.0,0.0,1.6378,1.2471,1.988,1.358,0.0,0.0007,0.3172,1.0762,0.0,1.9266,0.0,0.01,4.52,18.0,0.0,32.0,13.4414,0.0,0.0,0.0,0.0,0.0,0.0,0.0,0.0,45,a,0,0,0,6,1,Sunderland,A,3,0.874,1.0713,0.1769,0.0,0.0,0.0,0.0,0.0,0.0,0.0,0.0,0.0,0.0,0.0,0.0,0.0,0.0,False
223434,Igor,Brighton,DEF,0,0,0,0,4.5,103.0,0.0,0.0,4.068,11.418,0.0,0.0,0.0,0.0,0.0,0.0,0.0,1.6378,1.2471,1.988,1.358,0.0,0.0,0.2034,0.5709,0.0,0.3708,0.0,0.0,4.66,13.0,0.0,10.0,7.416,0.0,0.0,0.0,0.0,0.0,0.0,0.0,0.0,45,u,0,0,0,6,1,Sunderland,A,3,0.874,1.0713,0.1769,0.0,0.0,0.0,0.0,0.0,0.0,0.0,0.0,0.0,0.0,0.0,0.0,0.0,0.0,False
451490,Costinha,Brighton,DEF,68,0,1,0,,,,,,,,,,,,,,1.6378,1.2471,1.988,1.358,,,,,,,,,,,,,,,,,,,,,,45,a,1,0,1,6,1,Sunderland,A,3,0.874,1.0713,2.077,0.5975,0.4896,0.0,-0.0717,-0.0179,0.0345,0.0523,0.1046,0.852,-0.1409,0.0221,0.5625,0.5975,0.4896,False
454490,Svoboda,Brighton,DEF,4,0,1,0,,,,,,,,,,,,,,1.6378,1.2471,1.988,1.358,,,,,,,,,,,,,,,,,,,,,,50,a,1,0,1,6,1,Sunderland,A,3,0.874,1.0713,2.1068,0.5975,0.4896,0.0,-0.0717,-0.0179,0.036,0.0618,0.1235,0.852,-0.1409,0.052,0.5625,0.5975,0.4896,False
451340,Mitoma,Brighton,MID,0,0,0,0,217.0,1714.0,0.2489,0.1549,1.2496,6.4255,0.08,282.0,0.2457,0.0862,1.5287,7.0213,0.0,1.6378,1.2471,1.988,1.358,0.6001,0.3735,3.013,15.4925,0.1928,33.5886,4.04,2.74,23.76,107.0,2.0,247.0,13.9308,0.77,0.27,4.79,22.0,0.0,55.0,282.0,17.5532,59,i,0,0,0,6,1,Sunderland,A,3,0.874,1.0713,0.171,0.0,0.0,0.0,0.0,0.0,0.0,0.0,0.0,0.0,0.0,0.0,0.0,0.0,0.0,False
592031,Minteh,Brighton,MID,0,0,0,0,293.7,2389.0,0.1149,0.2217,1.1598,6.7898,0.2994,481.0,0.1048,0.1796,1.0834,6.1746,0.1871,1.6378,1.2471,1.988,1.358,0.375,0.7235,3.7849,22.1573,0.9769,56.4999,3.81,5.0600000000000005,34.09,185.0,9.0,466.0,17.3136,0.56,0.96,5.79,33.0,1.0,83.0,481.0,15.5301,58,i,0,0,0,6,1,Sunderland,A,3,0.874,1.0713,0.171,0.0,0.0,0.0,0.0,0.0,0.0,0.0,0.0,0.0,0.0,0.0,0.0,0.0,0.0,False
532529,Hinshelwood,Brighton,MID,63,1,0,0,321.4,1736.0,0.3269,0.1498,1.1826,4.6124,0.0394,492.0,0.4152,0.0841,1.0537,2.9268,0.0,1.6378,1.2471,1.988,1.358,1.1673,0.5351,4.2231,16.4715,0.1406,57.0175,4.94,2.34,27.83,114.0,2.0,317.0,15.9663,2.27,0.46,5.76,16.0,0.0,99.0,492.0,18.1098,59,i,0,1,1,6,1,Sunderland,A,3,0.874,1.0713,0.171,0.0,0.0,0.0,0.0,0.0,0.0,0.0,0.0,0.0,0.0,0.0,0.0,0.0,0.0,False
60307,Groß,Brighton,MID,450,5,0,0,359.2,1636.0,0.0795,0.2205,1.114,7.6174,0.5584,540.0,0.1017,0.2267,1.1933,6.5,1.0,1.6378,1.2471,1.988,1.358,0.3173,0.8799,4.4462,30.402,2.2288,86.4647,1.39,3.95,20.36,145.0,10.0,389.0,21.6643,0.61,1.36,7.16,39.0,6.0,139.0,540.0,23.1667,58,a,0,5,5,6,1,Sunderland,A,3,0.874,1.0713,3.5461,1.0,0.9513,0.0,-0.12,-0.03,0.2516,0.5442,0.423,0.355,0.0,0.1118,1.0,1.0,0.9513,False
463067,Georginio,Brighton,FWD,104,1,0,0,159.1,1776.0,0.2172,0.2042,1.0208,7.5754,0.0501,162.0,0.3444,0.3889,1.0333,6.1111,0.0,1.6378,1.2471,1.988,1.358,0.3839,0.361,1.8045,13.3917,0.0886,31.4388,2.9,2.9,21.59,131.0,2.0,290.0,17.7844,0.62,0.7,1.86,11.0,0.0,55.0,162.0,30.5556,53,a,0,1,1,6,1,Sunderland,A,3,0.874,1.0713,3.0862,0.8969,0.7813,0.0,-0.1076,-0.0269,0.0996,0.4647,0.7435,0.0,0.0,0.0667,0.8125,0.8969,0.7813,False
219249,O'Riley,Brighton,MID,10,0,1,0,8.8,202.0,0.2178,0.044,1.1935,4.4509,0.3487,16.0,0.0,0.0,0.675,5.625,0.0,1.6378,1.2471,1.988,1.358,0.0213,0.0043,0.1167,0.4352,0.0341,3.2334,1.21,0.18,2.53,10.0,2.0,48.0,33.0689,0.0,0.0,0.12,1.0,0.0,6.0,16.0,33.75,54,a,1,0,1,6,1,Sunderland,A,3,0.874,1.0713,2.1522,0.7594,0.4306,0.0,-0.0911,-0.0228,0.1793,0.1496,0.389,0.1873,0.0,0.001,0.5625,0.7594,0.4306,False
514254,Gomez,Brighton,MID,433,5,0,0,237.6,2117.0,0.3028,0.0727,1.1964,11.1139,0.3553,102.0,0.8206,0.0176,1.4824,11.4706,0.0,1.6378,1.2471,1.988,1.358,0.7994,0.1919,3.1586,29.3407,0.9379,36.2312,6.24,1.72,29.35,238.0,9.0,361.0,13.7239,0.93,0.02,1.68,13.0,0.0,2.0,102.0,1.7647,50,a,0,5,5,6,1,Sunderland,A,3,0.874,1.0713,3.9711,1.0,0.9288,0.0,-0.12,-0.03,0.1608,0.205,1.2967,0.3587,0.0,0.4556,1.0,1.0,0.9288,False
536916,Buonanotte,Brighton,MID,0,0,0,0,9.0,81.0,0.13,0.788,4.492,7.16,0.0,12.0,0.15,1.35,4.875,7.5,0.0,1.6378,1.2471,1.988,1.358,0.013,0.0788,0.4492,0.716,0.0,1.8952,0.06,0.2799999999999999,2.51,6.0,0.0,9.0,18.952,0.02,0.18,0.65,1.0,0.0,4.0,12.0,30.0,50,u,0,0,0,6,1,Sunderland,A,3,0.874,1.0713,0.171,0.0,0.0,0.0,0.0,0.0,0.0,0.0,0.0,0.0,0.0,0.0,0.0,0.0,0.0,False
509416,Ayari,Brighton,MID,333,4,0,0,150.8,1921.0,0.1109,0.0491,1.1983,10.5749,0.3415,111.0,0.073,0.0081,1.0135,4.8649,0.0,1.6378,1.2471,1.988,1.358,0.1858,0.0822,2.0079,17.7189,0.5722,35.5166,2.7,1.15,26.85,225.0,7.0,406.0,21.1969,0.09,0.01,1.25,6.0,0.0,17.0,111.0,13.7838,54,a,0,4,4,6,1,Sunderland,A,3,0.874,1.0713,3.1573,1.0,0.8974,0.0,-0.12,-0.03,0.2618,0.1532,0.4652,0.3587,0.0,0.2792,1.0,1.0,0.8974,False
467779,Wieffer,Brighton,DEF,156,2,0,0,228.7,1901.0,0.0889,0.0575,1.1002,10.6537,0.3451,242.0,0.0,0.026,1.1901,5.2066,0.0,1.6378,1.2471,1.988,1.358,0.226,0.1461,2.7957,27.0723,0.8769,45.8804,1.92,1.86,23.95,269.0,6.0,398.0,18.0553,0.0,0.07,3.2,14.0,0.0,24.0,242.0,8.9256,49,i,0,2,2,6,1,Sunderland,A,3,0.874,1.0713,0.1769,0.0,0.0,0.0,0.0,0.0,0.0,0.0,0.0,0.0,0.0,0.0,0.0,0.0,0.0,False
597320,Howell,Brighton,MID,0,0,0,0,13.4,92.0,0.0,0.0282,0.9846,7.6292,0.0,0.0,0.0,0.0,0.0,0.0,0.0,1.6378,1.2471,1.988,1.358,0.0,0.0042,0.1466,1.1359,0.0,1.6494,0.0,0.03,1.04,7.0,0.0,11.0,11.0781,0.0,0.0,0.0,0.0,0.0,0.0,0.0,0.0,45,u,0,0,0,6,1,Sunderland,A,3,0.874,1.0713,0.171,0.0,0.0,0.0,0.0,0.0,0.0,0.0,0.0,0.0,0.0,0.0,0.0,0.0,0.0,False
549074,Watson,Brighton,MID,0,0,0,0,2.8,57.0,0.045,0.0579,3.4521,9.4821,0.0,0.0,0.0,0.0,0.0,0.0,0.0,1.6378,1.2471,1.988,1.358,0.0014,0.0018,0.1074,0.295,0.0,0.7243,0.04,0.03,1.7200000000000002,5.0,0.0,15.0,23.2811,0.0,0.0,0.0,0.0,0.0,0.0,0.0,0.0,50,u,0,0,0,6,1,Sunderland,A,3,0.874,1.0713,0.171,0.0,0.0,0.0,0.0,0.0,0.0,0.0,0.0,0.0,0.0,0.0,0.0,0.0,0.0,False
556637,Oriola,Brighton,MID,0,0,0,0,0.0,1.0,0.0,0.0,0.0,0.0,0.0,0.0,0.0,0.0,0.0,0.0,0.0,1.6378,1.2471,1.988,1.358,0.0,0.0,0.0,0.0,0.0,0.1115,0.0,0.0,0.0,0.0,0.0,3.0,0.0,0.0,0.0,0.0,0.0,0.0,0.0,0.0,0.0,45,a,0,0,0,6,1,Sunderland,A,3,0.874,1.0713,0.171,0.0,0.0,0.0,0.0,0.0,0.0,0.0,0.0,0.0,0.0,0.0,0.0,0.0,0.0,False
700308,Yohanna,Brighton,MID,12,0,1,0,,,,,,,,,,,,,,1.6378,1.2471,1.988,1.358,,,,,,,,,,,,,,,,,,,,,,49,i,1,0,1,6,1,Sunderland,A,3,0.874,1.0713,0.171,0.0,0.0,0.0,0.0,0.0,0.0,0.0,0.0,0.0,0.0,0.0,0.0,0.0,0.0,False
608181,Tzimas,Brighton,FWD,0,0,0,0,4.9,132.0,0.2535,0.0716,1.5961,10.3408,0.0,0.0,0.0,0.0,0.0,0.0,0.0,1.6378,1.2471,1.988,1.358,0.0138,0.0039,0.0869,0.563,0.0,2.1686,0.44,0.11,2.59,15.0,0.0,55.0,39.8314,0.0,0.0,0.0,0.0,0.0,0.0,0.0,0.0,54,i,0,0,0,6,1,Sunderland,A,3,0.874,1.0713,0.2347,0.0,0.0,0.0,0.0,0.0,0.0,0.0,0.0,0.0,0.0,0.0,0.0,0.0,0.0,False
647850,Kostoulas,Brighton,FWD,353,4,0,0,50.3,351.0,0.5219,0.2401,1.5916,7.9447,0.5642,59.0,0.6407,0.4729,2.1661,4.5763,0.0,1.6378,1.2471,1.988,1.358,0.2917,0.1342,0.8895,4.4402,0.3153,16.3579,2.12,0.54,6.04,41.0,3.0,140.0,29.2686,0.42,0.31,1.4200000000000002,3.0,0.0,23.0,59.0,35.0847,56,a,0,4,4,6,1,Sunderland,A,3,0.874,1.0713,4.4876,1.0,0.9407,0.0,-0.12,-0.03,0.4527,0.5116,1.4979,0.0,0.0,0.0125,1.0,1.0,0.9407,False
487117,Ferguson,Brighton,FWD,0,0,0,0,0.0,0.0,0.0,0.0,0.0,0.0,0.0,0.0,0.0,0.0,0.0,0.0,0.0,1.6378,1.2471,1.988,1.358,0.0,0.0,0.0,0.0,0.0,0.0,0.0,0.0,0.0,0.0,0.0,0.0,0.0,0.0,0.0,0.0,0.0,0.0,0.0,0.0,0.0,50,i,0,0,0,6,1,Sunderland,A,3,0.874,1.0713,0.2347,0.0,0.0,0.0,0.0,0.0,0.0,0.0,0.0,0.0,0.0,0.0,0.0,0.0,0.0,False
222694,Struijk,Brighton,DEF,98,1,0,0,364.7,2935.0,0.0777,0.0252,1.3197,8.7819,0.0975,415.0,0.0564,0.0087,1.3164,8.241,0.2169,1.6378,1.2471,1.988,1.358,0.315,0.102,5.3478,35.5863,0.3951,52.8754,3.06,0.76,42.92,297.0,4.0,412.0,13.0485,0.26,0.04,6.069999999999999,38.0,1.0,53.0,415.0,11.494,49,d,0,1,1,6,1,Sunderland,A,3,0.874,1.0713,3.3671,0.908,0.8808,0.0,-0.109,-0.0272,0.1097,0.0624,0.344,1.3148,-0.2933,0.3127,0.9,0.908,0.8808,False
610799,Vuskovic,Brighton,DEF,437,5,0,0,0.0,0.0,0.0,0.0,0.0,0.0,0.0,0.0,0.0,0.0,0.0,0.0,0.0,1.6378,1.2471,1.988,1.358,0.0,0.0,0.0,0.0,0.0,0.0,0.0,0.0,0.0,0.0,0.0,0.0,0.0,0.0,0.0,0.0,0.0,0.0,0.0,0.0,0.0,50,a,0,5,5,6,1,Sunderland,A,3,0.874,1.0713,3.506,1.0,0.9641,0.0,-0.12,-0.03,0.1797,0.0566,0.1132,1.4775,-0.3121,0.0021,1.0,1.0,0.9641,False
538007,David,Brighton,FWD,23,0,1,0,,,,,,,,,,,,,,1.6378,1.2471,1.988,1.358,,,,,,,,,,,,,,,,,,,,,,59,a,1,0,1,6,1,Sunderland,A,3,0.874,1.0713,2.1487,0.7594,0.4306,0.0,-0.0911,-0.0228,0.0603,0.1891,0.5884,0.0,0.0,0.0,0.5625,0.7594,0.4306,False
612855,Osman,Brighton,MID,40,0,1,0,,,,,,,,,,,,,,1.6378,1.2471,1.988,1.358,,,,,,,,,,,,,,,,,,,,,,50,a,1,0,1,6,1,Sunderland,A,3,0.874,1.0713,1.9778,0.7594,0.4306,0.0,-0.0911,-0.0228,0.061,0.1809,0.3015,0.1873,0.0,0.0003,0.5625,0.7594,0.4306,False
611695,Yalcouyé,Brighton,MID,236,3,0,0,0.0,0.0,0.0,0.0,0.0,0.0,0.0,0.0,0.0,0.0,0.0,0.0,0.0,1.6378,1.2471,1.988,1.358,0.0,0.0,0.0,0.0,0.0,0.0,0.0,0.0,0.0,0.0,0.0,0.0,0.0,0.0,0.0,0.0,0.0,0.0,0.0,0.0,0.0,45,a,0,3,3,6,1,Sunderland,A,3,0.874,1.0713,2.6101,0.9313,0.7306,0.0,-0.1118,-0.0279,0.1239,0.1826,0.3043,0.306,0.0,0.0,0.875,0.9313,0.7306,False
512123,Hadjam,Brighton,DEF,0,0,0,0,,,,,,,,,,,,,,1.6378,1.2471,1.988,1.358,,,,,,,,,,,,,,,,,,,,,,45,a,0,0,0,6,1,Sunderland,A,3,0.874,1.0713,0.1769,0.0,0.0,0.0,0.0,0.0,0.0,0.0,0.0,0.0,0.0,0.0,0.0,0.0,0.0,False
519324,Cozier-Duberry,Brighton,MID,0,0,0,0,,,,,,,,,,,,,,1.6378,1.2471,1.988,1.358,,,,,,,,,,,,,,,,,,,,,,50,u,0,0,0,6,1,Sunderland,A,3,0.874,1.0713,0.171,0.0,0.0,0.0,0.0,0.0,0.0,0.0,0.0,0.0,0.0,0.0,0.0,0.0,0.0,False
592984,Andrés,Brighton,MID,109,1,0,0,,,,,,,,,,,,,,1.6378,1.2471,1.988,1.358,,,,,,,,,,,,,,,,,,,,,,55,a,0,1,1,6,1,Sunderland,A,3,0.874,1.0713,2.8124,0.8969,0.7813,0.0,-0.1076,-0.0269,0.1269,0.2547,0.4245,0.2916,0.0,0.0008,0.8125,0.8969,0.7813,False
471551,Azeez,Brighton,MID,0,0,0,0,,,,,,,,,,,,,,1.6378,1.2471,1.988,1.358,,,,,,,,,,,,,,,,,,,,,,55,i,0,0,0,6,1,Sunderland,A,3,0.874,1.0713,0.171,0.0,0.0,0.0,0.0,0.0,0.0,0.0,0.0,0.0,0.0,0.0,0.0,0.0,0.0,False
661016,Ibrahim,Brighton,MID,0,0,0,0,,,,,,,,,,,,,,1.6378,1.2471,1.988,1.358,,,,,,,,,,,,,,,,,,,,,,45,a,0,0,0,6,1,Sunderland,A,3,0.874,1.0713,0.171,0.0,0.0,0.0,0.0,0.0,0.0,0.0,0.0,0.0,0.0,0.0,0.0,0.0,0.0,False
98980,Martinez,Chelsea,GK,360,4,0,0,360.6,2835.0,0.0,0.003,1.4141,0.0,0.345,450.0,0.0,0.004,1.424,0.0,0.2,1.6447,1.4876,1.216,1.662,0.0,0.0119,5.6659,0.0,1.3825,64.4957,0.0,0.08,42.92,0.0,11.0,530.0,16.0971,0.0,0.02,7.12,0.0,1.0,77.0,450.0,15.4,50,a,0,4,4,6,1,Bournemouth,H,3,1.1333,1.7395,3.5021,1.0,0.995,1.0622,-0.12,-0.03,0.2989,0.0094,0.0,0.864,-0.6358,0.0,1.0,1.0,0.995,False
244850,Rogers,Chelsea,MID,437,5,0,0,393.5,3280.0,0.1993,0.1297,1.4166,6.6323,0.5266,450.0,0.174,0.162,1.424,6.2,0.8,1.6447,1.4876,1.216,1.662,0.8716,0.5671,6.1937,28.9979,2.3024,77.118,6.84,4.32,51.55,230.0,17.0,605.0,17.6382,0.87,0.81,7.12,31.0,4.0,99.0,450.0,19.8,77,a,0,5,5,6,1,Bournemouth,H,3,1.1333,1.7395,3.5324,1.0,0.932,0.0,-0.12,-0.03,0.172,0.4523,1.0448,0.2104,0.0,0.128,1.0,1.0,0.932,False
56979,Henderson,Chelsea,MID,90,1,0,0,178.0,1911.0,0.0093,0.0901,1.5002,8.5591,0.112,97.0,0.0,0.0557,2.0505,4.6392,0.0,1.6447,1.4876,1.216,1.662,0.0183,0.1781,2.9671,16.928,0.2216,29.0177,0.33,2.31,28.16,183.0,5.0,343.0,14.6719,0.0,0.06,2.21,5.0,0.0,11.0,97.0,10.2062,49,a,0,1,1,6,1,Bournemouth,H,3,1.1333,1.7395,2.286,0.945,0.8544,0.0,-0.1134,-0.0284,0.1047,0.3034,0.1637,0.1855,0.0,0.292,0.9,0.945,0.8544,False
50175,Welbeck,Chelsea,FWD,85,1,0,0,300.6,2249.0,0.4315,0.0525,1.2249,4.7712,0.6701,358.0,0.2564,0.0226,1.3098,4.5251,0.2514,1.6447,1.4876,1.216,1.662,1.4413,0.1752,4.0912,15.9358,2.238,67.1116,12.36,1.4,31.68,112.0,18.0,511.0,20.0933,1.02,0.09,5.21,18.0,1.0,72.0,358.0,18.1006,59,a,0,1,1,6,1,Bournemouth,H,3,1.1333,1.7395,3.478,0.945,0.8205,0.0,-0.1134,-0.0284,0.19,0.1853,1.5442,0.0,0.0,0.0129,0.9,0.945,0.8205,False
215059,Sánchez,Chelsea,GK,90,1,0,0,369.8,3040.0,0.0,0.0009,1.5609,0.0,0.1227,426.0,0.0,0.0,1.6986,0.0,0.0,1.6447,1.4876,1.216,1.662,0.0,0.0035,6.4135,0.0,0.5043,51.9379,0.0,0.04,48.64,0.0,7.0,509.0,12.6404,0.0,0.0,8.04,0.0,0.0,40.0,426.0,8.4507,49,u,0,1,1,6,1,Bournemouth,H,3,1.1333,1.7395,0.0584,0.0,0.0,0.0,0.0,0.0,0.0,0.0,0.0,0.0,0.0,0.0,0.0,0.0,0.0,False
508479,Jörgensen,Chelsea,GK,0,0,0,0,66.9,378.0,0.0,0.0,0.6444,0.0,0.0,114.0,0.0,0.0,0.4421,0.0,0.0,1.6447,1.4876,1.216,1.662,0.0,0.0,0.479,0.0,0.0,9.7969,0.0,0.0,4.12,0.0,0.0,50.0,13.1797,0.0,0.0,0.56,0.0,0.0,15.0,114.0,11.8421,50,u,0,0,0,6,1,Bournemouth,H,3,1.1333,1.7395,0.0584,0.0,0.0,0.0,0.0,0.0,0.0,0.0,0.0,0.0,0.0,0.0,0.0,0.0,0.0,False
225796,James,Chelsea,DEF,292,3,0,0,174.8,1957.0,0.0422,0.1494,1.1257,5.515,0.4163,65.0,0.0277,0.0692,0.7062,5.5385,0.0,1.6447,1.4876,1.216,1.662,0.0819,0.2901,2.1863,10.7113,0.8085,40.7003,1.04,3.2,28.75,128.0,11.0,493.0,20.9555,0.02,0.05,0.51,4.0,0.0,14.0,65.0,19.3846,54,d,0,3,3,6,1,Bournemouth,H,3,1.1333,1.7395,2.7449,0.908,0.88,0.0,-0.109,-0.0272,0.1662,0.4098,0.2688,0.7641,-0.5727,0.1162,0.9,0.908,0.88,False
180736,Chalobah,Chelsea,DEF,0,0,0,0,279.9,2780.0,0.0381,0.0262,1.4192,8.0304,0.1039,230.0,0.0548,0.0078,1.8313,6.2609,0.0,1.6447,1.4876,1.216,1.662,0.1185,0.0814,4.4137,24.9744,0.3232,40.0221,1.44,1.03,40.83,265.0,7.0,516.0,12.8688,0.14,0.02,4.68,16.0,0.0,23.0,230.0,9.0,55,u,0,0,0,6,1,Bournemouth,H,3,1.1333,1.7395,0.0569,0.0,0.0,0.0,0.0,0.0,0.0,0.0,0.0,0.0,0.0,0.0,0.0,0.0,0.0,False
482609,Gusto,Chelsea,DEF,272,3,0,0,311.1,2255.0,0.0359,0.1749,1.46,4.8899,0.106,434.0,0.0207,0.224,1.4122,4.7696,0.0,1.6447,1.4876,1.216,1.662,0.1242,0.6047,5.0467,16.9026,0.3664,40.1064,1.56,2.97,37.13,126.0,7.0,406.0,11.6026,0.1,1.08,6.8100000000000005,23.0,0.0,40.0,434.0,8.2949,49,a,0,3,3,6,1,Bournemouth,H,3,1.1333,1.7395,2.6709,0.908,0.8767,0.0,-0.109,-0.0272,0.0522,0.5034,0.2214,0.7613,-0.5727,0.0665,0.9,0.908,0.8767,False
444463,Fofana,Chelsea,DEF,312,4,0,0,272.3,1718.0,0.0376,0.0255,1.3898,10.0355,0.0603,356.0,0.0303,0.0051,1.3146,8.0899,0.0,1.6447,1.4876,1.216,1.662,0.1139,0.0773,4.205,30.363,0.1823,31.8811,0.72,0.6,25.81,206.0,3.0,288.0,10.5373,0.12,0.02,5.2,32.0,0.0,33.0,356.0,8.3427,50,a,0,4,4,6,1,Bournemouth,H,3,1.1333,1.7395,2.6079,1.0,0.8986,0.0,-0.12,-0.03,0.0802,0.0812,0.23,0.9366,-0.5255,0.3893,1.0,1.0,0.8986,False
242880,B.Badiashile,Chelsea,DEF,0,0,0,0,36.8,470.0,0.0,0.011,1.3241,10.2113,0.0,0.0,0.0,0.0,0.0,0.0,0.0,1.6447,1.4876,1.216,1.662,0.0,0.0045,0.5414,4.1753,0.0,4.174,0.0,0.06,7.41,48.0,0.0,48.0,10.2082,0.0,0.0,0.0,0.0,0.0,0.0,0.0,0.0,45,u,0,0,0,6,1,Bournemouth,H,3,1.1333,1.7395,0.0569,0.0,0.0,0.0,0.0,0.0,0.0,0.0,0.0,0.0,0.0,0.0,0.0,0.0,0.0,False
551210,Hato,Chelsea,DEF,258,4,0,0,241.1,1139.0,0.0132,0.0457,1.4683,7.8351,0.0,411.0,0.0,0.0263,1.3336,7.6642,0.0,1.6447,1.4876,1.216,1.662,0.0354,0.1225,3.9334,20.9894,0.0,21.8988,0.3,0.61,18.5,99.0,0.0,93.0,8.1746,0.0,0.12,6.09,35.0,0.0,44.0,411.0,9.635,45,a,0,4,4,6,1,Bournemouth,H,3,1.1333,1.7395,2.3445,1.0,0.6894,0.0,-0.12,-0.03,0.0538,0.1082,0.1022,0.8884,-0.4044,0.0652,1.0,1.0,0.6894,False
460028,Colwill,Chelsea,DEF,341,4,0,0,84.2,225.0,0.0,0.0522,1.3713,10.3458,0.0,225.0,0.0,0.048,1.344,10.0,0.0,1.6447,1.4876,1.216,1.662,0.0,0.0488,1.2829,9.6791,0.0,11.292,0.0,0.12,3.3600000000000003,25.0,0.0,30.0,12.0698,0.0,0.12,3.3600000000000003,25.0,0.0,30.0,225.0,12.0,48,a,0,4,4,6,1,Bournemouth,H,3,1.1333,1.7395,2.6213,1.0,0.9526,0.0,-0.12,-0.03,0.1059,0.1632,0.196,0.8886,-0.5919,0.4603,1.0,1.0,0.9526,False
574458,M.Sarr,Chelsea,DEF,0,0,0,0,19.5,100.0,0.2857,0.0,1.5125,6.5271,0.0,9.0,0.0,0.0,2.1,0.0,0.0,1.6447,1.4876,1.216,1.662,0.0619,0.0,0.3277,1.4142,0.0,1.3481,0.35,0.0,1.63,8.0,0.0,4.0,6.222,0.0,0.0,0.21,0.0,0.0,3.0,9.0,30.0,45,u,0,0,0,6,1,Bournemouth,H,3,1.1333,1.7395,0.0569,0.0,0.0,0.0,0.0,0.0,0.0,0.0,0.0,0.0,0.0,0.0,0.0,0.0,0.0,False
577016,Acheampong,Chelsea,DEF,221,2,0,0,67.6,657.0,0.0345,0.017,2.0492,5.1771,0.1512,88.0,0.0205,0.0,1.6159,3.0682,0.0,1.6447,1.4876,1.216,1.662,0.0259,0.0128,1.5392,3.8886,0.1136,10.1359,0.62,0.13,15.66,44.0,5.0,118.0,13.4945,0.02,0.0,1.58,3.0,0.0,16.0,88.0,16.3636,45,a,0,2,2,6,1,Bournemouth,H,3,1.1333,1.7395,2.1762,0.862,0.8311,0.0,-0.1034,-0.0259,0.057,0.0836,0.2344,0.7217,-0.5412,0.1283,0.85,0.862,0.8311,False
620109,Palestra,Chelsea,DEF,0,0,0,0,,,,,,,,,,,,,,1.6447,1.4876,1.216,1.662,,,,,,,,,,,,,,,,,,,,,,53,d,0,0,0,6,1,Bournemouth,H,3,1.1333,1.7395,0.0569,0.0,0.0,0.0,0.0,0.0,0.0,0.0,0.0,0.0,0.0,0.0,0.0,0.0,0.0,False
244851,Palmer,Chelsea,MID,442,5,0,0,346.7,1954.0,0.4213,0.1232,1.3686,5.5758,0.546,448.0,0.3375,0.0783,1.2877,3.817,0.4018,1.6447,1.4876,1.216,1.662,1.6231,0.4746,5.2723,21.4792,2.1034,68.6586,10.55,2.49,31.13,135.0,11.0,430.0,17.8231,1.6800000000000002,0.39,6.41,19.0,2.0,59.0,448.0,11.8527,97,d,0,5,5,6,1,Bournemouth,H,3,1.1333,1.7395,4.4787,1.0,0.9391,0.0,-0.12,-0.03,0.1863,0.4051,2.0184,0.2088,0.0,0.0462,1.0,1.0,0.9391,False
247632,Neto,Chelsea,MID,332,4,0,0,293.7,2629.0,0.109,0.2323,1.461,3.8597,0.2951,332.0,0.0569,0.2711,1.5343,2.9819,0.2711,1.6447,1.4876,1.216,1.662,0.3556,0.758,4.7677,12.5955,0.9629,57.0233,4.59,6.84,37.54,122.0,9.0,543.0,17.4739,0.21,1.0,5.66,11.0,1.0,65.0,332.0,17.6205,65,a,0,4,4,6,1,Bournemouth,H,3,1.1333,1.7395,3.2359,1.0,0.8901,0.0,-0.12,-0.03,0.1372,0.7098,0.563,0.2148,0.0,0.005,1.0,1.0,0.8901,False
624773,Estêvão,Chelsea,MID,23,0,1,0,69.7,839.0,0.2132,0.1029,1.384,5.227,0.3701,15.0,0.54,0.0,0.18,0.0,0.0,1.6447,1.4876,1.216,1.662,0.1651,0.0797,1.0718,4.048,0.2866,10.5974,2.91,2.14,10.29,56.0,4.0,172.0,13.6839,0.09,0.0,0.03,0.0,0.0,4.0,15.0,24.0,63,a,1,0,1,6,1,Bournemouth,H,3,1.1333,1.7395,1.8638,0.7594,0.4248,0.0,-0.0911,-0.0228,0.0321,0.2022,0.5722,0.116,0.0,0.0061,0.5625,0.7594,0.4248,False
463936,Gittens,Chelsea,MID,0,0,0,0,21.6,486.0,0.1337,0.1729,1.8058,4.8917,0.0,0.0,0.0,0.0,0.0,0.0,0.0,1.6447,1.4876,1.216,1.662,0.0321,0.0415,0.4334,1.174,0.0,5.0006,0.81,0.94,8.89,29.0,0.0,99.0,20.8358,0.0,0.0,0.0,0.0,0.0,0.0,0.0,0.0,58,a,0,0,0,6,1,Bournemouth,H,3,1.1333,1.7395,2.0399,0.8075,0.4906,0.0,-0.0969,-0.0242,0.0786,0.3202,0.4592,0.1339,0.0,0.0047,0.65,0.8075,0.4906,False
486672,Caicedo,Chelsea,MID,13,0,1,0,389.2,2796.0,0.0354,0.0761,1.4103,10.2597,0.0882,534.0,0.0202,0.0556,1.4376,9.6067,0.0,1.6447,1.4876,1.216,1.662,0.1529,0.3292,6.0986,44.3675,0.3815,69.7841,1.45,2.38,42.54,366.0,10.0,580.0,16.1371,0.12,0.33,8.53,57.0,0.0,91.0,534.0,15.3371,53,d,1,0,1,6,1,Bournemouth,H,3,1.1333,1.7395,1.6055,0.8212,0.5094,0.0,-0.0985,-0.0246,0.0611,0.1663,0.1607,0.1391,0.0,0.1887,0.675,0.8212,0.5094,False
514356,Lavia,Chelsea,MID,258,4,0,0,72.1,374.0,0.0652,0.163,2.0659,8.4364,0.0,131.0,0.0481,0.0687,2.6656,6.1832,0.0,1.6447,1.4876,1.216,1.662,0.0522,0.1306,1.655,6.7585,0.0,15.9105,0.21,0.55,8.53,37.0,0.0,81.0,19.8605,0.07,0.1,3.88,9.0,0.0,29.0,131.0,19.9237,50,a,0,4,4,6,1,Bournemouth,H,3,1.1333,1.7395,2.4079,1.0,0.55,0.0,-0.12,-0.03,0.1544,0.3723,0.433,0.1772,0.0,0.0138,1.0,1.0,0.55,False
491007,D.Essugo,Chelsea,MID,0,0,0,0,7.0,26.0,0.0,0.0347,1.9247,31.2339,0.0,18.0,0.0,0.05,1.45,20.0,0.0,1.6447,1.4876,1.216,1.662,0.0,0.0027,0.1497,2.4293,0.0,1.9084,0.0,0.01,0.55,8.0,0.0,7.0,24.5366,0.0,0.01,0.29,4.0,0.0,7.0,18.0,35.0,45,u,0,0,0,6,1,Bournemouth,H,3,1.1333,1.7395,0.0,0.0,0.0,0.0,0.0,0.0,0.0,0.0,0.0,0.0,0.0,0.0,0.0,0.0,0.0,False
593117,Quenda,Chelsea,MID,27,0,1,0,,,,,,,,,,,,,,1.6447,1.4876,1.216,1.662,,,,,,,,,,,,,,,,,,,,,,53,a,1,0,1,6,1,Bournemouth,H,3,1.1333,1.7395,1.7725,0.7594,0.4248,0.0,-0.0911,-0.0228,0.0682,0.2427,0.4044,0.116,0.0,0.0011,0.5625,0.7594,0.4248,False
475168,João Pedro,Chelsea,FWD,360,4,0,0,310.1,2658.0,0.5749,0.05,1.3248,4.0716,0.8696,270.0,0.4067,0.0233,1.4833,3.6667,0.6667,1.6447,1.4876,1.216,1.662,1.9809,0.1724,4.5645,14.0288,2.9962,77.3425,14.91,1.96,37.25,138.0,30.0,715.0,22.447,1.22,0.07,4.45,11.0,2.0,39.0,270.0,13.0,77,d,0,4,4,6,1,Bournemouth,H,3,1.1333,1.7395,4.831,1.0,0.9491,0.0,-0.12,-0.03,0.5068,0.2038,2.3866,0.0,0.0,0.0089,1.0,1.0,0.9491,False
499309,Marc Guiu,Chelsea,FWD,0,0,0,0,14.7,265.0,0.4892,0.0796,1.6763,3.5792,0.0,18.0,0.4,0.0,1.2,5.0,0.0,1.6447,1.4876,1.216,1.662,0.0799,0.013,0.2738,0.5846,0.0,0.7996,1.54,0.29,5.890000000000001,8.0,0.0,19.0,4.8955,0.08,0.0,0.24,1.0,0.0,0.0,18.0,0.0,50,u,0,0,0,6,1,Bournemouth,H,3,1.1333,1.7395,0.0,0.0,0.0,0.0,0.0,0.0,0.0,0.0,0.0,0.0,0.0,0.0,0.0,0.0,0.0,False
567119,Mheuka,Chelsea,FWD,0,0,0,0,0.4,1.0,0.0,0.0,4.3425,86.76,0.0,1.0,0.0,0.0,4.5,90.0,0.0,1.6447,1.4876,1.216,1.662,0.0,0.0,0.0193,0.3856,0.0,1.1567,0.0,0.0,0.05,1.0,0.0,3.0,260.2575,0.0,0.0,0.05,1.0,0.0,3.0,1.0,270.0,45,a,0,0,0,6,1,Bournemouth,H,3,1.1333,1.7395,0.0,0.0,0.0,0.0,0.0,0.0,0.0,0.0,0.0,0.0,0.0,0.0,0.0,0.0,0.0,False
503037,Emegha,Chelsea,FWD,0,0,0,0,,,,,,,,,,,,,,1.6447,1.4876,1.216,1.662,,,,,,,,,,,,,,,,,,,,,,50,i,0,0,0,6,1,Bournemouth,H,3,1.1333,1.7395,0.0,0.0,0.0,0.0,0.0,0.0,0.0,0.0,0.0,0.0,0.0,0.0,0.0,0.0,0.0,False
437499,Lacroix,Chelsea,DEF,364,4,0,0,362.6,3085.0,0.0785,0.0209,1.2907,11.001,0.3887,510.0,0.0547,0.0141,1.3359,10.5882,0.5294,1.6447,1.4876,1.216,1.662,0.3164,0.0844,5.1999,44.3218,1.566,54.2461,2.45,0.8300000000000001,44.04,370.0,11.0,529.0,13.4643,0.31,0.08,7.57,60.0,3.0,75.0,510.0,13.2353,59,a,0,4,4,6,1,Bournemouth,H,3,1.1333,1.7395,2.8388,1.0,0.975,0.0,-0.12,-0.03,0.1828,0.079,0.4843,0.8466,-0.6358,0.8979,1.0,1.0,0.975,False
549939,Penders,Chelsea,GK,0,0,0,0,0.0,0.0,0.0,0.0,0.0,0.0,0.0,0.0,0.0,0.0,0.0,0.0,0.0,1.6447,1.4876,1.216,1.662,0.0,0.0,0.0,0.0,0.0,0.0,0.0,0.0,0.0,0.0,0.0,0.0,0.0,0.0,0.0,0.0,0.0,0.0,0.0,0.0,0.0,44,a,0,0,0,6,1,Bournemouth,H,3,1.1333,1.7395,0.0584,0.0,0.0,0.0,0.0,0.0,0.0,0.0,0.0,0.0,0.0,0.0,0.0,0.0,0.0,False
622758,Anselmino,Chelsea,DEF,0,0,0,0,0.0,0.0,0.0,0.0,0.0,0.0,0.0,0.0,0.0,0.0,0.0,0.0,0.0,1.6447,1.4876,1.216,1.662,0.0,0.0,0.0,0.0,0.0,0.0,0.0,0.0,0.0,0.0,0.0,0.0,0.0,0.0,0.0,0.0,0.0,0.0,0.0,0.0,0.0,45,a,0,0,0,6,1,Bournemouth,H,3,1.1333,1.7395,0.0569,0.0,0.0,0.0,0.0,0.0,0.0,0.0,0.0,0.0,0.0,0.0,0.0,0.0,0.0,False
543158,Barco,Chelsea,MID,115,1,0,0,,,,,,,,,,,,,,1.6447,1.4876,1.216,1.662,,,,,,,,,,,,,,,,,,,,,,54,a,0,1,1,6,1,Bournemouth,H,3,1.1333,1.7395,2.5962,0.8969,0.78,0.0,-0.1076,-0.0269,0.1441,0.326,0.5434,0.1693,0.0,0.0019,0.8125,0.8969,0.78,False
498444,Chavarria,Chelsea,DEF,208,1,0,0,,,,,,,,,,,,,,1.6447,1.4876,1.216,1.662,,,,,,,,,,,,,,,,,,,,,,49,a,0,1,1,6,1,Bournemouth,H,3,1.1333,1.7395,2.06,0.8275,0.7945,0.0,-0.0993,-0.0248,0.0661,0.0889,0.1778,0.6899,-0.5175,0.0467,0.8125,0.8275,0.7945,False
636846,Nicoll-Jazuli,Chelsea,MID,3,0,1,0,,,,,,,,,,,,,,1.6447,1.4876,1.216,1.662,,,,,,,,,,,,,,,,,,,,,,45,a,1,0,1,6,1,Bournemouth,H,3,1.1333,1.7395,1.8182,0.7594,0.4248,0.0,-0.0911,-0.0228,0.0699,0.2591,0.4319,0.116,0.0,0.0017,0.5625,0.7594,0.4248,False
231065,Pinnock,Coventry City,DEF,282,3,0,0,28.0,318.0,0.0074,0.0061,0.7203,13.0548,1.4738,0.0,0.0,0.0,0.0,0.0,0.0,,,,,0.0023,0.0019,0.2241,4.0615,0.4585,8.4013,0.01,0.06,3.7,42.0,2.0,53.0,27.0042,0.0,0.0,0.0,0.0,0.0,0.0,0.0,0.0,45,a,0,3,3,6,1,Newcastle,H,2,1.1233,1.7246,2.6727,0.885,0.8604,0.0,-0.1062,-0.0266,0.584,0.0703,0.1437,0.7558,-0.5507,0.6593,0.875,0.885,0.8604,True
428580,Onyeka,Coventry City,MID,314,4,0,0,1.9,88.0,0.0,0.3458,2.2405,10.8616,0.0,0.0,0.0,0.0,0.0,0.0,0.0,,,,,0.0,0.0073,0.0473,0.2293,0.0,0.8824,0.0,0.36,2.02,10.0,0.0,41.0,41.7979,0.0,0.0,0.0,0.0,0.0,0.0,0.0,0.0,49,a,0,4,4,6,1,Newcastle,H,2,1.1233,1.7246,3.5949,1.0,0.8684,0.0,-0.12,-0.03,0.8637,0.4452,0.4698,0.2269,0.0,0.0208,1.0,1.0,0.8684,True
472739,Rushworth,Coventry City,GK,450,5,0,0,0.0,0.0,0.0,0.0,0.0,0.0,0.0,0.0,0.0,0.0,0.0,0.0,0.0,,,,,0.0,0.0,0.0,0.0,0.0,0.0,0.0,0.0,0.0,0.0,0.0,0.0,0.0,0.0,0.0,0.0,0.0,0.0,0.0,0.0,0.0,45,a,0,5,5,6,1,Newcastle,H,2,1.1233,1.7246,3.2669,1.0,0.995,0.9467,-0.12,-0.03,0.1714,0.0,0.0,0.874,-0.6287,0.0,1.0,1.0,0.995,True
484389,Dovin,Coventry City,GK,0,0,0,0,,,,,,,,,,,,,,,,,,,,,,,,,,,,,,,,,,,,,,,40,u,0,0,0,6,1,Newcastle,H,2,1.1233,1.7246,0.0584,0.0,0.0,0.0,0.0,0.0,0.0,0.0,0.0,0.0,0.0,0.0,0.0,0.0,0.0,True
110690,Wilson,Coventry City,GK,0,0,0,0,,,,,,,,,,,,,,,,,,,,,,,,,,,,,,,,,,,,,,,44,a,0,0,0,6,1,Newcastle,H,2,1.1233,1.7246,0.0584,0.0,0.0,0.0,0.0,0.0,0.0,0.0,0.0,0.0,0.0,0.0,0.0,0.0,0.0,True
461102,Thomas,Coventry City,DEF,437,5,0,0,,,,,,,,,,,,,,,,,,,,,,,,,,,,,,,,,,,,,,,40,a,0,5,5,6,1,Newcastle,H,2,1.1233,1.7246,2.4627,1.0,0.9719,0.0,-0.12,-0.03,0.1265,0.0582,0.1164,0.8876,-0.6048,0.0032,1.0,1.0,0.9719,True
436761,Kitching,Coventry City,DEF,0,0,0,0,,,,,,,,,,,,,,,,,,,,,,,,,,,,,,,,,,,,,,,40,u,0,0,0,6,1,Newcastle,H,2,1.1233,1.7246,0.0569,0.0,0.0,0.0,0.0,0.0,0.0,0.0,0.0,0.0,0.0,0.0,0.0,0.0,0.0,True
451284,van Ewijk,Coventry City,DEF,360,4,0,0,,,,,,,,,,,,,,,,,,,,,,,,,,,,,,,,,,,,,,,40,d,0,4,4,6,1,Newcastle,H,2,1.1233,1.7246,2.4416,1.0,0.979,0.0,-0.12,-0.03,0.125,0.0664,0.1329,0.86,-0.6287,0.008,1.0,1.0,0.979,True
173878,Dasilva,Coventry City,DEF,444,5,0,0,,,,,,,,,,,,,,,,,,,,,,,,,,,,,,,,,,,,,,,40,a,0,5,5,6,1,Newcastle,H,2,1.1233,1.7246,2.4388,1.0,0.976,0.0,-0.12,-0.03,0.1248,0.0586,0.1173,0.8728,-0.6176,0.0034,1.0,1.0,0.976,True
465390,Kesler-Hayden,Coventry City,DEF,0,0,0,0,,,,,,,,,,,,,,,,,,,,,,,,,,,,,,,,,,,,,,,39,i,0,0,0,6,1,Newcastle,H,2,1.1233,1.7246,0.0569,0.0,0.0,0.0,0.0,0.0,0.0,0.0,0.0,0.0,0.0,0.0,0.0,0.0,0.0,True
80178,Bidwell,Coventry City,DEF,0,0,0,0,,,,,,,,,,,,,,,,,,,,,,,,,,,,,,,,,,,,,,,40,a,0,0,0,6,1,Newcastle,H,2,1.1233,1.7246,0.0569,0.0,0.0,0.0,0.0,0.0,0.0,0.0,0.0,0.0,0.0,0.0,0.0,0.0,0.0,True
204813,Latibeaudiere,Coventry City,DEF,1,0,1,0,,,,,,,,,,,,,,,,,,,,,,,,,,,,,,,,,,,,,,,40,a,1,0,1,6,1,Newcastle,H,2,1.1233,1.7246,1.5739,0.5975,0.5055,0.0,-0.0717,-0.0179,0.0332,0.0641,0.1281,0.5575,-0.2792,0.0749,0.5625,0.5975,0.5055,True
220583,Woolfenden,Coventry City,DEF,0,0,0,0,,,,,,,,,,,,,,,,,,,,,,,,,,,,,,,,,,,,,,,40,i,0,0,0,6,1,Newcastle,H,2,1.1233,1.7246,0.0569,0.0,0.0,0.0,0.0,0.0,0.0,0.0,0.0,0.0,0.0,0.0,0.0,0.0,0.0,True
577411,Brau,Coventry City,DEF,0,0,0,0,,,,,,,,,,,,,,,,,,,,,,,,,,,,,,,,,,,,,,,40,u,0,0,0,6,1,Newcastle,H,2,1.1233,1.7246,0.0569,0.0,0.0,0.0,0.0,0.0,0.0,0.0,0.0,0.0,0.0,0.0,0.0,0.0,0.0,True
539142,Amenda,Coventry City,DEF,360,4,0,0,,,,,,,,,,,,,,,,,,,,,,,,,,,,,,,,,,,,,,,40,i,0,4,4,6,1,Newcastle,H,2,1.1233,1.7246,0.0569,0.0,0.0,0.0,0.0,0.0,0.0,0.0,0.0,0.0,0.0,0.0,0.0,0.0,0.0,True
480457,Rudoni,Coventry City,MID,297,4,0,0,,,,,,,,,,,,,,,,,,,,,,,,,,,,,,,,,,,,,,,49,a,0,4,4,6,1,Newcastle,H,2,1.1233,1.7246,2.4065,1.0,0.8019,0.0,-0.12,-0.03,0.1787,0.1805,0.3008,0.2237,0.0,0.0,1.0,1.0,0.8019,True
168144,Grimes,Coventry City,MID,443,5,0,0,,,,,,,,,,,,,,,,,,,,,,,,,,,,,,,,,,,,,,,49,a,0,5,5,6,1,Newcastle,H,2,1.1233,1.7246,2.5505,1.0,0.9554,0.0,-0.12,-0.03,0.1913,0.1757,0.2928,0.2142,0.0,0.0,1.0,1.0,0.9554,True
501459,Sakamoto,Coventry City,MID,31,0,1,0,,,,,,,,,,,,,,,,,,,,,,,,,,,,,,,,,,,,,,,48,a,1,0,1,6,1,Newcastle,H,2,1.1233,1.7246,1.6815,0.7594,0.4595,0.0,-0.0911,-0.0228,0.0711,0.1904,0.3173,0.1267,0.0,0.0007,0.5625,0.7594,0.4595,True
241293,Mason-Clark,Coventry City,MID,231,4,0,0,,,,,,,,,,,,,,,,,,,,,,,,,,,,,,,,,,,,,,,53,a,0,4,4,6,1,Newcastle,H,2,1.1233,1.7246,2.0322,1.0,0.55,0.0,-0.12,-0.03,0.1524,0.1563,0.2605,0.192,0.0,0.0,1.0,1.0,0.55,True
439668,Eccles,Coventry City,MID,0,0,0,0,,,,,,,,,,,,,,,,,,,,,,,,,,,,,,,,,,,,,,,48,i,0,0,0,6,1,Newcastle,H,2,1.1233,1.7246,0.0,0.0,0.0,0.0,0.0,0.0,0.0,0.0,0.0,0.0,0.0,0.0,0.0,0.0,0.0,True
226965,Torp,Coventry City,MID,53,0,1,0,,,,,,,,,,,,,,,,,,,,,,,,,,,,,,,,,,,,,,,53,a,1,0,1,6,1,Newcastle,H,2,1.1233,1.7246,1.6527,0.7594,0.4595,0.0,-0.0911,-0.0228,0.07,0.18,0.3,0.1267,0.0,0.0004,0.5625,0.7594,0.4595,True
684268,Shepherd,Coventry City,MID,0,0,0,0,,,,,,,,,,,,,,,,,,,,,,,,,,,,,,,,,,,,,,,44,a,0,0,0,6,1,Newcastle,H,2,1.1233,1.7246,0.0,0.0,0.0,0.0,0.0,0.0,0.0,0.0,0.0,0.0,0.0,0.0,0.0,0.0,0.0,True
469272,Tchaouna,Coventry City,MID,211,2,0,0,191.0,1259.0,0.0822,0.0693,1.8521,4.5797,0.0,413.0,0.0676,0.0501,1.824,4.5763,0.0,,,,,0.1744,0.147,3.9305,9.7192,0.0,34.524,1.27,0.91,25.04,69.0,0.0,208.0,16.2679,0.31,0.2299999999999999,8.370000000000001,21.0,0.0,75.0,413.0,16.3438,54,a,0,2,2,6,1,Newcastle,H,2,1.1233,1.7246,2.3383,0.9175,0.8245,0.0,-0.1101,-0.0275,0.0934,0.2052,0.3833,0.1811,0.0,0.0162,0.85,0.9175,0.8245,True
492498,Borges Rodrigues,Coventry City,MID,0,0,0,0,,,,,,,,,,,,,,,,,,,,,,,,,,,,,,,,,,,,,,,45,u,0,0,0,6,1,Newcastle,H,2,1.1233,1.7246,0.0,0.0,0.0,0.0,0.0,0.0,0.0,0.0,0.0,0.0,0.0,0.0,0.0,0.0,0.0,True
629397,Andrews,Coventry City,MID,0,0,0,0,,,,,,,,,,,,,,,,,,,,,,,,,,,,,,,,,,,,,,,45,u,0,0,0,6,1,Newcastle,H,2,1.1233,1.7246,0.0,0.0,0.0,0.0,0.0,0.0,0.0,0.0,0.0,0.0,0.0,0.0,0.0,0.0,0.0,True
176412,Wright,Coventry City,FWD,0,0,0,0,,,,,,,,,,,,,,,,,,,,,,,,,,,,,,,,,,,,,,,54,i,0,0,0,6,1,Newcastle,H,2,1.1233,1.7246,0.0,0.0,0.0,0.0,0.0,0.0,0.0,0.0,0.0,0.0,0.0,0.0,0.0,0.0,0.0,True
230730,Thomas-Asante,Coventry City,FWD,227,2,0,0,,,,,,,,,,,,,,,,,,,,,,,,,,,,,,,,,,,,,,,50,a,0,2,2,6,1,Newcastle,H,2,1.1233,1.7246,2.5709,0.9175,0.8245,0.0,-0.1101,-0.0275,0.1405,0.2168,0.6745,0.0,0.0,0.0,0.85,0.9175,0.8245,True
218997,Simms,Coventry City,FWD,104,1,0,0,,,,,,,,,,,,,,,,,,,,,,,,,,,,,,,,,,,,,,,49,a,0,1,1,6,1,Newcastle,H,2,1.1233,1.7246,2.7289,0.8969,0.7882,0.0,-0.1076,-0.0269,0.1551,0.2648,0.8237,0.0,0.0,0.0,0.8125,0.8969,0.7882,True
551262,Markelo,Coventry City,FWD,0,0,0,0,,,,,,,,,,,,,,,,,,,,,,,,,,,,,,,,,,,,,,,50,u,0,0,0,6,1,Newcastle,H,2,1.1233,1.7246,0.0,0.0,0.0,0.0,0.0,0.0,0.0,0.0,0.0,0.0,0.0,0.0,0.0,0.0,0.0,True
549653,Bassette,Coventry City,FWD,0,0,0,0,,,,,,,,,,,,,,,,,,,,,,,,,,,,,,,,,,,,,,,45,u,0,0,0,6,1,Newcastle,H,2,1.1233,1.7246,0.0,0.0,0.0,0.0,0.0,0.0,0.0,0.0,0.0,0.0,0.0,0.0,0.0,0.0,0.0,True
210156,Awoniyi,Coventry City,FWD,232,3,0,0,99.0,480.0,0.805,0.1595,2.2043,4.6249,0.9885,212.0,0.6835,0.1613,2.2245,4.6698,1.2736,,,,,0.8855,0.1755,2.4247,5.0874,1.0873,38.3073,3.68,0.77,10.35,26.0,4.0,170.0,34.8248,1.61,0.38,5.24,11.0,3.0,89.0,212.0,37.783,54,s,0,3,3,6,1,Newcastle,H,2,1.1233,1.7246,0.0,0.0,0.0,0.0,0.0,0.0,0.0,0.0,0.0,0.0,0.0,0.0,0.0,0.0,0.0,True
661888,Yirenkyi,Coventry City,MID,265,3,0,0,,,,,,,,,,,,,,,,,,,,,,,,,,,,,,,,,,,,,,,48,a,0,3,3,6,1,Newcastle,H,2,1.1233,1.7246,2.3718,0.9313,0.835,0.0,-0.1118,-0.0279,0.1515,0.2005,0.3342,0.188,0.0,0.0001,0.875,0.9313,0.835,True
196100,Hamer,Coventry City,MID,32,0,1,0,,,,,,,,,,,,,,,,,,,,,,,,,,,,,,,,,,,,,,,54,a,1,0,1,6,1,Newcastle,H,2,1.1233,1.7246,1.6801,0.7594,0.4595,0.0,-0.0911,-0.0228,0.071,0.1899,0.3165,0.1267,0.0,0.0006,0.5625,0.7594,0.4595,True
627221,Cherif,Coventry City,FWD,30,0,1,0,,,,,,,,,,,,,,,,,,,,,,,,,,,,,,,,,,,,,,,50,a,1,0,1,6,1,Newcastle,H,2,1.1233,1.7246,1.8943,0.7594,0.4595,0.0,-0.0911,-0.0228,0.0698,0.1909,0.5939,0.0,0.0,0.0,0.5625,0.7594,0.4595,True
79602,Bentley,Coventry City,GK,0,0,0,0,85.5,270.0,0.0,0.0,1.6374,0.0,0.0,270.0,0.0,0.0,1.7,0.0,0.0,,,,,0.0,0.0,1.5555,0.0,0.0,7.7872,0.0,0.0,5.1,0.0,0.0,24.0,8.1971,0.0,0.0,5.1,0.0,0.0,24.0,270.0,8.0,40,a,0,0,0,6,1,Newcastle,H,2,1.1233,1.7246,0.0584,0.0,0.0,0.0,0.0,0.0,0.0,0.0,0.0,0.0,0.0,0.0,0.0,0.0,0.0,True
242893,Gboho,Coventry City,MID,0,0,0,0,,,,,,,,,,,,,,,,,,,,,,,,,,,,,,,,,,,,,,,55,a,0,0,0,6,1,Newcastle,H,2,1.1233,1.7246,1.9483,0.8075,0.5306,0.0,-0.0969,-0.0242,0.0922,0.2332,0.3887,0.1463,0.0,0.0014,0.65,0.8075,0.5306,True
566213,Mfuni,Coventry City,DEF,90,1,0,0,0.0,0.0,0.0,0.0,0.0,0.0,0.0,0.0,0.0,0.0,0.0,0.0,0.0,,,,,0.0,0.0,0.0,0.0,0.0,0.0,0.0,0.0,0.0,0.0,0.0,0.0,0.0,0.0,0.0,0.0,0.0,0.0,0.0,0.0,0.0,40,a,0,1,1,6,1,Newcastle,H,2,1.1233,1.7246,2.0828,0.8275,0.7955,0.0,-0.0993,-0.0248,0.0775,0.0875,0.175,0.6988,-0.5117,0.0964,0.8125,0.8275,0.7955,True
485337,Guessand,Crystal Palace,MID,54,0,1,0,89.4,909.0,0.1254,0.1096,1.7684,7.4215,0.0,29.0,0.0,0.3103,5.4,6.2069,0.0,1.5709,1.506,1.645,1.6117,0.1246,0.1089,1.7566,7.372,0.0,15.265,1.56,0.8500000000000001,14.48,83.0,0.0,143.0,15.3674,0.0,0.1,1.74,2.0,0.0,6.0,29.0,18.6207,54,a,1,0,1,6,1,Nott'm Forest,H,3,1.1751,1.2965,2.0994,0.7594,0.4595,0.0,-0.0911,-0.0228,0.0364,0.2241,0.3928,0.1702,0.0,0.0181,0.5625,0.7594,0.4595,False
220362,Disasi,Crystal Palace,DEF,139,2,0,0,318.3,1254.0,0.058,0.0028,1.399,6.2334,0.0771,534.0,0.0,0.0034,1.5084,7.2472,0.1685,1.5709,1.506,1.645,1.6117,0.2053,0.0098,4.9478,22.0455,0.2726,44.9728,1.1,0.03,18.54,88.0,1.0,186.0,12.7162,0.0,0.02,8.95,43.0,1.0,74.0,534.0,12.4719,45,s,0,2,2,6,1,Nott'm Forest,H,3,1.1751,1.2965,0.1769,0.0,0.0,0.0,0.0,0.0,0.0,0.0,0.0,0.0,0.0,0.0,0.0,0.0,0.0,False
172649,Henderson,Crystal Palace,GK,270,3,0,0,431.3,3330.0,0.0,0.0019,1.5269,0.0,0.1753,630.0,0.0,0.0014,1.6043,0.0,0.0,1.5709,1.506,1.645,1.6117,0.0,0.009,7.3173,0.0,0.84,55.1407,0.0,0.11,51.4,0.0,7.0,538.0,11.5063,0.0,0.01,11.23,0.0,0.0,48.0,630.0,6.8571,50,i,0,3,3,6,1,Nott'm Forest,H,3,1.1751,1.2965,0.1784,0.0,0.0,0.0,0.0,0.0,0.0,0.0,0.0,0.0,0.0,0.0,0.0,0.0,0.0,False
121709,Benitez,Crystal Palace,GK,180,2,0,0,18.9,90.0,0.0,0.0,1.1214,0.0,0.0,0.0,0.0,0.0,0.0,0.0,0.0,1.5709,1.506,1.645,1.6117,0.0,0.0,0.2355,0.0,0.0,6.0965,0.0,0.0,1.12,0.0,0.0,29.0,29.031,0.0,0.0,0.0,0.0,0.0,0.0,0.0,0.0,45,a,0,2,2,6,1,Nott'm Forest,H,3,1.1751,1.2965,4.5485,0.9406,0.9353,0.823,-0.1129,-0.0282,1.0572,0.0,0.0,1.1567,-0.4016,0.0,0.94,0.9406,0.9353,False
427623,Richards,Crystal Palace,DEF,450,5,0,0,333.2,2825.0,0.1419,0.0351,1.3944,9.2409,0.2014,403.0,0.2859,0.0268,1.4449,8.263,0.0,1.5709,1.506,1.645,1.6117,0.5255,0.1298,5.1623,34.212,0.7456,42.2456,2.42,1.56,41.19,311.0,5.0,453.0,11.4109,1.28,0.12,6.47,37.0,0.0,28.0,403.0,6.2531,50,a,0,5,5,6,1,Nott'm Forest,H,3,1.1751,1.2965,4.1143,1.0,0.979,0.0,-0.12,-0.03,0.1332,0.1261,1.0654,1.2108,-0.4272,0.3879,1.0,1.0,0.979,False
651426,Canvot,Crystal Palace,DEF,360,4,0,0,293.9,1331.0,0.1018,0.0174,1.5638,10.7738,0.444,540.0,0.0533,0.0083,1.45,10.1667,0.3333,1.5709,1.506,1.645,1.6117,0.3323,0.0567,5.1068,35.1825,1.4498,39.1216,1.48,0.33,23.84,169.0,9.0,216.0,11.9801,0.32,0.05,8.7,61.0,2.0,58.0,540.0,9.6667,48,a,0,4,4,6,1,Nott'm Forest,H,3,1.1751,1.2965,3.5998,1.0,0.979,0.0,-0.12,-0.03,0.1436,0.0829,0.5839,1.2108,-0.4272,0.5624,1.0,1.0,0.979,False
244723,Mitchell,Crystal Palace,DEF,419,5,0,0,400.0,3253.0,0.0625,0.0835,1.4746,6.7028,0.1709,495.0,0.0964,0.0636,1.5436,7.6364,0.1818,1.5709,1.506,1.645,1.6117,0.2778,0.371,6.554,29.7901,0.7596,56.132,1.59,2.53,49.78,245.0,8.0,498.0,12.6297,0.53,0.35,8.49,42.0,1.0,67.0,495.0,12.1818,45,a,0,5,5,6,1,Nott'm Forest,H,3,1.1751,1.2965,3.67,1.0,0.9584,0.0,-0.12,-0.03,0.1067,0.251,0.4372,1.2762,-0.3865,0.1037,1.0,1.0,0.9584,False
218364,Sosa,Crystal Palace,DEF,0,0,0,0,18.4,99.0,0.0582,0.0347,0.403,6.1513,0.0,45.0,0.08,0.02,0.14,4.0,0.0,1.5709,1.506,1.645,1.6117,0.0119,0.0071,0.0824,1.2576,0.0,0.4365,0.04,0.0699999999999999,0.9000000000000001,9.0,0.0,9.0,2.1351,0.04,0.01,0.07,2.0,0.0,-4.0,45.0,-8.0,45,u,0,0,0,6,1,Nott'm Forest,H,3,1.1751,1.2965,0.1769,0.0,0.0,0.0,0.0,0.0,0.0,0.0,0.0,0.0,0.0,0.0,0.0,0.0,0.0,False
515621,Chadi Riad,Crystal Palace,DEF,72,1,0,0,140.6,550.0,0.067,0.0235,1.6475,8.4965,0.0,238.0,0.0832,0.0303,1.8,10.2101,0.0,1.5709,1.506,1.645,1.6117,0.1047,0.0367,2.5738,13.2734,0.0,18.8355,0.3299999999999999,0.13,9.09,45.0,0.0,84.0,12.0569,0.22,0.08,4.76,27.0,0.0,26.0,238.0,9.8319,43,i,0,1,1,6,1,Nott'm Forest,H,3,1.1751,1.2965,0.1769,0.0,0.0,0.0,0.0,0.0,0.0,0.0,0.0,0.0,0.0,0.0,0.0,0.0,0.0,False
242313,Mingueza,Crystal Palace,DEF,16,0,1,0,,,,,,,,,,,,,,1.5709,1.506,1.645,1.6117,,,,,,,,,,,,,,,,,,,,,,44,a,1,0,1,6,1,Nott'm Forest,H,3,1.1751,1.2965,2.027,0.5975,0.5055,0.0,-0.0717,-0.0179,0.0338,0.0803,0.1606,0.7487,-0.1868,0.0491,0.5625,0.5975,0.5055,False
232185,Sarr,Crystal Palace,MID,8,0,1,0,299.7,2173.0,0.5182,0.0579,1.3427,5.0226,0.2202,421.0,0.6178,0.0855,1.381,4.0618,0.0,1.5709,1.506,1.645,1.6117,1.7255,0.1928,4.4712,16.7252,0.7331,49.9799,10.93,1.17,31.25,137.0,9.0,359.0,15.009,2.89,0.4,6.46,19.0,0.0,70.0,421.0,14.9644,62,a,1,0,1,6,1,Nott'm Forest,H,3,1.1751,1.2965,3.5141,0.8212,0.551,0.0,-0.0985,-0.0246,0.0711,0.1601,1.6589,0.204,0.0,0.0032,0.675,0.8212,0.551,False
496221,Wharton,Crystal Palace,MID,436,5,0,0,299.5,2552.0,0.0575,0.2962,1.384,11.2346,0.3965,361.0,0.0474,0.359,1.4161,11.9668,0.4986,1.5709,1.506,1.645,1.6117,0.1913,0.9858,4.6058,37.3862,1.3195,64.5607,1.52,7.47,39.08,303.0,8.0,511.0,19.4005,0.19,1.44,5.68,48.0,2.0,92.0,361.0,22.9363,54,a,0,5,5,6,1,Nott'm Forest,H,3,1.1751,1.2965,3.9593,1.0,0.9478,0.0,-0.12,-0.03,0.3237,0.9723,0.3916,0.303,0.0,0.5401,1.0,1.0,0.9478,False
488024,Yeremy,Crystal Palace,MID,307,4,0,0,235.7,2074.0,0.1743,0.2847,1.4324,7.2564,0.0971,283.0,0.1336,0.2131,1.5551,6.6784,0.0,1.5709,1.506,1.645,1.6117,0.4566,0.7456,3.7513,19.0038,0.2544,40.8143,4.53,6.12,30.01,167.0,3.0,331.0,15.5846,0.42,0.67,4.890000000000001,21.0,0.0,41.0,283.0,13.0389,55,a,0,4,4,6,1,Nott'm Forest,H,3,1.1751,1.2965,3.8699,1.0,0.8436,0.0,-0.12,-0.03,0.1023,0.7665,0.8307,0.3058,0.0,0.0456,1.0,1.0,0.8436,False
108413,Hughes,Crystal Palace,MID,29,0,1,0,194.5,1560.0,0.0471,0.1068,1.6686,8.1495,0.0,207.0,0.0,0.1087,1.7609,6.5217,0.0,1.5709,1.506,1.645,1.6117,0.1017,0.2307,3.6061,17.612,0.0,25.5392,1.11,1.94,25.35,148.0,0.0,217.0,11.8176,0.0,0.25,4.05,15.0,0.0,23.0,207.0,10.0,44,a,1,0,1,6,1,Nott'm Forest,H,3,1.1751,1.2965,1.8718,0.7594,0.4595,0.0,-0.0911,-0.0228,0.026,0.2088,0.1909,0.1702,0.0,0.0325,0.5625,0.7594,0.4595,False
152551,Lerma,Crystal Palace,MID,51,0,1,0,262.6,1722.0,0.0944,0.0912,1.5998,11.9095,0.0984,386.0,0.0373,0.1166,1.9236,12.3575,0.0,1.5709,1.506,1.645,1.6117,0.2755,0.2661,4.6678,34.7494,0.2872,43.4037,1.84,1.48,25.11,220.0,3.0,296.0,14.8756,0.16,0.5,8.25,53.0,0.0,56.0,386.0,13.057,48,a,1,0,1,6,1,Nott'm Forest,H,3,1.1751,1.2965,1.9703,0.7594,0.4595,0.0,-0.0911,-0.0228,0.0401,0.1908,0.2933,0.1702,0.0,0.1675,0.5625,0.7594,0.4595,False
209400,Kamada,Crystal Palace,MID,441,5,0,0,241.5,1899.0,0.0717,0.1999,1.4858,10.0686,0.0,406.0,0.0488,0.2571,1.7224,10.4187,0.0,1.5709,1.506,1.645,1.6117,0.1923,0.5363,3.9869,27.0173,0.0,42.3159,1.64,3.24,26.04,208.0,0.0,331.0,15.7699,0.22,1.16,7.77,47.0,0.0,76.0,406.0,16.8473,50,a,0,5,5,6,1,Nott'm Forest,H,3,1.1751,1.2965,3.6034,1.0,0.9533,0.0,-0.12,-0.03,0.1668,0.6875,0.4736,0.3011,0.0,0.3678,1.0,1.0,0.9533,False
489706,Devenny,Crystal Palace,MID,0,0,0,0,110.9,785.0,0.1251,0.0252,2.0189,8.9552,0.0,192.0,0.0,0.0141,2.1844,11.25,0.0,1.5709,1.506,1.645,1.6117,0.1541,0.031,2.4877,11.0348,0.0,13.5849,2.38,0.39,14.71,72.0,0.0,108.0,11.0247,0.0,0.03,4.66,24.0,0.0,27.0,192.0,12.6562,50,u,0,0,0,6,1,Nott'm Forest,H,3,1.1751,1.2965,0.171,0.0,0.0,0.0,0.0,0.0,0.0,0.0,0.0,0.0,0.0,0.0,0.0,0.0,0.0,False
606921,Esse,Crystal Palace,MID,0,0,0,0,1.7,40.0,0.0,0.1429,6.7765,14.13,0.0,0.0,0.0,0.0,0.0,0.0,0.0,1.5709,1.506,1.645,1.6117,0.0,0.0027,0.128,0.2669,0.0,0.599,0.0,0.04,1.7400000000000002,5.0,0.0,12.0,31.7118,0.0,0.0,0.0,0.0,0.0,0.0,0.0,0.0,50,u,0,0,0,6,1,Nott'm Forest,H,3,1.1751,1.2965,0.171,0.0,0.0,0.0,0.0,0.0,0.0,0.0,0.0,0.0,0.0,0.0,0.0,0.0,0.0,False
536694,M.França,Crystal Palace,MID,0,0,0,0,0.0,0.0,0.0,0.0,0.0,0.0,0.0,0.0,0.0,0.0,0.0,0.0,0.0,1.5709,1.506,1.645,1.6117,0.0,0.0,0.0,0.0,0.0,0.0,0.0,0.0,0.0,0.0,0.0,0.0,0.0,0.0,0.0,0.0,0.0,0.0,0.0,0.0,0.0,49,u,0,0,0,6,1,Nott'm Forest,H,3,1.1751,1.2965,0.171,0.0,0.0,0.0,0.0,0.0,0.0,0.0,0.0,0.0,0.0,0.0,0.0,0.0,0.0,False
438464,Doucouré,Crystal Palace,MID,0,0,0,0,0.0,0.0,0.0,0.0,0.0,0.0,0.0,0.0,0.0,0.0,0.0,0.0,0.0,1.5709,1.506,1.645,1.6117,0.0,0.0,0.0,0.0,0.0,0.0,0.0,0.0,0.0,0.0,0.0,0.0,0.0,0.0,0.0,0.0,0.0,0.0,0.0,0.0,0.0,48,a,0,0,0,6,1,Nott'm Forest,H,3,1.1751,1.2965,0.171,0.0,0.0,0.0,0.0,0.0,0.0,0.0,0.0,0.0,0.0,0.0,0.0,0.0,0.0,False
450542,J.Rak-Sakyi,Crystal Palace,MID,0,0,0,0,0.0,0.0,0.0,0.0,0.0,0.0,0.0,0.0,0.0,0.0,0.0,0.0,0.0,1.5709,1.506,1.645,1.6117,0.0,0.0,0.0,0.0,0.0,0.0,0.0,0.0,0.0,0.0,0.0,0.0,0.0,0.0,0.0,0.0,0.0,0.0,0.0,0.0,0.0,49,u,0,0,0,6,1,Nott'm Forest,H,3,1.1751,1.2965,0.171,0.0,0.0,0.0,0.0,0.0,0.0,0.0,0.0,0.0,0.0,0.0,0.0,0.0,0.0,False
590014,Cardines,Crystal Palace,DEF,0,0,0,0,37.8,90.0,0.02,0.1602,2.5326,7.0074,0.0,90.0,0.02,0.16,2.53,7.0,0.0,1.5709,1.506,1.645,1.6117,0.0084,0.0673,1.0637,2.9431,0.0,8.8294,0.02,0.16,2.53,7.0,0.0,21.0,21.0224,0.02,0.16,2.53,7.0,0.0,21.0,90.0,21.0,45,u,0,0,0,6,1,Nott'm Forest,H,3,1.1751,1.2965,0.1769,0.0,0.0,0.0,0.0,0.0,0.0,0.0,0.0,0.0,0.0,0.0,0.0,0.0,0.0,False
672492,Drakes-Thomas,Crystal Palace,MID,0,0,0,0,0.5,7.0,0.0,0.0,11.322,44.082,0.0,0.0,0.0,0.0,0.0,0.0,0.0,1.5709,1.506,1.645,1.6117,0.0,0.0,0.0629,0.2449,0.0,0.4696,0.0,0.0,0.73,3.0,0.0,6.0,84.528,0.0,0.0,0.0,0.0,0.0,0.0,0.0,0.0,45,a,0,0,0,6,1,Nott'm Forest,H,3,1.1751,1.2965,0.171,0.0,0.0,0.0,0.0,0.0,0.0,0.0,0.0,0.0,0.0,0.0,0.0,0.0,0.0,False
247412,Strand Larsen,Crystal Palace,FWD,298,3,0,0,292.1,2301.0,0.2178,0.0648,1.4549,3.8105,0.1374,372.0,0.271,0.0992,1.4976,2.9032,0.0,1.5709,1.506,1.645,1.6117,0.707,0.2102,4.722,12.3673,0.446,30.1253,5.3,1.12,36.03,95.0,3.0,215.0,9.282,1.12,0.41,6.19,12.0,0.0,25.0,372.0,6.0484,60,a,0,3,3,6,1,Nott'm Forest,H,3,1.1751,1.2965,3.3724,0.945,0.8728,0.0,-0.1134,-0.0284,0.1227,0.2693,1.0697,0.0,0.0,0.0023,0.9,0.945,0.8728,False
231747,Mateta,Crystal Palace,FWD,62,1,0,0,194.5,2210.0,0.5842,0.0401,1.5708,4.6477,0.7491,251.0,0.4841,0.0215,1.8143,3.2271,0.3586,1.5709,1.506,1.645,1.6117,1.2625,0.0866,3.3947,10.0442,1.6188,49.4495,14.42,1.32,31.77,125.0,13.0,397.0,22.8815,1.35,0.06,5.0600000000000005,9.0,1.0,63.0,251.0,22.5896,63,i,0,1,1,6,1,Nott'm Forest,H,3,1.1751,1.2965,0.2347,0.0,0.0,0.0,0.0,0.0,0.0,0.0,0.0,0.0,0.0,0.0,0.0,0.0,0.0,False
205533,Nketiah,Crystal Palace,FWD,175,3,0,0,21.3,414.0,0.3211,0.0659,1.9855,8.4469,0.7263,0.0,0.0,0.0,0.0,0.0,0.0,1.5709,1.506,1.645,1.6117,0.076,0.0156,0.4699,1.9991,0.1719,4.6695,1.77,0.4599999999999999,9.49,38.0,3.0,100.0,19.7303,0.0,0.0,0.0,0.0,0.0,0.0,0.0,0.0,55,a,0,3,3,6,1,Nott'm Forest,H,3,1.1751,1.2965,2.7301,0.9313,0.4815,0.0,-0.1118,-0.0279,0.0981,0.2134,0.9109,0.0,0.0,0.0017,0.875,0.9313,0.4815,False
660392,Uche,Crystal Palace,FWD,0,0,0,0,14.0,159.0,0.2886,0.0058,2.3342,7.6944,0.0,0.0,0.0,0.0,0.0,0.0,0.0,1.5709,1.506,1.645,1.6117,0.0449,0.0009,0.3631,1.1969,0.0,2.9193,0.49,0.01,4.63,13.0,0.0,42.0,18.7669,0.0,0.0,0.0,0.0,0.0,0.0,0.0,0.0,50,u,0,0,0,6,1,Nott'm Forest,H,3,1.1751,1.2965,0.2347,0.0,0.0,0.0,0.0,0.0,0.0,0.0,0.0,0.0,0.0,0.0,0.0,0.0,0.0,False
433154,McNeil,Crystal Palace,MID,84,1,0,0,175.8,1161.0,0.1144,0.2065,1.2858,8.8977,0.0905,145.0,0.0807,0.6579,1.3034,10.5517,0.0,1.5709,1.506,1.645,1.6117,0.2234,0.4034,2.5116,17.3801,0.1768,27.6397,1.37,1.91,18.8,111.0,1.0,186.0,14.15,0.13,1.06,2.1,17.0,0.0,22.0,145.0,13.6552,54,a,0,1,1,6,1,Nott'm Forest,H,3,1.1751,1.2965,3.1658,0.8969,0.7528,0.0,-0.1076,-0.0269,0.07,0.6072,0.5524,0.25,0.0,0.1347,0.8125,0.8969,0.7528,False
169593,Matthews,Crystal Palace,GK,0,0,0,0,0.0,0.0,0.0,0.0,0.0,0.0,0.0,0.0,0.0,0.0,0.0,0.0,0.0,1.5709,1.506,1.645,1.6117,0.0,0.0,0.0,0.0,0.0,0.0,0.0,0.0,0.0,0.0,0.0,0.0,0.0,0.0,0.0,0.0,0.0,0.0,0.0,0.0,0.0,40,a,0,0,0,6,1,Nott'm Forest,H,3,1.1751,1.2965,0.1784,0.0,0.0,0.0,0.0,0.0,0.0,0.0,0.0,0.0,0.0,0.0,0.0,0.0,0.0,False
223723,Tomiyasu,Crystal Palace,DEF,189,2,0,0,,,,,,,,,,,,,,1.5709,1.506,1.645,1.6117,,,,,,,,,,,,,,,,,,,,,,44,d,0,2,2,6,1,Nott'm Forest,H,3,1.1751,1.2965,2.8097,0.862,0.8358,0.0,-0.1034,-0.0259,0.095,0.0998,0.1995,1.0337,-0.3636,0.031,0.85,0.862,0.8358,False
570794,Khalaili,Crystal Palace,DEF,379,4,0,0,,,,,,,,,,,,,,1.5709,1.506,1.645,1.6117,,,,,,,,,,,,,,,,,,,,,,50,a,0,4,4,6,1,Nott'm Forest,H,3,1.1751,1.2965,3.2053,1.0,0.9833,0.0,-0.12,-0.03,0.1523,0.0846,0.1693,1.2161,-0.4272,0.0056,1.0,1.0,0.9833,False
559152,Gozo,Crystal Palace,MID,28,0,1,0,,,,,,,,,,,,,,1.5709,1.506,1.645,1.6117,,,,,,,,,,,,,,,,,,,,,,50,a,1,0,1,6,1,Nott'm Forest,H,3,1.1751,1.2965,2.1835,0.7594,0.4595,0.0,-0.0911,-0.0228,0.0682,0.2509,0.4182,0.1702,0.0,0.0005,0.5625,0.7594,0.4595,False
605972,Ahanor,Crystal Palace,DEF,90,1,0,0,,,,,,,,,,,,,,1.5709,1.506,1.645,1.6117,,,,,,,,,,,,,,,,,,,,,,45,a,0,1,1,6,1,Nott'm Forest,H,3,1.1751,1.2965,2.7433,0.8275,0.7955,0.0,-0.0993,-0.0248,0.0882,0.1144,0.2288,0.9838,-0.3477,0.0766,0.8125,0.8275,0.7955,False
172850,Chilwell,Crystal Palace,DEF,29,0,1,0,,,,,,,,,,,,,,1.5709,1.506,1.645,1.6117,,,,,,,,,,,,,,,,,,,,,,45,a,1,0,1,6,1,Nott'm Forest,H,3,1.1751,1.2965,2.0183,0.5975,0.5055,0.0,-0.0717,-0.0179,0.0334,0.0776,0.1551,0.7487,-0.1868,0.0413,0.5625,0.5975,0.5055,False
450063,Timber,Crystal Palace,MID,253,3,0,0,,,,,,,,,,,,,,1.5709,1.506,1.645,1.6117,,,,,,,,,,,,,,,,,,,,,,50,a,0,3,3,6,1,Nott'm Forest,H,3,1.1751,1.2965,2.8683,0.9313,0.8128,0.0,-0.1118,-0.0279,0.1427,0.2555,0.4258,0.2689,0.0,0.0001,0.875,0.9313,0.8128,False
533646,Osorio,Crystal Palace,MID,1,0,1,0,,,,,,,,,,,,,,1.5709,1.506,1.645,1.6117,,,,,,,,,,,,,,,,,,,,,,55,a,1,0,1,6,1,Nott'm Forest,H,3,1.1751,1.2965,2.237,0.7594,0.4595,0.0,-0.0911,-0.0228,0.0702,0.2702,0.4504,0.1702,0.0,0.0008,0.5625,0.7594,0.4595,False
128295,Nørgaard,Everton,MID,0,0,0,0,25.4,101.0,0.0514,0.0595,0.7281,10.8748,0.0,45.0,0.06,0.08,0.1,10.0,0.0,1.2897,1.4949,1.36,1.4233,0.0145,0.0168,0.2055,3.0691,0.0,5.6915,0.08,0.04,2.28,16.0,0.0,28.0,20.1667,0.03,0.04,0.05,5.0,0.0,9.0,45.0,18.0,49,i,0,0,0,6,1,Hull City,A,2,1.1355,1.1342,0.171,0.0,0.0,0.0,0.0,0.0,0.0,0.0,0.0,0.0,0.0,0.0,0.0,0.0,0.0,False
242898,Johnson,Everton,MID,238,3,0,0,257.6,1710.0,0.1017,0.0798,1.5098,6.6681,0.013,423.0,0.1298,0.083,1.534,7.0213,0.0,1.2897,1.4949,1.36,1.4233,0.2912,0.2283,4.3214,19.0855,0.0372,24.5234,2.45,1.31,28.29,121.0,2.0,217.0,8.568,0.61,0.39,7.21,33.0,0.0,28.0,423.0,5.9574,59,a,0,3,3,6,1,Hull City,A,2,1.1355,1.1342,2.8753,0.9313,0.7753,0.0,-0.1118,-0.0279,0.0694,0.2499,0.5106,0.3075,0.0,0.0251,0.875,0.9313,0.7753,False
111234,Pickford,Everton,GK,450,5,0,0,439.0,3420.0,0.0,0.006,1.4949,0.0,0.1382,540.0,0.0,0.0083,1.4233,0.0,0.0,1.2897,1.4949,1.36,1.4233,0.0,0.0292,7.2917,0.0,0.6741,55.6816,0.0,0.2,56.24,0.0,11.0,545.0,11.4154,0.0,0.05,8.54,0.0,0.0,41.0,540.0,6.8333,55,a,0,5,5,6,1,Hull City,A,2,1.1355,1.1342,4.2162,1.0,0.995,0.8636,-0.12,-0.03,0.2548,0.0196,0.0,1.4084,-0.3536,0.0,1.0,1.0,0.995,False
229600,Travers,Everton,GK,0,0,0,0,0.0,0.0,0.0,0.0,0.0,0.0,0.0,0.0,0.0,0.0,0.0,0.0,0.0,1.2897,1.4949,1.36,1.4233,0.0,0.0,0.0,0.0,0.0,0.0,0.0,0.0,0.0,0.0,0.0,0.0,0.0,0.0,0.0,0.0,0.0,0.0,0.0,0.0,0.0,50,a,0,0,0,6,1,Hull City,A,2,1.1355,1.1342,0.1784,0.0,0.0,0.0,0.0,0.0,0.0,0.0,0.0,0.0,0.0,0.0,0.0,0.0,0.0,False
138001,King,Everton,GK,0,0,0,0,0.0,0.0,0.0,0.0,0.0,0.0,0.0,0.0,0.0,0.0,0.0,0.0,0.0,1.2897,1.4949,1.36,1.4233,0.0,0.0,0.0,0.0,0.0,0.0,0.0,0.0,0.0,0.0,0.0,0.0,0.0,0.0,0.0,0.0,0.0,0.0,0.0,0.0,0.0,45,a,0,0,0,6,1,Hull City,A,2,1.1355,1.1342,0.1784,0.0,0.0,0.0,0.0,0.0,0.0,0.0,0.0,0.0,0.0,0.0,0.0,0.0,0.0,False
17761,Tarkowski,Everton,DEF,450,5,0,0,420.1,3330.0,0.0808,0.0736,1.4405,9.5284,0.4217,540.0,0.075,0.13,1.4233,8.6667,0.5,1.2897,1.4949,1.36,1.4233,0.3772,0.3437,6.7241,44.4766,1.9684,68.2474,2.53,2.1,53.54,376.0,12.0,592.0,14.621,0.45,0.78,8.54,52.0,3.0,70.0,540.0,11.6667,61,a,0,5,5,6,1,Hull City,A,2,1.1355,1.1342,4.0911,1.0,0.9802,0.0,-0.12,-0.03,0.2553,0.2744,0.5205,1.3874,-0.3536,0.3565,1.0,1.0,0.9802,False
480455,Branthwaite,Everton,DEF,450,5,0,0,125.2,678.0,0.0431,0.0136,1.3248,9.3931,0.0,86.0,0.0,0.0209,1.193,11.5116,0.0,1.2897,1.4949,1.36,1.4233,0.0599,0.0189,1.8429,13.0668,0.0,20.2004,0.3399999999999999,0.11,9.43,67.0,0.0,108.0,14.5211,0.0,0.02,1.14,11.0,0.0,14.0,86.0,14.6512,55,a,0,5,5,6,1,Hull City,A,2,1.1355,1.1342,3.6692,1.0,0.9802,0.0,-0.12,-0.03,0.2379,0.0909,0.2995,1.3874,-0.3536,0.3253,1.0,1.0,0.9802,False
106611,Keane,Everton,DEF,0,0,0,0,314.5,2588.0,0.0719,0.0375,1.545,10.3034,0.1139,453.0,0.0656,0.0576,1.4702,8.7417,0.0,1.2897,1.4949,1.36,1.4233,0.2513,0.1311,5.399,36.0047,0.398,40.1883,2.3,0.49,44.52,302.0,8.0,404.0,11.5006,0.33,0.29,7.4,44.0,0.0,24.0,453.0,4.7682,48,a,0,0,0,6,1,Hull City,A,2,1.1355,1.1342,0.1769,0.0,0.0,0.0,0.0,0.0,0.0,0.0,0.0,0.0,0.0,0.0,0.0,0.0,0.0,False
512462,O'Brien,Everton,DEF,16,0,1,0,394.8,3118.0,0.0794,0.0287,1.5625,6.3538,0.0305,482.0,0.1363,0.028,1.4882,5.6017,0.0,1.2897,1.4949,1.36,1.4233,0.3482,0.1261,6.8541,27.8721,0.1338,34.9463,1.6700000000000002,1.0,53.49,231.0,2.0,368.0,7.9665,0.7300000000000001,0.15,7.97,30.0,0.0,6.0,482.0,1.1203,48,a,1,0,1,6,1,Hull City,A,2,1.1355,1.1342,2.6457,0.701,0.6103,0.0,-0.0841,-0.021,0.0419,0.0602,0.3293,1.0149,-0.1837,0.0174,0.675,0.701,0.6103,False
224967,Mykolenko,Everton,DEF,450,5,0,0,407.0,2959.0,0.0048,0.0596,1.5042,6.9054,0.0605,540.0,0.0,0.025,1.4233,6.8333,0.0,1.2897,1.4949,1.36,1.4233,0.0219,0.2697,6.8025,31.2279,0.2734,41.7298,0.2799999999999999,2.46,48.41,231.0,2.0,350.0,9.2277,0.0,0.15,8.54,41.0,0.0,23.0,540.0,3.8333,46,a,0,5,5,6,1,Hull City,A,2,1.1355,1.1342,3.3959,1.0,0.9802,0.0,-0.12,-0.03,0.1106,0.1793,0.0651,1.3874,-0.3536,0.1171,1.0,1.0,0.9802,False
243571,Patterson,Everton,DEF,0,0,0,0,24.1,238.0,0.0082,0.0172,1.4945,12.2635,0.0,1.0,0.0,0.0,10.8,90.0,0.0,1.2897,1.4949,1.36,1.4233,0.0022,0.0046,0.4002,3.2839,0.0,6.1736,0.03,0.04,3.67,31.0,0.0,67.0,23.0549,0.0,0.0,0.12,1.0,0.0,-1.0,1.0,-90.0,45,u,0,0,0,6,1,Hull City,A,2,1.1355,1.1342,0.1769,0.0,0.0,0.0,0.0,0.0,0.0,0.0,0.0,0.0,0.0,0.0,0.0,0.0,0.0,False
499300,Aznou,Everton,DEF,0,0,0,0,0.0,0.0,0.0,0.0,0.0,0.0,0.0,0.0,0.0,0.0,0.0,0.0,0.0,1.2897,1.4949,1.36,1.4233,0.0,0.0,0.0,0.0,0.0,0.0,0.0,0.0,0.0,0.0,0.0,0.0,0.0,0.0,0.0,0.0,0.0,0.0,0.0,0.0,0.0,40,u,0,0,0,6,1,Hull City,A,2,1.1355,1.1342,0.1769,0.0,0.0,0.0,0.0,0.0,0.0,0.0,0.0,0.0,0.0,0.0,0.0,0.0,0.0,False
215413,Dewsbury-Hall,Everton,MID,450,5,0,0,374.4,2629.0,0.1621,0.1706,1.4641,8.0712,0.4994,533.0,0.1081,0.2144,1.4201,8.1051,0.3377,1.2897,1.4949,1.36,1.4233,0.6744,0.7099,6.0908,33.5761,2.0775,82.3565,4.35,5.34,40.38,230.0,18.0,598.0,19.7972,0.64,1.27,8.41,48.0,2.0,106.0,533.0,17.8987,66,a,0,5,5,6,1,Hull City,A,2,1.1355,1.1342,4.0825,1.0,0.964,0.0,-0.12,-0.03,0.2996,0.5961,0.8607,0.3411,0.0,0.1572,1.0,1.0,0.964,False
114283,Grealish,Everton,MID,135,1,0,0,78.9,1627.0,0.1093,0.138,1.4512,7.1458,0.5682,0.0,0.0,0.0,0.0,0.0,0.0,1.2897,1.4949,1.36,1.4233,0.0958,0.121,1.2722,6.2645,0.4981,15.4291,2.05,3.37,25.81,135.0,12.0,356.0,17.5997,0.0,0.0,0.0,0.0,0.0,0.0,0.0,0.0,65,a,0,1,1,6,1,Hull City,A,2,1.1355,1.1342,3.1006,0.8969,0.7896,0.0,-0.1076,-0.0269,0.131,0.4054,0.5618,0.2794,0.0,0.0769,0.8125,0.8969,0.7896,False
232928,Garner,Everton,MID,328,4,0,0,438.5,3413.0,0.0391,0.1876,1.4958,11.9275,0.2202,540.0,0.0217,0.195,1.4233,10.5,0.0,1.2897,1.4949,1.36,1.4233,0.1903,0.9142,7.2879,58.1135,1.0731,103.8127,2.1,6.18,56.18,458.0,13.0,818.0,21.3071,0.13,1.17,8.54,63.0,0.0,117.0,540.0,19.5,60,a,0,4,4,6,1,Hull City,A,2,1.1355,1.1342,3.5292,1.0,0.9134,0.0,-0.12,-0.03,0.4199,0.5735,0.2494,0.352,0.0,0.418,1.0,1.0,0.9134,False
550615,George,Everton,MID,309,4,0,0,54.6,351.0,0.1345,0.6012,2.0156,8.1402,0.0,90.0,0.1,1.02,1.56,9.0,0.0,1.2897,1.4949,1.36,1.4233,0.0816,0.3647,1.2228,4.9384,0.0,15.7455,0.64,1.19,6.49,23.0,0.0,55.0,25.9541,0.1,1.02,1.56,9.0,0.0,33.0,90.0,33.0,55,a,0,4,4,6,1,Hull City,A,2,1.1355,1.1342,4.4583,1.0,0.8593,0.0,-0.12,-0.03,0.4207,1.1195,0.6892,0.3486,0.0,0.0205,1.0,1.0,0.8593,False
502697,Alcaraz,Everton,MID,5,0,1,0,36.9,679.0,0.2712,0.1622,1.8507,13.4102,0.0,12.0,0.975,0.75,3.975,45.0,0.0,1.2897,1.4949,1.36,1.4233,0.1112,0.0665,0.7588,5.4982,0.0,9.9709,1.17,0.54,13.56,70.0,0.0,121.0,24.3193,0.13,0.0999999999999999,0.53,6.0,0.0,10.0,12.0,75.0,49,a,1,0,1,6,1,Hull City,A,2,1.1355,1.1342,2.5565,0.7594,0.4653,0.0,-0.0911,-0.0228,0.1185,0.282,0.6807,0.1934,0.0,0.1343,0.5625,0.7594,0.4653,False
609873,Armstrong,Everton,MID,446,5,0,0,73.6,524.0,0.1395,0.0361,1.9344,7.5475,0.0,29.0,0.0,0.031,0.4345,0.0,0.0,1.2897,1.4949,1.36,1.4233,0.1141,0.0295,1.5819,6.1722,0.0,12.3255,0.79,0.22,10.93,50.0,0.0,84.0,15.0719,0.0,0.01,0.1399999999999999,0.0,0.0,6.0,29.0,18.6207,50,a,0,5,5,6,1,Hull City,A,2,1.1355,1.1342,3.5471,1.0,0.9606,0.0,-0.12,-0.03,0.1461,0.2775,0.799,0.3428,0.0,0.05,1.0,1.0,0.9606,False
496661,Dibling,Everton,MID,24,0,1,0,25.2,349.0,0.0571,0.045,1.9021,9.5036,0.0,0.0,0.0,0.0,0.0,0.0,0.0,1.2897,1.4949,1.36,1.4233,0.016,0.0126,0.5326,2.661,0.0,3.5743,0.2,0.14,6.65,40.0,0.0,49.0,12.7654,0.0,0.0,0.0,0.0,0.0,0.0,0.0,0.0,54,a,1,0,1,6,1,Hull City,A,2,1.1355,1.1342,1.9869,0.7594,0.4653,0.0,-0.0911,-0.0228,0.0398,0.1704,0.3015,0.1934,0.0,0.0176,0.5625,0.7594,0.4653,False
513466,Röhl,Everton,MID,249,3,0,0,143.7,675.0,0.0578,0.0463,1.7168,7.1536,0.4829,317.0,0.0483,0.0397,1.4451,5.6782,0.5678,1.2897,1.4949,1.36,1.4233,0.0923,0.074,2.7412,11.4219,0.7711,23.405,0.67,0.35,13.31,68.0,2.0,98.0,14.6587,0.17,0.14,5.09,20.0,2.0,50.0,317.0,14.1956,49,i,0,3,3,6,1,Hull City,A,2,1.1355,1.1342,0.171,0.0,0.0,0.0,0.0,0.0,0.0,0.0,0.0,0.0,0.0,0.0,0.0,0.0,0.0,False
244860,Hackney,Everton,MID,137,1,0,0,,,,,,,,,,,,,,1.2897,1.4949,1.36,1.4233,,,,,,,,,,,,,,,,,,,,,,54,a,0,1,1,6,1,Hull City,A,2,1.1355,1.1342,3.0102,0.8969,0.7896,0.0,-0.1076,-0.0269,0.1761,0.3119,0.5198,0.2794,0.0,0.0004,0.8125,0.8969,0.7896,False
486385,Beto,Everton,FWD,31,0,1,0,215.3,1551.0,0.4799,0.0104,1.2589,4.9624,1.3641,282.0,0.3734,0.0032,1.2702,4.4681,1.5957,1.2897,1.4949,1.36,1.4233,1.1481,0.0249,3.0116,11.8712,3.2633,64.2194,8.9,0.23,24.16,89.0,15.0,343.0,26.8451,1.17,0.01,3.98,14.0,5.0,71.0,282.0,22.6596,54,u,1,0,1,6,1,Hull City,A,2,1.1355,1.1342,0.2347,0.0,0.0,0.0,0.0,0.0,0.0,0.0,0.0,0.0,0.0,0.0,0.0,0.0,0.0,False
586309,Barry,Everton,FWD,417,5,0,0,225.5,1898.0,0.4888,0.023,1.7531,4.3358,0.6211,253.0,0.7257,0.0213,1.6257,5.6917,0.7115,1.2897,1.4949,1.36,1.4233,1.2246,0.0576,4.3924,10.8635,1.5561,45.1313,8.17,0.44,33.49,74.0,9.0,295.0,18.0125,2.04,0.06,4.57,16.0,2.0,67.0,253.0,23.834,56,a,0,5,5,6,1,Hull City,A,2,1.1355,1.1342,4.651,1.0,0.9254,0.0,-0.12,-0.03,0.4389,0.1408,2.0612,0.0,0.0,0.002,1.0,1.0,0.9254,False
154043,Maitland-Niles,Everton,DEF,177,2,0,0,,,,,,,,,,,,,,1.2897,1.4949,1.36,1.4233,,,,,,,,,,,,,,,,,,,,,,45,a,0,2,2,6,1,Hull City,A,2,1.1355,1.1342,3.0597,0.862,0.8301,0.0,-0.1034,-0.0259,0.1354,0.0949,0.1897,1.1938,-0.2938,0.0205,0.85,0.862,0.8301,False
629068,Graham,Everton,MID,0,0,0,0,0.0,0.0,0.0,0.0,0.0,0.0,0.0,0.0,0.0,0.0,0.0,0.0,0.0,1.2897,1.4949,1.36,1.4233,0.0,0.0,0.0,0.0,0.0,0.0,0.0,0.0,0.0,0.0,0.0,0.0,0.0,0.0,0.0,0.0,0.0,0.0,0.0,0.0,0.0,45,a,0,0,0,6,1,Hull City,A,2,1.1355,1.1342,0.171,0.0,0.0,0.0,0.0,0.0,0.0,0.0,0.0,0.0,0.0,0.0,0.0,0.0,0.0,False
80201,Leno,Fulham,GK,450,5,0,0,439.0,3420.0,0.0,0.0016,1.3598,0.0,0.2978,540.0,0.0,0.0033,1.3533,0.0,0.6667,1.3749,1.3598,1.1867,1.3533,0.0,0.0077,6.6327,0.0,1.4528,83.2964,0.0,0.02,52.73,0.0,8.0,556.0,17.0767,0.0,0.02,8.12,0.0,4.0,135.0,540.0,22.5,45,a,0,5,5,6,1,Ipswich Town,A,2,1.1355,1.0402,4.6576,1.0,0.995,0.8636,-0.12,-0.03,0.5516,0.0058,0.0,1.525,-0.312,0.0,1.0,1.0,0.995,False
86873,Lecomte,Fulham,GK,0,0,0,0,0.0,0.0,0.0,0.0,0.0,0.0,0.0,0.0,0.0,0.0,0.0,0.0,0.0,1.3749,1.3598,1.1867,1.3533,0.0,0.0,0.0,0.0,0.0,0.0,0.0,0.0,0.0,0.0,0.0,0.0,0.0,0.0,0.0,0.0,0.0,0.0,0.0,0.0,0.0,40,a,0,0,0,6,1,Ipswich Town,A,2,1.1355,1.0402,0.1784,0.0,0.0,0.0,0.0,0.0,0.0,0.0,0.0,0.0,0.0,0.0,0.0,0.0,0.0,False
505079,McNally,Fulham,GK,0,0,0,0,0.0,0.0,0.0,0.0,0.0,0.0,0.0,0.0,0.0,0.0,0.0,0.0,0.0,1.3749,1.3598,1.1867,1.3533,0.0,0.0,0.0,0.0,0.0,0.0,0.0,0.0,0.0,0.0,0.0,0.0,0.0,0.0,0.0,0.0,0.0,0.0,0.0,0.0,0.0,40,u,0,0,0,6,1,Ipswich Town,A,2,1.1355,1.0402,0.1784,0.0,0.0,0.0,0.0,0.0,0.0,0.0,0.0,0.0,0.0,0.0,0.0,0.0,0.0,False
174874,Andersen,Fulham,DEF,190,2,0,0,314.8,2882.0,0.0416,0.0414,1.4957,9.7535,0.3257,321.0,0.0308,0.0112,1.5981,10.0935,0.8411,1.3749,1.3598,1.1867,1.3533,0.1456,0.1449,5.2317,34.1156,1.1391,44.2329,1.43,1.83,44.88,329.0,8.0,424.0,12.646,0.11,0.04,5.7,36.0,3.0,55.0,321.0,15.4206,50,a,0,2,2,6,1,Ipswich Town,A,2,1.1355,1.0402,3.4325,0.908,0.8841,0.0,-0.109,-0.0272,0.1454,0.1212,0.259,1.3551,-0.281,0.3961,0.9,0.908,0.8841,False
169528,Robinson,Fulham,DEF,429,5,0,0,272.4,1487.0,0.1126,0.0742,1.4407,8.4401,0.4878,378.0,0.2024,0.0595,1.6143,7.8571,0.7143,1.3749,1.3598,1.1867,1.3533,0.3407,0.2247,4.3605,25.5453,1.4765,55.1172,1.07,1.58,24.12,136.0,7.0,280.0,18.2105,0.8500000000000001,0.25,6.779999999999999,33.0,3.0,89.0,378.0,21.1905,45,a,0,5,5,6,1,Ipswich Town,A,2,1.1355,1.0402,4.5447,1.0,0.9647,0.0,-0.12,-0.03,0.3652,0.2184,0.7191,1.5413,-0.2909,0.1926,1.0,1.0,0.9647,False
246301,J.Cuenca,Fulham,DEF,90,1,0,0,81.3,935.0,0.0063,0.0695,1.5337,12.4045,0.0823,4.0,0.0,0.0,2.475,67.5,0.0,1.3749,1.3598,1.1867,1.3533,0.0057,0.0628,1.3854,11.2054,0.0743,12.7036,0.05,0.53,14.7,117.0,1.0,155.0,14.063,0.0,0.0,0.11,3.0,0.0,0.0,4.0,0.0,45,a,0,1,1,6,1,Ipswich Town,A,2,1.1355,1.0402,3.0669,0.8275,0.7946,0.0,-0.0993,-0.0248,0.1488,0.1779,0.1012,1.2179,-0.2539,0.5486,0.8125,0.8275,0.7946,False
167074,Tete,Fulham,DEF,27,0,1,0,135.8,1791.0,0.0704,0.0856,1.2499,8.1491,0.1994,0.0,0.0,0.0,0.0,0.0,0.0,1.3749,1.3598,1.1867,1.3533,0.1063,0.1291,1.8859,12.2961,0.3009,23.4488,0.92,1.46,25.79,165.0,5.0,318.0,15.5404,0.0,0.0,0.0,0.0,0.0,0.0,0.0,0.0,44,a,1,0,1,6,1,Ipswich Town,A,2,1.1355,1.0402,2.3338,0.5975,0.5023,0.0,-0.0717,-0.0179,0.0401,0.1295,0.2177,0.8941,-0.1347,0.0502,0.5625,0.5975,0.5023,False
232892,Bassey,Fulham,DEF,450,5,0,0,356.9,2532.0,0.0526,0.0133,1.3132,6.5553,0.2092,540.0,0.0117,0.0133,1.3533,5.1667,0.0,1.3749,1.3598,1.1867,1.3533,0.2084,0.0527,5.2074,25.9954,0.8295,66.6142,1.71,0.35,38.01,205.0,9.0,392.0,16.7982,0.07,0.08,8.12,31.0,0.0,118.0,540.0,19.6667,45,a,0,5,5,6,1,Ipswich Town,A,2,1.1355,1.0402,3.8194,1.0,0.9779,0.0,-0.12,-0.03,0.2549,0.0628,0.3101,1.4988,-0.312,0.0817,1.0,1.0,0.9779,False
166477,Castagne,Fulham,DEF,408,5,0,0,307.6,1838.0,0.0622,0.1031,1.4356,6.4856,0.3258,532.0,0.0491,0.115,1.3669,5.2444,0.5075,1.3749,1.3598,1.1867,1.3533,0.2127,0.3524,4.9066,22.1663,1.1135,63.235,1.5,1.47,32.660000000000004,146.0,3.0,294.0,18.5018,0.29,0.68,8.08,31.0,3.0,127.0,532.0,21.485,45,a,0,5,5,6,1,Ipswich Town,A,2,1.1355,1.0402,4.2536,1.0,0.9445,0.0,-0.12,-0.03,0.3262,0.2946,0.358,1.5734,-0.27,0.0488,1.0,1.0,0.9445,False
153133,Iwobi,Fulham,MID,408,5,0,0,278.5,2420.0,0.1112,0.1929,1.1659,7.5449,0.452,198.0,0.2409,0.1591,0.6,9.0909,0.0,1.3749,1.3598,1.1867,1.3533,0.3441,0.5968,3.6079,23.3474,1.3987,59.6767,1.91,4.7,35.7,188.0,13.0,508.0,19.2851,0.53,0.35,1.32,20.0,0.0,38.0,198.0,17.2727,54,a,0,5,5,6,1,Ipswich Town,A,2,1.1355,1.0402,3.7526,1.0,0.899,0.0,-0.12,-0.03,0.2288,0.5678,0.6615,0.3744,0.0,0.0749,1.0,1.0,0.899,False
209289,Smith Rowe,Fulham,MID,38,0,1,0,285.5,1909.0,0.1597,0.0404,1.3676,7.0109,0.0197,412.0,0.0633,0.0218,1.2299,6.9903,0.0,1.3749,1.3598,1.1867,1.3533,0.5065,0.1281,4.3382,22.2402,0.0625,45.7094,4.71,1.12,31.27,148.0,1.0,351.0,14.4093,0.29,0.1,5.63,32.0,0.0,66.0,412.0,14.4175,54,a,1,0,1,6,1,Ipswich Town,A,2,1.1355,1.0402,2.3077,0.8212,0.544,0.0,-0.0985,-0.0246,0.0484,0.1154,0.4888,0.2421,0.0,0.0163,0.675,0.8212,0.544,False
560552,Kevin,Fulham,MID,61,0,1,0,115.9,1030.0,0.0975,0.0978,1.2008,7.4388,0.0,132.0,0.0614,0.0477,1.0636,7.5,0.0,1.3749,1.3598,1.1867,1.3533,0.1256,0.1259,1.5463,9.5795,0.0,21.2554,1.21,1.4700000000000002,14.57,86.0,0.0,183.0,16.5055,0.09,0.07,1.56,11.0,0.0,25.0,132.0,17.0455,53,a,1,0,1,6,1,Ipswich Town,A,2,1.1355,1.0402,2.0301,0.7594,0.4537,0.0,-0.0911,-0.0228,0.0495,0.19,0.3184,0.2019,0.0,0.0141,0.5625,0.7594,0.4537,False
477555,Bobb,Fulham,MID,343,5,0,0,163.8,1030.0,0.1572,0.1771,1.1264,6.8711,0.0,226.0,0.1314,0.215,1.2027,7.1681,0.0,1.3749,1.3598,1.1867,1.3533,0.2861,0.3223,2.0501,12.5054,0.0,28.5639,1.4700000000000002,2.1,12.71,76.0,0.0,182.0,15.6945,0.33,0.54,3.02,18.0,0.0,43.0,226.0,17.1239,55,a,0,5,5,6,1,Ipswich Town,A,2,1.1355,1.0402,3.2113,1.0,0.6634,0.0,-0.12,-0.03,0.1005,0.4491,0.6623,0.315,0.0,0.0082,1.0,1.0,0.6634,False
207189,Berge,Fulham,MID,349,4,0,0,318.6,2904.0,0.0553,0.0521,1.188,8.5519,0.0817,225.0,0.088,0.072,0.632,6.8,0.0,1.3749,1.3598,1.1867,1.3533,0.1956,0.1845,4.2056,30.2739,0.2892,54.0085,1.54,1.5,43.09,280.0,3.0,503.0,15.2566,0.22,0.18,1.58,17.0,0.0,27.0,225.0,10.8,49,a,0,4,4,6,1,Ipswich Town,A,2,1.1355,1.0402,3.084,1.0,0.9452,0.0,-0.12,-0.03,0.1435,0.2173,0.3849,0.3721,0.0,0.1601,1.0,1.0,0.9452,False
76357,Cairney,Fulham,MID,0,0,0,0,116.4,756.0,0.1349,0.1392,1.1288,7.7854,0.0627,211.0,0.1109,0.1919,0.7038,7.2512,0.0,1.3749,1.3598,1.1867,1.3533,0.1745,0.18,1.4599,10.0691,0.0811,33.223,1.21,0.8099999999999999,11.67,61.0,1.0,181.0,25.6879,0.26,0.45,1.65,17.0,0.0,62.0,211.0,26.4455,49,i,0,0,0,6,1,Ipswich Town,A,2,1.1355,1.0402,0.171,0.0,0.0,0.0,0.0,0.0,0.0,0.0,0.0,0.0,0.0,0.0,0.0,0.0,0.0,False
577725,King,Fulham,MID,425,5,0,0,131.6,1290.0,0.2264,0.0554,1.404,8.1273,0.4704,118.0,0.1144,0.0992,1.9907,8.3898,0.0,1.3749,1.3598,1.1867,1.3533,0.331,0.081,2.0529,11.8839,0.6878,31.5993,2.47,0.66,18.97,107.0,3.0,225.0,21.6105,0.15,0.13,2.6100000000000003,11.0,0.0,33.0,118.0,25.1695,55,a,0,5,5,6,1,Ipswich Town,A,2,1.1355,1.0402,3.9865,1.0,0.9299,0.0,-0.12,-0.03,0.3186,0.2547,1.0879,0.3744,0.0,0.0957,1.0,1.0,0.9299,False
184349,Sessegnon,Fulham,DEF,50,0,1,0,166.9,1816.0,0.1104,0.08,1.2161,11.2386,0.572,160.0,0.2475,0.0281,0.7537,9.5625,1.6875,1.3749,1.3598,1.1867,1.3533,0.2048,0.1483,2.2552,20.8414,1.0607,33.5369,1.6,1.8,26.33,218.0,8.0,332.0,18.0846,0.44,0.05,1.34,17.0,3.0,46.0,160.0,25.875,43,a,1,0,1,6,1,Ipswich Town,A,2,1.1355,1.0402,2.9449,0.701,0.6027,0.0,-0.0841,-0.021,0.0936,0.1372,0.4271,1.0728,-0.1613,0.1849,0.675,0.701,0.6027,False
153366,Reed,Fulham,MID,0,0,0,0,23.7,89.0,0.0919,0.289,3.8214,5.6571,0.6714,63.0,0.0,0.1286,4.1714,5.7143,0.0,1.3749,1.3598,1.1867,1.3533,0.0242,0.0761,1.0063,1.4897,0.1768,6.4924,0.13,0.4499999999999999,3.43,6.0,2.0,48.0,24.6547,0.0,0.09,2.92,4.0,0.0,7.0,63.0,10.0,44,a,0,0,0,6,1,Ipswich Town,A,2,1.1355,1.0402,0.171,0.0,0.0,0.0,0.0,0.0,0.0,0.0,0.0,0.0,0.0,0.0,0.0,0.0,0.0,False
244042,Muniz,Fulham,FWD,38,0,1,0,189.2,987.0,0.3299,0.0173,1.0508,4.1577,0.0243,334.0,0.3045,0.0081,0.8165,3.2335,0.0,1.3749,1.3598,1.1867,1.3533,0.6935,0.0363,2.2091,8.7405,0.0511,13.3501,3.3,0.15,13.83,52.0,3.0,94.0,6.3505,1.13,0.03,3.03,12.0,0.0,22.0,334.0,5.9281,54,a,1,0,1,6,1,Ipswich Town,A,2,1.1355,1.0402,2.258,0.7594,0.4537,0.0,-0.0911,-0.0228,0.0554,0.0939,0.7748,0.0,0.0,0.0001,0.5625,0.7594,0.4537,False
631786,Kusi-Asare,Fulham,FWD,0,0,0,0,8.3,49.0,0.0,0.0499,2.019,12.343,0.0,19.0,0.0,0.0,1.6579,14.2105,0.0,1.3749,1.3598,1.1867,1.3533,0.0,0.0046,0.1862,1.1383,0.0,3.4485,0.0,0.07,1.1,5.0,0.0,19.0,37.3934,0.0,0.0,0.35,3.0,0.0,8.0,19.0,37.8947,45,a,0,0,0,6,1,Ipswich Town,A,2,1.1355,1.0402,0.2347,0.0,0.0,0.0,0.0,0.0,0.0,0.0,0.0,0.0,0.0,0.0,0.0,0.0,0.0,False
551466,Gonzalo,Fulham,FWD,425,5,0,0,,,,,,,,,,,,,,1.3749,1.3598,1.1867,1.3533,,,,,,,,,,,,,,,,,,,,,,60,a,0,5,5,6,1,Ipswich Town,A,2,1.1355,1.0402,3.1048,1.0,0.9299,0.0,-0.12,-0.03,0.1942,0.2179,0.678,0.0,0.0,0.0,1.0,1.0,0.9299,False
571779,Palacios,Fulham,MID,226,3,0,0,,,,,,,,,,,,,,1.3749,1.3598,1.1867,1.3533,,,,,,,,,,,,,,,,,,,,,,54,a,0,3,3,6,1,Ipswich Town,A,2,1.1355,1.0402,2.7622,0.9313,0.7098,0.0,-0.1118,-0.0279,0.1582,0.2313,0.3855,0.3148,0.0,0.0,0.875,0.9313,0.7098,False
463210,Charles,Fulham,MID,303,3,0,0,,,,,,,,,,,,,,1.3749,1.3598,1.1867,1.3533,,,,,,,,,,,,,,,,,,,,,,50,a,0,3,3,6,1,Ipswich Town,A,2,1.1355,1.0402,2.9703,0.9313,0.8472,0.0,-0.1118,-0.0279,0.1735,0.2484,0.414,0.3246,0.0,0.0,0.875,0.9313,0.8472,False
547686,De Fougerolles,Fulham,DEF,0,0,0,0,,,,,,,,,,,,,,1.3749,1.3598,1.1867,1.3533,,,,,,,,,,,,,,,,,,,,,,40,u,0,0,0,6,1,Ipswich Town,A,2,1.1355,1.0402,0.1769,0.0,0.0,0.0,0.0,0.0,0.0,0.0,0.0,0.0,0.0,0.0,0.0,0.0,0.0,False
616069,Zepa,Fulham,MID,0,0,0,0,,,,,,,,,,,,,,1.3749,1.3598,1.1867,1.3533,,,,,,,,,,,,,,,,,,,,,,45,a,0,0,0,6,1,Ipswich Town,A,2,1.1355,1.0402,0.171,0.0,0.0,0.0,0.0,0.0,0.0,0.0,0.0,0.0,0.0,0.0,0.0,0.0,0.0,False
551050,Larsson,Fulham,MID,37,0,1,0,,,,,,,,,,,,,,1.3749,1.3598,1.1867,1.3533,,,,,,,,,,,,,,,,,,,,,,50,a,1,0,1,6,1,Ipswich Town,A,2,1.1355,1.0402,2.1843,0.7594,0.4537,0.0,-0.0911,-0.0228,0.0806,0.2368,0.3947,0.2019,0.0,0.0003,0.5625,0.7594,0.4537,False
500033,Ángel,Fulham,MID,0,0,0,0,,,,,,,,,,,,,,1.3749,1.3598,1.1867,1.3533,,,,,,,,,,,,,,,,,,,,,,50,a,0,0,0,6,1,Ipswich Town,A,2,1.1355,1.0402,0.171,0.0,0.0,0.0,0.0,0.0,0.0,0.0,0.0,0.0,0.0,0.0,0.0,0.0,0.0,False
442299,Affengruber,Fulham,DEF,180,2,0,0,,,,,,,,,,,,,,1.3749,1.3598,1.1867,1.3533,,,,,,,,,,,,,,,,,,,,,,45,a,0,2,2,6,1,Ipswich Town,A,2,1.1355,1.0402,3.1729,0.862,0.8312,0.0,-0.1034,-0.0259,0.1359,0.0959,0.1918,1.274,-0.2655,0.0219,0.85,0.862,0.8312,False
490094,Iroegbunam,Hull City,MID,70,0,1,0,219.5,1477.0,0.0303,0.0344,1.5186,11.0716,0.0395,360.0,0.0325,0.025,1.475,10.25,0.0,,,,,0.0739,0.0838,3.7038,27.0025,0.0964,27.6847,0.54,0.7100000000000001,24.64,189.0,1.0,225.0,11.3514,0.13,0.1,5.9,41.0,0.0,30.0,360.0,7.5,50,a,1,0,1,6,1,Everton,H,3,1.0899,1.4664,1.6635,0.7594,0.4595,0.0,-0.0911,-0.0228,0.0341,0.0774,0.1249,0.1511,0.0,0.1075,0.5625,0.7594,0.4595,True
167825,Phillips,Hull City,GK,0,0,0,0,,,,,,,,,,,,,,,,,,,,,,,,,,,,,,,,,,,,,,,40,a,0,0,0,6,1,Everton,H,3,1.0899,1.4664,0.1784,0.0,0.0,0.0,0.0,0.0,0.0,0.0,0.0,0.0,0.0,0.0,0.0,0.0,0.0,True
105666,Butland,Hull City,GK,0,0,0,0,,,,,,,,,,,,,,,,,,,,,,,,,,,,,,,,,,,,,,,44,i,0,0,0,6,1,Everton,H,3,1.0899,1.4664,0.1784,0.0,0.0,0.0,0.0,0.0,0.0,0.0,0.0,0.0,0.0,0.0,0.0,0.0,0.0,True
494950,Cartwright,Hull City,GK,0,0,0,0,,,,,,,,,,,,,,,,,,,,,,,,,,,,,,,,,,,,,,,40,u,0,0,0,6,1,Everton,H,3,1.0899,1.4664,0.1784,0.0,0.0,0.0,0.0,0.0,0.0,0.0,0.0,0.0,0.0,0.0,0.0,0.0,0.0,True
444307,Lo-Tutala,Hull City,GK,0,0,0,0,,,,,,,,,,,,,,,,,,,,,,,,,,,,,,,,,,,,,,,40,u,0,0,0,6,1,Everton,H,3,1.0899,1.4664,0.1784,0.0,0.0,0.0,0.0,0.0,0.0,0.0,0.0,0.0,0.0,0.0,0.0,0.0,0.0,True
108416,Egan,Hull City,DEF,437,5,0,0,,,,,,,,,,,,,,,,,,,,,,,,,,,,,,,,,,,,,,,41,a,0,5,5,6,1,Everton,H,3,1.0899,1.4664,2.9338,1.0,0.9719,0.0,-0.12,-0.03,0.1686,0.0565,0.113,1.0833,-0.4863,0.0021,1.0,1.0,0.9719,True
501902,Hughes,Hull City,DEF,0,0,0,0,,,,,,,,,,,,,,,,,,,,,,,,,,,,,,,,,,,,,,,39,i,0,0,0,6,1,Everton,H,3,1.0899,1.4664,0.1769,0.0,0.0,0.0,0.0,0.0,0.0,0.0,0.0,0.0,0.0,0.0,0.0,0.0,0.0,True
146426,Ajayi,Hull City,DEF,423,5,0,0,,,,,,,,,,,,,,,,,,,,,,,,,,,,,,,,,,,,,,,42,a,0,5,5,6,1,Everton,H,3,1.0899,1.4664,2.9754,1.0,0.9618,0.0,-0.12,-0.03,0.1723,0.0557,0.1113,1.1124,-0.4651,0.0018,1.0,1.0,0.9618,True
193278,Coyle,Hull City,DEF,348,5,0,0,,,,,,,,,,,,,,,,,,,,,,,,,,,,,,,,,,,,,,,40,a,0,5,5,6,1,Everton,H,3,1.0899,1.4664,3.0287,1.0,0.8377,0.0,-0.12,-0.03,0.1796,0.0507,0.1014,1.1859,-0.3535,0.0008,1.0,1.0,0.8377,True
433590,Drameh,Hull City,DEF,65,0,1,0,,,,,,,,,,,,,,,,,,,,,,,,,,,,,,,,,,,,,,,40,u,1,0,1,6,1,Everton,H,3,1.0899,1.4664,0.1769,0.0,0.0,0.0,0.0,0.0,0.0,0.0,0.0,0.0,0.0,0.0,0.0,0.0,0.0,True
232351,Giles,Hull City,DEF,444,5,0,0,,,,,,,,,,,,,,,,,,,,,,,,,,,,,,,,,,,,,,,40,a,0,5,5,6,1,Everton,H,3,1.0899,1.4664,2.9112,1.0,0.976,0.0,-0.12,-0.03,0.1666,0.0569,0.1138,1.068,-0.497,0.0022,1.0,1.0,0.976,True
449428,Jacob,Hull City,DEF,0,0,0,0,,,,,,,,,,,,,,,,,,,,,,,,,,,,,,,,,,,,,,,40,u,0,0,0,6,1,Everton,H,3,1.0899,1.4664,0.1769,0.0,0.0,0.0,0.0,0.0,0.0,0.0,0.0,0.0,0.0,0.0,0.0,0.0,0.0,True
661800,McCarthy,Hull City,DEF,0,0,0,0,,,,,,,,,,,,,,,,,,,,,,,,,,,,,,,,,,,,,,,40,a,0,0,0,6,1,Everton,H,3,1.0899,1.4664,0.1769,0.0,0.0,0.0,0.0,0.0,0.0,0.0,0.0,0.0,0.0,0.0,0.0,0.0,0.0,True
160817,McNair,Hull City,DEF,26,0,1,0,,,,,,,,,,,,,,,,,,,,,,,,,,,,,,,,,,,,,,,40,a,1,0,1,6,1,Everton,H,3,1.0899,1.4664,1.8456,0.5975,0.5055,0.0,-0.0717,-0.0179,0.0392,0.058,0.116,0.6649,-0.2228,0.0395,0.5625,0.5975,0.5055,True
540324,Belloumi,Hull City,MID,394,5,0,0,,,,,,,,,,,,,,,,,,,,,,,,,,,,,,,,,,,,,,,51,a,0,5,5,6,1,Everton,H,3,1.0899,1.4664,2.7988,1.0,0.8723,0.0,-0.12,-0.03,0.202,0.1616,0.2693,0.2725,0.0,0.0,1.0,1.0,0.8723,True
232905,Millar,Hull City,MID,50,0,1,0,,,,,,,,,,,,,,,,,,,,,,,,,,,,,,,,,,,,,,,50,u,1,0,1,6,1,Everton,H,3,1.0899,1.4664,0.171,0.0,0.0,0.0,0.0,0.0,0.0,0.0,0.0,0.0,0.0,0.0,0.0,0.0,0.0,True
171270,Dowell,Hull City,MID,0,0,0,0,,,,,,,,,,,,,,,,,,,,,,,,,,,,,,,,,,,,,,,45,a,0,0,0,6,1,Everton,H,3,1.0899,1.4664,0.171,0.0,0.0,0.0,0.0,0.0,0.0,0.0,0.0,0.0,0.0,0.0,0.0,0.0,0.0,True
101282,Crooks,Hull City,MID,203,3,0,0,,,,,,,,,,,,,,,,,,,,,,,,,,,,,,,,,,,,,,,44,a,0,3,3,6,1,Everton,H,3,1.0899,1.4664,2.3347,0.9313,0.5762,0.0,-0.1118,-0.0279,0.1425,0.1665,0.2775,0.2094,0.0,0.0,0.875,0.9313,0.5762,True
243413,Slater,Hull City,MID,437,5,0,0,,,,,,,,,,,,,,,,,,,,,,,,,,,,,,,,,,,,,,,45,a,0,5,5,6,1,Everton,H,3,1.0899,1.4664,2.8984,1.0,0.949,0.0,-0.12,-0.03,0.2121,0.1695,0.2824,0.2644,0.0,0.0,1.0,1.0,0.949,True
465525,Matazo,Hull City,MID,0,0,0,0,,,,,,,,,,,,,,,,,,,,,,,,,,,,,,,,,,,,,,,45,i,0,0,0,6,1,Everton,H,3,1.0899,1.4664,0.171,0.0,0.0,0.0,0.0,0.0,0.0,0.0,0.0,0.0,0.0,0.0,0.0,0.0,0.0,True
208481,Ömür,Hull City,MID,0,0,0,0,,,,,,,,,,,,,,,,,,,,,,,,,,,,,,,,,,,,,,,49,a,0,0,0,6,1,Everton,H,3,1.0899,1.4664,0.171,0.0,0.0,0.0,0.0,0.0,0.0,0.0,0.0,0.0,0.0,0.0,0.0,0.0,0.0,True
490161,Kamara,Hull City,MID,0,0,0,0,,,,,,,,,,,,,,,,,,,,,,,,,,,,,,,,,,,,,,,50,u,0,0,0,6,1,Everton,H,3,1.0899,1.4664,0.171,0.0,0.0,0.0,0.0,0.0,0.0,0.0,0.0,0.0,0.0,0.0,0.0,0.0,0.0,True
553783,Zambrano,Hull City,MID,0,0,0,0,,,,,,,,,,,,,,,,,,,,,,,,,,,,,,,,,,,,,,,45,a,0,0,0,6,1,Everton,H,3,1.0899,1.4664,0.171,0.0,0.0,0.0,0.0,0.0,0.0,0.0,0.0,0.0,0.0,0.0,0.0,0.0,0.0,True
169432,McBurnie,Hull City,FWD,441,5,0,0,,,,,,,,,,,,,,,,,,,,,,,,,,,,,,,,,,,,,,,55,a,0,5,5,6,1,Everton,H,3,1.0899,1.4664,2.9131,1.0,0.9533,0.0,-0.12,-0.03,0.1756,0.1701,0.5293,0.0,0.0,0.0,1.0,1.0,0.9533,True
213292,Akintola,Hull City,MID,0,0,0,0,,,,,,,,,,,,,,,,,,,,,,,,,,,,,,,,,,,,,,,50,u,0,0,0,6,1,Everton,H,3,1.0899,1.4664,0.171,0.0,0.0,0.0,0.0,0.0,0.0,0.0,0.0,0.0,0.0,0.0,0.0,0.0,0.0,True
470294,Gyabi,Hull City,MID,0,0,0,0,0.0,0.0,0.0,0.0,0.0,0.0,0.0,0.0,0.0,0.0,0.0,0.0,0.0,,,,,0.0,0.0,0.0,0.0,0.0,0.0,0.0,0.0,0.0,0.0,0.0,0.0,0.0,0.0,0.0,0.0,0.0,0.0,0.0,0.0,0.0,44,i,0,0,0,6,1,Everton,H,3,1.0899,1.4664,0.171,0.0,0.0,0.0,0.0,0.0,0.0,0.0,0.0,0.0,0.0,0.0,0.0,0.0,0.0,True
500957,Destan,Hull City,FWD,0,0,0,0,,,,,,,,,,,,,,,,,,,,,,,,,,,,,,,,,,,,,,,45,u,0,0,0,6,1,Everton,H,3,1.0899,1.4664,0.2347,0.0,0.0,0.0,0.0,0.0,0.0,0.0,0.0,0.0,0.0,0.0,0.0,0.0,0.0,True
534392,Burstow,Hull City,FWD,0,0,0,0,,,,,,,,,,,,,,,,,,,,,,,,,,,,,,,,,,,,,,,45,u,0,0,0,6,1,Everton,H,3,1.0899,1.4664,0.2347,0.0,0.0,0.0,0.0,0.0,0.0,0.0,0.0,0.0,0.0,0.0,0.0,0.0,0.0,True
462635,Gelhardt,Hull City,MID,7,0,1,0,0.0,0.0,0.0,0.0,0.0,0.0,0.0,0.0,0.0,0.0,0.0,0.0,0.0,,,,,0.0,0.0,0.0,0.0,0.0,0.0,0.0,0.0,0.0,0.0,0.0,0.0,0.0,0.0,0.0,0.0,0.0,0.0,0.0,0.0,0.0,50,a,1,0,1,6,1,Everton,H,3,1.0899,1.4664,2.0335,0.7594,0.4595,0.0,-0.0911,-0.0228,0.0807,0.1971,0.3286,0.1511,0.0,0.0007,0.5625,0.7594,0.4595,True
169359,Targett,Hull City,DEF,5,0,1,0,0.0,0.0,0.0,0.0,0.0,0.0,0.0,0.0,0.0,0.0,0.0,0.0,0.0,,,,,0.0,0.0,0.0,0.0,0.0,0.0,0.0,0.0,0.0,0.0,0.0,0.0,0.0,0.0,0.0,0.0,0.0,0.0,0.0,0.0,0.0,40,d,1,0,1,6,1,Everton,H,3,1.0899,1.4664,1.8566,0.5975,0.5055,0.0,-0.0717,-0.0179,0.0399,0.0614,0.1229,0.6649,-0.2228,0.0525,0.5625,0.5975,0.5055,True
445028,Morita,Hull City,MID,45,1,0,0,,,,,,,,,,,,,,,,,,,,,,,,,,,,,,,,,,,,,,,50,i,0,1,1,6,1,Everton,H,3,1.0899,1.4664,0.171,0.0,0.0,0.0,0.0,0.0,0.0,0.0,0.0,0.0,0.0,0.0,0.0,0.0,0.0,True
473284,Tzolakis,Hull City,GK,450,5,0,0,,,,,,,,,,,,,,,,,,,,,,,,,,,,,,,,,,,,,,,46,a,0,5,5,6,1,Everton,H,3,1.0899,1.4664,3.6503,1.0,0.995,0.852,-0.12,-0.03,0.2092,0.0,0.0,1.0718,-0.5061,0.0,1.0,1.0,0.995,True
552946,Hjertø-Dahl,Hull City,MID,8,0,1,0,,,,,,,,,,,,,,,,,,,,,,,,,,,,,,,,,,,,,,,49,a,1,0,1,6,1,Everton,H,3,1.0899,1.4664,2.032,0.7594,0.4595,0.0,-0.0911,-0.0228,0.0807,0.1966,0.3277,0.1511,0.0,0.0006,0.5625,0.7594,0.4595,True
608227,Stroud,Hull City,MID,249,4,0,0,,,,,,,,,,,,,,,,,,,,,,,,,,,,,,,,,,,,,,,50,a,0,4,4,6,1,Everton,H,3,1.0899,1.4664,2.3811,1.0,0.55,0.0,-0.12,-0.03,0.1718,0.1586,0.2643,0.2155,0.0,0.0,1.0,1.0,0.55,True
597462,Herrington,Hull City,DEF,197,1,0,0,,,,,,,,,,,,,,,,,,,,,,,,,,,,,,,,,,,,,,,40,a,0,1,1,6,1,Everton,H,3,1.0899,1.4664,2.4296,0.8275,0.799,0.0,-0.0993,-0.0248,0.0922,0.0698,0.1396,0.8607,-0.412,0.0248,0.8125,0.8275,0.799,True
606930,Mendy,Hull City,DEF,249,4,0,0,,,,,,,,,,,,,,,,,,,,,,,,,,,,,,,,,,,,,,,41,a,0,4,4,6,1,Everton,H,3,1.0899,1.4664,2.9439,1.0,0.7343,0.0,-0.12,-0.03,0.1741,0.0529,0.1057,1.1507,-0.3007,0.001,1.0,1.0,0.7343,True
469266,Gourna-Douath,Hull City,MID,138,1,0,0,,,,,,,,,,,,,,,,,,,,,,,,,,,,,,,,,,,,,,,50,a,0,1,1,6,1,Everton,H,3,1.0899,1.4664,2.7293,0.8969,0.7882,0.0,-0.1076,-0.0269,0.1581,0.239,0.3983,0.2123,0.0,0.0005,0.8125,0.8969,0.7882,True
490884,Cho,Hull City,MID,72,0,1,0,,,,,,,,,,,,,,,,,,,,,,,,,,,,,,,,,,,,,,,50,a,1,0,1,6,1,Everton,H,3,1.0899,1.4664,1.9489,0.7594,0.4595,0.0,-0.0911,-0.0228,0.0771,0.1668,0.278,0.1511,0.0,0.0002,0.5625,0.7594,0.4595,True
626751,Ansah,Hull City,FWD,0,0,0,0,,,,,,,,,,,,,,,,,,,,,,,,,,,,,,,,,,,,,,,50,i,0,0,0,6,1,Everton,H,3,1.0899,1.4664,0.2347,0.0,0.0,0.0,0.0,0.0,0.0,0.0,0.0,0.0,0.0,0.0,0.0,0.0,0.0,True
631000,Vaz,Hull City,FWD,20,0,1,0,,,,,,,,,,,,,,,,,,,,,,,,,,,,,,,,,,,,,,,50,a,1,0,1,6,1,Everton,H,3,1.0899,1.4664,2.2,0.7594,0.4595,0.0,-0.0911,-0.0228,0.0783,0.1902,0.5918,0.0,0.0,0.0,0.5625,0.7594,0.4595,True
496181,Norton-Cuffy,Hull City,DEF,34,0,1,0,,,,,,,,,,,,,,,,,,,,,,,,,,,,,,,,,,,,,,,40,d,1,0,1,6,1,Everton,H,3,1.0899,1.4664,1.8417,0.5975,0.5055,0.0,-0.0717,-0.0179,0.039,0.0568,0.1136,0.6649,-0.2228,0.0355,0.5625,0.5975,0.5055,True
243951,Thomas,Hull City,MID,119,1,0,0,,,,,,,,,,,,,,,,,,,,,,,,,,,,,,,,,,,,,,,55,a,0,1,1,6,1,Everton,H,3,1.0899,1.4664,2.7574,0.8969,0.7882,0.0,-0.1076,-0.0269,0.1604,0.2487,0.4145,0.2123,0.0,0.0007,0.8125,0.8969,0.7882,True
647839,Mouzakitis,Hull City,MID,0,0,0,0,,,,,,,,,,,,,,,,,,,,,,,,,,,,,,,,,,,,,,,50,a,0,0,0,6,1,Everton,H,3,1.0899,1.4664,0.171,0.0,0.0,0.0,0.0,0.0,0.0,0.0,0.0,0.0,0.0,0.0,0.0,0.0,0.0,True
219924,Diop,Ipswich Town,DEF,450,5,0,0,143.9,812.0,0.2063,0.0046,1.0929,5.9392,0.7889,220.0,0.3191,0.0041,0.9286,5.3182,1.2273,,,,,0.3299,0.0074,1.7474,9.4961,1.2613,27.8367,0.8,0.05,12.42,61.0,3.0,103.0,17.41,0.78,0.01,2.27,13.0,3.0,54.0,220.0,22.0909,40,a,0,5,5,6,1,Fulham,H,2,0.9996,1.5068,3.5184,1.0,0.979,0.0,-0.12,-0.03,0.1786,0.0458,0.7922,1.021,-0.5251,0.1054,1.0,1.0,0.979,True
212314,Lukić,Ipswich Town,MID,400,5,0,0,221.6,1730.0,0.0847,0.0909,1.502,9.6607,0.2172,450.0,0.082,0.094,1.562,9.2,0.2,,,,,0.2085,0.2239,3.6982,23.7867,0.5348,39.026,2.23,1.91,27.64,183.0,4.0,314.0,15.8499,0.41,0.47,7.81,46.0,1.0,78.0,450.0,15.6,49,a,0,5,5,6,1,Fulham,H,2,0.9996,1.5068,2.8688,1.0,0.887,0.0,-0.12,-0.03,0.134,0.2185,0.3434,0.2648,0.0,0.1837,1.0,1.0,0.887,True
108813,Walton,Ipswich Town,GK,90,1,0,0,,,,,,,,,,,,,,,,,,,,,,,,,,,,,,,,,,,,,,,44,a,0,1,1,6,1,Fulham,H,2,0.9996,1.5068,3.3092,0.9257,0.9204,0.8021,-0.1111,-0.0278,0.1473,0.0,0.0,0.9599,-0.4858,0.0,0.925,0.9257,0.9204,True
112520,Palmer,Ipswich Town,GK,0,0,0,0,,,,,,,,,,,,,,,,,,,,,,,,,,,,,,,,,,,,,,,40,a,0,0,0,6,1,Fulham,H,2,0.9996,1.5068,0.1784,0.0,0.0,0.0,0.0,0.0,0.0,0.0,0.0,0.0,0.0,0.0,0.0,0.0,0.0,True
50093,Button,Ipswich Town,GK,0,0,0,0,,,,,,,,,,,,,,,,,,,,,,,,,,,,,,,,,,,,,,,40,a,0,0,0,6,1,Fulham,H,2,0.9996,1.5068,0.1784,0.0,0.0,0.0,0.0,0.0,0.0,0.0,0.0,0.0,0.0,0.0,0.0,0.0,0.0,True
183015,Kipré,Ipswich Town,DEF,0,0,0,0,,,,,,,,,,,,,,,,,,,,,,,,,,,,,,,,,,,,,,,39,a,0,0,0,6,1,Fulham,H,2,0.9996,1.5068,0.1769,0.0,0.0,0.0,0.0,0.0,0.0,0.0,0.0,0.0,0.0,0.0,0.0,0.0,0.0,True
216616,O'Shea,Ipswich Town,DEF,450,5,0,0,,,,,,,,,,,,,,,,,,,,,,,,,,,,,,,,,,,,,,,40,a,0,5,5,6,1,Fulham,H,2,0.9996,1.5068,2.8096,1.0,0.979,0.0,-0.12,-0.03,0.1504,0.0525,0.105,1.021,-0.5251,0.0025,1.0,1.0,0.979,True
455084,Davis,Ipswich Town,DEF,450,5,0,0,,,,,,,,,,,,,,,,,,,,,,,,,,,,,,,,,,,,,,,40,a,0,5,5,6,1,Fulham,H,2,0.9996,1.5068,2.8096,1.0,0.979,0.0,-0.12,-0.03,0.1504,0.0525,0.105,1.021,-0.5251,0.0025,1.0,1.0,0.979,True
449429,Greaves,Ipswich Town,DEF,357,4,0,0,,,,,,,,,,,,,,,,,,,,,,,,,,,,,,,,,,,,,,,40,a,0,4,4,6,1,Fulham,H,2,0.9996,1.5068,2.844,1.0,0.9772,0.0,-0.12,-0.03,0.1531,0.0589,0.1178,1.0294,-0.5192,0.0054,1.0,1.0,0.9772,True
222018,Johnson,Ipswich Town,DEF,0,0,0,0,,,,,,,,,,,,,,,,,,,,,,,,,,,,,,,,,,,,,,,40,u,0,0,0,6,1,Fulham,H,2,0.9996,1.5068,0.1769,0.0,0.0,0.0,0.0,0.0,0.0,0.0,0.0,0.0,0.0,0.0,0.0,0.0,0.0,True
176420,Furlong,Ipswich Town,DEF,17,0,1,0,,,,,,,,,,,,,,,,,,,,,,,,,,,,,,,,,,,,,,,39,a,1,0,1,6,1,Fulham,H,2,0.9996,1.5068,1.8055,0.5975,0.5055,0.0,-0.0717,-0.0179,0.0366,0.0545,0.109,0.6466,-0.2315,0.0471,0.5625,0.5975,0.5055,True
501390,Núñez,Ipswich Town,MID,140,2,0,0,,,,,,,,,,,,,,,,,,,,,,,,,,,,,,,,,,,,,,,49,a,0,2,2,6,1,Fulham,H,2,0.9996,1.5068,2.3622,0.9175,0.6074,0.0,-0.1101,-0.0275,0.1323,0.1738,0.2896,0.2082,0.0,0.0,0.85,0.9175,0.6074,True
241117,Matusiwa,Ipswich Town,MID,0,0,0,0,,,,,,,,,,,,,,,,,,,,,,,,,,,,,,,,,,,,,,,49,a,0,0,0,6,1,Fulham,H,2,0.9996,1.5068,0.171,0.0,0.0,0.0,0.0,0.0,0.0,0.0,0.0,0.0,0.0,0.0,0.0,0.0,0.0,True
149929,Burns,Ipswich Town,MID,0,0,0,0,,,,,,,,,,,,,,,,,,,,,,,,,,,,,,,,,,,,,,,50,u,0,0,0,6,1,Fulham,H,2,0.9996,1.5068,0.171,0.0,0.0,0.0,0.0,0.0,0.0,0.0,0.0,0.0,0.0,0.0,0.0,0.0,0.0,True
231899,Taylor,Ipswich Town,MID,0,0,0,0,,,,,,,,,,,,,,,,,,,,,,,,,,,,,,,,,,,,,,,44,i,0,0,0,6,1,Fulham,H,2,0.9996,1.5068,0.171,0.0,0.0,0.0,0.0,0.0,0.0,0.0,0.0,0.0,0.0,0.0,0.0,0.0,0.0,True
443261,Clarke,Ipswich Town,MID,170,2,0,0,,,,,,,,,,,,,,,,,,,,,,,,,,,,,,,,,,,,,,,54,a,0,2,2,6,1,Fulham,H,2,0.9996,1.5068,2.6448,0.9175,0.7939,0.0,-0.1101,-0.0275,0.1504,0.1981,0.3301,0.2214,0.0,0.0002,0.85,0.9175,0.7939,True
229164,Ogbene,Ipswich Town,MID,0,0,0,0,,,,,,,,,,,,,,,,,,,,,,,,,,,,,,,,,,,,,,,49,u,0,0,0,6,1,Fulham,H,2,0.9996,1.5068,0.171,0.0,0.0,0.0,0.0,0.0,0.0,0.0,0.0,0.0,0.0,0.0,0.0,0.0,0.0,True
531442,Fatawu,Ipswich Town,MID,352,5,0,0,,,,,,,,,,,,,,,,,,,,,,,,,,,,,,,,,,,,,,,54,s,0,5,5,6,1,Fulham,H,2,0.9996,1.5068,0.171,0.0,0.0,0.0,0.0,0.0,0.0,0.0,0.0,0.0,0.0,0.0,0.0,0.0,0.0,True
543968,Emersonn,Ipswich Town,FWD,317,5,0,0,,,,,,,,,,,,,,,,,,,,,,,,,,,,,,,,,,,,,,,55,a,0,5,5,6,1,Fulham,H,2,0.9996,1.5068,2.3008,1.0,0.55,0.0,-0.12,-0.03,0.1192,0.133,0.4138,0.0,0.0,0.0,1.0,1.0,0.55,True
222625,Hirst,Ipswich Town,FWD,0,0,0,0,,,,,,,,,,,,,,,,,,,,,,,,,,,,,,,,,,,,,,,50,u,0,0,0,6,1,Fulham,H,2,0.9996,1.5068,0.2347,0.0,0.0,0.0,0.0,0.0,0.0,0.0,0.0,0.0,0.0,0.0,0.0,0.0,0.0,True
481624,Philogene,Ipswich Town,MID,52,0,1,0,,,,,,,,,,,,,,,,,,,,,,,,,,,,,,,,,,,,,,,54,a,1,0,1,6,1,Fulham,H,2,0.9996,1.5068,1.9233,0.7594,0.4595,0.0,-0.0911,-0.0228,0.0722,0.1606,0.2676,0.1469,0.0,0.0003,0.5625,0.7594,0.4595,True
172453,Szmodics,Ipswich Town,MID,0,0,0,0,,,,,,,,,,,,,,,,,,,,,,,,,,,,,,,,,,,,,,,50,u,0,0,0,6,1,Fulham,H,2,0.9996,1.5068,0.171,0.0,0.0,0.0,0.0,0.0,0.0,0.0,0.0,0.0,0.0,0.0,0.0,0.0,0.0,True
147675,Akpom,Ipswich Town,FWD,78,0,1,0,,,,,,,,,,,,,,,,,,,,,,,,,,,,,,,,,,,,,,,50,a,1,0,1,6,1,Fulham,H,2,0.9996,1.5068,2.0239,0.7594,0.4595,0.0,-0.0911,-0.0228,0.0642,0.1508,0.4692,0.0,0.0,0.0,0.5625,0.7594,0.4595,True
557012,Walle Egeli,Ipswich Town,FWD,10,0,1,0,,,,,,,,,,,,,,,,,,,,,,,,,,,,,,,,,,,,,,,45,a,1,0,1,6,1,Fulham,H,2,0.9996,1.5068,2.1479,0.7594,0.4595,0.0,-0.0911,-0.0228,0.0711,0.1793,0.5578,0.0,0.0,0.0,0.5625,0.7594,0.4595,True
462387,Al-Hamadi,Ipswich Town,FWD,0,0,0,0,,,,,,,,,,,,,,,,,,,,,,,,,,,,,,,,,,,,,,,50,u,0,0,0,6,1,Fulham,H,2,0.9996,1.5068,0.2347,0.0,0.0,0.0,0.0,0.0,0.0,0.0,0.0,0.0,0.0,0.0,0.0,0.0,0.0,True
461587,McAteer,Ipswich Town,MID,42,0,1,0,,,,,,,,,,,,,,,,,,,,,,,,,,,,,,,,,,,,,,,44,a,1,0,1,6,1,Fulham,H,2,0.9996,1.5068,1.9346,0.7594,0.4595,0.0,-0.0911,-0.0228,0.0726,0.1647,0.2744,0.1469,0.0,0.0004,0.5625,0.7594,0.4595,True
232457,Mehmeti,Ipswich Town,MID,0,0,0,0,,,,,,,,,,,,,,,,,,,,,,,,,,,,,,,,,,,,,,,48,a,0,0,0,6,1,Fulham,H,2,0.9996,1.5068,0.171,0.0,0.0,0.0,0.0,0.0,0.0,0.0,0.0,0.0,0.0,0.0,0.0,0.0,0.0,True
546600,Van Oevelen,Ipswich Town,GK,0,0,0,0,,,,,,,,,,,,,,,,,,,,,,,,,,,,,,,,,,,,,,,45,u,0,0,0,6,1,Fulham,H,2,0.9996,1.5068,0.1784,0.0,0.0,0.0,0.0,0.0,0.0,0.0,0.0,0.0,0.0,0.0,0.0,0.0,0.0,True
442967,Maeda,Ipswich Town,MID,259,3,0,0,,,,,,,,,,,,,,,,,,,,,,,,,,,,,,,,,,,,,,,53,a,0,3,3,6,1,Fulham,H,2,0.9996,1.5068,2.6377,0.9313,0.825,0.0,-0.1118,-0.0279,0.1543,0.1762,0.2936,0.226,0.0,0.0001,0.875,0.9313,0.825,True
240514,Scherpen,Ipswich Town,GK,360,4,0,0,0.0,0.0,0.0,0.0,0.0,0.0,0.0,0.0,0.0,0.0,0.0,0.0,0.0,,,,,0.0,0.0,0.0,0.0,0.0,0.0,0.0,0.0,0.0,0.0,0.0,0.0,0.0,0.0,0.0,0.0,0.0,0.0,0.0,0.0,0.0,45,a,0,4,4,6,1,Fulham,H,2,0.9996,1.5068,3.598,1.0,0.995,0.8672,-0.12,-0.03,0.1949,0.0,0.0,1.0377,-0.5251,0.0,1.0,1.0,0.995,True
216055,Florentino,Ipswich Town,MID,30,0,1,0,261.2,2100.0,0.0191,0.0236,1.8708,13.6699,0.0,368.0,0.0147,0.0196,1.7535,14.6739,0.0,,,,,0.0554,0.0684,5.4294,39.6732,0.0,43.447,0.64,0.52,46.26,313.0,0.0,357.0,14.9703,0.06,0.08,7.17,60.0,0.0,65.0,368.0,15.8967,48,a,1,0,1,6,1,Fulham,H,2,0.9996,1.5068,1.8256,0.8212,0.551,0.0,-0.0985,-0.0246,0.0733,0.0619,0.0941,0.1762,0.0,0.3256,0.675,0.8212,0.551,True
474120,Enciso,Ipswich Town,MID,413,5,0,0,0.0,0.0,0.0,0.0,0.0,0.0,0.0,0.0,0.0,0.0,0.0,0.0,0.0,,,,,0.0,0.0,0.0,0.0,0.0,0.0,0.0,0.0,0.0,0.0,0.0,0.0,0.0,0.0,0.0,0.0,0.0,0.0,0.0,0.0,0.0,55,a,0,5,5,6,1,Fulham,H,2,0.9996,1.5068,2.7942,1.0,0.914,0.0,-0.12,-0.03,0.1919,0.1515,0.2525,0.2633,0.0,0.0,1.0,1.0,0.914,True
572584,Ouattara,Ipswich Town,DEF,131,1,0,0,,,,,,,,,,,,,,,,,,,,,,,,,,,,,,,,,,,,,,,40,a,0,1,1,6,1,Fulham,H,2,0.9996,1.5068,2.3912,0.8275,0.799,0.0,-0.0993,-0.0248,0.0877,0.0728,0.1456,0.8333,-0.4274,0.0532,0.8125,0.8275,0.799,True
524180,Humphreys,Ipswich Town,MID,0,0,0,0,,,,,,,,,,,,,,,,,,,,,,,,,,,,,,,,,,,,,,,45,u,0,0,0,6,1,Fulham,H,2,0.9996,1.5068,0.171,0.0,0.0,0.0,0.0,0.0,0.0,0.0,0.0,0.0,0.0,0.0,0.0,0.0,0.0,True
218543,Palacios,Ipswich Town,MID,275,3,0,0,,,,,,,,,,,,,,,,,,,,,,,,,,,,,,,,,,,,,,,50,a,0,3,3,6,1,Fulham,H,2,0.9996,1.5068,2.6743,0.9313,0.8476,0.0,-0.1118,-0.0279,0.1574,0.1821,0.3035,0.221,0.0,0.0001,0.875,0.9313,0.8476,True
431639,Flemming,Ipswich Town,FWD,60,0,1,0,310.7,1764.0,0.3772,0.0216,1.8474,5.2218,0.6812,492.0,0.2799,0.0201,1.6957,5.3049,0.7317,,,,,1.3023,0.0746,6.3776,18.0268,2.3518,62.5529,7.939999999999999,0.41,37.06,99.0,11.0,371.0,18.1196,1.53,0.11,9.27,29.0,4.0,97.0,492.0,17.7439,55,a,1,0,1,6,1,Fulham,H,2,0.9996,1.5068,2.0269,0.7594,0.4595,0.0,-0.0911,-0.0228,0.0453,0.0557,0.5863,0.0,0.0,0.0023,0.5625,0.7594,0.4595,True
153682,Wilson,Leeds,MID,145,1,0,0,319.1,2674.0,0.1951,0.1626,1.4833,5.7521,0.5705,333.0,0.1946,0.1054,1.6541,5.9459,0.0,1.4984,1.5736,1.726,1.792,0.6917,0.5766,5.2591,20.3944,2.0227,72.2038,5.88,4.7700000000000005,40.14,177.0,21.0,637.0,20.3646,0.72,0.39,6.12,22.0,0.0,48.0,333.0,12.973,62,i,0,1,1,6,1,Arsenal,A,5,0.5264,2.1209,0.171,0.0,0.0,0.0,0.0,0.0,0.0,0.0,0.0,0.0,0.0,0.0,0.0,0.0,0.0,False
201595,Perri,Leeds,GK,0,0,0,0,75.7,1440.0,0.0,0.0,1.6986,0.0,0.2891,0.0,0.0,0.0,0.0,0.0,0.0,1.4984,1.5736,1.726,1.792,0.0,0.0,1.4287,0.0,0.2432,8.0976,0.0,0.0,26.68,0.0,3.0,153.0,9.6273,0.0,0.0,0.0,0.0,0.0,0.0,0.0,0.0,45,u,0,0,0,6,1,Arsenal,A,5,0.5264,2.1209,0.1784,0.0,0.0,0.0,0.0,0.0,0.0,0.0,0.0,0.0,0.0,0.0,0.0,0.0,0.0,False
434752,Bijol,Leeds,DEF,164,2,0,0,312.3,1888.0,0.0344,0.0306,1.5155,11.4102,0.3304,492.0,0.011,0.022,1.511,10.9756,0.1829,1.4984,1.5736,1.726,1.792,0.1195,0.1063,5.2589,39.5934,1.1464,59.2882,0.9,0.75,31.48,219.0,6.0,323.0,17.0859,0.06,0.12,8.26,60.0,1.0,101.0,492.0,18.4756,50,a,0,2,2,6,1,Arsenal,A,5,0.5264,2.1209,2.0241,0.908,0.8521,0.0,-0.109,-0.0272,0.1118,0.0425,0.0873,0.6383,-0.6566,0.7037,0.9,0.908,0.8521,False
214225,Rodon,Leeds,DEF,123,2,0,0,357.3,2952.0,0.0367,0.0257,1.6192,8.0029,0.0351,406.0,0.0443,0.0355,1.9086,7.3153,0.0,1.4984,1.5736,1.726,1.792,0.1457,0.102,6.4281,31.7714,0.1395,44.9386,1.4,0.56,48.54,274.0,5.0,373.0,11.3195,0.2,0.16,8.61,33.0,0.0,43.0,406.0,9.532,43,i,0,2,2,6,1,Arsenal,A,5,0.5264,2.1209,0.1769,0.0,0.0,0.0,0.0,0.0,0.0,0.0,0.0,0.0,0.0,0.0,0.0,0.0,0.0,False
226182,Bogle,Leeds,DEF,365,5,0,0,312.8,2795.0,0.0592,0.1693,1.2596,5.9385,0.0719,302.0,0.0089,0.1699,0.9656,6.5563,0.0,1.4984,1.5736,1.726,1.792,0.2057,0.5884,4.3779,20.6395,0.25,47.7334,2.08,3.11,39.93,178.0,1.0,311.0,13.734,0.03,0.57,3.24,22.0,0.0,56.0,302.0,16.6887,46,a,0,5,5,6,1,Arsenal,A,5,0.5264,2.1209,2.4173,1.0,0.8712,0.0,-0.12,-0.03,0.0473,0.1978,0.1329,0.7679,-0.6266,0.0613,1.0,1.0,0.8712,False
243526,Gudmundsson,Leeds,DEF,252,3,0,0,249.0,2637.0,0.0275,0.1221,1.4039,6.0579,0.099,180.0,0.0,0.28,1.01,8.0,0.0,1.4984,1.5736,1.726,1.792,0.0762,0.3379,3.8841,16.7603,0.274,27.0785,1.1,2.89,41.06,184.0,8.0,286.0,9.7874,0.0,0.56,2.02,16.0,0.0,33.0,180.0,16.5,45,a,0,3,3,6,1,Arsenal,A,5,0.5264,2.1209,2.028,0.908,0.8613,0.0,-0.109,-0.0272,0.0298,0.1684,0.0744,0.6227,-0.6772,0.1383,0.9,0.908,0.8613,False
220627,Justin,Leeds,DEF,450,5,0,0,370.1,1893.0,0.0916,0.049,1.5465,8.7922,0.3698,540.0,0.13,0.0283,1.5883,9.8333,0.5,1.4984,1.5736,1.726,1.792,0.3767,0.2016,6.3595,36.1556,1.5205,68.4192,1.83,1.16,33.01,183.0,9.0,338.0,16.638,0.78,0.17,9.53,59.0,3.0,106.0,540.0,17.6667,45,a,0,5,5,6,1,Arsenal,A,5,0.5264,2.1209,2.2937,1.0,0.9779,0.0,-0.12,-0.03,0.1153,0.0725,0.2852,0.6363,-0.8204,0.6133,1.0,1.0,0.9779,False
437738,Bornauw,Leeds,DEF,0,0,0,0,78.9,429.0,0.0959,0.001,2.2149,9.3008,0.0,125.0,0.144,0.0,2.7216,7.92,0.0,1.4984,1.5736,1.726,1.792,0.0841,0.0009,1.9417,8.1537,0.0,13.5807,0.2,0.01,8.71,49.0,0.0,73.0,15.4913,0.2,0.0,3.78,11.0,0.0,25.0,125.0,18.0,45,u,0,0,0,6,1,Arsenal,A,5,0.5264,2.1209,0.1769,0.0,0.0,0.0,0.0,0.0,0.0,0.0,0.0,0.0,0.0,0.0,0.0,0.0,0.0,False
522047,Muharemović,Leeds,DEF,450,5,0,0,,,,,,,,,,,,,,1.4984,1.5736,1.726,1.792,,,,,,,,,,,,,,,,,,,,,,50,a,0,5,5,6,1,Arsenal,A,5,0.5264,2.1209,1.9898,1.0,0.9779,0.0,-0.12,-0.03,0.0655,0.0345,0.0691,0.6363,-0.8204,0.0076,1.0,1.0,0.9779,False
466525,Stach,Leeds,MID,447,5,0,0,261.3,2369.0,0.1052,0.1631,1.2906,10.1897,0.6693,234.0,0.1462,0.0692,1.4692,8.0769,1.1538,1.4984,1.5736,1.726,1.792,0.3053,0.4735,3.7471,29.5842,1.9433,60.2832,2.88,4.47,34.05,266.0,14.0,550.0,20.7634,0.38,0.18,3.82,21.0,3.0,52.0,234.0,20.0,60,a,0,5,5,6,1,Arsenal,A,5,0.5264,2.1209,2.913,1.0,0.9569,0.0,-0.12,-0.03,0.2373,0.2378,0.3027,0.1573,0.0,0.642,1.0,1.0,0.9569,False
435997,Okafor,Leeds,MID,299,4,0,0,158.3,1553.0,0.3577,0.0884,1.252,7.0594,1.3063,193.0,0.4104,0.1399,0.6389,10.7254,2.3316,1.4984,1.5736,1.726,1.792,0.6292,0.1554,2.2021,12.4167,2.2977,50.2747,5.25,1.32,24.54,113.0,11.0,354.0,28.5832,0.88,0.3,1.37,23.0,5.0,76.0,193.0,35.4404,58,a,0,4,4,6,1,Arsenal,A,5,0.5264,2.1209,3.0948,1.0,0.8003,0.0,-0.12,-0.03,0.2637,0.1377,0.7014,0.1708,0.0,0.0917,1.0,1.0,0.8003,False
427637,Aaronson,Leeds,MID,194,2,0,0,327.5,2449.0,0.1339,0.1126,1.4718,7.4352,0.0811,389.0,0.0717,0.1296,1.5871,7.4036,0.0,1.4984,1.5736,1.726,1.792,0.4873,0.4096,5.3557,27.0557,0.295,48.9154,4.53,3.6,37.07,216.0,5.0,446.0,13.4424,0.31,0.5599999999999999,6.859999999999999,32.0,0.0,57.0,389.0,13.1877,53,a,0,2,2,6,1,Arsenal,A,5,0.5264,2.1209,2.5262,0.945,0.8713,0.0,-0.1134,-0.0284,0.0501,0.1766,0.3122,0.1417,0.0,0.2691,0.9,0.945,0.8713,False
199598,Ampadu,Leeds,MID,450,5,0,0,424.3,3119.0,0.0689,0.0645,1.5007,11.7933,0.4579,540.0,0.1,0.0217,1.5883,10.6667,0.8333,1.4984,1.5736,1.726,1.792,0.325,0.3042,7.0749,55.5988,2.1588,82.173,2.47,2.2,48.66,416.0,11.0,586.0,17.43,0.6,0.13,9.53,64.0,5.0,107.0,540.0,17.8333,54,a,0,5,5,6,1,Arsenal,A,5,0.5264,2.1209,2.6925,1.0,0.9597,0.0,-0.12,-0.03,0.2291,0.1063,0.2202,0.1561,0.0,0.9686,1.0,1.0,0.9597,False
180135,Longstaff,Leeds,MID,10,0,1,0,55.6,1003.0,0.2645,0.3313,2.2413,11.3232,0.624,56.0,0.6429,0.6268,3.0696,16.0714,1.6071,1.4984,1.5736,1.726,1.792,0.1634,0.2047,1.3846,6.9952,0.3855,19.6737,1.23,1.87,15.88,110.0,5.0,273.0,31.8459,0.4,0.39,1.91,10.0,1.0,36.0,56.0,57.8571,49,a,1,0,1,6,1,Arsenal,A,5,0.5264,2.1209,2.0494,0.7594,0.4537,0.0,-0.0911,-0.0228,0.1167,0.2359,0.3302,0.0964,0.0,0.2059,0.5625,0.7594,0.4537,False
492859,Gnonto,Leeds,MID,0,0,0,0,67.5,521.0,0.0684,0.1265,2.1725,10.9268,0.0,128.0,0.0773,0.1336,2.0742,11.25,0.0,1.4984,1.5736,1.726,1.792,0.0513,0.0949,1.6294,8.1951,0.0,18.6579,0.4,0.77,11.99,59.0,0.0,134.0,24.8772,0.11,0.19,2.95,16.0,0.0,43.0,128.0,30.2344,50,u,0,0,0,6,1,Arsenal,A,5,0.5264,2.1209,0.171,0.0,0.0,0.0,0.0,0.0,0.0,0.0,0.0,0.0,0.0,0.0,0.0,0.0,0.0,False
221399,Harrison,Leeds,MID,0,0,0,0,7.5,262.0,0.1032,0.0816,1.374,7.7016,0.0,0.0,0.0,0.0,0.0,0.0,0.0,1.4984,1.5736,1.726,1.792,0.0086,0.0068,0.1145,0.6418,0.0,1.4568,0.28,0.2299999999999999,3.82,24.0,0.0,51.0,17.4816,0.0,0.0,0.0,0.0,0.0,0.0,0.0,0.0,50,u,0,0,0,6,1,Arsenal,A,5,0.5264,2.1209,0.171,0.0,0.0,0.0,0.0,0.0,0.0,0.0,0.0,0.0,0.0,0.0,0.0,0.0,0.0,False
200617,James,Leeds,MID,52,0,1,0,72.9,547.0,0.1153,0.0817,2.5079,6.8099,0.0,142.0,0.1268,0.0761,2.4465,5.7042,0.0,1.4984,1.5736,1.726,1.792,0.0934,0.0662,2.0314,5.516,0.0,13.3353,0.91,0.71,14.39,35.0,0.0,93.0,16.4633,0.2,0.12,3.86,9.0,0.0,21.0,142.0,13.3099,49,a,1,0,1,6,1,Arsenal,A,5,0.5264,2.1209,1.6577,0.7594,0.4537,0.0,-0.0911,-0.0228,0.0275,0.0883,0.1753,0.0964,0.0,0.0204,0.5625,0.7594,0.4537,False
486520,Gruev,Leeds,MID,0,0,0,0,140.0,1318.0,0.045,0.0625,1.5996,7.3772,0.2629,12.0,0.0,0.0,0.0,15.0,0.0,1.4984,1.5736,1.726,1.792,0.07,0.0972,2.4882,11.4756,0.4089,23.8923,0.4899999999999999,0.86,25.27,114.0,3.0,245.0,15.3593,0.0,0.0,0.0,2.0,0.0,3.0,12.0,22.5,50,a,0,0,0,6,1,Arsenal,A,5,0.5264,2.1209,0.171,0.0,0.0,0.0,0.0,0.0,0.0,0.0,0.0,0.0,0.0,0.0,0.0,0.0,0.0,False
248056,Tanaka,Leeds,MID,255,3,0,0,216.1,1307.0,0.087,0.1,1.4356,10.6088,0.3261,475.0,0.0322,0.0512,1.4078,10.6105,0.3789,1.4984,1.5736,1.726,1.792,0.2088,0.24,3.447,25.4728,0.7829,46.7245,1.44,1.39,21.49,147.0,4.0,288.0,19.4595,0.1699999999999999,0.27,7.43,56.0,2.0,99.0,475.0,18.7579,49,a,0,3,3,6,1,Arsenal,A,5,0.5264,2.1209,2.398,0.9313,0.8139,0.0,-0.1118,-0.0279,0.1304,0.1389,0.2077,0.1445,0.0,0.4705,0.875,0.9313,0.8139,False
177815,Calvert-Lewin,Leeds,FWD,419,5,0,0,391.8,2721.0,0.5329,0.0198,1.3348,3.815,0.5578,518.0,0.5056,0.0104,1.5064,3.8224,0.695,1.4984,1.5736,1.726,1.792,2.3199,0.0863,5.8108,16.6079,2.4281,65.3759,15.57,1.06,35.74,105.0,20.0,472.0,15.0174,2.91,0.06,8.67,22.0,4.0,112.0,518.0,19.4595,60,a,0,5,5,6,1,Arsenal,A,5,0.5264,2.1209,3.1372,1.0,0.9201,0.0,-0.12,-0.03,0.0915,0.0521,0.9889,0.0,0.0,0.0037,1.0,1.0,0.9201,False
174594,Nmecha,Leeds,FWD,64,0,1,0,151.7,1065.0,0.4593,0.2201,1.9621,5.388,0.4016,199.0,0.4658,0.2985,2.2884,6.7839,0.0,1.4984,1.5736,1.726,1.792,0.7741,0.371,3.3072,9.0818,0.677,30.9936,7.25,1.58,21.84,57.0,8.0,268.0,18.3878,1.03,0.66,5.06,15.0,0.0,32.0,199.0,14.4724,54,a,1,0,1,6,1,Arsenal,A,5,0.5264,2.1209,1.9945,0.7594,0.4537,0.0,-0.0911,-0.0228,0.0275,0.1681,0.465,0.0,0.0,0.0047,0.5625,0.7594,0.4537,False
235826,Piroe,Leeds,FWD,0,0,0,0,19.0,244.0,0.4292,0.0578,4.0367,8.3151,0.0,29.0,0.2793,0.0,4.6862,9.3103,0.0,1.4984,1.5736,1.726,1.792,0.0906,0.0122,0.8522,1.7554,0.0,5.6208,0.9,0.13,6.8100000000000005,14.0,0.0,42.0,26.6248,0.09,0.0,1.51,3.0,0.0,8.0,29.0,24.8276,50,u,0,0,0,6,1,Arsenal,A,5,0.5264,2.1209,0.2347,0.0,0.0,0.0,0.0,0.0,0.0,0.0,0.0,0.0,0.0,0.0,0.0,0.0,0.0,False
565297,Mateo Joseph,Leeds,FWD,0,0,0,0,0.0,0.0,0.0,0.0,0.0,0.0,0.0,0.0,0.0,0.0,0.0,0.0,0.0,1.4984,1.5736,1.726,1.792,0.0,0.0,0.0,0.0,0.0,0.0,0.0,0.0,0.0,0.0,0.0,0.0,0.0,0.0,0.0,0.0,0.0,0.0,0.0,0.0,0.0,45,i,0,0,0,6,1,Arsenal,A,5,0.5264,2.1209,0.2347,0.0,0.0,0.0,0.0,0.0,0.0,0.0,0.0,0.0,0.0,0.0,0.0,0.0,0.0,False
432720,Trafford,Leeds,GK,450,5,0,0,42.9,360.0,0.0,0.0,1.7224,0.0,0.0,90.0,0.0,0.0,1.77,0.0,0.0,1.4984,1.5736,1.726,1.792,0.0,0.0,0.821,0.0,0.0,3.2367,0.0,0.0,5.74,0.0,0.0,67.0,6.7903,0.0,0.0,1.77,0.0,0.0,5.0,90.0,5.0,50,a,0,5,5,6,1,Arsenal,A,5,0.5264,2.1209,3.1701,1.0,0.995,1.2262,-0.12,-0.03,0.0935,0.0,0.0,0.6474,-0.8204,0.0,1.0,1.0,0.995,False
173774,Elvedi,Leeds,DEF,326,3,0,0,,,,,,,,,,,,,,1.4984,1.5736,1.726,1.792,,,,,,,,,,,,,,,,,,,,,,45,a,0,3,3,6,1,Arsenal,A,5,0.5264,2.1209,1.7858,0.885,0.8596,0.0,-0.1062,-0.0266,0.0465,0.0367,0.0733,0.5593,-0.7187,0.0219,0.875,0.885,0.8596,False
643970,Lienou,Leeds,DEF,0,0,0,0,0.0,0.0,0.0,0.0,0.0,0.0,0.0,0.0,0.0,0.0,0.0,0.0,0.0,1.4984,1.5736,1.726,1.792,0.0,0.0,0.0,0.0,0.0,0.0,0.0,0.0,0.0,0.0,0.0,0.0,0.0,0.0,0.0,0.0,0.0,0.0,0.0,0.0,0.0,40,a,0,0,0,6,1,Arsenal,A,5,0.5264,2.1209,0.1769,0.0,0.0,0.0,0.0,0.0,0.0,0.0,0.0,0.0,0.0,0.0,0.0,0.0,0.0,False
592740,Cresswell,Leeds,MID,0,0,0,0,0.0,0.0,0.0,0.0,0.0,0.0,0.0,0.0,0.0,0.0,0.0,0.0,0.0,1.4984,1.5736,1.726,1.792,0.0,0.0,0.0,0.0,0.0,0.0,0.0,0.0,0.0,0.0,0.0,0.0,0.0,0.0,0.0,0.0,0.0,0.0,0.0,0.0,0.0,45,a,0,0,0,6,1,Arsenal,A,5,0.5264,2.1209,0.171,0.0,0.0,0.0,0.0,0.0,0.0,0.0,0.0,0.0,0.0,0.0,0.0,0.0,0.0,False
97846,Cairns,Leeds,GK,0,0,0,0,0.0,0.0,0.0,0.0,0.0,0.0,0.0,0.0,0.0,0.0,0.0,0.0,0.0,1.4984,1.5736,1.726,1.792,0.0,0.0,0.0,0.0,0.0,0.0,0.0,0.0,0.0,0.0,0.0,0.0,0.0,0.0,0.0,0.0,0.0,0.0,0.0,0.0,0.0,40,a,0,0,0,6,1,Arsenal,A,5,0.5264,2.1209,0.1784,0.0,0.0,0.0,0.0,0.0,0.0,0.0,0.0,0.0,0.0,0.0,0.0,0.0,0.0,False
155465,Zetterer,Leeds,GK,0,0,0,0,,,,,,,,,,,,,,1.4984,1.5736,1.726,1.792,,,,,,,,,,,,,,,,,,,,,,40,a,0,0,0,6,1,Arsenal,A,5,0.5264,2.1209,0.1784,0.0,0.0,0.0,0.0,0.0,0.0,0.0,0.0,0.0,0.0,0.0,0.0,0.0,0.0,False
437497,Bard,Leeds,DEF,18,0,1,0,,,,,,,,,,,,,,1.4984,1.5736,1.726,1.792,,,,,,,,,,,,,,,,,,,,,,45,a,1,0,1,6,1,Arsenal,A,5,0.5264,2.1209,1.3729,0.5975,0.5023,0.0,-0.0717,-0.0179,0.0199,0.0358,0.0716,0.4268,-0.3683,0.0992,0.5625,0.5975,0.5023,False
587982,Bahoya,Leeds,MID,1,0,1,0,,,,,,,,,,,,,,1.4984,1.5736,1.726,1.792,,,,,,,,,,,,,,,,,,,,,,50,a,1,0,1,6,1,Arsenal,A,5,0.5264,2.1209,1.7335,0.7594,0.4537,0.0,-0.0911,-0.0228,0.0441,0.1211,0.2018,0.0964,0.0,0.0025,0.5625,0.7594,0.4537,False
116535,A.Becker,Liverpool,GK,450,5,0,0,233.4,2340.0,0.0,0.0008,1.2144,0.0,0.271,90.0,0.0,0.0,1.56,0.0,0.0,1.5763,1.3709,1.4167,1.55,0.0,0.002,3.1493,0.0,0.7029,37.4398,0.0,0.03,29.58,0.0,8.0,389.0,14.4369,0.0,0.0,1.56,0.0,0.0,7.0,90.0,7.0,55,a,0,5,5,6,1,Man City,H,4,1.0622,2.0262,3.4013,1.0,0.995,1.2349,-0.12,-0.03,0.2206,0.0021,0.0,0.6946,-0.7743,0.0,1.0,1.0,0.995,False
449027,Mamardashvili,Liverpool,GK,0,0,0,0,140.6,867.0,0.0,0.0,1.3209,0.0,0.3201,237.0,0.0,0.0,1.1316,0.0,0.0,1.5763,1.3709,1.4167,1.55,0.0,0.0,2.0636,0.0,0.5,21.7636,0.0,0.0,13.29,0.0,2.0,139.0,13.9312,0.0,0.0,2.98,0.0,0.0,25.0,237.0,9.4937,49,a,0,0,0,6,1,Man City,H,4,1.0622,2.0262,0.1784,0.0,0.0,0.0,0.0,0.0,0.0,0.0,0.0,0.0,0.0,0.0,0.0,0.0,0.0,False
155503,Woodman,Liverpool,GK,0,0,0,0,64.7,212.0,0.0,0.0,2.0507,0.0,0.0,212.0,0.0,0.0,2.0208,0.0,0.0,1.5763,1.3709,1.4167,1.55,0.0,0.0,1.4742,0.0,0.0,10.1239,0.0,0.0,4.76,0.0,0.0,34.0,14.0827,0.0,0.0,4.76,0.0,0.0,34.0,212.0,14.434,40,a,0,0,0,6,1,Man City,H,4,1.0622,2.0262,0.1784,0.0,0.0,0.0,0.0,0.0,0.0,0.0,0.0,0.0,0.0,0.0,0.0,0.0,0.0,False
586268,Pecsi,Liverpool,GK,0,0,0,0,0.0,0.0,0.0,0.0,0.0,0.0,0.0,0.0,0.0,0.0,0.0,0.0,0.0,1.5763,1.3709,1.4167,1.55,0.0,0.0,0.0,0.0,0.0,0.0,0.0,0.0,0.0,0.0,0.0,0.0,0.0,0.0,0.0,0.0,0.0,0.0,0.0,0.0,0.0,40,u,0,0,0,6,1,Man City,H,4,1.0622,2.0262,0.1784,0.0,0.0,0.0,0.0,0.0,0.0,0.0,0.0,0.0,0.0,0.0,0.0,0.0,0.0,False
432987,Jaros,Liverpool,GK,0,0,0,0,,,,,,,,,,,,,,1.5763,1.3709,1.4167,1.55,,,,,,,,,,,,,,,,,,,,,,40,i,0,0,0,6,1,Man City,H,4,1.0622,2.0262,0.1784,0.0,0.0,0.0,0.0,0.0,0.0,0.0,0.0,0.0,0.0,0.0,0.0,0.0,0.0,False
464353,Davies,Liverpool,GK,0,0,0,0,,,,,,,,,,,,,,1.5763,1.3709,1.4167,1.55,,,,,,,,,,,,,,,,,,,,,,40,a,0,0,0,6,1,Man City,H,4,1.0622,2.0262,0.1784,0.0,0.0,0.0,0.0,0.0,0.0,0.0,0.0,0.0,0.0,0.0,0.0,0.0,0.0,False
97032,Virgil,Liverpool,DEF,450,5,0,0,439.0,3420.0,0.1439,0.0475,1.3709,8.6327,0.2265,540.0,0.165,0.0383,1.55,8.0,0.0,1.5763,1.3709,1.4167,1.55,0.7017,0.2319,6.6871,42.1085,1.1049,77.2682,3.77,1.44,47.63,352.0,10.0,593.0,15.8409,0.99,0.23,9.3,48.0,0.0,88.0,540.0,14.6667,65,a,0,5,5,6,1,Man City,H,4,1.0622,2.0262,3.0814,1.0,0.9732,0.0,-0.12,-0.03,0.154,0.1472,0.8749,0.6794,-0.7743,0.6253,1.0,1.0,0.9732,False
216094,Frimpong,Liverpool,DEF,178,2,0,0,177.0,1032.0,0.0328,0.1084,1.232,2.1627,0.098,217.0,0.029,0.0581,1.688,0.8295,0.0,1.5763,1.3709,1.4167,1.55,0.0645,0.2132,2.4229,4.2534,0.1928,32.9406,0.5,1.55,12.97,30.0,1.0,237.0,16.7495,0.07,0.14,4.07,2.0,0.0,10.0,217.0,4.1475,53,a,0,2,2,6,1,Man City,H,4,1.0622,2.0262,2.1651,0.862,0.8246,0.0,-0.1034,-0.0259,0.0582,0.2375,0.1997,0.5854,-0.6498,0.0106,0.85,0.862,0.8246,False
544877,Kerkez,Liverpool,DEF,385,4,0,0,244.0,2251.0,0.0617,0.0221,1.2675,4.2639,0.1297,225.0,0.012,0.016,1.252,3.6,0.0,1.5763,1.3709,1.4167,1.55,0.1673,0.06,3.4362,11.5599,0.3517,37.4271,1.5,0.6900000000000001,30.1,134.0,4.0,357.0,13.8051,0.03,0.04,3.1300000000000003,9.0,0.0,22.0,225.0,8.8,54,a,0,4,4,6,1,Man City,H,4,1.0622,2.0262,2.4117,1.0,0.9786,0.0,-0.12,-0.03,0.065,0.0817,0.3507,0.6831,-0.7743,0.0702,1.0,1.0,0.9786,False
171287,Gomez,Liverpool,DEF,0,0,0,0,91.8,594.0,0.0345,0.0485,1.5431,6.6525,0.0945,82.0,0.0549,0.022,1.4159,7.6829,0.0,1.5763,1.3709,1.4167,1.55,0.0352,0.0495,1.574,6.7856,0.0964,8.446,0.28,0.64,9.31,46.0,2.0,94.0,8.2804,0.05,0.02,1.29,7.0,0.0,3.0,82.0,3.2927,49,a,0,0,0,6,1,Man City,H,4,1.0622,2.0262,0.1769,0.0,0.0,0.0,0.0,0.0,0.0,0.0,0.0,0.0,0.0,0.0,0.0,0.0,0.0,False
492777,Bradley,Liverpool,DEF,0,0,0,0,48.5,928.0,0.0208,0.0742,0.8807,6.9241,0.3281,0.0,0.0,0.0,0.0,0.0,0.0,1.5763,1.3709,1.4167,1.55,0.0112,0.04,0.4746,3.7313,0.1768,10.3353,0.18,0.8400000000000001,10.77,65.0,2.0,157.0,19.1789,0.0,0.0,0.0,0.0,0.0,0.0,0.0,0.0,50,i,0,0,0,6,1,Man City,H,4,1.0622,2.0262,0.1769,0.0,0.0,0.0,0.0,0.0,0.0,0.0,0.0,0.0,0.0,0.0,0.0,0.0,0.0,False
519440,Lucky,Liverpool,DEF,0,0,0,0,0.0,0.0,0.0,0.0,0.0,0.0,0.0,0.0,0.0,0.0,0.0,0.0,0.0,1.5763,1.3709,1.4167,1.55,0.0,0.0,0.0,0.0,0.0,0.0,0.0,0.0,0.0,0.0,0.0,0.0,0.0,0.0,0.0,0.0,0.0,0.0,0.0,0.0,0.0,40,a,0,0,0,6,1,Man City,H,4,1.0622,2.0262,0.1769,0.0,0.0,0.0,0.0,0.0,0.0,0.0,0.0,0.0,0.0,0.0,0.0,0.0,0.0,False
606702,Jacquet,Liverpool,DEF,415,5,0,0,,,,,,,,,,,,,,1.5763,1.3709,1.4167,1.55,,,,,,,,,,,,,,,,,,,,,,50,a,0,5,5,6,1,Man City,H,4,1.0622,2.0262,2.306,1.0,0.9421,0.0,-0.12,-0.03,0.0925,0.0672,0.1345,0.7408,-0.6979,0.0081,1.0,1.0,0.9421,False
647681,Leoni,Liverpool,DEF,0,0,0,0,0.0,0.0,0.0,0.0,0.0,0.0,0.0,0.0,0.0,0.0,0.0,0.0,0.0,1.5763,1.3709,1.4167,1.55,0.0,0.0,0.0,0.0,0.0,0.0,0.0,0.0,0.0,0.0,0.0,0.0,0.0,0.0,0.0,0.0,0.0,0.0,0.0,0.0,0.0,40,i,0,0,0,6,1,Man City,H,4,1.0622,2.0262,0.1769,0.0,0.0,0.0,0.0,0.0,0.0,0.0,0.0,0.0,0.0,0.0,0.0,0.0,0.0,False
214285,Tsimikas,Liverpool,DEF,64,1,0,0,0.0,0.0,0.0,0.0,0.0,0.0,0.0,0.0,0.0,0.0,0.0,0.0,0.0,1.5763,1.3709,1.4167,1.55,0.0,0.0,0.0,0.0,0.0,0.0,0.0,0.0,0.0,0.0,0.0,0.0,0.0,0.0,0.0,0.0,0.0,0.0,0.0,0.0,0.0,49,a,0,1,1,6,1,Man City,H,4,1.0622,2.0262,1.9504,0.8275,0.5632,0.0,-0.0993,-0.0248,0.0556,0.0783,0.1566,0.6193,-0.4028,0.0384,0.8125,0.8275,0.5632,False
489580,Ramsay,Liverpool,DEF,0,0,0,0,0.0,0.0,0.0,0.0,0.0,0.0,0.0,0.0,0.0,0.0,0.0,0.0,0.0,1.5763,1.3709,1.4167,1.55,0.0,0.0,0.0,0.0,0.0,0.0,0.0,0.0,0.0,0.0,0.0,0.0,0.0,0.0,0.0,0.0,0.0,0.0,0.0,0.0,0.0,40,u,0,0,0,6,1,Man City,H,4,1.0622,2.0262,0.1769,0.0,0.0,0.0,0.0,0.0,0.0,0.0,0.0,0.0,0.0,0.0,0.0,0.0,0.0,False
494595,Wirtz,Liverpool,MID,402,5,0,0,270.0,2374.0,0.2877,0.191,1.5317,7.091,0.5535,304.0,0.2546,0.1569,2.0339,6.8092,0.2961,1.5763,1.3709,1.4167,1.55,0.8631,0.5731,4.595,21.273,1.6604,59.8794,6.83,5.140000000000001,33.99,176.0,17.0,521.0,19.9598,0.8599999999999999,0.53,6.869999999999999,23.0,1.0,56.0,304.0,16.5789,73,a,0,5,5,6,1,Man City,H,4,1.0622,2.0262,4.0157,1.0,0.8615,0.0,-0.12,-0.03,0.1889,0.5152,1.252,0.1771,0.0,0.1559,1.0,1.0,0.8615,False
243298,Gakpo,Liverpool,MID,370,4,0,0,378.6,2736.0,0.2641,0.0965,1.3426,4.6282,0.0432,502.0,0.2922,0.0645,1.6494,3.5857,0.0,1.5763,1.3709,1.4167,1.55,1.1108,0.4059,5.6478,19.4692,0.1817,47.7114,8.35,4.67,34.94,152.0,5.0,449.0,11.3419,1.63,0.36,9.2,20.0,0.0,55.0,502.0,9.8606,72,a,0,4,4,6,1,Man City,H,4,1.0622,2.0262,3.9226,1.0,0.9611,0.0,-0.12,-0.03,0.1121,0.3135,1.3472,0.1677,0.0,0.0447,1.0,1.0,0.9611,False
424876,Szoboszlai,Liverpool,MID,440,5,0,0,418.4,3232.0,0.1363,0.2368,1.3959,8.8445,0.6366,540.0,0.1533,0.2667,1.55,6.3333,0.6667,1.5763,1.3709,1.4167,1.55,0.6338,1.1007,6.4893,41.1169,2.9595,109.4004,4.76,6.83,45.63,338.0,21.0,780.0,23.5326,0.92,1.6,9.3,38.0,4.0,152.0,540.0,25.3333,70,a,0,5,5,6,1,Man City,H,4,1.0622,2.0262,4.0524,1.0,0.939,0.0,-0.12,-0.03,0.4693,0.7227,0.7308,0.1695,0.0,0.455,1.0,1.0,0.939,False
611922,Ngumoha,Liverpool,MID,99,1,0,0,148.9,547.0,0.1635,0.2501,1.2873,4.7307,0.6671,261.0,0.1379,0.0931,1.2069,4.1379,0.3448,1.5763,1.3709,1.4167,1.55,0.2705,0.4137,2.1297,7.8267,1.1036,37.2159,1.34,2.01,8.92,30.0,4.0,188.0,22.4945,0.4,0.27,3.5,12.0,1.0,41.0,261.0,14.1379,57,a,0,1,1,6,1,Man City,H,4,1.0622,2.0262,3.2438,0.8969,0.7813,0.0,-0.1076,-0.0269,0.1546,0.5343,0.7039,0.1364,0.0,0.0368,0.8125,0.8969,0.7813,False
223541,Chiesa,Liverpool,MID,0,0,0,0,34.4,317.0,0.287,0.1405,2.0969,6.1658,0.0,40.0,0.2025,0.0,2.4525,2.25,0.0,1.5763,1.3709,1.4167,1.55,0.1097,0.0537,0.8015,2.3567,0.0,10.4787,1.45,0.61,6.5,30.0,0.0,135.0,27.4152,0.09,0.0,1.09,1.0,0.0,10.0,40.0,22.5,53,i,0,0,0,6,1,Man City,H,4,1.0622,2.0262,0.171,0.0,0.0,0.0,0.0,0.0,0.0,0.0,0.0,0.0,0.0,0.0,0.0,0.0,0.0,False
441266,Gravenberch,Liverpool,MID,190,2,0,0,374.8,2991.0,0.058,0.0614,1.2607,8.2296,0.4256,428.0,0.0547,0.0421,1.2428,6.3084,0.6308,1.5763,1.3709,1.4167,1.55,0.2416,0.2556,5.25,34.2716,1.7723,77.2999,1.89,2.26,38.41,298.0,17.0,671.0,18.5619,0.26,0.2,5.91,30.0,3.0,84.0,428.0,17.6636,58,a,0,2,2,6,1,Man City,H,4,1.0622,2.0262,2.7097,0.945,0.8652,0.0,-0.1134,-0.0284,0.1754,0.205,0.3388,0.151,0.0,0.4028,0.9,0.945,0.8652,False
243016,Mac Allister,Liverpool,MID,306,3,0,0,368.2,2654.0,0.1355,0.0564,1.4272,7.798,0.4747,456.0,0.1007,0.0651,1.6796,7.5,0.5921,1.5763,1.3709,1.4167,1.55,0.5542,0.2307,5.8387,31.9024,1.942,70.1661,3.89,1.69,36.97,229.0,9.0,490.0,17.1509,0.51,0.33,8.51,38.0,3.0,91.0,456.0,17.9605,54,a,0,3,3,6,1,Man City,H,4,1.0622,2.0262,2.9946,0.945,0.8652,0.0,-0.1134,-0.0284,0.1434,0.2082,0.6526,0.151,0.0,0.3705,0.9,0.945,0.8652,False
206915,C.Jones,Liverpool,MID,0,0,0,0,307.9,1923.0,0.1314,0.0867,1.5195,11.8242,0.5244,536.0,0.1209,0.0672,1.5616,13.2649,0.5037,1.5763,1.3709,1.4167,1.55,0.4494,0.2965,5.1985,40.452,1.7942,74.209,2.21,2.77,31.44,237.0,6.0,447.0,21.6915,0.72,0.4,9.3,79.0,3.0,135.0,536.0,22.6679,55,u,0,0,0,6,1,Man City,H,4,1.0622,2.0262,0.171,0.0,0.0,0.0,0.0,0.0,0.0,0.0,0.0,0.0,0.0,0.0,0.0,0.0,0.0,False
158983,Endo,Liverpool,MID,0,0,0,0,18.0,170.0,0.0295,0.0305,1.559,11.9715,0.0,0.0,0.0,0.0,0.0,0.0,0.0,1.5763,1.3709,1.4167,1.55,0.0059,0.0061,0.3118,2.3943,0.0,4.0451,0.04,0.05,4.11,23.0,0.0,49.0,20.2255,0.0,0.0,0.0,0.0,0.0,0.0,0.0,0.0,49,a,0,0,0,6,1,Man City,H,4,1.0622,2.0262,0.171,0.0,0.0,0.0,0.0,0.0,0.0,0.0,0.0,0.0,0.0,0.0,0.0,0.0,0.0,False
591386,Nyoni,Liverpool,MID,38,0,1,0,5.5,21.0,1.0702,0.1031,4.4378,26.4256,0.0,7.0,0.0,0.1286,5.6571,38.5714,0.0,1.5763,1.3709,1.4167,1.55,0.0654,0.0063,0.2712,1.6149,0.0,2.2273,0.37,0.02,0.85,5.0,0.0,11.0,36.4467,0.0,0.01,0.44,3.0,0.0,2.0,7.0,25.7143,49,a,1,0,1,6,1,Man City,H,4,1.0622,2.0262,2.1921,0.7594,0.4306,0.0,-0.0911,-0.0228,0.0584,0.2407,0.5487,0.0973,0.0,0.018,0.5625,0.7594,0.4306,False
535928,Bajcetic,Liverpool,MID,0,0,0,0,0.0,0.0,0.0,0.0,0.0,0.0,0.0,0.0,0.0,0.0,0.0,0.0,0.0,1.5763,1.3709,1.4167,1.55,0.0,0.0,0.0,0.0,0.0,0.0,0.0,0.0,0.0,0.0,0.0,0.0,0.0,0.0,0.0,0.0,0.0,0.0,0.0,0.0,0.0,50,u,0,0,0,6,1,Man City,H,4,1.0622,2.0262,0.171,0.0,0.0,0.0,0.0,0.0,0.0,0.0,0.0,0.0,0.0,0.0,0.0,0.0,0.0,False
551499,Munoz,Liverpool,MID,257,3,0,0,,,,,,,,,,,,,,1.5763,1.3709,1.4167,1.55,,,,,,,,,,,,,,,,,,,,,,65,a,0,3,3,6,1,Man City,H,4,1.0622,2.0262,2.6727,0.9313,0.8062,0.0,-0.1118,-0.0279,0.1311,0.233,0.3883,0.1514,0.0,0.0003,0.875,0.9313,0.8062,False
491501,McConnell,Liverpool,MID,0,0,0,0,0.0,0.0,0.0,0.0,0.0,0.0,0.0,0.0,0.0,0.0,0.0,0.0,0.0,1.5763,1.3709,1.4167,1.55,0.0,0.0,0.0,0.0,0.0,0.0,0.0,0.0,0.0,0.0,0.0,0.0,0.0,0.0,0.0,0.0,0.0,0.0,0.0,0.0,0.0,44,a,0,0,0,6,1,Man City,H,4,1.0622,2.0262,0.171,0.0,0.0,0.0,0.0,0.0,0.0,0.0,0.0,0.0,0.0,0.0,0.0,0.0,0.0,False
219168,Isak,Liverpool,FWD,413,5,0,0,75.7,694.0,0.2875,0.0074,1.3312,3.6102,0.8453,172.0,0.2878,0.0052,1.4808,2.6163,1.0465,1.5763,1.3709,1.4167,1.55,0.2418,0.0062,1.1197,3.0366,0.711,18.0098,2.59,0.08,8.38,30.0,4.0,140.0,21.4119,0.55,0.01,2.83,5.0,2.0,43.0,172.0,22.5,91,a,0,5,5,6,1,Man City,H,4,1.0622,2.0262,3.6116,1.0,0.8901,0.0,-0.12,-0.03,0.2616,0.1682,1.207,0.0,0.0,0.0018,1.0,1.0,0.8901,False
510663,Ekitiké,Liverpool,FWD,0,0,0,0,150.5,1797.0,0.545,0.1583,1.2987,4.3031,0.9612,0.0,0.0,0.0,0.0,0.0,0.0,1.5763,1.3709,1.4167,1.55,0.9113,0.2647,2.1717,7.1957,1.6073,33.9254,10.1,2.45,26.11,85.0,22.0,433.0,20.2876,0.0,0.0,0.0,0.0,0.0,0.0,0.0,0.0,74,i,0,0,0,6,1,Man City,H,4,1.0622,2.0262,0.2347,0.0,0.0,0.0,0.0,0.0,0.0,0.0,0.0,0.0,0.0,0.0,0.0,0.0,0.0,False
514514,Koumas,Liverpool,MID,22,0,1,0,,,,,,,,,,,,,,1.5763,1.3709,1.4167,1.55,,,,,,,,,,,,,,,,,,,,,,50,a,1,0,1,6,1,Man City,H,4,1.0622,2.0262,2.0212,0.7594,0.4306,0.0,-0.0911,-0.0228,0.0622,0.2305,0.3841,0.0973,0.0,0.0023,0.5625,0.7594,0.4306,False
500058,Danns,Liverpool,FWD,0,0,0,0,0.0,0.0,0.0,0.0,0.0,0.0,0.0,0.0,0.0,0.0,0.0,0.0,0.0,1.5763,1.3709,1.4167,1.55,0.0,0.0,0.0,0.0,0.0,0.0,0.0,0.0,0.0,0.0,0.0,0.0,0.0,0.0,0.0,0.0,0.0,0.0,0.0,0.0,0.0,45,a,0,0,0,6,1,Man City,H,4,1.0622,2.0262,0.2347,0.0,0.0,0.0,0.0,0.0,0.0,0.0,0.0,0.0,0.0,0.0,0.0,0.0,0.0,False
444884,Elliott,Liverpool,MID,0,0,0,0,4.0,110.0,0.3848,0.09,0.9428,5.5305,0.0,0.0,0.0,0.0,0.0,0.0,0.0,1.5763,1.3709,1.4167,1.55,0.0171,0.004,0.0419,0.2458,0.0,0.803,0.29,0.08,1.7400000000000002,6.0,0.0,17.0,18.0675,0.0,0.0,0.0,0.0,0.0,0.0,0.0,0.0,54,u,0,0,0,6,1,Man City,H,4,1.0622,2.0262,0.171,0.0,0.0,0.0,0.0,0.0,0.0,0.0,0.0,0.0,0.0,0.0,0.0,0.0,0.0,False
445087,Araujo,Liverpool,DEF,284,3,0,0,,,,,,,,,,,,,,1.5763,1.3709,1.4167,1.55,,,,,,,,,,,,,,,,,,,,,,54,a,0,3,3,6,1,Man City,H,4,1.0622,2.0262,2.0047,0.885,0.8563,0.0,-0.1062,-0.0266,0.0632,0.0789,0.1577,0.5978,-0.6783,0.0417,0.875,0.885,0.8563,False
482616,Barcola,Liverpool,MID,168,2,0,0,,,,,,,,,,,,,,1.5763,1.3709,1.4167,1.55,,,,,,,,,,,,,,,,,,,,,,80,a,0,2,2,6,1,Man City,H,4,1.0622,2.0262,2.6944,0.9175,0.7699,0.0,-0.1101,-0.0275,0.1287,0.2611,0.4351,0.1488,0.0,0.0009,0.85,0.9175,0.7699,False
448047,Enzo,Man City,MID,271,3,0,0,400.1,3114.0,0.2223,0.2223,1.3425,6.6037,0.6436,537.0,0.1458,0.2145,1.4413,5.5307,0.838,2.1892,1.3675,2.804,1.766,0.9883,0.9881,5.9681,29.3569,2.8611,90.2324,11.26,7.26,44.89,244.0,19.0,700.0,20.2972,0.8699999999999999,1.28,8.6,33.0,5.0,121.0,537.0,20.2793,69,a,0,3,3,6,1,Liverpool,A,4,0.8863,1.6273,3.5034,0.945,0.8543,0.0,-0.1134,-0.0284,0.1431,0.516,0.8132,0.2024,0.0,0.1118,0.9,0.945,0.8543,False
440993,Ndiaye,Man City,MID,385,4,0,0,389.2,2781.0,0.2207,0.0916,1.4476,8.0834,0.1986,540.0,0.27,0.0283,1.4233,6.5,0.0,2.1892,1.3675,2.804,1.766,0.9546,0.3962,6.2602,34.956,0.8588,63.6938,6.68,4.41,42.68,283.0,7.0,540.0,14.7288,1.62,0.17,8.54,39.0,0.0,65.0,540.0,10.8333,58,a,0,4,4,6,1,Liverpool,A,4,0.8863,1.6273,3.5244,1.0,0.9578,0.0,-0.12,-0.03,0.1092,0.2357,0.9738,0.227,0.0,0.2828,1.0,1.0,0.9578,False
204936,Donnarumma,Man City,GK,450,5,0,0,405.1,3060.0,0.0,0.0094,1.1954,0.0,0.2441,540.0,0.0,0.0217,1.3183,0.0,0.3333,2.1892,1.3675,2.804,1.766,0.0,0.0421,5.3805,0.0,1.0985,74.662,0.0,0.13,38.5,0.0,5.0,567.0,16.5875,0.0,0.13,7.91,0.0,2.0,90.0,540.0,15.0,55,a,0,5,5,6,1,Liverpool,A,4,0.8863,1.6273,3.8563,1.0,0.995,1.1105,-0.12,-0.03,0.3339,0.0275,0.0,0.9431,-0.5822,0.0,1.0,1.0,0.995,False
122074,Bettinelli,Man City,GK,0,0,0,0,0.0,0.0,0.0,0.0,0.0,0.0,0.0,0.0,0.0,0.0,0.0,0.0,0.0,2.1892,1.3675,2.804,1.766,0.0,0.0,0.0,0.0,0.0,0.0,0.0,0.0,0.0,0.0,0.0,0.0,0.0,0.0,0.0,0.0,0.0,0.0,0.0,0.0,0.0,45,a,0,0,0,6,1,Liverpool,A,4,0.8863,1.6273,0.1784,0.0,0.0,0.0,0.0,0.0,0.0,0.0,0.0,0.0,0.0,0.0,0.0,0.0,0.0,False
472769,O'Reilly,Man City,DEF,163,2,0,0,329.1,2643.0,0.298,0.1036,1.2471,5.0415,0.4766,450.0,0.342,0.124,1.446,5.2,0.4,2.1892,1.3675,2.804,1.766,1.0896,0.3789,4.5601,18.435,1.7427,70.1644,6.12,2.67,34.97,172.0,10.0,567.0,19.1881,1.71,0.62,7.23,26.0,2.0,81.0,450.0,16.2,63,a,0,2,2,6,1,Liverpool,A,4,0.8863,1.6273,3.7239,0.908,0.8336,0.0,-0.109,-0.0272,0.113,0.2161,1.1788,0.8928,-0.459,0.0364,0.9,0.908,0.8336,False
209036,Guéhi,Man City,DEF,450,5,0,0,397.0,3150.0,0.1166,0.0516,1.2483,7.5795,0.4121,540.0,0.04,0.0383,1.3183,7.1667,0.3333,2.1892,1.3675,2.804,1.766,0.5145,0.2274,5.5063,33.4342,1.8176,89.8821,4.05,2.37,44.58,278.0,14.0,688.0,20.3763,0.24,0.23,7.91,43.0,2.0,124.0,540.0,20.6667,60,a,0,5,5,6,1,Liverpool,A,4,0.8863,1.6273,3.2193,1.0,0.9709,0.0,-0.12,-0.03,0.2426,0.1307,0.5101,0.9203,-0.5822,0.3021,1.0,1.0,0.9709,False
465351,Matheus N.,Man City,DEF,213,2,0,0,376.7,2861.0,0.0064,0.0666,1.1807,5.3452,0.3203,507.0,0.0,0.0408,1.3562,5.503,0.0,2.1892,1.3675,2.804,1.766,0.0268,0.2786,4.9417,22.3726,1.3405,83.3305,0.3399999999999999,2.23,34.89,195.0,16.0,676.0,19.9091,0.0,0.23,7.64,31.0,0.0,102.0,507.0,18.1065,59,a,0,2,2,6,1,Liverpool,A,4,0.8863,1.6273,2.471,0.908,0.8791,0.0,-0.109,-0.0272,0.1333,0.1479,0.0532,0.8333,-0.5244,0.0902,0.9,0.908,0.8791,False
171314,Rúben,Man City,DEF,450,5,0,0,172.0,2139.0,0.0205,0.0296,1.2365,6.4755,0.1675,90.0,0.0,0.02,1.77,3.0,0.0,2.1892,1.3675,2.804,1.766,0.0392,0.0566,2.3631,12.3754,0.3201,31.7518,0.5700000000000001,0.65,26.07,167.0,4.0,453.0,16.6143,0.0,0.02,1.77,3.0,0.0,6.0,90.0,6.0,55,a,0,5,5,6,1,Liverpool,A,4,0.8863,1.6273,2.6803,1.0,0.9709,0.0,-0.12,-0.03,0.1322,0.0854,0.1268,0.9203,-0.5822,0.1673,1.0,1.0,0.9709,False
477424,Gvardiol,Man City,DEF,434,5,0,0,86.3,1370.0,0.162,0.0515,1.0439,6.551,0.2269,69.0,0.0783,0.0783,0.9913,5.2174,0.0,2.1892,1.3675,2.804,1.766,0.1553,0.0494,1.001,6.2817,0.2176,18.4559,2.25,0.7000000000000001,16.05,103.0,5.0,303.0,19.2472,0.06,0.06,0.76,4.0,0.0,12.0,69.0,15.6522,57,a,0,5,5,6,1,Liverpool,A,4,0.8863,1.6273,3.3945,1.0,0.9583,0.0,-0.12,-0.03,0.1855,0.1338,0.6939,0.9508,-0.5547,0.1693,1.0,1.0,0.9583,False
448514,Aït-Nouri,Man City,DEF,0,0,0,0,158.0,971.0,0.0534,0.1925,1.0901,5.1059,0.8764,167.0,0.0647,0.1617,0.8407,3.2335,1.0778,2.1892,1.3675,2.804,1.766,0.0937,0.3379,1.9138,8.9637,1.5386,41.3582,0.53,2.01,12.25,67.0,9.0,237.0,23.5585,0.12,0.3,1.56,6.0,2.0,53.0,167.0,28.5629,53,a,0,0,0,6,1,Liverpool,A,4,0.8863,1.6273,0.1769,0.0,0.0,0.0,0.0,0.0,0.0,0.0,0.0,0.0,0.0,0.0,0.0,0.0,0.0,False
578153,Khusanov,Man City,DEF,268,3,0,0,258.3,1427.0,0.0465,0.1397,1.3713,7.192,0.285,450.0,0.036,0.21,1.534,7.6,0.6,2.1892,1.3675,2.804,1.766,0.1335,0.401,3.9357,20.6411,0.8179,52.6973,0.65,1.21,20.89,123.0,3.0,293.0,18.3614,0.18,1.05,7.67,38.0,3.0,94.0,450.0,18.8,54,a,0,3,3,6,1,Liverpool,A,4,0.8863,1.6273,2.7113,0.885,0.8476,0.0,-0.1062,-0.0266,0.1158,0.3004,0.2122,0.8111,-0.505,0.2396,0.875,0.885,0.8476,False
494307,Alleyne,Man City,DEF,0,0,0,0,13.4,135.0,0.174,0.0396,1.0196,7.1799,0.0,0.0,0.0,0.0,0.0,0.0,0.0,2.1892,1.3675,2.804,1.766,0.0259,0.0059,0.1518,1.069,0.0,2.6897,0.26,0.06,1.54,11.0,0.0,27.0,18.0651,0.0,0.0,0.0,0.0,0.0,0.0,0.0,0.0,50,u,0,0,0,6,1,Liverpool,A,4,0.8863,1.6273,0.1769,0.0,0.0,0.0,0.0,0.0,0.0,0.0,0.0,0.0,0.0,0.0,0.0,0.0,0.0,False
477064,Lewis,Man City,DEF,56,1,0,0,54.2,401.0,0.0722,0.1396,1.7357,1.4539,0.0566,90.0,0.08,0.08,1.77,0.0,0.0,2.1892,1.3675,2.804,1.766,0.0435,0.0841,1.0453,0.8756,0.0341,1.5808,0.19,1.39,6.8100000000000005,19.0,2.0,72.0,2.6249,0.08,0.08,1.77,0.0,0.0,-3.0,90.0,-3.0,44,a,0,1,1,6,1,Liverpool,A,4,0.8863,1.6273,2.0675,0.8275,0.447,0.0,-0.0993,-0.0248,0.0297,0.1285,0.1673,0.6593,-0.2446,0.0008,0.8125,0.8275,0.447,False
616222,Vitor Reis,Man City,DEF,1,0,1,0,0.0,0.0,0.0,0.0,0.0,0.0,0.0,0.0,0.0,0.0,0.0,0.0,0.0,2.1892,1.3675,2.804,1.766,0.0,0.0,0.0,0.0,0.0,0.0,0.0,0.0,0.0,0.0,0.0,0.0,0.0,0.0,0.0,0.0,0.0,0.0,0.0,0.0,0.0,45,a,1,0,1,6,1,Liverpool,A,4,0.8863,1.6273,1.6972,0.5975,0.4832,0.0,-0.0717,-0.0179,0.0284,0.0632,0.1263,0.5691,-0.2578,0.09,0.5625,0.5975,0.4832,False
437730,Semenyo,Man City,MID,450,5,0,0,400.3,3200.0,0.2525,0.094,1.1659,5.4392,0.3049,520.0,0.1523,0.1315,1.0177,4.3269,0.1731,2.1892,1.3675,2.804,1.766,1.1231,0.418,5.1855,24.1924,1.356,81.67,11.1,3.12,47.67,236.0,18.0,678.0,18.362,0.88,0.76,5.88,25.0,1.0,96.0,520.0,16.6154,84,a,0,5,5,6,1,Liverpool,A,4,0.8863,1.6273,3.6032,1.0,0.947,0.0,-0.12,-0.03,0.1341,0.2836,0.993,0.2244,0.0,0.0483,1.0,1.0,0.947,False
209244,Foden,Man City,MID,217,3,0,0,216.5,2078.0,0.2329,0.2296,1.4258,7.1958,0.6347,256.0,0.2426,0.2602,1.7402,7.7344,1.0547,2.1892,1.3675,2.804,1.766,0.5603,0.5524,3.4299,17.3099,1.5269,56.6064,6.03,4.76,27.38,160.0,13.0,563.0,23.5315,0.6900000000000001,0.74,4.95,22.0,3.0,69.0,256.0,24.2578,69,s,0,3,3,6,1,Liverpool,A,4,0.8863,1.6273,0.171,0.0,0.0,0.0,0.0,0.0,0.0,0.0,0.0,0.0,0.0,0.0,0.0,0.0,0.0,False
466052,Cherki,Man City,MID,302,4,0,0,266.8,1772.0,0.249,0.4022,1.4397,5.4244,0.6135,400.0,0.3442,0.3015,1.737,3.6,0.675,2.1892,1.3675,2.804,1.766,0.7382,1.1924,4.268,16.0804,1.8187,76.7112,4.28,8.870000000000001,25.23,135.0,16.0,580.0,25.8771,1.53,1.34,7.72,16.0,3.0,99.0,400.0,22.275,78,a,0,4,4,6,1,Liverpool,A,4,0.8863,1.6273,3.9366,1.0,0.7551,0.0,-0.12,-0.03,0.2715,0.7631,0.9053,0.2207,0.0,0.0114,1.0,1.0,0.7551,False
248875,Doku,Man City,MID,15,0,1,0,239.1,1773.0,0.1568,0.2526,1.2469,6.5864,0.9481,476.0,0.1532,0.2326,1.3084,6.4286,1.1345,2.1892,1.3675,2.804,1.766,0.4165,0.6711,3.3125,17.4978,2.5187,82.42,2.87,5.86,23.2,126.0,15.0,526.0,31.0238,0.81,1.23,6.92,34.0,6.0,178.0,476.0,33.6555,74,a,1,0,1,6,1,Liverpool,A,4,0.8863,1.6273,2.1728,0.7594,0.4191,0.0,-0.0911,-0.0228,0.1474,0.3143,0.3521,0.1234,0.0,0.021,0.5625,0.7594,0.4191,False
220566,Rodrigo,Man City,MID,0,0,0,0,222.1,1510.0,0.1062,0.1589,1.2891,11.8604,0.4797,177.0,0.2034,0.1373,1.7746,11.6949,0.5085,2.1892,1.3675,2.804,1.766,0.262,0.3921,3.1811,29.2689,1.1837,53.0595,1.15,2.45,20.74,206.0,6.0,350.0,21.5009,0.3999999999999999,0.27,3.49,23.0,1.0,45.0,177.0,22.8814,65,u,0,0,0,6,1,Liverpool,A,4,0.8863,1.6273,0.171,0.0,0.0,0.0,0.0,0.0,0.0,0.0,0.0,0.0,0.0,0.0,0.0,0.0,0.0,False
433036,Reijnders,Man City,MID,0,0,0,0,132.9,1623.0,0.3305,0.1362,1.022,5.1795,0.2353,135.0,0.4333,0.0533,1.0267,3.3333,0.0,2.1892,1.3675,2.804,1.766,0.488,0.2011,1.5091,7.6484,0.3475,22.2912,4.61,2.35,18.82,100.0,6.0,337.0,15.0956,0.65,0.08,1.54,5.0,0.0,12.0,135.0,8.0,60,u,0,0,0,6,1,Liverpool,A,4,0.8863,1.6273,0.171,0.0,0.0,0.0,0.0,0.0,0.0,0.0,0.0,0.0,0.0,0.0,0.0,0.0,0.0,False
91651,Kovačić,Man City,MID,42,0,1,0,45.4,125.0,0.0969,0.2779,2.8314,13.5426,0.0,112.0,0.1045,0.3134,2.7161,14.4643,0.0,2.1892,1.3675,2.804,1.766,0.0489,0.1402,1.4283,6.8315,0.0,13.2355,0.13,0.42,4.0,18.0,0.0,41.0,26.2378,0.13,0.39,3.38,18.0,0.0,34.0,112.0,27.3214,54,a,1,0,1,6,1,Liverpool,A,4,0.8863,1.6273,2.0126,0.7594,0.4191,0.0,-0.0911,-0.0228,0.0933,0.2509,0.3094,0.1234,0.0,0.0301,0.5625,0.7594,0.4191,False
575204,Echeverri,Man City,MID,0,0,0,0,0.0,0.0,0.0,0.0,0.0,0.0,0.0,0.0,0.0,0.0,0.0,0.0,0.0,2.1892,1.3675,2.804,1.766,0.0,0.0,0.0,0.0,0.0,0.0,0.0,0.0,0.0,0.0,0.0,0.0,0.0,0.0,0.0,0.0,0.0,0.0,0.0,0.0,0.0,49,u,0,0,0,6,1,Liverpool,A,4,0.8863,1.6273,0.171,0.0,0.0,0.0,0.0,0.0,0.0,0.0,0.0,0.0,0.0,0.0,0.0,0.0,0.0,False
155405,Phillips,Man City,MID,0,0,0,0,0.0,0.0,0.0,0.0,0.0,0.0,0.0,0.0,0.0,0.0,0.0,0.0,0.0,2.1892,1.3675,2.804,1.766,0.0,0.0,0.0,0.0,0.0,0.0,0.0,0.0,0.0,0.0,0.0,0.0,0.0,0.0,0.0,0.0,0.0,0.0,0.0,0.0,0.0,50,u,0,0,0,6,1,Liverpool,A,4,0.8863,1.6273,0.171,0.0,0.0,0.0,0.0,0.0,0.0,0.0,0.0,0.0,0.0,0.0,0.0,0.0,0.0,False
590039,Mukasa,Man City,MID,0,0,0,0,2.1,25.0,0.0,0.63,1.2471,2.9229,0.0,0.0,0.0,0.0,0.0,0.0,0.0,2.1892,1.3675,2.804,1.766,0.0,0.0147,0.0291,0.0682,0.0,0.4516,0.0,0.21,0.3399999999999999,1.0,0.0,5.0,19.3543,0.0,0.0,0.0,0.0,0.0,0.0,0.0,0.0,45,u,0,0,0,6,1,Liverpool,A,4,0.8863,1.6273,0.171,0.0,0.0,0.0,0.0,0.0,0.0,0.0,0.0,0.0,0.0,0.0,0.0,0.0,0.0,False
649208,Monga,Man City,MID,0,0,0,0,,,,,,,,,,,,,,2.1892,1.3675,2.804,1.766,,,,,,,,,,,,,,,,,,,,,,49,u,0,0,0,6,1,Liverpool,A,4,0.8863,1.6273,0.171,0.0,0.0,0.0,0.0,0.0,0.0,0.0,0.0,0.0,0.0,0.0,0.0,0.0,0.0,False
223094,Haaland,Man City,FWD,450,5,0,0,343.8,2953.0,0.659,0.1103,1.252,2.9454,1.1501,450.0,0.772,0.146,1.446,2.6,1.6,2.1892,1.3675,2.804,1.766,2.5174,0.4212,4.7826,11.2513,4.3932,98.036,25.5,2.67,38.6,104.0,43.0,952.0,25.6639,3.86,0.73,7.23,13.0,8.0,161.0,450.0,32.2,156,a,0,5,5,6,1,Liverpool,A,4,0.8863,1.6273,5.0564,1.0,0.947,0.0,-0.12,-0.03,0.44,0.3208,2.264,0.0,0.0,0.0007,1.0,1.0,0.947,False
215379,Anderson,Man City,MID,413,5,0,0,410.6,3332.0,0.0678,0.1779,1.5462,14.126,0.7295,469.0,0.071,0.2226,1.7175,13.4328,1.1514,2.1892,1.3675,2.804,1.766,0.3094,0.8116,7.0542,64.4458,3.3283,109.5539,2.94,4.79,53.65,515.0,16.0,795.0,24.0133,0.37,1.16,8.950000000000001,70.0,6.0,146.0,469.0,28.0171,63,a,0,5,5,6,1,Liverpool,A,4,0.8863,1.6273,3.5738,1.0,0.8805,0.0,-0.12,-0.03,0.6816,0.4439,0.3147,0.232,0.0,0.9672,1.0,1.0,0.8805,False
106921,Rulli,Man City,GK,0,0,0,0,,,,,,,,,,,,,,2.1892,1.3675,2.804,1.766,,,,,,,,,,,,,,,,,,,,,,50,a,0,0,0,6,1,Liverpool,A,4,0.8863,1.6273,0.1784,0.0,0.0,0.0,0.0,0.0,0.0,0.0,0.0,0.0,0.0,0.0,0.0,0.0,0.0,False
637238,Bouaddi,Man City,MID,22,0,1,0,,,,,,,,,,,,,,2.1892,1.3675,2.804,1.766,,,,,,,,,,,,,,,,,,,,,,55,a,1,0,1,6,1,Liverpool,A,4,0.8863,1.6273,1.9302,0.7594,0.4191,0.0,-0.0911,-0.0228,0.0584,0.1923,0.3205,0.1234,0.0,0.001,0.5625,0.7594,0.4191,False
616288,McAidoo,Man City,MID,11,0,1,0,0.0,0.0,0.0,0.0,0.0,0.0,0.0,0.0,0.0,0.0,0.0,0.0,0.0,2.1892,1.3675,2.804,1.766,0.0,0.0,0.0,0.0,0.0,0.0,0.0,0.0,0.0,0.0,0.0,0.0,0.0,0.0,0.0,0.0,0.0,0.0,0.0,0.0,0.0,45,a,1,0,1,6,1,Liverpool,A,4,0.8863,1.6273,1.9464,0.7594,0.4191,0.0,-0.0911,-0.0228,0.0589,0.1982,0.3303,0.1234,0.0,0.0013,0.5625,0.7594,0.4191,False
554054,Braithwaite,Man City,DEF,1,0,1,0,,,,,,,,,,,,,,2.1892,1.3675,2.804,1.766,,,,,,,,,,,,,,,,,,,,,,40,a,1,0,1,6,1,Liverpool,A,4,0.8863,1.6273,1.6972,0.5975,0.4832,0.0,-0.0717,-0.0179,0.0284,0.0632,0.1263,0.5691,-0.2578,0.09,0.5625,0.5975,0.4832,False
624777,Allan,Man City,MID,0,0,0,0,,,,,,,,,,,,,,2.1892,1.3675,2.804,1.766,,,,,,,,,,,,,,,,,,,,,,60,a,0,0,0,6,1,Liverpool,A,4,0.8863,1.6273,2.172,0.8075,0.4839,0.0,-0.0969,-0.0242,0.0749,0.23,0.3833,0.1425,0.0,0.0018,0.65,0.8075,0.4839,False
595480,Samba,Man City,MID,0,0,0,0,,,,,,,,,,,,,,2.1892,1.3675,2.804,1.766,,,,,,,,,,,,,,,,,,,,,,45,a,0,0,0,6,1,Liverpool,A,4,0.8863,1.6273,0.171,0.0,0.0,0.0,0.0,0.0,0.0,0.0,0.0,0.0,0.0,0.0,0.0,0.0,0.0,False
166989,Tielemans,Man Utd,MID,402,5,0,0,256.2,1857.0,0.0418,0.1514,1.3993,10.2168,0.0841,449.0,0.0301,0.1122,1.365,9.6214,0.0,1.7144,1.2882,1.7933,1.3017,0.119,0.431,3.9834,29.0839,0.2393,58.9789,1.14,3.26,31.34,203.0,3.0,417.0,20.7186,0.15,0.56,6.81,48.0,0.0,99.0,449.0,19.8441,58,a,0,5,5,6,1,Spurs,H,3,0.8317,0.9391,2.7199,1.0,0.8735,0.0,-0.12,-0.03,0.1819,0.3244,0.2208,0.3983,0.0,0.1848,1.0,1.0,0.8735,False
535301,Baleba,Man Utd,MID,0,0,0,0,211.2,1646.0,0.0612,0.0631,0.921,12.8156,0.0,356.0,0.0556,0.1112,0.8444,13.9045,0.0,1.7144,1.2882,1.7933,1.3017,0.1436,0.148,2.1612,30.074,0.0,37.2761,0.78,0.72,20.4,209.0,0.0,231.0,15.8847,0.22,0.44,3.34,55.0,0.0,73.0,356.0,18.4551,49,a,0,0,0,6,1,Spurs,H,3,0.8317,0.9391,0.0,0.0,0.0,0.0,0.0,0.0,0.0,0.0,0.0,0.0,0.0,0.0,0.0,0.0,0.0,False
532605,Andrey Santos,Man Utd,MID,82,1,0,0,179.7,1247.0,0.1071,0.0529,1.3557,8.2386,0.5793,184.0,0.1223,0.0245,1.1152,7.8261,1.4674,1.7144,1.2882,1.7933,1.3017,0.2139,0.1057,2.7069,16.4497,1.1567,46.7203,2.0,0.88,18.91,129.0,3.0,257.0,23.3991,0.25,0.05,2.28,16.0,3.0,71.0,184.0,34.7283,48,a,0,1,1,6,1,Spurs,H,3,0.8317,0.9391,2.3429,0.8969,0.726,0.0,-0.1076,-0.0269,0.1445,0.1392,0.3736,0.3263,0.0,0.0602,0.8125,0.8969,0.726,False
59735,Darlow,Man Utd,GK,0,0,0,0,361.1,1980.0,0.0,0.0021,1.479,0.0,0.2883,540.0,0.0,0.0017,1.5883,0.0,0.5,1.7144,1.2882,1.7933,1.3017,0.0,0.0086,5.9341,0.0,1.1567,68.9313,0.0,0.05,28.36,0.0,3.0,334.0,17.1803,0.0,0.01,9.53,0.0,3.0,111.0,540.0,18.5,45,d,0,0,0,6,1,Spurs,H,3,0.8317,0.9391,0.0584,0.0,0.0,0.0,0.0,0.0,0.0,0.0,0.0,0.0,0.0,0.0,0.0,0.0,0.0,False
465247,Lammens,Man Utd,GK,450,5,0,0,427.4,2880.0,0.0,0.0,1.2813,0.0,0.4328,540.0,0.0,0.0,1.3017,0.0,0.8333,1.7144,1.2882,1.7933,1.3017,0.0,0.0,6.0849,0.0,2.0552,69.3907,0.0,0.0,39.25,0.0,11.0,413.0,14.612,0.0,0.0,7.81,0.0,5.0,113.0,540.0,18.8333,49,a,0,5,5,6,1,Spurs,H,3,0.8317,0.9391,4.3777,1.0,0.995,0.7916,-0.12,-0.03,0.2877,0.0,0.0,1.6633,-0.2683,0.0,1.0,1.0,0.995,False
451302,Bayindir,Man Utd,GK,0,0,0,0,11.6,540.0,0.0,0.0078,1.5401,0.0,0.0,0.0,0.0,0.0,0.0,0.0,0.0,1.7144,1.2882,1.7933,1.3017,0.0,0.001,0.1985,0.0,0.0,1.0262,0.0,0.05,9.24,0.0,0.0,49.0,7.9619,0.0,0.0,0.0,0.0,0.0,0.0,0.0,0.0,45,u,0,0,0,6,1,Spurs,H,3,0.8317,0.9391,0.0584,0.0,0.0,0.0,0.0,0.0,0.0,0.0,0.0,0.0,0.0,0.0,0.0,0.0,0.0,False
21205,Heaton,Man Utd,GK,0,0,0,0,0.0,0.0,0.0,0.0,0.0,0.0,0.0,0.0,0.0,0.0,0.0,0.0,0.0,1.7144,1.2882,1.7933,1.3017,0.0,0.0,0.0,0.0,0.0,0.0,0.0,0.0,0.0,0.0,0.0,0.0,0.0,0.0,0.0,0.0,0.0,0.0,0.0,0.0,0.0,40,i,0,0,0,6,1,Spurs,H,3,0.8317,0.9391,0.0584,0.0,0.0,0.0,0.0,0.0,0.0,0.0,0.0,0.0,0.0,0.0,0.0,0.0,0.0,False
596777,Dorgu,Man Utd,MID,171,2,0,0,118.7,1440.0,0.2639,0.1798,0.9089,4.8708,1.4893,111.0,0.4297,0.3405,0.673,2.4324,2.4324,1.7144,1.2882,1.7933,1.3017,0.348,0.2371,1.1988,6.4241,1.9642,43.7181,2.39,1.84,19.61,98.0,11.0,321.0,33.1477,0.53,0.42,0.8300000000000001,3.0,3.0,60.0,111.0,48.6486,58,a,0,2,2,6,1,Spurs,H,3,0.8317,0.9391,3.468,0.9175,0.788,0.0,-0.1101,-0.0275,0.4581,0.3745,0.8535,0.343,0.0,0.0057,0.85,0.9175,0.788,False
209365,De Ligt,Man Utd,DEF,0,0,0,0,35.3,1170.0,0.1135,0.0691,1.403,8.0638,0.2884,0.0,0.0,0.0,0.0,0.0,0.0,1.7144,1.2882,1.7933,1.3017,0.0445,0.0271,0.5503,3.1628,0.1131,4.9809,1.38,0.8300000000000001,18.73,107.0,5.0,169.0,12.6992,0.0,0.0,0.0,0.0,0.0,0.0,0.0,0.0,50,i,0,0,0,6,1,Spurs,H,3,0.8317,0.9391,0.0569,0.0,0.0,0.0,0.0,0.0,0.0,0.0,0.0,0.0,0.0,0.0,0.0,0.0,0.0,False
216051,Dalot,Man Utd,DEF,346,4,0,0,323.3,2609.0,0.0771,0.076,1.2521,6.4519,0.2442,360.0,0.09,0.045,1.4425,7.25,0.0,1.7144,1.2882,1.7933,1.3017,0.2768,0.2729,4.4979,23.1765,0.8774,49.5099,1.93,2.57,36.57,180.0,9.0,414.0,13.7825,0.36,0.18,5.77,29.0,0.0,48.0,360.0,12.0,49,a,0,4,4,6,1,Spurs,H,3,0.8317,0.9391,3.9297,1.0,0.9638,0.0,-0.12,-0.03,0.1244,0.1639,0.3607,1.663,-0.2529,0.076,1.0,1.0,0.9638,False
95658,Maguire,Man Utd,DEF,450,5,0,0,307.0,1649.0,0.0506,0.0406,1.1851,9.1159,0.2306,450.0,0.062,0.062,1.248,10.6,0.4,1.7144,1.2882,1.7933,1.3017,0.1727,0.1385,4.0425,31.0954,0.7866,58.9523,1.12,0.5,22.95,151.0,5.0,315.0,17.2824,0.31,0.31,6.24,53.0,2.0,111.0,450.0,22.2,48,a,0,5,5,6,1,Spurs,H,3,0.8317,0.9391,3.8775,1.0,0.9755,0.0,-0.12,-0.03,0.2594,0.1134,0.2599,1.6307,-0.2683,0.3313,1.0,1.0,0.9755,False
221820,Martinez,Man Utd,DEF,360,4,0,0,211.2,1229.0,0.017,0.0358,1.2655,7.8157,0.1214,270.0,0.03,0.0133,1.3067,8.3333,0.0,1.7144,1.2882,1.7933,1.3017,0.0399,0.0841,2.9698,18.3409,0.285,45.2825,0.15,0.6,15.22,105.0,3.0,241.0,19.2965,0.09,0.04,3.92,25.0,0.0,72.0,270.0,24.0,50,a,0,4,4,6,1,Spurs,H,3,0.8317,0.9391,3.7672,1.0,0.9755,0.0,-0.12,-0.03,0.2993,0.0923,0.131,1.6307,-0.2683,0.1911,1.0,1.0,0.9755,False
550864,Yoro,Man Utd,DEF,22,0,1,0,173.5,1730.0,0.0969,0.0467,1.4594,9.2208,0.0096,34.0,0.0,0.0,1.0588,13.2353,0.0,1.7144,1.2882,1.7933,1.3017,0.1868,0.0901,2.8134,17.7757,0.0186,21.6293,1.34,0.5900000000000001,26.83,156.0,1.0,191.0,11.2198,0.0,0.0,0.4,5.0,0.0,7.0,34.0,18.5294,48,a,1,0,1,6,1,Spurs,H,3,0.8317,0.9391,2.1786,0.5975,0.496,0.0,-0.0717,-0.0179,0.0206,0.0551,0.2066,0.9508,-0.1152,0.0806,0.5625,0.5975,0.496,False
606745,Heaven,Man Utd,DEF,90,1,0,0,128.8,920.0,0.0217,0.0088,1.1954,7.8226,0.5715,270.0,0.0,0.0033,1.2967,6.6667,1.0,1.7144,1.2882,1.7933,1.3017,0.031,0.0126,1.7108,11.195,0.8179,23.4973,0.34,0.18,11.95,93.0,3.0,164.0,16.4189,0.0,0.01,3.89,20.0,3.0,52.0,270.0,17.3333,44,a,0,1,1,6,1,Spurs,H,3,0.8317,0.9391,2.911,0.8275,0.7927,0.0,-0.0993,-0.0248,0.0954,0.0417,0.1142,1.3251,-0.2183,0.1436,0.8125,0.8275,0.7927,False
230001,Mazraoui,Man Utd,DEF,97,1,0,0,166.8,977.0,0.0173,0.0221,1.3504,8.4879,0.709,298.0,0.0,0.0181,1.2141,8.1544,0.906,1.7144,1.2882,1.7933,1.3017,0.032,0.041,2.5027,15.7309,1.3141,44.4551,0.19,0.35,12.99,94.0,6.0,233.0,23.9866,0.0,0.06,4.02,27.0,3.0,93.0,298.0,28.0872,44,a,0,1,1,6,1,Spurs,H,3,0.8317,0.9391,3.0756,0.8275,0.7967,0.0,-0.0993,-0.0248,0.24,0.0616,0.1035,1.3318,-0.2183,0.2089,0.8125,0.8275,0.7967,False
106760,Shaw,Man Utd,DEF,335,4,0,0,409.3,3220.0,0.03,0.061,1.2802,7.0547,0.1798,513.0,0.0316,0.0754,1.314,8.4211,0.5263,1.7144,1.2882,1.7933,1.3017,0.1363,0.2772,5.822,32.0833,0.8179,70.3128,0.72,1.98,44.9,224.0,3.0,449.0,15.4609,0.18,0.43,7.49,48.0,3.0,122.0,513.0,21.4035,43,a,0,4,4,6,1,Spurs,H,3,0.8317,0.9391,3.76,1.0,0.9512,0.0,-0.12,-0.03,0.1647,0.1442,0.1511,1.6828,-0.2409,0.0987,1.0,1.0,0.9512,False
577974,Amass,Man Utd,DEF,0,0,0,0,0.0,0.0,0.0,0.0,0.0,0.0,0.0,0.0,0.0,0.0,0.0,0.0,0.0,1.7144,1.2882,1.7933,1.3017,0.0,0.0,0.0,0.0,0.0,0.0,0.0,0.0,0.0,0.0,0.0,0.0,0.0,0.0,0.0,0.0,0.0,0.0,0.0,0.0,0.0,40,a,0,0,0,6,1,Spurs,H,3,0.8317,0.9391,0.0569,0.0,0.0,0.0,0.0,0.0,0.0,0.0,0.0,0.0,0.0,0.0,0.0,0.0,0.0,False
547676,Fredricson,Man Utd,DEF,0,0,0,0,0.1,2.0,0.0,0.0,20.07,133.83,0.0,0.0,0.0,0.0,0.0,0.0,0.0,1.7144,1.2882,1.7933,1.3017,0.0,0.0,0.0223,0.1487,0.0,0.2973,0.0,0.0,0.3,2.0,0.0,4.0,267.57,0.0,0.0,0.0,0.0,0.0,0.0,0.0,0.0,40,u,0,0,0,6,1,Spurs,H,3,0.8317,0.9391,0.0569,0.0,0.0,0.0,0.0,0.0,0.0,0.0,0.0,0.0,0.0,0.0,0.0,0.0,0.0,False
141746,B.Fernandes,Man Utd,MID,450,5,0,0,410.8,3065.0,0.2208,0.4372,1.3095,7.0245,1.276,540.0,0.075,0.46,1.3017,6.5,0.8333,1.7144,1.2882,1.7933,1.3017,1.0077,1.9956,5.9771,32.0628,5.8242,145.9461,10.79,12.28,44.42,287.0,41.0,1008.0,31.9746,0.45,2.76,7.81,39.0,5.0,186.0,540.0,31.0,119,a,0,5,5,6,1,Spurs,H,3,0.8317,0.9391,4.5446,1.0,0.9555,0.0,-0.12,-0.03,0.6728,1.0149,0.7811,0.3993,0.0,0.0796,1.0,1.0,0.9555,False
446008,Mbeumo,Man Utd,MID,450,5,0,0,315.8,2611.0,0.601,0.1344,1.1848,4.8652,0.3871,400.0,0.8865,0.1192,1.3185,4.5,0.225,1.7144,1.2882,1.7933,1.3017,2.1089,0.4715,4.1572,17.0716,1.3582,62.2114,11.98,4.99,35.87,139.0,16.0,528.0,17.7297,3.94,0.53,5.86,20.0,1.0,77.0,400.0,17.325,79,a,0,5,5,6,1,Spurs,H,3,0.8317,0.9391,5.0078,1.0,0.9555,0.0,-0.12,-0.03,0.1811,0.3352,2.4157,0.3993,0.0,0.0118,1.0,1.0,0.9555,False
430871,Cunha,Man Utd,MID,407,5,0,0,322.7,2493.0,0.2183,0.1299,1.3404,7.86,0.5826,335.0,0.2579,0.1746,1.4104,8.0597,0.5373,1.7144,1.2882,1.7933,1.3017,0.7828,0.4656,4.806,28.1825,2.0891,85.7988,6.9,3.36,35.75,211.0,14.0,591.0,23.929,0.96,0.65,5.25,30.0,2.0,110.0,335.0,29.5522,79,a,0,5,5,6,1,Spurs,H,3,0.8317,0.9391,3.3622,1.0,0.886,0.0,-0.12,-0.03,0.2379,0.3124,0.8045,0.4003,0.0,0.0779,1.0,1.0,0.886,False
176297,Rashford,Man Utd,MID,351,4,0,0,0.0,0.0,0.0,0.0,0.0,0.0,0.0,0.0,0.0,0.0,0.0,0.0,0.0,1.7144,1.2882,1.7933,1.3017,0.0,0.0,0.0,0.0,0.0,0.0,0.0,0.0,0.0,0.0,0.0,0.0,0.0,0.0,0.0,0.0,0.0,0.0,0.0,0.0,0.0,70,d,0,4,4,6,1,Spurs,H,3,0.8317,0.9391,2.6932,1.0,0.9427,0.0,-0.12,-0.03,0.1416,0.1822,0.3037,0.4021,0.0,0.0,1.0,1.0,0.9427,False
184341,Mount,Man Utd,MID,10,0,1,0,110.2,1010.0,0.0651,0.118,1.0181,14.3365,0.0862,197.0,0.0091,0.1005,0.9868,17.8173,0.0,1.7144,1.2882,1.7933,1.3017,0.0797,0.1445,1.2466,17.5542,0.1055,21.5176,1.56,1.62,12.46,102.0,3.0,201.0,17.5734,0.02,0.22,2.16,39.0,0.0,34.0,197.0,15.533,54,a,1,0,1,6,1,Spurs,H,3,0.8317,0.9391,1.5534,0.7594,0.4422,0.0,-0.0911,-0.0228,0.0431,0.1604,0.1793,0.2119,0.0,0.1938,0.5625,0.7594,0.4422,False
493250,Amad,Man Utd,MID,0,0,0,0,302.2,2339.0,0.1804,0.2148,1.329,6.9584,0.2006,354.0,0.2136,0.3102,1.3729,6.1017,0.2542,1.7144,1.2882,1.7933,1.3017,0.6057,0.7211,4.4626,23.3648,0.6737,52.9176,5.46,4.74,31.69,198.0,7.0,463.0,15.7597,0.84,1.2200000000000002,5.4,24.0,1.0,52.0,354.0,13.2203,57,i,0,0,0,6,1,Spurs,H,3,0.8317,0.9391,0.0,0.0,0.0,0.0,0.0,0.0,0.0,0.0,0.0,0.0,0.0,0.0,0.0,0.0,0.0,False
516895,Mainoo,Man Utd,MID,354,4,0,0,335.0,1653.0,0.0309,0.0646,1.2295,10.3675,0.1742,540.0,0.04,0.0733,1.3017,11.1667,0.3333,1.7144,1.2882,1.7933,1.3017,0.1152,0.2406,4.5763,38.5901,0.6484,69.7923,0.48,1.27,22.88,187.0,2.0,340.0,18.7502,0.24,0.44,7.81,67.0,2.0,125.0,540.0,20.8333,55,d,0,4,4,6,1,Spurs,H,3,0.8317,0.9391,2.6775,1.0,0.9473,0.0,-0.12,-0.03,0.1779,0.2027,0.2273,0.4013,0.0,0.3198,1.0,1.0,0.9473,False
232112,Ugarte,Man Utd,MID,0,0,0,0,75.1,876.0,0.1393,0.0158,1.9219,14.5875,0.0,0.0,0.0,0.0,0.0,0.0,0.0,1.7144,1.2882,1.7933,1.3017,0.1162,0.0132,1.6037,12.1725,0.0,16.2131,0.72,0.16,18.22,142.0,0.0,183.0,19.4298,0.0,0.0,0.0,0.0,0.0,0.0,0.0,0.0,50,i,0,0,0,6,1,Spurs,H,3,0.8317,0.9391,0.0,0.0,0.0,0.0,0.0,0.0,0.0,0.0,0.0,0.0,0.0,0.0,0.0,0.0,0.0,False
547037,J.Fletcher,Man Utd,MID,0,0,0,0,8.2,107.0,0.0263,0.0176,1.564,9.1394,0.0,0.0,0.0,0.0,0.0,0.0,0.0,1.7144,1.2882,1.7933,1.3017,0.0024,0.0016,0.1425,0.8327,0.0,0.7836,0.03,0.02,1.86,11.0,0.0,10.0,8.6005,0.0,0.0,0.0,0.0,0.0,0.0,0.0,0.0,49,a,0,0,0,6,1,Spurs,H,3,0.8317,0.9391,0.0,0.0,0.0,0.0,0.0,0.0,0.0,0.0,0.0,0.0,0.0,0.0,0.0,0.0,0.0,False
576628,Lacey,Man Utd,MID,10,0,1,0,12.8,40.0,0.1322,0.0295,1.2389,6.5904,0.0,28.0,0.0964,0.0321,1.2857,6.4286,0.0,1.7144,1.2882,1.7933,1.3017,0.0188,0.0042,0.1762,0.9373,0.0,1.0504,0.1,0.01,0.51,3.0,0.0,9.0,7.3856,0.03,0.01,0.4,2.0,0.0,1.0,28.0,3.2143,49,a,1,0,1,6,1,Spurs,H,3,0.8317,0.9391,1.6846,0.7594,0.4422,0.0,-0.0911,-0.0228,0.0222,0.1761,0.3157,0.2119,0.0,0.0008,0.5625,0.7594,0.4422,False
490881,Collyer,Man Utd,MID,0,0,0,0,0.0,0.0,0.0,0.0,0.0,0.0,0.0,0.0,0.0,0.0,0.0,0.0,0.0,1.7144,1.2882,1.7933,1.3017,0.0,0.0,0.0,0.0,0.0,0.0,0.0,0.0,0.0,0.0,0.0,0.0,0.0,0.0,0.0,0.0,0.0,0.0,0.0,0.0,0.0,50,u,0,0,0,6,1,Spurs,H,3,0.8317,0.9391,0.0,0.0,0.0,0.0,0.0,0.0,0.0,0.0,0.0,0.0,0.0,0.0,0.0,0.0,0.0,False
576620,Bendito Mantato,Man Utd,MID,0,0,0,0,1.2,15.0,0.0,0.06,0.3075,0.0,0.0,0.0,0.0,0.0,0.0,0.0,0.0,1.7144,1.2882,1.7933,1.3017,0.0,0.0008,0.0041,0.0,0.0,0.2432,0.0,0.01,0.05,0.0,0.0,3.0,18.24,0.0,0.0,0.0,0.0,0.0,0.0,0.0,0.0,44,a,0,0,0,6,1,Spurs,H,3,0.8317,0.9391,0.0,0.0,0.0,0.0,0.0,0.0,0.0,0.0,0.0,0.0,0.0,0.0,0.0,0.0,0.0,False
519913,Fletcher,Man Utd,MID,0,0,0,0,6.9,17.0,0.0,0.0183,1.7361,10.9683,0.0,16.0,0.0,0.0,1.7438,11.25,0.0,1.7144,1.2882,1.7933,1.3017,0.0,0.0014,0.1331,0.8409,0.0,1.6703,0.0,0.01,0.33,2.0,0.0,6.0,21.7865,0.0,0.0,0.31,2.0,0.0,3.0,16.0,16.875,44,a,0,0,0,6,1,Spurs,H,3,0.8317,0.9391,0.0,0.0,0.0,0.0,0.0,0.0,0.0,0.0,0.0,0.0,0.0,0.0,0.0,0.0,0.0,False
485711,Šeško,Man Utd,FWD,76,0,1,0,187.9,1630.0,0.6199,0.0134,1.54,3.1548,1.1654,211.0,0.7294,0.0213,1.2839,3.4123,0.8531,1.7144,1.2882,1.7933,1.3017,1.2942,0.028,3.2152,6.5866,2.4331,58.5365,9.21,0.28,27.05,64.0,19.0,405.0,28.0377,1.71,0.05,3.01,8.0,2.0,67.0,211.0,28.5782,70,d,1,0,1,6,1,Spurs,H,3,0.8317,0.9391,2.1227,0.7594,0.4422,0.0,-0.0911,-0.0228,0.0633,0.0516,0.9854,0.0,0.0,0.0001,0.5625,0.7594,0.4422,False
458249,Zirkzee,Man Utd,FWD,20,0,1,0,66.0,607.0,0.484,0.0439,1.6193,6.3244,0.5287,98.0,0.5143,0.0184,1.6347,6.4286,0.0,1.7144,1.2882,1.7933,1.3017,0.3549,0.0322,1.1875,4.6379,0.3877,15.2286,2.74,0.34,9.41,44.0,6.0,146.0,20.7663,0.56,0.02,1.78,7.0,0.0,16.0,98.0,14.6939,53,a,1,0,1,6,1,Spurs,H,3,0.8317,0.9391,1.9065,0.7594,0.4422,0.0,-0.0911,-0.0228,0.0371,0.1062,0.7408,0.0,0.0,0.0016,0.5625,0.7594,0.4422,False
596047,Obi,Man Utd,FWD,0,0,0,0,0.0,0.0,0.0,0.0,0.0,0.0,0.0,0.0,0.0,0.0,0.0,0.0,0.0,1.7144,1.2882,1.7933,1.3017,0.0,0.0,0.0,0.0,0.0,0.0,0.0,0.0,0.0,0.0,0.0,0.0,0.0,0.0,0.0,0.0,0.0,0.0,0.0,0.0,0.0,45,u,0,0,0,6,1,Spurs,H,3,0.8317,0.9391,0.0,0.0,0.0,0.0,0.0,0.0,0.0,0.0,0.0,0.0,0.0,0.0,0.0,0.0,0.0,False
465694,N.Gonzalez,Newcastle,MID,164,3,0,0,136.3,1561.0,0.0484,0.0652,1.4404,12.1464,0.0267,191.0,0.0565,0.0565,1.6869,11.3089,0.0,1.53,1.5381,1.5433,1.4783,0.0733,0.0988,2.1814,18.3951,0.0405,29.408,0.68,1.12,20.35,206.0,1.0,337.0,19.4183,0.12,0.12,3.58,24.0,0.0,48.0,191.0,22.6178,55,a,0,3,3,6,1,Coventry City,A,2,1.1355,1.169,1.8613,0.9313,0.4815,0.0,-0.1118,-0.0279,0.1216,0.1506,0.2137,0.2313,0.0,0.0555,0.875,0.9313,0.4815,False
98747,Pope,Newcastle,GK,0,0,0,0,301.8,2416.0,0.0077,0.0,1.3297,0.0,0.0168,450.0,0.0,0.0,1.176,0.0,0.0,1.53,1.5381,1.5433,1.4783,0.0259,0.0,4.4589,0.0,0.0562,46.3199,0.16,0.0,32.89,0.0,3.0,414.0,13.8131,0.0,0.0,5.88,0.0,0.0,78.0,450.0,15.6,49,a,0,0,0,6,1,Coventry City,A,2,1.1355,1.169,0.0584,0.0,0.0,0.0,0.0,0.0,0.0,0.0,0.0,0.0,0.0,0.0,0.0,0.0,0.0,False
81441,Gillespie,Newcastle,GK,0,0,0,0,0.0,0.0,0.0,0.0,0.0,0.0,0.0,0.0,0.0,0.0,0.0,0.0,0.0,1.53,1.5381,1.5433,1.4783,0.0,0.0,0.0,0.0,0.0,0.0,0.0,0.0,0.0,0.0,0.0,0.0,0.0,0.0,0.0,0.0,0.0,0.0,0.0,0.0,0.0,45,a,0,0,0,6,1,Coventry City,A,2,1.1355,1.169,0.0584,0.0,0.0,0.0,0.0,0.0,0.0,0.0,0.0,0.0,0.0,0.0,0.0,0.0,0.0,False
554578,Jaouen,Newcastle,GK,0,0,0,0,,,,,,,,,,,,,,1.53,1.5381,1.5433,1.4783,,,,,,,,,,,,,,,,,,,,,,44,d,0,0,0,6,1,Coventry City,A,2,1.1355,1.169,0.0584,0.0,0.0,0.0,0.0,0.0,0.0,0.0,0.0,0.0,0.0,0.0,0.0,0.0,0.0,False
465642,Thiaw,Newcastle,DEF,450,5,0,0,415.2,2963.0,0.1622,0.0244,1.5989,8.2482,0.2369,540.0,0.1767,0.01,1.4783,6.6667,0.0,1.53,1.5381,1.5433,1.4783,0.7484,0.1124,7.3761,38.0518,1.0931,54.7196,4.8,0.96,49.21,292.0,12.0,436.0,11.8612,1.06,0.06,8.870000000000001,40.0,0.0,65.0,540.0,10.8333,50,a,0,5,5,6,1,Coventry City,A,2,1.1355,1.169,4.106,1.0,0.9767,0.0,-0.12,-0.03,0.1355,0.0856,1.0278,1.3427,-0.3692,0.2019,1.0,1.0,0.9767,False
119471,Schär,Newcastle,DEF,25,0,1,0,57.0,1089.0,0.1105,0.0572,1.2813,9.4137,0.0,0.0,0.0,0.0,0.0,0.0,0.0,1.53,1.5381,1.5433,1.4783,0.07,0.0362,0.8115,5.962,0.0,8.9116,0.97,0.6000000000000001,13.85,115.0,0.0,186.0,14.0709,0.0,0.0,0.0,0.0,0.0,0.0,0.0,0.0,49,a,1,0,1,6,1,Coventry City,A,2,1.1355,1.169,2.1461,0.5975,0.4991,0.0,-0.0717,-0.0179,0.0323,0.09,0.311,0.8095,-0.1605,0.083,0.5625,0.5975,0.4991,False
220237,Botman,Newcastle,DEF,450,5,0,0,308.3,1834.0,0.0841,0.0542,1.4507,12.2051,0.1486,540.0,0.04,0.0817,1.4783,14.0,0.0,1.53,1.5381,1.5433,1.4783,0.288,0.1857,4.9696,41.8093,0.5092,50.4503,1.73,0.86,27.58,216.0,6.0,332.0,14.7276,0.24,0.49,8.870000000000001,84.0,0.0,81.0,540.0,13.5,50,a,0,5,5,6,1,Coventry City,A,2,1.1355,1.169,3.8511,1.0,0.9767,0.0,-0.12,-0.03,0.3134,0.1967,0.484,1.3427,-0.3692,0.7389,1.0,1.0,0.9767,False
78916,Burn,Newcastle,DEF,0,0,0,0,270.5,2195.0,0.0866,0.0089,1.5077,9.2108,0.0518,384.0,0.1617,0.0094,1.3453,7.7344,0.0,1.53,1.5381,1.5433,1.4783,0.2603,0.0267,4.5314,27.6836,0.1558,32.1325,1.08,0.36,30.15,225.0,5.0,286.0,10.691,0.69,0.04,5.74,33.0,0.0,48.0,384.0,11.25,48,i,0,0,0,6,1,Coventry City,A,2,1.1355,1.169,0.0569,0.0,0.0,0.0,0.0,0.0,0.0,0.0,0.0,0.0,0.0,0.0,0.0,0.0,0.0,False
487838,Hall,Newcastle,DEF,449,5,0,0,334.2,2176.0,0.042,0.1051,1.6749,6.4234,0.0914,337.0,0.0427,0.0641,1.7493,6.1424,0.0,1.53,1.5381,1.5433,1.4783,0.156,0.3902,6.2193,23.8523,0.3394,45.5294,1.01,2.78,37.72,173.0,4.0,347.0,12.2611,0.16,0.24,6.55,23.0,0.0,40.0,337.0,10.6825,53,a,0,5,5,6,1,Coventry City,A,2,1.1355,1.169,3.5839,1.0,0.9762,0.0,-0.12,-0.03,0.1189,0.3105,0.2946,1.3449,-0.368,0.0872,1.0,1.0,0.9762,False
441191,Livramento,Newcastle,DEF,33,0,1,0,108.8,1326.0,0.0068,0.0766,1.9299,4.2354,0.0423,73.0,0.0,0.037,2.7986,6.1644,0.0,1.53,1.5381,1.5433,1.4783,0.0082,0.0926,2.333,5.1201,0.0511,15.7961,0.13,0.89,18.62,68.0,3.0,252.0,13.0666,0.0,0.03,2.27,5.0,0.0,7.0,73.0,8.6301,49,d,1,0,1,6,1,Coventry City,A,2,1.1355,1.169,1.9048,0.5975,0.4991,0.0,-0.0717,-0.0179,0.0278,0.1125,0.0516,0.8095,-0.1605,0.0035,0.5625,0.5975,0.4991,False
545477,A.Murphy,Newcastle,DEF,0,0,0,0,2.6,7.0,0.0,0.0,4.3685,47.9873,0.0,6.0,0.0,0.0,3.3,45.0,0.0,1.53,1.5381,1.5433,1.4783,0.0,0.0,0.1262,1.3863,0.0,1.5568,0.0,0.0,0.49,4.0,0.0,3.0,53.8892,0.0,0.0,0.22,3.0,0.0,4.0,6.0,60.0,40,u,0,0,0,6,1,Coventry City,A,2,1.1355,1.169,0.0569,0.0,0.0,0.0,0.0,0.0,0.0,0.0,0.0,0.0,0.0,0.0,0.0,0.0,0.0,False
201666,Barnes,Newcastle,MID,450,5,0,0,255.5,1951.0,0.2731,0.115,1.6353,4.2899,0.3017,284.0,0.2884,0.1743,1.7842,4.1197,0.3169,1.53,1.5381,1.5433,1.4783,0.7754,0.3265,4.6423,12.1786,0.8564,49.0815,6.84,2.72,30.3,100.0,9.0,349.0,17.289,0.91,0.55,5.63,13.0,1.0,79.0,284.0,25.0352,61,a,0,5,5,6,1,Coventry City,A,2,1.1355,1.169,4.0585,1.0,0.9576,0.0,-0.12,-0.03,0.1737,0.4346,1.4424,0.3291,0.0,0.0062,1.0,1.0,0.9576,False
449434,Elanga,Newcastle,MID,232,3,0,0,141.9,1302.0,0.1097,0.139,1.7519,4.1389,0.0,94.0,0.2011,0.0574,2.8149,3.8298,0.0,1.53,1.5381,1.5433,1.4783,0.173,0.2191,2.7622,6.5256,0.0,20.2731,1.65,1.74,21.11,55.0,0.0,179.0,12.8582,0.21,0.06,2.94,4.0,0.0,14.0,94.0,13.4043,61,i,0,3,3,6,1,Coventry City,A,2,1.1355,1.169,0.0,0.0,0.0,0.0,0.0,0.0,0.0,0.0,0.0,0.0,0.0,0.0,0.0,0.0,0.0,False
232653,J.Ramsey,Newcastle,MID,69,0,1,0,254.0,1441.0,0.0624,0.0966,1.6637,9.5569,0.3307,361.0,0.0374,0.1346,1.5058,10.2216,0.4986,1.53,1.5381,1.5433,1.4783,0.1761,0.2727,4.6953,26.9718,0.9332,61.8387,1.2,1.45,27.24,149.0,3.0,303.0,21.9114,0.15,0.54,6.04,41.0,2.0,96.0,361.0,23.9335,49,i,1,0,1,6,1,Coventry City,A,2,1.1355,1.169,0.0,0.0,0.0,0.0,0.0,0.0,0.0,0.0,0.0,0.0,0.0,0.0,0.0,0.0,0.0,False
114243,J.Murphy,Newcastle,MID,181,2,0,0,204.4,1606.0,0.0769,0.0952,1.6072,6.0503,0.4596,280.0,0.0321,0.0804,1.2696,5.7857,0.9643,1.53,1.5381,1.5433,1.4783,0.1746,0.2163,3.6501,13.7409,1.0439,36.1028,3.07,2.66,24.35,90.0,5.0,314.0,15.8965,0.1,0.2499999999999999,3.95,18.0,3.0,47.0,280.0,15.1071,59,a,0,2,2,6,1,Coventry City,A,2,1.1355,1.169,2.5797,0.9175,0.8163,0.0,-0.1101,-0.0275,0.0958,0.3093,0.4269,0.2805,0.0,0.0316,0.85,0.9175,0.8163,False
180974,Joelinton,Newcastle,MID,0,0,0,0,217.6,1950.0,0.1144,0.0655,1.5162,11.1519,0.067,180.0,0.135,0.1,1.315,12.0,0.0,1.53,1.5381,1.5433,1.4783,0.2766,0.1584,3.6659,26.9627,0.1621,31.0635,2.36,1.35,28.75,238.0,2.0,304.0,12.848,0.27,0.2,2.63,24.0,0.0,23.0,180.0,11.5,54,i,0,0,0,6,1,Coventry City,A,2,1.1355,1.169,0.0,0.0,0.0,0.0,0.0,0.0,0.0,0.0,0.0,0.0,0.0,0.0,0.0,0.0,0.0,False
547719,L.Miley,Newcastle,MID,396,5,0,0,175.9,1493.0,0.0547,0.0858,1.5379,8.9126,0.2471,270.0,0.0,0.03,1.67,9.3333,0.0,1.53,1.5381,1.5433,1.4783,0.1069,0.1676,3.0057,17.4191,0.483,34.3788,1.36,2.1,21.22,155.0,5.0,334.0,17.5901,0.0,0.09,5.01,28.0,0.0,38.0,270.0,12.6667,55,a,0,5,5,6,1,Coventry City,A,2,1.1355,1.169,2.7058,1.0,0.8638,0.0,-0.12,-0.03,0.1629,0.2799,0.3439,0.3342,0.0,0.1001,1.0,1.0,0.8638,False
200089,Willock,Newcastle,MID,284,3,0,0,186.2,972.0,0.1154,0.1283,1.6185,6.997,0.0,279.0,0.1452,0.1387,1.2613,4.1935,0.0,1.53,1.5381,1.5433,1.4783,0.2387,0.2655,3.3484,14.4761,0.0,32.2805,1.26,1.07,17.83,89.0,0.0,166.0,15.6028,0.4499999999999999,0.43,3.91,13.0,0.0,52.0,279.0,16.7742,50,a,0,3,3,6,1,Coventry City,A,2,1.1355,1.169,2.9821,0.9313,0.8457,0.0,-0.1118,-0.0279,0.1049,0.4186,0.6597,0.2907,0.0,0.0458,0.875,0.9313,0.8457,False
611665,Touré,Newcastle,MID,50,0,1,0,,,,,,,,,,,,,,1.53,1.5381,1.5433,1.4783,,,,,,,,,,,,,,,,,,,,,,58,a,1,0,1,6,1,Coventry City,A,2,1.1355,1.169,1.832,0.7594,0.448,0.0,-0.0911,-0.0228,0.0748,0.2291,0.3819,0.1816,0.0,0.0002,0.5625,0.7594,0.448,False
636852,Steur,Newcastle,MID,223,2,0,0,,,,,,,,,,,,,,1.53,1.5381,1.5433,1.4783,,,,,,,,,,,,,,,,,,,,,,49,a,0,2,2,6,1,Coventry City,A,2,1.1355,1.169,2.6516,0.9175,0.8216,0.0,-0.1101,-0.0275,0.1611,0.2759,0.4598,0.2824,0.0,0.0001,0.85,0.9175,0.8216,False
470313,Woltemade,Newcastle,FWD,19,0,1,0,214.9,1896.0,0.1669,0.1243,1.2857,5.3637,0.4937,230.0,0.0783,0.27,1.0878,5.087,0.7826,1.53,1.5381,1.5433,1.4783,0.3986,0.2968,3.0699,12.8073,1.1788,47.9392,6.59,1.53,25.67,105.0,12.0,399.0,20.0769,0.2,0.69,2.78,13.0,2.0,65.0,230.0,25.4348,59,u,1,0,1,6,1,Coventry City,A,2,1.1355,1.169,0.0,0.0,0.0,0.0,0.0,0.0,0.0,0.0,0.0,0.0,0.0,0.0,0.0,0.0,0.0,False
216646,Wissa,Newcastle,FWD,441,5,0,0,75.7,517.0,0.6585,0.0598,2.0025,3.7573,0.0,94.0,1.1298,0.0096,1.8862,2.8723,0.0,1.53,1.5381,1.5433,1.4783,0.5539,0.0503,1.6843,3.1603,0.0,9.4685,3.1300000000000003,0.54,9.97,22.0,0.0,70.0,11.2571,1.1800000000000002,0.01,1.97,3.0,0.0,6.0,94.0,5.7447,62,a,0,5,5,6,1,Coventry City,A,2,1.1355,1.169,5.0956,1.0,0.9481,0.0,-0.12,-0.03,0.6098,0.319,2.434,0.0,0.0,0.0003,1.0,1.0,0.9481,False
538207,Osula,Newcastle,FWD,55,1,0,0,187.4,805.0,0.5631,0.0934,1.5718,3.1218,1.8407,441.0,0.5408,0.1143,1.4082,2.0408,1.8367,1.53,1.5381,1.5433,1.4783,1.1725,0.1945,3.2729,6.5002,3.8327,68.0308,4.28,0.62,14.48,31.0,13.0,284.0,32.6722,2.65,0.5599999999999999,6.9,10.0,9.0,142.0,441.0,28.9796,58,i,0,1,1,6,1,Coventry City,A,2,1.1355,1.169,0.0,0.0,0.0,0.0,0.0,0.0,0.0,0.0,0.0,0.0,0.0,0.0,0.0,0.0,0.0,False
599303,Neave,Newcastle,FWD,0,0,0,0,5.5,13.0,0.2062,0.0,2.5462,0.0,0.0,13.0,0.2077,0.0,2.5615,0.0,0.0,1.53,1.5381,1.5433,1.4783,0.0126,0.0,0.1556,0.0,0.0,0.8409,0.03,0.0,0.37,0.0,0.0,2.0,13.7602,0.03,0.0,0.37,0.0,0.0,2.0,13.0,13.8462,45,u,0,0,0,6,1,Coventry City,A,2,1.1355,1.169,0.0,0.0,0.0,0.0,0.0,0.0,0.0,0.0,0.0,0.0,0.0,0.0,0.0,0.0,0.0,False
632794,Bamba,Newcastle,MID,27,0,1,0,,,,,,,,,,,,,,1.53,1.5381,1.5433,1.4783,,,,,,,,,,,,,,,,,,,,,,49,a,1,0,1,6,1,Coventry City,A,2,1.1355,1.169,1.8709,0.7594,0.448,0.0,-0.0911,-0.0228,0.0764,0.2431,0.4052,0.1816,0.0,0.0003,0.5625,0.7594,0.448,False
470551,Horníček,Newcastle,GK,450,5,0,0,,,,,,,,,,,,,,1.53,1.5381,1.5433,1.4783,,,,,,,,,,,,,,,,,,,,,,50,a,0,5,5,6,1,Coventry City,A,2,1.1355,1.169,4.0038,1.0,0.995,0.8636,-0.12,-0.03,0.2381,0.0,0.0,1.3679,-0.3692,0.0,1.0,1.0,0.995,False
463726,Dedić,Newcastle,DEF,327,4,0,0,,,,,,,,,,,,,,1.53,1.5381,1.5433,1.4783,,,,,,,,,,,,,,,,,,,,,,45,i,0,4,4,6,1,Coventry City,A,2,1.1355,1.169,0.0569,0.0,0.0,0.0,0.0,0.0,0.0,0.0,0.0,0.0,0.0,0.0,0.0,0.0,0.0,False
553746,Shahar,Newcastle,DEF,0,0,0,0,0.0,0.0,0.0,0.0,0.0,0.0,0.0,0.0,0.0,0.0,0.0,0.0,0.0,1.53,1.5381,1.5433,1.4783,0.0,0.0,0.0,0.0,0.0,0.0,0.0,0.0,0.0,0.0,0.0,0.0,0.0,0.0,0.0,0.0,0.0,0.0,0.0,0.0,0.0,40,u,0,0,0,6,1,Coventry City,A,2,1.1355,1.169,0.0569,0.0,0.0,0.0,0.0,0.0,0.0,0.0,0.0,0.0,0.0,0.0,0.0,0.0,0.0,False
613221,Fernandez-Pardo,Newcastle,FWD,157,2,0,0,,,,,,,,,,,,,,1.53,1.5381,1.5433,1.4783,,,,,,,,,,,,,,,,,,,,,,60,a,0,2,2,6,1,Coventry City,A,2,1.1355,1.169,2.6975,0.9175,0.7261,0.0,-0.1101,-0.0275,0.1599,0.2668,0.8301,0.0,0.0,0.0,0.85,0.9175,0.7261,False
665243,Miley,Newcastle,MID,0,0,0,0,,,,,,,,,,,,,,1.53,1.5381,1.5433,1.4783,,,,,,,,,,,,,,,,,,,,,,45,a,0,0,0,6,1,Coventry City,A,2,1.1355,1.169,0.0,0.0,0.0,0.0,0.0,0.0,0.0,0.0,0.0,0.0,0.0,0.0,0.0,0.0,0.0,False
578512,Pivas,Newcastle,DEF,0,0,0,0,0.0,0.0,0.0,0.0,0.0,0.0,0.0,0.0,0.0,0.0,0.0,0.0,0.0,1.53,1.5381,1.5433,1.4783,0.0,0.0,0.0,0.0,0.0,0.0,0.0,0.0,0.0,0.0,0.0,0.0,0.0,0.0,0.0,0.0,0.0,0.0,0.0,0.0,0.0,40,a,0,0,0,6,1,Coventry City,A,2,1.1355,1.169,0.0569,0.0,0.0,0.0,0.0,0.0,0.0,0.0,0.0,0.0,0.0,0.0,0.0,0.0,0.0,False
601767,Salia,Newcastle,FWD,0,0,0,0,,,,,,,,,,,,,,1.53,1.5381,1.5433,1.4783,,,,,,,,,,,,,,,,,,,,,,45,a,0,0,0,6,1,Coventry City,A,2,1.1355,1.169,0.0,0.0,0.0,0.0,0.0,0.0,0.0,0.0,0.0,0.0,0.0,0.0,0.0,0.0,0.0,False
655585,Mills,Newcastle,MID,0,0,0,0,,,,,,,,,,,,,,1.53,1.5381,1.5433,1.4783,,,,,,,,,,,,,,,,,,,,,,45,a,0,0,0,6,1,Coventry City,A,2,1.1355,1.169,0.0,0.0,0.0,0.0,0.0,0.0,0.0,0.0,0.0,0.0,0.0,0.0,0.0,0.0,0.0,False
671875,Thompson,Newcastle,MID,0,0,0,0,,,,,,,,,,,,,,1.53,1.5381,1.5433,1.4783,,,,,,,,,,,,,,,,,,,,,,45,a,0,0,0,6,1,Coventry City,A,2,1.1355,1.169,0.0,0.0,0.0,0.0,0.0,0.0,0.0,0.0,0.0,0.0,0.0,0.0,0.0,0.0,0.0,False
463034,Delap,Nott'm Forest,FWD,277,3,0,0,162.9,1092.0,0.3193,0.0144,1.5052,3.558,0.0533,299.0,0.1716,0.009,1.4689,2.408,0.0,1.3223,1.5724,1.5133,1.7017,0.578,0.0261,2.7244,6.4399,0.0964,12.7014,4.54,0.23,16.669999999999998,42.0,1.0,123.0,7.0173,0.57,0.03,4.88,8.0,0.0,5.0,299.0,1.505,56,a,0,3,3,6,1,Crystal Palace,A,3,0.9627,1.846,2.9207,0.9313,0.8472,0.0,-0.1118,-0.0279,0.1121,0.1296,1.0902,0.0,0.0,0.0014,0.875,0.9313,0.8472,False
247348,Muñoz,Nott'm Forest,DEF,257,3,0,0,318.2,2400.0,0.0658,0.1293,1.4078,7.4392,0.2277,531.0,0.0322,0.0949,1.4712,7.1186,0.1695,1.3223,1.5724,1.5133,1.7017,0.2328,0.4571,4.9774,26.3018,0.8049,49.9348,2.45,3.94,34.28,196.0,9.0,469.0,14.1236,0.19,0.56,8.68,42.0,1.0,70.0,531.0,11.8644,54,a,0,3,3,6,1,Crystal Palace,A,3,0.9627,1.846,2.5013,0.908,0.8678,0.0,-0.109,-0.0272,0.0698,0.2781,0.2879,0.7433,-0.5804,0.222,0.9,0.908,0.8678,False
85633,Sels,Nott'm Forest,GK,450,5,0,0,360.5,2667.0,0.0,0.0006,1.6194,0.0,0.0787,540.0,0.0,0.0,1.7017,0.0,0.0,1.3223,1.5724,1.5133,1.7017,0.0,0.0023,6.4865,0.0,0.3153,66.7547,0.0,0.06,45.12,0.0,3.0,431.0,16.6655,0.0,0.0,10.21,0.0,0.0,103.0,540.0,17.1667,50,a,0,5,5,6,1,Crystal Palace,A,3,0.9627,1.846,3.4614,1.0,0.995,1.1287,-0.12,-0.03,0.313,0.0012,0.0,0.796,-0.687,0.0,1.0,1.0,0.995,False
221389,John,Nott'm Forest,GK,0,0,0,0,32.5,437.0,0.0,0.0,1.3107,0.0,0.0,0.0,0.0,0.0,0.0,0.0,0.0,1.3223,1.5724,1.5133,1.7017,0.0,0.0,0.4733,0.0,0.0,2.0254,0.0,0.0,6.13,0.0,0.0,32.0,5.6088,0.0,0.0,0.0,0.0,0.0,0.0,0.0,0.0,45,a,0,0,0,6,1,Crystal Palace,A,3,0.9627,1.846,0.0645,0.0,0.0,0.0,0.0,0.0,0.0,0.0,0.0,0.0,0.0,0.0,0.0,0.0,0.0,False
215136,N.Williams,Nott'm Forest,DEF,450,5,0,0,400.0,3203.0,0.0494,0.1178,1.558,7.2431,0.4588,495.0,0.0382,0.0655,1.7945,7.6364,0.0,1.3223,1.5724,1.5133,1.7017,0.2196,0.5235,6.9245,32.1916,2.0392,66.7154,2.01,3.97,51.36,247.0,15.0,531.0,15.011,0.21,0.36,9.87,42.0,0.0,57.0,495.0,10.3636,50,a,0,5,5,6,1,Crystal Palace,A,3,0.9627,1.846,2.6642,1.0,0.9779,0.0,-0.12,-0.03,0.1095,0.2933,0.2752,0.7823,-0.687,0.2908,1.0,1.0,0.9779,False
485047,Morato,Nott'm Forest,DEF,0,0,0,0,203.7,1340.0,0.134,0.0132,1.9767,10.0426,0.0232,402.0,0.1097,0.0157,2.1291,9.403,0.0,1.3223,1.5724,1.5133,1.7017,0.3033,0.0299,4.474,22.7297,0.0526,29.2269,1.32,0.15,24.34,144.0,1.0,190.0,12.9132,0.49,0.07,9.51,42.0,0.0,45.0,402.0,10.0746,50,u,0,0,0,6,1,Crystal Palace,A,3,0.9627,1.846,0.063,0.0,0.0,0.0,0.0,0.0,0.0,0.0,0.0,0.0,0.0,0.0,0.0,0.0,0.0,False
227444,Milenković,Nott'm Forest,DEF,270,3,0,0,424.4,3375.0,0.0106,0.0259,1.5488,8.5954,0.0598,495.0,0.0036,0.04,1.6509,9.6364,0.0,1.3223,1.5724,1.5133,1.7017,0.0499,0.122,7.3033,40.5323,0.2818,55.3508,0.83,0.68,54.98,311.0,2.0,401.0,11.7379,0.02,0.22,9.08,53.0,0.0,63.0,495.0,11.4545,54,i,0,3,3,6,1,Crystal Palace,A,3,0.9627,1.846,0.063,0.0,0.0,0.0,0.0,0.0,0.0,0.0,0.0,0.0,0.0,0.0,0.0,0.0,0.0,False
575476,Murillo,Nott'm Forest,DEF,449,5,0,0,216.6,2130.0,0.0349,0.0123,1.3421,9.2849,0.0551,41.0,0.0,0.0,0.0878,13.1707,0.0,1.3223,1.5724,1.5133,1.7017,0.0839,0.0296,3.2301,22.3456,0.1326,35.2299,0.73,0.47,32.99,223.0,3.0,333.0,14.6385,0.0,0.0,0.04,6.0,0.0,8.0,41.0,17.561,55,a,0,5,5,6,1,Crystal Palace,A,3,0.9627,1.846,2.3908,1.0,0.9773,0.0,-0.12,-0.03,0.1423,0.0503,0.2087,0.7843,-0.685,0.594,1.0,1.0,0.9773,False
159506,Aina,Nott'm Forest,DEF,306,4,0,0,235.5,1587.0,0.0245,0.0368,1.2693,7.4465,0.3051,180.0,0.025,0.01,0.53,6.5,0.0,1.3223,1.5724,1.5133,1.7017,0.064,0.0964,3.3214,19.485,0.7984,45.6675,0.41,0.8400000000000001,25.31,130.0,5.0,264.0,17.4525,0.05,0.02,1.06,13.0,0.0,40.0,180.0,20.0,44,a,0,4,4,6,1,Crystal Palace,A,3,0.9627,1.846,2.5495,1.0,0.907,0.0,-0.12,-0.03,0.1477,0.0914,0.1449,0.9001,-0.5546,0.1453,1.0,1.0,0.907,False
575458,Jair Cunha,Nott'm Forest,DEF,360,4,0,0,128.4,514.0,0.0496,0.016,1.5742,7.7821,0.0,300.0,0.039,0.018,1.47,8.1,0.0,1.3223,1.5724,1.5133,1.7017,0.0707,0.0228,2.2458,11.1025,0.0,11.8219,0.27,0.06,10.35,47.0,0.0,48.0,8.2864,0.13,0.06,4.9,27.0,0.0,30.0,300.0,9.0,45,a,0,4,4,6,1,Crystal Palace,A,3,0.9627,1.846,2.4241,1.0,0.9779,0.0,-0.12,-0.03,0.0675,0.0879,0.2825,0.7823,-0.687,0.3696,1.0,1.0,0.9779,False
500151,Savona,Nott'm Forest,DEF,0,0,0,0,49.6,1025.0,0.1022,0.0443,1.2518,4.6384,0.0,0.0,0.0,0.0,0.0,0.0,0.0,1.3223,1.5724,1.5133,1.7017,0.0563,0.0244,0.6899,2.5563,0.0,6.2049,1.34,0.45,15.04,57.0,0.0,131.0,11.2589,0.0,0.0,0.0,0.0,0.0,0.0,0.0,0.0,45,i,0,0,0,6,1,Crystal Palace,A,3,0.9627,1.846,0.063,0.0,0.0,0.0,0.0,0.0,0.0,0.0,0.0,0.0,0.0,0.0,0.0,0.0,0.0,False
204822,O.Richards,Nott'm Forest,DEF,0,0,0,0,0.0,0.0,0.0,0.0,0.0,0.0,0.0,0.0,0.0,0.0,0.0,0.0,0.0,1.3223,1.5724,1.5133,1.7017,0.0,0.0,0.0,0.0,0.0,0.0,0.0,0.0,0.0,0.0,0.0,0.0,0.0,0.0,0.0,0.0,0.0,0.0,0.0,0.0,0.0,40,a,0,0,0,6,1,Crystal Palace,A,3,0.9627,1.846,0.063,0.0,0.0,0.0,0.0,0.0,0.0,0.0,0.0,0.0,0.0,0.0,0.0,0.0,0.0,False
549067,Abbott,Nott'm Forest,DEF,0,0,0,0,27.4,165.0,0.0,0.0046,1.6,5.8559,0.0,45.0,0.0,0.0,0.68,6.0,0.0,1.3223,1.5724,1.5133,1.7017,0.0,0.0014,0.4871,1.7828,0.0,0.3897,0.0,0.01,3.47,13.0,0.0,3.0,1.28,0.0,0.0,0.34,3.0,0.0,2.0,45.0,4.0,40,u,0,0,0,6,1,Crystal Palace,A,3,0.9627,1.846,0.063,0.0,0.0,0.0,0.0,0.0,0.0,0.0,0.0,0.0,0.0,0.0,0.0,0.0,0.0,False
470315,Netz,Nott'm Forest,DEF,27,0,1,0,116.3,353.0,0.0,0.0508,2.185,7.027,0.0,305.0,0.0,0.0148,2.3075,7.6721,0.0,1.3223,1.5724,1.5133,1.7017,0.0,0.0656,2.8235,9.0805,0.0,9.6352,0.0,0.41,7.87,27.0,0.0,33.0,7.4563,0.0,0.05,7.82,26.0,0.0,25.0,305.0,7.377,44,a,1,0,1,6,1,Crystal Palace,A,3,0.9627,1.846,1.4295,0.5975,0.5023,0.0,-0.0717,-0.0179,0.0167,0.0659,0.0692,0.5108,-0.3062,0.0774,0.5625,0.5975,0.5023,False
538638,Bindon,Nott'm Forest,DEF,0,0,0,0,,,,,,,,,,,,,,1.3223,1.5724,1.5133,1.7017,,,,,,,,,,,,,,,,,,,,,,40,u,0,0,0,6,1,Crystal Palace,A,3,0.9627,1.846,0.063,0.0,0.0,0.0,0.0,0.0,0.0,0.0,0.0,0.0,0.0,0.0,0.0,0.0,0.0,False
222531,Gibbs-White,Nott'm Forest,MID,450,5,0,0,371.6,3101.0,0.3963,0.095,1.474,5.3344,0.8149,378.0,0.519,0.1786,1.5786,5.9524,1.6667,1.3223,1.5724,1.5133,1.7017,1.6361,0.3924,6.086,22.0251,3.3646,109.9334,10.81,2.91,49.7,178.0,18.0,712.0,26.6254,2.18,0.75,6.63,25.0,7.0,186.0,378.0,44.2857,80,a,0,5,5,6,1,Crystal Palace,A,3,0.9627,1.846,4.583,1.0,0.9597,0.0,-0.12,-0.03,0.5149,0.3269,1.8534,0.1919,0.0,0.062,1.0,1.0,0.9597,False
209046,Hudson-Odoi,Nott'm Forest,MID,1,0,1,0,173.4,1838.0,0.1296,0.1807,1.4655,5.2903,0.3857,0.0,0.0,0.0,0.0,0.0,0.0,1.3223,1.5724,1.5133,1.7017,0.2497,0.3482,2.8235,10.1926,0.7432,36.0498,2.77,3.02,30.88,106.0,8.0,358.0,18.711,0.0,0.0,0.0,0.0,0.0,0.0,0.0,0.0,58,a,1,0,1,6,1,Crystal Palace,A,3,0.9627,1.846,2.0105,0.8212,0.544,0.0,-0.0985,-0.0246,0.0613,0.3021,0.3805,0.1383,0.0,0.0103,0.675,0.8212,0.544,False
456512,Ndoye,Nott'm Forest,MID,316,5,0,0,60.9,1167.0,0.1058,0.1147,1.1771,7.5862,0.1052,0.0,0.0,0.0,0.0,0.0,0.0,1.3223,1.5724,1.5133,1.7017,0.0716,0.0776,0.7965,5.1333,0.0712,10.3982,1.05,1.51,15.96,96.0,4.0,178.0,15.3668,0.0,0.0,0.0,0.0,0.0,0.0,0.0,0.0,55,a,0,5,5,6,1,Crystal Palace,A,3,0.9627,1.846,2.1695,1.0,0.55,0.0,-0.12,-0.03,0.0719,0.2491,0.3921,0.1701,0.0,0.0202,1.0,1.0,0.55,False
503301,Hutchinson,Nott'm Forest,MID,0,0,0,0,255.8,1676.0,0.0634,0.186,1.3069,6.7092,0.0666,335.0,0.0403,0.2257,1.5528,6.1791,0.0,1.3223,1.5724,1.5133,1.7017,0.1803,0.5286,3.7145,19.0691,0.1892,46.8144,2.01,3.87,24.42,129.0,3.0,329.0,16.4711,0.15,0.8400000000000001,5.78,23.0,0.0,65.0,335.0,17.4627,54,u,0,0,0,6,1,Crystal Palace,A,3,0.9627,1.846,0.0,0.0,0.0,0.0,0.0,0.0,0.0,0.0,0.0,0.0,0.0,0.0,0.0,0.0,0.0,False
476887,Bakwa,Nott'm Forest,MID,0,0,0,0,90.6,549.0,0.0584,0.1501,1.9649,4.4324,0.3221,207.0,0.0174,0.1435,1.8304,3.913,0.4348,1.3223,1.5724,1.5133,1.7017,0.0588,0.1511,1.978,4.4619,0.3242,18.1501,0.54,1.01,10.94,35.0,1.0,100.0,18.0299,0.04,0.33,4.21,9.0,1.0,45.0,207.0,19.5652,55,u,0,0,0,6,1,Crystal Palace,A,3,0.9627,1.846,0.0,0.0,0.0,0.0,0.0,0.0,0.0,0.0,0.0,0.0,0.0,0.0,0.0,0.0,0.0,False
432714,McAtee,Nott'm Forest,MID,416,5,0,0,46.0,288.0,0.1055,0.1424,2.558,14.6992,0.0,115.0,0.1252,0.1487,2.4574,14.8696,0.0,1.3223,1.5724,1.5133,1.7017,0.0539,0.0728,1.3074,7.5129,0.0,12.2283,0.18,0.37,7.34,32.0,0.0,60.0,23.9249,0.16,0.19,3.14,19.0,0.0,28.0,115.0,21.913,55,a,0,5,5,6,1,Crystal Palace,A,3,0.9627,1.846,3.2769,1.0,0.9148,0.0,-0.12,-0.03,0.4471,0.3921,0.583,0.2037,0.0,0.3706,1.0,1.0,0.9148,False
250199,Dominguez,Nott'm Forest,MID,1,0,1,0,173.1,1168.0,0.1248,0.069,2.001,12.6917,0.1504,230.0,0.1252,0.1291,1.9565,15.6522,0.0,1.3223,1.5724,1.5133,1.7017,0.2401,0.1328,3.8485,24.4103,0.2892,38.6103,1.47,0.77,23.21,143.0,3.0,229.0,20.0747,0.32,0.33,4.999999999999999,40.0,0.0,58.0,230.0,22.6957,49,a,1,0,1,6,1,Crystal Palace,A,3,0.9627,1.846,1.6364,0.7594,0.4537,0.0,-0.0911,-0.0228,0.0724,0.1399,0.3234,0.1154,0.0,0.2602,0.5625,0.7594,0.4537,False
210462,I.Sangaré,Nott'm Forest,MID,105,1,0,0,270.3,2073.0,0.0284,0.0677,1.4553,13.0241,0.0416,219.0,0.0,0.0452,1.3521,16.8493,0.0,1.3223,1.5724,1.5133,1.7017,0.0853,0.2032,4.3708,39.1158,0.125,45.0502,1.16,1.8,33.17,267.0,2.0,366.0,15.0001,0.0,0.11,3.29,41.0,0.0,38.0,219.0,15.6164,49,a,0,1,1,6,1,Crystal Palace,A,3,0.9627,1.846,2.3609,0.945,0.8713,0.0,-0.1134,-0.0284,0.2138,0.211,0.2011,0.1743,0.0,1.0382,0.9,0.945,0.8713,False
204968,Yates,Nott'm Forest,MID,0,0,0,0,94.4,602.0,0.1285,0.0665,1.5365,11.5708,0.0,197.0,0.1234,0.0822,1.631,12.7919,0.0,1.3223,1.5724,1.5133,1.7017,0.1348,0.0697,1.6116,12.1365,0.0,17.5102,0.49,0.37,8.56,69.0,0.0,123.0,16.694,0.27,0.18,3.5700000000000003,28.0,0.0,35.0,197.0,15.9898,45,a,0,0,0,6,1,Crystal Palace,A,3,0.9627,1.846,0.0,0.0,0.0,0.0,0.0,0.0,0.0,0.0,0.0,0.0,0.0,0.0,0.0,0.0,0.0,False
60689,Wood,Nott'm Forest,FWD,62,0,1,0,130.7,896.0,0.3889,0.0543,1.7112,3.7381,0.2399,333.0,0.3541,0.0541,1.5892,4.0541,0.2703,1.3223,1.5724,1.5133,1.7017,0.5648,0.0789,2.485,5.4286,0.3484,20.6714,4.29,0.32,14.44,29.0,4.0,145.0,14.2343,1.31,0.2,5.88,15.0,1.0,59.0,333.0,15.9459,58,a,1,0,1,6,1,Crystal Palace,A,3,0.9627,1.846,1.9541,0.7594,0.4537,0.0,-0.0911,-0.0228,0.0447,0.123,0.7373,0.0,0.0,0.0003,0.5625,0.7594,0.4537,False
482973,Igor Jesus,Nott'm Forest,FWD,257,2,0,0,338.0,2293.0,0.2589,0.0409,1.5452,5.2009,0.6383,411.0,0.3723,0.0219,1.7102,6.5693,1.0949,1.3223,1.5724,1.5133,1.7017,0.9723,0.1535,5.8032,19.5322,2.3972,72.869,6.48,1.26,38.77,123.0,13.0,407.0,19.403,1.7,0.1,7.81,30.0,5.0,131.0,411.0,28.6861,58,a,0,2,2,6,1,Crystal Palace,A,3,0.9627,1.846,2.9703,0.945,0.8713,0.0,-0.1134,-0.0284,0.1654,0.1467,1.0339,0.0,0.0,0.0334,0.9,0.945,0.8713,False
465680,Kalimuendo,Nott'm Forest,FWD,1,0,1,0,2.8,89.0,0.5207,0.0161,1.1796,7.785,0.0,0.0,0.0,0.0,0.0,0.0,0.0,1.3223,1.5724,1.5133,1.7017,0.0162,0.0005,0.0367,0.2422,0.0,1.0479,0.4399999999999999,0.02,1.57,6.0,0.0,24.0,33.6825,0.0,0.0,0.0,0.0,0.0,0.0,0.0,0.0,54,a,1,0,1,6,1,Crystal Palace,A,3,0.9627,1.846,2.139,0.7594,0.4537,0.0,-0.0911,-0.0228,0.149,0.1818,0.759,0.0,0.0,0.0002,0.5625,0.7594,0.4537,False
204561,Schlager,Nott'm Forest,MID,376,4,0,0,,,,,,,,,,,,,,1.3223,1.5724,1.5133,1.7017,,,,,,,,,,,,,,,,,,,,,,50,a,0,4,4,6,1,Crystal Palace,A,3,0.9627,1.846,2.6321,1.0,0.9679,0.0,-0.12,-0.03,0.1775,0.2089,0.3481,0.1936,0.0,0.0001,1.0,1.0,0.9679,False
568420,Diomande,Nott'm Forest,DEF,163,2,0,0,,,,,,,,,,,,,,1.3223,1.5724,1.5133,1.7017,,,,,,,,,,,,,,,,,,,,,,54,a,0,2,2,6,1,Crystal Palace,A,3,0.9627,1.846,2.1187,0.862,0.8024,0.0,-0.1034,-0.0259,0.0714,0.0761,0.1522,0.7346,-0.5137,0.0369,0.85,0.862,0.8024,False
428971,Benda,Nott'm Forest,GK,0,0,0,0,0.0,0.0,0.0,0.0,0.0,0.0,0.0,0.0,0.0,0.0,0.0,0.0,0.0,1.3223,1.5724,1.5133,1.7017,0.0,0.0,0.0,0.0,0.0,0.0,0.0,0.0,0.0,0.0,0.0,0.0,0.0,0.0,0.0,0.0,0.0,0.0,0.0,0.0,0.0,45,a,0,0,0,6,1,Crystal Palace,A,3,0.9627,1.846,0.0645,0.0,0.0,0.0,0.0,0.0,0.0,0.0,0.0,0.0,0.0,0.0,0.0,0.0,0.0,False
469142,Van Hecke,Spurs,DEF,450,5,0,0,413.9,3210.0,0.1187,0.052,1.201,9.2619,0.1535,540.0,0.1883,0.05,1.1933,9.5,0.0,1.1556,1.2311,1.1983,0.7033,0.546,0.2391,5.5232,42.5945,0.7057,75.7907,3.31,1.57,46.27,317.0,8.0,575.0,16.4802,1.13,0.3,7.16,57.0,0.0,86.0,540.0,14.3333,49,a,0,5,5,6,1,Man Utd,A,4,0.8142,1.4256,3.5382,1.0,0.9767,0.0,-0.12,-0.03,0.21,0.1256,0.5988,1.0873,-0.4871,0.6511,1.0,1.0,0.9767,False
109646,Tosin,Spurs,DEF,5,0,1,0,53.7,788.0,0.0074,0.0427,1.8416,11.3162,0.1482,45.0,0.0,0.0,2.18,6.0,0.0,1.1556,1.2311,1.1983,0.7033,0.0044,0.0255,1.0988,6.752,0.0884,8.3258,0.11,0.4,13.25,97.0,2.0,130.0,13.9539,0.0,0.0,1.09,3.0,0.0,1.0,45.0,2.0,44,a,1,0,1,6,1,Man Utd,A,4,0.8142,1.4256,1.7699,0.5975,0.4991,0.0,-0.0717,-0.0179,0.0255,0.0513,0.048,0.6753,-0.2141,0.265,0.5625,0.5975,0.4991,False
438234,Marmoush,Spurs,FWD,339,4,0,0,106.8,691.0,0.3249,0.0613,1.0353,4.4794,0.5253,125.0,0.4032,0.0648,0.9648,5.04,0.72,1.1556,1.2311,1.1983,0.7033,0.3855,0.0728,1.2286,5.3155,0.6233,32.9007,2.78,0.77,7.92,39.0,5.0,182.0,27.7253,0.56,0.09,1.34,7.0,1.0,60.0,125.0,43.2,70,a,0,4,4,6,1,Man Utd,A,4,0.8142,1.4256,3.6509,1.0,0.9241,0.0,-0.12,-0.03,0.3938,0.2129,1.0353,0.0,0.0,0.0041,1.0,1.0,0.9241,False
510281,Sávio,Spurs,MID,240,3,0,0,121.2,817.0,0.3214,0.1484,1.4844,4.9224,0.2626,242.0,0.2715,0.1376,1.495,4.8347,0.3719,1.1556,1.2311,1.1983,0.7033,0.4328,0.1999,1.999,6.6288,0.3536,21.1158,2.5,1.59,11.24,59.0,1.0,140.0,15.68,0.73,0.37,4.02,13.0,1.0,46.0,242.0,17.1074,65,a,0,3,3,6,1,Man Utd,A,4,0.8142,1.4256,3.1563,0.9313,0.7655,0.0,-0.1118,-0.0279,0.0554,0.2857,0.8447,0.2425,0.0,0.0148,0.875,0.9313,0.7655,False
432422,Tonali,Spurs,MID,427,5,0,0,305.2,2534.0,0.0586,0.1069,1.4736,8.9319,0.0599,407.0,0.042,0.1039,1.4219,8.4029,0.0,1.1556,1.2311,1.1983,0.7033,0.1987,0.3625,4.9972,30.2891,0.2031,56.2654,1.75,2.87,36.19,257.0,2.0,477.0,16.592,0.19,0.47,6.430000000000001,38.0,0.0,73.0,407.0,16.1425,53,a,0,5,5,6,1,Man Utd,A,4,0.8142,1.4256,2.8804,1.0,0.9293,0.0,-0.12,-0.03,0.1291,0.2606,0.266,0.2744,0.0,0.3719,1.0,1.0,0.9293,False
184254,Vicario,Spurs,GK,0,0,0,0,231.7,2790.0,0.0,0.002,1.6501,0.0,0.0651,0.0,0.0,0.0,0.0,0.0,0.0,1.1556,1.2311,1.1983,0.7033,0.0,0.0051,4.248,0.0,0.1677,25.5241,0.0,0.04,46.21,0.0,6.0,412.0,9.9144,0.0,0.0,0.0,0.0,0.0,0.0,0.0,0.0,45,u,0,0,0,6,1,Man Utd,A,4,0.8142,1.4256,0.1784,0.0,0.0,0.0,0.0,0.0,0.0,0.0,0.0,0.0,0.0,0.0,0.0,0.0,0.0,False
214572,Austin,Spurs,GK,0,0,0,0,0.0,0.0,0.0,0.0,0.0,0.0,0.0,0.0,0.0,0.0,0.0,0.0,0.0,1.1556,1.2311,1.1983,0.7033,0.0,0.0,0.0,0.0,0.0,0.0,0.0,0.0,0.0,0.0,0.0,0.0,0.0,0.0,0.0,0.0,0.0,0.0,0.0,0.0,0.0,40,a,0,0,0,6,1,Man Utd,A,4,0.8142,1.4256,0.1784,0.0,0.0,0.0,0.0,0.0,0.0,0.0,0.0,0.0,0.0,0.0,0.0,0.0,0.0,False
485055,Kinsky,Spurs,GK,450,5,0,0,207.3,630.0,0.0,0.0,0.7628,0.0,0.0,540.0,0.0,0.0,0.7033,0.0,0.0,1.1556,1.2311,1.1983,0.7033,0.0,0.0,1.757,0.0,0.0,25.4428,0.0,0.0,5.55,0.0,0.0,76.0,11.0461,0.0,0.0,4.22,0.0,0.0,67.0,540.0,11.1667,45,a,0,5,5,6,1,Man Utd,A,4,0.8142,1.4256,4.0127,1.0,0.995,1.1946,-0.12,-0.03,0.1741,0.0,0.0,1.1076,-0.4871,0.0,1.0,1.0,0.995,False
67089,Dubravka,Spurs,GK,0,0,0,0,332.4,3150.0,0.0,0.0009,2.0549,0.0,0.1368,270.0,0.0,0.0,2.1233,0.0,0.0,1.1556,1.2311,1.1983,0.7033,0.0,0.0032,7.5893,0.0,0.5052,43.0616,0.0,0.04,71.26,0.0,7.0,436.0,11.6593,0.0,0.0,6.37,0.0,0.0,36.0,270.0,12.0,40,a,0,0,0,6,1,Man Utd,A,4,0.8142,1.4256,0.1784,0.0,0.0,0.0,0.0,0.0,0.0,0.0,0.0,0.0,0.0,0.0,0.0,0.0,0.0,False
221466,Senesi,Spurs,DEF,90,1,0,0,430.0,3288.0,0.039,0.094,1.5259,10.1351,0.4398,540.0,0.0217,0.1017,1.34,9.0,0.5,1.1556,1.2311,1.1983,0.7033,0.1862,0.4493,7.2904,48.4231,2.1012,79.4889,1.53,4.72,54.77,419.0,14.0,571.0,16.6372,0.13,0.61,8.04,54.0,3.0,117.0,540.0,19.5,58,a,0,1,1,6,1,Man Utd,A,4,0.8142,1.4256,2.8876,0.908,0.8791,0.0,-0.109,-0.0272,0.1565,0.199,0.1643,0.9786,-0.4387,0.6826,0.9,0.908,0.8791,False
441164,Pedro Porro,Spurs,DEF,198,3,0,0,371.9,2793.0,0.0471,0.1564,1.0844,7.4985,0.3971,540.0,0.06,0.1733,0.7033,9.1667,0.6667,1.1556,1.2311,1.1983,0.7033,0.1945,0.6464,4.481,30.9856,1.6411,68.057,1.05,4.37,37.75,218.0,8.0,502.0,16.4698,0.36,1.04,4.22,55.0,4.0,129.0,540.0,21.5,54,d,0,3,3,6,1,Man Utd,A,4,0.8142,1.4256,2.8836,0.908,0.6887,0.0,-0.109,-0.0272,0.0829,0.2352,0.1604,1.0509,-0.2832,0.0818,0.9,0.908,0.6887,False
221632,Romero,Spurs,DEF,0,0,0,0,134.8,1869.0,0.0696,0.0712,1.409,9.7492,0.395,0.0,0.0,0.0,0.0,0.0,0.0,1.1556,1.2311,1.1983,0.7033,0.1042,0.1066,2.1104,14.6022,0.5916,17.9644,1.39,1.25,28.32,197.0,10.0,305.0,11.994,0.0,0.0,0.0,0.0,0.0,0.0,0.0,0.0,50,u,0,0,0,6,1,Man Utd,A,4,0.8142,1.4256,0.1769,0.0,0.0,0.0,0.0,0.0,0.0,0.0,0.0,0.0,0.0,0.0,0.0,0.0,0.0,False
122798,Robertson,Spurs,DEF,366,4,0,0,193.4,1165.0,0.1148,0.0981,1.5007,3.7415,0.1729,311.0,0.1215,0.1013,1.7884,2.8939,0.0,1.1556,1.2311,1.1983,0.7033,0.2466,0.2108,3.2248,8.04,0.3716,31.5695,1.1,1.4,17.44,55.0,4.0,216.0,14.6911,0.42,0.35,6.18,10.0,0.0,42.0,311.0,12.1543,44,a,0,4,4,6,1,Man Utd,A,4,0.8142,1.4256,3.3941,1.0,0.9803,0.0,-0.12,-0.03,0.087,0.2109,0.4848,1.0913,-0.4871,0.0465,1.0,1.0,0.9803,False
491279,Van de Ven,Spurs,DEF,360,4,0,0,383.3,3041.0,0.0384,0.0064,1.0953,5.7116,0.1282,540.0,0.005,0.0067,0.7033,4.3333,0.0,1.1556,1.2311,1.1983,0.7033,0.1634,0.0274,4.6649,24.3251,0.5462,46.1923,2.8200000000000003,0.38,42.99,212.0,10.0,431.0,10.8461,0.03,0.04,4.22,26.0,0.0,84.0,540.0,14.0,50,a,0,4,4,6,1,Man Utd,A,4,0.8142,1.4256,2.8565,1.0,0.9767,0.0,-0.12,-0.03,0.0571,0.0285,0.167,1.0873,-0.4871,0.1165,1.0,1.0,0.9767,False
232859,Spence,Spurs,DEF,0,0,0,0,219.7,2049.0,0.0306,0.0766,1.212,5.3703,0.274,243.0,0.0148,0.0111,0.7852,4.4444,0.7407,1.1556,1.2311,1.1983,0.7033,0.0748,0.1869,2.9587,13.1094,0.6689,30.3553,0.9,1.7699999999999998,31.42,116.0,3.0,271.0,12.435,0.04,0.03,2.12,12.0,2.0,51.0,243.0,18.8889,45,u,0,0,0,6,1,Man Utd,A,4,0.8142,1.4256,0.1769,0.0,0.0,0.0,0.0,0.0,0.0,0.0,0.0,0.0,0.0,0.0,0.0,0.0,0.0,False
487053,Udogie,Spurs,DEF,86,1,0,0,221.6,1335.0,0.0082,0.0366,0.955,4.6798,0.1707,406.0,0.0044,0.0111,0.5675,4.8768,0.2217,1.1556,1.2311,1.1983,0.7033,0.0202,0.0901,2.3513,11.5227,0.4204,23.7486,0.18,0.72,19.15,68.0,1.0,121.0,9.6452,0.02,0.05,2.56,22.0,1.0,53.0,406.0,11.7488,44,a,0,1,1,6,1,Man Utd,A,4,0.8142,1.4256,2.3755,0.8275,0.783,0.0,-0.0993,-0.0248,0.032,0.0693,0.0658,0.9176,-0.3725,0.0579,0.8125,0.8275,0.783,False
548308,Phillips,Spurs,DEF,0,0,0,0,0.0,0.0,0.0,0.0,0.0,0.0,0.0,0.0,0.0,0.0,0.0,0.0,0.0,1.1556,1.2311,1.1983,0.7033,0.0,0.0,0.0,0.0,0.0,0.0,0.0,0.0,0.0,0.0,0.0,0.0,0.0,0.0,0.0,0.0,0.0,0.0,0.0,0.0,0.0,45,u,0,0,0,6,1,Man Utd,A,4,0.8142,1.4256,0.1769,0.0,0.0,0.0,0.0,0.0,0.0,0.0,0.0,0.0,0.0,0.0,0.0,0.0,0.0,False
115556,Davies,Spurs,DEF,0,0,0,0,11.5,136.0,0.3389,0.0485,0.7505,8.3966,0.6918,0.0,0.0,0.0,0.0,0.0,0.0,1.1556,1.2311,1.1983,0.7033,0.0433,0.0062,0.0959,1.0729,0.0884,2.443,0.49,0.07,1.11,14.0,1.0,29.0,19.1191,0.0,0.0,0.0,0.0,0.0,0.0,0.0,0.0,39,a,0,0,0,6,1,Man Utd,A,4,0.8142,1.4256,0.1769,0.0,0.0,0.0,0.0,0.0,0.0,0.0,0.0,0.0,0.0,0.0,0.0,0.0,0.0,False
640419,Byfield,Spurs,DEF,0,0,0,0,0.1,1.0,0.0,0.0,0.0,0.0,0.0,0.0,0.0,0.0,0.0,0.0,0.0,1.1556,1.2311,1.1983,0.7033,0.0,0.0,0.0,0.0,0.0,0.375,0.0,0.0,0.0,0.0,0.0,3.0,337.5,0.0,0.0,0.0,0.0,0.0,0.0,0.0,0.0,40,a,0,0,0,6,1,Man Utd,A,4,0.8142,1.4256,0.1769,0.0,0.0,0.0,0.0,0.0,0.0,0.0,0.0,0.0,0.0,0.0,0.0,0.0,0.0,False
499716,Rowswell,Spurs,DEF,0,0,0,0,0.2,1.0,0.0,0.0,34.065,0.0,0.0,0.0,0.0,0.0,0.0,0.0,0.0,1.1556,1.2311,1.1983,0.7033,0.0,0.0,0.0757,0.0,0.0,0.6307,0.0,0.0,0.36,0.0,0.0,3.0,283.815,0.0,0.0,0.0,0.0,0.0,0.0,0.0,0.0,40,a,0,0,0,6,1,Man Utd,A,4,0.8142,1.4256,0.1769,0.0,0.0,0.0,0.0,0.0,0.0,0.0,0.0,0.0,0.0,0.0,0.0,0.0,0.0,False
616221,Souza,Spurs,DEF,0,0,0,0,26.2,142.0,0.0144,0.0182,1.5537,3.7652,0.0,0.0,0.0,0.0,0.0,0.0,0.0,1.1556,1.2311,1.1983,0.7033,0.0042,0.0053,0.4523,1.0961,0.0,-0.103,0.02,0.03,2.6100000000000003,6.0,0.0,0.0,-0.3538,0.0,0.0,0.0,0.0,0.0,0.0,0.0,0.0,40,u,0,0,0,6,1,Man Utd,A,4,0.8142,1.4256,0.1769,0.0,0.0,0.0,0.0,0.0,0.0,0.0,0.0,0.0,0.0,0.0,0.0,0.0,0.0,False
460842,Kudus,Spurs,MID,123,0,1,0,63.4,1535.0,0.0984,0.129,1.2944,8.2202,0.3638,0.0,0.0,0.0,0.0,0.0,0.0,1.1556,1.2311,1.1983,0.7033,0.0693,0.0909,0.9118,5.7907,0.2563,10.0519,1.92,2.41,22.74,133.0,7.0,257.0,14.2693,0.0,0.0,0.0,0.0,0.0,0.0,0.0,0.0,65,a,1,0,1,6,1,Man Utd,A,4,0.8142,1.4256,1.8337,0.7594,0.448,0.0,-0.0911,-0.0228,0.026,0.1664,0.2253,0.1515,0.0,0.0748,0.5625,0.7594,0.448,False
493362,Xavi,Spurs,MID,0,0,0,0,183.2,1747.0,0.2153,0.2092,1.6078,7.0285,0.4752,152.0,0.4441,0.1776,0.6395,4.7368,1.1842,1.1556,1.2311,1.1983,0.7033,0.4383,0.4258,3.2727,14.3069,0.9672,39.8161,3.06,3.85,30.71,149.0,7.0,345.0,19.5603,0.75,0.3,1.08,8.0,2.0,43.0,152.0,25.4605,59,i,0,0,0,6,1,Man Utd,A,4,0.8142,1.4256,0.171,0.0,0.0,0.0,0.0,0.0,0.0,0.0,0.0,0.0,0.0,0.0,0.0,0.0,0.0,False
511499,Tel,Spurs,MID,257,3,0,0,253.9,1334.0,0.1383,0.2039,1.0172,7.2672,0.3735,414.0,0.0783,0.2261,0.6739,7.1739,0.4348,1.1556,1.2311,1.1983,0.7033,0.3902,0.5752,2.8696,20.5015,1.0536,43.7065,2.47,2.43,17.29,111.0,7.0,266.0,15.4927,0.36,1.04,3.1,33.0,2.0,68.0,414.0,14.7826,57,a,0,3,3,6,1,Man Utd,A,4,0.8142,1.4256,2.9404,0.9313,0.8152,0.0,-0.1118,-0.0279,0.0627,0.4015,0.4585,0.2399,0.0,0.1359,0.875,0.9313,0.8152,False
172780,Maddison,Spurs,MID,59,0,1,0,13.2,34.0,0.5523,0.1493,1.7134,13.4018,0.0,34.0,0.5559,0.1588,1.7206,13.2353,0.0,1.1556,1.2311,1.1983,0.7033,0.081,0.0219,0.2513,1.9656,0.0,2.0033,0.21,0.06,0.65,5.0,0.0,5.0,13.6589,0.21,0.06,0.65,5.0,0.0,5.0,34.0,13.2353,63,a,1,0,1,6,1,Man Utd,A,4,0.8142,1.4256,2.0146,0.7594,0.448,0.0,-0.0911,-0.0228,0.0235,0.1877,0.3873,0.1515,0.0,0.0077,0.5625,0.7594,0.448,False
202993,Bentancur,Spurs,MID,370,4,0,0,233.6,1880.0,0.0423,0.0303,0.7684,13.4681,0.1723,473.0,0.0514,0.0304,0.5879,13.5095,0.1903,1.1556,1.2311,1.1983,0.7033,0.1099,0.0787,1.9943,34.9573,0.4473,46.3018,0.72,0.8400000000000001,23.65,278.0,4.0,366.0,17.8389,0.27,0.16,3.09,71.0,1.0,97.0,473.0,18.4567,55,a,0,4,4,6,1,Man Utd,A,4,0.8142,1.4256,3.0054,1.0,0.9662,0.0,-0.12,-0.03,0.3683,0.1258,0.2553,0.2689,0.0,1.1955,1.0,1.0,0.9662,False
550839,Odobert,Spurs,MID,0,0,0,0,65.9,972.0,0.1984,0.1158,1.5262,7.7261,0.6357,0.0,0.0,0.0,0.0,0.0,0.0,1.1556,1.2311,1.1983,0.7033,0.1453,0.0848,1.1175,5.6572,0.4655,12.717,1.92,1.21,14.24,77.0,6.0,176.0,17.3677,0.0,0.0,0.0,0.0,0.0,0.0,0.0,0.0,55,i,0,0,0,6,1,Man Utd,A,4,0.8142,1.4256,0.171,0.0,0.0,0.0,0.0,0.0,0.0,0.0,0.0,0.0,0.0,0.0,0.0,0.0,0.0,False
482442,P.M.Sarr,Spurs,MID,0,0,0,0,153.1,1388.0,0.102,0.0734,1.7327,12.2316,0.1748,39.0,0.3,0.0692,1.0615,6.9231,0.0,1.1556,1.2311,1.1983,0.7033,0.1735,0.1249,2.9475,20.8073,0.2973,35.8447,1.63,1.11,26.67,183.0,2.0,313.0,21.0713,0.13,0.03,0.4599999999999999,3.0,0.0,20.0,39.0,46.1538,49,u,0,0,0,6,1,Man Utd,A,4,0.8142,1.4256,0.171,0.0,0.0,0.0,0.0,0.0,0.0,0.0,0.0,0.0,0.0,0.0,0.0,0.0,0.0,False
232787,Gallagher,Spurs,MID,134,2,0,0,279.7,1183.0,0.1038,0.0417,1.1392,9.4883,0.313,516.0,0.1169,0.0314,0.6262,10.1163,0.5233,1.1556,1.2311,1.1983,0.7033,0.3227,0.1296,3.5405,29.4874,0.9726,49.6378,1.23,0.7,19.03,124.0,3.0,211.0,15.9721,0.67,0.18,3.59,58.0,3.0,100.0,516.0,17.4419,53,a,0,2,2,6,1,Man Utd,A,4,0.8142,1.4256,2.1241,0.9175,0.5116,0.0,-0.1101,-0.0275,0.054,0.1063,0.3089,0.1925,0.0,0.0805,0.85,0.9175,0.5116,False
570526,Bergvall,Spurs,MID,78,1,0,0,76.3,955.0,0.1211,0.0333,1.6672,6.7222,0.0,51.0,0.0882,0.0,1.9412,10.5882,0.0,1.1556,1.2311,1.1983,0.7033,0.1027,0.0282,1.4134,5.6989,0.0,12.5671,1.23,0.43,13.66,79.0,0.0,163.0,14.8236,0.05,0.0,1.1,6.0,0.0,25.0,51.0,44.1176,53,a,0,1,1,6,1,Man Utd,A,4,0.8142,1.4256,2.3842,0.8969,0.688,0.0,-0.1076,-0.0269,0.0479,0.1139,0.3773,0.2237,0.0,0.0531,0.8125,0.8969,0.688,False
445044,Kulusevski,Spurs,MID,0,0,0,0,0.0,0.0,0.0,0.0,0.0,0.0,0.0,0.0,0.0,0.0,0.0,0.0,0.0,1.1556,1.2311,1.1983,0.7033,0.0,0.0,0.0,0.0,0.0,0.0,0.0,0.0,0.0,0.0,0.0,0.0,0.0,0.0,0.0,0.0,0.0,0.0,0.0,0.0,0.0,65,i,0,0,0,6,1,Man Utd,A,4,0.8142,1.4256,0.171,0.0,0.0,0.0,0.0,0.0,0.0,0.0,0.0,0.0,0.0,0.0,0.0,0.0,0.0,False
547701,Gray,Spurs,MID,307,3,0,0,194.1,1471.0,0.0897,0.0988,1.6475,7.6792,0.3102,41.0,0.0878,0.0,1.361,6.5854,0.0,1.1556,1.2311,1.1983,0.7033,0.1935,0.2131,3.5531,16.5614,0.6689,31.1855,1.5,1.29,24.8,132.0,6.0,237.0,14.46,0.04,0.0,0.62,3.0,0.0,8.0,41.0,17.561,49,a,0,3,3,6,1,Man Utd,A,4,0.8142,1.4256,2.7233,0.9313,0.8457,0.0,-0.1118,-0.0279,0.0687,0.236,0.3748,0.2354,0.0,0.2441,0.875,0.9313,0.8457,False
499721,Moore,Spurs,MID,89,1,0,0,0.0,0.0,0.0,0.0,0.0,0.0,0.0,0.0,0.0,0.0,0.0,0.0,0.0,1.1556,1.2311,1.1983,0.7033,0.0,0.0,0.0,0.0,0.0,0.0,0.0,0.0,0.0,0.0,0.0,0.0,0.0,0.0,0.0,0.0,0.0,0.0,0.0,0.0,0.0,50,u,0,1,1,6,1,Man Utd,A,4,0.8142,1.4256,0.171,0.0,0.0,0.0,0.0,0.0,0.0,0.0,0.0,0.0,0.0,0.0,0.0,0.0,0.0,False
499726,Olusesi,Spurs,MID,0,0,0,0,2.9,14.0,0.0,0.0652,4.8941,13.0469,0.0,0.0,0.0,0.0,0.0,0.0,0.0,1.1556,1.2311,1.1983,0.7033,0.0,0.0021,0.1577,0.4204,0.0,0.6307,0.0,0.01,0.75,2.0,0.0,3.0,19.5734,0.0,0.0,0.0,0.0,0.0,0.0,0.0,0.0,44,a,0,0,0,6,1,Man Utd,A,4,0.8142,1.4256,0.171,0.0,0.0,0.0,0.0,0.0,0.0,0.0,0.0,0.0,0.0,0.0,0.0,0.0,0.0,False
551226,Fernandes,Spurs,MID,249,3,0,0,426.1,3017.0,0.0742,0.0962,1.4336,10.885,0.1973,540.0,0.1233,0.0833,1.4917,11.6667,0.1667,1.1556,1.2311,1.1983,0.7033,0.3511,0.4555,6.7874,51.5343,0.9342,90.8886,1.99,2.96,48.3,369.0,7.0,659.0,19.1973,0.7400000000000001,0.5,8.95,70.0,1.0,116.0,540.0,19.3333,57,a,0,3,3,6,1,Man Utd,A,4,0.8142,1.4256,2.7391,0.945,0.8178,0.0,-0.1134,-0.0284,0.1784,0.2063,0.3133,0.2491,0.0,0.5836,0.9,0.945,0.8178,False
154566,Solanke,Spurs,FWD,170,2,0,0,181.8,997.0,0.2544,0.0332,1.5174,6.598,0.2811,129.0,0.0349,0.0837,0.6628,9.7674,0.0,1.1556,1.2311,1.1983,0.7033,0.5139,0.0671,3.0652,13.328,0.5678,31.2784,2.97,0.3399999999999999,17.8,71.0,4.0,187.0,15.4844,0.05,0.12,0.95,14.0,0.0,20.0,129.0,13.9535,58,a,0,2,2,6,1,Man Utd,A,4,0.8142,1.4256,2.7162,0.9175,0.7876,0.0,-0.1101,-0.0275,0.064,0.1359,0.7141,0.0,0.0,0.0448,0.85,0.9175,0.7876,False
212319,Richarlison,Spurs,FWD,67,1,0,0,261.8,1954.0,0.4643,0.0518,0.9758,6.5442,0.8403,392.0,0.489,0.0436,0.6819,5.7398,0.9184,1.1556,1.2311,1.1983,0.7033,1.3505,0.1506,2.8384,19.0363,2.4442,60.2207,8.64,1.46,25.64,147.0,17.0,505.0,20.7023,2.13,0.19,2.97,25.0,4.0,79.0,392.0,18.1378,59,u,0,1,1,6,1,Man Utd,A,4,0.8142,1.4256,0.2347,0.0,0.0,0.0,0.0,0.0,0.0,0.0,0.0,0.0,0.0,0.0,0.0,0.0,0.0,False
490145,Scarlett,Spurs,FWD,0,0,0,0,0.7,7.0,0.0,0.1414,0.4371,14.7343,0.0,0.0,0.0,0.0,0.0,0.0,0.0,1.1556,1.2311,1.1983,0.7033,0.0,0.0011,0.0034,0.1146,0.0,0.5207,0.0,0.01,0.03,1.0,0.0,5.0,66.9471,0.0,0.0,0.0,0.0,0.0,0.0,0.0,0.0,45,u,0,0,0,6,1,Man Utd,A,4,0.8142,1.4256,0.2347,0.0,0.0,0.0,0.0,0.0,0.0,0.0,0.0,0.0,0.0,0.0,0.0,0.0,0.0,False
465920,Mudryk,Spurs,MID,16,0,1,0,0.0,0.0,0.0,0.0,0.0,0.0,0.0,0.0,0.0,0.0,0.0,0.0,0.0,1.1556,1.2311,1.1983,0.7033,0.0,0.0,0.0,0.0,0.0,0.0,0.0,0.0,0.0,0.0,0.0,0.0,0.0,0.0,0.0,0.0,0.0,0.0,0.0,0.0,0.0,53,i,1,0,1,6,1,Man Utd,A,4,0.8142,1.4256,0.171,0.0,0.0,0.0,0.0,0.0,0.0,0.0,0.0,0.0,0.0,0.0,0.0,0.0,0.0,False
611917,Williams-Barnett,Spurs,MID,0,0,0,0,0.0,0.0,0.0,0.0,0.0,0.0,0.0,0.0,0.0,0.0,0.0,0.0,0.0,1.1556,1.2311,1.1983,0.7033,0.0,0.0,0.0,0.0,0.0,0.0,0.0,0.0,0.0,0.0,0.0,0.0,0.0,0.0,0.0,0.0,0.0,0.0,0.0,0.0,0.0,45,a,0,0,0,6,1,Man Utd,A,4,0.8142,1.4256,0.171,0.0,0.0,0.0,0.0,0.0,0.0,0.0,0.0,0.0,0.0,0.0,0.0,0.0,0.0,False
135720,Danso,Sunderland,DEF,270,3,0,0,282.5,1489.0,0.0583,0.0133,0.9951,10.8118,0.0109,540.0,0.055,0.0117,0.7033,10.1667,0.0,1.1579,1.3895,1.16,1.3683,0.1829,0.0418,3.1234,33.9371,0.0341,40.5717,0.62,0.28,20.15,192.0,1.0,219.0,12.9255,0.33,0.07,4.22,61.0,0.0,84.0,540.0,14.0,50,a,0,3,3,6,1,Brighton,H,2,0.9332,1.4765,2.5658,0.885,0.8567,0.0,-0.1062,-0.0266,0.1056,0.0511,0.2753,0.9154,-0.4475,0.6445,0.875,0.885,0.8567,False
498016,Roefs,Sunderland,GK,450,5,0,0,382.1,3150.0,0.0,0.0025,1.3924,0.0,0.2528,540.0,0.0,0.0,1.3683,0.0,0.0,1.1579,1.3895,1.16,1.3683,0.0,0.0107,5.9115,0.0,1.0734,58.9358,0.0,0.1,50.05,0.0,12.0,573.0,13.8818,0.0,0.0,8.209999999999999,0.0,0.0,57.0,540.0,9.5,49,a,0,5,5,6,1,Brighton,H,2,0.9332,1.4765,3.7226,1.0,0.995,1.0146,-0.12,-0.03,0.2474,0.005,0.0,1.0632,-0.5109,0.0,1.0,1.0,0.995,False
232571,Patterson,Sunderland,GK,0,0,0,0,0.0,0.0,0.0,0.0,0.0,0.0,0.0,0.0,0.0,0.0,0.0,0.0,0.0,1.1579,1.3895,1.16,1.3683,0.0,0.0,0.0,0.0,0.0,0.0,0.0,0.0,0.0,0.0,0.0,0.0,0.0,0.0,0.0,0.0,0.0,0.0,0.0,0.0,0.0,40,u,0,0,0,6,1,Brighton,H,2,0.9332,1.4765,0.0584,0.0,0.0,0.0,0.0,0.0,0.0,0.0,0.0,0.0,0.0,0.0,0.0,0.0,0.0,False
515046,Ellborg,Sunderland,GK,0,0,0,0,56.9,270.0,0.0,0.0066,1.3698,0.0,0.9147,0.0,0.0,0.0,0.0,0.0,0.0,1.1579,1.3895,1.16,1.3683,0.0,0.0042,0.866,0.0,0.5783,12.7229,0.0,0.02,4.1,0.0,3.0,62.0,20.1241,0.0,0.0,0.0,0.0,0.0,0.0,0.0,0.0,45,a,0,0,0,6,1,Brighton,H,2,0.9332,1.4765,0.0584,0.0,0.0,0.0,0.0,0.0,0.0,0.0,0.0,0.0,0.0,0.0,0.0,0.0,0.0,False
223827,Ballard,Sunderland,DEF,450,5,0,0,216.7,2144.0,0.0827,0.021,1.4603,10.8559,0.2358,140.0,0.0257,0.0321,1.3371,6.4286,0.0,1.1579,1.3895,1.16,1.3683,0.1992,0.0506,3.516,26.1386,0.5677,22.5366,2.46,0.63,33.2,264.0,9.0,340.0,9.3599,0.04,0.05,2.08,10.0,0.0,-23.0,140.0,-14.7857,49,a,0,5,5,6,1,Brighton,H,2,0.9332,1.4765,3.0369,1.0,0.979,0.0,-0.12,-0.03,0.1296,0.0732,0.413,1.0461,-0.5109,0.7352,1.0,1.0,0.979,False
200834,Mukiele,Sunderland,DEF,360,4,0,0,347.0,2784.0,0.0681,0.0988,1.3607,7.7296,0.3126,540.0,0.0567,0.0967,1.3683,7.1667,0.1667,1.1579,1.3895,1.16,1.3683,0.2627,0.3808,5.2464,29.8019,1.2053,55.9617,1.62,2.65,44.71,273.0,11.0,489.0,14.5146,0.34,0.58,8.209999999999999,43.0,1.0,57.0,540.0,9.5,54,a,0,4,4,6,1,Brighton,H,2,0.9332,1.4765,3.1713,1.0,0.979,0.0,-0.12,-0.03,0.1347,0.2579,0.3576,1.0461,-0.5109,0.3104,1.0,1.0,0.979,False
487676,Hume,Sunderland,DEF,206,2,0,0,373.4,3032.0,0.0831,0.0857,1.3211,5.447,0.1409,445.0,0.0728,0.0829,1.0942,5.0562,0.0,1.1579,1.3895,1.16,1.3683,0.3447,0.3555,5.4813,22.5989,0.5844,47.0209,2.27,2.05,47.27,203.0,6.0,383.0,11.3334,0.36,0.41,5.41,25.0,0.0,70.0,445.0,14.1573,43,a,0,2,2,6,1,Brighton,H,2,0.9332,1.4765,2.8652,0.908,0.885,0.0,-0.109,-0.0272,0.0566,0.2091,0.4004,0.9456,-0.4602,0.0857,0.9,0.908,0.885,False
201895,Alderete,Sunderland,DEF,23,0,1,0,349.3,2797.0,0.0437,0.0186,1.4019,10.0498,0.0421,354.0,0.0636,0.0102,1.3551,8.6441,0.0,1.1579,1.3895,1.16,1.3683,0.1696,0.0721,5.4409,39.0043,0.1634,42.7365,1.62,0.91,44.52,312.0,5.0,400.0,11.0114,0.25,0.04,5.33,34.0,0.0,19.0,354.0,4.8305,48,a,1,0,1,6,1,Brighton,H,2,0.9332,1.4765,1.9991,0.701,0.6065,0.0,-0.0841,-0.021,0.0327,0.0341,0.1501,0.7922,-0.2692,0.2238,0.675,0.701,0.6065,False
434399,Reinildo,Sunderland,DEF,360,4,0,0,268.4,1966.0,0.0025,0.0342,1.17,7.1477,0.2305,448.0,0.0,0.0281,1.1752,6.6295,0.0,1.1579,1.3895,1.16,1.3683,0.0075,0.1019,3.4892,21.3161,0.6875,43.9896,0.13,0.62,26.72,164.0,6.0,281.0,14.7506,0.0,0.1399999999999999,5.85,33.0,0.0,69.0,448.0,13.8616,44,a,0,4,4,6,1,Brighton,H,2,0.9332,1.4765,2.7114,1.0,0.979,0.0,-0.12,-0.03,0.1321,0.1008,0.0574,1.0461,-0.5109,0.246,1.0,1.0,0.979,False
519634,Seelt,Sunderland,DEF,0,0,0,0,2.4,133.0,0.0,0.0075,0.9075,8.0138,0.0,0.0,0.0,0.0,0.0,0.0,0.0,1.1579,1.3895,1.16,1.3683,0.0,0.0002,0.0242,0.2137,0.0,0.1951,0.0,0.01,1.33,12.0,0.0,11.0,7.3162,0.0,0.0,0.0,0.0,0.0,0.0,0.0,0.0,45,u,0,0,0,6,1,Brighton,H,2,0.9332,1.4765,0.0569,0.0,0.0,0.0,0.0,0.0,0.0,0.0,0.0,0.0,0.0,0.0,0.0,0.0,0.0,False
477547,Hjelde,Sunderland,DEF,0,0,0,0,0.0,0.0,0.0,0.0,0.0,0.0,0.0,0.0,0.0,0.0,0.0,0.0,0.0,1.1579,1.3895,1.16,1.3683,0.0,0.0,0.0,0.0,0.0,0.0,0.0,0.0,0.0,0.0,0.0,0.0,0.0,0.0,0.0,0.0,0.0,0.0,0.0,0.0,0.0,40,u,0,0,0,6,1,Brighton,H,2,0.9332,1.4765,0.0569,0.0,0.0,0.0,0.0,0.0,0.0,0.0,0.0,0.0,0.0,0.0,0.0,0.0,0.0,False
167512,O'Nien,Sunderland,DEF,66,1,0,0,156.4,565.0,0.0333,0.0189,1.3891,6.9912,0.2419,247.0,0.0474,0.0073,1.7271,8.0162,0.3644,1.1579,1.3895,1.16,1.3683,0.0579,0.0329,2.4139,12.1492,0.4204,25.6058,0.15,0.13,9.24,43.0,1.0,90.0,14.7348,0.13,0.02,4.74,22.0,1.0,34.0,247.0,12.3887,39,a,0,1,1,6,1,Brighton,H,2,0.9332,1.4765,2.3307,0.8275,0.6408,0.0,-0.0993,-0.0248,0.063,0.0511,0.1376,0.9473,-0.2694,0.0459,0.8125,0.8275,0.6408,False
105717,Masuaku,Sunderland,DEF,0,0,0,0,3.4,125.0,0.0476,0.0609,1.5274,7.0915,0.0,0.0,0.0,0.0,0.0,0.0,0.0,1.1579,1.3895,1.16,1.3683,0.0018,0.0023,0.0577,0.2679,0.0,0.0938,0.07,0.08,2.09,10.0,0.0,4.0,2.4829,0.0,0.0,0.0,0.0,0.0,0.0,0.0,0.0,40,u,0,0,0,6,1,Brighton,H,2,0.9332,1.4765,0.0569,0.0,0.0,0.0,0.0,0.0,0.0,0.0,0.0,0.0,0.0,0.0,0.0,0.0,0.0,False
93605,Meunier,Sunderland,DEF,396,5,0,0,,,,,,,,,,,,,,1.1579,1.3895,1.16,1.3683,,,,,,,,,,,,,,,,,,,,,,45,a,0,5,5,6,1,Brighton,H,2,0.9332,1.4765,2.8751,1.0,0.9326,0.0,-0.12,-0.03,0.14,0.0578,0.1156,1.1507,-0.4285,0.0031,1.0,1.0,0.9326,False
484420,E.Le Fée,Sunderland,MID,438,5,0,0,393.0,2930.0,0.137,0.2746,1.3763,10.1512,0.7907,540.0,0.1067,0.3483,1.3683,10.1667,1.3333,1.1579,1.3895,1.16,1.3683,0.5982,1.1989,6.0098,44.3268,3.4527,98.6533,5.22,5.95,46.5,319.0,16.0,621.0,22.5924,0.64,2.09,8.209999999999999,61.0,8.0,159.0,540.0,26.5,57,a,0,5,5,6,1,Brighton,H,2,0.9332,1.4765,3.7065,1.0,0.9501,0.0,-0.12,-0.03,0.4272,0.7398,0.6065,0.262,0.0,0.5392,1.0,1.0,0.9501,False
547027,Diarra,Sunderland,MID,28,0,1,0,221.1,1403.0,0.2531,0.0746,1.5255,5.1418,0.1526,214.0,0.3911,0.1262,2.0313,6.729,0.0,1.1579,1.3895,1.16,1.3683,0.6219,0.1833,3.7476,12.6317,0.375,37.569,3.27,0.85,21.52,79.0,3.0,209.0,15.2927,0.93,0.3,4.83,16.0,0.0,34.0,214.0,14.2991,54,i,1,0,1,6,1,Brighton,H,2,0.9332,1.4765,0.0,0.0,0.0,0.0,0.0,0.0,0.0,0.0,0.0,0.0,0.0,0.0,0.0,0.0,0.0,False
84450,Xhaka,Sunderland,MID,450,5,0,0,366.0,2901.0,0.0345,0.1475,1.3748,11.3062,0.2913,540.0,0.03,0.21,1.3683,10.8333,0.5,1.1579,1.3895,1.16,1.3683,0.1401,0.5999,5.5907,45.9784,1.1847,70.9961,1.01,3.73,45.68,362.0,8.0,603.0,17.4581,0.18,1.26,8.209999999999999,65.0,3.0,105.0,540.0,17.5,55,a,0,5,5,6,1,Brighton,H,2,0.9332,1.4765,2.8856,1.0,0.9619,0.0,-0.12,-0.03,0.2779,0.443,0.2248,0.2569,0.0,0.7592,1.0,1.0,0.9619,False
577669,Sadiki,Sunderland,MID,410,5,0,0,386.7,2891.0,0.079,0.0475,1.2706,7.607,0.0,507.0,0.1136,0.071,1.2888,7.1006,0.0,1.1579,1.3895,1.16,1.3683,0.3394,0.2041,5.4595,32.6846,0.0,54.3704,1.43,1.46,41.39,248.0,0.0,410.0,12.6541,0.64,0.4,7.26,40.0,0.0,72.0,507.0,12.7811,49,a,0,5,5,6,1,Brighton,H,2,0.9332,1.4765,2.5352,1.0,0.9083,0.0,-0.12,-0.03,0.075,0.1636,0.3975,0.2698,0.0,0.1418,1.0,1.0,0.9083,False
535818,Adingra,Sunderland,MID,0,0,0,0,34.6,649.0,0.0494,0.0892,1.826,6.7404,0.5801,0.0,0.0,0.0,0.0,0.0,0.0,1.1579,1.3895,1.16,1.3683,0.019,0.0343,0.702,2.5913,0.223,3.9642,0.35,0.62,11.3,45.0,3.0,81.0,10.3115,0.0,0.0,0.0,0.0,0.0,0.0,0.0,0.0,49,u,0,0,0,6,1,Brighton,H,2,0.9332,1.4765,0.0,0.0,0.0,0.0,0.0,0.0,0.0,0.0,0.0,0.0,0.0,0.0,0.0,0.0,0.0,False
461199,Mundle,Sunderland,MID,1,0,1,0,41.6,399.0,0.2328,0.1077,2.065,7.4399,0.0,0.0,0.0,0.0,0.0,0.0,0.0,1.1579,1.3895,1.16,1.3683,0.1076,0.0498,0.9545,3.4389,0.0,3.7427,0.87,0.48,8.54,33.0,0.0,42.0,8.0972,0.0,0.0,0.0,0.0,0.0,0.0,0.0,0.0,49,i,1,0,1,6,1,Brighton,H,2,0.9332,1.4765,0.0,0.0,0.0,0.0,0.0,0.0,0.0,0.0,0.0,0.0,0.0,0.0,0.0,0.0,0.0,False
554197,Rigg,Sunderland,MID,17,0,1,0,115.9,758.0,0.1176,0.1295,1.7307,6.7943,0.1781,121.0,0.1562,0.0595,2.4694,5.2066,0.0,1.1579,1.3895,1.16,1.3683,0.1514,0.1668,2.2287,8.7495,0.2293,26.49,0.86,0.93,12.46,57.0,1.0,136.0,20.5703,0.21,0.08,3.3200000000000003,7.0,0.0,46.0,121.0,34.2149,49,a,1,0,1,6,1,Brighton,H,2,0.9332,1.4765,1.6869,0.7594,0.4595,0.0,-0.0911,-0.0228,0.059,0.1905,0.3114,0.15,0.0,0.0166,0.5625,0.7594,0.4595,False
549912,Talbi,Sunderland,MID,31,0,1,0,183.1,1553.0,0.1211,0.0894,1.3124,5.2483,0.2237,225.0,0.056,0.084,1.488,4.8,0.0,1.1579,1.3895,1.16,1.3683,0.2463,0.1818,2.6701,10.6773,0.4551,25.4635,2.13,1.1800000000000002,22.26,92.0,6.0,248.0,12.5162,0.14,0.21,3.72,12.0,0.0,17.0,225.0,6.8,53,a,1,0,1,6,1,Brighton,H,2,0.9332,1.4765,1.5861,0.7594,0.4595,0.0,-0.0911,-0.0228,0.0262,0.145,0.2889,0.15,0.0,0.0066,0.5625,0.7594,0.4595,False
699989,Jocelin.T,Sunderland,MID,0,0,0,0,6.2,38.0,0.0,0.0944,0.5647,7.0592,0.0,0.0,0.0,0.0,0.0,0.0,0.0,1.1579,1.3895,1.16,1.3683,0.0,0.0065,0.0389,0.4863,0.0,0.6484,0.0,0.04,0.24,3.0,0.0,4.0,9.4123,0.0,0.0,0.0,0.0,0.0,0.0,0.0,0.0,50,a,0,0,0,6,1,Brighton,H,2,0.9332,1.4765,0.0,0.0,0.0,0.0,0.0,0.0,0.0,0.0,0.0,0.0,0.0,0.0,0.0,0.0,0.0,False
536661,N.Angulo,Sunderland,MID,313,5,0,0,101.3,401.0,0.1726,0.0254,1.3649,8.037,0.0,147.0,0.1714,0.0245,0.9857,7.3469,0.0,1.1579,1.3895,1.16,1.3683,0.1943,0.0286,1.5363,9.0461,0.0,10.8201,0.77,0.12,7.26,35.0,0.0,43.0,9.6131,0.28,0.04,1.61,12.0,0.0,16.0,147.0,9.7959,50,a,0,5,5,6,1,Brighton,H,2,0.9332,1.4765,2.228,1.0,0.55,0.0,-0.12,-0.03,0.0532,0.1659,0.5248,0.2131,0.0,0.009,1.0,1.0,0.55,False
441264,Brobbey,Sunderland,FWD,399,5,0,0,329.3,1920.0,0.3517,0.0359,1.33,3.134,0.4965,470.0,0.2987,0.0402,1.2466,2.6809,0.1915,1.1579,1.3895,1.16,1.3683,1.2868,0.1314,4.8665,11.4669,1.8166,44.941,6.0200000000000005,0.67,31.4,74.0,12.0,309.0,12.2827,1.56,0.21,6.51,14.0,1.0,60.0,470.0,11.4894,57,a,0,5,5,6,1,Brighton,H,2,0.9332,1.4765,3.0853,1.0,0.8847,0.0,-0.12,-0.03,0.1387,0.14,1.1372,0.0,0.0,0.0004,1.0,1.0,0.8847,False
437505,Isidor,Sunderland,FWD,117,0,1,0,82.7,1148.0,0.5166,0.1078,1.7728,5.7271,0.182,91.0,0.9593,0.2077,1.8593,6.9231,0.0,1.1579,1.3895,1.16,1.3683,0.4747,0.0991,1.629,5.2626,0.1672,33.3709,4.7,0.38,19.82,51.0,7.0,266.0,36.3166,0.97,0.21,1.88,7.0,0.0,70.0,91.0,69.2308,55,a,1,0,1,6,1,Brighton,H,2,0.9332,1.4765,2.3849,0.7594,0.4595,0.0,-0.0911,-0.0228,0.2211,0.1758,0.9483,0.0,0.0,0.0059,0.5625,0.7594,0.4595,False
638411,Methalie,Sunderland,DEF,90,1,0,0,,,,,,,,,,,,,,1.1579,1.3895,1.16,1.3683,,,,,,,,,,,,,,,,,,,,,,45,a,0,1,1,6,1,Brighton,H,2,0.9332,1.4765,2.343,0.8275,0.7955,0.0,-0.0993,-0.0248,0.0805,0.0908,0.1817,0.85,-0.4158,0.1173,0.8125,0.8275,0.7955,False
696104,Ahoka,Sunderland,MID,0,0,0,0,,,,,,,,,,,,,,1.1579,1.3895,1.16,1.3683,,,,,,,,,,,,,,,,,,,,,,45,a,0,0,0,6,1,Brighton,H,2,0.9332,1.4765,0.0,0.0,0.0,0.0,0.0,0.0,0.0,0.0,0.0,0.0,0.0,0.0,0.0,0.0,0.0,False
549940,Fofana,Sunderland,MID,60,0,1,0,,,,,,,,,,,,,,1.1579,1.3895,1.16,1.3683,,,,,,,,,,,,,,,,,,,,,,55,a,1,0,1,6,1,Brighton,H,2,0.9332,1.4765,1.6781,0.7594,0.4595,0.0,-0.0911,-0.0228,0.0621,0.1837,0.3062,0.15,0.0,0.0005,0.5625,0.7594,0.4595,False
661313,J.Angulo,Sunderland,FWD,0,0,0,0,,,,,,,,,,,,,,1.1579,1.3895,1.16,1.3683,,,,,,,,,,,,,,,,,,,,,,45,a,0,0,0,6,1,Brighton,H,2,0.9332,1.4765,0.0,0.0,0.0,0.0,0.0,0.0,0.0,0.0,0.0,0.0,0.0,0.0,0.0,0.0,0.0,False
