player_code,web_name,team,position,season_minutes,season_starts,fbref_subs,fbref_unused_subs,long_form_minutes,long_form_unweighted_minutes,long_form_expected_goals_90,long_form_expected_assists_90,long_form_expected_goals_conceded_90,long_form_defensive_contribution_90,long_form_bonus_90,short_form_minutes,short_form_expected_goals_90,short_form_expected_assists_90,short_form_expected_goals_conceded_90,short_form_defensive_contribution_90,short_form_bonus_90,team_long_form_xg90,team_long_form_xgc90,team_short_form_xg90,team_short_form_xgc90,long_form_expected_goals,long_form_expected_assists,long_form_expected_goals_conceded,long_form_defensive_contribution,long_form_bonus,long_form_bps,long_form_unweighted_expected_goals,long_form_unweighted_expected_assists,long_form_unweighted_expected_goals_conceded,long_form_unweighted_defensive_contribution,long_form_unweighted_bonus,long_form_unweighted_bps,long_form_bps_90,short_form_expected_goals,short_form_expected_assists,short_form_expected_goals_conceded,short_form_defensive_contribution,short_form_bonus,short_form_bps,short_form_unweighted_minutes,short_form_bps_90,now_cost,status,season_subs,fbref_starts,fbref_squads_made,gw,fixture_count,fixture_opponent,fixture_venue,fixture_fdr,fixture_attack_mult,fixture_xgc90,expected_points,c1_app_1_60,c2_app_60_plus,c3_saves,c4_yellow_cards,c5_red_cards,c6_bonus,c7_assists,c8_goals,c9_clean_sheets,c10_goals_conceded,c11_defensive_contributions,p_start,p_app,p_60_plus,is_promoted
154561,Raya,Arsenal,GK,360,4,0,0,429.5,3330.0,0.0,0.0018,0.8004,0.0,0.4679,450.0,0.0,0.002,0.814,0.0,1.0,1.8104,0.8329,1.76,0.8417,0.0,0.0084,3.8195,0.0,2.2327,86.6145,0.0,0.07,27.56,0.0,11.0,633.0,18.1497,0.0,0.01,4.07,0.0,5.0,110.0,450.0,22.0,60,a,0,4,4,5,1,Brighton,A,3,0.8,1.0374,4.9418,1.0,0.995,1.1834,-0.12,-0.03,0.7299,0.0037,0.0,1.5287,-0.3108,0.0,1.0,1.0,0.995,False
109745,Arrizabalaga,Arsenal,GK,0,0,0,0,41.3,90.0,0.0,0.0,0.9791,0.0,0.0,90.0,0.0,0.0,0.98,0.0,0.0,1.8104,0.8329,1.76,0.8417,0.0,0.0,0.4493,0.0,0.0,5.0435,0.0,0.0,0.98,0.0,0.0,11.0,10.9907,0.0,0.0,0.98,0.0,0.0,11.0,90.0,11.0,49,a,0,0,0,5,1,Brighton,A,3,0.8,1.0374,0.1143,0.0413,0.0315,0.0374,-0.005,-0.0012,0.0,0.0,0.0,0.0562,-0.0077,0.0,0.0316,0.0413,0.0315,False
437495,Meslier,Arsenal,GK,0,0,0,0,0.0,0.0,0.0,0.0,0.0,0.0,0.0,0.0,0.0,0.0,0.0,0.0,0.0,1.8104,0.8329,1.76,0.8417,0.0,0.0,0.0,0.0,0.0,0.0,0.0,0.0,0.0,0.0,0.0,0.0,0.0,0.0,0.0,0.0,0.0,0.0,0.0,0.0,0.0,49,a,0,0,0,5,1,Brighton,A,3,0.8,1.0374,0.0,0.0,0.0,0.0,0.0,0.0,0.0,0.0,0.0,0.0,0.0,0.0,0.0,0.0,0.0,False
226597,Gabriel,Arsenal,DEF,360,4,0,0,410.5,2750.0,0.1126,0.0513,0.83,9.0238,0.9151,495.0,0.1745,0.0164,0.9091,8.1818,0.9091,1.8104,0.8329,1.76,0.8417,0.5138,0.2341,3.7855,41.1585,4.1738,103.7602,2.94,1.75,22.01,277.0,30.0,724.0,22.7489,0.96,0.09,5.0,45.0,5.0,119.0,495.0,21.6364,80,a,0,4,4,5,1,Brighton,A,3,0.8,1.0374,4.3941,1.0,0.9786,0.0,-0.12,-0.03,0.7364,0.1099,0.5324,1.5035,-0.3108,0.5943,1.0,1.0,0.9786,False
445122,J.Timber,Arsenal,DEF,45,0,1,0,213.9,2452.0,0.1224,0.0608,0.7171,5.4319,0.249,0.0,0.0,0.0,0.0,0.0,0.0,1.8104,0.8329,1.76,0.8417,0.291,0.1444,1.7044,12.9097,0.5919,43.688,4.71,1.53,17.45,148.0,9.0,532.0,18.382,0.0,0.0,0.0,0.0,0.0,0.0,0.0,0.0,65,a,1,0,1,5,1,Brighton,A,3,0.8,1.0374,2.5096,0.701,0.5874,0.0,-0.0841,-0.021,0.0644,0.0804,0.3004,1.0477,-0.1606,0.0298,0.675,0.701,0.5874,False
462424,Saliba,Arsenal,DEF,0,0,0,0,373.5,2614.0,0.0273,0.0616,0.7622,6.9843,0.6244,450.0,0.0,0.102,0.814,7.4,0.6,1.8104,0.8329,1.76,0.8417,0.1134,0.2555,3.1632,28.9847,2.5914,88.302,0.88,1.21,20.41,193.0,12.0,581.0,21.2776,0.0,0.51,4.07,37.0,3.0,121.0,450.0,24.2,59,i,0,0,0,5,1,Brighton,A,3,0.8,1.0374,0.0,0.0,0.0,0.0,0.0,0.0,0.0,0.0,0.0,0.0,0.0,0.0,0.0,0.0,0.0,False
499169,Lewis-Skelly,Arsenal,MID,271,4,0,0,161.4,697.0,0.0095,0.0302,0.9615,2.4403,0.0,296.0,0.0,0.0365,0.7784,1.8243,0.0,1.8104,0.8329,1.76,0.8417,0.017,0.0542,1.7243,4.3762,0.0,29.7509,0.1,0.2,9.01,25.0,0.0,110.0,16.5897,0.0,0.12,2.56,6.0,0.0,69.0,296.0,20.9797,55,a,0,4,4,5,1,Brighton,A,3,0.8,1.0374,2.3072,1.0,0.741,0.0,-0.12,-0.03,0.116,0.1641,0.2312,0.3338,0.0,0.0005,1.0,1.0,0.741,False
466075,Calafiori,Arsenal,DEF,326,4,0,0,185.0,1697.0,0.1484,0.0761,0.4582,3.8791,0.4649,251.0,0.1578,0.0968,0.2725,2.51,0.7171,1.8104,0.8329,1.76,0.8417,0.305,0.1564,0.9419,7.9738,0.9556,40.7313,3.3600000000000003,0.76,9.72,102.0,6.0,389.0,19.8152,0.44,0.27,0.76,7.0,2.0,50.0,251.0,17.9283,58,a,0,4,4,5,1,Brighton,A,3,0.8,1.0374,3.4485,1.0,0.6698,0.0,-0.12,-0.03,0.2237,0.1198,0.4179,1.3534,-0.1801,0.0032,1.0,1.0,0.6698,False
448104,Hincapie,Arsenal,DEF,32,0,1,0,272.2,1787.0,0.0223,0.0839,0.902,8.79,0.3866,288.0,0.0094,0.0875,1.0438,9.375,0.3125,1.8104,0.8329,1.76,0.8417,0.0675,0.2536,2.7281,26.585,1.1694,53.2014,0.36,1.67,17.53,171.0,7.0,335.0,17.5905,0.03,0.28,3.34,30.0,1.0,53.0,288.0,16.5625,53,a,1,0,1,5,1,Brighton,A,3,0.8,1.0374,1.9236,0.5975,0.4896,0.0,-0.0717,-0.0179,0.0428,0.0871,0.0632,0.8733,-0.1342,0.1484,0.5625,0.5975,0.4896,False
198869,White,Arsenal,DEF,315,4,0,0,122.8,699.0,0.0255,0.0745,0.8846,5.5084,0.126,215.0,0.0,0.0753,0.5735,3.3488,0.0,1.8104,0.8329,1.76,0.8417,0.0348,0.1016,1.207,7.5159,0.1719,29.5575,0.45,0.6900000000000001,8.68,53.0,3.0,181.0,21.6627,0.0,0.18,1.37,8.0,0.0,56.0,215.0,23.4419,55,a,0,4,4,5,1,Brighton,A,3,0.8,1.0374,2.8623,1.0,0.55,0.0,-0.12,-0.03,0.2755,0.0915,0.0991,1.1429,-0.1408,0.0136,1.0,1.0,0.55,False
500040,Mosquera,Arsenal,DEF,168,2,0,0,185.0,986.0,0.0144,0.0436,0.9429,8.5908,0.0117,305.0,0.0295,0.0384,1.0446,7.377,0.0,1.8104,0.8329,1.76,0.8417,0.0297,0.0897,1.9381,17.6588,0.0241,33.6869,0.1,0.63,9.04,95.0,1.0,195.0,16.3882,0.1,0.13,3.54,25.0,0.0,43.0,305.0,12.6885,54,d,0,2,2,5,1,Brighton,A,3,0.8,1.0374,2.953,0.862,0.8319,0.0,-0.1034,-0.0259,0.1662,0.095,0.1195,1.2781,-0.2645,0.4318,0.85,0.862,0.8319,False
223340,Saka,Arsenal,MID,336,4,0,0,265.0,2218.0,0.2684,0.3243,0.6447,7.8689,0.955,223.0,0.2341,0.5691,0.4883,8.4753,1.6143,1.8104,0.8329,1.76,0.8417,0.7902,0.9548,1.8982,23.1695,2.8119,70.3109,7.569999999999999,7.16,15.57,184.0,18.0,570.0,23.8792,0.58,1.41,1.21,21.0,4.0,73.0,223.0,29.4619,95,a,0,4,4,5,1,Brighton,A,3,0.8,1.0374,2.774,1.0,0.55,0.0,-0.12,-0.03,0.1552,0.4637,0.5982,0.2857,0.0,0.0243,1.0,1.0,0.55,False
204480,Rice,Arsenal,MID,321,4,0,0,406.2,3093.0,0.0534,0.1923,0.774,11.1465,0.4442,423.0,0.0,0.1191,0.8298,11.0638,0.0,1.8104,0.8329,1.76,0.8417,0.2408,0.8681,3.4934,50.3077,2.0048,91.8446,3.15,7.32,23.87,376.0,23.0,790.0,20.3496,0.0,0.56,3.9,52.0,0.0,69.0,423.0,14.6809,74,a,0,4,4,5,1,Brighton,A,3,0.8,1.0374,3.1232,1.0,0.9611,0.0,-0.12,-0.03,0.4069,0.4203,0.2447,0.3691,0.0,0.8352,1.0,1.0,0.9611,False
232413,Eze,Arsenal,MID,68,0,1,0,269.5,1885.0,0.2848,0.1092,0.8061,5.5747,0.2036,355.0,0.3296,0.0887,0.867,4.8169,0.0,1.8104,0.8329,1.76,0.8417,0.8528,0.327,2.4139,16.6932,0.6096,58.0585,5.18,2.66,14.21,120.0,8.0,439.0,19.3887,1.3,0.35,3.42,19.0,0.0,73.0,355.0,18.507,63,a,1,0,1,5,1,Brighton,A,3,0.8,1.0374,2.1543,0.8212,0.5163,0.0,-0.0985,-0.0246,0.0568,0.166,0.6158,0.2302,0.0,0.0121,0.675,0.8212,0.5163,False
184029,Ødegaard,Arsenal,MID,305,4,0,0,186.3,1363.0,0.0854,0.2278,1.04,6.2344,0.2106,293.0,0.0737,0.2273,1.0167,6.4505,0.0,1.8104,0.8329,1.76,0.8417,0.1767,0.4715,2.1527,12.9053,0.4359,39.7437,1.25,3.65,16.2,102.0,5.0,306.0,19.1999,0.24,0.74,3.31,21.0,0.0,54.0,293.0,16.587,67,a,0,4,4,5,1,Brighton,A,3,0.8,1.0374,2.6389,1.0,0.7228,0.0,-0.12,-0.03,0.1308,0.4006,0.3356,0.3281,0.0,0.025,1.0,1.0,0.7228,False
248857,Madueke,Arsenal,MID,23,0,1,0,193.8,1205.0,0.0895,0.2156,0.9033,5.5899,1.0546,263.0,0.0684,0.2498,0.8247,6.5019,1.0266,1.8104,0.8329,1.76,0.8417,0.1928,0.4643,1.945,12.0369,2.2708,49.1048,1.23,2.86,12.77,70.0,9.0,254.0,22.8041,0.2,0.73,2.41,19.0,3.0,64.0,263.0,21.9011,62,a,1,0,1,5,1,Brighton,A,3,0.8,1.0374,1.672,0.7594,0.4306,0.0,-0.0911,-0.0228,0.0706,0.2434,0.2188,0.192,0.0,0.0107,0.5625,0.7594,0.4306,False
195384,Merino,Arsenal,MID,51,0,1,0,67.4,1024.0,0.4974,0.1399,0.9632,9.9533,0.4603,28.0,1.1893,0.0,2.475,6.4286,0.0,1.8104,0.8329,1.76,0.8417,0.3725,0.1048,0.7213,7.4539,0.3447,13.025,3.3600000000000003,1.45,7.36,113.0,5.0,236.0,17.3924,0.37,0.0,0.77,2.0,0.0,-2.0,28.0,-6.4286,58,a,1,0,1,5,1,Brighton,A,3,0.8,1.0374,2.155,0.7594,0.4306,0.0,-0.0911,-0.0228,0.0397,0.1739,0.8023,0.192,0.0,0.092,0.5625,0.7594,0.4306,False
444145,Martinelli,Arsenal,MID,0,0,0,0,165.4,1065.0,0.2951,0.1386,0.949,6.4888,0.5133,173.0,0.3069,0.1353,1.2017,6.2428,1.0405,1.8104,0.8329,1.76,0.8417,0.5423,0.2548,1.744,11.925,0.9433,31.6469,4.12,1.27,10.51,77.0,3.0,195.0,17.2202,0.5900000000000001,0.26,2.31,12.0,2.0,33.0,173.0,17.1676,63,u,0,0,0,5,1,Brighton,A,3,0.8,1.0374,0.0,0.0,0.0,0.0,0.0,0.0,0.0,0.0,0.0,0.0,0.0,0.0,0.0,0.0,0.0,False
481655,Zubimendi,Arsenal,MID,59,0,1,0,364.2,2991.0,0.071,0.0579,0.9175,9.5728,0.1915,319.0,0.0197,0.0197,1.0834,11.2853,0.0,1.8104,0.8329,1.76,0.8417,0.2874,0.2341,3.7127,38.738,0.7748,71.0601,2.84,2.27,26.09,307.0,9.0,604.0,17.5602,0.07,0.07,3.84,40.0,0.0,60.0,319.0,16.9279,53,a,1,0,1,5,1,Brighton,A,3,0.8,1.0374,1.6631,0.8212,0.5163,0.0,-0.0985,-0.0246,0.0659,0.0972,0.1844,0.2302,0.0,0.1718,0.675,0.8212,0.5163,False
616077,Dowman,Arsenal,MID,0,0,0,0,46.2,152.0,0.494,0.2057,0.4798,9.1256,0.0,73.0,0.0986,0.1973,0.2589,11.0959,0.0,1.8104,0.8329,1.76,0.8417,0.2536,0.1056,0.2463,4.6845,0.0,10.5627,1.19,0.3,0.88,16.0,0.0,51.0,20.5767,0.08,0.16,0.21,9.0,0.0,8.0,73.0,9.863,53,a,0,0,0,5,1,Brighton,A,3,0.8,1.0374,0.456,0.4641,0.0205,0.0,-0.0557,-0.0139,0.0084,0.0461,0.106,0.0093,0.0,0.0004,0.0256,0.4641,0.0205,False
499175,Nwaneri,Arsenal,MID,0,0,0,0,4.2,165.0,0.135,0.0471,0.5379,7.8386,0.0,0.0,0.0,0.0,0.0,0.0,0.0,1.8104,0.8329,1.76,0.8417,0.0063,0.0022,0.0251,0.3658,0.0,0.5893,0.2299999999999999,0.08,0.73,13.0,0.0,20.0,12.6279,0.0,0.0,0.0,0.0,0.0,0.0,0.0,0.0,54,u,0,0,0,5,1,Brighton,A,3,0.8,1.0374,0.0,0.0,0.0,0.0,0.0,0.0,0.0,0.0,0.0,0.0,0.0,0.0,0.0,0.0,0.0,False
438098,Fábio Vieira,Arsenal,MID,0,0,0,0,0.0,0.0,0.0,0.0,0.0,0.0,0.0,0.0,0.0,0.0,0.0,0.0,0.0,1.8104,0.8329,1.76,0.8417,0.0,0.0,0.0,0.0,0.0,0.0,0.0,0.0,0.0,0.0,0.0,0.0,0.0,0.0,0.0,0.0,0.0,0.0,0.0,0.0,0.0,55,u,0,0,0,5,1,Brighton,A,3,0.8,1.0374,0.0,0.0,0.0,0.0,0.0,0.0,0.0,0.0,0.0,0.0,0.0,0.0,0.0,0.0,0.0,False
200641,Nelson,Arsenal,MID,0,0,0,0,22.6,118.0,0.3258,0.0641,3.0003,11.0015,0.0,18.0,0.0,0.1,5.05,5.0,0.0,1.8104,0.8329,1.76,0.8417,0.0818,0.0161,0.7534,2.7626,0.0,7.718,0.71,0.11,3.02,23.0,0.0,39.0,30.7354,0.0,0.02,1.01,1.0,0.0,16.0,18.0,80.0,55,u,0,0,0,5,1,Brighton,A,3,0.8,1.0374,0.0,0.0,0.0,0.0,0.0,0.0,0.0,0.0,0.0,0.0,0.0,0.0,0.0,0.0,0.0,False
224117,Gyökeres,Arsenal,FWD,12,0,1,0,273.2,2217.0,0.593,0.0857,0.8922,3.8,0.907,239.0,0.7569,0.064,1.0431,4.5188,1.1297,1.8104,0.8329,1.76,0.8417,1.8,0.26,2.7083,11.5351,2.7533,73.6245,12.26,1.94,17.81,85.0,16.0,474.0,24.254,2.01,0.17,2.77,12.0,3.0,86.0,239.0,32.3849,72,a,1,0,1,5,1,Brighton,A,3,0.8,1.0374,2.4846,0.8212,0.5163,0.0,-0.0985,-0.0246,0.0762,0.1379,1.0659,0.0,0.0,0.0007,0.675,0.8212,0.5163,False
219847,Havertz,Arsenal,FWD,347,4,0,0,153.2,577.0,0.6069,0.1458,1.0865,4.6792,0.741,263.0,0.6981,0.1848,1.2217,3.7643,1.0266,1.8104,0.8329,1.76,0.8417,1.033,0.2481,1.8494,7.965,1.2613,42.4253,3.31,0.64,6.68,32.0,3.0,143.0,24.9235,2.04,0.54,3.5700000000000003,11.0,3.0,91.0,263.0,31.1407,76,a,0,4,4,5,1,Brighton,A,3,0.8,1.0374,2.926,1.0,0.55,0.0,-0.12,-0.03,0.1286,0.2638,1.1433,0.0,0.0,0.0002,1.0,1.0,0.55,False
205651,G.Jesus,Arsenal,FWD,0,0,0,0,82.8,418.0,0.6838,0.0512,0.5699,4.9398,0.0,100.0,0.792,0.027,0.36,3.6,0.0,1.8104,0.8329,1.76,0.8417,0.6291,0.0471,0.5243,4.5446,0.0,17.3972,2.71,0.26,3.97,30.0,0.0,92.0,18.91,0.88,0.03,0.4,4.0,0.0,19.0,100.0,17.1,59,u,0,0,0,5,1,Brighton,A,3,0.8,1.0374,0.0,0.0,0.0,0.0,0.0,0.0,0.0,0.0,0.0,0.0,0.0,0.0,0.0,0.0,0.0,False
199798,Konsa,Arsenal,DEF,191,2,0,0,378.8,3035.0,0.0438,0.015,1.4744,5.593,0.0499,360.0,0.0,0.0075,1.5325,4.75,0.0,1.8104,0.8329,1.76,0.8417,0.1843,0.0633,6.2057,23.5405,0.2102,54.1755,1.27,0.59,48.93,196.0,3.0,497.0,12.8717,0.0,0.03,6.13,19.0,0.0,36.0,360.0,9.0,45,a,0,2,2,5,1,Brighton,A,3,0.8,1.0374,3.0296,0.908,0.8808,0.0,-0.109,-0.0272,0.0934,0.0434,0.1729,1.3532,-0.2799,0.124,0.9,0.908,0.8808,False
208706,Bruno G.,Arsenal,MID,64,0,1,0,295.1,2456.0,0.2027,0.2483,1.2279,9.857,0.7267,437.0,0.1586,0.276,1.2069,10.5034,0.6178,1.8104,0.8329,1.76,0.8417,0.6647,0.814,4.0262,32.3199,2.3828,76.596,5.59,4.96,31.99,251.0,22.0,681.0,23.3604,0.77,1.34,5.859999999999999,51.0,3.0,97.0,437.0,19.9771,67,a,1,0,1,5,1,Brighton,A,3,0.8,1.0374,2.197,0.8212,0.5163,0.0,-0.0985,-0.0246,0.1044,0.3332,0.4437,0.2302,0.0,0.1676,0.675,0.8212,0.5163,False
439509,Tzolis,Arsenal,MID,290,4,0,0,,,,,,,,,,,,,,1.8104,0.8329,1.76,0.8417,,,,,,,,,,,,,,,,,,,,,,64,a,0,4,4,5,1,Brighton,A,3,0.8,1.0374,1.9901,1.0,0.55,0.0,-0.12,-0.03,0.1295,0.1139,0.1899,0.2857,0.0,0.0,1.0,1.0,0.55,False
72147,M.Bizot,Aston Villa,GK,90,1,0,0,85.5,585.0,0.0,0.0,1.4057,0.0,0.0,90.0,0.0,0.0,1.34,0.0,0.0,1.4248,1.4127,1.5933,1.41,0.0,0.0,1.3354,0.0,0.0,11.3365,0.0,0.0,11.02,0.0,0.0,75.0,11.9332,0.0,0.0,1.34,0.0,0.0,10.0,90.0,10.0,45,a,0,1,1,5,1,Spurs,A,3,0.713,1.1985,3.6127,0.9257,0.9204,0.8541,-0.1111,-0.0278,0.2088,0.0,0.0,1.2345,-0.3539,0.0,0.925,0.9257,0.9204,False
101188,Digne,Aston Villa,DEF,0,0,0,0,224.3,1842.0,0.0284,0.1737,1.3976,6.122,0.2479,216.0,0.025,0.2,1.7625,5.0,0.0,1.4248,1.4127,1.5933,1.41,0.0708,0.4329,3.4832,15.2575,0.6179,43.7708,0.67,3.28,27.79,113.0,5.0,381.0,17.563,0.06,0.48,4.23,12.0,0.0,31.0,216.0,12.9167,45,u,0,0,0,5,1,Spurs,A,3,0.713,1.1985,0.0,0.0,0.0,0.0,0.0,0.0,0.0,0.0,0.0,0.0,0.0,0.0,0.0,0.0,0.0,False
199796,Cash,Aston Villa,DEF,251,3,0,0,399.6,3016.0,0.0255,0.0773,1.345,5.1935,0.1307,484.0,0.0037,0.0446,1.3221,5.2066,0.186,1.4248,1.4127,1.5933,1.41,0.1133,0.3432,5.9716,23.0592,0.5801,46.6525,1.14,2.94,45.45,186.0,7.0,450.0,10.5073,0.02,0.24,7.109999999999999,28.0,1.0,42.0,484.0,7.8099,45,d,0,3,3,5,1,Spurs,A,3,0.713,1.1985,2.8005,0.908,0.8825,0.0,-0.109,-0.0272,0.0759,0.1338,0.1033,1.1837,-0.3445,0.0485,0.9,0.908,0.8825,False
149484,Mings,Aston Villa,DEF,171,1,0,0,231.4,1322.0,0.0936,0.0271,1.5629,7.2929,0.1985,360.0,0.0725,0.0125,1.4625,6.75,0.0,1.4248,1.4127,1.5933,1.41,0.2406,0.0697,4.0183,18.7509,0.5104,20.3571,1.3,0.42,23.37,107.0,4.0,169.0,7.9176,0.29,0.05,5.85,27.0,0.0,21.0,360.0,5.25,45,a,0,1,1,5,1,Spurs,A,3,0.713,1.1985,2.6559,0.8275,0.7967,0.0,-0.0993,-0.0248,0.0677,0.0577,0.2792,1.0686,-0.3113,0.1627,0.8125,0.8275,0.7967,False
244954,Pau,Aston Villa,DEF,187,3,0,0,210.6,1673.0,0.1558,0.0158,1.1711,5.2378,0.0318,197.0,0.3198,0.0091,1.2518,5.0254,0.0,1.4248,1.4127,1.5933,1.41,0.3645,0.037,2.7404,12.2564,0.0743,30.7754,1.33,0.39,22.81,112.0,2.0,280.0,13.1519,0.7000000000000001,0.02,2.74,11.0,0.0,19.0,197.0,8.6802,45,d,0,3,3,5,1,Spurs,A,3,0.713,1.1985,2.8503,0.885,0.6544,0.0,-0.1062,-0.0266,0.0802,0.0325,0.3911,1.1571,-0.2113,0.0063,0.875,0.885,0.6544,False
515597,Bogarde,Aston Villa,MID,16,0,1,0,174.4,1042.0,0.0,0.0106,1.3074,5.2194,0.121,245.0,0.0,0.0037,1.2453,4.4082,0.0,1.4248,1.4127,1.5933,1.41,0.0,0.0205,2.5334,10.1141,0.2344,14.2142,0.0,0.2,15.38,60.0,4.0,121.0,7.3353,0.0,0.01,3.39,12.0,0.0,14.0,245.0,5.1429,50,a,1,0,1,5,1,Spurs,A,3,0.713,1.1985,1.3222,0.7594,0.4422,0.0,-0.0911,-0.0228,0.029,0.0639,0.0949,0.1756,0.0,0.0024,0.5625,0.7594,0.4422,False
441302,Maatsen,Aston Villa,DEF,335,4,0,0,257.5,1590.0,0.0601,0.1291,1.4597,7.4827,0.1603,327.0,0.0165,0.1486,1.2413,7.4312,0.2752,1.4248,1.4127,1.5933,1.41,0.1719,0.3695,4.1764,21.4088,0.4585,35.8386,1.26,2.39,26.64,128.0,1.0,242.0,12.5261,0.06,0.54,4.51,27.0,1.0,34.0,327.0,9.3578,45,d,0,4,4,5,1,Spurs,A,3,0.713,1.1985,3.3842,1.0,0.9396,0.0,-0.12,-0.03,0.1324,0.2146,0.2048,1.3821,-0.3333,0.126,1.0,1.0,0.9396,False
184667,Lindelöf,Aston Villa,DEF,360,4,0,0,184.6,942.0,0.0348,0.0091,1.3756,4.8596,0.0,280.0,0.0,0.0096,1.2954,5.1429,0.0,1.4248,1.4127,1.5933,1.41,0.0713,0.0186,2.8215,9.9675,0.0,19.7163,0.28,0.1,15.93,54.0,0.0,124.0,9.6125,0.0,0.03,4.029999999999999,16.0,0.0,25.0,280.0,8.0357,45,a,0,4,4,5,1,Spurs,A,3,0.713,1.1985,3.0285,1.0,0.8166,0.0,-0.12,-0.03,0.095,0.0404,0.1247,1.3733,-0.2654,0.0137,1.0,1.0,0.8166,False
606798,A.García,Aston Villa,DEF,0,0,0,0,25.0,83.0,0.0,0.0032,2.4754,15.6809,0.0,45.0,0.0,0.0,2.38,18.0,0.0,1.4248,1.4127,1.5933,1.41,0.0,0.0009,0.6876,4.3558,0.0,4.3166,0.0,0.01,2.74,10.0,0.0,12.0,15.5398,0.0,0.0,1.19,9.0,0.0,5.0,45.0,10.0,40,a,0,0,0,5,1,Spurs,A,3,0.713,1.1985,0.1044,0.0945,0.0091,0.0,-0.0113,-0.0028,0.0015,0.0024,0.0047,0.0172,-0.0047,0.0006,0.0158,0.0945,0.0091,False
578545,Nedeljkovic,Aston Villa,DEF,0,0,0,0,,,,,,,,,,,,,,1.4248,1.4127,1.5933,1.41,,,,,,,,,,,,,,,,,,,,,,40,u,0,0,0,5,1,Spurs,A,3,0.713,1.1985,0.0,0.0,0.0,0.0,0.0,0.0,0.0,0.0,0.0,0.0,0.0,0.0,0.0,0.0,0.0,False
195546,Buendía,Aston Villa,MID,311,4,0,0,269.4,1753.0,0.1413,0.112,1.4588,10.4473,0.4325,288.0,0.15,0.0937,1.6031,11.5625,0.625,1.4248,1.4127,1.5933,1.41,0.423,0.3354,4.3667,31.2722,1.2946,60.7263,3.38,2.23,28.03,197.0,10.0,382.0,20.2872,0.48,0.3,5.13,37.0,2.0,87.0,288.0,27.1875,59,a,0,4,4,5,1,Spurs,A,3,0.713,1.1985,2.551,1.0,0.7176,0.0,-0.12,-0.03,0.2016,0.2043,0.4116,0.2948,0.0,0.115,1.0,1.0,0.7176,False
215711,Bailey,Aston Villa,MID,0,0,0,0,110.4,450.0,0.1131,0.2572,1.4548,9.9126,0.0,116.0,0.1474,0.194,1.2879,11.6379,0.0,1.4248,1.4127,1.5933,1.41,0.1387,0.3155,1.7846,12.1594,0.0,18.7415,0.5,1.4600000000000002,7.03,48.0,0.0,69.0,15.2784,0.19,0.25,1.66,15.0,0.0,27.0,116.0,20.9483,54,u,0,0,0,5,1,Spurs,A,3,0.713,1.1985,0.0,0.0,0.0,0.0,0.0,0.0,0.0,0.0,0.0,0.0,0.0,0.0,0.0,0.0,0.0,False
122806,McGinn,Aston Villa,MID,351,4,0,0,253.4,2136.0,0.118,0.2728,1.2832,5.0314,0.2989,329.0,0.0766,0.4897,1.1599,4.3769,0.0,1.4248,1.4127,1.5933,1.41,0.3321,0.7682,3.6128,14.1663,0.8417,65.326,3.0,4.11,33.08,150.0,6.0,443.0,23.2018,0.28,1.79,4.24,16.0,0.0,94.0,329.0,25.7143,54,a,0,4,4,5,1,Spurs,A,3,0.713,1.1985,3.1636,1.0,0.8958,0.0,-0.12,-0.03,0.2963,0.5321,0.3907,0.3276,0.0,0.009,1.0,1.0,0.8958,False
88894,Barkley,Aston Villa,MID,302,4,0,0,227.8,844.0,0.1576,0.1112,1.4242,6.7509,0.5764,378.0,0.1976,0.0381,1.3238,5.2381,0.4762,1.4248,1.4127,1.5933,1.41,0.3989,0.2814,3.6049,17.0873,1.4589,49.8941,1.58,1.26,13.2,74.0,5.0,221.0,19.7123,0.8300000000000001,0.16,5.56,22.0,2.0,58.0,378.0,13.8095,50,a,0,4,4,5,1,Spurs,A,3,0.713,1.1985,3.0417,1.0,0.9645,0.0,-0.12,-0.03,0.2123,0.2554,0.565,0.3234,0.0,0.0466,1.0,1.0,0.9645,False
226944,Kamara,Aston Villa,MID,360,4,0,0,76.0,1410.0,0.0417,0.0551,1.3706,9.5724,0.4398,0.0,0.0,0.0,0.0,0.0,0.0,1.4248,1.4127,1.5933,1.41,0.0352,0.0465,1.1574,8.0834,0.3714,14.3947,0.53,0.84,20.8,149.0,7.0,282.0,17.0464,0.0,0.0,0.0,0.0,0.0,0.0,0.0,0.0,50,a,0,4,4,5,1,Spurs,A,3,0.713,1.1985,1.8599,1.0,0.55,0.0,-0.12,-0.03,0.1187,0.0855,0.1249,0.2597,0.0,0.021,1.0,1.0,0.55,False
449871,Onana,Aston Villa,MID,0,0,0,0,228.8,1755.0,0.1159,0.048,1.4516,10.5223,0.1697,107.0,0.2355,0.0084,1.5645,7.5701,0.0,1.4248,1.4127,1.5933,1.41,0.2947,0.122,3.6903,26.7501,0.4314,41.036,1.68,0.6900000000000001,28.53,219.0,4.0,353.0,16.1418,0.28,0.01,1.86,9.0,0.0,12.0,107.0,10.0935,49,i,0,0,0,5,1,Spurs,A,3,0.713,1.1985,0.0,0.0,0.0,0.0,0.0,0.0,0.0,0.0,0.0,0.0,0.0,0.0,0.0,0.0,0.0,False
469247,Iling Jr,Aston Villa,MID,0,0,0,0,0.0,0.0,0.0,0.0,0.0,0.0,0.0,0.0,0.0,0.0,0.0,0.0,0.0,1.4248,1.4127,1.5933,1.41,0.0,0.0,0.0,0.0,0.0,0.0,0.0,0.0,0.0,0.0,0.0,0.0,0.0,0.0,0.0,0.0,0.0,0.0,0.0,0.0,0.0,50,u,0,0,0,5,1,Spurs,A,3,0.713,1.1985,0.0,0.0,0.0,0.0,0.0,0.0,0.0,0.0,0.0,0.0,0.0,0.0,0.0,0.0,0.0,False
645618,Burrowes,Aston Villa,MID,0,0,0,0,0.4,16.0,0.0,0.0,4.4775,4.9725,0.0,0.0,0.0,0.0,0.0,0.0,0.0,1.4248,1.4127,1.5933,1.41,0.0,0.0,0.0199,0.0221,0.0,0.0663,0.0,0.0,0.9,1.0,0.0,3.0,14.9175,0.0,0.0,0.0,0.0,0.0,0.0,0.0,0.0,45,a,0,0,0,5,1,Spurs,A,3,0.713,1.1985,0.0,0.0,0.0,0.0,0.0,0.0,0.0,0.0,0.0,0.0,0.0,0.0,0.0,0.0,0.0,False
577285,George Hemmings,Aston Villa,MID,279,4,0,0,2.7,25.0,0.1533,0.03,1.7967,3.82,0.0,0.0,0.0,0.0,0.0,0.0,0.0,1.4248,1.4127,1.5933,1.41,0.0046,0.0009,0.0539,0.1146,0.0,0.4944,0.04,0.01,0.61,1.0,0.0,5.0,16.48,0.0,0.0,0.0,0.0,0.0,0.0,0.0,0.0,45,a,0,4,4,5,1,Spurs,A,3,0.713,1.1985,2.0477,1.0,0.55,0.0,-0.12,-0.03,0.0949,0.1543,0.2677,0.2597,0.0,0.0002,1.0,1.0,0.55,False
653481,Alysson,Aston Villa,MID,87,0,1,0,9.0,47.0,0.105,0.095,3.805,7.753,0.0,0.0,0.0,0.0,0.0,0.0,0.0,1.4248,1.4127,1.5933,1.41,0.0105,0.0095,0.3805,0.7753,0.0,2.0327,0.05,0.05,1.87,4.0,0.0,11.0,20.327,0.0,0.0,0.0,0.0,0.0,0.0,0.0,0.0,50,a,1,0,1,5,1,Spurs,A,3,0.713,1.1985,1.6353,0.7594,0.4422,0.0,-0.0911,-0.0228,0.0747,0.1593,0.267,0.1756,0.0,0.0013,0.5625,0.7594,0.4422,False
614071,Manzambi,Aston Villa,MID,27,0,1,0,,,,,,,,,,,,,,1.4248,1.4127,1.5933,1.41,,,,,,,,,,,,,,,,,,,,,,59,a,1,0,1,5,1,Spurs,A,3,0.713,1.1985,1.6279,0.7594,0.4422,0.0,-0.0911,-0.0228,0.0775,0.156,0.26,0.1756,0.0,0.0005,0.5625,0.7594,0.4422,False
448089,Gomes,Aston Villa,MID,39,1,0,0,378.9,2829.0,0.0367,0.0734,1.6535,12.1332,0.2625,448.0,0.0201,0.0442,1.5288,11.8527,0.0,1.4248,1.4127,1.5933,1.41,0.1545,0.3089,6.9614,51.0806,1.105,73.2437,1.29,2.09,48.6,387.0,6.0,529.0,17.3976,0.1,0.22,7.61,59.0,0.0,65.0,448.0,13.058,55,a,0,1,1,5,1,Spurs,A,3,0.713,1.1985,2.4116,0.945,0.8683,0.0,-0.1134,-0.0284,0.2358,0.1638,0.1782,0.2912,0.0,0.6092,0.9,0.945,0.8683,False
178301,Watkins,Aston Villa,FWD,0,0,0,0,402.7,2833.0,0.6152,0.0279,1.3272,2.7016,1.3978,458.0,0.8902,0.0236,1.1653,2.3581,2.3581,1.4248,1.4127,1.5933,1.41,2.7525,0.1247,5.9387,12.0883,6.2542,126.2104,15.4,1.18,43.39,94.0,26.0,623.0,28.2069,4.53,0.12,5.93,12.0,12.0,235.0,458.0,46.179,78,u,0,0,0,5,1,Spurs,A,3,0.713,1.1985,0.0,0.0,0.0,0.0,0.0,0.0,0.0,0.0,0.0,0.0,0.0,0.0,0.0,0.0,0.0,False
173879,Abraham,Aston Villa,FWD,69,0,1,0,61.3,278.0,0.662,0.1092,1.9013,4.3275,0.5192,79.0,0.9,0.0,2.8823,4.557,0.0,1.4248,1.4127,1.5933,1.41,0.4509,0.0744,1.295,2.9475,0.3536,21.3668,2.05,0.36,5.12,13.0,2.0,93.0,31.3705,0.79,0.0,2.53,4.0,0.0,36.0,79.0,41.0127,55,a,1,0,1,5,1,Spurs,A,3,0.713,1.1985,1.9911,0.7594,0.4422,0.0,-0.0911,-0.0228,0.0896,0.1467,0.6769,0.0,0.0,0.0,0.5625,0.7594,0.4422,False
493105,Garnacho,Aston Villa,MID,31,0,1,0,152.7,1261.0,0.2402,0.226,1.3078,5.4923,0.176,120.0,0.255,0.06,0.87,6.75,0.0,1.4248,1.4127,1.5933,1.41,0.4076,0.3835,2.2189,9.3186,0.2986,25.9154,3.44,3.68,20.52,71.0,3.0,222.0,15.2743,0.3399999999999999,0.08,1.16,9.0,0.0,19.0,120.0,14.25,58,a,1,0,1,5,1,Spurs,A,3,0.713,1.1985,1.7763,0.7594,0.4422,0.0,-0.0911,-0.0228,0.0374,0.2135,0.3911,0.1756,0.0,0.004,0.5625,0.7594,0.4422,False
517052,N.Jackson,Aston Villa,FWD,199,3,0,0,0.0,0.0,0.0,0.0,0.0,0.0,0.0,0.0,0.0,0.0,0.0,0.0,0.0,1.4248,1.4127,1.5933,1.41,0.0,0.0,0.0,0.0,0.0,0.0,0.0,0.0,0.0,0.0,0.0,0.0,0.0,0.0,0.0,0.0,0.0,0.0,0.0,0.0,0.0,65,a,0,3,3,5,1,Spurs,A,3,0.713,1.1985,1.7829,0.9313,0.4815,0.0,-0.1118,-0.0279,0.0949,0.1033,0.3213,0.0,0.0,0.0,0.875,0.9313,0.4815,False
690838,Madjo,Aston Villa,FWD,0,0,0,0,,,,,,,,,,,,,,1.4248,1.4127,1.5933,1.41,,,,,,,,,,,,,,,,,,,,,,54,i,0,0,0,5,1,Spurs,A,3,0.713,1.1985,0.0,0.0,0.0,0.0,0.0,0.0,0.0,0.0,0.0,0.0,0.0,0.0,0.0,0.0,0.0,False
487992,Ruggeri,Aston Villa,DEF,23,0,1,0,,,,,,,,,,,,,,1.4248,1.4127,1.5933,1.41,,,,,,,,,,,,,,,,,,,,,,45,a,1,0,1,5,1,Spurs,A,3,0.713,1.1985,1.8093,0.5975,0.496,0.0,-0.0717,-0.0179,0.0441,0.0487,0.0974,0.7876,-0.1665,0.0451,0.5625,0.5975,0.496,False
433969,Suzuki,Aston Villa,GK,270,3,0,0,,,,,,,,,,,,,,1.4248,1.4127,1.5933,1.41,,,,,,,,,,,,,,,,,,,,,,50,a,0,3,3,5,1,Spurs,A,3,0.713,1.1985,4.6139,0.96,0.9453,0.8772,-0.1152,-0.0288,0.3553,0.0,0.0,1.7853,-0.1271,0.0,0.95,0.96,0.9453,False
569577,Rowe,Aston Villa,DEF,0,0,0,0,0.0,0.0,0.0,0.0,0.0,0.0,0.0,0.0,0.0,0.0,0.0,0.0,0.0,1.4248,1.4127,1.5933,1.41,0.0,0.0,0.0,0.0,0.0,0.0,0.0,0.0,0.0,0.0,0.0,0.0,0.0,0.0,0.0,0.0,0.0,0.0,0.0,0.0,0.0,40,a,0,0,0,5,1,Spurs,A,3,0.713,1.1985,0.0,0.0,0.0,0.0,0.0,0.0,0.0,0.0,0.0,0.0,0.0,0.0,0.0,0.0,0.0,False
571380,Lynch,Aston Villa,MID,0,0,0,0,,,,,,,,,,,,,,1.4248,1.4127,1.5933,1.41,,,,,,,,,,,,,,,,,,,,,,45,u,0,0,0,5,1,Spurs,A,3,0.713,1.1985,0.0,0.0,0.0,0.0,0.0,0.0,0.0,0.0,0.0,0.0,0.0,0.0,0.0,0.0,0.0,False
214590,Wan-Bissaka,Aston Villa,DEF,107,1,0,0,268.7,2080.0,0.0,0.0392,1.4029,6.9794,0.0,177.0,0.0,0.0356,1.1847,5.5932,0.0,1.4248,1.4127,1.5933,1.41,0.0,0.1171,4.1883,20.8374,0.0,27.8553,0.0,1.0,35.44,174.0,0.0,203.0,9.33,0.0,0.07,2.33,11.0,0.0,13.0,177.0,6.6102,45,a,0,1,1,5,1,Spurs,A,3,0.713,1.1985,2.6895,0.908,0.8825,0.0,-0.109,-0.0272,0.0797,0.0812,0.0412,1.1837,-0.3445,0.1457,0.9,0.908,0.8825,False
119090,Goretzka,Aston Villa,MID,0,0,0,0,,,,,,,,,,,,,,1.4248,1.4127,1.5933,1.41,,,,,,,,,,,,,,,,,,,,,,60,i,0,0,0,5,1,Spurs,A,3,0.713,1.1985,0.0,0.0,0.0,0.0,0.0,0.0,0.0,0.0,0.0,0.0,0.0,0.0,0.0,0.0,0.0,False
245719,Harwood-Bellis,Aston Villa,DEF,0,0,0,0,,,,,,,,,,,,,,1.4248,1.4127,1.5933,1.41,,,,,,,,,,,,,,,,,,,,,,45,a,0,0,0,5,1,Spurs,A,3,0.713,1.1985,0.0,0.0,0.0,0.0,0.0,0.0,0.0,0.0,0.0,0.0,0.0,0.0,0.0,0.0,0.0,False
638987,Mbaye,Aston Villa,MID,27,0,1,0,,,,,,,,,,,,,,1.4248,1.4127,1.5933,1.41,,,,,,,,,,,,,,,,,,,,,,60,a,1,0,1,5,1,Spurs,A,3,0.713,1.1985,1.6279,0.7594,0.4422,0.0,-0.0911,-0.0228,0.0775,0.156,0.26,0.1756,0.0,0.0005,0.5625,0.7594,0.4422,False
457569,Petrović,Bournemouth,GK,360,4,0,0,476.3,3420.0,0.0,0.0,1.5222,0.0,0.1253,540.0,0.0,0.0,1.34,0.0,0.0,1.7769,1.5636,2.052,1.442,0.0,0.0,8.0559,0.0,0.6633,78.3671,0.0,0.0,56.72,0.0,5.0,512.0,14.808,0.0,0.0,8.04,0.0,0.0,85.0,540.0,14.1667,45,a,0,4,4,5,1,Liverpool,H,4,1.0338,1.4887,3.5859,1.0,0.995,0.952,-0.12,-0.03,0.2907,0.0,0.0,1.0528,-0.5166,0.0,1.0,1.0,0.995,False
40383,Forster,Bournemouth,GK,0,0,0,0,0.0,0.0,0.0,0.0,0.0,0.0,0.0,0.0,0.0,0.0,0.0,0.0,0.0,1.7769,1.5636,2.052,1.442,0.0,0.0,0.0,0.0,0.0,0.0,0.0,0.0,0.0,0.0,0.0,0.0,0.0,0.0,0.0,0.0,0.0,0.0,0.0,0.0,0.0,40,a,0,0,0,5,1,Liverpool,H,4,1.0338,1.4887,0.0,0.0,0.0,0.0,0.0,0.0,0.0,0.0,0.0,0.0,0.0,0.0,0.0,0.0,0.0,False
444172,Dennis,Bournemouth,GK,0,0,0,0,0.0,0.0,0.0,0.0,0.0,0.0,0.0,0.0,0.0,0.0,0.0,0.0,0.0,1.7769,1.5636,2.052,1.442,0.0,0.0,0.0,0.0,0.0,0.0,0.0,0.0,0.0,0.0,0.0,0.0,0.0,0.0,0.0,0.0,0.0,0.0,0.0,0.0,0.0,40,u,0,0,0,5,1,Liverpool,H,4,1.0338,1.4887,0.0,0.0,0.0,0.0,0.0,0.0,0.0,0.0,0.0,0.0,0.0,0.0,0.0,0.0,0.0,False
463981,Hill,Bournemouth,DEF,360,4,0,0,415.8,2102.0,0.0413,0.0394,1.4925,11.1064,0.2232,540.0,0.0367,0.0167,1.34,10.5,0.3333,1.7769,1.5636,2.052,1.442,0.1909,0.182,6.8954,51.3115,1.0313,74.741,0.89,1.16,33.42,260.0,4.0,386.0,16.1777,0.22,0.1,8.04,63.0,2.0,92.0,540.0,15.3333,55,a,0,4,4,5,1,Liverpool,H,4,1.0338,1.4887,3.0203,1.0,0.9814,0.0,-0.12,-0.03,0.2907,0.1188,0.2636,1.0384,-0.5166,0.7467,1.0,1.0,0.9814,False
494521,Truffert,Bournemouth,DEF,360,4,0,0,473.9,3378.0,0.0656,0.1026,1.5005,7.7141,0.7447,540.0,0.1533,0.1033,1.34,6.8333,1.1667,1.7769,1.5636,2.052,1.442,0.3454,0.5405,7.9008,40.6191,3.9211,104.975,1.35,3.0700000000000003,54.42,301.0,19.0,607.0,19.9362,0.92,0.62,8.04,41.0,7.0,151.0,540.0,25.1667,55,a,0,4,4,5,1,Liverpool,H,4,1.0338,1.4887,3.442,1.0,0.9814,0.0,-0.12,-0.03,0.32,0.2941,0.4807,1.0384,-0.5166,0.2837,1.0,1.0,0.9814,False
242882,Diakité,Bournemouth,DEF,0,0,0,0,55.8,1275.0,0.0018,0.014,1.7342,8.0444,0.0653,0.0,0.0,0.0,0.0,0.0,0.0,1.7769,1.5636,2.052,1.442,0.0011,0.0087,1.0752,4.9875,0.0405,6.3698,0.02,0.19,22.47,117.0,2.0,164.0,10.2739,0.0,0.0,0.0,0.0,0.0,0.0,0.0,0.0,50,a,0,0,0,5,1,Liverpool,H,4,1.0338,1.4887,0.0,0.0,0.0,0.0,0.0,0.0,0.0,0.0,0.0,0.0,0.0,0.0,0.0,0.0,0.0,False
620487,Milosavljević,Bournemouth,DEF,0,0,0,0,15.0,367.0,0.0516,0.0294,1.2048,9.6336,0.0,0.0,0.0,0.0,0.0,0.0,0.0,1.7769,1.5636,2.052,1.442,0.0086,0.0049,0.2008,1.6056,0.0,2.7873,0.15,0.19,4.42,39.0,0.0,63.0,16.7238,0.0,0.0,0.0,0.0,0.0,0.0,0.0,0.0,49,i,0,0,0,5,1,Liverpool,H,4,1.0338,1.4887,0.0,0.0,0.0,0.0,0.0,0.0,0.0,0.0,0.0,0.0,0.0,0.0,0.0,0.0,0.0,False
54469,Smith,Bournemouth,DEF,360,4,0,0,182.1,1073.0,0.0,0.0179,1.5002,6.4687,0.6077,268.0,0.0,0.0101,1.4172,5.709,0.6716,1.7769,1.5636,2.052,1.442,0.0,0.0362,3.0355,13.0884,1.2296,41.2075,0.0,0.23,18.18,70.0,4.0,185.0,20.3661,0.0,0.03,4.22,17.0,2.0,62.0,268.0,20.8209,45,a,0,4,4,5,1,Liverpool,H,4,1.0338,1.4887,2.8295,1.0,0.7808,0.0,-0.12,-0.03,0.2735,0.065,0.0786,1.1296,-0.342,0.0328,1.0,1.0,0.7808,False
436893,J.Araujo,Bournemouth,DEF,0,0,0,0,0.0,0.0,0.0,0.0,0.0,0.0,0.0,0.0,0.0,0.0,0.0,0.0,0.0,1.7769,1.5636,2.052,1.442,0.0,0.0,0.0,0.0,0.0,0.0,0.0,0.0,0.0,0.0,0.0,0.0,0.0,0.0,0.0,0.0,0.0,0.0,0.0,0.0,0.0,44,i,0,0,0,5,1,Liverpool,H,4,1.0338,1.4887,0.0,0.0,0.0,0.0,0.0,0.0,0.0,0.0,0.0,0.0,0.0,0.0,0.0,0.0,0.0,False
575901,Soler,Bournemouth,DEF,0,0,0,0,2.2,34.0,0.0,0.0,5.2077,3.3177,0.0,0.0,0.0,0.0,0.0,0.0,0.0,1.7769,1.5636,2.052,1.442,0.0,0.0,0.1273,0.0811,0.0,0.0482,0.0,0.0,1.62,1.0,0.0,2.0,1.9718,0.0,0.0,0.0,0.0,0.0,0.0,0.0,0.0,40,a,0,0,0,5,1,Liverpool,H,4,1.0338,1.4887,0.0,0.0,0.0,0.0,0.0,0.0,0.0,0.0,0.0,0.0,0.0,0.0,0.0,0.0,0.0,False
499604,Rayan,Bournemouth,MID,347,4,0,0,296.8,1110.0,0.2274,0.1246,1.4442,7.1671,0.2071,418.0,0.295,0.1206,1.0852,8.3971,0.2153,1.7769,1.5636,2.052,1.442,0.7499,0.411,4.7627,23.6354,0.6829,62.5927,2.67,1.84,19.14,82.0,3.0,238.0,18.9803,1.37,0.56,5.04,39.0,1.0,109.0,418.0,23.4689,64,a,0,4,4,5,1,Liverpool,H,4,1.0338,1.4887,3.6485,1.0,0.9662,0.0,-0.12,-0.03,0.2135,0.4114,1.0807,0.2556,0.0,0.1208,1.0,1.0,0.9662,False
201658,Tavernier,Bournemouth,MID,350,4,0,0,391.5,2732.0,0.318,0.1872,1.3391,8.0876,0.5441,520.0,0.3185,0.2371,1.0765,7.6154,0.6923,1.7769,1.5636,2.052,1.442,1.3834,0.8143,5.8251,35.1812,2.367,86.2048,9.06,4.6,41.06,251.0,14.0,552.0,19.8172,1.84,1.37,6.22,44.0,4.0,126.0,520.0,21.8077,61,a,0,4,4,5,1,Liverpool,H,4,1.0338,1.4887,4.2913,1.0,0.9662,0.0,-0.12,-0.03,0.2744,0.584,1.49,0.2556,0.0,0.2358,1.0,1.0,0.9662,False
503139,Scott,Bournemouth,MID,356,4,0,0,413.0,2848.0,0.1174,0.1272,1.4841,12.8595,0.2955,450.0,0.016,0.232,1.194,13.0,0.0,1.7769,1.5636,2.052,1.442,0.5388,0.5837,6.8103,59.0109,1.3561,88.0725,3.8,2.94,47.02,386.0,9.0,603.0,19.1926,0.08,1.16,5.97,65.0,0.0,90.0,450.0,18.0,61,a,0,4,4,5,1,Liverpool,H,4,1.0338,1.4887,3.4208,1.0,0.9662,0.0,-0.12,-0.03,0.4646,0.4537,0.5596,0.2556,0.0,0.9213,1.0,1.0,0.9662,False
222683,Kluivert,Bournemouth,MID,294,4,0,0,65.9,945.0,0.268,0.1207,2.0923,6.7298,0.2841,31.0,0.2032,0.029,3.4258,8.7097,0.0,1.7769,1.5636,2.052,1.442,0.1962,0.0884,1.532,4.9277,0.208,8.9274,2.31,1.55,17.96,65.0,3.0,147.0,12.1922,0.07,0.01,1.1800000000000002,3.0,0.0,0.0,31.0,0.0,60,a,0,4,4,5,1,Liverpool,H,4,1.0338,1.4887,2.3368,1.0,0.55,0.0,-0.12,-0.03,0.0621,0.201,0.5831,0.2194,0.0,0.004,1.0,1.0,0.55,False
155408,Cook,Bournemouth,MID,165,2,0,0,84.7,872.0,0.0046,0.0576,1.5355,14.4355,0.0,2.0,0.0,0.0,22.95,0.0,0.0,1.7769,1.5636,2.052,1.442,0.0043,0.0542,1.4451,13.5854,0.0,20.0256,0.07,0.52,14.0,143.0,0.0,190.0,21.2787,0.0,0.0,0.51,0.0,0.0,6.0,2.0,270.0,50,a,0,2,2,5,1,Liverpool,H,4,1.0338,1.4887,1.717,0.9175,0.4678,0.0,-0.1101,-0.0275,0.156,0.1245,0.1311,0.1866,0.0,0.0924,0.85,0.9175,0.4678,False
496208,Gannon-Doak,Bournemouth,MID,10,0,1,0,22.6,105.0,0.3206,0.0765,3.3818,14.2009,0.0,49.0,0.3122,0.0551,3.7837,16.5306,0.0,1.7769,1.5636,2.052,1.442,0.0805,0.0192,0.8492,3.566,0.0,4.8485,0.26,0.13,4.74,13.0,0.0,33.0,19.3082,0.17,0.03,2.06,9.0,0.0,12.0,49.0,22.0408,49,a,1,0,1,5,1,Liverpool,H,4,1.0338,1.4887,1.8481,0.7594,0.448,0.0,-0.0911,-0.0228,0.0457,0.2183,0.4745,0.1451,0.0,0.0125,0.5625,0.7594,0.448,False
200785,Adams,Bournemouth,MID,192,2,0,0,222.5,1769.0,0.0176,0.0434,1.4807,12.7901,0.0589,337.0,0.0053,0.0694,1.5783,12.5519,0.0,1.7769,1.5636,2.052,1.442,0.0434,0.1073,3.6606,31.6199,0.1456,40.008,0.63,0.63,27.18,232.0,3.0,346.0,16.183,0.02,0.26,5.91,47.0,0.0,62.0,337.0,16.5579,50,a,0,2,2,5,1,Liverpool,H,4,1.0338,1.4887,2.2958,0.9175,0.8216,0.0,-0.1101,-0.0275,0.1864,0.1982,0.2213,0.2173,0.0,0.6688,0.85,0.9175,0.8216,False
111317,Brooks,Bournemouth,MID,30,0,1,0,112.3,1188.0,0.6014,0.2383,2.0023,7.5095,0.2302,127.0,0.6236,0.163,2.0409,6.378,0.0,1.7769,1.5636,2.052,1.442,0.7504,0.2973,2.4984,9.3702,0.2873,21.8645,5.81,3.4,20.25,94.0,4.0,215.0,17.5228,0.88,0.23,2.88,9.0,0.0,23.0,127.0,16.2992,50,a,1,0,1,5,1,Liverpool,H,4,1.0338,1.4887,2.719,0.7594,0.448,0.0,-0.0911,-0.0228,0.0565,0.3287,1.2241,0.1451,0.0,0.0218,0.5625,0.7594,0.448,False
158499,Christie,Bournemouth,MID,28,0,1,0,173.9,978.0,0.1017,0.0753,1.6285,11.511,0.2588,198.0,0.0818,0.0955,0.9682,12.2727,0.0,1.7769,1.5636,2.052,1.442,0.1966,0.1454,3.1467,22.2418,0.5,35.2195,1.81,0.79,19.14,123.0,2.0,214.0,18.2275,0.18,0.21,2.13,27.0,0.0,30.0,198.0,13.6364,50,a,1,0,1,5,1,Liverpool,H,4,1.0338,1.4887,1.6456,0.7594,0.448,0.0,-0.0911,-0.0228,0.0598,0.1645,0.3117,0.1451,0.0,0.1059,0.5625,0.7594,0.448,False
614574,Tóth.A,Bournemouth,MID,15,0,1,0,39.4,135.0,0.071,0.185,3.0164,10.9115,0.0,59.0,0.0763,0.122,3.539,10.678,0.0,1.7769,1.5636,2.052,1.442,0.0311,0.081,1.3205,4.7768,0.0,9.5641,0.11,0.33,4.9,17.0,0.0,32.0,21.8469,0.05,0.08,2.3200000000000003,7.0,0.0,18.0,59.0,27.4576,50,a,1,0,1,5,1,Liverpool,H,4,1.0338,1.4887,1.7937,0.7594,0.448,0.0,-0.0911,-0.0228,0.0811,0.2492,0.3538,0.1451,0.0,0.0089,0.5625,0.7594,0.448,False
489888,Adli,Bournemouth,MID,0,0,0,0,135.4,1074.0,0.197,0.1455,1.6717,9.4346,0.4063,50.0,0.09,0.054,3.186,9.0,0.0,1.7769,1.5636,2.052,1.442,0.2964,0.2189,2.515,14.1938,0.6113,29.0595,2.6,1.62,18.22,123.0,4.0,241.0,19.3158,0.05,0.03,1.77,5.0,0.0,7.0,50.0,12.6,49,i,0,0,0,5,1,Liverpool,H,4,1.0338,1.4887,0.0,0.0,0.0,0.0,0.0,0.0,0.0,0.0,0.0,0.0,0.0,0.0,0.0,0.0,0.0,False
560262,Kroupi.Jr,Bournemouth,MID,0,0,0,0,317.0,1826.0,0.4355,0.0979,1.2926,5.4402,0.7365,431.0,0.3759,0.1086,0.9146,4.1763,1.0441,1.7769,1.5636,2.052,1.442,1.5338,0.3447,4.553,19.1617,2.5942,80.0008,9.87,1.58,28.85,123.0,17.0,605.0,22.7132,1.8,0.52,4.38,20.0,5.0,102.0,431.0,21.2993,74,i,0,0,0,5,1,Liverpool,H,4,1.0338,1.4887,0.0,0.0,0.0,0.0,0.0,0.0,0.0,0.0,0.0,0.0,0.0,0.0,0.0,0.0,0.0,False
444102,Evanilson,Bournemouth,FWD,334,4,0,0,397.5,2741.0,0.3605,0.051,1.3129,5.3052,0.1321,459.0,0.4529,0.0608,0.9882,5.8824,0.0,1.7769,1.5636,2.052,1.442,1.592,0.2254,5.7988,23.4313,0.5834,59.3254,10.64,1.48,39.02,135.0,6.0,412.0,13.4322,2.31,0.31,5.04,30.0,0.0,55.0,459.0,10.7843,60,a,0,4,4,5,1,Liverpool,H,4,1.0338,1.4887,3.8162,1.0,0.9662,0.0,-0.12,-0.03,0.2543,0.2167,1.5387,0.0,0.0,0.0309,1.0,1.0,0.9662,False
168636,Enes Ünal,Bournemouth,FWD,0,0,0,0,36.2,214.0,0.7834,0.0211,3.5868,14.4047,0.1198,40.0,0.3375,0.0225,5.805,24.75,0.0,1.7769,1.5636,2.052,1.442,0.3151,0.0085,1.4427,5.7939,0.0482,15.4509,2.0,0.07,6.16,23.0,1.0,83.0,38.4138,0.15,0.01,2.58,11.0,0.0,26.0,40.0,58.5,55,u,0,0,0,5,1,Liverpool,H,4,1.0338,1.4887,0.0,0.0,0.0,0.0,0.0,0.0,0.0,0.0,0.0,0.0,0.0,0.0,0.0,0.0,0.0,False
561245,Rodríguez,Bournemouth,FWD,10,0,1,0,,,,,,,,,,,,,,1.7769,1.5636,2.052,1.442,,,,,,,,,,,,,,,,,,,,,,60,a,1,0,1,5,1,Liverpool,H,4,1.0338,1.4887,2.1244,0.7594,0.448,0.0,-0.0911,-0.0228,0.0796,0.2337,0.7272,0.0,0.0,0.0,0.5625,0.7594,0.448,False
483067,Silva,Bournemouth,DEF,360,4,0,0,,,,,,,,,,,,,,1.7769,1.5636,2.052,1.442,,,,,,,,,,,,,,,,,,,,,,50,a,0,4,4,5,1,Liverpool,H,4,1.0338,1.4887,2.3487,1.0,0.55,0.0,-0.12,-0.03,0.13,0.0451,0.0902,0.8777,-0.1883,0.0009,1.0,1.0,0.55,False
494928,Sanchez,Bournemouth,DEF,0,0,0,0,,,,,,,,,,,,,,1.7769,1.5636,2.052,1.442,,,,,,,,,,,,,,,,,,,,,,44,a,0,0,0,5,1,Liverpool,H,4,1.0338,1.4887,0.0,0.0,0.0,0.0,0.0,0.0,0.0,0.0,0.0,0.0,0.0,0.0,0.0,0.0,0.0,False
523700,Jebbison,Bournemouth,FWD,16,0,1,0,,,,,,,,,,,,,,1.7769,1.5636,2.052,1.442,,,,,,,,,,,,,,,,,,,,,,50,a,1,0,1,5,1,Liverpool,H,4,1.0338,1.4887,2.1124,0.7594,0.448,0.0,-0.0911,-0.0228,0.0788,0.231,0.7188,0.0,0.0,0.0,0.5625,0.7594,0.448,False
230650,Di Gregorio,Bournemouth,GK,0,0,0,0,,,,,,,,,,,,,,1.7769,1.5636,2.052,1.442,,,,,,,,,,,,,,,,,,,,,,45,a,0,0,0,5,1,Liverpool,H,4,1.0338,1.4887,0.0,0.0,0.0,0.0,0.0,0.0,0.0,0.0,0.0,0.0,0.0,0.0,0.0,0.0,0.0,False
200720,Kelleher,Brentford,GK,360,4,0,0,461.4,3330.0,0.0,0.0085,1.6047,0.0,0.4746,540.0,0.0,0.0,1.7833,0.0,0.5,1.5776,1.5818,1.4417,1.7833,0.0,0.0438,8.2266,0.0,2.4333,89.1947,0.0,0.22,53.48,0.0,11.0,570.0,17.3982,0.0,0.0,10.7,0.0,3.0,114.0,540.0,19.0,50,a,0,4,4,5,1,Chelsea,H,4,1.119,1.583,3.6944,1.0,0.995,0.9588,-0.12,-0.03,0.4935,0.0196,0.0,0.9767,-0.5612,0.0,1.0,1.0,0.995,False
507433,Valdimarsson,Brentford,GK,0,0,0,0,17.3,90.0,0.0,0.0,0.9728,0.0,0.0,0.0,0.0,0.0,0.0,0.0,0.0,1.5776,1.5818,1.4417,1.7833,0.0,0.0,0.187,0.0,0.0,0.1928,0.0,0.0,0.97,0.0,0.0,1.0,1.003,0.0,0.0,0.0,0.0,0.0,0.0,0.0,0.0,45,a,0,0,0,5,1,Chelsea,H,4,1.119,1.583,0.0,0.0,0.0,0.0,0.0,0.0,0.0,0.0,0.0,0.0,0.0,0.0,0.0,0.0,0.0,False
432830,Collins,Brentford,DEF,196,3,0,0,413.0,2971.0,0.0674,0.0645,1.6192,9.0725,0.1154,540.0,0.0633,0.065,1.7833,8.8333,0.0,1.5776,1.5818,1.4417,1.7833,0.3094,0.296,7.4305,41.6327,0.5297,63.551,2.24,1.71,47.52,319.0,7.0,450.0,13.8489,0.38,0.39,10.7,53.0,0.0,76.0,540.0,12.6667,55,i,0,3,3,5,1,Chelsea,H,4,1.119,1.583,0.0,0.0,0.0,0.0,0.0,0.0,0.0,0.0,0.0,0.0,0.0,0.0,0.0,0.0,0.0,False
444765,Van den Berg,Brentford,DEF,0,0,0,0,361.2,2761.0,0.1099,0.095,1.4357,8.9219,0.1083,368.0,0.1198,0.1345,1.4747,8.8043,0.0,1.5776,1.5818,1.4417,1.7833,0.4409,0.3814,5.7618,35.8067,0.4347,69.7941,3.36,1.45,41.59,272.0,3.0,435.0,17.3906,0.49,0.5499999999999999,6.03,36.0,0.0,90.0,368.0,22.0109,49,i,0,0,0,5,1,Chelsea,H,4,1.119,1.583,0.0,0.0,0.0,0.0,0.0,0.0,0.0,0.0,0.0,0.0,0.0,0.0,0.0,0.0,0.0,False
249231,Lewis-Potter,Brentford,MID,326,4,0,0,355.5,1960.0,0.1323,0.1337,1.5739,3.4572,0.2355,538.0,0.1322,0.1138,1.6227,3.3457,0.3346,1.5776,1.5818,1.4417,1.7833,0.5224,0.5282,6.217,13.6558,0.9301,63.3106,3.01,2.51,33.74,74.0,5.0,356.0,16.028,0.79,0.68,9.7,20.0,2.0,88.0,538.0,14.7212,55,a,0,4,4,5,1,Chelsea,H,4,1.119,1.583,3.3144,1.0,0.9679,0.0,-0.12,-0.03,0.1737,0.4515,0.7628,0.2375,0.0,0.0049,1.0,1.0,0.9679,False
191866,Ajer,Brentford,DEF,360,4,0,0,236.8,1805.0,0.015,0.0188,1.814,9.9283,0.0336,181.0,0.0,0.005,2.332,11.9337,0.0,1.5776,1.5818,1.4417,1.7833,0.0395,0.0494,4.7729,26.1224,0.0884,24.5734,0.69,0.73,31.51,192.0,1.0,211.0,9.3396,0.0,0.01,4.69,24.0,0.0,15.0,181.0,7.4586,45,a,0,4,4,5,1,Chelsea,H,4,1.119,1.583,2.2092,1.0,0.55,0.0,-0.12,-0.03,0.0757,0.0422,0.0743,0.8318,-0.2089,0.0721,1.0,1.0,0.55,False
607464,Kayode,Brentford,DEF,226,3,0,0,458.4,3258.0,0.0609,0.0566,1.6066,5.3635,0.2032,540.0,0.0933,0.0367,1.7833,3.8333,0.3333,1.5776,1.5818,1.4417,1.7833,0.3103,0.2883,8.1829,27.3181,1.0348,63.7583,1.28,2.89,52.65,219.0,9.0,494.0,12.518,0.56,0.22,10.7,23.0,2.0,54.0,540.0,9.0,46,a,0,3,3,5,1,Chelsea,H,4,1.119,1.583,2.6583,0.908,0.8841,0.0,-0.109,-0.0272,0.0852,0.162,0.3989,0.8678,-0.5055,0.0618,0.9,0.908,0.8841,False
194010,Henry,Brentford,DEF,2,0,1,0,140.3,1322.0,0.0049,0.0384,1.4167,4.5331,0.0,0.0,0.0,0.0,0.0,0.0,0.0,1.5776,1.5818,1.4417,1.7833,0.0077,0.0598,2.2085,7.0666,0.0,16.0268,0.18,0.54,23.91,68.0,0.0,144.0,10.2809,0.0,0.0,0.0,0.0,0.0,0.0,0.0,0.0,44,a,1,0,1,5,1,Chelsea,H,4,1.119,1.583,1.5123,0.5975,0.5023,0.0,-0.0717,-0.0179,0.0247,0.0665,0.0553,0.6098,-0.2481,0.0108,0.5625,0.5975,0.5023,False
472713,Hickey,Brentford,DEF,131,1,0,0,76.6,679.0,0.0448,0.0083,1.8365,7.9461,0.0,91.0,0.0396,0.0,2.5319,8.9011,0.0,1.5776,1.5818,1.4417,1.7833,0.0381,0.0071,1.5631,6.763,0.0,10.7507,0.44,0.17,9.03,51.0,0.0,105.0,12.6314,0.04,0.0,2.56,9.0,0.0,11.0,91.0,10.8791,45,a,0,1,1,5,1,Chelsea,H,4,1.119,1.583,2.2334,0.8275,0.7965,0.0,-0.0993,-0.0248,0.0821,0.0727,0.2597,0.7818,-0.4568,0.2701,0.8125,0.8275,0.7965,False
570241,Ji-soo,Brentford,DEF,0,0,0,0,0.0,0.0,0.0,0.0,0.0,0.0,0.0,0.0,0.0,0.0,0.0,0.0,0.0,1.5776,1.5818,1.4417,1.7833,0.0,0.0,0.0,0.0,0.0,0.0,0.0,0.0,0.0,0.0,0.0,0.0,0.0,0.0,0.0,0.0,0.0,0.0,0.0,0.0,0.0,45,a,0,0,0,5,1,Chelsea,H,4,1.119,1.583,0.0,0.0,0.0,0.0,0.0,0.0,0.0,0.0,0.0,0.0,0.0,0.0,0.0,0.0,0.0,False
513086,Schuster,Brentford,DEF,163,1,0,0,,,,,,,,,,,,,,1.5776,1.5818,1.4417,1.7833,,,,,,,,,,,,,,,,,,,,,,45,a,0,1,1,5,1,Chelsea,H,4,1.119,1.583,1.8969,0.8275,0.447,0.0,-0.0993,-0.0248,0.09,0.0518,0.1037,0.676,-0.1691,0.0043,0.8125,0.8275,0.447,False
513418,Schade,Brentford,MID,357,4,0,0,372.6,2744.0,0.3984,0.0484,1.537,5.3551,0.0784,448.0,0.2571,0.0362,1.81,4.8214,0.0,1.5776,1.5818,1.4417,1.7833,1.6495,0.2004,6.363,22.1702,0.3245,44.6529,12.08,2.05,40.05,190.0,5.0,385.0,10.7857,1.28,0.18,9.01,24.0,0.0,43.0,448.0,8.6384,60,a,0,4,4,5,1,Chelsea,H,4,1.119,1.583,4.2346,1.0,0.9679,0.0,-0.12,-0.03,0.2206,0.2166,1.8709,0.2375,0.0,0.0415,1.0,1.0,0.9679,False
533463,O.Dango,Brentford,MID,170,2,0,0,358.8,2271.0,0.345,0.1962,1.5986,6.504,0.6828,471.0,0.4701,0.0994,1.7197,4.7771,0.5732,1.5776,1.5818,1.4417,1.7833,1.3755,0.782,6.3729,25.9291,2.7221,71.0298,7.94,4.12,34.75,185.0,16.0,429.0,17.8168,2.46,0.52,9.0,25.0,3.0,82.0,471.0,15.6688,64,a,0,2,2,5,1,Chelsea,H,4,1.119,1.583,4.1846,0.945,0.8713,0.0,-0.1134,-0.0284,0.2044,0.54,1.6807,0.2138,0.0,0.0745,0.9,0.945,0.8713,False
440089,Damsgaard,Brentford,MID,197,2,0,0,293.2,2046.0,0.1404,0.2537,1.4987,11.5817,0.534,435.0,0.1552,0.269,1.5434,11.7931,0.6207,1.5776,1.5818,1.4417,1.7833,0.4574,0.8265,4.8825,37.7307,1.7396,70.6718,2.6100000000000003,5.43,31.55,241.0,9.0,467.0,21.6933,0.75,1.3,7.46,57.0,3.0,99.0,435.0,20.4828,55,a,0,2,2,5,1,Chelsea,H,4,1.119,1.583,3.7556,0.945,0.8713,0.0,-0.1134,-0.0284,0.5171,0.7271,0.7519,0.2138,0.0,0.6043,0.9,0.945,0.8713,False
207283,Jensen,Brentford,MID,66,1,0,0,412.0,2239.0,0.0618,0.2551,1.5346,9.3269,0.0708,504.0,0.025,0.3268,1.7071,9.8214,0.1786,1.5776,1.5818,1.4417,1.7833,0.283,1.168,7.0251,42.6966,0.3242,80.3206,2.21,6.0600000000000005,35.72,220.0,1.0,465.0,17.5458,0.14,1.83,9.56,55.0,1.0,107.0,504.0,19.1071,54,i,0,1,1,5,1,Chelsea,H,4,1.119,1.583,0.0,0.0,0.0,0.0,0.0,0.0,0.0,0.0,0.0,0.0,0.0,0.0,0.0,0.0,0.0,False
204580,Janelt,Brentford,MID,360,4,0,0,203.6,1434.0,0.0355,0.1496,2.1343,10.4461,0.3055,181.0,0.0,0.1939,3.1823,9.4475,0.0,1.5776,1.5818,1.4417,1.7833,0.0803,0.3384,4.8283,23.6313,0.691,44.2172,0.8200000000000001,2.27,26.62,183.0,6.0,334.0,19.5459,0.0,0.39,6.4,19.0,0.0,34.0,181.0,16.9061,50,a,0,4,4,5,1,Chelsea,H,4,1.119,1.583,2.1091,1.0,0.55,0.0,-0.12,-0.03,0.1902,0.2581,0.1817,0.208,0.0,0.0414,1.0,1.0,0.55,False
543295,Milambo,Brentford,MID,0,0,0,0,0.8,45.0,0.0,0.0225,3.1162,8.3588,0.0,0.0,0.0,0.0,0.0,0.0,0.0,1.5776,1.5818,1.4417,1.7833,0.0,0.0002,0.0277,0.0743,0.0,0.0929,0.0,0.01,1.49,4.0,0.0,5.0,10.4512,0.0,0.0,0.0,0.0,0.0,0.0,0.0,0.0,50,i,0,0,0,5,1,Chelsea,H,4,1.119,1.583,0.0,0.0,0.0,0.0,0.0,0.0,0.0,0.0,0.0,0.0,0.0,0.0,0.0,0.0,0.0,False
244858,Carvalho,Brentford,MID,0,0,0,0,2.0,100.0,0.7515,0.027,1.782,7.0335,1.0845,0.0,0.0,0.0,0.0,0.0,0.0,1.5776,1.5818,1.4417,1.7833,0.0167,0.0006,0.0396,0.1563,0.0241,1.0448,0.7000000000000001,0.03,2.08,8.0,1.0,42.0,47.016,0.0,0.0,0.0,0.0,0.0,0.0,0.0,0.0,50,a,0,0,0,5,1,Chelsea,H,4,1.119,1.583,0.0,0.0,0.0,0.0,0.0,0.0,0.0,0.0,0.0,0.0,0.0,0.0,0.0,0.0,0.0,False
508395,Yarmoliuk,Brentford,MID,148,1,0,0,354.2,2652.0,0.028,0.0394,1.409,12.0341,0.1068,436.0,0.0062,0.0268,1.4986,12.5917,0.2064,1.5776,1.5818,1.4417,1.7833,0.1101,0.1549,5.5451,47.361,0.4204,62.982,1.22,1.39,40.31,338.0,1.0,448.0,16.0033,0.03,0.13,7.26,61.0,1.0,84.0,436.0,17.3394,48,a,0,1,1,5,1,Chelsea,H,4,1.119,1.583,2.4524,0.945,0.8713,0.0,-0.1134,-0.0284,0.2689,0.1798,0.2443,0.2138,0.0,0.7234,0.9,0.945,0.8713,False
183656,Dasilva,Brentford,MID,0,0,0,0,0.8,2.0,3.78,0.0,2.2162,47.295,0.0,2.0,3.6,0.0,2.25,45.0,0.0,1.5776,1.5818,1.4417,1.7833,0.0336,0.0,0.0197,0.4204,0.0,1.9685,0.08,0.0,0.05,1.0,0.0,5.0,221.4562,0.08,0.0,0.05,1.0,0.0,5.0,2.0,225.0,49,i,0,0,0,5,1,Chelsea,H,4,1.119,1.583,0.0,0.0,0.0,0.0,0.0,0.0,0.0,0.0,0.0,0.0,0.0,0.0,0.0,0.0,0.0,False
444180,Anthony,Brentford,MID,187,2,0,0,419.4,2717.0,0.1545,0.0878,1.8776,6.9513,0.0604,519.0,0.1387,0.0468,1.6491,5.3757,0.0,1.5776,1.5818,1.4417,1.7833,0.7199,0.409,8.7495,32.3931,0.2815,74.8488,5.11,2.85,59.0,232.0,6.0,513.0,16.062,0.8,0.27,9.51,31.0,0.0,89.0,519.0,15.4335,59,a,0,2,2,5,1,Chelsea,H,4,1.119,1.583,2.9874,0.945,0.8713,0.0,-0.1134,-0.0284,0.1519,0.289,0.7871,0.2138,0.0,0.1061,0.9,0.945,0.8713,False
502500,Thiago,Brentford,FWD,352,4,0,0,472.4,3282.0,0.4953,0.0499,1.5917,6.2365,0.3966,540.0,0.275,0.0183,1.7833,5.8333,0.0,1.5776,1.5818,1.4417,1.7833,2.6,0.2617,8.3548,32.7348,2.0816,81.8437,20.6,1.83,53.17,214.0,22.0,710.0,15.5926,1.65,0.11,10.7,35.0,0.0,42.0,540.0,7.0,79,a,0,4,4,5,1,Chelsea,H,4,1.119,1.583,4.4675,1.0,0.9679,0.0,-0.12,-0.03,0.4995,0.2019,1.9578,0.0,0.0,0.0675,1.0,1.0,0.9679,False
593174,Furo,Brentford,FWD,0,0,0,0,0.4,1.0,0.0,0.0,1.5975,0.0,0.0,1.0,0.0,0.0,1.8,0.0,0.0,1.5776,1.5818,1.4417,1.7833,0.0,0.0,0.0071,0.0,0.0,0.7071,0.0,0.0,0.02,0.0,0.0,2.0,159.0975,0.0,0.0,0.02,0.0,0.0,2.0,1.0,180.0,45,i,0,0,0,5,1,Chelsea,H,4,1.119,1.583,0.0,0.0,0.0,0.0,0.0,0.0,0.0,0.0,0.0,0.0,0.0,0.0,0.0,0.0,0.0,False
75115,Wilson,Brentford,FWD,13,0,1,0,164.6,1234.0,0.5963,0.0685,1.4586,2.8167,0.1901,189.0,0.5333,0.081,1.2714,1.9048,0.0,1.5776,1.5818,1.4417,1.7833,1.0906,0.1252,2.6676,5.1515,0.3476,40.2525,7.6,0.54,21.49,41.0,7.0,296.0,22.0093,1.12,0.1699999999999999,2.67,4.0,0.0,68.0,189.0,32.381,55,a,1,0,1,5,1,Chelsea,H,4,1.119,1.583,2.5388,0.7594,0.4537,0.0,-0.0911,-0.0228,0.103,0.1625,1.1838,0.0,0.0,0.0,0.5625,0.7594,0.4537,False
513545,M.Sangaré,Brentford,MID,300,4,0,0,,,,,,,,,,,,,,1.5776,1.5818,1.4417,1.7833,,,,,,,,,,,,,,,,,,,,,,57,a,0,4,4,5,1,Chelsea,H,4,1.119,1.583,2.0923,1.0,0.55,0.0,-0.12,-0.03,0.1936,0.1574,0.2623,0.208,0.0,0.0,1.0,1.0,0.55,False
613804,Diouf,Brentford,DEF,30,0,1,0,406.4,2706.0,0.015,0.099,1.4166,6.2694,0.077,523.0,0.0138,0.1101,1.5161,5.8509,0.0,1.5776,1.5818,1.4417,1.7833,0.0678,0.447,6.3966,28.3098,0.3475,71.8026,0.5700000000000001,2.51,43.65,205.0,3.0,381.0,15.9012,0.08,0.64,8.809999999999999,34.0,0.0,93.0,523.0,16.0038,45,a,1,0,1,5,1,Chelsea,H,4,1.119,1.583,1.9434,0.701,0.6027,0.0,-0.0841,-0.021,0.0602,0.1754,0.0804,0.7316,-0.2968,0.0343,0.675,0.701,0.6027,False
626464,Nunes,Brentford,MID,0,0,0,0,0.0,0.0,0.0,0.0,0.0,0.0,0.0,0.0,0.0,0.0,0.0,0.0,0.0,1.5776,1.5818,1.4417,1.7833,0.0,0.0,0.0,0.0,0.0,0.0,0.0,0.0,0.0,0.0,0.0,0.0,0.0,0.0,0.0,0.0,0.0,0.0,0.0,0.0,0.0,45,a,0,0,0,5,1,Chelsea,H,4,1.119,1.583,0.0,0.0,0.0,0.0,0.0,0.0,0.0,0.0,0.0,0.0,0.0,0.0,0.0,0.0,0.0,False
489639,Verbruggen,Brighton,GK,360,4,0,0,476.3,3420.0,0.0,0.0017,1.1977,0.0,0.1634,540.0,0.0,0.0017,1.1933,0.0,0.0,1.6378,1.2471,1.988,1.358,0.0,0.0091,6.3386,0.0,0.8646,84.5467,0.0,0.06,49.06,0.0,6.0,616.0,15.9757,0.0,0.01,7.16,0.0,0.0,76.0,540.0,12.6667,45,a,0,4,4,5,1,Arsenal,H,4,0.614,1.4278,3.8378,1.0,0.995,1.0513,-0.12,-0.03,0.3593,0.0027,0.0,1.1057,-0.4881,0.0,1.0,1.0,0.995,False
49262,Steele,Brighton,GK,0,0,0,0,0.0,0.0,0.0,0.0,0.0,0.0,0.0,0.0,0.0,0.0,0.0,0.0,0.0,1.6378,1.2471,1.988,1.358,0.0,0.0,0.0,0.0,0.0,0.0,0.0,0.0,0.0,0.0,0.0,0.0,0.0,0.0,0.0,0.0,0.0,0.0,0.0,0.0,0.0,40,a,0,0,0,5,1,Arsenal,H,4,0.614,1.4278,0.0,0.0,0.0,0.0,0.0,0.0,0.0,0.0,0.0,0.0,0.0,0.0,0.0,0.0,0.0,False
231416,F.Kadıoğlu,Brighton,DEF,257,3,0,0,468.8,3130.0,0.0591,0.1065,1.1928,4.5996,0.2368,540.0,0.0767,0.1467,1.1933,3.6667,0.5,1.6378,1.2471,1.988,1.358,0.3076,0.5547,6.2133,23.9588,1.2336,78.1946,2.06,3.31,44.61,170.0,7.0,514.0,15.0118,0.46,0.88,7.16,22.0,3.0,82.0,540.0,13.6667,44,a,0,3,3,5,1,Arsenal,H,4,0.614,1.4278,2.6482,0.908,0.8808,0.0,-0.109,-0.0272,0.0806,0.1765,0.2054,0.9788,-0.4396,0.0487,0.9,0.908,0.8808,False
204120,Boscagli,Brighton,DEF,347,4,0,0,167.2,799.0,0.0031,0.0478,1.2859,8.6234,0.3735,270.0,0.0,0.0467,1.54,6.6667,0.0,1.6378,1.2471,1.988,1.358,0.0057,0.0888,2.389,16.0204,0.6939,34.2852,0.05,0.47,10.87,78.0,4.0,171.0,18.455,0.0,0.14,4.62,20.0,0.0,47.0,270.0,15.6667,45,a,0,4,4,5,1,Arsenal,H,4,0.614,1.4278,2.7324,1.0,0.7568,0.0,-0.12,-0.03,0.1993,0.0672,0.0606,1.1301,-0.3255,0.1066,1.0,1.0,0.7568,False
465730,De Cuyper,Brighton,DEF,333,4,0,0,180.9,1404.0,0.0681,0.441,1.3696,4.2508,0.7303,259.0,0.0382,0.6707,1.1293,4.5174,1.0425,1.6378,1.2471,1.988,1.358,0.1368,0.8864,2.7528,8.5442,1.468,49.4071,1.66,4.08,24.09,64.0,9.0,318.0,24.5806,0.11,1.93,3.25,13.0,3.0,90.0,259.0,31.2741,48,a,0,4,4,5,1,Arsenal,H,4,0.614,1.4278,3.2461,1.0,0.707,0.0,-0.12,-0.03,0.2812,0.4649,0.1596,1.0957,-0.3063,0.0074,1.0,1.0,0.707,False
83299,Dunk,Brighton,DEF,360,4,0,0,339.4,2837.0,0.0881,0.0203,1.2399,6.8263,0.3869,272.0,0.1754,0.0165,1.1879,4.6324,0.6618,1.6378,1.2471,1.988,1.358,0.3322,0.0764,4.6758,25.7429,1.4589,59.8581,1.83,0.56,41.9,231.0,5.0,443.0,15.8728,0.53,0.05,3.59,14.0,2.0,54.0,272.0,17.8676,45,a,0,4,4,5,1,Arsenal,H,4,0.614,1.4278,2.8299,1.0,0.7656,0.0,-0.12,-0.03,0.1249,0.0346,0.2542,1.1356,-0.329,0.0433,1.0,1.0,0.7656,False
550090,Coppola,Brighton,DEF,0,0,0,0,14.1,193.0,0.0,0.0045,2.2079,7.4911,0.0,0.0,0.0,0.0,0.0,0.0,0.0,1.6378,1.2471,1.988,1.358,0.0,0.0007,0.3459,1.1736,0.0,2.101,0.0,0.01,4.52,18.0,0.0,32.0,13.4106,0.0,0.0,0.0,0.0,0.0,0.0,0.0,0.0,45,a,0,0,0,5,1,Arsenal,H,4,0.614,1.4278,0.0,0.0,0.0,0.0,0.0,0.0,0.0,0.0,0.0,0.0,0.0,0.0,0.0,0.0,0.0,False
223434,Igor,Brighton,DEF,0,0,0,0,4.9,103.0,0.0,0.0,4.0757,11.4337,0.0,0.0,0.0,0.0,0.0,0.0,0.0,1.6378,1.2471,1.988,1.358,0.0,0.0,0.2219,0.6225,0.0,0.4043,0.0,0.0,4.66,13.0,0.0,10.0,7.4259,0.0,0.0,0.0,0.0,0.0,0.0,0.0,0.0,45,u,0,0,0,5,1,Arsenal,H,4,0.614,1.4278,0.0,0.0,0.0,0.0,0.0,0.0,0.0,0.0,0.0,0.0,0.0,0.0,0.0,0.0,0.0,False
451490,Costinha,Brighton,DEF,54,0,1,0,,,,,,,,,,,,,,1.6378,1.2471,1.988,1.358,,,,,,,,,,,,,,,,,,,,,,45,a,1,0,1,5,1,Arsenal,H,4,0.614,1.4278,1.5886,0.5975,0.4896,0.0,-0.0717,-0.0179,0.0314,0.0396,0.0792,0.6614,-0.2146,0.0617,0.5625,0.5975,0.4896,False
454490,Svoboda,Brighton,DEF,0,0,0,0,,,,,,,,,,,,,,1.6378,1.2471,1.988,1.358,,,,,,,,,,,,,,,,,,,,,,50,a,0,0,0,5,1,Arsenal,H,4,0.614,1.4278,0.0,0.0,0.0,0.0,0.0,0.0,0.0,0.0,0.0,0.0,0.0,0.0,0.0,0.0,0.0,False
451340,Mitoma,Brighton,MID,0,0,0,0,236.6,1714.0,0.2489,0.155,1.2498,6.4266,0.08,282.0,0.2457,0.0862,1.5287,7.0213,0.0,1.6378,1.2471,1.988,1.358,0.6544,0.4074,3.2857,16.8947,0.2102,36.6286,4.04,2.74,23.76,107.0,2.0,247.0,13.9331,0.77,0.27,4.79,22.0,0.0,55.0,282.0,17.5532,59,i,0,0,0,5,1,Arsenal,H,4,0.614,1.4278,0.0,0.0,0.0,0.0,0.0,0.0,0.0,0.0,0.0,0.0,0.0,0.0,0.0,0.0,0.0,False
592031,Minteh,Brighton,MID,0,0,0,0,320.2,2389.0,0.1149,0.2218,1.1601,6.7915,0.2994,481.0,0.1048,0.1796,1.0834,6.1746,0.1871,1.6378,1.2471,1.988,1.358,0.4089,0.789,4.1275,24.1628,1.0653,61.6136,3.81,5.0600000000000005,34.09,185.0,9.0,466.0,17.318,0.56,0.96,5.79,33.0,1.0,83.0,481.0,15.5301,59,i,0,0,0,5,1,Arsenal,H,4,0.614,1.4278,0.0,0.0,0.0,0.0,0.0,0.0,0.0,0.0,0.0,0.0,0.0,0.0,0.0,0.0,0.0,False
532529,Hinshelwood,Brighton,MID,63,1,0,0,350.5,1736.0,0.3269,0.1499,1.1825,4.6123,0.0394,492.0,0.4152,0.0841,1.0537,2.9268,0.0,1.6378,1.2471,1.988,1.358,1.273,0.5836,4.6053,17.9623,0.1533,62.178,4.94,2.34,27.83,114.0,2.0,317.0,15.9658,2.27,0.46,5.76,16.0,0.0,99.0,492.0,18.1098,59,i,0,1,1,5,1,Arsenal,H,4,0.614,1.4278,0.0,0.0,0.0,0.0,0.0,0.0,0.0,0.0,0.0,0.0,0.0,0.0,0.0,0.0,0.0,False
60307,Groß,Brighton,MID,360,4,0,0,391.7,1636.0,0.0795,0.2205,1.1141,7.6176,0.5585,540.0,0.1017,0.2267,1.1933,6.5,1.0,1.6378,1.2471,1.988,1.358,0.346,0.9596,4.8487,33.1536,2.4305,94.2904,1.39,3.95,20.36,145.0,10.0,389.0,21.6649,0.61,1.36,7.16,39.0,6.0,139.0,540.0,23.1667,56,a,0,4,4,5,1,Arsenal,H,4,0.614,1.4278,2.8738,1.0,0.9611,0.0,-0.12,-0.03,0.2407,0.3741,0.3099,0.267,0.0,0.1908,1.0,1.0,0.9611,False
463067,Georginio,Brighton,FWD,90,1,0,0,173.5,1776.0,0.2172,0.2042,1.0208,7.5754,0.0501,162.0,0.3444,0.3889,1.0333,6.1111,0.0,1.6378,1.2471,1.988,1.358,0.4187,0.3936,1.9678,14.6037,0.0966,34.2842,2.9,2.9,21.59,131.0,2.0,290.0,17.7843,0.62,0.7,1.86,11.0,0.0,55.0,162.0,30.5556,54,d,0,1,1,5,1,Arsenal,H,4,0.614,1.4278,2.4726,0.8969,0.7813,0.0,-0.1076,-0.0269,0.0816,0.32,0.537,0.0,0.0,0.1213,0.8125,0.8969,0.7813,False
219249,O'Riley,Brighton,MID,6,0,1,0,9.6,202.0,0.2175,0.0441,1.1934,4.4494,0.3488,16.0,0.0,0.0,0.675,5.625,0.0,1.6378,1.2471,1.988,1.358,0.0232,0.0047,0.1273,0.4746,0.0372,3.526,1.21,0.18,2.53,10.0,2.0,48.0,33.0562,0.0,0.0,0.12,1.0,0.0,6.0,16.0,33.75,55,a,1,0,1,5,1,Arsenal,H,4,0.614,1.4278,1.6385,0.7594,0.4306,0.0,-0.0911,-0.0228,0.1678,0.1129,0.2652,0.1454,0.0,0.0022,0.5625,0.7594,0.4306,False
514254,Gomez,Brighton,MID,348,4,0,0,259.1,2117.0,0.3028,0.0727,1.1965,11.1141,0.3553,102.0,0.8206,0.0176,1.4824,11.4706,0.0,1.6378,1.2471,1.988,1.358,0.8718,0.2093,3.4445,31.9962,1.0228,39.5105,6.24,1.72,29.35,238.0,9.0,361.0,13.7242,0.93,0.02,1.68,13.0,0.0,2.0,102.0,1.7647,50,a,0,4,4,5,1,Arsenal,H,4,0.614,1.4278,2.0903,1.0,0.55,0.0,-0.12,-0.03,0.0546,0.0786,0.4587,0.2272,0.0,0.096,1.0,1.0,0.55,False
536916,Buonanotte,Brighton,MID,0,0,0,0,9.8,81.0,0.1304,0.7889,4.4991,7.1706,0.0,12.0,0.15,1.35,4.875,7.5,0.0,1.6378,1.2471,1.988,1.358,0.0142,0.0859,0.4899,0.7808,0.0,2.0667,0.06,0.2799999999999999,2.51,6.0,0.0,9.0,18.9799,0.02,0.18,0.65,1.0,0.0,4.0,12.0,30.0,50,u,0,0,0,5,1,Arsenal,H,4,0.614,1.4278,0.0,0.0,0.0,0.0,0.0,0.0,0.0,0.0,0.0,0.0,0.0,0.0,0.0,0.0,0.0,False
509416,Ayari,Brighton,MID,243,3,0,0,164.5,1921.0,0.1108,0.049,1.198,10.5716,0.3413,111.0,0.073,0.0081,1.0135,4.8649,0.0,1.6378,1.2471,1.988,1.358,0.2026,0.0896,2.1897,19.3226,0.6239,38.7311,2.7,1.15,26.85,225.0,7.0,406.0,21.1903,0.09,0.01,1.25,6.0,0.0,17.0,111.0,13.7838,54,a,0,3,3,5,1,Arsenal,H,4,0.614,1.4278,1.7171,0.945,0.4952,0.0,-0.1134,-0.0284,0.119,0.0583,0.1656,0.2046,0.0,0.0564,0.9,0.945,0.4952,False
467779,Wieffer,Brighton,DEF,156,2,0,0,249.4,1901.0,0.089,0.0575,1.1002,10.6537,0.3451,242.0,0.0,0.026,1.1901,5.2066,0.0,1.6378,1.2471,1.988,1.358,0.2465,0.1594,3.0488,29.5226,0.9562,50.0329,1.92,1.86,23.95,269.0,6.0,398.0,18.0552,0.0,0.07,3.2,14.0,0.0,24.0,242.0,8.9256,50,i,0,2,2,5,1,Arsenal,H,4,0.614,1.4278,0.0,0.0,0.0,0.0,0.0,0.0,0.0,0.0,0.0,0.0,0.0,0.0,0.0,0.0,0.0,False
597320,Howell,Brighton,MID,0,0,0,0,14.6,92.0,0.0,0.0284,0.9857,7.6358,0.0,0.0,0.0,0.0,0.0,0.0,0.0,1.6378,1.2471,1.988,1.358,0.0,0.0046,0.1599,1.2387,0.0,1.7987,0.0,0.03,1.04,7.0,0.0,11.0,11.0879,0.0,0.0,0.0,0.0,0.0,0.0,0.0,0.0,45,u,0,0,0,5,1,Arsenal,H,4,0.614,1.4278,0.0,0.0,0.0,0.0,0.0,0.0,0.0,0.0,0.0,0.0,0.0,0.0,0.0,0.0,0.0,False
549074,Watson,Brighton,MID,0,0,0,0,3.1,57.0,0.0435,0.0581,3.3997,9.3397,0.0,0.0,0.0,0.0,0.0,0.0,0.0,1.6378,1.2471,1.988,1.358,0.0015,0.002,0.1171,0.3217,0.0,0.7899,0.04,0.03,1.7200000000000002,5.0,0.0,15.0,22.9326,0.0,0.0,0.0,0.0,0.0,0.0,0.0,0.0,50,u,0,0,0,5,1,Arsenal,H,4,0.614,1.4278,0.0,0.0,0.0,0.0,0.0,0.0,0.0,0.0,0.0,0.0,0.0,0.0,0.0,0.0,0.0,False
556637,Oriola,Brighton,MID,0,0,0,0,0.0,1.0,0.0,0.0,0.0,0.0,0.0,0.0,0.0,0.0,0.0,0.0,0.0,1.6378,1.2471,1.988,1.358,0.0,0.0,0.0,0.0,0.0,0.1216,0.0,0.0,0.0,0.0,0.0,3.0,0.0,0.0,0.0,0.0,0.0,0.0,0.0,0.0,0.0,45,a,0,0,0,5,1,Arsenal,H,4,0.614,1.4278,0.0,0.0,0.0,0.0,0.0,0.0,0.0,0.0,0.0,0.0,0.0,0.0,0.0,0.0,0.0,False
700308,Yohanna,Brighton,MID,12,0,1,0,,,,,,,,,,,,,,1.6378,1.2471,1.988,1.358,,,,,,,,,,,,,,,,,,,,,,49,i,1,0,1,5,1,Arsenal,H,4,0.614,1.4278,0.0,0.0,0.0,0.0,0.0,0.0,0.0,0.0,0.0,0.0,0.0,0.0,0.0,0.0,0.0,False
608181,Tzimas,Brighton,FWD,0,0,0,0,5.3,132.0,0.2564,0.073,1.6098,10.4247,0.0,0.0,0.0,0.0,0.0,0.0,0.0,1.6378,1.2471,1.988,1.358,0.0151,0.0043,0.0948,0.6139,0.0,2.3648,0.44,0.11,2.59,15.0,0.0,55.0,40.157,0.0,0.0,0.0,0.0,0.0,0.0,0.0,0.0,54,i,0,0,0,5,1,Arsenal,H,4,0.614,1.4278,0.0,0.0,0.0,0.0,0.0,0.0,0.0,0.0,0.0,0.0,0.0,0.0,0.0,0.0,0.0,False
647850,Kostoulas,Brighton,FWD,278,3,0,0,54.9,351.0,0.5215,0.2398,1.5902,7.9379,0.5638,59.0,0.6407,0.4729,2.1661,4.5763,0.0,1.6378,1.2471,1.988,1.358,0.3181,0.1463,0.97,4.8421,0.3439,17.8384,2.12,0.54,6.04,41.0,3.0,140.0,29.2433,0.42,0.31,1.4200000000000002,3.0,0.0,23.0,59.0,35.0847,55,a,0,3,3,5,1,Arsenal,H,4,0.614,1.4278,1.9811,0.9313,0.4815,0.0,-0.1118,-0.0279,0.0945,0.1576,0.4656,0.0,0.0,0.0007,0.875,0.9313,0.4815,False
487117,Ferguson,Brighton,FWD,0,0,0,0,0.0,0.0,0.0,0.0,0.0,0.0,0.0,0.0,0.0,0.0,0.0,0.0,0.0,1.6378,1.2471,1.988,1.358,0.0,0.0,0.0,0.0,0.0,0.0,0.0,0.0,0.0,0.0,0.0,0.0,0.0,0.0,0.0,0.0,0.0,0.0,0.0,0.0,0.0,50,i,0,0,0,5,1,Arsenal,H,4,0.614,1.4278,0.0,0.0,0.0,0.0,0.0,0.0,0.0,0.0,0.0,0.0,0.0,0.0,0.0,0.0,0.0,False
222694,Struijk,Brighton,DEF,13,0,1,0,397.8,2935.0,0.0777,0.0252,1.3194,8.7799,0.0975,415.0,0.0564,0.0087,1.3164,8.241,0.2169,1.6378,1.2471,1.988,1.358,0.3436,0.1112,5.8318,38.8071,0.4309,57.661,3.06,0.76,42.92,297.0,4.0,412.0,13.0455,0.26,0.04,6.069999999999999,38.0,1.0,53.0,415.0,11.494,49,a,1,0,1,5,1,Arsenal,H,4,0.614,1.4278,1.9254,0.701,0.5874,0.0,-0.0841,-0.021,0.0362,0.0283,0.1468,0.7936,-0.2567,0.1546,0.675,0.701,0.5874,False
610799,Vuskovic,Brighton,DEF,347,4,0,0,0.0,0.0,0.0,0.0,0.0,0.0,0.0,0.0,0.0,0.0,0.0,0.0,0.0,1.6378,1.2471,1.988,1.358,0.0,0.0,0.0,0.0,0.0,0.0,0.0,0.0,0.0,0.0,0.0,0.0,0.0,0.0,0.0,0.0,0.0,0.0,0.0,0.0,0.0,50,a,0,4,4,5,1,Arsenal,H,4,0.614,1.4278,2.3279,1.0,0.55,0.0,-0.12,-0.03,0.1198,0.0272,0.0544,0.909,-0.1764,0.0015,1.0,1.0,0.55,False
538007,David,Brighton,FWD,23,0,1,0,,,,,,,,,,,,,,1.6378,1.2471,1.988,1.358,,,,,,,,,,,,,,,,,,,,,,60,a,1,0,1,5,1,Arsenal,H,4,0.614,1.4278,1.6738,0.7594,0.4306,0.0,-0.0911,-0.0228,0.0509,0.1354,0.4212,0.0,0.0,0.0,0.5625,0.7594,0.4306,False
612855,Osman,Brighton,MID,40,0,1,0,,,,,,,,,,,,,,1.6378,1.2471,1.988,1.358,,,,,,,,,,,,,,,,,,,,,,50,a,1,0,1,5,1,Arsenal,H,4,0.614,1.4278,1.5003,0.7594,0.4306,0.0,-0.0911,-0.0228,0.058,0.1311,0.2185,0.1454,0.0,0.001,0.5625,0.7594,0.4306,False
611695,Yalcouyé,Brighton,MID,231,3,0,0,0.0,0.0,0.0,0.0,0.0,0.0,0.0,0.0,0.0,0.0,0.0,0.0,0.0,1.6378,1.2471,1.988,1.358,0.0,0.0,0.0,0.0,0.0,0.0,0.0,0.0,0.0,0.0,0.0,0.0,0.0,0.0,0.0,0.0,0.0,0.0,0.0,0.0,0.0,45,a,0,3,3,5,1,Arsenal,H,4,0.614,1.4278,1.6669,0.9313,0.4815,0.0,-0.1118,-0.0279,0.097,0.085,0.1417,0.1989,0.0,0.0,0.875,0.9313,0.4815,False
512123,Hadjam,Brighton,DEF,0,0,0,0,,,,,,,,,,,,,,1.6378,1.2471,1.988,1.358,,,,,,,,,,,,,,,,,,,,,,45,a,0,0,0,5,1,Arsenal,H,4,0.614,1.4278,0.0,0.0,0.0,0.0,0.0,0.0,0.0,0.0,0.0,0.0,0.0,0.0,0.0,0.0,0.0,False
519324,Cozier-Duberry,Brighton,MID,0,0,0,0,,,,,,,,,,,,,,1.6378,1.2471,1.988,1.358,,,,,,,,,,,,,,,,,,,,,,50,u,0,0,0,5,1,Arsenal,H,4,0.614,1.4278,0.0,0.0,0.0,0.0,0.0,0.0,0.0,0.0,0.0,0.0,0.0,0.0,0.0,0.0,0.0,False
592984,Andrés,Brighton,MID,25,0,1,0,,,,,,,,,,,,,,1.6378,1.2471,1.988,1.358,,,,,,,,,,,,,,,,,,,,,,55,a,1,0,1,5,1,Arsenal,H,4,0.614,1.4278,1.5106,0.7594,0.4306,0.0,-0.0911,-0.0228,0.0583,0.1349,0.2248,0.1454,0.0,0.0012,0.5625,0.7594,0.4306,False
471551,Azeez,Brighton,MID,0,0,0,0,,,,,,,,,,,,,,1.6378,1.2471,1.988,1.358,,,,,,,,,,,,,,,,,,,,,,55,d,0,0,0,5,1,Arsenal,H,4,0.614,1.4278,1.7211,0.8075,0.4973,0.0,-0.0969,-0.0242,0.0735,0.1593,0.2656,0.168,0.0,0.002,0.65,0.8075,0.4973,False
661016,Ibrahim,Brighton,MID,0,0,0,0,,,,,,,,,,,,,,1.6378,1.2471,1.988,1.358,,,,,,,,,,,,,,,,,,,,,,45,a,0,0,0,5,1,Arsenal,H,4,0.614,1.4278,0.0,0.0,0.0,0.0,0.0,0.0,0.0,0.0,0.0,0.0,0.0,0.0,0.0,0.0,0.0,False
98980,Martinez,Chelsea,GK,270,3,0,0,393.2,2835.0,0.0,0.003,1.4142,0.0,0.3451,450.0,0.0,0.004,1.424,0.0,0.2,1.6447,1.4877,1.216,1.662,0.0,0.0129,6.1787,0.0,1.5076,70.3331,0.0,0.08,42.92,0.0,11.0,530.0,16.0986,0.0,0.02,7.12,0.0,1.0,77.0,450.0,15.4,50,a,0,3,3,5,1,Brentford,A,3,1.022,1.7209,3.3918,0.96,0.9453,1.0575,-0.1152,-0.0288,0.3666,0.0079,0.0,0.8328,-0.5962,0.0,0.95,0.96,0.9453,False
244850,Rogers,Chelsea,MID,347,4,0,0,429.2,3280.0,0.1993,0.1297,1.4163,6.631,0.5265,450.0,0.174,0.162,1.424,6.2,0.8,1.6447,1.4877,1.216,1.662,0.9505,0.6185,6.7543,31.6224,2.5108,84.0978,6.84,4.32,51.55,230.0,17.0,605.0,17.6347,0.87,0.81,7.12,31.0,4.0,99.0,450.0,19.8,77,a,0,4,4,5,1,Brentford,A,3,1.022,1.7209,3.5069,1.0,0.9594,0.0,-0.12,-0.03,0.2324,0.4218,0.9609,0.2113,0.0,0.1425,1.0,1.0,0.9594,False
56979,Henderson,Chelsea,MID,0,0,0,0,194.1,1911.0,0.0092,0.09,1.5003,8.5596,0.112,97.0,0.0,0.0557,2.0505,4.6392,0.0,1.6447,1.4877,1.216,1.662,0.0199,0.1942,3.2356,18.4601,0.2416,31.644,0.33,2.31,28.16,183.0,5.0,343.0,14.6726,0.0,0.06,2.21,5.0,0.0,11.0,97.0,10.2062,49,i,0,0,0,5,1,Brentford,A,3,1.022,1.7209,0.0,0.0,0.0,0.0,0.0,0.0,0.0,0.0,0.0,0.0,0.0,0.0,0.0,0.0,0.0,False
50175,Welbeck,Chelsea,FWD,15,0,1,0,327.8,2249.0,0.4315,0.0524,1.2249,4.7713,0.6701,358.0,0.2564,0.0226,1.3098,4.5251,0.2514,1.6447,1.4877,1.216,1.662,1.5717,0.191,4.4614,17.3781,2.4406,73.1857,12.36,1.4,31.68,112.0,18.0,511.0,20.0937,1.02,0.09,5.21,18.0,1.0,72.0,358.0,18.1006,59,a,1,0,1,5,1,Brentford,A,3,1.022,1.7209,2.3748,0.8212,0.5094,0.0,-0.0985,-0.0246,0.0954,0.1251,0.9566,0.0,0.0,0.0019,0.675,0.8212,0.5094,False
215059,Sánchez,Chelsea,GK,90,1,0,0,403.3,3040.0,0.0,0.0009,1.5608,0.0,0.1227,426.0,0.0,0.0,1.6986,0.0,0.0,1.6447,1.4877,1.216,1.662,0.0,0.0039,6.9939,0.0,0.55,56.6386,0.0,0.04,48.64,0.0,7.0,509.0,12.6394,0.0,0.0,8.04,0.0,0.0,40.0,426.0,8.4507,49,u,0,1,1,5,1,Brentford,A,3,1.022,1.7209,0.0,0.0,0.0,0.0,0.0,0.0,0.0,0.0,0.0,0.0,0.0,0.0,0.0,0.0,0.0,False
508479,Jörgensen,Chelsea,GK,0,0,0,0,73.0,378.0,0.0,0.0,0.6439,0.0,0.0,114.0,0.0,0.0,0.4421,0.0,0.0,1.6447,1.4877,1.216,1.662,0.0,0.0,0.5223,0.0,0.0,10.6836,0.0,0.0,4.12,0.0,0.0,50.0,13.1716,0.0,0.0,0.56,0.0,0.0,15.0,114.0,11.8421,50,u,0,0,0,5,1,Brentford,A,3,1.022,1.7209,0.0,0.0,0.0,0.0,0.0,0.0,0.0,0.0,0.0,0.0,0.0,0.0,0.0,0.0,0.0,False
225796,James,Chelsea,DEF,292,3,0,0,190.6,1957.0,0.0422,0.1494,1.1258,5.5155,0.4163,65.0,0.0277,0.0692,0.7062,5.5385,0.0,1.6447,1.4877,1.216,1.662,0.0893,0.3164,2.3841,11.6807,0.8817,44.384,1.04,3.2,28.75,128.0,11.0,493.0,20.9578,0.02,0.05,0.51,4.0,0.0,14.0,65.0,19.3846,54,a,0,3,3,5,1,Brentford,A,3,1.022,1.7209,2.2152,0.908,0.495,0.0,-0.109,-0.0272,0.1799,0.1741,0.1201,0.6927,-0.2123,0.0065,0.9,0.908,0.495,False
180736,Chalobah,Chelsea,DEF,0,0,0,0,305.2,2780.0,0.0381,0.0262,1.4194,8.0312,0.1039,230.0,0.0548,0.0078,1.8313,6.2609,0.0,1.6447,1.4877,1.216,1.662,0.1292,0.0888,4.8132,27.2348,0.3524,43.6444,1.44,1.03,40.83,265.0,7.0,516.0,12.8702,0.14,0.02,4.68,16.0,0.0,23.0,230.0,9.0,55,u,0,0,0,5,1,Brentford,A,3,1.022,1.7209,0.0,0.0,0.0,0.0,0.0,0.0,0.0,0.0,0.0,0.0,0.0,0.0,0.0,0.0,0.0,False
482609,Gusto,Chelsea,DEF,272,3,0,0,339.3,2255.0,0.0359,0.1749,1.4598,4.8893,0.106,434.0,0.0207,0.224,1.4122,4.7696,0.0,1.6447,1.4877,1.216,1.662,0.1355,0.6594,5.5034,18.4325,0.3996,43.7363,1.56,2.97,37.13,126.0,7.0,406.0,11.6011,0.1,1.08,6.8100000000000005,23.0,0.0,40.0,434.0,8.2949,50,a,0,3,3,5,1,Brentford,A,3,1.022,1.7209,2.5776,0.908,0.88,0.0,-0.109,-0.0272,0.0728,0.441,0.2075,0.7753,-0.5647,0.0767,0.9,0.908,0.88,False
444463,Fofana,Chelsea,DEF,242,3,0,0,297.0,1718.0,0.0376,0.0255,1.3896,10.0337,0.0602,356.0,0.0303,0.0051,1.3146,8.0899,0.0,1.6447,1.4877,1.216,1.662,0.1242,0.0843,4.5856,33.1111,0.1988,34.7666,0.72,0.6,25.81,206.0,3.0,288.0,10.5353,0.12,0.02,5.2,32.0,0.0,33.0,356.0,8.3427,50,a,0,3,3,5,1,Brentford,A,3,1.022,1.7209,2.1987,0.885,0.8555,0.0,-0.1062,-0.0266,0.093,0.0804,0.2191,0.7537,-0.5491,0.5612,0.875,0.885,0.8555,False
242880,B.Badiashile,Chelsea,DEF,0,0,0,0,40.1,470.0,0.0,0.011,1.3251,10.2192,0.0,0.0,0.0,0.0,0.0,0.0,0.0,1.6447,1.4877,1.216,1.662,0.0,0.0049,0.5904,4.5532,0.0,4.5518,0.0,0.06,7.41,48.0,0.0,48.0,10.216,0.0,0.0,0.0,0.0,0.0,0.0,0.0,0.0,45,u,0,0,0,5,1,Brentford,A,3,1.022,1.7209,0.0,0.0,0.0,0.0,0.0,0.0,0.0,0.0,0.0,0.0,0.0,0.0,0.0,0.0,0.0,False
551210,Hato,Chelsea,DEF,258,4,0,0,262.9,1139.0,0.0132,0.0457,1.4684,7.8358,0.0,411.0,0.0,0.0263,1.3336,7.6642,0.0,1.6447,1.4877,1.216,1.662,0.0386,0.1336,4.2894,22.8891,0.0,23.8808,0.3,0.61,18.5,99.0,0.0,93.0,8.1752,0.0,0.12,6.09,35.0,0.0,44.0,411.0,9.635,45,a,0,4,4,5,1,Brentford,A,3,1.022,1.7209,2.4453,1.0,0.9777,0.0,-0.12,-0.03,0.1051,0.1378,0.1462,0.8613,-0.6269,0.3823,1.0,1.0,0.9777,False
460028,Colwill,Chelsea,DEF,251,3,0,0,91.9,225.0,0.0,0.0521,1.3701,10.337,0.0,225.0,0.0,0.048,1.344,10.0,0.0,1.6447,1.4877,1.216,1.662,0.0,0.0532,1.399,10.5552,0.0,12.314,0.0,0.12,3.3600000000000003,25.0,0.0,30.0,12.0594,0.0,0.12,3.3600000000000003,25.0,0.0,30.0,225.0,12.0,49,a,0,3,3,5,1,Brentford,A,3,1.022,1.7209,2.2611,0.885,0.7564,0.0,-0.1062,-0.0266,0.0845,0.1133,0.1547,0.8363,-0.4303,0.2032,0.875,0.885,0.7564,False
574458,M.Sarr,Chelsea,DEF,0,0,0,0,21.3,100.0,0.2852,0.0,1.5101,6.5163,0.0,9.0,0.0,0.0,2.1,0.0,0.0,1.6447,1.4877,1.216,1.662,0.0675,0.0,0.3574,1.5422,0.0,1.4701,0.35,0.0,1.63,8.0,0.0,4.0,6.2117,0.0,0.0,0.21,0.0,0.0,3.0,9.0,30.0,45,u,0,0,0,5,1,Brentford,A,3,1.022,1.7209,0.0,0.0,0.0,0.0,0.0,0.0,0.0,0.0,0.0,0.0,0.0,0.0,0.0,0.0,0.0,False
577016,Acheampong,Chelsea,DEF,202,2,0,0,73.8,657.0,0.0344,0.017,2.047,5.1715,0.1511,88.0,0.0205,0.0,1.6159,3.0682,0.0,1.6447,1.4877,1.216,1.662,0.0282,0.0139,1.6785,4.2406,0.1239,11.0533,0.62,0.13,15.66,44.0,5.0,118.0,13.4796,0.02,0.0,1.58,3.0,0.0,16.0,88.0,16.3636,45,a,0,2,2,5,1,Brentford,A,3,1.022,1.7209,1.8636,0.862,0.4676,0.0,-0.1034,-0.0259,0.0677,0.0408,0.1072,0.6543,-0.2007,0.0084,0.85,0.862,0.4676,False
620109,Palestra,Chelsea,DEF,0,0,0,0,,,,,,,,,,,,,,1.6447,1.4877,1.216,1.662,,,,,,,,,,,,,,,,,,,,,,53,i,0,0,0,5,1,Brentford,A,3,1.022,1.7209,0.0,0.0,0.0,0.0,0.0,0.0,0.0,0.0,0.0,0.0,0.0,0.0,0.0,0.0,0.0,False
244851,Palmer,Chelsea,MID,352,4,0,0,378.1,1954.0,0.4213,0.1232,1.3686,5.5755,0.546,448.0,0.3375,0.0783,1.2877,3.817,0.4018,1.6447,1.4877,1.216,1.662,1.77,0.5175,5.7495,23.4232,2.2938,74.8728,10.55,2.49,31.13,135.0,11.0,430.0,17.8221,1.6800000000000002,0.39,6.41,19.0,2.0,59.0,448.0,11.8527,97,a,0,4,4,5,1,Brentford,A,3,1.022,1.7209,4.2754,1.0,0.9594,0.0,-0.12,-0.03,0.2269,0.3779,1.7788,0.2113,0.0,0.0494,1.0,1.0,0.9594,False
247632,Neto,Chelsea,MID,246,3,0,0,320.2,2629.0,0.109,0.2324,1.4614,3.8607,0.2951,332.0,0.0569,0.2711,1.5343,2.9819,0.2711,1.6447,1.4877,1.216,1.662,0.3877,0.8267,5.1992,13.7355,1.05,62.1844,4.59,6.84,37.54,122.0,9.0,543.0,17.4784,0.21,1.0,5.66,11.0,1.0,65.0,332.0,17.6205,65,a,0,3,3,5,1,Brentford,A,3,1.022,1.7209,3.0422,0.945,0.8637,0.0,-0.1134,-0.0284,0.1572,0.634,0.5228,0.1902,0.0,0.0087,0.9,0.945,0.8637,False
624773,Estêvão,Chelsea,MID,20,0,1,0,76.0,839.0,0.2132,0.1029,1.3841,5.2276,0.3701,15.0,0.54,0.0,0.18,0.0,0.0,1.6447,1.4877,1.216,1.662,0.18,0.0869,1.1688,4.4144,0.3125,11.5566,2.91,2.14,10.29,56.0,4.0,172.0,13.6854,0.09,0.0,0.03,0.0,0.0,4.0,15.0,24.0,63,a,1,0,1,5,1,Brentford,A,3,1.022,1.7209,1.7923,0.7594,0.4248,0.0,-0.0911,-0.0228,0.043,0.1884,0.5021,0.1174,0.0,0.0049,0.5625,0.7594,0.4248,False
463936,Gittens,Chelsea,MID,0,0,0,0,23.5,486.0,0.134,0.1731,1.81,4.9029,0.0,0.0,0.0,0.0,0.0,0.0,0.0,1.6447,1.4877,1.216,1.662,0.035,0.0452,0.4726,1.2802,0.0,5.4531,0.81,0.94,8.89,29.0,0.0,99.0,20.8842,0.0,0.0,0.0,0.0,0.0,0.0,0.0,0.0,59,a,0,0,0,5,1,Brentford,A,3,1.022,1.7209,1.9944,0.8075,0.4906,0.0,-0.0969,-0.0242,0.1066,0.2853,0.4188,0.1356,0.0,0.0038,0.65,0.8075,0.4906,False
486672,Caicedo,Chelsea,MID,13,0,1,0,424.5,2796.0,0.0354,0.0761,1.41,10.2579,0.0882,534.0,0.0202,0.0556,1.4376,9.6067,0.0,1.6447,1.4877,1.216,1.662,0.1668,0.3589,6.6506,48.3831,0.416,76.1001,1.45,2.38,42.54,366.0,10.0,580.0,16.1343,0.12,0.33,8.53,57.0,0.0,91.0,534.0,15.3371,53,i,1,0,1,5,1,Brentford,A,3,1.022,1.7209,0.0,0.0,0.0,0.0,0.0,0.0,0.0,0.0,0.0,0.0,0.0,0.0,0.0,0.0,0.0,False
514356,Lavia,Chelsea,MID,258,4,0,0,78.6,374.0,0.0652,0.1631,2.0665,8.4392,0.0,131.0,0.0481,0.0687,2.6656,6.1832,0.0,1.6447,1.4877,1.216,1.662,0.0569,0.1424,1.8047,7.3702,0.0,17.3505,0.21,0.55,8.53,37.0,0.0,81.0,19.867,0.07,0.1,3.88,9.0,0.0,29.0,131.0,19.9237,50,a,0,4,4,5,1,Brentford,A,3,1.022,1.7209,2.1739,1.0,0.55,0.0,-0.12,-0.03,0.185,0.2335,0.2919,0.1924,0.0,0.0054,1.0,1.0,0.55,False
491007,D.Essugo,Chelsea,MID,0,0,0,0,7.7,26.0,0.0,0.0351,1.9087,30.9647,0.0,18.0,0.0,0.05,1.45,20.0,0.0,1.6447,1.4877,1.216,1.662,0.0,0.003,0.1633,2.6492,0.0,2.0811,0.0,0.01,0.55,8.0,0.0,7.0,24.3245,0.0,0.01,0.29,4.0,0.0,7.0,18.0,35.0,45,u,0,0,0,5,1,Brentford,A,3,1.022,1.7209,0.0,0.0,0.0,0.0,0.0,0.0,0.0,0.0,0.0,0.0,0.0,0.0,0.0,0.0,0.0,False
593117,Quenda,Chelsea,MID,8,0,1,0,,,,,,,,,,,,,,1.6447,1.4877,1.216,1.662,,,,,,,,,,,,,,,,,,,,,,53,a,1,0,1,5,1,Brentford,A,3,1.022,1.7209,1.772,0.7594,0.4248,0.0,-0.0911,-0.0228,0.0946,0.232,0.3866,0.1174,0.0,0.0014,0.5625,0.7594,0.4248,False
475168,João Pedro,Chelsea,FWD,360,4,0,0,338.1,2658.0,0.575,0.05,1.325,4.0724,0.8697,270.0,0.4067,0.0233,1.4833,3.6667,0.6667,1.6447,1.4877,1.216,1.662,2.1602,0.188,4.9777,15.2986,3.2673,84.3426,14.91,1.96,37.25,138.0,30.0,715.0,22.4514,1.22,0.07,4.45,11.0,2.0,39.0,270.0,13.0,78,a,0,4,4,5,1,Brentford,A,3,1.022,1.7209,3.3876,1.0,0.55,0.0,-0.12,-0.03,0.2626,0.1488,1.5859,0.0,0.0,0.0004,1.0,1.0,0.55,False
499309,Marc Guiu,Chelsea,FWD,0,0,0,0,16.1,265.0,0.4869,0.0788,1.6686,3.5642,0.0,18.0,0.4,0.0,1.2,5.0,0.0,1.6447,1.4877,1.216,1.662,0.0871,0.0141,0.2985,0.6376,0.0,0.872,1.54,0.29,5.890000000000001,8.0,0.0,19.0,4.8745,0.08,0.0,0.24,1.0,0.0,0.0,18.0,0.0,50,u,0,0,0,5,1,Brentford,A,3,1.022,1.7209,0.0,0.0,0.0,0.0,0.0,0.0,0.0,0.0,0.0,0.0,0.0,0.0,0.0,0.0,0.0,False
567119,Mheuka,Chelsea,FWD,0,0,0,0,0.4,1.0,0.0,0.0,4.725,94.59,0.0,1.0,0.0,0.0,4.5,90.0,0.0,1.6447,1.4877,1.216,1.662,0.0,0.0,0.021,0.4204,0.0,1.2613,0.0,0.0,0.05,1.0,0.0,3.0,283.7925,0.0,0.0,0.05,1.0,0.0,3.0,1.0,270.0,45,a,0,0,0,5,1,Brentford,A,3,1.022,1.7209,0.6016,0.4502,0.0024,0.0,-0.054,-0.0135,0.0372,0.046,0.143,0.0,0.0,0.0,0.0004,0.4502,0.0024,False
503037,Emegha,Chelsea,FWD,0,0,0,0,,,,,,,,,,,,,,1.6447,1.4877,1.216,1.662,,,,,,,,,,,,,,,,,,,,,,50,i,0,0,0,5,1,Brentford,A,3,1.022,1.7209,0.0,0.0,0.0,0.0,0.0,0.0,0.0,0.0,0.0,0.0,0.0,0.0,0.0,0.0,0.0,False
437499,Lacroix,Chelsea,DEF,274,3,0,0,395.5,3085.0,0.0785,0.021,1.2904,10.9987,0.3886,510.0,0.0547,0.0141,1.3359,10.5882,0.5294,1.6447,1.4877,1.216,1.662,0.345,0.0921,5.6706,48.3332,1.7077,59.1558,2.45,0.8300000000000001,44.04,370.0,11.0,529.0,13.4615,0.31,0.08,7.57,60.0,3.0,75.0,510.0,13.2353,60,a,0,3,3,5,1,Brentford,A,3,1.022,1.7209,2.4949,0.908,0.88,0.0,-0.109,-0.0272,0.1722,0.0695,0.3968,0.7753,-0.5647,0.7772,0.9,0.908,0.88,False
549939,Penders,Chelsea,GK,0,0,0,0,0.0,0.0,0.0,0.0,0.0,0.0,0.0,0.0,0.0,0.0,0.0,0.0,0.0,1.6447,1.4877,1.216,1.662,0.0,0.0,0.0,0.0,0.0,0.0,0.0,0.0,0.0,0.0,0.0,0.0,0.0,0.0,0.0,0.0,0.0,0.0,0.0,0.0,0.0,44,a,0,0,0,5,1,Brentford,A,3,1.022,1.7209,0.0,0.0,0.0,0.0,0.0,0.0,0.0,0.0,0.0,0.0,0.0,0.0,0.0,0.0,0.0,False
622758,Anselmino,Chelsea,DEF,0,0,0,0,0.0,0.0,0.0,0.0,0.0,0.0,0.0,0.0,0.0,0.0,0.0,0.0,0.0,1.6447,1.4877,1.216,1.662,0.0,0.0,0.0,0.0,0.0,0.0,0.0,0.0,0.0,0.0,0.0,0.0,0.0,0.0,0.0,0.0,0.0,0.0,0.0,0.0,0.0,45,a,0,0,0,5,1,Brentford,A,3,1.022,1.7209,0.0,0.0,0.0,0.0,0.0,0.0,0.0,0.0,0.0,0.0,0.0,0.0,0.0,0.0,0.0,False
543158,Barco,Chelsea,MID,29,0,1,0,,,,,,,,,,,,,,1.6447,1.4877,1.216,1.662,,,,,,,,,,,,,,,,,,,,,,54,a,1,0,1,5,1,Brentford,A,3,1.022,1.7209,1.7461,0.7594,0.4248,0.0,-0.0911,-0.0228,0.0932,0.2228,0.3713,0.1174,0.0,0.0011,0.5625,0.7594,0.4248,False
498444,Chavarria,Chelsea,DEF,118,0,1,0,,,,,,,,,,,,,,1.6447,1.4877,1.216,1.662,,,,,,,,,,,,,,,,,,,,,,49,a,1,0,1,5,1,Brentford,A,3,1.022,1.7209,1.4646,0.5975,0.4864,0.0,-0.0717,-0.0179,0.0396,0.0591,0.1182,0.5378,-0.2784,0.034,0.5625,0.5975,0.4864,False
231065,Pinnock,Coventry City,DEF,192,2,0,0,30.6,318.0,0.0074,0.0062,0.7188,13.0268,1.4706,0.0,0.0,0.0,0.0,0.0,0.0,,,,,0.0025,0.0021,0.2444,4.4291,0.5,9.1616,0.01,0.06,3.7,42.0,2.0,53.0,26.9459,0.0,0.0,0.0,0.0,0.0,0.0,0.0,0.0,45,a,0,2,2,5,1,Nott'm Forest,A,3,1.0074,1.7835,2.0057,0.862,0.4722,0.0,-0.1034,-0.0259,0.2773,0.0341,0.0692,0.6381,-0.2119,0.0696,0.85,0.862,0.4722,True
428580,Onyeka,Coventry City,MID,224,3,0,0,2.1,88.0,0.0,0.3429,2.2114,10.7186,0.0,0.0,0.0,0.0,0.0,0.0,0.0,,,,,0.0,0.008,0.0516,0.2501,0.0,0.9622,0.0,0.36,2.02,10.0,0.0,41.0,41.2371,0.0,0.0,0.0,0.0,0.0,0.0,0.0,0.0,49,d,0,3,3,5,1,Nott'm Forest,A,3,1.0074,1.7835,2.1461,0.9313,0.4815,0.0,-0.1118,-0.0279,0.4133,0.1946,0.2313,0.1627,0.0,0.0013,0.875,0.9313,0.4815,True
472739,Rushworth,Coventry City,GK,360,4,0,0,0.0,0.0,0.0,0.0,0.0,0.0,0.0,0.0,0.0,0.0,0.0,0.0,0.0,,,,,0.0,0.0,0.0,0.0,0.0,0.0,0.0,0.0,0.0,0.0,0.0,0.0,0.0,0.0,0.0,0.0,0.0,0.0,0.0,0.0,0.0,45,a,0,4,4,5,1,Nott'm Forest,A,3,1.0074,1.7835,4.2158,1.0,0.995,1.0212,-0.12,-0.03,0.2916,0.0,0.0,1.3445,-0.2483,0.0,1.0,1.0,0.995,True
484389,Dovin,Coventry City,GK,0,0,0,0,,,,,,,,,,,,,,,,,,,,,,,,,,,,,,,,,,,,,,,40,u,0,0,0,5,1,Nott'm Forest,A,3,1.0074,1.7835,0.0,0.0,0.0,0.0,0.0,0.0,0.0,0.0,0.0,0.0,0.0,0.0,0.0,0.0,0.0,True
110690,Wilson,Coventry City,GK,0,0,0,0,,,,,,,,,,,,,,,,,,,,,,,,,,,,,,,,,,,,,,,45,a,0,0,0,5,1,Nott'm Forest,A,3,1.0074,1.7835,0.0,0.0,0.0,0.0,0.0,0.0,0.0,0.0,0.0,0.0,0.0,0.0,0.0,0.0,0.0,True
461102,Thomas,Coventry City,DEF,347,4,0,0,,,,,,,,,,,,,,,,,,,,,,,,,,,,,,,,,,,,,,,40,a,0,4,4,5,1,Nott'm Forest,A,3,1.0074,1.7835,2.1249,1.0,0.5554,0.0,-0.12,-0.03,0.1163,0.0357,0.0714,0.7505,-0.2483,0.001,1.0,1.0,0.5554,True
436761,Kitching,Coventry City,DEF,0,0,0,0,,,,,,,,,,,,,,,,,,,,,,,,,,,,,,,,,,,,,,,40,u,0,0,0,5,1,Nott'm Forest,A,3,1.0074,1.7835,0.0,0.0,0.0,0.0,0.0,0.0,0.0,0.0,0.0,0.0,0.0,0.0,0.0,0.0,0.0,True
451284,van Ewijk,Coventry City,DEF,360,4,0,0,,,,,,,,,,,,,,,,,,,,,,,,,,,,,,,,,,,,,,,40,a,0,4,4,5,1,Nott'm Forest,A,3,1.0074,1.7835,2.1232,1.0,0.5554,0.0,-0.12,-0.03,0.1162,0.0351,0.0703,0.7505,-0.2483,0.0009,1.0,1.0,0.5554,True
173878,Dasilva,Coventry City,DEF,354,4,0,0,,,,,,,,,,,,,,,,,,,,,,,,,,,,,,,,,,,,,,,40,a,0,4,4,5,1,Nott'm Forest,A,3,1.0074,1.7835,2.124,1.0,0.5554,0.0,-0.12,-0.03,0.1163,0.0354,0.0708,0.7505,-0.2483,0.0009,1.0,1.0,0.5554,True
465390,Kesler-Hayden,Coventry City,DEF,0,0,0,0,,,,,,,,,,,,,,,,,,,,,,,,,,,,,,,,,,,,,,,40,i,0,0,0,5,1,Nott'm Forest,A,3,1.0074,1.7835,0.0,0.0,0.0,0.0,0.0,0.0,0.0,0.0,0.0,0.0,0.0,0.0,0.0,0.0,0.0,True
80178,Bidwell,Coventry City,DEF,0,0,0,0,,,,,,,,,,,,,,,,,,,,,,,,,,,,,,,,,,,,,,,40,a,0,0,0,5,1,Nott'm Forest,A,3,1.0074,1.7835,0.0,0.0,0.0,0.0,0.0,0.0,0.0,0.0,0.0,0.0,0.0,0.0,0.0,0.0,0.0,True
204813,Latibeaudiere,Coventry City,DEF,0,0,0,0,,,,,,,,,,,,,,,,,,,,,,,,,,,,,,,,,,,,,,,40,a,0,0,0,5,1,Nott'm Forest,A,3,1.0074,1.7835,0.0,0.0,0.0,0.0,0.0,0.0,0.0,0.0,0.0,0.0,0.0,0.0,0.0,0.0,0.0,True
220583,Woolfenden,Coventry City,DEF,0,0,0,0,,,,,,,,,,,,,,,,,,,,,,,,,,,,,,,,,,,,,,,40,i,0,0,0,5,1,Nott'm Forest,A,3,1.0074,1.7835,0.0,0.0,0.0,0.0,0.0,0.0,0.0,0.0,0.0,0.0,0.0,0.0,0.0,0.0,0.0,True
577411,Brau,Coventry City,DEF,0,0,0,0,,,,,,,,,,,,,,,,,,,,,,,,,,,,,,,,,,,,,,,40,u,0,0,0,5,1,Nott'm Forest,A,3,1.0074,1.7835,0.0,0.0,0.0,0.0,0.0,0.0,0.0,0.0,0.0,0.0,0.0,0.0,0.0,0.0,0.0,True
539142,Amenda,Coventry City,DEF,360,4,0,0,,,,,,,,,,,,,,,,,,,,,,,,,,,,,,,,,,,,,,,40,a,0,4,4,5,1,Nott'm Forest,A,3,1.0074,1.7835,2.1232,1.0,0.5554,0.0,-0.12,-0.03,0.1162,0.0351,0.0703,0.7505,-0.2483,0.0009,1.0,1.0,0.5554,True
480457,Rudoni,Coventry City,MID,224,3,0,0,,,,,,,,,,,,,,,,,,,,,,,,,,,,,,,,,,,,,,,50,a,0,3,3,5,1,Nott'm Forest,A,3,1.0074,1.7835,1.7173,0.9313,0.4815,0.0,-0.1118,-0.0279,0.1099,0.1127,0.1878,0.1627,0.0,0.0,0.875,0.9313,0.4815,True
168144,Grimes,Coventry City,MID,353,4,0,0,,,,,,,,,,,,,,,,,,,,,,,,,,,,,,,,,,,,,,,49,a,0,4,4,5,1,Nott'm Forest,A,3,1.0074,1.7835,1.8795,1.0,0.55,0.0,-0.12,-0.03,0.1392,0.1063,0.1772,0.1858,0.0,0.0,1.0,1.0,0.55,True
501459,Sakamoto,Coventry City,MID,31,0,1,0,,,,,,,,,,,,,,,,,,,,,,,,,,,,,,,,,,,,,,,49,a,1,0,1,5,1,Nott'm Forest,A,3,1.0074,1.7835,1.6329,0.7594,0.4595,0.0,-0.0911,-0.0228,0.0683,0.175,0.2917,0.1218,0.0,0.0008,0.5625,0.7594,0.4595,True
241293,Mason-Clark,Coventry City,MID,186,3,0,0,,,,,,,,,,,,,,,,,,,,,,,,,,,,,,,,,,,,,,,54,a,0,3,3,5,1,Nott'm Forest,A,3,1.0074,1.7835,1.7351,0.9313,0.4815,0.0,-0.1118,-0.0279,0.111,0.119,0.1983,0.1627,0.0,0.0,0.875,0.9313,0.4815,True
439668,Eccles,Coventry City,MID,0,0,0,0,,,,,,,,,,,,,,,,,,,,,,,,,,,,,,,,,,,,,,,49,i,0,0,0,5,1,Nott'm Forest,A,3,1.0074,1.7835,0.0,0.0,0.0,0.0,0.0,0.0,0.0,0.0,0.0,0.0,0.0,0.0,0.0,0.0,0.0,True
226965,Torp,Coventry City,MID,53,0,1,0,,,,,,,,,,,,,,,,,,,,,,,,,,,,,,,,,,,,,,,54,a,1,0,1,5,1,Nott'm Forest,A,3,1.0074,1.7835,1.6136,0.7594,0.4595,0.0,-0.0911,-0.0228,0.0676,0.1681,0.2801,0.1218,0.0,0.0006,0.5625,0.7594,0.4595,True
684268,Shepherd,Coventry City,MID,0,0,0,0,,,,,,,,,,,,,,,,,,,,,,,,,,,,,,,,,,,,,,,45,a,0,0,0,5,1,Nott'm Forest,A,3,1.0074,1.7835,0.0,0.0,0.0,0.0,0.0,0.0,0.0,0.0,0.0,0.0,0.0,0.0,0.0,0.0,0.0,True
469272,Tchaouna,Coventry City,MID,166,2,0,0,208.3,1259.0,0.0822,0.0693,1.8519,4.5795,0.0,413.0,0.0676,0.0501,1.824,4.5763,0.0,,,,,0.1902,0.1603,4.2862,10.5989,0.0,37.6487,1.27,0.91,25.04,69.0,0.0,208.0,16.2668,0.31,0.2299999999999999,8.370000000000001,21.0,0.0,75.0,413.0,16.3438,54,a,0,2,2,5,1,Nott'm Forest,A,3,1.0074,1.7835,2.2968,0.9175,0.8245,0.0,-0.1101,-0.0275,0.0902,0.1967,0.3614,0.173,0.0,0.0154,0.85,0.9175,0.8245,True
492498,Borges Rodrigues,Coventry City,MID,0,0,0,0,,,,,,,,,,,,,,,,,,,,,,,,,,,,,,,,,,,,,,,45,u,0,0,0,5,1,Nott'm Forest,A,3,1.0074,1.7835,0.0,0.0,0.0,0.0,0.0,0.0,0.0,0.0,0.0,0.0,0.0,0.0,0.0,0.0,0.0,True
629397,Andrews,Coventry City,MID,0,0,0,0,,,,,,,,,,,,,,,,,,,,,,,,,,,,,,,,,,,,,,,45,u,0,0,0,5,1,Nott'm Forest,A,3,1.0074,1.7835,0.0,0.0,0.0,0.0,0.0,0.0,0.0,0.0,0.0,0.0,0.0,0.0,0.0,0.0,0.0,True
176412,Wright,Coventry City,FWD,0,0,0,0,,,,,,,,,,,,,,,,,,,,,,,,,,,,,,,,,,,,,,,54,i,0,0,0,5,1,Nott'm Forest,A,3,1.0074,1.7835,0.0,0.0,0.0,0.0,0.0,0.0,0.0,0.0,0.0,0.0,0.0,0.0,0.0,0.0,0.0,True
230730,Thomas-Asante,Coventry City,FWD,137,1,0,0,,,,,,,,,,,,,,,,,,,,,,,,,,,,,,,,,,,,,,,50,a,0,1,1,5,1,Nott'm Forest,A,3,1.0074,1.7835,1.7745,0.8969,0.4473,0.0,-0.1076,-0.0269,0.0772,0.121,0.3764,0.0,0.0,0.0,0.8125,0.8969,0.4473,True
218997,Simms,Coventry City,FWD,88,1,0,0,,,,,,,,,,,,,,,,,,,,,,,,,,,,,,,,,,,,,,,50,a,0,1,1,5,1,Nott'm Forest,A,3,1.0074,1.7835,1.8188,0.8969,0.4473,0.0,-0.1076,-0.0269,0.08,0.1311,0.4078,0.0,0.0,0.0,0.8125,0.8969,0.4473,True
551262,Markelo,Coventry City,FWD,0,0,0,0,,,,,,,,,,,,,,,,,,,,,,,,,,,,,,,,,,,,,,,50,u,0,0,0,5,1,Nott'm Forest,A,3,1.0074,1.7835,0.0,0.0,0.0,0.0,0.0,0.0,0.0,0.0,0.0,0.0,0.0,0.0,0.0,0.0,0.0,True
549653,Bassette,Coventry City,FWD,0,0,0,0,,,,,,,,,,,,,,,,,,,,,,,,,,,,,,,,,,,,,,,45,u,0,0,0,5,1,Nott'm Forest,A,3,1.0074,1.7835,0.0,0.0,0.0,0.0,0.0,0.0,0.0,0.0,0.0,0.0,0.0,0.0,0.0,0.0,0.0,True
210156,Awoniyi,Coventry City,FWD,232,3,0,0,107.9,480.0,0.8055,0.1596,2.2055,4.6275,0.989,212.0,0.6835,0.1613,2.2245,4.6698,1.2736,,,,,0.9657,0.1914,2.6441,5.5478,1.1857,41.7744,3.68,0.77,10.35,26.0,4.0,170.0,34.8443,1.61,0.38,5.24,11.0,3.0,89.0,212.0,37.783,55,s,0,3,3,5,1,Nott'm Forest,A,3,1.0074,1.7835,0.0,0.0,0.0,0.0,0.0,0.0,0.0,0.0,0.0,0.0,0.0,0.0,0.0,0.0,0.0,True
661888,Yirenkyi,Coventry City,MID,175,2,0,0,,,,,,,,,,,,,,,,,,,,,,,,,,,,,,,,,,,,,,,49,a,0,2,2,5,1,Nott'm Forest,A,3,1.0074,1.7835,1.6974,0.9175,0.4678,0.0,-0.1101,-0.0275,0.1054,0.1182,0.197,0.158,0.0,0.0,0.85,0.9175,0.4678,True
196100,Hamer,Coventry City,MID,32,0,1,0,,,,,,,,,,,,,,,,,,,,,,,,,,,,,,,,,,,,,,,54,a,1,0,1,5,1,Nott'm Forest,A,3,1.0074,1.7835,1.632,0.7594,0.4595,0.0,-0.0911,-0.0228,0.0683,0.1747,0.2911,0.1218,0.0,0.0008,0.5625,0.7594,0.4595,True
627221,Cherif,Coventry City,FWD,30,0,1,0,,,,,,,,,,,,,,,,,,,,,,,,,,,,,,,,,,,,,,,50,a,1,0,1,5,1,Nott'm Forest,A,3,1.0074,1.7835,1.8811,0.7594,0.4595,0.0,-0.0911,-0.0228,0.0649,0.1753,0.5455,0.0,0.0,0.0,0.5625,0.7594,0.4595,True
79602,Bentley,Coventry City,GK,0,0,0,0,93.3,270.0,0.0,0.0,1.6363,0.0,0.0,270.0,0.0,0.0,1.7,0.0,0.0,,,,,0.0,0.0,1.6963,0.0,0.0,8.492,0.0,0.0,5.1,0.0,0.0,24.0,8.1916,0.0,0.0,5.1,0.0,0.0,24.0,270.0,8.0,40,a,0,0,0,5,1,Nott'm Forest,A,3,1.0074,1.7835,0.2932,0.1038,0.0943,0.0967,-0.0125,-0.0031,0.0015,0.0,0.0,0.1,-0.0494,0.0,0.0947,0.1038,0.0943,True
242893,Gboho,Coventry City,MID,0,0,0,0,,,,,,,,,,,,,,,,,,,,,,,,,,,,,,,,,,,,,,,55,a,0,0,0,5,1,Nott'm Forest,A,3,1.0074,1.7835,1.8739,0.8075,0.5306,0.0,-0.0969,-0.0242,0.0875,0.2091,0.3486,0.1406,0.0,0.0014,0.65,0.8075,0.5306,True
566213,Mfuni,Coventry City,DEF,0,0,0,0,0.0,0.0,0.0,0.0,0.0,0.0,0.0,0.0,0.0,0.0,0.0,0.0,0.0,,,,,0.0,0.0,0.0,0.0,0.0,0.0,0.0,0.0,0.0,0.0,0.0,0.0,0.0,0.0,0.0,0.0,0.0,0.0,0.0,0.0,0.0,40,a,0,0,0,5,1,Nott'm Forest,A,3,1.0074,1.7835,0.0,0.0,0.0,0.0,0.0,0.0,0.0,0.0,0.0,0.0,0.0,0.0,0.0,0.0,0.0,True
485337,Guessand,Crystal Palace,MID,54,0,1,0,97.5,909.0,0.1254,0.1096,1.7682,7.4208,0.0,29.0,0.0,0.3103,5.4,6.2069,0.0,1.5711,1.5062,1.645,1.6117,0.1359,0.1187,1.9156,8.0392,0.0,16.6466,1.56,0.8500000000000001,14.48,83.0,0.0,143.0,15.3661,0.0,0.1,1.74,2.0,0.0,6.0,29.0,18.6207,55,a,1,0,1,5,1,Leeds,A,3,1.0189,1.7161,1.6846,0.7594,0.4595,0.0,-0.0911,-0.0228,0.0363,0.1987,0.3461,0.1274,0.0,0.0247,0.5625,0.7594,0.4595,False
220362,Disasi,Crystal Palace,DEF,139,2,0,0,347.1,1254.0,0.0581,0.0028,1.399,6.2336,0.0771,534.0,0.0,0.0034,1.5084,7.2472,0.1685,1.5711,1.5062,1.645,1.6117,0.2239,0.0107,5.3956,24.0408,0.2973,49.0432,1.1,0.03,18.54,88.0,1.0,186.0,12.7165,0.0,0.02,8.95,43.0,1.0,74.0,534.0,12.4719,45,s,0,2,2,5,1,Leeds,A,3,1.0189,1.7161,0.0,0.0,0.0,0.0,0.0,0.0,0.0,0.0,0.0,0.0,0.0,0.0,0.0,0.0,0.0,False
172649,Henderson,Crystal Palace,GK,270,3,0,0,470.3,3330.0,0.0,0.0019,1.527,0.0,0.1753,630.0,0.0,0.0014,1.6043,0.0,0.0,1.5711,1.5062,1.645,1.6117,0.0,0.0099,7.9796,0.0,0.916,60.1314,0.0,0.11,51.4,0.0,7.0,538.0,11.5072,0.0,0.01,11.23,0.0,0.0,48.0,630.0,6.8571,50,i,0,3,3,5,1,Leeds,A,3,1.0189,1.7161,0.0,0.0,0.0,0.0,0.0,0.0,0.0,0.0,0.0,0.0,0.0,0.0,0.0,0.0,0.0,False
121709,Benitez,Crystal Palace,GK,90,1,0,0,20.6,90.0,0.0,0.0,1.1219,0.0,0.0,0.0,0.0,0.0,0.0,0.0,0.0,1.5711,1.5062,1.645,1.6117,0.0,0.0,0.2568,0.0,0.0,6.6483,0.0,0.0,1.12,0.0,0.0,29.0,29.046,0.0,0.0,0.0,0.0,0.0,0.0,0.0,0.0,45,a,0,1,1,5,1,Leeds,A,3,1.0189,1.7161,5.1525,0.9257,0.9204,1.0255,-0.1111,-0.0278,1.3833,0.0,0.0,1.2914,-0.2168,0.0,0.925,0.9257,0.9204,False
427623,Richards,Crystal Palace,DEF,360,4,0,0,363.4,2825.0,0.1419,0.0351,1.3942,9.2398,0.2014,403.0,0.2859,0.0268,1.4449,8.263,0.0,1.5711,1.5062,1.645,1.6117,0.5731,0.1416,5.6295,37.3084,0.8131,46.0692,2.42,1.56,41.19,311.0,5.0,453.0,11.4095,1.28,0.12,6.47,37.0,0.0,28.0,403.0,6.2531,50,a,0,4,4,5,1,Leeds,A,3,1.0189,1.7161,3.19,1.0,0.9833,0.0,-0.12,-0.03,0.1141,0.1116,0.8921,0.8695,-0.6246,0.5634,1.0,1.0,0.9833,False
651426,Canvot,Crystal Palace,DEF,270,3,0,0,320.5,1331.0,0.1018,0.0174,1.5639,10.7738,0.444,540.0,0.0533,0.0083,1.45,10.1667,0.3333,1.5711,1.5062,1.645,1.6117,0.3624,0.0618,5.5691,38.3667,1.581,42.6624,1.48,0.33,23.84,169.0,9.0,216.0,11.9801,0.32,0.05,8.7,61.0,2.0,58.0,540.0,9.6667,49,a,0,3,3,5,1,Leeds,A,3,1.0189,1.7161,2.4136,0.885,0.8604,0.0,-0.1062,-0.0266,0.0844,0.0709,0.4379,0.7608,-0.5471,0.6559,0.875,0.885,0.8604,False
244723,Mitchell,Crystal Palace,DEF,329,4,0,0,436.2,3253.0,0.0625,0.0835,1.4747,6.7028,0.1709,495.0,0.0964,0.0636,1.5436,7.6364,0.1818,1.5711,1.5062,1.645,1.6117,0.3029,0.4046,7.1472,32.4863,0.8283,61.2124,1.59,2.53,49.78,245.0,8.0,498.0,12.6298,0.53,0.35,8.49,42.0,1.0,67.0,495.0,12.1818,45,a,0,4,4,5,1,Leeds,A,3,1.0189,1.7161,2.7933,1.0,0.9833,0.0,-0.12,-0.03,0.0885,0.23,0.4025,0.8695,-0.6246,0.2536,1.0,1.0,0.9833,False
218364,Sosa,Crystal Palace,DEF,0,0,0,0,20.1,99.0,0.0582,0.0345,0.4025,6.1406,0.0,45.0,0.08,0.02,0.14,4.0,0.0,1.5711,1.5062,1.645,1.6117,0.013,0.0077,0.0899,1.3714,0.0,0.476,0.04,0.0699999999999999,0.9000000000000001,9.0,0.0,9.0,2.1313,0.04,0.01,0.07,2.0,0.0,-4.0,45.0,-8.0,45,u,0,0,0,5,1,Leeds,A,3,1.0189,1.7161,0.0,0.0,0.0,0.0,0.0,0.0,0.0,0.0,0.0,0.0,0.0,0.0,0.0,0.0,0.0,False
515621,Chadi Riad,Crystal Palace,DEF,72,1,0,0,153.3,550.0,0.067,0.0235,1.6478,8.4979,0.0,238.0,0.0832,0.0303,1.8,10.2101,0.0,1.5711,1.5062,1.645,1.6117,0.1141,0.04,2.8067,14.4747,0.0,20.5403,0.3299999999999999,0.13,9.09,45.0,0.0,84.0,12.0589,0.22,0.08,4.76,27.0,0.0,26.0,238.0,9.8319,44,i,0,1,1,5,1,Leeds,A,3,1.0189,1.7161,0.0,0.0,0.0,0.0,0.0,0.0,0.0,0.0,0.0,0.0,0.0,0.0,0.0,0.0,0.0,False
242313,Mingueza,Crystal Palace,DEF,16,0,1,0,,,,,,,,,,,,,,1.5711,1.5062,1.645,1.6117,,,,,,,,,,,,,,,,,,,,,,44,a,1,0,1,5,1,Leeds,A,3,1.0189,1.7161,1.533,0.5975,0.5055,0.0,-0.0717,-0.0179,0.0306,0.0706,0.1411,0.5607,-0.2773,0.0828,0.5625,0.5975,0.5055,False
232185,Sarr,Crystal Palace,MID,0,0,0,0,326.8,2173.0,0.5182,0.0579,1.3428,5.023,0.2202,421.0,0.6178,0.0855,1.381,4.0618,0.0,1.5711,1.5062,1.645,1.6117,1.8816,0.2103,4.8758,18.239,0.7994,54.5034,10.93,1.17,31.25,137.0,9.0,359.0,15.0101,2.89,0.4,6.46,19.0,0.0,70.0,421.0,14.9644,62,i,0,0,0,5,1,Leeds,A,3,1.0189,1.7161,0.0,0.0,0.0,0.0,0.0,0.0,0.0,0.0,0.0,0.0,0.0,0.0,0.0,0.0,0.0,False
496221,Wharton,Crystal Palace,MID,346,4,0,0,326.6,2552.0,0.0575,0.2962,1.3841,11.2348,0.3965,361.0,0.0474,0.359,1.4161,11.9668,0.4986,1.5711,1.5062,1.645,1.6117,0.2087,1.075,5.0226,40.7699,1.4389,70.4039,1.52,7.47,39.08,303.0,8.0,511.0,19.401,0.19,1.44,5.68,48.0,2.0,92.0,361.0,22.9363,55,a,0,4,4,5,1,Leeds,A,3,1.0189,1.7161,3.4908,1.0,0.9629,0.0,-0.12,-0.03,0.3732,0.8474,0.3733,0.2129,0.0,0.722,1.0,1.0,0.9629,False
488024,Yeremy,Crystal Palace,MID,226,3,0,0,257.0,2074.0,0.1744,0.2847,1.4326,7.2574,0.0971,283.0,0.1336,0.2131,1.5551,6.6784,0.0,1.5711,1.5062,1.645,1.6117,0.4979,0.8131,4.0909,20.7238,0.2774,44.5083,4.53,6.12,30.01,167.0,3.0,331.0,15.5866,0.42,0.67,4.890000000000001,21.0,0.0,41.0,283.0,13.0389,55,a,0,3,3,5,1,Leeds,A,3,1.0189,1.7161,3.3282,0.945,0.8728,0.0,-0.1134,-0.0284,0.1015,0.7056,0.781,0.1929,0.0,0.1613,0.9,0.945,0.8728,False
108413,Hughes,Crystal Palace,MID,29,0,1,0,212.1,1560.0,0.0471,0.1068,1.6687,8.1497,0.0,207.0,0.0,0.1087,1.7609,6.5217,0.0,1.5711,1.5062,1.645,1.6117,0.1109,0.2516,3.9325,19.2061,0.0,27.8507,1.11,1.94,25.35,148.0,0.0,217.0,11.8178,0.0,0.25,4.05,15.0,0.0,23.0,207.0,10.0,44,a,1,0,1,5,1,Leeds,A,3,1.0189,1.7161,1.4987,0.7594,0.4595,0.0,-0.0911,-0.0228,0.0267,0.1853,0.1833,0.1274,0.0,0.0448,0.5625,0.7594,0.4595,False
152551,Lerma,Crystal Palace,MID,6,0,1,0,286.3,1722.0,0.0945,0.0912,1.6002,11.9123,0.0985,386.0,0.0373,0.1166,1.9236,12.3575,0.0,1.5711,1.5062,1.645,1.6117,0.3005,0.2902,5.0903,37.8945,0.3132,47.3321,1.84,1.48,25.11,220.0,3.0,296.0,14.8791,0.16,0.5,8.25,53.0,0.0,56.0,386.0,13.057,49,a,1,0,1,5,1,Leeds,A,3,1.0189,1.7161,1.5806,0.7594,0.4595,0.0,-0.0911,-0.0228,0.0417,0.1707,0.2647,0.1274,0.0,0.2002,0.5625,0.7594,0.4595,False
209400,Kamada,Crystal Palace,MID,351,4,0,0,263.4,1899.0,0.0717,0.1999,1.4855,10.0669,0.0,406.0,0.0488,0.2571,1.7224,10.4187,0.0,1.5711,1.5062,1.645,1.6117,0.2097,0.5849,4.3477,29.4626,0.0,46.1458,1.64,3.24,26.04,208.0,0.0,331.0,15.7674,0.22,1.16,7.77,47.0,0.0,76.0,406.0,16.8473,50,a,0,4,4,5,1,Leeds,A,3,1.0189,1.7161,3.1353,1.0,0.9696,0.0,-0.12,-0.03,0.1893,0.5979,0.4431,0.2143,0.0,0.5203,1.0,1.0,0.9696,False
489706,Devenny,Crystal Palace,MID,0,0,0,0,121.0,785.0,0.125,0.0251,2.0178,8.9506,0.0,192.0,0.0,0.0141,2.1844,11.25,0.0,1.5711,1.5062,1.645,1.6117,0.168,0.0338,2.7128,12.0336,0.0,14.8144,2.38,0.39,14.71,72.0,0.0,108.0,11.019,0.0,0.03,4.66,24.0,0.0,27.0,192.0,12.6562,50,u,0,0,0,5,1,Leeds,A,3,1.0189,1.7161,0.0,0.0,0.0,0.0,0.0,0.0,0.0,0.0,0.0,0.0,0.0,0.0,0.0,0.0,0.0,False
606921,Esse,Crystal Palace,MID,0,0,0,0,1.9,40.0,0.0,0.1374,6.6126,13.7842,0.0,0.0,0.0,0.0,0.0,0.0,0.0,1.5711,1.5062,1.645,1.6117,0.0,0.0029,0.1396,0.291,0.0,0.6532,0.0,0.04,1.7400000000000002,5.0,0.0,12.0,30.9411,0.0,0.0,0.0,0.0,0.0,0.0,0.0,0.0,50,u,0,0,0,5,1,Leeds,A,3,1.0189,1.7161,0.0,0.0,0.0,0.0,0.0,0.0,0.0,0.0,0.0,0.0,0.0,0.0,0.0,0.0,0.0,False
536694,M.França,Crystal Palace,MID,0,0,0,0,0.0,0.0,0.0,0.0,0.0,0.0,0.0,0.0,0.0,0.0,0.0,0.0,0.0,1.5711,1.5062,1.645,1.6117,0.0,0.0,0.0,0.0,0.0,0.0,0.0,0.0,0.0,0.0,0.0,0.0,0.0,0.0,0.0,0.0,0.0,0.0,0.0,0.0,0.0,49,u,0,0,0,5,1,Leeds,A,3,1.0189,1.7161,0.0,0.0,0.0,0.0,0.0,0.0,0.0,0.0,0.0,0.0,0.0,0.0,0.0,0.0,0.0,False
438464,Doucouré,Crystal Palace,MID,0,0,0,0,0.0,0.0,0.0,0.0,0.0,0.0,0.0,0.0,0.0,0.0,0.0,0.0,0.0,1.5711,1.5062,1.645,1.6117,0.0,0.0,0.0,0.0,0.0,0.0,0.0,0.0,0.0,0.0,0.0,0.0,0.0,0.0,0.0,0.0,0.0,0.0,0.0,0.0,0.0,49,a,0,0,0,5,1,Leeds,A,3,1.0189,1.7161,0.0,0.0,0.0,0.0,0.0,0.0,0.0,0.0,0.0,0.0,0.0,0.0,0.0,0.0,0.0,False
450542,J.Rak-Sakyi,Crystal Palace,MID,0,0,0,0,0.0,0.0,0.0,0.0,0.0,0.0,0.0,0.0,0.0,0.0,0.0,0.0,0.0,1.5711,1.5062,1.645,1.6117,0.0,0.0,0.0,0.0,0.0,0.0,0.0,0.0,0.0,0.0,0.0,0.0,0.0,0.0,0.0,0.0,0.0,0.0,0.0,0.0,0.0,49,u,0,0,0,5,1,Leeds,A,3,1.0189,1.7161,0.0,0.0,0.0,0.0,0.0,0.0,0.0,0.0,0.0,0.0,0.0,0.0,0.0,0.0,0.0,False
590014,Cardines,Crystal Palace,DEF,0,0,0,0,41.3,90.0,0.02,0.16,2.5278,6.9941,0.0,90.0,0.02,0.16,2.53,7.0,0.0,1.5711,1.5062,1.645,1.6117,0.0092,0.0734,1.16,3.2095,0.0,9.6285,0.02,0.16,2.53,7.0,0.0,21.0,20.9822,0.02,0.16,2.53,7.0,0.0,21.0,90.0,21.0,45,u,0,0,0,5,1,Leeds,A,3,1.0189,1.7161,0.0,0.0,0.0,0.0,0.0,0.0,0.0,0.0,0.0,0.0,0.0,0.0,0.0,0.0,0.0,False
672492,Drakes-Thomas,Crystal Palace,MID,0,0,0,0,0.6,7.0,0.0,0.0,10.29,40.065,0.0,0.0,0.0,0.0,0.0,0.0,0.0,1.5711,1.5062,1.645,1.6117,0.0,0.0,0.0686,0.2671,0.0,0.5121,0.0,0.0,0.73,3.0,0.0,6.0,76.815,0.0,0.0,0.0,0.0,0.0,0.0,0.0,0.0,45,a,0,0,0,5,1,Leeds,A,3,1.0189,1.7161,0.0,0.0,0.0,0.0,0.0,0.0,0.0,0.0,0.0,0.0,0.0,0.0,0.0,0.0,0.0,False
247412,Strand Larsen,Crystal Palace,FWD,217,2,0,0,318.6,2301.0,0.2178,0.0647,1.4546,3.8098,0.1374,372.0,0.271,0.0992,1.4976,2.9032,0.0,1.5711,1.5062,1.645,1.6117,0.771,0.2292,5.1494,13.4866,0.4863,32.8519,5.3,1.12,36.03,95.0,3.0,215.0,9.2802,1.12,0.41,6.19,12.0,0.0,25.0,372.0,6.0484,60,a,0,2,2,5,1,Leeds,A,3,1.0189,1.7161,2.9742,0.945,0.8728,0.0,-0.1134,-0.0284,0.1114,0.2449,0.9515,0.0,0.0,0.0027,0.9,0.945,0.8728,False
231747,Mateta,Crystal Palace,FWD,62,1,0,0,212.2,2210.0,0.5839,0.0401,1.5701,4.6456,0.7488,251.0,0.4841,0.0215,1.8143,3.2271,0.3586,1.5711,1.5062,1.645,1.6117,1.3768,0.0945,3.7019,10.9533,1.7654,53.9251,14.42,1.32,31.77,125.0,13.0,397.0,22.8712,1.35,0.06,5.0600000000000005,9.0,1.0,63.0,251.0,22.5896,63,i,0,1,1,5,1,Leeds,A,3,1.0189,1.7161,0.0,0.0,0.0,0.0,0.0,0.0,0.0,0.0,0.0,0.0,0.0,0.0,0.0,0.0,0.0,False
205533,Nketiah,Crystal Palace,FWD,167,3,0,0,23.2,414.0,0.3216,0.0659,1.9878,8.4569,0.7274,0.0,0.0,0.0,0.0,0.0,0.0,1.5711,1.5062,1.645,1.6117,0.0829,0.017,0.5124,2.18,0.1875,5.0921,1.77,0.4599999999999999,9.49,38.0,3.0,100.0,19.7538,0.0,0.0,0.0,0.0,0.0,0.0,0.0,0.0,55,d,0,3,3,5,1,Leeds,A,3,1.0189,1.7161,2.1093,0.9313,0.4815,0.0,-0.1118,-0.0279,0.0737,0.1539,0.6183,0.0,0.0,0.0011,0.875,0.9313,0.4815,False
660392,Uche,Crystal Palace,FWD,0,0,0,0,15.3,159.0,0.2882,0.0059,2.3288,7.6776,0.0,0.0,0.0,0.0,0.0,0.0,0.0,1.5711,1.5062,1.645,1.6117,0.049,0.001,0.3959,1.3052,0.0,3.1835,0.49,0.01,4.63,13.0,0.0,42.0,18.7265,0.0,0.0,0.0,0.0,0.0,0.0,0.0,0.0,50,u,0,0,0,5,1,Leeds,A,3,1.0189,1.7161,0.0,0.0,0.0,0.0,0.0,0.0,0.0,0.0,0.0,0.0,0.0,0.0,0.0,0.0,0.0,False
433154,McNeil,Crystal Palace,MID,84,1,0,0,191.7,1161.0,0.1144,0.2065,1.2859,8.8982,0.0905,145.0,0.0807,0.6579,1.3034,10.5517,0.0,1.5711,1.5062,1.645,1.6117,0.2436,0.4399,2.7389,18.9531,0.1928,30.1413,1.37,1.91,18.8,111.0,1.0,186.0,14.1508,0.13,1.06,2.1,17.0,0.0,22.0,145.0,13.6552,54,a,0,1,1,5,1,Leeds,A,3,1.0189,1.7161,2.7687,0.8969,0.7882,0.0,-0.1076,-0.0269,0.0796,0.5577,0.5354,0.1742,0.0,0.2498,0.8125,0.8969,0.7882,False
169593,Matthews,Crystal Palace,GK,0,0,0,0,0.0,0.0,0.0,0.0,0.0,0.0,0.0,0.0,0.0,0.0,0.0,0.0,0.0,1.5711,1.5062,1.645,1.6117,0.0,0.0,0.0,0.0,0.0,0.0,0.0,0.0,0.0,0.0,0.0,0.0,0.0,0.0,0.0,0.0,0.0,0.0,0.0,0.0,0.0,40,a,0,0,0,5,1,Leeds,A,3,1.0189,1.7161,0.0,0.0,0.0,0.0,0.0,0.0,0.0,0.0,0.0,0.0,0.0,0.0,0.0,0.0,0.0,False
223723,Tomiyasu,Crystal Palace,DEF,144,1,0,0,,,,,,,,,,,,,,1.5711,1.5062,1.645,1.6117,,,,,,,,,,,,,,,,,,,,,,45,a,0,1,1,5,1,Leeds,A,3,1.0189,1.7161,1.7985,0.8275,0.4514,0.0,-0.0993,-0.0248,0.0619,0.0486,0.0972,0.6334,-0.1913,0.0069,0.8125,0.8275,0.4514,False
570794,Khalaili,Crystal Palace,DEF,289,3,0,0,,,,,,,,,,,,,,1.5711,1.5062,1.645,1.6117,,,,,,,,,,,,,,,,,,,,,,50,a,0,3,3,5,1,Leeds,A,3,1.0189,1.7161,1.9114,0.885,0.4861,0.0,-0.1062,-0.0266,0.0749,0.0426,0.0852,0.682,-0.2056,0.002,0.875,0.885,0.4861,False
559152,Gozo,Crystal Palace,MID,28,0,1,0,,,,,,,,,,,,,,1.5711,1.5062,1.645,1.6117,,,,,,,,,,,,,,,,,,,,,,50,a,1,0,1,5,1,Leeds,A,3,1.0189,1.7161,1.7644,0.7594,0.4595,0.0,-0.0911,-0.0228,0.0675,0.2225,0.3709,0.1274,0.0,0.0012,0.5625,0.7594,0.4595,False
605972,Ahanor,Crystal Palace,DEF,90,1,0,0,,,,,,,,,,,,,,1.5711,1.5062,1.645,1.6117,,,,,,,,,,,,,,,,,,,,,,45,a,0,1,1,5,1,Leeds,A,3,1.0189,1.7161,1.8125,0.8275,0.4514,0.0,-0.0993,-0.0248,0.0625,0.053,0.1061,0.6334,-0.1913,0.0117,0.8125,0.8275,0.4514,False
172850,Chilwell,Crystal Palace,DEF,29,0,1,0,,,,,,,,,,,,,,1.5711,1.5062,1.645,1.6117,,,,,,,,,,,,,,,,,,,,,,45,a,1,0,1,5,1,Leeds,A,3,1.0189,1.7161,1.5275,0.5975,0.5055,0.0,-0.0717,-0.0179,0.0303,0.0688,0.1377,0.5607,-0.2773,0.0741,0.5625,0.5975,0.5055,False
450063,Timber,Crystal Palace,MID,163,2,0,0,,,,,,,,,,,,,,1.5711,1.5062,1.645,1.6117,,,,,,,,,,,,,,,,,,,,,,50,a,0,2,2,5,1,Leeds,A,3,1.0189,1.7161,1.7907,0.9175,0.4678,0.0,-0.1101,-0.0275,0.1021,0.1521,0.2536,0.1641,0.0,0.0,0.85,0.9175,0.4678,False
533646,Osorio,Crystal Palace,MID,1,0,1,0,,,,,,,,,,,,,,1.5711,1.5062,1.645,1.6117,,,,,,,,,,,,,,,,,,,,,,55,a,1,0,1,5,1,Leeds,A,3,1.0189,1.7161,1.7977,0.7594,0.4595,0.0,-0.0911,-0.0228,0.0688,0.2345,0.3909,0.1274,0.0,0.0017,0.5625,0.7594,0.4595,False
128295,Nørgaard,Everton,MID,0,0,0,0,27.6,101.0,0.0515,0.0597,0.7308,10.9138,0.0,45.0,0.06,0.08,0.1,10.0,0.0,1.2898,1.495,1.36,1.4233,0.0158,0.0183,0.2241,3.3469,0.0,6.2066,0.08,0.04,2.28,16.0,0.0,28.0,20.2389,0.03,0.04,0.05,5.0,0.0,9.0,45.0,18.0,49,i,0,0,0,5,1,Ipswich Town,H,2,1.3243,0.9723,0.0,0.0,0.0,0.0,0.0,0.0,0.0,0.0,0.0,0.0,0.0,0.0,0.0,0.0,0.0,False
242898,Johnson,Everton,MID,173,2,0,0,280.9,1710.0,0.1018,0.0798,1.5099,6.6684,0.013,423.0,0.1298,0.083,1.534,7.0213,0.0,1.2898,1.495,1.36,1.4233,0.3176,0.249,4.7125,20.8129,0.0405,26.7429,2.45,1.31,28.29,121.0,2.0,217.0,8.5684,0.61,0.39,7.21,33.0,0.0,28.0,423.0,5.9574,59,a,0,2,2,5,1,Ipswich Town,H,2,1.3243,0.9723,2.938,0.9175,0.8259,0.0,-0.1101,-0.0275,0.0947,0.3435,0.6874,0.3354,0.0,0.04,0.85,0.9175,0.8259,False
111234,Pickford,Everton,GK,360,4,0,0,478.7,3420.0,0.0,0.006,1.495,0.0,0.1382,540.0,0.0,0.0083,1.4233,0.0,0.0,1.2898,1.495,1.36,1.4233,0.0,0.0318,7.9516,0.0,0.7351,60.7212,0.0,0.2,56.24,0.0,11.0,545.0,11.4161,0.0,0.05,8.54,0.0,0.0,41.0,540.0,6.8333,55,a,0,4,4,5,1,Ipswich Town,H,2,1.3243,0.9723,4.2058,1.0,0.995,0.7404,-0.12,-0.03,0.3029,0.0218,0.0,1.6163,-0.2825,0.0,1.0,1.0,0.995,False
229600,Travers,Everton,GK,0,0,0,0,0.0,0.0,0.0,0.0,0.0,0.0,0.0,0.0,0.0,0.0,0.0,0.0,0.0,1.2898,1.495,1.36,1.4233,0.0,0.0,0.0,0.0,0.0,0.0,0.0,0.0,0.0,0.0,0.0,0.0,0.0,0.0,0.0,0.0,0.0,0.0,0.0,0.0,0.0,50,a,0,0,0,5,1,Ipswich Town,H,2,1.3243,0.9723,0.0,0.0,0.0,0.0,0.0,0.0,0.0,0.0,0.0,0.0,0.0,0.0,0.0,0.0,0.0,False
138001,King,Everton,GK,0,0,0,0,0.0,0.0,0.0,0.0,0.0,0.0,0.0,0.0,0.0,0.0,0.0,0.0,0.0,1.2898,1.495,1.36,1.4233,0.0,0.0,0.0,0.0,0.0,0.0,0.0,0.0,0.0,0.0,0.0,0.0,0.0,0.0,0.0,0.0,0.0,0.0,0.0,0.0,0.0,45,a,0,0,0,5,1,Ipswich Town,H,2,1.3243,0.9723,0.0,0.0,0.0,0.0,0.0,0.0,0.0,0.0,0.0,0.0,0.0,0.0,0.0,0.0,0.0,False
17761,Tarkowski,Everton,DEF,360,4,0,0,458.1,3330.0,0.0808,0.0736,1.4406,9.5289,0.4217,540.0,0.075,0.13,1.4233,8.6667,0.5,1.2898,1.495,1.36,1.4233,0.4114,0.3748,7.3327,48.502,2.1466,74.4244,2.53,2.1,53.54,376.0,12.0,592.0,14.6217,0.45,0.78,8.54,52.0,3.0,70.0,540.0,11.6667,61,a,0,4,4,5,1,Ipswich Town,H,2,1.3243,0.9723,4.4013,1.0,0.9842,0.0,-0.12,-0.03,0.3449,0.3145,0.5974,1.5988,-0.2825,0.3181,1.0,1.0,0.9842,False
480455,Branthwaite,Everton,DEF,360,4,0,0,136.6,678.0,0.043,0.0136,1.3241,9.3884,0.0,86.0,0.0,0.0209,1.193,11.5116,0.0,1.2898,1.495,1.36,1.4233,0.0653,0.0206,2.0097,14.2495,0.0,22.0287,0.3399999999999999,0.11,9.43,67.0,0.0,108.0,14.5138,0.0,0.02,1.14,11.0,0.0,14.0,86.0,14.6512,55,a,0,4,4,5,1,Ipswich Town,H,2,1.3243,0.9723,2.9962,1.0,0.5801,0.0,-0.12,-0.03,0.1766,0.0591,0.1776,1.2535,-0.0946,0.0218,1.0,1.0,0.5801,False
106611,Keane,Everton,DEF,0,0,0,0,343.0,2588.0,0.0719,0.0375,1.5449,10.3023,0.1139,453.0,0.0656,0.0576,1.4702,8.7417,0.0,1.2898,1.495,1.36,1.4233,0.274,0.1429,5.8876,39.2634,0.434,43.8257,2.3,0.49,44.52,302.0,8.0,404.0,11.4995,0.33,0.29,7.4,44.0,0.0,24.0,453.0,4.7682,48,a,0,0,0,5,1,Ipswich Town,H,2,1.3243,0.9723,0.6729,0.2262,0.144,0.0,-0.0271,-0.0068,0.0055,0.025,0.0784,0.2694,-0.0356,0.0254,0.1589,0.2262,0.144,False
512462,O'Brien,Everton,DEF,15,0,1,0,430.6,3118.0,0.0794,0.0287,1.5622,6.3528,0.0305,482.0,0.1363,0.028,1.4882,5.6017,0.0,1.2898,1.495,1.36,1.4233,0.3797,0.1375,7.4744,30.3948,0.1459,38.1092,1.6700000000000002,1.0,53.49,231.0,2.0,368.0,7.9652,0.7300000000000001,0.15,7.97,30.0,0.0,6.0,482.0,1.1203,49,a,1,0,1,5,1,Ipswich Town,H,2,1.3243,0.9723,2.6991,0.701,0.6103,0.0,-0.0841,-0.021,0.0541,0.0722,0.3765,1.1416,-0.1455,0.014,0.675,0.701,0.6103,False
224967,Mykolenko,Everton,DEF,360,4,0,0,443.9,2959.0,0.0048,0.0596,1.504,6.9044,0.0605,540.0,0.0,0.025,1.4233,6.8333,0.0,1.2898,1.495,1.36,1.4233,0.0239,0.2941,7.4182,34.0542,0.2982,45.5067,0.2799999999999999,2.46,48.41,231.0,2.0,350.0,9.2264,0.0,0.15,8.54,41.0,0.0,23.0,540.0,3.8333,45,a,0,4,4,5,1,Ipswich Town,H,2,1.3243,0.9723,3.5963,1.0,0.9842,0.0,-0.12,-0.03,0.1513,0.2086,0.092,1.5988,-0.2825,0.1069,1.0,1.0,0.9842,False
243571,Patterson,Everton,DEF,0,0,0,0,26.3,238.0,0.0082,0.0171,1.4934,12.2551,0.0,1.0,0.0,0.0,10.8,90.0,0.0,1.2898,1.495,1.36,1.4233,0.0024,0.005,0.4364,3.5812,0.0,6.7324,0.03,0.04,3.67,31.0,0.0,67.0,23.0386,0.0,0.0,0.12,1.0,0.0,-1.0,1.0,-90.0,45,u,0,0,0,5,1,Ipswich Town,H,2,1.3243,0.9723,0.0,0.0,0.0,0.0,0.0,0.0,0.0,0.0,0.0,0.0,0.0,0.0,0.0,0.0,0.0,False
499300,Aznou,Everton,DEF,0,0,0,0,0.0,0.0,0.0,0.0,0.0,0.0,0.0,0.0,0.0,0.0,0.0,0.0,0.0,1.2898,1.495,1.36,1.4233,0.0,0.0,0.0,0.0,0.0,0.0,0.0,0.0,0.0,0.0,0.0,0.0,0.0,0.0,0.0,0.0,0.0,0.0,0.0,0.0,0.0,40,u,0,0,0,5,1,Ipswich Town,H,2,1.3243,0.9723,0.0,0.0,0.0,0.0,0.0,0.0,0.0,0.0,0.0,0.0,0.0,0.0,0.0,0.0,0.0,False
215413,Dewsbury-Hall,Everton,MID,360,4,0,0,408.3,2629.0,0.1621,0.1706,1.4641,8.0709,0.4994,533.0,0.1081,0.2144,1.4201,8.1051,0.3377,1.2898,1.495,1.36,1.4233,0.7355,0.7741,6.6421,36.6149,2.2655,89.8104,4.35,5.34,40.38,230.0,18.0,598.0,19.7966,0.64,1.27,8.41,48.0,2.0,106.0,533.0,17.8987,65,a,0,4,4,5,1,Ipswich Town,H,2,1.3243,0.9723,4.1616,1.0,0.9713,0.0,-0.12,-0.03,0.3817,0.6898,1.0032,0.3945,0.0,0.1247,1.0,1.0,0.9713,False
114283,Grealish,Everton,MID,57,0,1,0,86.1,1627.0,0.1091,0.1379,1.4501,7.1409,0.5678,0.0,0.0,0.0,0.0,0.0,0.0,1.2898,1.495,1.36,1.4233,0.1044,0.1319,1.3873,6.8315,0.5432,16.8256,2.05,3.37,25.81,135.0,12.0,356.0,17.5877,0.0,0.0,0.0,0.0,0.0,0.0,0.0,0.0,65,a,1,0,1,5,1,Ipswich Town,H,2,1.3243,0.9723,1.9598,0.7594,0.4653,0.0,-0.0911,-0.0228,0.0709,0.2866,0.4029,0.2176,0.0,0.0097,0.5625,0.7594,0.4653,False
232928,Garner,Everton,MID,238,3,0,0,478.2,3413.0,0.0391,0.1876,1.4958,11.9272,0.2203,540.0,0.0217,0.195,1.4233,10.5,0.0,1.2898,1.495,1.36,1.4233,0.2076,0.9969,7.9475,63.3732,1.1703,113.2086,2.1,6.18,56.18,458.0,13.0,818.0,21.3065,0.13,1.17,8.54,63.0,0.0,117.0,540.0,19.5,60,a,0,3,3,5,1,Ipswich Town,H,2,1.3243,0.9723,3.359,0.945,0.8744,0.0,-0.1134,-0.0284,0.4533,0.6769,0.3249,0.3551,0.0,0.451,0.9,0.945,0.8744,False
550615,George,Everton,MID,298,4,0,0,59.6,351.0,0.1344,0.6006,2.0137,8.1322,0.0,90.0,0.1,1.02,1.56,9.0,0.0,1.2898,1.495,1.36,1.4233,0.089,0.3977,1.3335,5.3853,0.0,17.1706,0.64,1.19,6.49,23.0,0.0,55.0,25.9288,0.1,1.02,1.56,9.0,0.0,33.0,90.0,33.0,55,a,0,4,4,5,1,Ipswich Town,H,2,1.3243,0.9723,3.0118,1.0,0.55,0.0,-0.12,-0.03,0.2933,0.6771,0.4732,0.2971,0.0,0.0012,1.0,1.0,0.55,False
502697,Alcaraz,Everton,MID,5,0,1,0,40.3,679.0,0.2709,0.1619,1.848,13.3901,0.0,12.0,0.975,0.75,3.975,45.0,0.0,1.2898,1.495,1.36,1.4233,0.1213,0.0725,0.8275,5.9958,0.0,10.8734,1.17,0.54,13.56,70.0,0.0,121.0,24.283,0.13,0.0999999999999999,0.53,6.0,0.0,10.0,12.0,75.0,49,a,1,0,1,5,1,Ipswich Town,H,2,1.3243,0.9723,2.4204,0.7594,0.4653,0.0,-0.0911,-0.0228,0.1385,0.3256,0.7569,0.2176,0.0,0.0784,0.5625,0.7594,0.4653,False
609873,Armstrong,Everton,MID,356,4,0,0,80.2,524.0,0.1396,0.036,1.9359,7.5533,0.0,29.0,0.0,0.031,0.4345,0.0,0.0,1.2898,1.495,1.36,1.4233,0.1244,0.0321,1.7251,6.7308,0.0,13.441,0.79,0.22,10.93,50.0,0.0,84.0,15.0834,0.0,0.01,0.1399999999999999,0.0,0.0,6.0,29.0,18.6207,50,a,0,4,4,5,1,Ipswich Town,H,2,1.3243,0.9723,2.3294,1.0,0.55,0.0,-0.12,-0.03,0.1039,0.1831,0.4742,0.2971,0.0,0.0013,1.0,1.0,0.55,False
496661,Dibling,Everton,MID,0,0,0,0,27.5,349.0,0.0569,0.0452,1.9008,9.4971,0.0,0.0,0.0,0.0,0.0,0.0,0.0,1.2898,1.495,1.36,1.4233,0.0174,0.0138,0.5808,2.9019,0.0,3.8978,0.2,0.14,6.65,40.0,0.0,49.0,12.7564,0.0,0.0,0.0,0.0,0.0,0.0,0.0,0.0,54,a,0,0,0,5,1,Ipswich Town,H,2,1.3243,0.9723,0.0,0.0,0.0,0.0,0.0,0.0,0.0,0.0,0.0,0.0,0.0,0.0,0.0,0.0,0.0,False
513466,Röhl,Everton,MID,249,3,0,0,156.7,675.0,0.0578,0.0463,1.7169,7.1538,0.483,317.0,0.0483,0.0397,1.4451,5.6782,0.5678,1.2898,1.495,1.36,1.4233,0.1006,0.0807,2.9894,12.4556,0.8409,25.5234,0.67,0.35,13.31,68.0,2.0,98.0,14.6593,0.17,0.14,5.09,20.0,2.0,50.0,317.0,14.1956,49,a,0,3,3,5,1,Ipswich Town,H,2,1.3243,0.9723,2.9157,0.9313,0.8501,0.0,-0.1118,-0.0279,0.1374,0.3313,0.589,0.3452,0.0,0.0278,0.875,0.9313,0.8501,False
244860,Hackney,Everton,MID,136,1,0,0,,,,,,,,,,,,,,1.2898,1.495,1.36,1.4233,,,,,,,,,,,,,,,,,,,,,,55,a,0,1,1,5,1,Ipswich Town,H,2,1.3243,0.9723,1.9994,0.8969,0.4473,0.0,-0.1076,-0.0269,0.146,0.1991,0.3319,0.2416,0.0,0.0,0.8125,0.8969,0.4473,False
486385,Beto,Everton,FWD,31,0,1,0,234.7,1551.0,0.4801,0.0104,1.2594,4.9643,1.3646,282.0,0.3734,0.0032,1.2702,4.4681,1.5957,1.2898,1.495,1.36,1.4233,1.252,0.0271,3.2842,12.9457,3.5587,70.0317,8.9,0.23,24.16,89.0,15.0,343.0,26.8549,1.17,0.01,3.98,14.0,5.0,71.0,282.0,22.6596,54,u,1,0,1,5,1,Ipswich Town,H,2,1.3243,0.9723,0.0,0.0,0.0,0.0,0.0,0.0,0.0,0.0,0.0,0.0,0.0,0.0,0.0,0.0,0.0,False
586309,Barry,Everton,FWD,327,4,0,0,245.9,1898.0,0.4888,0.023,1.7531,4.3359,0.6211,253.0,0.7257,0.0213,1.6257,5.6917,0.7115,1.2898,1.495,1.36,1.4233,1.3355,0.0628,4.7899,11.8467,1.6969,49.216,8.17,0.44,33.49,74.0,9.0,295.0,18.0132,2.04,0.06,4.57,16.0,2.0,67.0,253.0,23.834,56,a,0,4,4,5,1,Ipswich Town,H,2,1.3243,0.9723,3.6705,1.0,0.5688,0.0,-0.12,-0.03,0.3292,0.1447,1.7875,0.0,0.0,0.0001,1.0,1.0,0.5688,False
154043,Maitland-Niles,Everton,DEF,87,1,0,0,,,,,,,,,,,,,,1.2898,1.495,1.36,1.4233,,,,,,,,,,,,,,,,,,,,,,45,a,0,1,1,5,1,Ipswich Town,H,2,1.3243,0.9723,2.438,0.8275,0.4714,0.0,-0.0993,-0.0248,0.1199,0.0693,0.1386,1.0186,-0.0772,0.0036,0.8125,0.8275,0.4714,False
629068,Graham,Everton,MID,0,0,0,0,0.0,0.0,0.0,0.0,0.0,0.0,0.0,0.0,0.0,0.0,0.0,0.0,0.0,1.2898,1.495,1.36,1.4233,0.0,0.0,0.0,0.0,0.0,0.0,0.0,0.0,0.0,0.0,0.0,0.0,0.0,0.0,0.0,0.0,0.0,0.0,0.0,0.0,0.0,45,a,0,0,0,5,1,Ipswich Town,H,2,1.3243,0.9723,0.0,0.0,0.0,0.0,0.0,0.0,0.0,0.0,0.0,0.0,0.0,0.0,0.0,0.0,0.0,False
80201,Leno,Fulham,GK,360,4,0,0,478.7,3420.0,0.0,0.0016,1.3599,0.0,0.2979,540.0,0.0,0.0033,1.3533,0.0,0.6667,1.375,1.3599,1.1867,1.3533,0.0,0.0084,7.233,0.0,1.5843,90.8353,0.0,0.02,52.73,0.0,8.0,556.0,17.0779,0.0,0.02,8.12,0.0,4.0,135.0,540.0,22.5,45,a,0,4,4,5,1,Man Utd,H,4,0.9497,1.469,3.7724,1.0,0.995,1.0241,-0.12,-0.03,0.3745,0.0047,0.0,1.0696,-0.5074,0.0,1.0,1.0,0.995,False
86873,Lecomte,Fulham,GK,0,0,0,0,0.0,0.0,0.0,0.0,0.0,0.0,0.0,0.0,0.0,0.0,0.0,0.0,0.0,1.375,1.3599,1.1867,1.3533,0.0,0.0,0.0,0.0,0.0,0.0,0.0,0.0,0.0,0.0,0.0,0.0,0.0,0.0,0.0,0.0,0.0,0.0,0.0,0.0,0.0,40,a,0,0,0,5,1,Man Utd,H,4,0.9497,1.469,0.0,0.0,0.0,0.0,0.0,0.0,0.0,0.0,0.0,0.0,0.0,0.0,0.0,0.0,0.0,False
505079,McNally,Fulham,GK,0,0,0,0,0.0,0.0,0.0,0.0,0.0,0.0,0.0,0.0,0.0,0.0,0.0,0.0,0.0,1.375,1.3599,1.1867,1.3533,0.0,0.0,0.0,0.0,0.0,0.0,0.0,0.0,0.0,0.0,0.0,0.0,0.0,0.0,0.0,0.0,0.0,0.0,0.0,0.0,0.0,40,u,0,0,0,5,1,Man Utd,H,4,0.9497,1.469,0.0,0.0,0.0,0.0,0.0,0.0,0.0,0.0,0.0,0.0,0.0,0.0,0.0,0.0,0.0,False
174874,Andersen,Fulham,DEF,180,2,0,0,343.3,2882.0,0.0416,0.0414,1.4957,9.7533,0.3257,321.0,0.0308,0.0112,1.5981,10.0935,0.8411,1.375,1.3599,1.1867,1.3533,0.1588,0.158,5.7052,37.2033,1.2422,48.2363,1.43,1.83,44.88,329.0,8.0,424.0,12.6457,0.11,0.04,5.7,36.0,3.0,55.0,321.0,15.4206,50,a,0,2,2,5,1,Man Utd,H,4,0.9497,1.469,2.5683,0.908,0.8841,0.0,-0.109,-0.0272,0.1032,0.1028,0.2189,0.9504,-0.457,0.606,0.9,0.908,0.8841,False
169528,Robinson,Fulham,DEF,339,4,0,0,297.1,1487.0,0.1125,0.0742,1.4405,8.4388,0.4878,378.0,0.2024,0.0595,1.6143,7.8571,0.7143,1.375,1.3599,1.1867,1.3533,0.3715,0.245,4.7552,27.8573,1.6102,60.1058,1.07,1.58,24.12,136.0,7.0,280.0,18.2077,0.8500000000000001,0.25,6.779999999999999,33.0,3.0,89.0,378.0,21.1905,45,a,0,4,4,5,1,Man Utd,H,4,0.9497,1.469,3.4131,1.0,0.9823,0.0,-0.12,-0.03,0.2488,0.1875,0.6019,1.0559,-0.5074,0.4417,1.0,1.0,0.9823,False
246301,J.Cuenca,Fulham,DEF,90,1,0,0,88.7,935.0,0.0063,0.0694,1.5329,12.3986,0.0823,4.0,0.0,0.0,2.475,67.5,0.0,1.375,1.3599,1.1867,1.3533,0.0062,0.0684,1.5108,12.2195,0.0811,13.8534,0.05,0.53,14.7,117.0,1.0,155.0,14.0564,0.0,0.0,0.11,3.0,0.0,0.0,4.0,0.0,45,a,0,1,1,5,1,Man Utd,H,4,0.9497,1.469,1.8903,0.8275,0.447,0.0,-0.0993,-0.0248,0.0518,0.0729,0.0503,0.7215,-0.1506,0.1211,0.8125,0.8275,0.447,False
167074,Tete,Fulham,DEF,27,0,1,0,148.1,1791.0,0.0704,0.0856,1.2498,8.1486,0.1994,0.0,0.0,0.0,0.0,0.0,0.0,1.375,1.3599,1.1867,1.3533,0.1159,0.1408,2.0566,13.409,0.3281,25.5711,0.92,1.46,25.79,165.0,5.0,318.0,15.5395,0.0,0.0,0.0,0.0,0.0,0.0,0.0,0.0,44,a,1,0,1,5,1,Man Utd,H,4,0.9497,1.469,1.7528,0.5975,0.5023,0.0,-0.0717,-0.0179,0.0278,0.1057,0.1791,0.6595,-0.2234,0.0991,0.5625,0.5975,0.5023,False
232892,Bassey,Fulham,DEF,360,4,0,0,389.2,2532.0,0.0526,0.0133,1.3132,6.5553,0.2092,540.0,0.0117,0.0133,1.3533,5.1667,0.0,1.375,1.3599,1.1867,1.3533,0.2273,0.0574,5.6787,28.3482,0.9046,72.6433,1.71,0.35,38.01,205.0,9.0,392.0,16.7983,0.07,0.08,8.12,31.0,0.0,118.0,540.0,19.6667,45,a,0,4,4,5,1,Man Utd,H,4,0.9497,1.469,2.8541,1.0,0.9823,0.0,-0.12,-0.03,0.1608,0.0576,0.2608,1.0559,-0.5074,0.1932,1.0,1.0,0.9823,False
166477,Castagne,Fulham,DEF,318,4,0,0,335.4,1838.0,0.0623,0.1031,1.4358,6.4864,0.3258,532.0,0.0491,0.115,1.3669,5.2444,0.5075,1.375,1.3599,1.1867,1.3533,0.232,0.3843,5.3507,24.1725,1.2143,68.9583,1.5,1.47,32.660000000000004,146.0,3.0,294.0,18.504,0.29,0.68,8.08,31.0,3.0,127.0,532.0,21.485,45,a,0,4,4,5,1,Man Utd,H,4,0.9497,1.469,3.1681,1.0,0.9823,0.0,-0.12,-0.03,0.2034,0.2624,0.3274,1.0559,-0.5074,0.2003,1.0,1.0,0.9823,False
153133,Iwobi,Fulham,MID,338,4,0,0,303.7,2420.0,0.1112,0.1929,1.1659,7.5451,0.452,198.0,0.2409,0.1591,0.6,9.0909,0.0,1.375,1.3599,1.1867,1.3533,0.3753,0.6508,3.9344,25.4605,1.5253,65.0779,1.91,4.7,35.7,188.0,13.0,508.0,19.2855,0.53,0.35,1.32,20.0,0.0,38.0,198.0,17.2727,54,a,0,4,4,5,1,Man Utd,H,4,0.9497,1.469,2.2232,1.0,0.55,0.0,-0.12,-0.03,0.1062,0.2851,0.3388,0.2219,0.0,0.0172,1.0,1.0,0.55,False
209289,Smith Rowe,Fulham,MID,38,0,1,0,311.4,1909.0,0.1597,0.0404,1.3673,7.0096,0.0197,412.0,0.0633,0.0218,1.2299,6.9903,0.0,1.375,1.3599,1.1867,1.3533,0.5524,0.1397,4.7308,24.2531,0.0682,49.8464,4.71,1.12,31.27,148.0,1.0,351.0,14.4065,0.29,0.1,5.63,32.0,0.0,66.0,412.0,14.4175,54,a,1,0,1,5,1,Man Utd,H,4,0.9497,1.469,1.8466,0.8212,0.544,0.0,-0.0985,-0.0246,0.0377,0.1075,0.4098,0.1786,0.0,0.0324,0.675,0.8212,0.544,False
560552,Kevin,Fulham,MID,42,0,1,0,126.4,1030.0,0.0975,0.0978,1.2006,7.4382,0.0,132.0,0.0614,0.0477,1.0636,7.5,0.0,1.375,1.3599,1.1867,1.3533,0.137,0.1373,1.6862,10.4465,0.0,23.1792,1.21,1.4700000000000002,14.57,86.0,0.0,183.0,16.5042,0.09,0.07,1.56,11.0,0.0,25.0,132.0,17.0455,53,a,1,0,1,5,1,Man Utd,H,4,0.9497,1.469,1.5997,0.7594,0.4537,0.0,-0.0911,-0.0228,0.0389,0.1651,0.2765,0.1489,0.0,0.026,0.5625,0.7594,0.4537,False
477555,Bobb,Fulham,MID,273,4,0,0,178.6,1030.0,0.1572,0.1771,1.1266,6.872,0.0,226.0,0.1314,0.215,1.2027,7.1681,0.0,1.375,1.3599,1.1867,1.3533,0.3119,0.3515,2.2357,13.6372,0.0,31.1491,1.4700000000000002,2.1,12.71,76.0,0.0,182.0,15.6966,0.33,0.54,3.02,18.0,0.0,43.0,226.0,17.1239,55,a,0,4,4,5,1,Man Utd,H,4,0.9497,1.469,2.3165,1.0,0.55,0.0,-0.12,-0.03,0.0631,0.3051,0.4553,0.2219,0.0,0.006,1.0,1.0,0.55,False
207189,Berge,Fulham,MID,273,3,0,0,347.4,2904.0,0.0553,0.0521,1.1882,8.5528,0.0817,225.0,0.088,0.072,0.632,6.8,0.0,1.375,1.3599,1.1867,1.3533,0.2133,0.2012,4.5863,33.0139,0.3153,58.8967,1.54,1.5,43.09,280.0,3.0,503.0,15.2582,0.22,0.18,1.58,17.0,0.0,27.0,225.0,10.8,49,a,0,3,3,5,1,Man Utd,H,4,0.9497,1.469,2.1324,0.945,0.7246,0.0,-0.1134,-0.0284,0.0779,0.1513,0.2664,0.2378,0.0,0.1102,0.9,0.945,0.7246,False
76357,Cairney,Fulham,MID,0,0,0,0,127.0,756.0,0.1349,0.1391,1.1282,7.7815,0.0626,211.0,0.1109,0.1919,0.7038,7.2512,0.0,1.375,1.3599,1.1867,1.3533,0.1903,0.1963,1.592,10.9805,0.0884,36.2299,1.21,0.8099999999999999,11.67,61.0,1.0,181.0,25.6747,0.26,0.45,1.65,17.0,0.0,62.0,211.0,26.4455,50,i,0,0,0,5,1,Man Utd,H,4,0.9497,1.469,0.0,0.0,0.0,0.0,0.0,0.0,0.0,0.0,0.0,0.0,0.0,0.0,0.0,0.0,0.0,False
577725,King,Fulham,MID,346,4,0,0,143.5,1290.0,0.2264,0.0554,1.4041,8.1279,0.4704,118.0,0.1144,0.0992,1.9907,8.3898,0.0,1.375,1.3599,1.1867,1.3533,0.361,0.0883,2.2387,12.9595,0.75,34.4593,2.47,0.66,18.97,107.0,3.0,225.0,21.6121,0.15,0.13,2.6100000000000003,11.0,0.0,33.0,118.0,25.1695,55,a,0,4,4,5,1,Man Utd,H,4,0.9497,1.469,2.2152,1.0,0.55,0.0,-0.12,-0.03,0.1298,0.1217,0.4707,0.2219,0.0,0.016,1.0,1.0,0.55,False
184349,Sessegnon,Fulham,DEF,50,0,1,0,182.0,1816.0,0.1104,0.08,1.2161,11.239,0.572,160.0,0.2475,0.0281,0.7537,9.5625,1.6875,1.375,1.3599,1.1867,1.3533,0.2233,0.1618,2.4593,22.7277,1.1567,36.5722,1.6,1.8,26.33,218.0,8.0,332.0,18.0852,0.44,0.05,1.34,17.0,3.0,46.0,160.0,25.875,44,d,1,0,1,5,1,Man Utd,H,4,0.9497,1.469,2.2382,0.701,0.6027,0.0,-0.0841,-0.021,0.0656,0.1124,0.3436,0.7913,-0.2673,0.2933,0.675,0.701,0.6027,False
153366,Reed,Fulham,MID,0,0,0,0,25.8,89.0,0.0921,0.2895,3.8281,5.6669,0.6726,63.0,0.0,0.1286,4.1714,5.7143,0.0,1.375,1.3599,1.1867,1.3533,0.0264,0.083,1.0974,1.6245,0.1928,7.08,0.13,0.4499999999999999,3.43,6.0,2.0,48.0,24.6977,0.0,0.09,2.92,4.0,0.0,7.0,63.0,10.0,44,a,0,0,0,5,1,Man Utd,H,4,0.9497,1.469,0.4295,0.4622,0.0144,0.0,-0.0555,-0.0139,0.0151,0.0548,0.0757,0.0056,0.0,0.0,0.0221,0.4622,0.0144,False
244042,Muniz,Fulham,FWD,28,0,1,0,206.4,987.0,0.3298,0.0173,1.0505,4.1562,0.0243,334.0,0.3045,0.0081,0.8165,3.2335,0.0,1.375,1.3599,1.1867,1.3533,0.7563,0.0396,2.4091,9.5316,0.0557,14.5584,3.3,0.15,13.83,52.0,3.0,94.0,6.3481,1.13,0.03,3.03,12.0,0.0,22.0,334.0,5.9281,54,a,1,0,1,5,1,Man Utd,H,4,0.9497,1.469,1.8743,0.7594,0.4537,0.0,-0.0911,-0.0228,0.0396,0.0937,0.6515,0.0,0.0,0.0004,0.5625,0.7594,0.4537,False
631786,Kusi-Asare,Fulham,FWD,0,0,0,0,9.0,49.0,0.0,0.05,2.031,12.413,0.0,19.0,0.0,0.0,1.6579,14.2105,0.0,1.375,1.3599,1.1867,1.3533,0.0,0.005,0.2031,1.2413,0.0,3.7606,0.0,0.07,1.1,5.0,0.0,19.0,37.606,0.0,0.0,0.35,3.0,0.0,8.0,19.0,37.8947,45,a,0,0,0,5,1,Man Utd,H,4,0.9497,1.469,0.5727,0.4537,0.0059,0.0,-0.0544,-0.0136,0.0251,0.0413,0.1244,0.0,0.0,0.0,0.0067,0.4537,0.0059,False
551466,Gonzalo,Fulham,FWD,346,4,0,0,,,,,,,,,,,,,,1.375,1.3599,1.1867,1.3533,,,,,,,,,,,,,,,,,,,,,,60,a,0,4,4,5,1,Man Utd,H,4,0.9497,1.469,2.0036,1.0,0.55,0.0,-0.12,-0.03,0.0941,0.1263,0.3929,0.0,0.0,0.0,1.0,1.0,0.55,False
571779,Palacios,Fulham,MID,207,3,0,0,,,,,,,,,,,,,,1.375,1.3599,1.1867,1.3533,,,,,,,,,,,,,,,,,,,,,,54,a,0,3,3,5,1,Man Utd,H,4,0.9497,1.469,1.8005,0.9313,0.4815,0.0,-0.1118,-0.0279,0.0993,0.136,0.2267,0.1943,0.0,0.0,0.875,0.9313,0.4815,False
463210,Charles,Fulham,MID,213,2,0,0,,,,,,,,,,,,,,1.375,1.3599,1.1867,1.3533,,,,,,,,,,,,,,,,,,,,,,50,a,0,2,2,5,1,Man Utd,H,4,0.9497,1.469,1.7531,0.9175,0.4678,0.0,-0.1101,-0.0275,0.0939,0.1319,0.2198,0.1888,0.0,0.0,0.85,0.9175,0.4678,False
547686,De Fougerolles,Fulham,DEF,0,0,0,0,,,,,,,,,,,,,,1.375,1.3599,1.1867,1.3533,,,,,,,,,,,,,,,,,,,,,,40,u,0,0,0,5,1,Man Utd,H,4,0.9497,1.469,0.0,0.0,0.0,0.0,0.0,0.0,0.0,0.0,0.0,0.0,0.0,0.0,0.0,0.0,0.0,False
616069,Zepa,Fulham,MID,0,0,0,0,,,,,,,,,,,,,,1.375,1.3599,1.1867,1.3533,,,,,,,,,,,,,,,,,,,,,,45,a,0,0,0,5,1,Man Utd,H,4,0.9497,1.469,0.0,0.0,0.0,0.0,0.0,0.0,0.0,0.0,0.0,0.0,0.0,0.0,0.0,0.0,0.0,False
551050,Larsson,Fulham,MID,24,0,1,0,,,,,,,,,,,,,,1.375,1.3599,1.1867,1.3533,,,,,,,,,,,,,,,,,,,,,,50,a,1,0,1,5,1,Man Utd,H,4,0.9497,1.469,1.739,0.7594,0.4537,0.0,-0.0911,-0.0228,0.0625,0.209,0.3483,0.1489,0.0,0.0012,0.5625,0.7594,0.4537,False
500033,Ángel,Fulham,MID,0,0,0,0,,,,,,,,,,,,,,1.375,1.3599,1.1867,1.3533,,,,,,,,,,,,,,,,,,,,,,50,a,0,0,0,5,1,Man Utd,H,4,0.9497,1.469,0.0,0.0,0.0,0.0,0.0,0.0,0.0,0.0,0.0,0.0,0.0,0.0,0.0,0.0,0.0,False
442299,Affengruber,Fulham,DEF,90,1,0,0,,,,,,,,,,,,,,1.375,1.3599,1.1867,1.3533,,,,,,,,,,,,,,,,,,,,,,45,a,0,1,1,5,1,Man Utd,H,4,0.9497,1.469,1.9267,0.8275,0.447,0.0,-0.0993,-0.0248,0.0631,0.0494,0.0989,0.7215,-0.1506,0.0114,0.8125,0.8275,0.447,False
490094,Iroegbunam,Hull City,MID,25,0,1,0,239.3,1477.0,0.0303,0.0344,1.5191,11.0747,0.0395,360.0,0.0325,0.025,1.475,10.25,0.0,,,,,0.0805,0.0914,4.039,29.4464,0.1051,30.1904,0.54,0.7100000000000001,24.64,189.0,1.0,225.0,11.3545,0.13,0.1,5.9,41.0,0.0,30.0,360.0,7.5,50,a,1,0,1,5,1,Newcastle,A,3,0.963,2.0116,1.3273,0.7594,0.4595,0.0,-0.0911,-0.0228,0.0431,0.0775,0.1258,0.1048,0.0,0.1382,0.5625,0.7594,0.4595,True
167825,Phillips,Hull City,GK,0,0,0,0,,,,,,,,,,,,,,,,,,,,,,,,,,,,,,,,,,,,,,,40,a,0,0,0,5,1,Newcastle,A,3,0.963,2.0116,0.0,0.0,0.0,0.0,0.0,0.0,0.0,0.0,0.0,0.0,0.0,0.0,0.0,0.0,0.0,True
105666,Butland,Hull City,GK,0,0,0,0,,,,,,,,,,,,,,,,,,,,,,,,,,,,,,,,,,,,,,,45,i,0,0,0,5,1,Newcastle,A,3,0.963,2.0116,0.0,0.0,0.0,0.0,0.0,0.0,0.0,0.0,0.0,0.0,0.0,0.0,0.0,0.0,0.0,True
494950,Cartwright,Hull City,GK,0,0,0,0,,,,,,,,,,,,,,,,,,,,,,,,,,,,,,,,,,,,,,,40,u,0,0,0,5,1,Newcastle,A,3,0.963,2.0116,0.0,0.0,0.0,0.0,0.0,0.0,0.0,0.0,0.0,0.0,0.0,0.0,0.0,0.0,0.0,True
444307,Lo-Tutala,Hull City,GK,0,0,0,0,,,,,,,,,,,,,,,,,,,,,,,,,,,,,,,,,,,,,,,40,u,0,0,0,5,1,Newcastle,A,3,0.963,2.0116,0.0,0.0,0.0,0.0,0.0,0.0,0.0,0.0,0.0,0.0,0.0,0.0,0.0,0.0,0.0,True
108416,Egan,Hull City,DEF,360,4,0,0,,,,,,,,,,,,,,,,,,,,,,,,,,,,,,,,,,,,,,,41,a,0,4,4,5,1,Newcastle,A,3,0.963,2.0116,2.0153,1.0,0.5554,0.0,-0.12,-0.03,0.1502,0.0336,0.0672,0.6619,-0.297,0.0012,1.0,1.0,0.5554,True
501902,Hughes,Hull City,DEF,0,0,0,0,,,,,,,,,,,,,,,,,,,,,,,,,,,,,,,,,,,,,,,39,i,0,0,0,5,1,Newcastle,A,3,0.963,2.0116,0.0,0.0,0.0,0.0,0.0,0.0,0.0,0.0,0.0,0.0,0.0,0.0,0.0,0.0,0.0,True
146426,Ajayi,Hull City,DEF,333,4,0,0,,,,,,,,,,,,,,,,,,,,,,,,,,,,,,,,,,,,,,,42,a,0,4,4,5,1,Newcastle,A,3,0.963,2.0116,2.0188,1.0,0.5554,0.0,-0.12,-0.03,0.1505,0.0347,0.0694,0.6619,-0.297,0.0015,1.0,1.0,0.5554,True
193278,Coyle,Hull City,DEF,258,4,0,0,,,,,,,,,,,,,,,,,,,,,,,,,,,,,,,,,,,,,,,40,a,0,4,4,5,1,Newcastle,A,3,0.963,2.0116,2.0299,1.0,0.5554,0.0,-0.12,-0.03,0.1513,0.0381,0.0762,0.6619,-0.297,0.0029,1.0,1.0,0.5554,True
433590,Drameh,Hull City,DEF,65,0,1,0,,,,,,,,,,,,,,,,,,,,,,,,,,,,,,,,,,,,,,,40,u,1,0,1,5,1,Newcastle,A,3,0.963,2.0116,0.0,0.0,0.0,0.0,0.0,0.0,0.0,0.0,0.0,0.0,0.0,0.0,0.0,0.0,0.0,True
232351,Giles,Hull City,DEF,354,4,0,0,,,,,,,,,,,,,,,,,,,,,,,,,,,,,,,,,,,,,,,40,a,0,4,4,5,1,Newcastle,A,3,0.963,2.0116,2.0161,1.0,0.5554,0.0,-0.12,-0.03,0.1503,0.0338,0.0677,0.6619,-0.297,0.0013,1.0,1.0,0.5554,True
449428,Jacob,Hull City,DEF,0,0,0,0,,,,,,,,,,,,,,,,,,,,,,,,,,,,,,,,,,,,,,,40,u,0,0,0,5,1,Newcastle,A,3,0.963,2.0116,0.0,0.0,0.0,0.0,0.0,0.0,0.0,0.0,0.0,0.0,0.0,0.0,0.0,0.0,0.0,True
661800,McCarthy,Hull City,DEF,0,0,0,0,,,,,,,,,,,,,,,,,,,,,,,,,,,,,,,,,,,,,,,40,a,0,0,0,5,1,Newcastle,A,3,0.963,2.0116,0.0,0.0,0.0,0.0,0.0,0.0,0.0,0.0,0.0,0.0,0.0,0.0,0.0,0.0,0.0,True
160817,McNair,Hull City,DEF,26,0,1,0,,,,,,,,,,,,,,,,,,,,,,,,,,,,,,,,,,,,,,,40,a,1,0,1,5,1,Newcastle,A,3,0.963,2.0116,1.3232,0.5975,0.5055,0.0,-0.0717,-0.0179,0.0412,0.0523,0.1047,0.4611,-0.3435,0.0752,0.5625,0.5975,0.5055,True
540324,Belloumi,Hull City,MID,312,4,0,0,,,,,,,,,,,,,,,,,,,,,,,,,,,,,,,,,,,,,,,50,a,0,4,4,5,1,Newcastle,A,3,0.963,2.0116,1.9138,1.0,0.55,0.0,-0.12,-0.03,0.1942,0.1067,0.1779,0.1639,0.0,0.0,1.0,1.0,0.55,True
232905,Millar,Hull City,MID,50,0,1,0,,,,,,,,,,,,,,,,,,,,,,,,,,,,,,,,,,,,,,,50,u,1,0,1,5,1,Newcastle,A,3,0.963,2.0116,0.0,0.0,0.0,0.0,0.0,0.0,0.0,0.0,0.0,0.0,0.0,0.0,0.0,0.0,0.0,True
171270,Dowell,Hull City,MID,0,0,0,0,,,,,,,,,,,,,,,,,,,,,,,,,,,,,,,,,,,,,,,45,a,0,0,0,5,1,Newcastle,A,3,0.963,2.0116,0.0,0.0,0.0,0.0,0.0,0.0,0.0,0.0,0.0,0.0,0.0,0.0,0.0,0.0,0.0,True
101282,Crooks,Hull City,MID,158,2,0,0,,,,,,,,,,,,,,,,,,,,,,,,,,,,,,,,,,,,,,,45,a,0,2,2,5,1,Newcastle,A,3,0.963,2.0116,1.7139,0.9175,0.4678,0.0,-0.1101,-0.0275,0.1467,0.1159,0.1932,0.1394,0.0,0.0,0.85,0.9175,0.4678,True
243413,Slater,Hull City,MID,360,4,0,0,,,,,,,,,,,,,,,,,,,,,,,,,,,,,,,,,,,,,,,45,a,0,4,4,5,1,Newcastle,A,3,0.963,2.0116,1.8962,1.0,0.55,0.0,-0.12,-0.03,0.1925,0.1008,0.168,0.1639,0.0,0.0,1.0,1.0,0.55,True
465525,Matazo,Hull City,MID,0,0,0,0,,,,,,,,,,,,,,,,,,,,,,,,,,,,,,,,,,,,,,,45,i,0,0,0,5,1,Newcastle,A,3,0.963,2.0116,0.0,0.0,0.0,0.0,0.0,0.0,0.0,0.0,0.0,0.0,0.0,0.0,0.0,0.0,0.0,True
208481,Ömür,Hull City,MID,0,0,0,0,,,,,,,,,,,,,,,,,,,,,,,,,,,,,,,,,,,,,,,49,a,0,0,0,5,1,Newcastle,A,3,0.963,2.0116,0.0,0.0,0.0,0.0,0.0,0.0,0.0,0.0,0.0,0.0,0.0,0.0,0.0,0.0,0.0,True
490161,Kamara,Hull City,MID,0,0,0,0,,,,,,,,,,,,,,,,,,,,,,,,,,,,,,,,,,,,,,,50,u,0,0,0,5,1,Newcastle,A,3,0.963,2.0116,0.0,0.0,0.0,0.0,0.0,0.0,0.0,0.0,0.0,0.0,0.0,0.0,0.0,0.0,0.0,True
553783,Zambrano,Hull City,MID,0,0,0,0,,,,,,,,,,,,,,,,,,,,,,,,,,,,,,,,,,,,,,,45,a,0,0,0,5,1,Newcastle,A,3,0.963,2.0116,0.0,0.0,0.0,0.0,0.0,0.0,0.0,0.0,0.0,0.0,0.0,0.0,0.0,0.0,0.0,True
169432,McBurnie,Hull City,FWD,351,4,0,0,,,,,,,,,,,,,,,,,,,,,,,,,,,,,,,,,,,,,,,55,a,0,4,4,5,1,Newcastle,A,3,0.963,2.0116,1.9471,1.0,0.55,0.0,-0.12,-0.03,0.1381,0.1018,0.3169,0.0,0.0,0.0,1.0,1.0,0.55,True
213292,Akintola,Hull City,MID,0,0,0,0,,,,,,,,,,,,,,,,,,,,,,,,,,,,,,,,,,,,,,,50,u,0,0,0,5,1,Newcastle,A,3,0.963,2.0116,0.0,0.0,0.0,0.0,0.0,0.0,0.0,0.0,0.0,0.0,0.0,0.0,0.0,0.0,0.0,True
470294,Gyabi,Hull City,MID,0,0,0,0,0.0,0.0,0.0,0.0,0.0,0.0,0.0,0.0,0.0,0.0,0.0,0.0,0.0,,,,,0.0,0.0,0.0,0.0,0.0,0.0,0.0,0.0,0.0,0.0,0.0,0.0,0.0,0.0,0.0,0.0,0.0,0.0,0.0,0.0,0.0,45,i,0,0,0,5,1,Newcastle,A,3,0.963,2.0116,0.0,0.0,0.0,0.0,0.0,0.0,0.0,0.0,0.0,0.0,0.0,0.0,0.0,0.0,0.0,True
500957,Destan,Hull City,FWD,0,0,0,0,,,,,,,,,,,,,,,,,,,,,,,,,,,,,,,,,,,,,,,45,u,0,0,0,5,1,Newcastle,A,3,0.963,2.0116,0.0,0.0,0.0,0.0,0.0,0.0,0.0,0.0,0.0,0.0,0.0,0.0,0.0,0.0,0.0,True
534392,Burstow,Hull City,FWD,0,0,0,0,,,,,,,,,,,,,,,,,,,,,,,,,,,,,,,,,,,,,,,45,u,0,0,0,5,1,Newcastle,A,3,0.963,2.0116,0.0,0.0,0.0,0.0,0.0,0.0,0.0,0.0,0.0,0.0,0.0,0.0,0.0,0.0,0.0,True
462635,Gelhardt,Hull City,MID,0,0,0,0,0.0,0.0,0.0,0.0,0.0,0.0,0.0,0.0,0.0,0.0,0.0,0.0,0.0,,,,,0.0,0.0,0.0,0.0,0.0,0.0,0.0,0.0,0.0,0.0,0.0,0.0,0.0,0.0,0.0,0.0,0.0,0.0,0.0,0.0,0.0,50,a,0,0,0,5,1,Newcastle,A,3,0.963,2.0116,0.0,0.0,0.0,0.0,0.0,0.0,0.0,0.0,0.0,0.0,0.0,0.0,0.0,0.0,0.0,True
169359,Targett,Hull City,DEF,5,0,1,0,0.0,0.0,0.0,0.0,0.0,0.0,0.0,0.0,0.0,0.0,0.0,0.0,0.0,,,,,0.0,0.0,0.0,0.0,0.0,0.0,0.0,0.0,0.0,0.0,0.0,0.0,0.0,0.0,0.0,0.0,0.0,0.0,0.0,0.0,0.0,40,a,1,0,1,5,1,Newcastle,A,3,0.963,2.0116,1.3304,0.5975,0.5055,0.0,-0.0717,-0.0179,0.0419,0.0545,0.109,0.4611,-0.3435,0.09,0.5625,0.5975,0.5055,True
445028,Morita,Hull City,MID,45,1,0,0,,,,,,,,,,,,,,,,,,,,,,,,,,,,,,,,,,,,,,,50,i,0,1,1,5,1,Newcastle,A,3,0.963,2.0116,0.0,0.0,0.0,0.0,0.0,0.0,0.0,0.0,0.0,0.0,0.0,0.0,0.0,0.0,0.0,True
473284,Tzolakis,Hull City,GK,360,4,0,0,,,,,,,,,,,,,,,,,,,,,,,,,,,,,,,,,,,,,,,46,a,0,4,4,5,1,Newcastle,A,3,0.963,2.0116,4.1922,1.0,0.995,1.1043,-0.12,-0.03,0.3923,0.0,0.0,1.1858,-0.297,0.0,1.0,1.0,0.995,True
552946,Hjertø-Dahl,Hull City,MID,8,0,1,0,,,,,,,,,,,,,,,,,,,,,,,,,,,,,,,,,,,,,,,49,a,1,0,1,5,1,Newcastle,A,3,0.963,2.0116,1.6428,0.7594,0.4595,0.0,-0.0911,-0.0228,0.0956,0.1749,0.2915,0.1048,0.0,0.0015,0.5625,0.7594,0.4595,True
608227,Stroud,Hull City,MID,249,4,0,0,,,,,,,,,,,,,,,,,,,,,,,,,,,,,,,,,,,,,,,50,a,0,4,4,5,1,Newcastle,A,3,0.963,2.0116,1.9403,1.0,0.55,0.0,-0.12,-0.03,0.1968,0.1157,0.1929,0.1639,0.0,0.0,1.0,1.0,0.55,True
597462,Herrington,Hull City,DEF,107,0,1,0,,,,,,,,,,,,,,,,,,,,,,,,,,,,,,,,,,,,,,,40,a,1,0,1,5,1,Newcastle,A,3,0.963,2.0116,1.3004,0.5975,0.5055,0.0,-0.0717,-0.0179,0.0394,0.0454,0.0907,0.4611,-0.3435,0.0378,0.5625,0.5975,0.5055,True
606930,Mendy,Hull City,DEF,249,4,0,0,,,,,,,,,,,,,,,,,,,,,,,,,,,,,,,,,,,,,,,41,d,0,4,4,5,1,Newcastle,A,3,0.963,2.0116,2.0314,1.0,0.5554,0.0,-0.12,-0.03,0.1514,0.0386,0.0771,0.6619,-0.297,0.0032,1.0,1.0,0.5554,True
469266,Gourna-Douath,Hull City,MID,126,1,0,0,,,,,,,,,,,,,,,,,,,,,,,,,,,,,,,,,,,,,,,50,a,0,1,1,5,1,Newcastle,A,3,0.963,2.0116,1.6644,0.8969,0.4473,0.0,-0.1076,-0.0269,0.1365,0.1177,0.1961,0.1333,0.0,0.0001,0.8125,0.8969,0.4473,True
490884,Cho,Hull City,MID,45,0,1,0,,,,,,,,,,,,,,,,,,,,,,,,,,,,,,,,,,,,,,,50,a,1,0,1,5,1,Newcastle,A,3,0.963,2.0116,1.6094,0.7594,0.4595,0.0,-0.0911,-0.0228,0.0939,0.163,0.2717,0.1048,0.0,0.0009,0.5625,0.7594,0.4595,True
626751,Ansah,Hull City,FWD,0,0,0,0,,,,,,,,,,,,,,,,,,,,,,,,,,,,,,,,,,,,,,,50,i,0,0,0,5,1,Newcastle,A,3,0.963,2.0116,0.0,0.0,0.0,0.0,0.0,0.0,0.0,0.0,0.0,0.0,0.0,0.0,0.0,0.0,0.0,True
631000,Vaz,Hull City,FWD,8,0,1,0,,,,,,,,,,,,,,,,,,,,,,,,,,,,,,,,,,,,,,,50,a,1,0,1,5,1,Newcastle,A,3,0.963,2.0116,1.9048,0.7594,0.4595,0.0,-0.0911,-0.0228,0.0906,0.1749,0.5441,0.0,0.0,0.0,0.5625,0.7594,0.4595,True
496181,Norton-Cuffy,Hull City,DEF,34,0,1,0,,,,,,,,,,,,,,,,,,,,,,,,,,,,,,,,,,,,,,,40,a,1,0,1,5,1,Newcastle,A,3,0.963,2.0116,1.3206,0.5975,0.5055,0.0,-0.0717,-0.0179,0.041,0.0516,0.1031,0.4611,-0.3435,0.0702,0.5625,0.5975,0.5055,True
243951,Thomas,Hull City,MID,57,0,1,0,,,,,,,,,,,,,,,,,,,,,,,,,,,,,,,,,,,,,,,55,a,1,0,1,5,1,Newcastle,A,3,0.963,2.0116,1.5996,0.7594,0.4595,0.0,-0.0911,-0.0228,0.0934,0.1595,0.2658,0.1048,0.0,0.0008,0.5625,0.7594,0.4595,True
647839,Mouzakitis,Hull City,MID,0,0,0,0,,,,,,,,,,,,,,,,,,,,,,,,,,,,,,,,,,,,,,,50,a,0,0,0,5,1,Newcastle,A,3,0.963,2.0116,0.0,0.0,0.0,0.0,0.0,0.0,0.0,0.0,0.0,0.0,0.0,0.0,0.0,0.0,0.0,True
219924,Diop,Ipswich Town,DEF,360,4,0,0,157.0,812.0,0.2062,0.0046,1.0924,5.9363,0.7885,220.0,0.3191,0.0041,0.9286,5.3182,1.2273,,,,,0.3597,0.008,1.9056,10.3556,1.3755,30.3561,0.8,0.05,12.42,61.0,3.0,103.0,17.4016,0.78,0.01,2.27,13.0,3.0,54.0,220.0,22.0909,40,a,0,4,4,5,1,Everton,A,3,0.9344,1.7105,2.6715,1.0,0.6381,0.0,-0.12,-0.03,0.1599,0.0313,0.4144,0.8981,-0.3142,0.0105,1.0,1.0,0.6381,True
212314,Lukić,Ipswich Town,MID,328,4,0,0,241.7,1730.0,0.0847,0.0909,1.5017,9.6589,0.2172,450.0,0.082,0.094,1.562,9.2,0.2,,,,,0.2274,0.2442,4.0329,25.9395,0.5832,42.5582,2.23,1.91,27.64,183.0,4.0,314.0,15.8471,0.41,0.47,7.81,46.0,1.0,78.0,450.0,15.6,50,a,0,4,4,5,1,Everton,A,3,0.9344,1.7105,2.7252,1.0,0.9696,0.0,-0.12,-0.03,0.2054,0.2378,0.3761,0.2153,0.0,0.341,1.0,1.0,0.9696,True
108813,Walton,Ipswich Town,GK,0,0,0,0,,,,,,,,,,,,,,,,,,,,,,,,,,,,,,,,,,,,,,,44,a,0,0,0,5,1,Everton,A,3,0.9344,1.7105,0.0,0.0,0.0,0.0,0.0,0.0,0.0,0.0,0.0,0.0,0.0,0.0,0.0,0.0,0.0,True
112520,Palmer,Ipswich Town,GK,0,0,0,0,,,,,,,,,,,,,,,,,,,,,,,,,,,,,,,,,,,,,,,40,a,0,0,0,5,1,Everton,A,3,0.9344,1.7105,0.0,0.0,0.0,0.0,0.0,0.0,0.0,0.0,0.0,0.0,0.0,0.0,0.0,0.0,0.0,True
50093,Button,Ipswich Town,GK,0,0,0,0,,,,,,,,,,,,,,,,,,,,,,,,,,,,,,,,,,,,,,,40,a,0,0,0,5,1,Everton,A,3,0.9344,1.7105,0.0,0.0,0.0,0.0,0.0,0.0,0.0,0.0,0.0,0.0,0.0,0.0,0.0,0.0,0.0,True
183015,Kipré,Ipswich Town,DEF,0,0,0,0,,,,,,,,,,,,,,,,,,,,,,,,,,,,,,,,,,,,,,,39,a,0,0,0,5,1,Everton,A,3,0.9344,1.7105,0.0,0.0,0.0,0.0,0.0,0.0,0.0,0.0,0.0,0.0,0.0,0.0,0.0,0.0,0.0,True
216616,O'Shea,Ipswich Town,DEF,360,4,0,0,,,,,,,,,,,,,,,,,,,,,,,,,,,,,,,,,,,,,,,40,a,0,4,4,5,1,Everton,A,3,0.9344,1.7105,2.2032,1.0,0.5554,0.0,-0.12,-0.03,0.1574,0.0326,0.0652,0.7817,-0.2331,0.0008,1.0,1.0,0.5554,True
455084,Davis,Ipswich Town,DEF,360,4,0,0,,,,,,,,,,,,,,,,,,,,,,,,,,,,,,,,,,,,,,,40,a,0,4,4,5,1,Everton,A,3,0.9344,1.7105,2.2032,1.0,0.5554,0.0,-0.12,-0.03,0.1574,0.0326,0.0652,0.7817,-0.2331,0.0008,1.0,1.0,0.5554,True
449429,Greaves,Ipswich Town,DEF,357,4,0,0,,,,,,,,,,,,,,,,,,,,,,,,,,,,,,,,,,,,,,,40,a,0,4,4,5,1,Everton,A,3,0.9344,1.7105,2.2035,1.0,0.5554,0.0,-0.12,-0.03,0.1574,0.0327,0.0654,0.7817,-0.2331,0.0008,1.0,1.0,0.5554,True
222018,Johnson,Ipswich Town,DEF,0,0,0,0,,,,,,,,,,,,,,,,,,,,,,,,,,,,,,,,,,,,,,,40,u,0,0,0,5,1,Everton,A,3,0.9344,1.7105,0.0,0.0,0.0,0.0,0.0,0.0,0.0,0.0,0.0,0.0,0.0,0.0,0.0,0.0,0.0,True
176420,Furlong,Ipswich Town,DEF,17,0,1,0,,,,,,,,,,,,,,,,,,,,,,,,,,,,,,,,,,,,,,,40,a,1,0,1,5,1,Everton,A,3,0.9344,1.7105,1.4914,0.5975,0.5055,0.0,-0.0717,-0.0179,0.0423,0.0517,0.1034,0.5628,-0.2761,0.0604,0.5625,0.5975,0.5055,True
501390,Núñez,Ipswich Town,MID,140,2,0,0,,,,,,,,,,,,,,,,,,,,,,,,,,,,,,,,,,,,,,,49,a,0,2,2,5,1,Everton,A,3,0.9344,1.7105,1.7308,0.9175,0.4678,0.0,-0.1101,-0.0275,0.1391,0.1156,0.1927,0.1646,0.0,0.0,0.85,0.9175,0.4678,True
241117,Matusiwa,Ipswich Town,MID,0,0,0,0,,,,,,,,,,,,,,,,,,,,,,,,,,,,,,,,,,,,,,,49,a,0,0,0,5,1,Everton,A,3,0.9344,1.7105,0.0,0.0,0.0,0.0,0.0,0.0,0.0,0.0,0.0,0.0,0.0,0.0,0.0,0.0,0.0,True
149929,Burns,Ipswich Town,MID,0,0,0,0,,,,,,,,,,,,,,,,,,,,,,,,,,,,,,,,,,,,,,,50,u,0,0,0,5,1,Everton,A,3,0.9344,1.7105,0.0,0.0,0.0,0.0,0.0,0.0,0.0,0.0,0.0,0.0,0.0,0.0,0.0,0.0,0.0,True
231899,Taylor,Ipswich Town,MID,0,0,0,0,,,,,,,,,,,,,,,,,,,,,,,,,,,,,,,,,,,,,,,45,i,0,0,0,5,1,Everton,A,3,0.9344,1.7105,0.0,0.0,0.0,0.0,0.0,0.0,0.0,0.0,0.0,0.0,0.0,0.0,0.0,0.0,0.0,True
443261,Clarke,Ipswich Town,MID,105,1,0,0,,,,,,,,,,,,,,,,,,,,,,,,,,,,,,,,,,,,,,,54,a,0,1,1,5,1,Everton,A,3,0.9344,1.7105,1.6828,0.8969,0.4473,0.0,-0.1076,-0.0269,0.1296,0.1182,0.1969,0.1574,0.0,0.0,0.8125,0.8969,0.4473,True
229164,Ogbene,Ipswich Town,MID,0,0,0,0,,,,,,,,,,,,,,,,,,,,,,,,,,,,,,,,,,,,,,,49,u,0,0,0,5,1,Everton,A,3,0.9344,1.7105,0.0,0.0,0.0,0.0,0.0,0.0,0.0,0.0,0.0,0.0,0.0,0.0,0.0,0.0,0.0,True
531442,Fatawu,Ipswich Town,MID,286,4,0,0,,,,,,,,,,,,,,,,,,,,,,,,,,,,,,,,,,,,,,,55,a,0,4,4,5,1,Everton,A,3,0.9344,1.7105,1.9342,1.0,0.55,0.0,-0.12,-0.03,0.1843,0.107,0.1783,0.1935,0.0,0.0,1.0,1.0,0.55,True
543968,Emersonn,Ipswich Town,FWD,237,4,0,0,,,,,,,,,,,,,,,,,,,,,,,,,,,,,,,,,,,,,,,55,a,0,4,4,5,1,Everton,A,3,0.9344,1.7105,1.9962,1.0,0.55,0.0,-0.12,-0.03,0.1368,0.1141,0.355,0.0,0.0,0.0,1.0,1.0,0.55,True
222625,Hirst,Ipswich Town,FWD,0,0,0,0,,,,,,,,,,,,,,,,,,,,,,,,,,,,,,,,,,,,,,,50,u,0,0,0,5,1,Everton,A,3,0.9344,1.7105,0.0,0.0,0.0,0.0,0.0,0.0,0.0,0.0,0.0,0.0,0.0,0.0,0.0,0.0,0.0,True
481624,Philogene,Ipswich Town,MID,28,0,1,0,,,,,,,,,,,,,,,,,,,,,,,,,,,,,,,,,,,,,,,54,a,1,0,1,5,1,Everton,A,3,0.9344,1.7105,1.6283,0.7594,0.4595,0.0,-0.0911,-0.0228,0.089,0.1633,0.2721,0.1279,0.0,0.0007,0.5625,0.7594,0.4595,True
172453,Szmodics,Ipswich Town,MID,0,0,0,0,,,,,,,,,,,,,,,,,,,,,,,,,,,,,,,,,,,,,,,50,u,0,0,0,5,1,Everton,A,3,0.9344,1.7105,0.0,0.0,0.0,0.0,0.0,0.0,0.0,0.0,0.0,0.0,0.0,0.0,0.0,0.0,0.0,True
147675,Akpom,Ipswich Town,FWD,69,0,1,0,,,,,,,,,,,,,,,,,,,,,,,,,,,,,,,,,,,,,,,50,a,1,0,1,5,1,Everton,A,3,0.9344,1.7105,1.7971,0.7594,0.4595,0.0,-0.0911,-0.0228,0.079,0.1515,0.4713,0.0,0.0,0.0,0.5625,0.7594,0.4595,True
557012,Walle Egeli,Ipswich Town,FWD,10,0,1,0,,,,,,,,,,,,,,,,,,,,,,,,,,,,,,,,,,,,,,,45,a,1,0,1,5,1,Everton,A,3,0.9344,1.7105,1.8742,0.7594,0.4595,0.0,-0.0911,-0.0228,0.0841,0.169,0.5258,0.0,0.0,0.0,0.5625,0.7594,0.4595,True
462387,Al-Hamadi,Ipswich Town,FWD,0,0,0,0,,,,,,,,,,,,,,,,,,,,,,,,,,,,,,,,,,,,,,,50,u,0,0,0,5,1,Everton,A,3,0.9344,1.7105,0.0,0.0,0.0,0.0,0.0,0.0,0.0,0.0,0.0,0.0,0.0,0.0,0.0,0.0,0.0,True
461587,McAteer,Ipswich Town,MID,42,0,1,0,,,,,,,,,,,,,,,,,,,,,,,,,,,,,,,,,,,,,,,45,a,1,0,1,5,1,Everton,A,3,0.9344,1.7105,1.6166,0.7594,0.4595,0.0,-0.0911,-0.0228,0.0885,0.159,0.2651,0.1279,0.0,0.0006,0.5625,0.7594,0.4595,True
232457,Mehmeti,Ipswich Town,MID,0,0,0,0,,,,,,,,,,,,,,,,,,,,,,,,,,,,,,,,,,,,,,,49,a,0,0,0,5,1,Everton,A,3,0.9344,1.7105,0.0,0.0,0.0,0.0,0.0,0.0,0.0,0.0,0.0,0.0,0.0,0.0,0.0,0.0,0.0,True
546600,Van Oevelen,Ipswich Town,GK,0,0,0,0,,,,,,,,,,,,,,,,,,,,,,,,,,,,,,,,,,,,,,,45,u,0,0,0,5,1,Everton,A,3,0.9344,1.7105,0.0,0.0,0.0,0.0,0.0,0.0,0.0,0.0,0.0,0.0,0.0,0.0,0.0,0.0,0.0,True
442967,Maeda,Ipswich Town,MID,243,3,0,0,,,,,,,,,,,,,,,,,,,,,,,,,,,,,,,,,,,,,,,54,a,0,3,3,5,1,Everton,A,3,0.9344,1.7105,1.7286,0.9313,0.4815,0.0,-0.1118,-0.0279,0.1433,0.1019,0.1698,0.1694,0.0,0.0,0.875,0.9313,0.4815,True
240514,Scherpen,Ipswich Town,GK,360,4,0,0,0.0,0.0,0.0,0.0,0.0,0.0,0.0,0.0,0.0,0.0,0.0,0.0,0.0,,,,,0.0,0.0,0.0,0.0,0.0,0.0,0.0,0.0,0.0,0.0,0.0,0.0,0.0,0.0,0.0,0.0,0.0,0.0,0.0,0.0,0.0,45,a,0,4,4,5,1,Everton,A,3,0.9344,1.7105,4.3551,1.0,0.995,0.9938,-0.12,-0.03,0.3871,0.0,0.0,1.4005,-0.2331,0.0,1.0,1.0,0.995,True
216055,Florentino,Ipswich Town,MID,13,0,1,0,284.8,2100.0,0.0191,0.0236,1.871,13.6719,0.0,368.0,0.0147,0.0196,1.7535,14.6739,0.0,,,,,0.0604,0.0746,5.9208,43.264,0.0,47.3793,0.64,0.52,46.26,313.0,0.0,357.0,14.9724,0.06,0.08,7.17,60.0,0.0,65.0,368.0,15.8967,49,a,1,0,1,5,1,Everton,A,3,0.9344,1.7105,1.5347,0.8212,0.551,0.0,-0.0985,-0.0246,0.0903,0.0671,0.1038,0.1534,0.0,0.3196,0.675,0.8212,0.551,True
474120,Enciso,Ipswich Town,MID,340,4,0,0,0.0,0.0,0.0,0.0,0.0,0.0,0.0,0.0,0.0,0.0,0.0,0.0,0.0,,,,,0.0,0.0,0.0,0.0,0.0,0.0,0.0,0.0,0.0,0.0,0.0,0.0,0.0,0.0,0.0,0.0,0.0,0.0,0.0,0.0,0.0,55,a,0,4,4,5,1,Everton,A,3,0.9344,1.7105,1.9141,1.0,0.55,0.0,-0.12,-0.03,0.1825,0.1001,0.1669,0.1935,0.0,0.0,1.0,1.0,0.55,True
572584,Ouattara,Ipswich Town,DEF,41,0,1,0,,,,,,,,,,,,,,,,,,,,,,,,,,,,,,,,,,,,,,,40,a,1,0,1,5,1,Everton,A,3,0.9344,1.7105,1.4839,0.5975,0.5055,0.0,-0.0717,-0.0179,0.0417,0.0494,0.0988,0.5628,-0.2761,0.0486,0.5625,0.5975,0.5055,True
524180,Humphreys,Ipswich Town,MID,0,0,0,0,,,,,,,,,,,,,,,,,,,,,,,,,,,,,,,,,,,,,,,45,u,0,0,0,5,1,Everton,A,3,0.9344,1.7105,0.0,0.0,0.0,0.0,0.0,0.0,0.0,0.0,0.0,0.0,0.0,0.0,0.0,0.0,0.0,True
218543,Palacios,Ipswich Town,MID,195,2,0,0,,,,,,,,,,,,,,,,,,,,,,,,,,,,,,,,,,,,,,,50,a,0,2,2,5,1,Everton,A,3,0.9344,1.7105,1.7045,0.9175,0.4678,0.0,-0.1101,-0.0275,0.1372,0.1065,0.1775,0.1646,0.0,0.0,0.85,0.9175,0.4678,True
431639,Flemming,Ipswich Town,FWD,51,0,1,0,338.8,1764.0,0.3773,0.0216,1.8475,5.2221,0.6813,492.0,0.2799,0.0201,1.6957,5.3049,0.7317,,,,,1.4202,0.0813,6.9548,19.6584,2.5646,68.2144,7.939999999999999,0.41,37.06,99.0,11.0,371.0,18.1207,1.53,0.11,9.27,29.0,4.0,97.0,492.0,17.7439,55,a,1,0,1,5,1,Everton,A,3,0.9344,1.7105,1.7573,0.7594,0.4595,0.0,-0.0911,-0.0228,0.0537,0.0609,0.5473,0.0,0.0,0.0016,0.5625,0.7594,0.4595,True
153682,Wilson,Leeds,MID,145,1,0,0,348.0,2674.0,0.1951,0.1626,1.4832,5.7518,0.5705,333.0,0.1946,0.1054,1.6541,5.9459,0.0,1.4984,1.5737,1.726,1.792,0.7543,0.6288,5.7351,22.2402,2.2058,78.7388,5.88,4.7700000000000005,40.14,177.0,21.0,637.0,20.3635,0.72,0.39,6.12,22.0,0.0,48.0,333.0,12.973,63,a,0,1,1,5,1,Crystal Palace,H,3,1.123,1.6008,3.3988,0.945,0.8713,0.0,-0.1134,-0.0284,0.185,0.4805,0.9768,0.2108,0.0,0.0594,0.9,0.945,0.8713,False
201595,Perri,Leeds,GK,0,0,0,0,82.5,1440.0,0.0,0.0,1.6996,0.0,0.2893,0.0,0.0,0.0,0.0,0.0,0.0,1.4984,1.5737,1.726,1.792,0.0,0.0,1.558,0.0,0.2652,8.8304,0.0,0.0,26.68,0.0,3.0,153.0,9.6332,0.0,0.0,0.0,0.0,0.0,0.0,0.0,0.0,45,u,0,0,0,5,1,Crystal Palace,H,3,1.123,1.6008,0.0,0.0,0.0,0.0,0.0,0.0,0.0,0.0,0.0,0.0,0.0,0.0,0.0,0.0,0.0,False
434752,Bijol,Leeds,DEF,164,2,0,0,340.6,1888.0,0.0345,0.0306,1.5154,11.409,0.3304,492.0,0.011,0.022,1.511,10.9756,0.1829,1.4984,1.5737,1.726,1.792,0.1304,0.1159,5.7349,43.1769,1.2502,64.6543,0.9,0.75,31.48,219.0,6.0,323.0,17.0842,0.06,0.12,8.26,60.0,1.0,101.0,492.0,18.4756,50,a,0,2,2,5,1,Crystal Palace,H,3,1.123,1.6008,2.5143,0.908,0.8841,0.0,-0.109,-0.0272,0.1999,0.1054,0.2164,0.8557,-0.5131,0.725,0.9,0.908,0.8841,False
214225,Rodon,Leeds,DEF,123,2,0,0,389.7,2952.0,0.0367,0.0257,1.6189,8.0016,0.0352,406.0,0.0443,0.0355,1.9086,7.3153,0.0,1.4984,1.5737,1.726,1.792,0.1589,0.1112,7.0099,34.647,0.1522,49.0058,1.4,0.56,48.54,274.0,5.0,373.0,11.3177,0.2,0.16,8.61,33.0,0.0,43.0,406.0,9.532,44,i,0,2,2,5,1,Crystal Palace,H,3,1.123,1.6008,0.0,0.0,0.0,0.0,0.0,0.0,0.0,0.0,0.0,0.0,0.0,0.0,0.0,0.0,0.0,False
226182,Bogle,Leeds,DEF,299,4,0,0,341.1,2795.0,0.0592,0.1693,1.2597,5.9387,0.0719,302.0,0.0089,0.1699,0.9656,6.5563,0.0,1.4984,1.5737,1.726,1.792,0.2243,0.6416,4.7741,22.5076,0.2726,52.0536,2.08,3.11,39.93,178.0,1.0,311.0,13.7345,0.03,0.57,3.24,22.0,0.0,56.0,302.0,16.6887,45,a,0,4,4,5,1,Crystal Palace,H,3,1.123,1.6008,3.1714,1.0,0.8976,0.0,-0.12,-0.03,0.0957,0.4214,0.2926,1.0687,-0.4486,0.048,1.0,1.0,0.8976,False
243526,Gudmundsson,Leeds,DEF,162,2,0,0,271.6,2637.0,0.0275,0.1221,1.4036,6.0565,0.099,180.0,0.0,0.28,1.01,8.0,0.0,1.4984,1.5737,1.726,1.792,0.0831,0.3685,4.2357,18.2773,0.2988,29.5293,1.1,2.89,41.06,184.0,8.0,286.0,9.7851,0.0,0.56,2.02,16.0,0.0,33.0,180.0,16.5,45,a,0,2,2,5,1,Crystal Palace,H,3,1.123,1.6008,2.5905,0.908,0.8801,0.0,-0.109,-0.0272,0.0562,0.3727,0.1769,0.8518,-0.5131,0.1299,0.9,0.908,0.8801,False
220627,Justin,Leeds,DEF,360,4,0,0,403.6,1893.0,0.0916,0.049,1.5465,8.7921,0.3697,540.0,0.13,0.0283,1.5883,9.8333,0.5,1.4984,1.5737,1.726,1.792,0.4108,0.2198,6.9351,39.4279,1.6581,74.6116,1.83,1.16,33.01,183.0,9.0,338.0,16.6379,0.78,0.17,9.53,59.0,3.0,106.0,540.0,17.6667,45,a,0,4,4,5,1,Crystal Palace,H,3,1.123,1.6008,3.1625,1.0,0.9823,0.0,-0.12,-0.03,0.21,0.1557,0.5894,0.9507,-0.5696,0.4786,1.0,1.0,0.9823,False
437738,Bornauw,Leeds,DEF,0,0,0,0,86.0,429.0,0.096,0.001,2.216,9.3052,0.0,125.0,0.144,0.0,2.7216,7.92,0.0,1.4984,1.5737,1.726,1.792,0.0917,0.001,2.1175,8.8916,0.0,14.8099,0.2,0.01,8.71,49.0,0.0,73.0,15.4987,0.2,0.0,3.78,11.0,0.0,25.0,125.0,18.0,45,u,0,0,0,5,1,Crystal Palace,H,3,1.123,1.6008,0.0,0.0,0.0,0.0,0.0,0.0,0.0,0.0,0.0,0.0,0.0,0.0,0.0,0.0,0.0,False
522047,Muharemović,Leeds,DEF,360,4,0,0,,,,,,,,,,,,,,1.4984,1.5737,1.726,1.792,,,,,,,,,,,,,,,,,,,,,,50,a,0,4,4,5,1,Crystal Palace,H,3,1.123,1.6008,2.269,1.0,0.55,0.0,-0.12,-0.03,0.1153,0.049,0.0979,0.8235,-0.2107,0.0009,1.0,1.0,0.55,False
466525,Stach,Leeds,MID,357,4,0,0,285.0,2369.0,0.1051,0.1631,1.2904,10.1879,0.6692,234.0,0.1462,0.0692,1.4692,8.0769,1.1538,1.4984,1.5737,1.726,1.792,0.3329,0.5164,4.0862,32.2618,2.1191,65.7393,2.88,4.47,34.05,266.0,14.0,550.0,20.7598,0.38,0.18,3.82,21.0,3.0,52.0,234.0,20.0,60,a,0,4,4,5,1,Crystal Palace,H,3,1.123,1.6008,2.3989,1.0,0.55,0.0,-0.12,-0.03,0.1607,0.3318,0.4295,0.2059,0.0,0.048,1.0,1.0,0.55,False
435997,Okafor,Leeds,MID,224,3,0,0,172.6,1553.0,0.3578,0.0884,1.2522,7.0605,1.3066,193.0,0.4104,0.1399,0.6389,10.7254,2.3316,1.4984,1.5737,1.726,1.792,0.6861,0.1695,2.4014,13.5405,2.5057,54.8249,5.25,1.32,24.54,113.0,11.0,354.0,28.5877,0.88,0.3,1.37,23.0,5.0,76.0,193.0,35.4404,58,a,0,3,3,5,1,Crystal Palace,H,3,1.123,1.6008,2.9323,0.9313,0.4815,0.0,-0.1118,-0.0279,0.2845,0.2332,1.1014,0.169,0.0,0.0123,0.875,0.9313,0.4815,False
427637,Aaronson,Leeds,MID,172,2,0,0,357.2,2449.0,0.1339,0.1126,1.4715,7.4339,0.0811,389.0,0.0717,0.1296,1.5871,7.4036,0.0,1.4984,1.5737,1.726,1.792,0.5315,0.4467,5.8404,29.5045,0.3217,53.3427,4.53,3.6,37.07,216.0,5.0,446.0,13.4402,0.31,0.5599999999999999,6.859999999999999,32.0,0.0,57.0,389.0,13.1877,54,a,0,2,2,5,1,Crystal Palace,H,3,1.123,1.6008,2.8927,0.945,0.8713,0.0,-0.1134,-0.0284,0.0814,0.3822,0.6727,0.2108,0.0,0.1637,0.9,0.945,0.8713,False
199598,Ampadu,Leeds,MID,360,4,0,0,462.7,3119.0,0.0689,0.0645,1.5007,11.7933,0.4579,540.0,0.1,0.0217,1.5883,10.6667,0.8333,1.4984,1.5737,1.726,1.792,0.3544,0.3317,7.7152,60.6309,2.3541,89.6103,2.47,2.2,48.66,416.0,11.0,586.0,17.4301,0.6,0.13,9.53,64.0,5.0,107.0,540.0,17.8333,54,a,0,4,4,5,1,Crystal Palace,H,3,1.123,1.6008,2.9571,1.0,0.9679,0.0,-0.12,-0.03,0.306,0.2402,0.4877,0.2342,0.0,0.76,1.0,1.0,0.9679,False
180135,Longstaff,Leeds,MID,10,0,1,0,60.6,1003.0,0.2645,0.3315,2.2424,11.3292,0.6244,56.0,0.6429,0.6268,3.0696,16.0714,1.6071,1.4984,1.5737,1.726,1.792,0.1781,0.2232,1.5099,7.6283,0.4204,21.4543,1.23,1.87,15.88,110.0,5.0,273.0,31.8628,0.4,0.39,1.91,10.0,1.0,36.0,56.0,57.8571,49,a,1,0,1,5,1,Crystal Palace,H,3,1.123,1.6008,2.4553,0.7594,0.4537,0.0,-0.0911,-0.0228,0.1938,0.4785,0.6766,0.136,0.0,0.1157,0.5625,0.7594,0.4537,False
492859,Gnonto,Leeds,MID,0,0,0,0,73.6,521.0,0.0684,0.1266,2.1728,10.9283,0.0,128.0,0.0773,0.1336,2.0742,11.25,0.0,1.4984,1.5737,1.726,1.792,0.0559,0.1035,1.7769,8.9369,0.0,20.3466,0.4,0.77,11.99,59.0,0.0,134.0,24.8804,0.11,0.19,2.95,16.0,0.0,43.0,128.0,30.2344,50,u,0,0,0,5,1,Crystal Palace,H,3,1.123,1.6008,0.0,0.0,0.0,0.0,0.0,0.0,0.0,0.0,0.0,0.0,0.0,0.0,0.0,0.0,0.0,False
221399,Harrison,Leeds,MID,0,0,0,0,8.2,262.0,0.1032,0.0812,1.3709,7.6807,0.0,0.0,0.0,0.0,0.0,0.0,0.0,1.4984,1.5737,1.726,1.792,0.0094,0.0074,0.1249,0.6998,0.0,1.5886,0.28,0.2299999999999999,3.82,24.0,0.0,51.0,17.4359,0.0,0.0,0.0,0.0,0.0,0.0,0.0,0.0,50,u,0,0,0,5,1,Crystal Palace,H,3,1.123,1.6008,0.0,0.0,0.0,0.0,0.0,0.0,0.0,0.0,0.0,0.0,0.0,0.0,0.0,0.0,0.0,False
200617,James,Leeds,MID,29,0,1,0,79.5,547.0,0.1152,0.0817,2.5078,6.8098,0.0,142.0,0.1268,0.0761,2.4465,5.7042,0.0,1.4984,1.5737,1.726,1.792,0.1018,0.0722,2.2152,6.0153,0.0,14.5423,0.91,0.71,14.39,35.0,0.0,93.0,16.463,0.2,0.12,3.86,9.0,0.0,21.0,142.0,13.3099,49,a,1,0,1,5,1,Crystal Palace,H,3,1.123,1.6008,1.7303,0.7594,0.4537,0.0,-0.0911,-0.0228,0.0428,0.1989,0.3824,0.136,0.0,0.0089,0.5625,0.7594,0.4537,False
486520,Gruev,Leeds,MID,0,0,0,0,152.7,1318.0,0.045,0.0625,1.5993,7.3758,0.2629,12.0,0.0,0.0,0.0,15.0,0.0,1.4984,1.5737,1.726,1.792,0.0764,0.106,2.7134,12.5142,0.446,26.0548,0.4899999999999999,0.86,25.27,114.0,3.0,245.0,15.3565,0.0,0.0,0.0,2.0,0.0,3.0,12.0,22.5,50,d,0,0,0,5,1,Crystal Palace,H,3,1.123,1.6008,0.3434,0.4523,0.0046,0.0,-0.0543,-0.0136,0.0098,0.0296,0.0421,0.0017,0.0,0.0001,0.0042,0.4523,0.0046,False
248056,Tanaka,Leeds,MID,188,2,0,0,235.6,1307.0,0.087,0.1,1.436,10.6114,0.3261,475.0,0.0322,0.0512,1.4078,10.6105,0.3789,1.4984,1.5737,1.726,1.792,0.2277,0.2617,3.759,27.7783,0.8537,50.9534,1.44,1.39,21.49,147.0,4.0,288.0,19.4644,0.1699999999999999,0.27,7.43,56.0,2.0,99.0,475.0,18.7579,49,a,0,2,2,5,1,Crystal Palace,H,3,1.123,1.6008,2.685,0.9175,0.823,0.0,-0.1101,-0.0275,0.1955,0.3245,0.492,0.1991,0.0,0.3806,0.85,0.9175,0.823,False
177815,Calvert-Lewin,Leeds,FWD,329,4,0,0,427.3,2721.0,0.5328,0.0198,1.3347,3.8146,0.5577,518.0,0.5056,0.0104,1.5064,3.8224,0.695,1.4984,1.5737,1.726,1.792,2.5298,0.0941,6.3367,18.111,2.6478,71.2929,15.57,1.06,35.74,105.0,20.0,472.0,15.0161,2.91,0.06,8.67,22.0,4.0,112.0,518.0,19.4595,60,a,0,4,4,5,1,Crystal Palace,H,3,1.123,1.6008,4.6044,1.0,0.9679,0.0,-0.12,-0.03,0.4279,0.1399,2.2283,0.0,0.0,0.0044,1.0,1.0,0.9679,False
174594,Nmecha,Leeds,FWD,50,0,1,0,165.5,1065.0,0.4591,0.22,1.9612,5.3857,0.4014,199.0,0.4658,0.2985,2.2884,6.7839,0.0,1.4984,1.5737,1.726,1.792,0.8442,0.4046,3.6065,9.9037,0.7382,33.7987,7.25,1.58,21.84,57.0,8.0,268.0,18.38,1.03,0.66,5.06,15.0,0.0,32.0,199.0,14.4724,54,a,1,0,1,5,1,Crystal Palace,H,3,1.123,1.6008,2.476,0.7594,0.4537,0.0,-0.0911,-0.0228,0.0654,0.3484,0.9727,0.0,0.0,0.0023,0.5625,0.7594,0.4537,False
235826,Piroe,Leeds,FWD,0,0,0,0,20.7,244.0,0.4296,0.0583,4.0409,8.323,0.0,29.0,0.2793,0.0,4.6862,9.3103,0.0,1.4984,1.5737,1.726,1.792,0.0988,0.0134,0.9294,1.9143,0.0,6.1296,0.9,0.13,6.8100000000000005,14.0,0.0,42.0,26.6504,0.09,0.0,1.51,3.0,0.0,8.0,29.0,24.8276,50,u,0,0,0,5,1,Crystal Palace,H,3,1.123,1.6008,0.0,0.0,0.0,0.0,0.0,0.0,0.0,0.0,0.0,0.0,0.0,0.0,0.0,0.0,0.0,False
565297,Mateo Joseph,Leeds,FWD,0,0,0,0,0.0,0.0,0.0,0.0,0.0,0.0,0.0,0.0,0.0,0.0,0.0,0.0,0.0,1.4984,1.5737,1.726,1.792,0.0,0.0,0.0,0.0,0.0,0.0,0.0,0.0,0.0,0.0,0.0,0.0,0.0,0.0,0.0,0.0,0.0,0.0,0.0,0.0,0.0,45,i,0,0,0,5,1,Crystal Palace,H,3,1.123,1.6008,0.0,0.0,0.0,0.0,0.0,0.0,0.0,0.0,0.0,0.0,0.0,0.0,0.0,0.0,0.0,False
432720,Trafford,Leeds,GK,360,4,0,0,46.7,360.0,0.0,0.0,1.7254,0.0,0.0,90.0,0.0,0.0,1.77,0.0,0.0,1.4984,1.5737,1.726,1.792,0.0,0.0,0.8953,0.0,0.0,3.5297,0.0,0.0,5.74,0.0,0.0,67.0,6.8024,0.0,0.0,1.77,0.0,0.0,5.0,90.0,5.0,50,a,0,4,4,5,1,Crystal Palace,H,3,1.123,1.6008,4.2681,1.0,0.995,0.9677,-0.12,-0.03,0.2145,0.0,0.0,1.4897,-0.2107,0.0,1.0,1.0,0.995,False
173774,Elvedi,Leeds,DEF,236,2,0,0,,,,,,,,,,,,,,1.4984,1.5737,1.726,1.792,,,,,,,,,,,,,,,,,,,,,,45,a,0,2,2,5,1,Crystal Palace,H,3,1.123,1.6008,1.9332,0.862,0.4676,0.0,-0.1034,-0.0259,0.0717,0.0489,0.0979,0.7001,-0.1798,0.0024,0.85,0.862,0.4676,False
643970,Lienou,Leeds,DEF,0,0,0,0,0.0,0.0,0.0,0.0,0.0,0.0,0.0,0.0,0.0,0.0,0.0,0.0,0.0,1.4984,1.5737,1.726,1.792,0.0,0.0,0.0,0.0,0.0,0.0,0.0,0.0,0.0,0.0,0.0,0.0,0.0,0.0,0.0,0.0,0.0,0.0,0.0,0.0,0.0,40,a,0,0,0,5,1,Crystal Palace,H,3,1.123,1.6008,0.0,0.0,0.0,0.0,0.0,0.0,0.0,0.0,0.0,0.0,0.0,0.0,0.0,0.0,0.0,False
592740,Cresswell,Leeds,MID,0,0,0,0,0.0,0.0,0.0,0.0,0.0,0.0,0.0,0.0,0.0,0.0,0.0,0.0,0.0,1.4984,1.5737,1.726,1.792,0.0,0.0,0.0,0.0,0.0,0.0,0.0,0.0,0.0,0.0,0.0,0.0,0.0,0.0,0.0,0.0,0.0,0.0,0.0,0.0,0.0,45,a,0,0,0,5,1,Crystal Palace,H,3,1.123,1.6008,0.0,0.0,0.0,0.0,0.0,0.0,0.0,0.0,0.0,0.0,0.0,0.0,0.0,0.0,0.0,False
97846,Cairns,Leeds,GK,0,0,0,0,0.0,0.0,0.0,0.0,0.0,0.0,0.0,0.0,0.0,0.0,0.0,0.0,0.0,1.4984,1.5737,1.726,1.792,0.0,0.0,0.0,0.0,0.0,0.0,0.0,0.0,0.0,0.0,0.0,0.0,0.0,0.0,0.0,0.0,0.0,0.0,0.0,0.0,0.0,40,a,0,0,0,5,1,Crystal Palace,H,3,1.123,1.6008,0.0,0.0,0.0,0.0,0.0,0.0,0.0,0.0,0.0,0.0,0.0,0.0,0.0,0.0,0.0,False
155465,Zetterer,Leeds,GK,0,0,0,0,,,,,,,,,,,,,,1.4984,1.5737,1.726,1.792,,,,,,,,,,,,,,,,,,,,,,40,a,0,0,0,5,1,Crystal Palace,H,3,1.123,1.6008,0.0,0.0,0.0,0.0,0.0,0.0,0.0,0.0,0.0,0.0,0.0,0.0,0.0,0.0,0.0,False
437497,Bard,Leeds,DEF,18,0,1,0,,,,,,,,,,,,,,1.4984,1.5737,1.726,1.792,,,,,,,,,,,,,,,,,,,,,,45,a,1,0,1,5,1,Crystal Palace,H,3,1.123,1.6008,1.6185,0.5975,0.5023,0.0,-0.0717,-0.0179,0.0315,0.0775,0.155,0.6024,-0.252,0.0683,0.5625,0.5975,0.5023,False
587982,Bahoya,Leeds,MID,0,0,0,0,,,,,,,,,,,,,,1.4984,1.5737,1.726,1.792,,,,,,,,,,,,,,,,,,,,,,50,a,0,0,0,5,1,Crystal Palace,H,3,1.123,1.6008,0.0,0.0,0.0,0.0,0.0,0.0,0.0,0.0,0.0,0.0,0.0,0.0,0.0,0.0,0.0,False
116535,A.Becker,Liverpool,GK,360,4,0,0,254.5,2340.0,0.0,0.0008,1.2145,0.0,0.2711,90.0,0.0,0.0,1.56,0.0,0.0,1.5764,1.371,1.4167,1.55,0.0,0.0022,3.4344,0.0,0.7666,40.8284,0.0,0.03,29.58,0.0,8.0,389.0,14.4383,0.0,0.0,1.56,0.0,0.0,7.0,90.0,7.0,55,a,0,4,4,5,1,Bournemouth,A,3,0.9716,1.8745,4.5318,1.0,0.995,1.2389,-0.12,-0.03,0.4742,0.0009,0.0,1.2784,-0.2675,0.0,1.0,1.0,0.995,False
449027,Mamardashvili,Liverpool,GK,0,0,0,0,153.4,867.0,0.0,0.0,1.3203,0.0,0.3199,237.0,0.0,0.0,1.1316,0.0,0.0,1.5764,1.371,1.4167,1.55,0.0,0.0,2.2504,0.0,0.5453,23.7334,0.0,0.0,13.29,0.0,2.0,139.0,13.9244,0.0,0.0,2.98,0.0,0.0,25.0,237.0,9.4937,49,a,0,0,0,5,1,Bournemouth,A,3,0.9716,1.8745,0.2638,0.0924,0.0828,0.1031,-0.0111,-0.0028,0.0014,0.0,0.0,0.0826,-0.0465,0.0,0.0832,0.0924,0.0828,False
155503,Woodman,Liverpool,GK,0,0,0,0,70.5,212.0,0.0,0.0,2.0523,0.0,0.0,212.0,0.0,0.0,2.0208,0.0,0.0,1.5764,1.371,1.4167,1.55,0.0,0.0,1.6076,0.0,0.0,11.0402,0.0,0.0,4.76,0.0,0.0,34.0,14.0939,0.0,0.0,4.76,0.0,0.0,34.0,212.0,14.434,40,a,0,0,0,5,1,Bournemouth,A,3,0.9716,1.8745,0.2328,0.0837,0.0741,0.0922,-0.01,-0.0025,0.0012,0.0,0.0,0.0739,-0.0417,0.0,0.0744,0.0837,0.0741,False
586268,Pecsi,Liverpool,GK,0,0,0,0,0.0,0.0,0.0,0.0,0.0,0.0,0.0,0.0,0.0,0.0,0.0,0.0,0.0,1.5764,1.371,1.4167,1.55,0.0,0.0,0.0,0.0,0.0,0.0,0.0,0.0,0.0,0.0,0.0,0.0,0.0,0.0,0.0,0.0,0.0,0.0,0.0,0.0,0.0,40,u,0,0,0,5,1,Bournemouth,A,3,0.9716,1.8745,0.0,0.0,0.0,0.0,0.0,0.0,0.0,0.0,0.0,0.0,0.0,0.0,0.0,0.0,0.0,False
432987,Jaros,Liverpool,GK,0,0,0,0,,,,,,,,,,,,,,1.5764,1.371,1.4167,1.55,,,,,,,,,,,,,,,,,,,,,,40,i,0,0,0,5,1,Bournemouth,A,3,0.9716,1.8745,0.0,0.0,0.0,0.0,0.0,0.0,0.0,0.0,0.0,0.0,0.0,0.0,0.0,0.0,0.0,False
464353,Davies,Liverpool,GK,0,0,0,0,,,,,,,,,,,,,,1.5764,1.371,1.4167,1.55,,,,,,,,,,,,,,,,,,,,,,40,a,0,0,0,5,1,Bournemouth,A,3,0.9716,1.8745,0.0,0.0,0.0,0.0,0.0,0.0,0.0,0.0,0.0,0.0,0.0,0.0,0.0,0.0,0.0,False
97032,Virgil,Liverpool,DEF,360,4,0,0,478.7,3420.0,0.1439,0.0475,1.371,8.6333,0.2265,540.0,0.165,0.0383,1.55,8.0,0.0,1.5764,1.371,1.4167,1.55,0.7652,0.2529,7.2923,45.9197,1.2049,84.2616,3.77,1.44,47.63,352.0,10.0,593.0,15.842,0.99,0.23,9.3,48.0,0.0,88.0,540.0,14.6667,65,a,0,4,4,5,1,Bournemouth,A,3,0.9716,1.8745,2.9851,1.0,0.9786,0.0,-0.12,-0.03,0.1844,0.1352,0.7777,0.766,-0.7008,0.5868,1.0,1.0,0.9786,False
216094,Frimpong,Liverpool,DEF,178,2,0,0,193.0,1032.0,0.0328,0.1084,1.2321,2.163,0.098,217.0,0.029,0.0581,1.688,0.8295,0.0,1.5764,1.371,1.4167,1.55,0.0703,0.2325,2.6422,4.6384,0.2102,35.922,0.5,1.55,12.97,30.0,1.0,237.0,16.7512,0.07,0.14,4.07,2.0,0.0,10.0,217.0,4.1475,54,a,0,2,2,5,1,Bournemouth,A,3,0.9716,1.8745,2.0966,0.862,0.8319,0.0,-0.1034,-0.0259,0.0734,0.2143,0.1956,0.6512,-0.5965,0.0205,0.85,0.862,0.8319,False
544877,Kerkez,Liverpool,DEF,295,3,0,0,266.1,2251.0,0.0617,0.0222,1.2674,4.2637,0.1297,225.0,0.012,0.016,1.252,3.6,0.0,1.5764,1.371,1.4167,1.55,0.1824,0.0655,3.7472,12.6062,0.3835,40.8145,1.5,0.6900000000000001,30.1,134.0,4.0,357.0,13.8042,0.03,0.04,3.1300000000000003,9.0,0.0,22.0,225.0,8.8,54,a,0,3,3,5,1,Bournemouth,A,3,0.9716,1.8745,2.1967,0.908,0.7831,0.0,-0.109,-0.0272,0.0636,0.0595,0.2398,0.7815,-0.4967,0.0177,0.9,0.908,0.7831,False
171287,Gomez,Liverpool,DEF,0,0,0,0,100.2,594.0,0.0345,0.0485,1.5418,6.6464,0.0944,82.0,0.0549,0.022,1.4159,7.6829,0.0,1.5764,1.371,1.4167,1.55,0.0384,0.054,1.7165,7.3997,0.1051,9.2104,0.28,0.64,9.31,46.0,2.0,94.0,8.2728,0.05,0.02,1.29,7.0,0.0,3.0,82.0,3.2927,49,d,0,0,0,5,1,Bournemouth,A,3,0.9716,1.8745,0.1312,0.1065,0.0254,0.0,-0.0128,-0.0032,0.0014,0.0058,0.0102,0.0253,-0.0215,0.0043,0.0288,0.1065,0.0254,False
492777,Bradley,Liverpool,DEF,0,0,0,0,52.9,928.0,0.0208,0.0743,0.8804,6.9227,0.328,0.0,0.0,0.0,0.0,0.0,0.0,1.5764,1.371,1.4167,1.55,0.0122,0.0437,0.5175,4.069,0.1928,11.2707,0.18,0.8400000000000001,10.77,65.0,2.0,157.0,19.1751,0.0,0.0,0.0,0.0,0.0,0.0,0.0,0.0,50,i,0,0,0,5,1,Bournemouth,A,3,0.9716,1.8745,0.0,0.0,0.0,0.0,0.0,0.0,0.0,0.0,0.0,0.0,0.0,0.0,0.0,0.0,0.0,False
519440,Lucky,Liverpool,DEF,0,0,0,0,0.0,0.0,0.0,0.0,0.0,0.0,0.0,0.0,0.0,0.0,0.0,0.0,0.0,1.5764,1.371,1.4167,1.55,0.0,0.0,0.0,0.0,0.0,0.0,0.0,0.0,0.0,0.0,0.0,0.0,0.0,0.0,0.0,0.0,0.0,0.0,0.0,0.0,0.0,40,a,0,0,0,5,1,Bournemouth,A,3,0.9716,1.8745,0.0,0.0,0.0,0.0,0.0,0.0,0.0,0.0,0.0,0.0,0.0,0.0,0.0,0.0,0.0,False
606702,Jacquet,Liverpool,DEF,325,4,0,0,,,,,,,,,,,,,,1.5764,1.371,1.4167,1.55,,,,,,,,,,,,,,,,,,,,,,50,a,0,4,4,5,1,Bournemouth,A,3,0.9716,1.8745,2.0791,1.0,0.55,0.0,-0.12,-0.03,0.1135,0.0442,0.0883,0.7066,-0.2675,0.0026,1.0,1.0,0.55,False
647681,Leoni,Liverpool,DEF,0,0,0,0,0.0,0.0,0.0,0.0,0.0,0.0,0.0,0.0,0.0,0.0,0.0,0.0,0.0,1.5764,1.371,1.4167,1.55,0.0,0.0,0.0,0.0,0.0,0.0,0.0,0.0,0.0,0.0,0.0,0.0,0.0,0.0,0.0,0.0,0.0,0.0,0.0,0.0,0.0,40,i,0,0,0,5,1,Bournemouth,A,3,0.9716,1.8745,0.0,0.0,0.0,0.0,0.0,0.0,0.0,0.0,0.0,0.0,0.0,0.0,0.0,0.0,0.0,False
214285,Tsimikas,Liverpool,DEF,64,1,0,0,0.0,0.0,0.0,0.0,0.0,0.0,0.0,0.0,0.0,0.0,0.0,0.0,0.0,1.5764,1.371,1.4167,1.55,0.0,0.0,0.0,0.0,0.0,0.0,0.0,0.0,0.0,0.0,0.0,0.0,0.0,0.0,0.0,0.0,0.0,0.0,0.0,0.0,0.0,49,a,0,1,1,5,1,Bournemouth,A,3,0.9716,1.8745,1.7243,0.8275,0.447,0.0,-0.0993,-0.0248,0.0653,0.0529,0.1058,0.5743,-0.2185,0.0221,0.8125,0.8275,0.447,False
489580,Ramsay,Liverpool,DEF,0,0,0,0,0.0,0.0,0.0,0.0,0.0,0.0,0.0,0.0,0.0,0.0,0.0,0.0,0.0,1.5764,1.371,1.4167,1.55,0.0,0.0,0.0,0.0,0.0,0.0,0.0,0.0,0.0,0.0,0.0,0.0,0.0,0.0,0.0,0.0,0.0,0.0,0.0,0.0,0.0,40,u,0,0,0,5,1,Bournemouth,A,3,0.9716,1.8745,0.0,0.0,0.0,0.0,0.0,0.0,0.0,0.0,0.0,0.0,0.0,0.0,0.0,0.0,0.0,False
494595,Wirtz,Liverpool,MID,332,4,0,0,294.5,2374.0,0.2876,0.191,1.5313,7.0895,0.5533,304.0,0.2546,0.1569,2.0339,6.8092,0.2961,1.5764,1.371,1.4167,1.55,0.9412,0.625,5.0109,23.1983,1.8106,65.299,6.83,5.140000000000001,33.99,176.0,17.0,521.0,19.9556,0.8599999999999999,0.53,6.869999999999999,23.0,1.0,56.0,304.0,16.5789,74,a,0,4,4,5,1,Bournemouth,A,3,0.9716,1.8745,3.3656,1.0,0.7851,0.0,-0.12,-0.03,0.1706,0.441,1.0551,0.1927,0.0,0.0807,1.0,1.0,0.7851,False
243298,Gakpo,Liverpool,MID,280,3,0,0,412.8,2736.0,0.2641,0.0965,1.3428,4.6289,0.0432,502.0,0.2922,0.0645,1.6494,3.5857,0.0,1.5764,1.371,1.4167,1.55,1.2113,0.4426,6.159,21.2313,0.1982,52.0296,8.35,4.67,34.94,152.0,5.0,449.0,11.3437,1.63,0.36,9.2,20.0,0.0,55.0,502.0,9.8606,72,a,0,3,3,5,1,Bournemouth,A,3,0.9716,1.8745,3.1997,0.945,0.8652,0.0,-0.1134,-0.0284,0.0955,0.2741,1.1212,0.1693,0.0,0.0307,0.9,0.945,0.8652,False
424876,Szoboszlai,Liverpool,MID,360,4,0,0,456.3,3232.0,0.1363,0.2367,1.3958,8.8438,0.6366,540.0,0.1533,0.2667,1.55,6.3333,0.6667,1.5764,1.371,1.4167,1.55,0.6912,1.2003,7.0766,44.8383,3.2274,119.302,4.76,6.83,45.63,338.0,21.0,780.0,23.531,0.92,1.6,9.3,38.0,4.0,152.0,540.0,25.3333,70,a,0,4,4,5,1,Bournemouth,A,3,0.9716,1.8745,3.7351,1.0,0.9611,0.0,-0.12,-0.03,0.5142,0.6648,0.6858,0.1881,0.0,0.4328,1.0,1.0,0.9611,False
611922,Ngumoha,Liverpool,MID,99,1,0,0,162.4,547.0,0.1634,0.25,1.2871,4.73,0.6669,261.0,0.1379,0.0931,1.2069,4.1379,0.3448,1.5764,1.371,1.4167,1.55,0.2949,0.4511,2.3225,8.535,1.2034,40.5843,1.34,2.01,8.92,30.0,4.0,188.0,22.4913,0.4,0.27,3.5,12.0,1.0,41.0,261.0,14.1379,58,a,0,1,1,5,1,Bournemouth,A,3,0.9716,1.8745,2.8469,0.8969,0.7813,0.0,-0.1076,-0.0269,0.1681,0.4712,0.64,0.1529,0.0,0.0267,0.8125,0.8969,0.7813,False
223541,Chiesa,Liverpool,MID,0,0,0,0,37.5,317.0,0.287,0.1404,2.0976,6.168,0.0,40.0,0.2025,0.0,2.4525,2.25,0.0,1.5764,1.371,1.4167,1.55,0.1196,0.0585,0.874,2.57,0.0,11.4271,1.45,0.61,6.5,30.0,0.0,135.0,27.425,0.09,0.0,1.09,1.0,0.0,10.0,40.0,22.5,54,i,0,0,0,5,1,Bournemouth,A,3,0.9716,1.8745,0.0,0.0,0.0,0.0,0.0,0.0,0.0,0.0,0.0,0.0,0.0,0.0,0.0,0.0,0.0,False
441266,Gravenberch,Liverpool,MID,181,2,0,0,408.7,2991.0,0.058,0.0614,1.2607,8.23,0.4256,428.0,0.0547,0.0421,1.2428,6.3084,0.6308,1.5764,1.371,1.4167,1.55,0.2634,0.2787,5.7252,37.3735,1.9327,84.2961,1.89,2.26,38.41,298.0,17.0,671.0,18.5629,0.26,0.2,5.91,30.0,3.0,84.0,428.0,17.6636,59,a,0,2,2,5,1,Bournemouth,A,3,0.9716,1.8745,2.4237,0.945,0.8652,0.0,-0.1134,-0.0284,0.1886,0.1983,0.328,0.1693,0.0,0.3217,0.9,0.945,0.8652,False
243016,Mac Allister,Liverpool,MID,216,2,0,0,401.5,2654.0,0.1355,0.0564,1.4273,7.7985,0.4747,456.0,0.1007,0.0651,1.6796,7.5,0.5921,1.5764,1.371,1.4167,1.55,0.6043,0.2516,6.3672,34.7898,2.1178,76.5166,3.89,1.69,36.97,229.0,9.0,490.0,17.1519,0.51,0.33,8.51,38.0,3.0,91.0,456.0,17.9605,54,a,0,2,2,5,1,Bournemouth,A,3,0.9716,1.8745,2.6634,0.945,0.8652,0.0,-0.1134,-0.0284,0.1511,0.2021,0.6013,0.1693,0.0,0.2921,0.9,0.945,0.8652,False
206915,C.Jones,Liverpool,MID,0,0,0,0,335.8,1923.0,0.1314,0.0866,1.5194,11.8231,0.5244,536.0,0.1209,0.0672,1.5616,13.2649,0.5037,1.5764,1.371,1.4167,1.55,0.4901,0.3233,5.669,44.1132,1.9566,80.9255,2.21,2.77,31.44,237.0,6.0,447.0,21.6894,0.72,0.4,9.3,79.0,3.0,135.0,536.0,22.6679,55,u,0,0,0,5,1,Bournemouth,A,3,0.9716,1.8745,0.0,0.0,0.0,0.0,0.0,0.0,0.0,0.0,0.0,0.0,0.0,0.0,0.0,0.0,0.0,False
158983,Endo,Liverpool,MID,0,0,0,0,19.6,170.0,0.0298,0.0303,1.5612,11.9893,0.0,0.0,0.0,0.0,0.0,0.0,0.0,1.5764,1.371,1.4167,1.55,0.0065,0.0066,0.34,2.611,0.0,4.4112,0.04,0.05,4.11,23.0,0.0,49.0,20.2555,0.0,0.0,0.0,0.0,0.0,0.0,0.0,0.0,49,a,0,0,0,5,1,Bournemouth,A,3,0.9716,1.8745,0.0,0.0,0.0,0.0,0.0,0.0,0.0,0.0,0.0,0.0,0.0,0.0,0.0,0.0,0.0,False
591386,Nyoni,Liverpool,MID,19,0,1,0,6.0,21.0,1.0695,0.1035,4.4355,26.4165,0.0,7.0,0.0,0.1286,5.6571,38.5714,0.0,1.5764,1.371,1.4167,1.55,0.0713,0.0069,0.2957,1.7611,0.0,2.4289,0.37,0.02,0.85,5.0,0.0,11.0,36.4335,0.0,0.01,0.44,3.0,0.0,2.0,7.0,25.7143,49,a,1,0,1,5,1,Bournemouth,A,3,0.9716,1.8745,1.805,0.7594,0.4306,0.0,-0.0911,-0.0228,0.0642,0.2213,0.4648,0.1074,0.0,0.0092,0.5625,0.7594,0.4306,False
535928,Bajcetic,Liverpool,MID,0,0,0,0,0.0,0.0,0.0,0.0,0.0,0.0,0.0,0.0,0.0,0.0,0.0,0.0,0.0,1.5764,1.371,1.4167,1.55,0.0,0.0,0.0,0.0,0.0,0.0,0.0,0.0,0.0,0.0,0.0,0.0,0.0,0.0,0.0,0.0,0.0,0.0,0.0,0.0,0.0,50,u,0,0,0,5,1,Bournemouth,A,3,0.9716,1.8745,0.0,0.0,0.0,0.0,0.0,0.0,0.0,0.0,0.0,0.0,0.0,0.0,0.0,0.0,0.0,False
551499,Munoz,Liverpool,MID,239,3,0,0,,,,,,,,,,,,,,1.5764,1.371,1.4167,1.55,,,,,,,,,,,,,,,,,,,,,,65,a,0,3,3,5,1,Bournemouth,A,3,0.9716,1.8745,1.7673,0.9313,0.4815,0.0,-0.1118,-0.0279,0.1134,0.1331,0.2219,0.1547,0.0,0.0,0.875,0.9313,0.4815,False
491501,McConnell,Liverpool,MID,0,0,0,0,0.0,0.0,0.0,0.0,0.0,0.0,0.0,0.0,0.0,0.0,0.0,0.0,0.0,1.5764,1.371,1.4167,1.55,0.0,0.0,0.0,0.0,0.0,0.0,0.0,0.0,0.0,0.0,0.0,0.0,0.0,0.0,0.0,0.0,0.0,0.0,0.0,0.0,0.0,44,a,0,0,0,5,1,Bournemouth,A,3,0.9716,1.8745,0.0,0.0,0.0,0.0,0.0,0.0,0.0,0.0,0.0,0.0,0.0,0.0,0.0,0.0,0.0,False
219168,Isak,Liverpool,FWD,333,4,0,0,82.5,694.0,0.2876,0.0074,1.332,3.6124,0.8458,172.0,0.2878,0.0052,1.4808,2.6163,1.0465,1.5764,1.371,1.4167,1.55,0.2636,0.0068,1.221,3.3114,0.7753,19.6398,2.59,0.08,8.38,30.0,4.0,140.0,21.4252,0.55,0.01,2.83,5.0,2.0,43.0,172.0,22.5,91,a,0,4,4,5,1,Bournemouth,A,3,0.9716,1.8745,2.2445,1.0,0.55,0.0,-0.12,-0.03,0.1408,0.1015,0.6119,0.0,0.0,0.0,1.0,1.0,0.55,False
510663,Ekitiké,Liverpool,FWD,0,0,0,0,164.1,1797.0,0.545,0.1583,1.2988,4.3037,0.9613,0.0,0.0,0.0,0.0,0.0,0.0,1.5764,1.371,1.4167,1.55,0.9938,0.2887,2.3682,7.847,1.7527,36.9959,10.1,2.45,26.11,85.0,22.0,433.0,20.2903,0.0,0.0,0.0,0.0,0.0,0.0,0.0,0.0,74,i,0,0,0,5,1,Bournemouth,A,3,0.9716,1.8745,0.0,0.0,0.0,0.0,0.0,0.0,0.0,0.0,0.0,0.0,0.0,0.0,0.0,0.0,0.0,False
514514,Koumas,Liverpool,MID,13,0,1,0,,,,,,,,,,,,,,1.5764,1.371,1.4167,1.55,,,,,,,,,,,,,,,,,,,,,,50,a,1,0,1,5,1,Bournemouth,A,3,0.9716,1.8745,1.709,0.7594,0.4306,0.0,-0.0911,-0.0228,0.072,0.2184,0.364,0.1074,0.0,0.0021,0.5625,0.7594,0.4306,False
500058,Danns,Liverpool,FWD,0,0,0,0,0.0,0.0,0.0,0.0,0.0,0.0,0.0,0.0,0.0,0.0,0.0,0.0,0.0,1.5764,1.371,1.4167,1.55,0.0,0.0,0.0,0.0,0.0,0.0,0.0,0.0,0.0,0.0,0.0,0.0,0.0,0.0,0.0,0.0,0.0,0.0,0.0,0.0,0.0,45,a,0,0,0,5,1,Bournemouth,A,3,0.9716,1.8745,0.0,0.0,0.0,0.0,0.0,0.0,0.0,0.0,0.0,0.0,0.0,0.0,0.0,0.0,0.0,False
444884,Elliott,Liverpool,MID,0,0,0,0,4.4,110.0,0.3825,0.088,0.9348,5.4839,0.0,0.0,0.0,0.0,0.0,0.0,0.0,1.5764,1.371,1.4167,1.55,0.0187,0.0043,0.0457,0.2681,0.0,0.8756,0.29,0.08,1.7400000000000002,6.0,0.0,17.0,17.91,0.0,0.0,0.0,0.0,0.0,0.0,0.0,0.0,54,u,0,0,0,5,1,Bournemouth,A,3,0.9716,1.8745,0.0,0.0,0.0,0.0,0.0,0.0,0.0,0.0,0.0,0.0,0.0,0.0,0.0,0.0,0.0,False
445087,Araujo,Liverpool,DEF,194,2,0,0,,,,,,,,,,,,,,1.5764,1.371,1.4167,1.55,,,,,,,,,,,,,,,,,,,,,,54,a,0,2,2,5,1,Bournemouth,A,3,0.9716,1.8745,1.7734,0.862,0.4676,0.0,-0.1034,-0.0259,0.0719,0.0449,0.0898,0.6008,-0.2283,0.0069,0.85,0.862,0.4676,False
482616,Barcola,Liverpool,MID,97,1,0,0,,,,,,,,,,,,,,1.5764,1.371,1.4167,1.55,,,,,,,,,,,,,,,,,,,,,,80,a,0,1,1,5,1,Bournemouth,A,3,0.9716,1.8745,1.7429,0.8969,0.4473,0.0,-0.1076,-0.0269,0.1035,0.1556,0.2594,0.1437,0.0,0.0001,0.8125,0.8969,0.4473,False
448047,Enzo,Man City,MID,181,2,0,0,436.3,3114.0,0.2223,0.2223,1.3425,6.6038,0.6436,537.0,0.1458,0.2145,1.4413,5.5307,0.838,2.1895,1.3677,2.804,1.766,1.0778,1.0775,6.5083,32.0139,3.12,98.3991,11.26,7.26,44.89,244.0,19.0,700.0,20.2978,0.8699999999999999,1.28,8.6,33.0,5.0,121.0,537.0,20.2793,69,a,0,2,2,5,1,Sunderland,H,2,1.0194,1.0454,3.554,0.945,0.8622,0.0,-0.1134,-0.0284,0.1518,0.5958,0.9409,0.3289,0.0,0.0503,0.9,0.945,0.8622,False
440993,Ndiaye,Man City,MID,311,3,0,0,424.5,2781.0,0.2207,0.0916,1.4474,8.0819,0.1986,540.0,0.27,0.0283,1.4233,6.5,0.0,2.1895,1.3677,2.804,1.766,1.041,0.432,6.8267,38.1197,0.9365,69.4585,6.68,4.41,42.68,283.0,7.0,540.0,14.7262,1.62,0.17,8.54,39.0,0.0,65.0,540.0,10.8333,59,a,0,3,3,5,1,Sunderland,H,2,1.0194,1.0454,3.2337,0.945,0.8622,0.0,-0.1134,-0.0284,0.0827,0.2613,1.0242,0.3289,0.0,0.1157,0.9,0.945,0.8622,False
204936,Donnarumma,Man City,GK,360,4,0,0,441.7,3060.0,0.0,0.0094,1.1956,0.0,0.2441,540.0,0.0,0.0217,1.3183,0.0,0.3333,2.1895,1.3677,2.804,1.766,0.0,0.046,5.8675,0.0,1.1979,81.4195,0.0,0.13,38.5,0.0,5.0,567.0,16.5899,0.0,0.13,7.91,0.0,2.0,90.0,540.0,15.0,55,a,0,4,4,5,1,Sunderland,H,2,1.0194,1.0454,4.2147,1.0,0.995,0.7892,-0.12,-0.03,0.3845,0.0301,0.0,1.5183,-0.3143,0.0,1.0,1.0,0.995,False
122074,Bettinelli,Man City,GK,0,0,0,0,0.0,0.0,0.0,0.0,0.0,0.0,0.0,0.0,0.0,0.0,0.0,0.0,0.0,2.1895,1.3677,2.804,1.766,0.0,0.0,0.0,0.0,0.0,0.0,0.0,0.0,0.0,0.0,0.0,0.0,0.0,0.0,0.0,0.0,0.0,0.0,0.0,0.0,0.0,45,a,0,0,0,5,1,Sunderland,H,2,1.0194,1.0454,0.0,0.0,0.0,0.0,0.0,0.0,0.0,0.0,0.0,0.0,0.0,0.0,0.0,0.0,0.0,False
472769,O'Reilly,Man City,DEF,158,2,0,0,358.9,2643.0,0.298,0.1036,1.247,5.0413,0.4766,450.0,0.342,0.124,1.446,5.2,0.4,2.1895,1.3677,2.804,1.766,1.1882,0.4132,4.9729,20.1035,1.9004,76.5148,6.12,2.67,34.97,172.0,10.0,567.0,19.1873,1.71,0.62,7.23,26.0,2.0,81.0,450.0,16.2,64,a,0,2,2,5,1,Sunderland,H,2,1.0194,1.0454,4.6208,0.908,0.8791,0.0,-0.109,-0.0272,0.1823,0.2729,1.4623,1.3414,-0.2831,0.0347,0.9,0.908,0.8791,False
209036,Guéhi,Man City,DEF,360,4,0,0,432.9,3150.0,0.1167,0.0516,1.2484,7.5801,0.4121,540.0,0.04,0.0383,1.3183,7.1667,0.3333,2.1895,1.3677,2.804,1.766,0.5611,0.248,6.0046,36.4603,1.9821,98.0171,4.05,2.37,44.58,278.0,14.0,688.0,20.3778,0.24,0.23,7.91,43.0,2.0,124.0,540.0,20.6667,60,a,0,4,4,5,1,Sunderland,H,2,1.0194,1.0454,4.068,1.0,0.9768,0.0,-0.12,-0.03,0.3467,0.1505,0.5737,1.4905,-0.3143,0.1736,1.0,1.0,0.9768,False
465351,Matheus N.,Man City,DEF,123,1,0,0,410.7,2861.0,0.0064,0.0666,1.1809,5.3464,0.3203,507.0,0.0,0.0408,1.3562,5.503,0.0,2.1895,1.3677,2.804,1.766,0.0292,0.3038,5.3889,24.3975,1.4618,90.8725,0.3399999999999999,2.23,34.89,195.0,16.0,676.0,19.9136,0.0,0.23,7.64,31.0,0.0,102.0,507.0,18.1065,59,a,0,1,1,5,1,Sunderland,H,2,1.0194,1.0454,3.1392,0.908,0.8791,0.0,-0.109,-0.0272,0.1948,0.1686,0.0726,1.3414,-0.2831,0.0431,0.9,0.908,0.8791,False
171314,Rúben,Man City,DEF,360,4,0,0,187.6,2139.0,0.0205,0.0296,1.2363,6.4743,0.1674,90.0,0.0,0.02,1.77,3.0,0.0,2.1895,1.3677,2.804,1.766,0.0427,0.0617,2.577,13.4954,0.349,34.6256,0.5700000000000001,0.65,26.07,167.0,4.0,453.0,16.6114,0.0,0.02,1.77,3.0,0.0,6.0,90.0,6.0,55,a,0,4,4,5,1,Sunderland,H,2,1.0194,1.0454,2.6879,1.0,0.55,0.0,-0.12,-0.03,0.1347,0.0508,0.0777,1.1375,-0.1067,0.0045,1.0,1.0,0.55,False
477424,Gvardiol,Man City,DEF,344,4,0,0,94.2,1370.0,0.1618,0.0515,1.0428,6.5448,0.2267,69.0,0.0783,0.0783,0.9913,5.2174,0.0,2.1895,1.3677,2.804,1.766,0.1693,0.0539,1.0915,6.8502,0.2373,20.1263,2.25,0.7000000000000001,16.05,103.0,5.0,303.0,19.2289,0.06,0.06,0.76,4.0,0.0,12.0,69.0,15.6522,57,a,0,4,4,5,1,Sunderland,H,2,1.0194,1.0454,3.0634,1.0,0.55,0.0,-0.12,-0.03,0.1674,0.0795,0.3917,1.1375,-0.1067,0.0059,1.0,1.0,0.55,False
448514,Aït-Nouri,Man City,DEF,0,0,0,0,172.3,971.0,0.0533,0.1925,1.0901,5.1059,0.8764,167.0,0.0647,0.1617,0.8407,3.2335,1.0778,2.1895,1.3677,2.804,1.766,0.1021,0.3685,2.087,9.775,1.6778,45.1015,0.53,2.01,12.25,67.0,9.0,237.0,23.5585,0.12,0.3,1.56,6.0,2.0,53.0,167.0,28.5629,53,a,0,0,0,5,1,Sunderland,H,2,1.0194,1.0454,0.2836,0.1339,0.0507,0.0,-0.0161,-0.004,0.002,0.028,0.0212,0.0899,-0.016,0.0009,0.0586,0.1339,0.0507,False
578153,Khusanov,Man City,DEF,268,3,0,0,281.6,1427.0,0.0465,0.1398,1.3717,7.194,0.2851,450.0,0.036,0.21,1.534,7.6,0.6,2.1895,1.3677,2.804,1.766,0.1456,0.4373,4.2919,22.5092,0.8919,57.4668,0.65,1.21,20.89,123.0,3.0,293.0,18.3665,0.18,1.05,7.67,38.0,3.0,94.0,450.0,18.8,55,a,0,3,3,5,1,Sunderland,H,2,1.0194,1.0454,3.3823,0.885,0.8547,0.0,-0.1062,-0.0266,0.1618,0.3373,0.2533,1.3042,-0.2753,0.1429,0.875,0.885,0.8547,False
494307,Alleyne,Man City,DEF,0,0,0,0,14.6,135.0,0.1745,0.0395,1.0202,7.1858,0.0,0.0,0.0,0.0,0.0,0.0,0.0,2.1895,1.3677,2.804,1.766,0.0283,0.0064,0.1655,1.1657,0.0,2.9332,0.26,0.06,1.54,11.0,0.0,27.0,18.0814,0.0,0.0,0.0,0.0,0.0,0.0,0.0,0.0,50,u,0,0,0,5,1,Sunderland,H,2,1.0194,1.0454,0.0,0.0,0.0,0.0,0.0,0.0,0.0,0.0,0.0,0.0,0.0,0.0,0.0,0.0,0.0,False
477064,Lewis,Man City,DEF,56,1,0,0,59.2,401.0,0.0721,0.1394,1.733,1.4516,0.0566,90.0,0.08,0.08,1.77,0.0,0.0,2.1895,1.3677,2.804,1.766,0.0474,0.0917,1.1399,0.9548,0.0372,1.7238,0.19,1.39,6.8100000000000005,19.0,2.0,72.0,2.6206,0.08,0.08,1.77,0.0,0.0,-3.0,90.0,-3.0,44,a,0,1,1,5,1,Sunderland,H,2,1.0194,1.0454,3.0012,0.8275,0.7889,0.0,-0.0993,-0.0248,0.0508,0.2177,0.2983,1.2038,-0.2557,0.0164,0.8125,0.8275,0.7889,False
616222,Vitor Reis,Man City,DEF,1,0,1,0,0.0,0.0,0.0,0.0,0.0,0.0,0.0,0.0,0.0,0.0,0.0,0.0,0.0,2.1895,1.3677,2.804,1.766,0.0,0.0,0.0,0.0,0.0,0.0,0.0,0.0,0.0,0.0,0.0,0.0,0.0,0.0,0.0,0.0,0.0,0.0,0.0,0.0,0.0,45,a,1,0,1,5,1,Sunderland,H,2,1.0194,1.0454,1.9585,0.5975,0.4832,0.0,-0.0717,-0.0179,0.0342,0.0727,0.1454,0.8569,-0.1358,0.0423,0.5625,0.5975,0.4832,False
437730,Semenyo,Man City,MID,360,4,0,0,436.6,3200.0,0.2525,0.094,1.1657,5.4383,0.3048,520.0,0.1523,0.1315,1.0177,4.3269,0.1731,2.1895,1.3677,2.804,1.766,1.2247,0.4558,5.6548,26.3819,1.4787,89.0618,11.1,3.12,47.67,236.0,18.0,678.0,18.3591,0.88,0.76,5.88,25.0,1.0,96.0,520.0,16.6154,84,a,0,4,4,5,1,Sunderland,H,2,1.0194,1.0454,3.6464,1.0,0.9578,0.0,-0.12,-0.03,0.1453,0.3324,1.1244,0.3654,0.0,0.0205,1.0,1.0,0.9578,False
209244,Foden,Man City,MID,217,3,0,0,236.1,2078.0,0.2329,0.2296,1.4258,7.1957,0.6347,256.0,0.2426,0.2602,1.7402,7.7344,1.0547,2.1895,1.3677,2.804,1.766,0.611,0.6024,3.7403,18.8766,1.6651,61.7297,6.03,4.76,27.38,160.0,13.0,563.0,23.531,0.6900000000000001,0.74,4.95,22.0,3.0,69.0,256.0,24.2578,70,s,0,3,3,5,1,Sunderland,H,2,1.0194,1.0454,0.0,0.0,0.0,0.0,0.0,0.0,0.0,0.0,0.0,0.0,0.0,0.0,0.0,0.0,0.0,False
466052,Cherki,Man City,MID,218,3,0,0,291.0,1772.0,0.249,0.4022,1.4395,5.4234,0.6134,400.0,0.3442,0.3015,1.737,3.6,0.675,2.1895,1.3677,2.804,1.766,0.805,1.3003,4.6543,17.5358,1.9833,83.6542,4.28,8.870000000000001,25.23,135.0,16.0,580.0,25.8724,1.53,1.34,7.72,16.0,3.0,99.0,400.0,22.275,78,a,0,3,3,5,1,Sunderland,H,2,1.0194,1.0454,4.1012,0.9313,0.8383,0.0,-0.1118,-0.0279,0.2765,0.9099,1.094,0.3198,0.0,0.0142,0.875,0.9313,0.8383,False
248875,Doku,Man City,MID,0,0,0,0,260.8,1773.0,0.1567,0.2526,1.2466,6.5848,0.9478,476.0,0.1532,0.2326,1.3084,6.4286,1.1345,2.1895,1.3677,2.804,1.766,0.4542,0.7319,3.6123,19.0814,2.7466,89.8797,2.87,5.86,23.2,126.0,15.0,526.0,31.0168,0.81,1.23,6.92,34.0,6.0,178.0,476.0,33.6555,74,i,0,0,0,5,1,Sunderland,H,2,1.0194,1.0454,0.0,0.0,0.0,0.0,0.0,0.0,0.0,0.0,0.0,0.0,0.0,0.0,0.0,0.0,0.0,False
220566,Rodrigo,Man City,MID,0,0,0,0,242.2,1510.0,0.1062,0.1589,1.2891,11.8605,0.4797,177.0,0.2034,0.1373,1.7746,11.6949,0.5085,2.1895,1.3677,2.804,1.766,0.2857,0.4276,3.469,31.918,1.2908,57.8618,1.15,2.45,20.74,206.0,6.0,350.0,21.5011,0.3999999999999999,0.27,3.49,23.0,1.0,45.0,177.0,22.8814,65,u,0,0,0,5,1,Sunderland,H,2,1.0194,1.0454,0.0,0.0,0.0,0.0,0.0,0.0,0.0,0.0,0.0,0.0,0.0,0.0,0.0,0.0,0.0,False
433036,Reijnders,Man City,MID,0,0,0,0,144.9,1623.0,0.3306,0.1362,1.0222,5.1805,0.2353,135.0,0.4333,0.0533,1.0267,3.3333,0.0,2.1895,1.3677,2.804,1.766,0.5322,0.2193,1.6457,8.3406,0.3789,24.3087,4.61,2.35,18.82,100.0,6.0,337.0,15.0986,0.65,0.08,1.54,5.0,0.0,12.0,135.0,8.0,60,u,0,0,0,5,1,Sunderland,H,2,1.0194,1.0454,0.0,0.0,0.0,0.0,0.0,0.0,0.0,0.0,0.0,0.0,0.0,0.0,0.0,0.0,0.0,False
91651,Kovačić,Man City,MID,42,0,1,0,49.5,125.0,0.0969,0.278,2.8318,13.5451,0.0,112.0,0.1045,0.3134,2.7161,14.4643,0.0,2.1895,1.3677,2.804,1.766,0.0533,0.1529,1.5575,7.4498,0.0,14.4335,0.13,0.42,4.0,18.0,0.0,41.0,26.2427,0.13,0.39,3.38,18.0,0.0,34.0,112.0,27.3214,54,a,1,0,1,5,1,Sunderland,H,2,1.0194,1.0454,1.8573,0.7594,0.4191,0.0,-0.0911,-0.0228,0.0955,0.2758,0.3645,0.1858,0.0,0.0069,0.5625,0.7594,0.4191,False
575204,Echeverri,Man City,MID,0,0,0,0,0.0,0.0,0.0,0.0,0.0,0.0,0.0,0.0,0.0,0.0,0.0,0.0,0.0,2.1895,1.3677,2.804,1.766,0.0,0.0,0.0,0.0,0.0,0.0,0.0,0.0,0.0,0.0,0.0,0.0,0.0,0.0,0.0,0.0,0.0,0.0,0.0,0.0,0.0,49,u,0,0,0,5,1,Sunderland,H,2,1.0194,1.0454,0.0,0.0,0.0,0.0,0.0,0.0,0.0,0.0,0.0,0.0,0.0,0.0,0.0,0.0,0.0,False
155405,Phillips,Man City,MID,0,0,0,0,0.0,0.0,0.0,0.0,0.0,0.0,0.0,0.0,0.0,0.0,0.0,0.0,0.0,2.1895,1.3677,2.804,1.766,0.0,0.0,0.0,0.0,0.0,0.0,0.0,0.0,0.0,0.0,0.0,0.0,0.0,0.0,0.0,0.0,0.0,0.0,0.0,0.0,0.0,50,u,0,0,0,5,1,Sunderland,H,2,1.0194,1.0454,0.0,0.0,0.0,0.0,0.0,0.0,0.0,0.0,0.0,0.0,0.0,0.0,0.0,0.0,0.0,False
590039,Mukasa,Man City,MID,0,0,0,0,2.3,25.0,0.0,0.6261,1.2404,2.9074,0.0,0.0,0.0,0.0,0.0,0.0,0.0,2.1895,1.3677,2.804,1.766,0.0,0.016,0.0317,0.0743,0.0,0.4925,0.0,0.21,0.3399999999999999,1.0,0.0,5.0,19.2717,0.0,0.0,0.0,0.0,0.0,0.0,0.0,0.0,45,u,0,0,0,5,1,Sunderland,H,2,1.0194,1.0454,0.0,0.0,0.0,0.0,0.0,0.0,0.0,0.0,0.0,0.0,0.0,0.0,0.0,0.0,0.0,False
649208,Monga,Man City,MID,0,0,0,0,,,,,,,,,,,,,,2.1895,1.3677,2.804,1.766,,,,,,,,,,,,,,,,,,,,,,49,u,0,0,0,5,1,Sunderland,H,2,1.0194,1.0454,0.0,0.0,0.0,0.0,0.0,0.0,0.0,0.0,0.0,0.0,0.0,0.0,0.0,0.0,0.0,False
223094,Haaland,Man City,FWD,360,4,0,0,374.9,2953.0,0.659,0.1103,1.2521,2.9455,1.1501,450.0,0.772,0.146,1.446,2.6,1.6,2.1895,1.3677,2.804,1.766,2.7453,0.4593,5.2155,12.2696,4.7909,106.909,25.5,2.67,38.6,104.0,43.0,952.0,25.665,3.86,0.73,7.23,13.0,8.0,161.0,450.0,32.2,155,a,0,4,4,5,1,Sunderland,H,2,1.0194,1.0454,5.3063,1.0,0.9578,0.0,-0.12,-0.03,0.5894,0.3734,2.5454,0.0,0.0,0.0003,1.0,1.0,0.9578,False
215379,Anderson,Man City,MID,323,4,0,0,447.7,3332.0,0.0678,0.1779,1.5464,14.1279,0.7296,469.0,0.071,0.2226,1.7175,13.4328,1.1514,2.1895,1.3677,2.804,1.766,0.3374,0.8851,7.6926,70.2786,3.6295,119.4694,2.94,4.79,53.65,515.0,16.0,795.0,24.0166,0.37,1.16,8.950000000000001,70.0,6.0,146.0,469.0,28.0171,63,a,0,4,4,5,1,Sunderland,H,2,1.0194,1.0454,3.7246,1.0,0.9578,0.0,-0.12,-0.03,0.7172,0.5519,0.4111,0.3654,0.0,0.8717,1.0,1.0,0.9578,False
106921,Rulli,Man City,GK,0,0,0,0,,,,,,,,,,,,,,2.1895,1.3677,2.804,1.766,,,,,,,,,,,,,,,,,,,,,,50,a,0,0,0,5,1,Sunderland,H,2,1.0194,1.0454,0.0,0.0,0.0,0.0,0.0,0.0,0.0,0.0,0.0,0.0,0.0,0.0,0.0,0.0,0.0,False
637238,Bouaddi,Man City,MID,22,0,1,0,,,,,,,,,,,,,,2.1895,1.3677,2.804,1.766,,,,,,,,,,,,,,,,,,,,,,55,a,1,0,1,5,1,Sunderland,H,2,1.0194,1.0454,1.7833,0.7594,0.4191,0.0,-0.0911,-0.0228,0.0613,0.2252,0.3753,0.1858,0.0,0.0004,0.5625,0.7594,0.4191,False
616288,McAidoo,Man City,MID,11,0,1,0,0.0,0.0,0.0,0.0,0.0,0.0,0.0,0.0,0.0,0.0,0.0,0.0,0.0,2.1895,1.3677,2.804,1.766,0.0,0.0,0.0,0.0,0.0,0.0,0.0,0.0,0.0,0.0,0.0,0.0,0.0,0.0,0.0,0.0,0.0,0.0,0.0,0.0,0.0,45,a,1,0,1,5,1,Sunderland,H,2,1.0194,1.0454,1.7967,0.7594,0.4191,0.0,-0.0911,-0.0228,0.0618,0.23,0.3834,0.1858,0.0,0.0004,0.5625,0.7594,0.4191,False
554054,Braithwaite,Man City,DEF,1,0,1,0,,,,,,,,,,,,,,2.1895,1.3677,2.804,1.766,,,,,,,,,,,,,,,,,,,,,,40,a,1,0,1,5,1,Sunderland,H,2,1.0194,1.0454,1.9585,0.5975,0.4832,0.0,-0.0717,-0.0179,0.0342,0.0727,0.1454,0.8569,-0.1358,0.0423,0.5625,0.5975,0.4832,False
624777,Allan,Man City,MID,0,0,0,0,,,,,,,,,,,,,,2.1895,1.3677,2.804,1.766,,,,,,,,,,,,,,,,,,,,,,60,a,0,0,0,5,1,Sunderland,H,2,1.0194,1.0454,2.0402,0.8075,0.4839,0.0,-0.0969,-0.0242,0.0789,0.2645,0.4409,0.2145,0.0,0.0006,0.65,0.8075,0.4839,False
595480,Samba,Man City,MID,0,0,0,0,,,,,,,,,,,,,,2.1895,1.3677,2.804,1.766,,,,,,,,,,,,,,,,,,,,,,45,a,0,0,0,5,1,Sunderland,H,2,1.0194,1.0454,0.0,0.0,0.0,0.0,0.0,0.0,0.0,0.0,0.0,0.0,0.0,0.0,0.0,0.0,0.0,False
166989,Tielemans,Man Utd,MID,312,4,0,0,279.4,1857.0,0.0418,0.1514,1.3993,10.2164,0.084,449.0,0.0301,0.1122,1.365,9.6214,0.0,1.7145,1.2883,1.7933,1.3017,0.1298,0.47,4.3439,31.7162,0.2609,64.3169,1.14,3.26,31.34,203.0,3.0,417.0,20.7177,0.15,0.56,6.81,48.0,0.0,99.0,449.0,19.8441,58,a,0,4,4,5,1,Fulham,A,3,0.857,1.2604,2.9475,1.0,0.9645,0.0,-0.12,-0.03,0.2974,0.375,0.2822,0.3072,0.0,0.4273,1.0,1.0,0.9645,False
535301,Baleba,Man Utd,MID,0,0,0,0,230.3,1646.0,0.0612,0.0631,0.921,12.8165,0.0,356.0,0.0556,0.1112,0.8444,13.9045,0.0,1.7145,1.2883,1.7933,1.3017,0.1566,0.1614,2.3568,32.7959,0.0,40.6499,0.78,0.72,20.4,209.0,0.0,231.0,15.8858,0.22,0.44,3.34,55.0,0.0,73.0,356.0,18.4551,49,i,0,0,0,5,1,Fulham,A,3,0.857,1.2604,0.0,0.0,0.0,0.0,0.0,0.0,0.0,0.0,0.0,0.0,0.0,0.0,0.0,0.0,0.0,False
532605,Andrey Santos,Man Utd,MID,82,1,0,0,196.0,1247.0,0.1071,0.0529,1.3554,8.2371,0.5792,184.0,0.1223,0.0245,1.1152,7.8261,1.4674,1.7145,1.2883,1.7933,1.3017,0.2332,0.1153,2.9518,17.9385,1.2613,50.9488,2.0,0.88,18.91,129.0,3.0,257.0,23.3949,0.25,0.05,2.28,16.0,3.0,71.0,184.0,34.7283,48,a,0,1,1,5,1,Fulham,A,3,0.857,1.2604,2.4844,0.8969,0.7841,0.0,-0.1076,-0.0269,0.2,0.1758,0.4413,0.2498,0.0,0.1486,0.8125,0.8969,0.7841,False
59735,Darlow,Man Utd,GK,0,0,0,0,393.8,1980.0,0.0,0.0021,1.4789,0.0,0.2883,540.0,0.0,0.0017,1.5883,0.0,0.5,1.7145,1.2883,1.7933,1.3017,0.0,0.0093,6.4711,0.0,1.2613,75.1701,0.0,0.05,28.36,0.0,3.0,334.0,17.1796,0.0,0.01,9.53,0.0,3.0,111.0,540.0,18.5,45,a,0,0,0,5,1,Fulham,A,3,0.857,1.2604,0.7413,0.1976,0.1886,0.1917,-0.0237,-0.0059,0.0042,0.0006,0.0,0.2866,-0.0603,0.0,0.1895,0.1976,0.1886,False
465247,Lammens,Man Utd,GK,360,4,0,0,466.1,2880.0,0.0,0.0,1.2813,0.0,0.4328,540.0,0.0,0.0,1.3017,0.0,0.8333,1.7145,1.2883,1.7933,1.3017,0.0,0.0,6.6357,0.0,2.2412,75.6711,0.0,0.0,39.25,0.0,11.0,413.0,14.6115,0.0,0.0,7.81,0.0,5.0,113.0,540.0,18.8333,49,a,0,4,4,5,1,Fulham,A,3,0.857,1.2604,3.9871,1.0,0.995,1.0115,-0.12,-0.03,0.3116,0.0,0.0,1.2677,-0.4107,0.0,1.0,1.0,0.995,False
451302,Bayindir,Man Utd,GK,0,0,0,0,12.6,540.0,0.0,0.0079,1.5457,0.0,0.0,0.0,0.0,0.0,0.0,0.0,0.0,1.7145,1.2883,1.7933,1.3017,0.0,0.0011,0.2164,0.0,0.0,1.1191,0.0,0.05,9.24,0.0,0.0,49.0,7.9936,0.0,0.0,0.0,0.0,0.0,0.0,0.0,0.0,45,u,0,0,0,5,1,Fulham,A,3,0.857,1.2604,0.0,0.0,0.0,0.0,0.0,0.0,0.0,0.0,0.0,0.0,0.0,0.0,0.0,0.0,0.0,False
21205,Heaton,Man Utd,GK,0,0,0,0,0.0,0.0,0.0,0.0,0.0,0.0,0.0,0.0,0.0,0.0,0.0,0.0,0.0,1.7145,1.2883,1.7933,1.3017,0.0,0.0,0.0,0.0,0.0,0.0,0.0,0.0,0.0,0.0,0.0,0.0,0.0,0.0,0.0,0.0,0.0,0.0,0.0,0.0,0.0,40,i,0,0,0,5,1,Fulham,A,3,0.857,1.2604,0.0,0.0,0.0,0.0,0.0,0.0,0.0,0.0,0.0,0.0,0.0,0.0,0.0,0.0,0.0,False
596777,Dorgu,Man Utd,MID,165,2,0,0,129.4,1440.0,0.2639,0.1799,0.9093,4.8724,1.4898,111.0,0.4297,0.3405,0.673,2.4324,2.4324,1.7145,1.2883,1.7933,1.3017,0.3794,0.2586,1.3073,7.0055,2.142,47.675,2.39,1.84,19.61,98.0,11.0,321.0,33.1588,0.53,0.42,0.8300000000000001,3.0,3.0,60.0,111.0,48.6486,58,a,0,2,2,5,1,Fulham,A,3,0.857,1.2604,2.5011,0.9175,0.4678,0.0,-0.1101,-0.0275,0.3621,0.2494,0.5578,0.213,0.0,0.0006,0.85,0.9175,0.4678,False
209365,De Ligt,Man Utd,DEF,0,0,0,0,38.5,1170.0,0.1134,0.069,1.4028,8.0626,0.2882,0.0,0.0,0.0,0.0,0.0,0.0,1.7145,1.2883,1.7933,1.3017,0.0485,0.0295,0.6001,3.449,0.1233,5.4317,1.38,0.8300000000000001,18.73,107.0,5.0,169.0,12.6975,0.0,0.0,0.0,0.0,0.0,0.0,0.0,0.0,50,i,0,0,0,5,1,Fulham,A,3,0.857,1.2604,0.0,0.0,0.0,0.0,0.0,0.0,0.0,0.0,0.0,0.0,0.0,0.0,0.0,0.0,0.0,False
216051,Dalot,Man Utd,DEF,256,3,0,0,352.6,2609.0,0.077,0.076,1.252,6.4511,0.2442,360.0,0.09,0.045,1.4425,7.25,0.0,1.7145,1.2883,1.7933,1.3017,0.3018,0.2976,4.905,25.2741,0.9568,53.991,1.93,2.57,36.57,180.0,9.0,414.0,13.781,0.36,0.18,5.77,29.0,0.0,48.0,360.0,12.0,49,a,0,3,3,5,1,Fulham,A,3,0.857,1.2604,2.9983,0.908,0.8825,0.0,-0.109,-0.0272,0.0863,0.1596,0.3496,1.1244,-0.3699,0.159,0.9,0.908,0.8825,False
95658,Maguire,Man Utd,DEF,360,4,0,0,334.7,1649.0,0.0506,0.0406,1.1854,9.1182,0.2306,450.0,0.062,0.062,1.248,10.6,0.4,1.7145,1.2883,1.7933,1.3017,0.1883,0.1511,4.4083,33.9097,0.8577,64.288,1.12,0.5,22.95,151.0,5.0,315.0,17.2869,0.31,0.31,6.24,53.0,2.0,111.0,450.0,22.2,49,a,0,4,4,5,1,Fulham,A,3,0.857,1.2604,3.3176,1.0,0.9805,0.0,-0.12,-0.03,0.2698,0.1178,0.267,1.2493,-0.4107,0.4945,1.0,1.0,0.9805,False
221820,Martinez,Man Utd,DEF,270,3,0,0,230.4,1229.0,0.017,0.0358,1.2651,7.8129,0.1214,270.0,0.03,0.0133,1.3067,8.3333,0.0,1.7145,1.2883,1.7933,1.3017,0.0436,0.0917,3.2386,20.0009,0.3108,49.381,0.15,0.6,15.22,105.0,3.0,241.0,19.2895,0.09,0.04,3.92,25.0,0.0,72.0,270.0,24.0,50,a,0,3,3,5,1,Fulham,A,3,0.857,1.2604,2.7169,0.885,0.8536,0.0,-0.1062,-0.0266,0.1746,0.0861,0.1284,1.0876,-0.3597,0.2549,0.875,0.885,0.8536,False
550864,Yoro,Man Utd,DEF,22,0,1,0,189.2,1730.0,0.0969,0.0468,1.4595,9.221,0.0097,34.0,0.0,0.0,1.0588,13.2353,0.0,1.7145,1.2883,1.7933,1.3017,0.2037,0.0983,3.0681,19.3846,0.0203,23.5869,1.34,0.5900000000000001,26.83,156.0,1.0,191.0,11.22,0.0,0.0,0.4,5.0,0.0,7.0,34.0,18.5294,49,a,1,0,1,5,1,Fulham,A,3,0.857,1.2604,1.8579,0.5975,0.496,0.0,-0.0717,-0.0179,0.0218,0.0571,0.2067,0.7537,-0.1793,0.121,0.5625,0.5975,0.496,False
606745,Heaven,Man Utd,DEF,90,1,0,0,140.5,920.0,0.0217,0.0088,1.195,7.8203,0.5713,270.0,0.0,0.0033,1.2967,6.6667,1.0,1.7145,1.2883,1.7933,1.3017,0.0338,0.0138,1.8656,12.2083,0.8919,25.6239,0.34,0.18,11.95,93.0,3.0,164.0,16.4139,0.0,0.01,3.89,20.0,3.0,52.0,270.0,17.3333,44,a,0,1,1,5,1,Fulham,A,3,0.857,1.2604,2.4556,0.8275,0.7967,0.0,-0.0993,-0.0248,0.0988,0.051,0.1309,1.0151,-0.3342,0.2433,0.8125,0.8275,0.7967,False
230001,Mazraoui,Man Utd,DEF,97,1,0,0,181.8,977.0,0.0173,0.0221,1.3511,8.4924,0.7094,298.0,0.0,0.0181,1.2141,8.1544,0.906,1.7145,1.2883,1.7933,1.3017,0.0349,0.0447,2.7292,17.1547,1.433,48.4786,0.19,0.35,12.99,94.0,6.0,233.0,23.9993,0.0,0.06,4.02,27.0,3.0,93.0,298.0,28.0872,44,a,0,1,1,5,1,Fulham,A,3,0.857,1.2604,2.6072,0.8275,0.7967,0.0,-0.0993,-0.0248,0.2457,0.0683,0.1183,1.0151,-0.3342,0.3033,0.8125,0.8275,0.7967,False
106760,Shaw,Man Utd,DEF,252,3,0,0,446.3,3220.0,0.03,0.0609,1.2803,7.0554,0.1799,513.0,0.0316,0.0754,1.314,8.4211,0.5263,1.7145,1.2883,1.7933,1.3017,0.1487,0.3022,6.3489,34.9871,0.8919,76.6767,0.72,1.98,44.9,224.0,3.0,449.0,15.4625,0.18,0.43,7.49,48.0,3.0,122.0,513.0,21.4035,44,d,0,3,3,5,1,Fulham,A,3,0.857,1.2604,2.822,0.908,0.8825,0.0,-0.109,-0.0272,0.1154,0.1457,0.1581,1.1244,-0.3699,0.223,0.9,0.908,0.8825,False
577974,Amass,Man Utd,DEF,0,0,0,0,0.0,0.0,0.0,0.0,0.0,0.0,0.0,0.0,0.0,0.0,0.0,0.0,0.0,1.7145,1.2883,1.7933,1.3017,0.0,0.0,0.0,0.0,0.0,0.0,0.0,0.0,0.0,0.0,0.0,0.0,0.0,0.0,0.0,0.0,0.0,0.0,0.0,0.0,0.0,40,a,0,0,0,5,1,Fulham,A,3,0.857,1.2604,0.0,0.0,0.0,0.0,0.0,0.0,0.0,0.0,0.0,0.0,0.0,0.0,0.0,0.0,0.0,False
547676,Fredricson,Man Utd,DEF,0,0,0,0,0.2,2.0,0.0,0.0,10.935,72.945,0.0,0.0,0.0,0.0,0.0,0.0,0.0,1.7145,1.2883,1.7933,1.3017,0.0,0.0,0.0243,0.1621,0.0,0.3242,0.0,0.0,0.3,2.0,0.0,4.0,145.89,0.0,0.0,0.0,0.0,0.0,0.0,0.0,0.0,40,u,0,0,0,5,1,Fulham,A,3,0.857,1.2604,0.0,0.0,0.0,0.0,0.0,0.0,0.0,0.0,0.0,0.0,0.0,0.0,0.0,0.0,0.0,False
141746,B.Fernandes,Man Utd,MID,360,4,0,0,448.0,3065.0,0.2208,0.4372,1.3094,7.0242,1.2759,540.0,0.075,0.46,1.3017,6.5,0.8333,1.7145,1.2883,1.7933,1.3017,1.0989,2.1762,6.518,34.9647,6.3513,159.1553,10.79,12.28,44.42,287.0,41.0,1008.0,31.9732,0.45,2.76,7.81,39.0,5.0,186.0,540.0,31.0,120,a,0,4,4,5,1,Fulham,A,3,0.857,1.2604,4.6238,1.0,0.9645,0.0,-0.12,-0.03,0.8203,1.0137,0.797,0.3072,0.0,0.1345,1.0,1.0,0.9645,False
446008,Mbeumo,Man Utd,MID,360,4,0,0,344.4,2611.0,0.601,0.1343,1.1847,4.865,0.3871,400.0,0.8865,0.1192,1.3185,4.5,0.225,1.7145,1.2883,1.7933,1.3017,2.2997,0.5141,4.5335,18.6167,1.4812,67.842,11.98,4.99,35.87,139.0,16.0,528.0,17.7287,3.94,0.53,5.86,20.0,1.0,77.0,400.0,17.325,79,a,0,4,4,5,1,Fulham,A,3,0.857,1.2604,4.9409,1.0,0.9645,0.0,-0.12,-0.03,0.2123,0.3474,2.3883,0.3072,0.0,0.0245,1.0,1.0,0.9645,False
430871,Cunha,Man Utd,MID,317,4,0,0,351.9,2493.0,0.2183,0.1299,1.3404,7.8602,0.5827,335.0,0.2579,0.1746,1.4104,8.0597,0.5373,1.7145,1.2883,1.7933,1.3017,0.8537,0.5078,5.241,30.7333,2.2782,93.5642,6.9,3.36,35.75,211.0,14.0,591.0,23.9295,0.96,0.65,5.25,30.0,2.0,110.0,335.0,29.5522,79,a,0,4,4,5,1,Fulham,A,3,0.857,1.2604,3.4201,1.0,0.9112,0.0,-0.12,-0.03,0.3043,0.3328,0.8386,0.3121,0.0,0.1334,1.0,1.0,0.9112,False
176297,Rashford,Man Utd,MID,275,3,0,0,0.0,0.0,0.0,0.0,0.0,0.0,0.0,0.0,0.0,0.0,0.0,0.0,0.0,1.7145,1.2883,1.7933,1.3017,0.0,0.0,0.0,0.0,0.0,0.0,0.0,0.0,0.0,0.0,0.0,0.0,0.0,0.0,0.0,0.0,0.0,0.0,0.0,0.0,0.0,70,a,0,3,3,5,1,Fulham,A,3,0.857,1.2604,1.7578,0.9313,0.4815,0.0,-0.1118,-0.0279,0.0958,0.112,0.1866,0.2192,0.0,0.0,0.875,0.9313,0.4815,False
184341,Mount,Man Utd,MID,0,0,0,0,120.2,1010.0,0.0651,0.1179,1.0179,14.3333,0.0862,197.0,0.0091,0.1005,0.9868,17.8173,0.0,1.7145,1.2883,1.7933,1.3017,0.0869,0.1575,1.3594,19.1429,0.1151,23.4651,1.56,1.62,12.46,102.0,3.0,201.0,17.5695,0.02,0.22,2.16,39.0,0.0,34.0,197.0,15.533,54,a,0,0,0,5,1,Fulham,A,3,0.857,1.2604,0.4845,0.488,0.0563,0.0,-0.0586,-0.0146,0.0125,0.0496,0.0588,0.0214,0.0,0.0274,0.0691,0.488,0.0563,False
493250,Amad,Man Utd,MID,0,0,0,0,329.6,2339.0,0.1804,0.2147,1.3288,6.9574,0.2006,354.0,0.2136,0.3102,1.3729,6.1017,0.2542,1.7145,1.2883,1.7933,1.3017,0.6605,0.7864,4.8665,25.4795,0.7346,57.7071,5.46,4.74,31.69,198.0,7.0,463.0,15.7574,0.84,1.2200000000000002,5.4,24.0,1.0,52.0,354.0,13.2203,58,i,0,0,0,5,1,Fulham,A,3,0.857,1.2604,0.0,0.0,0.0,0.0,0.0,0.0,0.0,0.0,0.0,0.0,0.0,0.0,0.0,0.0,0.0,False
516895,Mainoo,Man Utd,MID,275,3,0,0,365.3,1653.0,0.0309,0.0646,1.2295,10.3681,0.1742,540.0,0.04,0.0733,1.3017,11.1667,0.3333,1.7145,1.2883,1.7933,1.3017,0.1256,0.2624,4.9905,42.0828,0.7071,76.109,0.48,1.27,22.88,187.0,2.0,340.0,18.7512,0.24,0.44,7.81,67.0,2.0,125.0,540.0,20.8333,55,a,0,3,3,5,1,Fulham,A,3,0.857,1.2604,2.4001,0.9313,0.8442,0.0,-0.1118,-0.0279,0.1751,0.2048,0.2444,0.2689,0.0,0.3992,0.875,0.9313,0.8442,False
232112,Ugarte,Man Utd,MID,0,0,0,0,81.9,876.0,0.1392,0.0157,1.9218,14.587,0.0,0.0,0.0,0.0,0.0,0.0,0.0,1.7145,1.2883,1.7933,1.3017,0.1267,0.0143,1.7488,13.2742,0.0,17.6806,0.72,0.16,18.22,142.0,0.0,183.0,19.4292,0.0,0.0,0.0,0.0,0.0,0.0,0.0,0.0,50,i,0,0,0,5,1,Fulham,A,3,0.857,1.2604,0.0,0.0,0.0,0.0,0.0,0.0,0.0,0.0,0.0,0.0,0.0,0.0,0.0,0.0,0.0,False
547037,J.Fletcher,Man Utd,MID,0,0,0,0,8.9,107.0,0.0273,0.0182,1.5715,9.183,0.0,0.0,0.0,0.0,0.0,0.0,0.0,1.7145,1.2883,1.7933,1.3017,0.0027,0.0018,0.1554,0.9081,0.0,0.8545,0.03,0.02,1.86,11.0,0.0,10.0,8.641,0.0,0.0,0.0,0.0,0.0,0.0,0.0,0.0,49,a,0,0,0,5,1,Fulham,A,3,0.857,1.2604,0.0,0.0,0.0,0.0,0.0,0.0,0.0,0.0,0.0,0.0,0.0,0.0,0.0,0.0,0.0,False
576628,Lacey,Man Utd,MID,10,0,1,0,13.9,40.0,0.1327,0.0298,1.2445,6.6179,0.0,28.0,0.0964,0.0321,1.2857,6.4286,0.0,1.7145,1.2883,1.7933,1.3017,0.0205,0.0046,0.1922,1.0221,0.0,1.1455,0.1,0.01,0.51,3.0,0.0,9.0,7.4169,0.03,0.01,0.4,2.0,0.0,1.0,28.0,3.2143,49,a,1,0,1,5,1,Fulham,A,3,0.857,1.2604,1.6655,0.7594,0.4422,0.0,-0.0911,-0.0228,0.0262,0.186,0.3265,0.168,0.0,0.0015,0.5625,0.7594,0.4422,False
490881,Collyer,Man Utd,MID,0,0,0,0,0.0,0.0,0.0,0.0,0.0,0.0,0.0,0.0,0.0,0.0,0.0,0.0,0.0,1.7145,1.2883,1.7933,1.3017,0.0,0.0,0.0,0.0,0.0,0.0,0.0,0.0,0.0,0.0,0.0,0.0,0.0,0.0,0.0,0.0,0.0,0.0,0.0,0.0,0.0,50,u,0,0,0,5,1,Fulham,A,3,0.857,1.2604,0.0,0.0,0.0,0.0,0.0,0.0,0.0,0.0,0.0,0.0,0.0,0.0,0.0,0.0,0.0,False
576620,Bendito Mantato,Man Utd,MID,0,0,0,0,1.3,15.0,0.0,0.0623,0.3046,0.0,0.0,0.0,0.0,0.0,0.0,0.0,0.0,1.7145,1.2883,1.7933,1.3017,0.0,0.0009,0.0044,0.0,0.0,0.2652,0.0,0.01,0.05,0.0,0.0,3.0,18.36,0.0,0.0,0.0,0.0,0.0,0.0,0.0,0.0,45,a,0,0,0,5,1,Fulham,A,3,0.857,1.2604,0.0,0.0,0.0,0.0,0.0,0.0,0.0,0.0,0.0,0.0,0.0,0.0,0.0,0.0,0.0,False
519913,Fletcher,Man Utd,MID,0,0,0,0,7.5,17.0,0.0,0.018,1.7412,11.004,0.0,16.0,0.0,0.0,1.7438,11.25,0.0,1.7145,1.2883,1.7933,1.3017,0.0,0.0015,0.1451,0.917,0.0,1.8215,0.0,0.01,0.33,2.0,0.0,6.0,21.858,0.0,0.0,0.31,2.0,0.0,3.0,16.0,16.875,45,a,0,0,0,5,1,Fulham,A,3,0.857,1.2604,0.3812,0.4531,0.0053,0.0,-0.0544,-0.0136,0.0154,0.0383,0.0636,0.0024,0.0,0.0,0.0056,0.4531,0.0053,False
485711,Šeško,Man Utd,FWD,76,0,1,0,204.9,1630.0,0.6199,0.0134,1.5401,3.155,1.1654,211.0,0.7294,0.0213,1.2839,3.4123,0.8531,1.7145,1.2883,1.7933,1.3017,1.4114,0.0306,3.5062,7.1828,2.6533,63.8345,9.21,0.28,27.05,64.0,19.0,405.0,28.0386,1.71,0.05,3.01,8.0,2.0,67.0,211.0,28.5782,70,a,1,0,1,5,1,Fulham,A,3,0.857,1.2604,2.2013,0.7594,0.4422,0.0,-0.0911,-0.0228,0.0743,0.0642,0.9849,0.0,0.0,0.0001,0.5625,0.7594,0.4422,False
458249,Zirkzee,Man Utd,FWD,7,0,1,0,71.9,607.0,0.4844,0.0439,1.6209,6.3309,0.5292,98.0,0.5143,0.0184,1.6347,6.4286,0.0,1.7145,1.2883,1.7933,1.3017,0.387,0.0351,1.2949,5.0577,0.4228,16.6069,2.74,0.34,9.41,44.0,6.0,146.0,20.7875,0.56,0.02,1.78,7.0,0.0,16.0,98.0,14.6939,54,a,1,0,1,5,1,Fulham,A,3,0.857,1.2604,1.9865,0.7594,0.4422,0.0,-0.0911,-0.0228,0.0438,0.1217,0.743,0.0,0.0,0.0013,0.5625,0.7594,0.4422,False
596047,Obi,Man Utd,FWD,0,0,0,0,0.0,0.0,0.0,0.0,0.0,0.0,0.0,0.0,0.0,0.0,0.0,0.0,0.0,1.7145,1.2883,1.7933,1.3017,0.0,0.0,0.0,0.0,0.0,0.0,0.0,0.0,0.0,0.0,0.0,0.0,0.0,0.0,0.0,0.0,0.0,0.0,0.0,0.0,0.0,45,u,0,0,0,5,1,Fulham,A,3,0.857,1.2604,0.0,0.0,0.0,0.0,0.0,0.0,0.0,0.0,0.0,0.0,0.0,0.0,0.0,0.0,0.0,False
465694,N.Gonzalez,Newcastle,MID,164,3,0,0,148.7,1561.0,0.0484,0.0652,1.4398,12.1412,0.0268,191.0,0.0565,0.0565,1.6869,11.3089,0.0,1.5301,1.5382,1.5433,1.4783,0.08,0.1077,2.3788,20.06,0.0442,32.0696,0.68,1.12,20.35,206.0,1.0,337.0,19.41,0.12,0.12,3.58,24.0,0.0,48.0,191.0,22.6178,55,d,0,3,3,5,1,Hull City,H,2,1.3243,1.0022,2.1048,0.9313,0.4815,0.0,-0.1118,-0.0279,0.1811,0.2174,0.3158,0.2464,0.0,0.0459,0.875,0.9313,0.4815,False
98747,Pope,Newcastle,GK,0,0,0,0,329.1,2416.0,0.0077,0.0,1.3297,0.0,0.0168,450.0,0.0,0.0,1.176,0.0,0.0,1.5301,1.5382,1.5433,1.4783,0.0283,0.0,4.8624,0.0,0.0613,50.5122,0.16,0.0,32.89,0.0,3.0,414.0,13.8137,0.0,0.0,5.88,0.0,0.0,78.0,450.0,15.6,49,a,0,0,0,5,1,Hull City,H,2,1.3243,1.0022,0.6391,0.1663,0.1571,0.1169,-0.02,-0.005,0.0046,0.0,0.0054,0.2875,-0.0357,0.0,0.1579,0.1663,0.1571,False
81441,Gillespie,Newcastle,GK,0,0,0,0,0.0,0.0,0.0,0.0,0.0,0.0,0.0,0.0,0.0,0.0,0.0,0.0,0.0,1.5301,1.5382,1.5433,1.4783,0.0,0.0,0.0,0.0,0.0,0.0,0.0,0.0,0.0,0.0,0.0,0.0,0.0,0.0,0.0,0.0,0.0,0.0,0.0,0.0,0.0,45,a,0,0,0,5,1,Hull City,H,2,1.3243,1.0022,0.0,0.0,0.0,0.0,0.0,0.0,0.0,0.0,0.0,0.0,0.0,0.0,0.0,0.0,0.0,False
554578,Jaouen,Newcastle,GK,0,0,0,0,,,,,,,,,,,,,,1.5301,1.5382,1.5433,1.4783,,,,,,,,,,,,,,,,,,,,,,45,d,0,0,0,5,1,Hull City,H,2,1.3243,1.0022,0.0,0.0,0.0,0.0,0.0,0.0,0.0,0.0,0.0,0.0,0.0,0.0,0.0,0.0,0.0,False
465642,Thiaw,Newcastle,DEF,360,4,0,0,452.8,2963.0,0.1622,0.0244,1.5988,8.2478,0.2369,540.0,0.1767,0.01,1.4783,6.6667,0.0,1.5301,1.5382,1.5433,1.4783,0.8161,0.1226,8.0437,41.4957,1.192,59.6721,4.8,0.96,49.21,292.0,12.0,436.0,11.8606,1.06,0.06,8.870000000000001,40.0,0.0,65.0,540.0,10.8333,50,a,0,4,4,5,1,Hull City,H,2,1.3243,1.0022,4.5708,1.0,0.9814,0.0,-0.12,-0.03,0.2236,0.1048,1.1586,1.5538,-0.2954,0.1813,1.0,1.0,0.9814,False
119471,Schär,Newcastle,DEF,1,0,1,0,62.2,1089.0,0.1104,0.0572,1.2805,9.4075,0.0,0.0,0.0,0.0,0.0,0.0,0.0,1.5301,1.5382,1.5433,1.4783,0.0763,0.0395,0.885,6.5016,0.0,9.7182,0.97,0.6000000000000001,13.85,115.0,0.0,186.0,14.0617,0.0,0.0,0.0,0.0,0.0,0.0,0.0,0.0,50,a,1,0,1,5,1,Hull City,H,2,1.3243,1.0022,2.2848,0.5975,0.4991,0.0,-0.0717,-0.0179,0.0477,0.104,0.3461,0.9134,-0.1273,0.0631,0.5625,0.5975,0.4991,False
220237,Botman,Newcastle,DEF,360,4,0,0,336.2,1834.0,0.0841,0.0542,1.4508,12.2053,0.1487,540.0,0.04,0.0817,1.4783,14.0,0.0,1.5301,1.5382,1.5433,1.4783,0.3141,0.2025,5.4194,45.5934,0.5553,55.0164,1.73,0.86,27.58,216.0,6.0,332.0,14.7278,0.24,0.49,8.870000000000001,84.0,0.0,81.0,540.0,13.5,50,a,0,4,4,5,1,Hull City,H,2,1.3243,1.0022,4.3341,1.0,0.9814,0.0,-0.12,-0.03,0.4706,0.2272,0.5525,1.5538,-0.2954,0.6501,1.0,1.0,0.9814,False
78916,Burn,Newcastle,DEF,0,0,0,0,295.0,2195.0,0.0866,0.0089,1.5076,9.2103,0.0518,384.0,0.1617,0.0094,1.3453,7.7344,0.0,1.5301,1.5382,1.5433,1.4783,0.2839,0.0291,4.9415,30.1892,0.1699,35.0407,1.08,0.36,30.15,225.0,5.0,286.0,10.6904,0.69,0.04,5.74,33.0,0.0,48.0,384.0,11.25,49,i,0,0,0,5,1,Hull City,H,2,1.3243,1.0022,0.0,0.0,0.0,0.0,0.0,0.0,0.0,0.0,0.0,0.0,0.0,0.0,0.0,0.0,0.0,False
487838,Hall,Newcastle,DEF,359,4,0,0,364.5,2176.0,0.042,0.1051,1.6746,6.4225,0.0914,337.0,0.0427,0.0641,1.7493,6.1424,0.0,1.5301,1.5382,1.5433,1.4783,0.1701,0.4255,6.7822,26.0111,0.3702,49.6502,1.01,2.78,37.72,173.0,4.0,347.0,12.2593,0.16,0.24,6.55,23.0,0.0,40.0,337.0,10.6825,52,a,0,4,4,5,1,Hull City,H,2,1.3243,1.0022,3.9793,1.0,0.956,0.0,-0.12,-0.03,0.1923,0.3301,0.3254,1.5994,-0.2679,0.051,1.0,1.0,0.956,False
441191,Livramento,Newcastle,DEF,33,0,1,0,118.6,1326.0,0.0068,0.0766,1.9307,4.2371,0.0423,73.0,0.0,0.037,2.7986,6.1644,0.0,1.5301,1.5382,1.5433,1.4783,0.0089,0.101,2.5442,5.5835,0.0557,17.2258,0.13,0.89,18.62,68.0,3.0,252.0,13.0719,0.0,0.03,2.27,5.0,0.0,7.0,73.0,8.6301,49,a,1,0,1,5,1,Hull City,H,2,1.3243,1.0022,2.0282,0.5975,0.4991,0.0,-0.0717,-0.0179,0.0418,0.1281,0.0712,0.9134,-0.1273,0.0034,0.5625,0.5975,0.4991,False
545477,A.Murphy,Newcastle,DEF,0,0,0,0,2.9,7.0,0.0,0.0,4.2734,46.9179,0.0,6.0,0.0,0.0,3.3,45.0,0.0,1.5301,1.5382,1.5433,1.4783,0.0,0.0,0.1377,1.5118,0.0,1.6977,0.0,0.0,0.49,4.0,0.0,3.0,52.6872,0.0,0.0,0.22,3.0,0.0,4.0,6.0,60.0,40,u,0,0,0,5,1,Hull City,H,2,1.3243,1.0022,0.0,0.0,0.0,0.0,0.0,0.0,0.0,0.0,0.0,0.0,0.0,0.0,0.0,0.0,0.0,False
201666,Barnes,Newcastle,MID,360,4,0,0,278.6,1951.0,0.2732,0.115,1.6354,4.2903,0.3017,284.0,0.2884,0.1743,1.7842,4.1197,0.3169,1.5301,1.5382,1.5433,1.4783,0.8456,0.3561,5.0624,13.2808,0.9339,53.5238,6.84,2.72,30.3,100.0,9.0,349.0,17.2905,0.91,0.55,5.63,13.0,1.0,79.0,284.0,25.0352,60,a,0,4,4,5,1,Hull City,H,2,1.3243,1.0022,3.6491,1.0,0.7073,0.0,-0.12,-0.03,0.1887,0.4046,1.2908,0.3366,0.0,0.0006,1.0,1.0,0.7073,False
449434,Elanga,Newcastle,MID,232,3,0,0,154.7,1302.0,0.1098,0.139,1.7524,4.14,0.0,94.0,0.2011,0.0574,2.8149,3.8298,0.0,1.5301,1.5382,1.5433,1.4783,0.1887,0.2389,3.0122,7.1162,0.0,22.1079,1.65,1.74,21.11,55.0,0.0,179.0,12.8617,0.21,0.06,2.94,4.0,0.0,14.0,94.0,13.4043,62,i,0,3,3,5,1,Hull City,H,2,1.3243,1.0022,0.0,0.0,0.0,0.0,0.0,0.0,0.0,0.0,0.0,0.0,0.0,0.0,0.0,0.0,0.0,False
232653,J.Ramsey,Newcastle,MID,69,0,1,0,277.0,1441.0,0.0624,0.0966,1.6636,9.5566,0.3307,361.0,0.0374,0.1346,1.5058,10.2216,0.4986,1.5301,1.5382,1.5433,1.4783,0.192,0.2974,5.1203,29.413,1.0177,67.4356,1.2,1.45,27.24,149.0,3.0,303.0,21.9105,0.15,0.54,6.04,41.0,2.0,96.0,361.0,23.9335,49,d,1,0,1,5,1,Hull City,H,2,1.3243,1.0022,1.8148,0.7594,0.448,0.0,-0.0911,-0.0228,0.1231,0.236,0.2861,0.205,0.0,0.0338,0.5625,0.7594,0.448,False
114243,J.Murphy,Newcastle,MID,91,1,0,0,222.9,1606.0,0.0769,0.0952,1.6072,6.0503,0.4596,280.0,0.0321,0.0804,1.2696,5.7857,0.9643,1.5301,1.5382,1.5433,1.4783,0.1904,0.2359,3.9804,14.9846,1.1383,39.3704,3.07,2.66,24.35,90.0,5.0,314.0,15.8965,0.1,0.2499999999999999,3.95,18.0,3.0,47.0,280.0,15.1071,59,a,0,1,1,5,1,Hull City,H,2,1.3243,1.0022,2.7399,0.8969,0.7855,0.0,-0.1076,-0.0269,0.1318,0.3642,0.514,0.3109,0.0,0.0222,0.8125,0.8969,0.7855,False
180974,Joelinton,Newcastle,MID,0,0,0,0,237.3,1950.0,0.1144,0.0655,1.5162,11.1516,0.0671,180.0,0.135,0.1,1.315,12.0,0.0,1.5301,1.5382,1.5433,1.4783,0.3016,0.1728,3.9977,29.403,0.1768,33.875,2.36,1.35,28.75,238.0,2.0,304.0,12.8477,0.27,0.2,2.63,24.0,0.0,23.0,180.0,11.5,54,i,0,0,0,5,1,Hull City,H,2,1.3243,1.0022,0.0,0.0,0.0,0.0,0.0,0.0,0.0,0.0,0.0,0.0,0.0,0.0,0.0,0.0,0.0,False
547719,L.Miley,Newcastle,MID,306,4,0,0,191.8,1493.0,0.0547,0.0858,1.538,8.9135,0.2471,270.0,0.0,0.03,1.67,9.3333,0.0,1.5301,1.5382,1.5433,1.4783,0.1166,0.1828,3.2777,18.9956,0.5267,37.4904,1.36,2.1,21.22,155.0,5.0,334.0,17.5919,0.0,0.09,5.01,28.0,0.0,38.0,270.0,12.6667,55,a,0,4,4,5,1,Hull City,H,2,1.3243,1.0022,2.4937,1.0,0.6155,0.0,-0.12,-0.03,0.1871,0.292,0.3749,0.3032,0.0,0.0192,1.0,1.0,0.6155,False
200089,Willock,Newcastle,MID,198,2,0,0,203.1,972.0,0.1154,0.1283,1.6181,6.9954,0.0,279.0,0.1452,0.1387,1.2613,4.1935,0.0,1.5301,1.5382,1.5433,1.4783,0.2604,0.2895,3.6514,15.7863,0.0,35.2022,1.26,1.07,17.83,89.0,0.0,166.0,15.5992,0.4499999999999999,0.43,3.91,13.0,0.0,52.0,279.0,16.7742,50,a,0,2,2,5,1,Hull City,H,2,1.3243,1.0022,3.1913,0.9175,0.8216,0.0,-0.1101,-0.0275,0.1485,0.4813,0.7637,0.3252,0.0,0.0279,0.85,0.9175,0.8216,False
611665,Touré,Newcastle,MID,34,0,1,0,,,,,,,,,,,,,,1.5301,1.5382,1.5433,1.4783,,,,,,,,,,,,,,,,,,,,,,58,a,1,0,1,5,1,Hull City,H,2,1.3243,1.0022,2.0442,0.7594,0.448,0.0,-0.0911,-0.0228,0.112,0.286,0.4766,0.205,0.0,0.0002,0.5625,0.7594,0.448,False
636852,Steur,Newcastle,MID,158,1,0,0,,,,,,,,,,,,,,1.5301,1.5382,1.5433,1.4783,,,,,,,,,,,,,,,,,,,,,,49,a,0,1,1,5,1,Hull City,H,2,1.3243,1.0022,1.9837,0.8969,0.4473,0.0,-0.1076,-0.0269,0.1524,0.1925,0.3208,0.2373,0.0,0.0,0.8125,0.8969,0.4473,False
470313,Woltemade,Newcastle,FWD,19,0,1,0,234.3,1896.0,0.167,0.1243,1.286,5.3648,0.4938,230.0,0.0783,0.27,1.0878,5.087,0.7826,1.5301,1.5382,1.5433,1.4783,0.4347,0.3237,3.3478,13.9664,1.2855,52.278,6.59,1.53,25.67,105.0,12.0,399.0,20.0812,0.2,0.69,2.78,13.0,2.0,65.0,230.0,25.4348,59,u,1,0,1,5,1,Hull City,H,2,1.3243,1.0022,0.0,0.0,0.0,0.0,0.0,0.0,0.0,0.0,0.0,0.0,0.0,0.0,0.0,0.0,0.0,False
216646,Wissa,Newcastle,FWD,351,4,0,0,82.5,517.0,0.659,0.0599,2.0037,3.7596,0.0,94.0,1.1298,0.0096,1.8862,2.8723,0.0,1.5301,1.5382,1.5433,1.4783,0.6041,0.0549,1.8367,3.4463,0.0,10.3255,3.1300000000000003,0.54,9.97,22.0,0.0,70.0,11.2642,1.1800000000000002,0.01,1.97,3.0,0.0,6.0,94.0,5.7447,62,a,0,4,4,5,1,Hull City,H,2,1.3243,1.0022,3.2031,1.0,0.55,0.0,-0.12,-0.03,0.2365,0.2063,1.3701,0.0,0.0,0.0,1.0,1.0,0.55,False
538207,Osula,Newcastle,FWD,55,1,0,0,204.4,805.0,0.563,0.0934,1.5716,3.1212,1.8403,441.0,0.5408,0.1143,1.4082,2.0408,1.8367,1.5301,1.5382,1.5433,1.4783,1.2787,0.2121,3.5692,7.0885,4.1796,74.1881,4.28,0.62,14.48,31.0,13.0,284.0,32.666,2.65,0.5599999999999999,6.9,10.0,9.0,142.0,441.0,28.9796,59,i,0,1,1,5,1,Hull City,H,2,1.3243,1.0022,0.0,0.0,0.0,0.0,0.0,0.0,0.0,0.0,0.0,0.0,0.0,0.0,0.0,0.0,0.0,False
599303,Neave,Newcastle,FWD,0,0,0,0,6.0,13.0,0.207,0.0,2.544,0.0,0.0,13.0,0.2077,0.0,2.5615,0.0,0.0,1.5301,1.5382,1.5433,1.4783,0.0138,0.0,0.1696,0.0,0.0,0.917,0.03,0.0,0.37,0.0,0.0,2.0,13.755,0.03,0.0,0.37,0.0,0.0,2.0,13.0,13.8462,45,u,0,0,0,5,1,Hull City,H,2,1.3243,1.0022,0.0,0.0,0.0,0.0,0.0,0.0,0.0,0.0,0.0,0.0,0.0,0.0,0.0,0.0,0.0,False
632794,Bamba,Newcastle,MID,24,0,1,0,,,,,,,,,,,,,,1.5301,1.5382,1.5433,1.4783,,,,,,,,,,,,,,,,,,,,,,49,a,1,0,1,5,1,Hull City,H,2,1.3243,1.0022,2.0596,0.7594,0.448,0.0,-0.0911,-0.0228,0.1129,0.2914,0.4857,0.205,0.0,0.0003,0.5625,0.7594,0.448,False
470551,Horníček,Newcastle,GK,360,4,0,0,,,,,,,,,,,,,,1.5301,1.5382,1.5433,1.4783,,,,,,,,,,,,,,,,,,,,,,50,a,0,4,4,5,1,Hull City,H,2,1.3243,1.0022,5.0471,1.0,0.995,0.7404,-0.12,-0.03,0.4876,0.0,0.0,2.1117,-0.0995,0.0,1.0,1.0,0.995,False
463726,Dedić,Newcastle,DEF,327,4,0,0,,,,,,,,,,,,,,1.5301,1.5382,1.5433,1.4783,,,,,,,,,,,,,,,,,,,,,,45,a,0,4,4,5,1,Hull City,H,2,1.3243,1.0022,2.8667,1.0,0.55,0.0,-0.12,-0.03,0.2248,0.06,0.1201,1.1673,-0.0995,0.0004,1.0,1.0,0.55,False
553746,Shahar,Newcastle,DEF,0,0,0,0,0.0,0.0,0.0,0.0,0.0,0.0,0.0,0.0,0.0,0.0,0.0,0.0,0.0,1.5301,1.5382,1.5433,1.4783,0.0,0.0,0.0,0.0,0.0,0.0,0.0,0.0,0.0,0.0,0.0,0.0,0.0,0.0,0.0,0.0,0.0,0.0,0.0,0.0,0.0,40,u,0,0,0,5,1,Hull City,H,2,1.3243,1.0022,0.0,0.0,0.0,0.0,0.0,0.0,0.0,0.0,0.0,0.0,0.0,0.0,0.0,0.0,0.0,False
613221,Fernandez-Pardo,Newcastle,FWD,84,1,0,0,,,,,,,,,,,,,,1.5301,1.5382,1.5433,1.4783,,,,,,,,,,,,,,,,,,,,,,60,a,0,1,1,5,1,Hull City,H,2,1.3243,1.0022,2.2432,0.8969,0.4473,0.0,-0.1076,-0.0269,0.1518,0.2168,0.6746,0.0,0.0,0.0,0.8125,0.8969,0.4473,False
665243,Miley,Newcastle,MID,0,0,0,0,,,,,,,,,,,,,,1.5301,1.5382,1.5433,1.4783,,,,,,,,,,,,,,,,,,,,,,45,a,0,0,0,5,1,Hull City,H,2,1.3243,1.0022,0.0,0.0,0.0,0.0,0.0,0.0,0.0,0.0,0.0,0.0,0.0,0.0,0.0,0.0,0.0,False
463034,Delap,Nott'm Forest,FWD,187,2,0,0,177.6,1092.0,0.3194,0.0144,1.5056,3.5589,0.0533,299.0,0.1716,0.009,1.4689,2.408,0.0,1.3224,1.5725,1.5133,1.7017,0.6303,0.0285,2.971,7.0228,0.1051,13.851,4.54,0.23,16.669999999999998,42.0,1.0,123.0,7.0191,0.57,0.03,4.88,8.0,0.0,5.0,299.0,1.505,55,a,0,2,2,5,1,Coventry City,H,2,1.3243,1.0484,3.4664,0.9175,0.823,0.0,-0.1101,-0.0275,0.1839,0.2096,1.4798,0.0,0.0,0.0003,0.85,0.9175,0.823,False
247348,Muñoz,Nott'm Forest,DEF,175,2,0,0,347.0,2400.0,0.0659,0.1293,1.4078,7.4392,0.2276,531.0,0.0322,0.0949,1.4712,7.1186,0.1695,1.3224,1.5725,1.5133,1.7017,0.2539,0.4985,5.4279,28.6823,0.8777,54.4543,2.45,3.94,34.28,196.0,9.0,469.0,14.1236,0.19,0.56,8.68,42.0,1.0,70.0,531.0,11.8644,54,a,0,2,2,5,1,Coventry City,H,2,1.3243,1.0484,3.661,0.908,0.8841,0.0,-0.109,-0.0272,0.1302,0.3973,0.4222,1.3456,-0.2842,0.126,0.9,0.908,0.8841,False
85633,Sels,Nott'm Forest,GK,360,4,0,0,393.1,2667.0,0.0,0.0006,1.6195,0.0,0.0787,540.0,0.0,0.0,1.7017,0.0,0.0,1.3224,1.5725,1.5133,1.7017,0.0,0.0026,7.0736,0.0,0.3439,72.7965,0.0,0.06,45.12,0.0,3.0,431.0,16.6667,0.0,0.0,10.21,0.0,0.0,103.0,540.0,17.1667,50,a,0,4,4,5,1,Coventry City,H,2,1.3243,1.0484,4.1781,1.0,0.995,0.7404,-0.12,-0.03,0.4304,0.0016,0.0,1.5144,-0.3156,0.0,1.0,1.0,0.995,False
221389,John,Nott'm Forest,GK,0,0,0,0,35.5,437.0,0.0,0.0,1.3084,0.0,0.0,0.0,0.0,0.0,0.0,0.0,0.0,1.3224,1.5725,1.5133,1.7017,0.0,0.0,0.5161,0.0,0.0,2.2087,0.0,0.0,6.13,0.0,0.0,32.0,5.5995,0.0,0.0,0.0,0.0,0.0,0.0,0.0,0.0,45,a,0,0,0,5,1,Coventry City,H,2,1.3243,1.0484,0.0,0.0,0.0,0.0,0.0,0.0,0.0,0.0,0.0,0.0,0.0,0.0,0.0,0.0,0.0,False
215136,N.Williams,Nott'm Forest,DEF,360,4,0,0,436.2,3203.0,0.0494,0.1178,1.558,7.2431,0.4588,495.0,0.0382,0.0655,1.7945,7.6364,0.0,1.3224,1.5725,1.5133,1.7017,0.2395,0.5709,7.5512,35.1051,2.2238,72.7537,2.01,3.97,51.36,247.0,15.0,531.0,15.0111,0.21,0.36,9.87,42.0,0.0,57.0,495.0,10.3636,50,a,0,4,4,5,1,Coventry City,H,2,1.3243,1.0484,3.9865,1.0,0.9823,0.0,-0.12,-0.03,0.2073,0.3939,0.3795,1.4951,-0.3156,0.1334,1.0,1.0,0.9823,False
485047,Morato,Nott'm Forest,DEF,0,0,0,0,222.1,1340.0,0.134,0.0132,1.977,10.0442,0.0232,402.0,0.1097,0.0157,2.1291,9.403,0.0,1.3224,1.5725,1.5133,1.7017,0.3308,0.0326,4.8789,24.7869,0.0573,31.8722,1.32,0.15,24.34,144.0,1.0,190.0,12.9153,0.49,0.07,9.51,42.0,0.0,45.0,402.0,10.0746,50,u,0,0,0,5,1,Coventry City,H,2,1.3243,1.0484,0.0,0.0,0.0,0.0,0.0,0.0,0.0,0.0,0.0,0.0,0.0,0.0,0.0,0.0,0.0,False
227444,Milenković,Nott'm Forest,DEF,270,3,0,0,462.8,3375.0,0.0106,0.0259,1.5488,8.5957,0.0598,495.0,0.0036,0.04,1.6509,9.6364,0.0,1.3224,1.5725,1.5133,1.7017,0.0544,0.133,7.9644,44.2008,0.3073,60.3605,0.83,0.68,54.98,311.0,2.0,401.0,11.7382,0.02,0.22,9.08,53.0,0.0,63.0,495.0,11.4545,55,i,0,3,3,5,1,Coventry City,H,2,1.3243,1.0484,0.0,0.0,0.0,0.0,0.0,0.0,0.0,0.0,0.0,0.0,0.0,0.0,0.0,0.0,0.0,False
575476,Murillo,Nott'm Forest,DEF,359,4,0,0,236.2,2130.0,0.0349,0.0123,1.3422,9.2851,0.0551,41.0,0.0,0.0,0.0878,13.1707,0.0,1.3224,1.5725,1.5133,1.7017,0.0915,0.0323,3.5225,24.3681,0.1446,38.4185,0.73,0.47,32.99,223.0,3.0,333.0,14.6387,0.0,0.0,0.04,6.0,0.0,8.0,41.0,17.561,55,a,0,4,4,5,1,Coventry City,H,2,1.3243,1.0484,2.7325,1.0,0.55,0.0,-0.12,-0.03,0.1248,0.0384,0.1471,1.1354,-0.1072,0.0245,1.0,1.0,0.55,False
159506,Aina,Nott'm Forest,DEF,306,4,0,0,256.8,1587.0,0.0245,0.0369,1.2694,7.4469,0.3051,180.0,0.025,0.01,0.53,6.5,0.0,1.3224,1.5725,1.5133,1.7017,0.0698,0.1052,3.622,21.2485,0.8706,49.8007,0.41,0.8400000000000001,25.31,130.0,5.0,264.0,17.4535,0.05,0.02,1.06,13.0,0.0,40.0,180.0,20.0,45,a,0,4,4,5,1,Coventry City,H,2,1.3243,1.0484,2.8016,1.0,0.55,0.0,-0.12,-0.03,0.1799,0.076,0.1235,1.1354,-0.1072,0.0079,1.0,1.0,0.55,False
575458,Jair Cunha,Nott'm Forest,DEF,270,3,0,0,140.0,514.0,0.0496,0.016,1.5744,7.7833,0.0,300.0,0.039,0.018,1.47,8.1,0.0,1.3224,1.5725,1.5133,1.7017,0.0771,0.0249,2.4491,12.1073,0.0,12.8919,0.27,0.06,10.35,47.0,0.0,48.0,8.2876,0.13,0.06,4.9,27.0,0.0,30.0,300.0,9.0,45,d,0,3,3,5,1,Coventry City,H,2,1.3243,1.0484,3.1873,0.885,0.8596,0.0,-0.1062,-0.0266,0.0809,0.119,0.3496,1.3083,-0.2764,0.1554,0.875,0.885,0.8596,False
500151,Savona,Nott'm Forest,DEF,0,0,0,0,54.0,1025.0,0.1023,0.0443,1.254,4.646,0.0,0.0,0.0,0.0,0.0,0.0,0.0,1.3224,1.5725,1.5133,1.7017,0.0614,0.0266,0.7524,2.7876,0.0,6.7665,1.34,0.45,15.04,57.0,0.0,131.0,11.2775,0.0,0.0,0.0,0.0,0.0,0.0,0.0,0.0,45,i,0,0,0,5,1,Coventry City,H,2,1.3243,1.0484,0.0,0.0,0.0,0.0,0.0,0.0,0.0,0.0,0.0,0.0,0.0,0.0,0.0,0.0,0.0,False
204822,O.Richards,Nott'm Forest,DEF,0,0,0,0,0.0,0.0,0.0,0.0,0.0,0.0,0.0,0.0,0.0,0.0,0.0,0.0,0.0,1.3224,1.5725,1.5133,1.7017,0.0,0.0,0.0,0.0,0.0,0.0,0.0,0.0,0.0,0.0,0.0,0.0,0.0,0.0,0.0,0.0,0.0,0.0,0.0,0.0,0.0,40,a,0,0,0,5,1,Coventry City,H,2,1.3243,1.0484,0.0,0.0,0.0,0.0,0.0,0.0,0.0,0.0,0.0,0.0,0.0,0.0,0.0,0.0,0.0,False
549067,Abbott,Nott'm Forest,DEF,0,0,0,0,29.9,165.0,0.0,0.0045,1.5989,5.8518,0.0,45.0,0.0,0.0,0.68,6.0,0.0,1.3224,1.5725,1.5133,1.7017,0.0,0.0015,0.5312,1.9441,0.0,0.425,0.0,0.01,3.47,13.0,0.0,3.0,1.2793,0.0,0.0,0.34,3.0,0.0,2.0,45.0,4.0,40,u,0,0,0,5,1,Coventry City,H,2,1.3243,1.0484,0.0,0.0,0.0,0.0,0.0,0.0,0.0,0.0,0.0,0.0,0.0,0.0,0.0,0.0,0.0,False
470315,Netz,Nott'm Forest,DEF,20,0,1,0,126.8,353.0,0.0,0.0508,2.1854,7.0285,0.0,305.0,0.0,0.0148,2.3075,7.6721,0.0,1.3224,1.5725,1.5133,1.7017,0.0,0.0716,3.079,9.9024,0.0,10.5073,0.0,0.41,7.87,27.0,0.0,33.0,7.4579,0.0,0.05,7.82,26.0,0.0,25.0,305.0,7.377,44,a,1,0,1,5,1,Coventry City,H,2,1.3243,1.0484,1.9846,0.5975,0.5023,0.0,-0.0717,-0.0179,0.0248,0.0913,0.1119,0.8888,-0.1363,0.0286,0.5625,0.5975,0.5023,False
538638,Bindon,Nott'm Forest,DEF,0,0,0,0,,,,,,,,,,,,,,1.3224,1.5725,1.5133,1.7017,,,,,,,,,,,,,,,,,,,,,,40,u,0,0,0,5,1,Coventry City,H,2,1.3243,1.0484,0.0,0.0,0.0,0.0,0.0,0.0,0.0,0.0,0.0,0.0,0.0,0.0,0.0,0.0,0.0,False
222531,Gibbs-White,Nott'm Forest,MID,360,4,0,0,405.2,3101.0,0.3963,0.0951,1.4741,5.3348,0.815,378.0,0.519,0.1786,1.5786,5.9524,1.6667,1.3224,1.5725,1.5133,1.7017,1.7842,0.428,6.6368,24.0185,3.6691,119.8832,10.81,2.91,49.7,178.0,18.0,712.0,26.6276,2.18,0.75,6.63,25.0,7.0,186.0,378.0,44.2857,79,a,0,4,4,5,1,Coventry City,H,2,1.3243,1.0484,5.8105,1.0,0.9679,0.0,-0.12,-0.03,0.8204,0.4569,2.4758,0.3683,0.0,0.02,1.0,1.0,0.9679,False
209046,Hudson-Odoi,Nott'm Forest,MID,1,0,1,0,189.1,1838.0,0.1296,0.1807,1.4655,5.2901,0.3857,0.0,0.0,0.0,0.0,0.0,0.0,1.3224,1.5725,1.5133,1.7017,0.2723,0.3797,3.0791,11.1151,0.8105,39.3126,2.77,3.02,30.88,106.0,8.0,358.0,18.7104,0.0,0.0,0.0,0.0,0.0,0.0,0.0,0.0,58,a,1,0,1,5,1,Coventry City,H,2,1.3243,1.0484,2.3717,0.8212,0.544,0.0,-0.0985,-0.0246,0.0785,0.4116,0.5278,0.2406,0.0,0.0024,0.675,0.8212,0.544,False
456512,Ndoye,Nott'm Forest,MID,258,4,0,0,66.4,1167.0,0.1059,0.1147,1.1773,7.5875,0.1053,0.0,0.0,0.0,0.0,0.0,0.0,1.3224,1.5725,1.5133,1.7017,0.0781,0.0846,0.8686,5.5979,0.0777,11.3393,1.05,1.51,15.96,96.0,4.0,178.0,15.3695,0.0,0.0,0.0,0.0,0.0,0.0,0.0,0.0,55,a,0,4,4,5,1,Coventry City,H,2,1.3243,1.0484,2.2776,1.0,0.55,0.0,-0.12,-0.03,0.0794,0.2489,0.3944,0.2839,0.0,0.0031,1.0,1.0,0.55,False
503301,Hutchinson,Nott'm Forest,MID,0,0,0,0,279.0,1676.0,0.0634,0.186,1.3067,6.7081,0.0665,335.0,0.0403,0.2257,1.5528,6.1791,0.0,1.3224,1.5725,1.5133,1.7017,0.1966,0.5765,4.0507,20.795,0.2063,51.0515,2.01,3.87,24.42,129.0,3.0,329.0,16.4682,0.15,0.8400000000000001,5.78,23.0,0.0,65.0,335.0,17.4627,54,u,0,0,0,5,1,Coventry City,H,2,1.3243,1.0484,0.0,0.0,0.0,0.0,0.0,0.0,0.0,0.0,0.0,0.0,0.0,0.0,0.0,0.0,0.0,False
476887,Bakwa,Nott'm Forest,MID,0,0,0,0,98.8,549.0,0.0585,0.1501,1.9649,4.4324,0.3221,207.0,0.0174,0.1435,1.8304,3.913,0.4348,1.3224,1.5725,1.5133,1.7017,0.0642,0.1648,2.157,4.8658,0.3536,19.7929,0.54,1.01,10.94,35.0,1.0,100.0,18.03,0.04,0.33,4.21,9.0,1.0,45.0,207.0,19.5652,55,u,0,0,0,5,1,Coventry City,H,2,1.3243,1.0484,0.0,0.0,0.0,0.0,0.0,0.0,0.0,0.0,0.0,0.0,0.0,0.0,0.0,0.0,0.0,False
432714,McAtee,Nott'm Forest,MID,334,4,0,0,50.2,288.0,0.1052,0.1424,2.556,14.6883,0.0,115.0,0.1252,0.1487,2.4574,14.8696,0.0,1.3224,1.5725,1.5133,1.7017,0.0587,0.0794,1.4257,8.1928,0.0,13.3351,0.18,0.37,7.34,32.0,0.0,60.0,23.9075,0.16,0.19,3.14,19.0,0.0,28.0,115.0,21.913,55,a,0,4,4,5,1,Coventry City,H,2,1.3243,1.0484,2.5547,1.0,0.55,0.0,-0.12,-0.03,0.2612,0.2929,0.4456,0.2839,0.0,0.0099,1.0,1.0,0.55,False
250199,Dominguez,Nott'm Forest,MID,1,0,1,0,188.7,1168.0,0.1249,0.0691,2.0017,12.6962,0.1504,230.0,0.1252,0.1291,1.9565,15.6522,0.0,1.3224,1.5725,1.5133,1.7017,0.2619,0.1449,4.1968,26.6196,0.3153,42.1048,1.47,0.77,23.21,143.0,3.0,229.0,20.0818,0.32,0.33,4.999999999999999,40.0,0.0,58.0,230.0,22.6957,49,a,1,0,1,5,1,Coventry City,H,2,1.3243,1.0484,1.9028,0.7594,0.4537,0.0,-0.0911,-0.0228,0.0771,0.2034,0.4513,0.2007,0.0,0.0985,0.5625,0.7594,0.4537,False
210462,I.Sangaré,Nott'm Forest,MID,98,1,0,0,294.8,2073.0,0.0284,0.0677,1.4551,13.0226,0.0416,219.0,0.0,0.0452,1.3521,16.8493,0.0,1.3224,1.5725,1.5133,1.7017,0.0931,0.2216,4.7664,42.6561,0.1363,49.1276,1.16,1.8,33.17,267.0,2.0,366.0,14.9982,0.0,0.11,3.29,41.0,0.0,38.0,219.0,15.6164,49,a,0,1,1,5,1,Coventry City,H,2,1.3243,1.0484,2.673,0.945,0.8713,0.0,-0.1134,-0.0284,0.171,0.307,0.3177,0.3315,0.0,0.577,0.9,0.945,0.8713,False
204968,Yates,Nott'm Forest,MID,0,0,0,0,103.0,602.0,0.1284,0.0664,1.5357,11.5646,0.0,197.0,0.1234,0.0822,1.631,12.7919,0.0,1.3224,1.5725,1.5133,1.7017,0.147,0.076,1.7575,13.235,0.0,19.095,0.49,0.37,8.56,69.0,0.0,123.0,16.685,0.27,0.18,3.5700000000000003,28.0,0.0,35.0,197.0,15.9898,45,a,0,0,0,5,1,Coventry City,H,2,1.3243,1.0484,0.5843,0.488,0.0577,0.0,-0.0586,-0.0146,0.0133,0.0639,0.138,0.0255,0.0,0.0043,0.0691,0.488,0.0577,False
60689,Wood,Nott'm Forest,FWD,45,0,1,0,142.6,896.0,0.3887,0.0543,1.7103,3.7363,0.2398,333.0,0.3541,0.0541,1.5892,4.0541,0.2703,1.3224,1.5725,1.5133,1.7017,0.6159,0.0861,2.7099,5.92,0.38,22.5423,4.29,0.32,14.44,29.0,4.0,145.0,14.2273,1.31,0.2,5.88,15.0,1.0,59.0,333.0,15.9459,58,a,1,0,1,5,1,Coventry City,H,2,1.3243,1.0484,2.3484,0.7594,0.4537,0.0,-0.0911,-0.0228,0.0676,0.1848,1.0066,0.0,0.0,0.0001,0.5625,0.7594,0.4537,False
482973,Igor Jesus,Nott'm Forest,FWD,226,2,0,0,368.5,2293.0,0.259,0.0409,1.5456,5.2022,0.6385,411.0,0.3723,0.0219,1.7102,6.5693,1.0949,1.3224,1.5725,1.5133,1.7017,1.0603,0.1674,6.3284,21.3,2.6142,79.4643,6.48,1.26,38.77,123.0,13.0,407.0,19.4078,1.7,0.1,7.81,30.0,5.0,131.0,411.0,28.6861,58,a,0,2,2,5,1,Coventry City,H,2,1.3243,1.0484,3.608,0.945,0.8713,0.0,-0.1134,-0.0284,0.2792,0.2231,1.4408,0.0,0.0,0.01,0.9,0.945,0.8713,False
465680,Kalimuendo,Nott'm Forest,FWD,1,0,1,0,3.1,89.0,0.511,0.0145,1.1642,7.6674,0.0,0.0,0.0,0.0,0.0,0.0,0.0,1.3224,1.5725,1.5133,1.7017,0.0176,0.0005,0.0401,0.2641,0.0,1.1428,0.4399999999999999,0.02,1.57,6.0,0.0,24.0,33.1781,0.0,0.0,0.0,0.0,0.0,0.0,0.0,0.0,54,a,1,0,1,5,1,Coventry City,H,2,1.3243,1.0484,2.587,0.7594,0.4537,0.0,-0.0911,-0.0228,0.2175,0.2637,1.0162,0.0,0.0,0.0,0.5625,0.7594,0.4537,False
204561,Schlager,Nott'm Forest,MID,286,3,0,0,,,,,,,,,,,,,,1.3224,1.5725,1.5133,1.7017,,,,,,,,,,,,,,,,,,,,,,50,a,0,3,3,5,1,Coventry City,H,2,1.3243,1.0484,1.9674,0.9313,0.4815,0.0,-0.1118,-0.0279,0.1198,0.1706,0.2843,0.2485,0.0,0.0,0.875,0.9313,0.4815,False
568420,Diomande,Nott'm Forest,DEF,91,1,0,0,,,,,,,,,,,,,,1.3224,1.5725,1.5133,1.7017,,,,,,,,,,,,,,,,,,,,,,54,a,0,1,1,5,1,Coventry City,H,2,1.3243,1.0484,2.2708,0.8275,0.447,0.0,-0.0993,-0.0248,0.0846,0.0688,0.1377,0.9228,-0.0875,0.0033,0.8125,0.8275,0.447,False
428971,Benda,Nott'm Forest,GK,0,0,0,0,0.0,0.0,0.0,0.0,0.0,0.0,0.0,0.0,0.0,0.0,0.0,0.0,0.0,1.3224,1.5725,1.5133,1.7017,0.0,0.0,0.0,0.0,0.0,0.0,0.0,0.0,0.0,0.0,0.0,0.0,0.0,0.0,0.0,0.0,0.0,0.0,0.0,0.0,0.0,45,a,0,0,0,5,1,Coventry City,H,2,1.3243,1.0484,0.0,0.0,0.0,0.0,0.0,0.0,0.0,0.0,0.0,0.0,0.0,0.0,0.0,0.0,0.0,False
469142,Van Hecke,Spurs,DEF,360,4,0,0,451.4,3210.0,0.1187,0.052,1.2009,9.2611,0.1534,540.0,0.1883,0.05,1.1933,9.5,0.0,1.1557,1.2312,1.1983,0.7033,0.5954,0.2608,6.0231,46.4497,0.7696,82.6504,3.31,1.57,46.27,317.0,8.0,575.0,16.4788,1.13,0.3,7.16,57.0,0.0,86.0,540.0,14.3333,49,a,0,4,4,5,1,Aston Villa,H,3,1.039,1.0296,4.349,1.0,0.9814,0.0,-0.12,-0.03,0.41,0.1601,0.743,1.5179,-0.3074,0.4854,1.0,1.0,0.9814,False
109646,Tosin,Spurs,DEF,5,0,1,0,58.6,788.0,0.0074,0.0427,1.8404,11.3085,0.1481,45.0,0.0,0.0,2.18,6.0,0.0,1.1557,1.2312,1.1983,0.7033,0.0048,0.0278,1.1983,7.3631,0.0964,9.0793,0.11,0.4,13.25,97.0,2.0,130.0,13.9443,0.0,0.0,1.09,3.0,0.0,1.0,45.0,2.0,44,a,1,0,1,5,1,Aston Villa,H,3,1.039,1.0296,1.9453,0.5975,0.4991,0.0,-0.0717,-0.0179,0.0436,0.0665,0.0716,0.8953,-0.1327,0.164,0.5625,0.5975,0.4991,False
438234,Marmoush,Spurs,FWD,249,3,0,0,116.5,691.0,0.3247,0.0613,1.035,4.4781,0.5251,125.0,0.4032,0.0648,0.9648,5.04,0.72,1.1557,1.2312,1.1983,0.7033,0.4203,0.0794,1.3398,5.7966,0.6797,35.8784,2.78,0.77,7.92,39.0,5.0,182.0,27.7172,0.56,0.09,1.34,7.0,1.0,60.0,125.0,43.2,70,a,0,3,3,5,1,Aston Villa,H,3,1.039,1.0296,2.2978,0.9313,0.4815,0.0,-0.1118,-0.0279,0.2598,0.1404,0.6342,0.0,0.0,0.0001,0.875,0.9313,0.4815,False
510281,Sávio,Spurs,MID,150,2,0,0,132.1,817.0,0.3216,0.1485,1.4852,4.925,0.2627,242.0,0.2715,0.1376,1.495,4.8347,0.3719,1.1557,1.2312,1.1983,0.7033,0.472,0.218,2.1799,7.2288,0.3856,23.027,2.5,1.59,11.24,59.0,1.0,140.0,15.6883,0.73,0.37,4.02,13.0,1.0,46.0,242.0,17.1074,65,a,0,2,2,5,1,Aston Villa,H,3,1.039,1.0296,3.4536,0.9175,0.8216,0.0,-0.1101,-0.0275,0.111,0.4086,1.1438,0.3177,0.0,0.0165,0.85,0.9175,0.8216,False
432422,Tonali,Spurs,MID,344,4,0,0,332.8,2534.0,0.0586,0.1069,1.4737,8.9325,0.0599,407.0,0.042,0.1039,1.4219,8.4029,0.0,1.1557,1.2312,1.1983,0.7033,0.2167,0.3953,5.4495,33.0305,0.2214,61.3578,1.75,2.87,36.19,257.0,2.0,477.0,16.5932,0.19,0.47,6.430000000000001,38.0,0.0,73.0,407.0,16.1425,54,d,0,4,4,5,1,Aston Villa,H,3,1.039,1.0296,3.0144,1.0,0.9662,0.0,-0.12,-0.03,0.2152,0.357,0.3813,0.3736,0.0,0.2993,1.0,1.0,0.9662,False
184254,Vicario,Spurs,GK,0,0,0,0,252.6,2790.0,0.0,0.002,1.6505,0.0,0.0651,0.0,0.0,0.0,0.0,0.0,0.0,1.1557,1.2312,1.1983,0.7033,0.0,0.0056,4.6324,0.0,0.1828,27.8343,0.0,0.04,46.21,0.0,6.0,412.0,9.9172,0.0,0.0,0.0,0.0,0.0,0.0,0.0,0.0,45,u,0,0,0,5,1,Aston Villa,H,3,1.039,1.0296,0.0,0.0,0.0,0.0,0.0,0.0,0.0,0.0,0.0,0.0,0.0,0.0,0.0,0.0,0.0,False
214572,Austin,Spurs,GK,0,0,0,0,0.0,0.0,0.0,0.0,0.0,0.0,0.0,0.0,0.0,0.0,0.0,0.0,0.0,1.1557,1.2312,1.1983,0.7033,0.0,0.0,0.0,0.0,0.0,0.0,0.0,0.0,0.0,0.0,0.0,0.0,0.0,0.0,0.0,0.0,0.0,0.0,0.0,0.0,0.0,40,a,0,0,0,5,1,Aston Villa,H,3,1.039,1.0296,0.0,0.0,0.0,0.0,0.0,0.0,0.0,0.0,0.0,0.0,0.0,0.0,0.0,0.0,0.0,False
485055,Kinsky,Spurs,GK,360,4,0,0,226.1,630.0,0.0,0.0,0.7627,0.0,0.0,540.0,0.0,0.0,0.7033,0.0,0.0,1.1557,1.2312,1.1983,0.7033,0.0,0.0,1.916,0.0,0.0,27.7456,0.0,0.0,5.55,0.0,0.0,76.0,11.0442,0.0,0.0,4.22,0.0,0.0,67.0,540.0,11.1667,45,a,0,4,4,5,1,Aston Villa,H,3,1.039,1.0296,4.2418,1.0,0.995,0.9161,-0.12,-0.03,0.2873,0.0,0.0,1.5389,-0.3074,0.0,1.0,1.0,0.995,False
67089,Dubravka,Spurs,GK,0,0,0,0,362.5,3150.0,0.0,0.0009,2.0548,0.0,0.1368,270.0,0.0,0.0,2.1233,0.0,0.0,1.1557,1.2312,1.1983,0.7033,0.0,0.0035,8.2762,0.0,0.5509,46.959,0.0,0.04,71.26,0.0,7.0,436.0,11.6588,0.0,0.0,6.37,0.0,0.0,36.0,270.0,12.0,40,a,0,0,0,5,1,Aston Villa,H,3,1.039,1.0296,0.38,0.1038,0.0943,0.0868,-0.0125,-0.0031,0.0019,0.0002,0.0,0.1692,-0.0224,-0.0,0.0947,0.1038,0.0943,False
221466,Senesi,Spurs,DEF,90,1,0,0,468.9,3288.0,0.039,0.094,1.526,10.1355,0.4398,540.0,0.0217,0.1017,1.34,9.0,0.5,1.1557,1.2312,1.1983,0.7033,0.203,0.49,7.9503,52.8058,2.2913,86.6832,1.53,4.72,54.77,419.0,14.0,571.0,16.6379,0.13,0.61,8.04,54.0,3.0,117.0,540.0,19.5,58,a,0,1,1,5,1,Aston Villa,H,3,1.039,1.0296,3.503,0.908,0.8833,0.0,-0.109,-0.0272,0.2926,0.2543,0.2177,1.3661,-0.2768,0.5174,0.9,0.908,0.8833,False
441164,Pedro Porro,Spurs,DEF,180,2,0,0,405.5,2793.0,0.0471,0.1565,1.0846,7.4997,0.3972,540.0,0.06,0.1733,0.7033,9.1667,0.6667,1.1557,1.2312,1.1983,0.7033,0.2121,0.7049,4.8866,33.7901,1.7896,74.2167,1.05,4.37,37.75,218.0,8.0,502.0,16.4723,0.36,1.04,4.22,55.0,4.0,129.0,540.0,21.5,55,d,0,2,2,5,1,Aston Villa,H,3,1.039,1.0296,3.6544,0.908,0.8833,0.0,-0.109,-0.0272,0.2269,0.4038,0.2852,1.3661,-0.2768,0.262,0.9,0.908,0.8833,False
221632,Romero,Spurs,DEF,0,0,0,0,147.1,1869.0,0.0695,0.0712,1.4081,9.7426,0.3947,0.0,0.0,0.0,0.0,0.0,0.0,1.1557,1.2312,1.1983,0.7033,0.1136,0.1163,2.3015,15.9238,0.6451,19.5903,1.39,1.25,28.32,197.0,10.0,305.0,11.9859,0.0,0.0,0.0,0.0,0.0,0.0,0.0,0.0,50,u,0,0,0,5,1,Aston Villa,H,3,1.039,1.0296,0.0,0.0,0.0,0.0,0.0,0.0,0.0,0.0,0.0,0.0,0.0,0.0,0.0,0.0,0.0,False
122798,Robertson,Spurs,DEF,276,3,0,0,210.9,1165.0,0.1148,0.0981,1.5007,3.7416,0.173,311.0,0.1215,0.1013,1.7884,2.8939,0.0,1.1557,1.2312,1.1983,0.7033,0.2689,0.2298,3.5167,8.7677,0.4053,34.4268,1.1,1.4,17.44,55.0,4.0,216.0,14.6914,0.42,0.35,6.18,10.0,0.0,42.0,311.0,12.1543,44,a,0,3,3,5,1,Aston Villa,H,3,1.039,1.0296,3.5522,0.885,0.8588,0.0,-0.1062,-0.0266,0.1287,0.2315,0.5279,1.3282,-0.2692,0.0314,0.875,0.885,0.8588,False
491279,Van de Ven,Spurs,DEF,270,3,0,0,418.0,3041.0,0.0384,0.0064,1.0953,5.7115,0.1282,540.0,0.005,0.0067,0.7033,4.3333,0.0,1.1557,1.2312,1.1983,0.7033,0.1782,0.0299,5.0871,26.5267,0.5956,50.373,2.8200000000000003,0.38,42.99,212.0,10.0,431.0,10.8459,0.03,0.04,4.22,26.0,0.0,84.0,540.0,14.0,50,a,0,3,3,5,1,Aston Villa,H,3,1.039,1.0296,3.0695,0.908,0.8833,0.0,-0.109,-0.0272,0.0913,0.039,0.2009,1.3661,-0.2768,0.0726,0.9,0.908,0.8833,False
232859,Spence,Spurs,DEF,0,0,0,0,239.5,2049.0,0.0307,0.0766,1.2125,5.3722,0.2741,243.0,0.0148,0.0111,0.7852,4.4444,0.7407,1.1557,1.2312,1.1983,0.7033,0.0816,0.2038,3.2265,14.2959,0.7295,33.1027,0.9,1.7699999999999998,31.42,116.0,3.0,271.0,12.4394,0.04,0.03,2.12,12.0,2.0,51.0,243.0,18.8889,45,u,0,0,0,5,1,Aston Villa,H,3,1.039,1.0296,0.0,0.0,0.0,0.0,0.0,0.0,0.0,0.0,0.0,0.0,0.0,0.0,0.0,0.0,0.0,False
487053,Udogie,Spurs,DEF,86,1,0,0,241.7,1335.0,0.0082,0.0366,0.9548,4.679,0.1707,406.0,0.0044,0.0111,0.5675,4.8768,0.2217,1.1557,1.2312,1.1983,0.7033,0.022,0.0982,2.5642,12.5656,0.4585,25.8981,0.18,0.72,19.15,68.0,1.0,121.0,9.6435,0.02,0.05,2.56,22.0,1.0,53.0,406.0,11.7488,44,a,0,1,1,5,1,Aston Villa,H,3,1.039,1.0296,2.7472,0.8275,0.7975,0.0,-0.0993,-0.0248,0.0663,0.0978,0.105,1.2334,-0.2501,0.0562,0.8125,0.8275,0.7975,False
548308,Phillips,Spurs,DEF,0,0,0,0,0.0,0.0,0.0,0.0,0.0,0.0,0.0,0.0,0.0,0.0,0.0,0.0,0.0,1.1557,1.2312,1.1983,0.7033,0.0,0.0,0.0,0.0,0.0,0.0,0.0,0.0,0.0,0.0,0.0,0.0,0.0,0.0,0.0,0.0,0.0,0.0,0.0,0.0,0.0,45,u,0,0,0,5,1,Aston Villa,H,3,1.039,1.0296,0.0,0.0,0.0,0.0,0.0,0.0,0.0,0.0,0.0,0.0,0.0,0.0,0.0,0.0,0.0,False
115556,Davies,Spurs,DEF,0,0,0,0,12.6,136.0,0.3371,0.0479,0.7464,8.3579,0.6886,0.0,0.0,0.0,0.0,0.0,0.0,1.1557,1.2312,1.1983,0.7033,0.0472,0.0067,0.1045,1.1701,0.0964,2.6641,0.49,0.07,1.11,14.0,1.0,29.0,19.0293,0.0,0.0,0.0,0.0,0.0,0.0,0.0,0.0,40,a,0,0,0,5,1,Aston Villa,H,3,1.039,1.0296,0.0,0.0,0.0,0.0,0.0,0.0,0.0,0.0,0.0,0.0,0.0,0.0,0.0,0.0,0.0,False
640419,Byfield,Spurs,DEF,0,0,0,0,0.1,1.0,0.0,0.0,0.0,0.0,0.0,0.0,0.0,0.0,0.0,0.0,0.0,1.1557,1.2312,1.1983,0.7033,0.0,0.0,0.0,0.0,0.0,0.4089,0.0,0.0,0.0,0.0,0.0,3.0,368.01,0.0,0.0,0.0,0.0,0.0,0.0,0.0,0.0,40,a,0,0,0,5,1,Aston Villa,H,3,1.039,1.0296,0.0,0.0,0.0,0.0,0.0,0.0,0.0,0.0,0.0,0.0,0.0,0.0,0.0,0.0,0.0,False
499716,Rowswell,Spurs,DEF,0,0,0,0,0.2,1.0,0.0,0.0,37.125,0.0,0.0,0.0,0.0,0.0,0.0,0.0,0.0,1.1557,1.2312,1.1983,0.7033,0.0,0.0,0.0825,0.0,0.0,0.6878,0.0,0.0,0.36,0.0,0.0,3.0,309.51,0.0,0.0,0.0,0.0,0.0,0.0,0.0,0.0,40,a,0,0,0,5,1,Aston Villa,H,3,1.039,1.0296,0.0,0.0,0.0,0.0,0.0,0.0,0.0,0.0,0.0,0.0,0.0,0.0,0.0,0.0,0.0,False
616221,Souza,Spurs,DEF,0,0,0,0,28.6,142.0,0.0145,0.0183,1.552,3.7614,0.0,0.0,0.0,0.0,0.0,0.0,0.0,1.1557,1.2312,1.1983,0.7033,0.0046,0.0058,0.4932,1.1953,0.0,-0.1123,0.02,0.03,2.6100000000000003,6.0,0.0,0.0,-0.3534,0.0,0.0,0.0,0.0,0.0,0.0,0.0,0.0,40,u,0,0,0,5,1,Aston Villa,H,3,1.039,1.0296,0.0,0.0,0.0,0.0,0.0,0.0,0.0,0.0,0.0,0.0,0.0,0.0,0.0,0.0,0.0,False
460842,Kudus,Spurs,MID,78,0,1,0,69.2,1535.0,0.0982,0.1289,1.2932,8.2129,0.3635,0.0,0.0,0.0,0.0,0.0,0.0,1.1557,1.2312,1.1983,0.7033,0.0755,0.0991,0.9943,6.3148,0.2795,10.9617,1.92,2.41,22.74,133.0,7.0,257.0,14.2565,0.0,0.0,0.0,0.0,0.0,0.0,0.0,0.0,65,a,1,0,1,5,1,Aston Villa,H,3,1.039,1.0296,1.7172,0.7594,0.448,0.0,-0.0911,-0.0228,0.0421,0.2142,0.2953,0.2009,0.0,0.0364,0.5625,0.7594,0.448,False
493362,Xavi,Spurs,MID,0,0,0,0,199.8,1747.0,0.2153,0.2091,1.6076,7.0278,0.4751,152.0,0.4441,0.1776,0.6395,4.7368,1.1842,1.1557,1.2312,1.1983,0.7033,0.478,0.4643,3.5689,15.6018,1.0547,43.4197,3.06,3.85,30.71,149.0,7.0,345.0,19.5584,0.75,0.3,1.08,8.0,2.0,43.0,152.0,25.4605,59,i,0,0,0,5,1,Aston Villa,H,3,1.039,1.0296,0.0,0.0,0.0,0.0,0.0,0.0,0.0,0.0,0.0,0.0,0.0,0.0,0.0,0.0,0.0,False
511499,Tel,Spurs,MID,257,3,0,0,276.9,1334.0,0.1383,0.2039,1.0171,7.2667,0.3734,414.0,0.0783,0.2261,0.6739,7.1739,0.4348,1.1557,1.2312,1.1983,0.7033,0.4255,0.6272,3.1293,22.3571,1.1489,47.6623,2.47,2.43,17.29,111.0,7.0,266.0,15.4915,0.36,1.04,3.1,33.0,2.0,68.0,414.0,14.7826,58,a,0,3,3,5,1,Aston Villa,H,3,1.039,1.0296,3.1231,0.9313,0.8457,0.0,-0.1118,-0.0279,0.1145,0.5385,0.6347,0.327,0.0,0.0974,0.875,0.9313,0.8457,False
172780,Maddison,Spurs,MID,35,0,1,0,14.4,34.0,0.5519,0.1488,1.7131,13.3969,0.0,34.0,0.5559,0.1588,1.7206,13.2353,0.0,1.1557,1.2312,1.1983,0.7033,0.0883,0.0238,0.2741,2.1435,0.0,2.1847,0.21,0.06,0.65,5.0,0.0,5.0,13.6544,0.21,0.06,0.65,5.0,0.0,5.0,34.0,13.2353,63,a,1,0,1,5,1,Aston Villa,H,3,1.039,1.0296,1.9122,0.7594,0.448,0.0,-0.0911,-0.0228,0.0397,0.2395,0.4675,0.2009,0.0,0.0026,0.5625,0.7594,0.448,False
202993,Bentancur,Spurs,MID,287,3,0,0,254.7,1880.0,0.0424,0.0303,0.7685,13.4704,0.1724,473.0,0.0514,0.0304,0.5879,13.5095,0.1903,1.1557,1.2312,1.1983,0.7033,0.1199,0.0858,2.1749,38.1212,0.4878,50.4924,0.72,0.8400000000000001,23.65,278.0,4.0,366.0,17.8418,0.27,0.16,3.09,71.0,1.0,97.0,473.0,18.4567,55,a,0,3,3,5,1,Aston Villa,H,3,1.039,1.0296,2.7136,0.945,0.8698,0.0,-0.1134,-0.0284,0.3308,0.1694,0.333,0.3363,0.0,0.7675,0.9,0.945,0.8698,False
550839,Odobert,Spurs,MID,0,0,0,0,71.9,972.0,0.1984,0.1158,1.5255,7.7222,0.6354,0.0,0.0,0.0,0.0,0.0,0.0,1.1557,1.2312,1.1983,0.7033,0.1585,0.0925,1.2187,6.1692,0.5076,13.8679,1.92,1.21,14.24,77.0,6.0,176.0,17.359,0.0,0.0,0.0,0.0,0.0,0.0,0.0,0.0,55,i,0,0,0,5,1,Aston Villa,H,3,1.039,1.0296,0.0,0.0,0.0,0.0,0.0,0.0,0.0,0.0,0.0,0.0,0.0,0.0,0.0,0.0,0.0,False
482442,P.M.Sarr,Spurs,MID,0,0,0,0,166.9,1388.0,0.102,0.0734,1.7332,12.2357,0.1748,39.0,0.3,0.0692,1.0615,6.9231,0.0,1.1557,1.2312,1.1983,0.7033,0.1892,0.1362,3.2142,22.6905,0.3242,39.089,1.63,1.11,26.67,183.0,2.0,313.0,21.0786,0.13,0.03,0.4599999999999999,3.0,0.0,20.0,39.0,46.1538,49,u,0,0,0,5,1,Aston Villa,H,3,1.039,1.0296,0.0,0.0,0.0,0.0,0.0,0.0,0.0,0.0,0.0,0.0,0.0,0.0,0.0,0.0,0.0,False
232787,Gallagher,Spurs,MID,128,2,0,0,305.0,1183.0,0.1038,0.0417,1.1393,9.4887,0.313,516.0,0.1169,0.0314,0.6262,10.1163,0.5233,1.1557,1.2312,1.1983,0.7033,0.3519,0.1413,3.8609,32.1563,1.0607,54.1304,1.23,0.7,19.03,124.0,3.0,211.0,15.9729,0.67,0.18,3.59,58.0,3.0,100.0,516.0,17.4419,54,a,0,2,2,5,1,Aston Villa,H,3,1.039,1.0296,2.6905,0.9175,0.8216,0.0,-0.1101,-0.0275,0.1409,0.207,0.5523,0.3177,0.0,0.2388,0.85,0.9175,0.8216,False
570526,Bergvall,Spurs,MID,72,1,0,0,83.2,955.0,0.1212,0.0333,1.6674,6.7226,0.0,51.0,0.0882,0.0,1.9412,10.5882,0.0,1.1557,1.2312,1.1983,0.7033,0.112,0.0308,1.5414,6.2147,0.0,13.7045,1.23,0.43,13.66,79.0,0.0,163.0,14.8246,0.05,0.0,1.1,6.0,0.0,25.0,51.0,44.1176,54,a,0,1,1,5,1,Aston Villa,H,3,1.039,1.0296,1.8108,0.8969,0.4473,0.0,-0.1076,-0.0269,0.0617,0.1098,0.325,0.2335,0.0,0.003,0.8125,0.8969,0.4473,False
445044,Kulusevski,Spurs,MID,0,0,0,0,0.0,0.0,0.0,0.0,0.0,0.0,0.0,0.0,0.0,0.0,0.0,0.0,0.0,1.1557,1.2312,1.1983,0.7033,0.0,0.0,0.0,0.0,0.0,0.0,0.0,0.0,0.0,0.0,0.0,0.0,0.0,0.0,0.0,0.0,0.0,0.0,0.0,0.0,0.0,65,i,0,0,0,5,1,Aston Villa,H,3,1.039,1.0296,0.0,0.0,0.0,0.0,0.0,0.0,0.0,0.0,0.0,0.0,0.0,0.0,0.0,0.0,0.0,False
547701,Gray,Spurs,MID,236,3,0,0,211.7,1471.0,0.0897,0.0988,1.6473,7.678,0.3101,41.0,0.0878,0.0,1.361,6.5854,0.0,1.1557,1.2312,1.1983,0.7033,0.211,0.2324,3.8747,18.0603,0.7295,34.008,1.5,1.29,24.8,132.0,6.0,237.0,14.4578,0.04,0.0,0.62,3.0,0.0,8.0,41.0,17.561,49,a,0,3,3,5,1,Aston Villa,H,3,1.039,1.0296,1.8593,0.9313,0.4815,0.0,-0.1118,-0.0279,0.0635,0.1542,0.2461,0.2513,0.0,0.0076,0.875,0.9313,0.4815,False
499721,Moore,Spurs,MID,89,1,0,0,0.0,0.0,0.0,0.0,0.0,0.0,0.0,0.0,0.0,0.0,0.0,0.0,0.0,1.1557,1.2312,1.1983,0.7033,0.0,0.0,0.0,0.0,0.0,0.0,0.0,0.0,0.0,0.0,0.0,0.0,0.0,0.0,0.0,0.0,0.0,0.0,0.0,0.0,0.0,50,u,0,1,1,5,1,Aston Villa,H,3,1.039,1.0296,0.0,0.0,0.0,0.0,0.0,0.0,0.0,0.0,0.0,0.0,0.0,0.0,0.0,0.0,0.0,False
499726,Olusesi,Spurs,MID,0,0,0,0,3.2,14.0,0.0,0.0647,4.8347,12.8953,0.0,0.0,0.0,0.0,0.0,0.0,0.0,1.1557,1.2312,1.1983,0.7033,0.0,0.0023,0.1719,0.4585,0.0,0.6878,0.0,0.01,0.75,2.0,0.0,3.0,19.3444,0.0,0.0,0.0,0.0,0.0,0.0,0.0,0.0,44,a,0,0,0,5,1,Aston Villa,H,3,1.039,1.0296,0.0,0.0,0.0,0.0,0.0,0.0,0.0,0.0,0.0,0.0,0.0,0.0,0.0,0.0,0.0,False
551226,Fernandes,Spurs,MID,204,2,0,0,464.7,3017.0,0.0742,0.0962,1.4335,10.8842,0.1973,540.0,0.1233,0.0833,1.4917,11.6667,0.1667,1.1557,1.2312,1.1983,0.7033,0.3829,0.4967,7.4018,56.1986,1.0188,99.1148,1.99,2.96,48.3,369.0,7.0,659.0,19.1959,0.7400000000000001,0.5,8.95,70.0,1.0,116.0,540.0,19.3333,58,a,0,2,2,5,1,Aston Villa,H,3,1.039,1.0296,2.9492,0.945,0.8698,0.0,-0.1134,-0.0284,0.3137,0.2985,0.4565,0.3363,0.0,0.549,0.9,0.945,0.8698,False
154566,Solanke,Spurs,FWD,105,1,0,0,198.2,997.0,0.2545,0.0332,1.5178,6.5998,0.2812,129.0,0.0349,0.0837,0.6628,9.7674,0.0,1.1557,1.2312,1.1983,0.7033,0.5604,0.0732,3.3426,14.5343,0.6192,34.1093,2.97,0.3399999999999999,17.8,71.0,4.0,187.0,15.4886,0.05,0.12,0.95,14.0,0.0,20.0,129.0,13.9535,58,a,0,1,1,5,1,Aston Villa,H,3,1.039,1.0296,2.8457,0.8969,0.7855,0.0,-0.1076,-0.0269,0.1278,0.2028,0.9769,0.0,0.0,0.0325,0.8125,0.8969,0.7855,False
212319,Richarlison,Spurs,FWD,67,1,0,0,285.5,1954.0,0.4642,0.0518,0.9758,6.5441,0.8402,392.0,0.489,0.0436,0.6819,5.7398,0.9184,1.1557,1.2312,1.1983,0.7033,1.4727,0.1642,3.0953,20.7593,2.6654,65.6711,8.64,1.46,25.64,147.0,17.0,505.0,20.7019,2.13,0.19,2.97,25.0,4.0,79.0,392.0,18.1378,59,u,0,1,1,5,1,Aston Villa,H,3,1.039,1.0296,0.0,0.0,0.0,0.0,0.0,0.0,0.0,0.0,0.0,0.0,0.0,0.0,0.0,0.0,0.0,False
490145,Scarlett,Spurs,FWD,0,0,0,0,0.8,7.0,0.0,0.135,0.4275,14.0625,0.0,0.0,0.0,0.0,0.0,0.0,0.0,1.1557,1.2312,1.1983,0.7033,0.0,0.0012,0.0038,0.125,0.0,0.5678,0.0,0.01,0.03,1.0,0.0,5.0,63.8775,0.0,0.0,0.0,0.0,0.0,0.0,0.0,0.0,45,u,0,0,0,5,1,Aston Villa,H,3,1.039,1.0296,0.0,0.0,0.0,0.0,0.0,0.0,0.0,0.0,0.0,0.0,0.0,0.0,0.0,0.0,0.0,False
465920,Mudryk,Spurs,MID,16,0,1,0,0.0,0.0,0.0,0.0,0.0,0.0,0.0,0.0,0.0,0.0,0.0,0.0,0.0,1.1557,1.2312,1.1983,0.7033,0.0,0.0,0.0,0.0,0.0,0.0,0.0,0.0,0.0,0.0,0.0,0.0,0.0,0.0,0.0,0.0,0.0,0.0,0.0,0.0,0.0,54,i,1,0,1,5,1,Aston Villa,H,3,1.039,1.0296,0.0,0.0,0.0,0.0,0.0,0.0,0.0,0.0,0.0,0.0,0.0,0.0,0.0,0.0,0.0,False
611917,Williams-Barnett,Spurs,MID,0,0,0,0,0.0,0.0,0.0,0.0,0.0,0.0,0.0,0.0,0.0,0.0,0.0,0.0,0.0,1.1557,1.2312,1.1983,0.7033,0.0,0.0,0.0,0.0,0.0,0.0,0.0,0.0,0.0,0.0,0.0,0.0,0.0,0.0,0.0,0.0,0.0,0.0,0.0,0.0,0.0,45,a,0,0,0,5,1,Aston Villa,H,3,1.039,1.0296,0.0,0.0,0.0,0.0,0.0,0.0,0.0,0.0,0.0,0.0,0.0,0.0,0.0,0.0,0.0,False
135720,Danso,Sunderland,DEF,180,2,0,0,308.1,1489.0,0.0583,0.0133,0.995,10.8107,0.0109,540.0,0.055,0.0117,0.7033,10.1667,0.0,1.1579,1.3896,1.16,1.3683,0.1995,0.0456,3.4061,37.0087,0.0372,44.2437,0.62,0.28,20.15,192.0,1.0,219.0,12.9242,0.33,0.07,4.22,61.0,0.0,84.0,540.0,14.0,50,a,0,2,2,5,1,Man City,A,5,0.9107,2.3306,1.6429,0.862,0.8358,0.0,-0.1034,-0.0259,0.0796,0.0553,0.2645,0.4667,-0.7857,0.9323,0.85,0.862,0.8358,False
498016,Roefs,Sunderland,GK,360,4,0,0,416.7,3150.0,0.0,0.0025,1.3923,0.0,0.2528,540.0,0.0,0.0,1.3683,0.0,0.0,1.1579,1.3896,1.16,1.3683,0.0,0.0116,6.4465,0.0,1.1705,64.27,0.0,0.1,50.05,0.0,12.0,573.0,13.8812,0.0,0.0,8.209999999999999,0.0,0.0,57.0,540.0,9.5,49,a,0,4,4,5,1,Man City,A,5,0.9107,2.3306,3.0969,1.0,0.995,1.4405,-0.12,-0.03,0.2122,0.0046,0.0,0.5556,-0.9229,0.0,1.0,1.0,0.995,False
232571,Patterson,Sunderland,GK,0,0,0,0,0.0,0.0,0.0,0.0,0.0,0.0,0.0,0.0,0.0,0.0,0.0,0.0,0.0,1.1579,1.3896,1.16,1.3683,0.0,0.0,0.0,0.0,0.0,0.0,0.0,0.0,0.0,0.0,0.0,0.0,0.0,0.0,0.0,0.0,0.0,0.0,0.0,0.0,0.0,40,u,0,0,0,5,1,Man City,A,5,0.9107,2.3306,0.0,0.0,0.0,0.0,0.0,0.0,0.0,0.0,0.0,0.0,0.0,0.0,0.0,0.0,0.0,False
515046,Ellborg,Sunderland,GK,0,0,0,0,62.1,270.0,0.0,0.0067,1.3687,0.0,0.9141,0.0,0.0,0.0,0.0,0.0,0.0,1.1579,1.3896,1.16,1.3683,0.0,0.0046,0.9444,0.0,0.6307,13.8744,0.0,0.02,4.1,0.0,3.0,62.0,20.1078,0.0,0.0,0.0,0.0,0.0,0.0,0.0,0.0,45,a,0,0,0,5,1,Man City,A,5,0.9107,2.3306,0.0,0.0,0.0,0.0,0.0,0.0,0.0,0.0,0.0,0.0,0.0,0.0,0.0,0.0,0.0,False
223827,Ballard,Sunderland,DEF,360,4,0,0,236.3,2144.0,0.0828,0.021,1.4603,10.8565,0.2358,140.0,0.0257,0.0321,1.3371,6.4286,0.0,1.1579,1.3896,1.16,1.3683,0.2173,0.0552,3.8342,28.5043,0.6191,24.5763,2.46,0.63,33.2,264.0,9.0,340.0,9.3604,0.04,0.05,2.08,10.0,0.0,-23.0,140.0,-14.7857,49,a,0,4,4,5,1,Man City,A,5,0.9107,2.3306,1.8709,1.0,0.5554,0.0,-0.12,-0.03,0.046,0.0377,0.1978,0.5576,-0.3675,0.195,1.0,1.0,0.5554,False
200834,Mukiele,Sunderland,DEF,270,3,0,0,378.4,2784.0,0.0681,0.0988,1.3608,7.7297,0.3126,540.0,0.0567,0.0967,1.3683,7.1667,0.1667,1.1579,1.3896,1.16,1.3683,0.2864,0.4152,5.7212,32.4992,1.3144,61.0266,1.62,2.65,44.71,273.0,11.0,489.0,14.5148,0.34,0.58,8.209999999999999,43.0,1.0,57.0,540.0,9.5,54,a,0,3,3,5,1,Man City,A,5,0.9107,2.3306,1.9307,0.908,0.885,0.0,-0.109,-0.0272,0.0727,0.2265,0.318,0.4941,-0.8314,0.5305,0.9,0.908,0.885,False
487676,Hume,Sunderland,DEF,195,2,0,0,407.2,3032.0,0.0831,0.0857,1.3211,5.4469,0.1409,445.0,0.0728,0.0829,1.0942,5.0562,0.0,1.1579,1.3896,1.16,1.3683,0.3758,0.3877,5.9774,24.6443,0.6373,51.2766,2.27,2.05,47.27,203.0,6.0,383.0,11.3332,0.36,0.41,5.41,25.0,0.0,70.0,445.0,14.1573,44,a,0,2,2,5,1,Man City,A,5,0.9107,2.3306,1.9349,0.908,0.885,0.0,-0.109,-0.0272,0.0372,0.2002,0.3839,0.4941,-0.8314,0.2001,0.9,0.908,0.885,False
201895,Alderete,Sunderland,DEF,23,0,1,0,380.9,2797.0,0.0437,0.0186,1.4019,10.0502,0.0421,354.0,0.0636,0.0102,1.3551,8.6441,0.0,1.1579,1.3896,1.16,1.3683,0.1849,0.0786,5.9333,42.5345,0.1782,46.6044,1.62,0.91,44.52,312.0,5.0,400.0,11.0118,0.25,0.04,5.33,34.0,0.0,19.0,354.0,4.8305,49,a,1,0,1,5,1,Man City,A,5,0.9107,2.3306,1.358,0.701,0.6065,0.0,-0.0841,-0.021,0.026,0.0356,0.1469,0.451,-0.4978,0.3735,0.675,0.701,0.6065,False
434399,Reinildo,Sunderland,DEF,360,4,0,0,292.7,1966.0,0.0025,0.0342,1.17,7.1475,0.2305,448.0,0.0,0.0281,1.1752,6.6295,0.0,1.1579,1.3896,1.16,1.3683,0.0081,0.1112,3.805,23.2454,0.7497,47.971,0.13,0.62,26.72,164.0,6.0,281.0,14.7502,0.0,0.1399999999999999,5.85,33.0,0.0,69.0,448.0,13.8616,45,s,0,4,4,5,1,Man City,A,5,0.9107,2.3306,0.0,0.0,0.0,0.0,0.0,0.0,0.0,0.0,0.0,0.0,0.0,0.0,0.0,0.0,0.0,False
519634,Seelt,Sunderland,DEF,0,0,0,0,2.6,133.0,0.0,0.0069,0.9138,8.0688,0.0,0.0,0.0,0.0,0.0,0.0,0.0,1.1579,1.3896,1.16,1.3683,0.0,0.0002,0.0264,0.2331,0.0,0.2128,0.0,0.01,1.33,12.0,0.0,11.0,7.3662,0.0,0.0,0.0,0.0,0.0,0.0,0.0,0.0,45,u,0,0,0,5,1,Man City,A,5,0.9107,2.3306,0.0,0.0,0.0,0.0,0.0,0.0,0.0,0.0,0.0,0.0,0.0,0.0,0.0,0.0,0.0,False
477547,Hjelde,Sunderland,DEF,0,0,0,0,0.0,0.0,0.0,0.0,0.0,0.0,0.0,0.0,0.0,0.0,0.0,0.0,0.0,1.1579,1.3896,1.16,1.3683,0.0,0.0,0.0,0.0,0.0,0.0,0.0,0.0,0.0,0.0,0.0,0.0,0.0,0.0,0.0,0.0,0.0,0.0,0.0,0.0,0.0,40,u,0,0,0,5,1,Man City,A,5,0.9107,2.3306,0.0,0.0,0.0,0.0,0.0,0.0,0.0,0.0,0.0,0.0,0.0,0.0,0.0,0.0,0.0,False
167512,O'Nien,Sunderland,DEF,66,1,0,0,170.5,565.0,0.0334,0.019,1.3895,6.9935,0.242,247.0,0.0474,0.0073,1.7271,8.0162,0.3644,1.1579,1.3896,1.16,1.3683,0.0632,0.0359,2.6323,13.2488,0.4585,27.9234,0.15,0.13,9.24,43.0,1.0,90.0,14.7396,0.13,0.02,4.74,22.0,1.0,34.0,247.0,12.3887,40,a,0,1,1,5,1,Man City,A,5,0.9107,2.3306,1.5167,0.8275,0.799,0.0,-0.0993,-0.0248,0.0565,0.076,0.1931,0.4461,-0.7514,0.454,0.8125,0.8275,0.799,False
105717,Masuaku,Sunderland,DEF,0,0,0,0,3.7,125.0,0.0486,0.0608,1.53,7.1076,0.0,0.0,0.0,0.0,0.0,0.0,0.0,1.1579,1.3896,1.16,1.3683,0.002,0.0025,0.0629,0.2922,0.0,0.1023,0.07,0.08,2.09,10.0,0.0,4.0,2.4884,0.0,0.0,0.0,0.0,0.0,0.0,0.0,0.0,40,u,0,0,0,5,1,Man City,A,5,0.9107,2.3306,0.0,0.0,0.0,0.0,0.0,0.0,0.0,0.0,0.0,0.0,0.0,0.0,0.0,0.0,0.0,False
93605,Meunier,Sunderland,DEF,318,4,0,0,,,,,,,,,,,,,,1.1579,1.3896,1.16,1.3683,,,,,,,,,,,,,,,,,,,,,,45,a,0,4,4,5,1,Man City,A,5,0.9107,2.3306,1.7988,1.0,0.5554,0.0,-0.12,-0.03,0.0841,0.0417,0.0835,0.5576,-0.3675,0.0052,1.0,1.0,0.5554,False
484420,E.Le Fée,Sunderland,MID,348,4,0,0,428.5,2930.0,0.137,0.2746,1.3765,10.1528,0.7908,540.0,0.1067,0.3483,1.3683,10.1667,1.3333,1.1579,1.3896,1.16,1.3683,0.6524,1.3074,6.5537,48.3387,3.7652,107.5821,5.22,5.95,46.5,319.0,16.0,621.0,22.596,0.64,2.09,8.209999999999999,61.0,8.0,159.0,540.0,26.5,58,a,0,4,4,5,1,Man City,A,5,0.9107,2.3306,3.7353,1.0,0.9696,0.0,-0.12,-0.03,0.5724,0.725,0.6119,0.1353,0.0,0.9014,1.0,1.0,0.9696,False
547027,Diarra,Sunderland,MID,28,0,1,0,241.1,1403.0,0.2532,0.0746,1.5256,5.142,0.1526,214.0,0.3911,0.1262,2.0313,6.729,0.0,1.1579,1.3896,1.16,1.3683,0.6782,0.1999,4.0868,13.7749,0.4089,40.9693,3.27,0.85,21.52,79.0,3.0,209.0,15.2934,0.93,0.3,4.83,16.0,0.0,34.0,214.0,14.2991,54,i,1,0,1,5,1,Man City,A,5,0.9107,2.3306,0.0,0.0,0.0,0.0,0.0,0.0,0.0,0.0,0.0,0.0,0.0,0.0,0.0,0.0,0.0,False
84450,Xhaka,Sunderland,MID,360,4,0,0,399.1,2901.0,0.0345,0.1475,1.3749,11.3069,0.2913,540.0,0.03,0.21,1.3683,10.8333,0.5,1.1579,1.3896,1.16,1.3683,0.1528,0.6542,6.0967,50.1398,1.2919,77.4218,1.01,3.73,45.68,362.0,8.0,603.0,17.4592,0.18,1.26,8.209999999999999,65.0,3.0,105.0,540.0,17.5,55,a,0,4,4,5,1,Man City,A,5,0.9107,2.3306,2.8663,1.0,0.9696,0.0,-0.12,-0.03,0.3661,0.4312,0.243,0.1353,0.0,1.092,1.0,1.0,0.9696,False
577669,Sadiki,Sunderland,MID,343,4,0,0,421.7,2891.0,0.079,0.0475,1.2706,7.607,0.0,507.0,0.1136,0.071,1.2888,7.1006,0.0,1.1579,1.3896,1.16,1.3683,0.3701,0.2225,5.9536,35.6429,0.0,59.2914,1.43,1.46,41.39,248.0,0.0,410.0,12.6541,0.64,0.4,7.26,40.0,0.0,72.0,507.0,12.7811,49,a,0,4,4,5,1,Man City,A,5,0.9107,2.3306,2.5518,1.0,0.9696,0.0,-0.12,-0.03,0.0998,0.1871,0.4388,0.1353,0.0,0.4188,1.0,1.0,0.9696,False
535818,Adingra,Sunderland,MID,0,0,0,0,37.7,649.0,0.0494,0.0893,1.8275,6.7462,0.5806,0.0,0.0,0.0,0.0,0.0,0.0,1.1579,1.3896,1.16,1.3683,0.0207,0.0374,0.7655,2.8259,0.2432,4.323,0.35,0.62,11.3,45.0,3.0,81.0,10.3202,0.0,0.0,0.0,0.0,0.0,0.0,0.0,0.0,49,u,0,0,0,5,1,Man City,A,5,0.9107,2.3306,0.0,0.0,0.0,0.0,0.0,0.0,0.0,0.0,0.0,0.0,0.0,0.0,0.0,0.0,0.0,False
461199,Mundle,Sunderland,MID,1,0,1,0,45.4,399.0,0.2327,0.1076,2.0633,7.4343,0.0,0.0,0.0,0.0,0.0,0.0,0.0,1.1579,1.3896,1.16,1.3683,0.1174,0.0543,1.0408,3.7502,0.0,4.0815,0.87,0.48,8.54,33.0,0.0,42.0,8.0911,0.0,0.0,0.0,0.0,0.0,0.0,0.0,0.0,49,i,1,0,1,5,1,Man City,A,5,0.9107,2.3306,0.0,0.0,0.0,0.0,0.0,0.0,0.0,0.0,0.0,0.0,0.0,0.0,0.0,0.0,0.0,False
554197,Rigg,Sunderland,MID,17,0,1,0,126.4,758.0,0.1176,0.1295,1.7305,6.7937,0.178,121.0,0.1562,0.0595,2.4694,5.2066,0.0,1.1579,1.3896,1.16,1.3683,0.1651,0.1819,2.4304,9.5414,0.25,28.8876,0.86,0.93,12.46,57.0,1.0,136.0,20.5687,0.21,0.08,3.3200000000000003,7.0,0.0,46.0,121.0,34.2149,49,a,1,0,1,5,1,Man City,A,5,0.9107,2.3306,1.6167,0.7594,0.4595,0.0,-0.0911,-0.0228,0.0567,0.1889,0.3096,0.0854,0.0,0.0336,0.5625,0.7594,0.4595,False
549912,Talbi,Sunderland,MID,31,0,1,0,199.7,1553.0,0.1211,0.0894,1.3123,5.2475,0.2237,225.0,0.056,0.084,1.488,4.8,0.0,1.1579,1.3896,1.16,1.3683,0.2686,0.1983,2.9118,11.6437,0.4963,27.7681,2.13,1.1800000000000002,22.26,92.0,6.0,248.0,12.5144,0.14,0.21,3.72,12.0,0.0,17.0,225.0,6.8,53,a,1,0,1,5,1,Man City,A,5,0.9107,2.3306,1.5207,0.7594,0.4595,0.0,-0.0911,-0.0228,0.025,0.1469,0.2873,0.0854,0.0,0.0165,0.5625,0.7594,0.4595,False
699989,Jocelin.T,Sunderland,MID,0,0,0,0,6.7,38.0,0.0,0.0954,0.5696,7.1234,0.0,0.0,0.0,0.0,0.0,0.0,0.0,1.1579,1.3896,1.16,1.3683,0.0,0.0071,0.0424,0.5303,0.0,0.7071,0.0,0.04,0.24,3.0,0.0,4.0,9.4984,0.0,0.0,0.0,0.0,0.0,0.0,0.0,0.0,50,a,0,0,0,5,1,Man City,A,5,0.9107,2.3306,0.0,0.0,0.0,0.0,0.0,0.0,0.0,0.0,0.0,0.0,0.0,0.0,0.0,0.0,0.0,False
536661,N.Angulo,Sunderland,MID,254,4,0,0,110.4,401.0,0.1727,0.0254,1.3658,8.042,0.0,147.0,0.1714,0.0245,0.9857,7.3469,0.0,1.1579,1.3896,1.16,1.3683,0.2119,0.0312,1.6754,9.8649,0.0,11.7994,0.77,0.12,7.26,35.0,0.0,43.0,9.6191,0.28,0.04,1.61,12.0,0.0,16.0,147.0,9.7959,50,a,0,4,4,5,1,Man City,A,5,0.9107,2.3306,1.9494,1.0,0.55,0.0,-0.12,-0.03,0.0451,0.1315,0.3637,0.138,0.0,0.0135,1.0,1.0,0.55,False
441264,Brobbey,Sunderland,FWD,309,4,0,0,359.1,1920.0,0.3517,0.0359,1.3301,3.134,0.4965,470.0,0.2987,0.0402,1.2466,2.6809,0.1915,1.1579,1.3896,1.16,1.3683,1.4033,0.1433,5.3069,12.5047,1.981,49.0085,6.0200000000000005,0.67,31.4,74.0,12.0,309.0,12.2828,1.56,0.21,6.51,14.0,1.0,60.0,470.0,11.4894,58,a,0,4,4,5,1,Man City,A,5,0.9107,2.3306,3.3913,1.0,0.9696,0.0,-0.12,-0.03,0.1563,0.1718,1.2532,0.0,0.0,0.0028,1.0,1.0,0.9696,False
437505,Isidor,Sunderland,FWD,95,0,1,0,90.2,1148.0,0.5166,0.1079,1.7725,5.7262,0.1819,91.0,0.9593,0.2077,1.8593,6.9231,0.0,1.1579,1.3896,1.16,1.3683,0.5177,0.1081,1.7764,5.7389,0.1823,36.3912,4.7,0.38,19.82,51.0,7.0,266.0,36.3105,0.97,0.21,1.88,7.0,0.0,70.0,91.0,69.2308,55,a,1,0,1,5,1,Man City,A,5,0.9107,2.3306,2.3705,0.7594,0.4595,0.0,-0.0911,-0.0228,0.2002,0.1753,0.8997,0.0,0.0,0.0087,0.5625,0.7594,0.4595,False
638411,Methalie,Sunderland,DEF,0,0,0,0,,,,,,,,,,,,,,1.1579,1.3896,1.16,1.3683,,,,,,,,,,,,,,,,,,,,,,45,a,0,0,0,5,1,Man City,A,5,0.9107,2.3306,0.0,0.0,0.0,0.0,0.0,0.0,0.0,0.0,0.0,0.0,0.0,0.0,0.0,0.0,0.0,False
696104,Ahoka,Sunderland,MID,0,0,0,0,,,,,,,,,,,,,,1.1579,1.3896,1.16,1.3683,,,,,,,,,,,,,,,,,,,,,,45,a,0,0,0,5,1,Man City,A,5,0.9107,2.3306,0.0,0.0,0.0,0.0,0.0,0.0,0.0,0.0,0.0,0.0,0.0,0.0,0.0,0.0,0.0,False
549940,Fofana,Sunderland,MID,30,0,1,0,,,,,,,,,,,,,,1.1579,1.3896,1.16,1.3683,,,,,,,,,,,,,,,,,,,,,,55,a,1,0,1,5,1,Man City,A,5,0.9107,2.3306,1.6502,0.7594,0.4595,0.0,-0.0911,-0.0228,0.0603,0.1981,0.3302,0.0854,0.0,0.0034,0.5625,0.7594,0.4595,False
661313,J.Angulo,Sunderland,FWD,0,0,0,0,,,,,,,,,,,,,,1.1579,1.3896,1.16,1.3683,,,,,,,,,,,,,,,,,,,,,,45,a,0,0,0,5,1,Man City,A,5,0.9107,2.3306,0.0,0.0,0.0,0.0,0.0,0.0,0.0,0.0,0.0,0.0,0.0,0.0,0.0,0.0,0.0,False
