player_code,web_name,team,position,season_minutes,season_starts,fbref_subs,fbref_unused_subs,long_form_minutes,long_form_unweighted_minutes,long_form_expected_goals_90,long_form_expected_assists_90,long_form_expected_goals_conceded_90,long_form_defensive_contribution_90,long_form_bonus_90,short_form_minutes,short_form_expected_goals_90,short_form_expected_assists_90,short_form_expected_goals_conceded_90,short_form_defensive_contribution_90,short_form_bonus_90,team_long_form_xg90,team_long_form_xgc90,team_short_form_xg90,team_short_form_xgc90,long_form_expected_goals,long_form_expected_assists,long_form_expected_goals_conceded,long_form_defensive_contribution,long_form_bonus,long_form_bps,long_form_unweighted_expected_goals,long_form_unweighted_expected_assists,long_form_unweighted_expected_goals_conceded,long_form_unweighted_defensive_contribution,long_form_unweighted_bonus,long_form_unweighted_bps,long_form_bps_90,short_form_expected_goals,short_form_expected_assists,short_form_expected_goals_conceded,short_form_defensive_contribution,short_form_bonus,short_form_bps,short_form_unweighted_minutes,short_form_bps_90,now_cost,status,season_subs,fbref_starts,fbref_squads_made
154561,Raya,Arsenal,GK,450,5,0,0,476.4,3420,0.0,0.0015,0.8886,0.0,0.3868,450,0.0,0.002,0.804,0.0,1.0,1.7822,0.9114,1.735,0.8333,0.0,0.0077,4.7038,0.0,2.0474,84.9279,0.0,0.07,28.87,0,11,639,16.0443,0.0,0.01,4.02,0,5,108,450,21.6,61,a,0,1,1
109745,Arrizabalaga,Arsenal,GK,0,0,0,0,37.8,90,0.0,0.0,0.981,0.0,0.0,90,0.0,0.0,0.98,0.0,0.0,1.7822,0.9114,1.735,0.8333,0.0,0.0,0.412,0.0,0.0,4.6249,0.0,0.0,0.98,0,0,11,11.0117,0.0,0.0,0.98,0,0,11,90,11.0,49,a,0,0,0
437495,Meslier,Arsenal,GK,0,0,0,0,0.0,0,0.0,0.0,0.0,0.0,0.0,0,0.0,0.0,0.0,0.0,0.0,1.7822,0.9114,1.735,0.8333,0.0,0.0,0.0,0.0,0.0,0.0,0.0,0.0,0.0,0,0,0,0.0,0.0,0.0,0.0,0,0,0,0,0.0,49,a,0,0,0
226597,Gabriel,Arsenal,DEF,450,5,0,0,459.0,2840,0.0924,0.0673,0.9162,9.0187,0.7505,495,0.1709,0.04,0.9,8.5455,0.9091,1.7822,0.9114,1.735,0.8333,0.4712,0.343,4.6726,45.9955,3.8274,100.6506,2.94,1.89,23.32,286,30,730,19.7354,0.94,0.22000000000000003,4.95,47,5,123,495,22.3636,80,a,0,1,1
445122,J.Timber,Arsenal,DEF,104,1,0,0,250.2,2511,0.096,0.0542,0.7634,4.9181,0.1953,59,0.0,0.0305,0.9305,3.0508,0.0,1.7822,0.9114,1.735,0.8333,0.2668,0.1507,2.1223,13.6723,0.5428,34.56,4.71,1.55,18.06,150,9,526,12.4317,0.0,0.02,0.61,2,0,-6,59,-9.1525,65,a,0,1,1
462424,Saliba,Arsenal,DEF,0,0,0,0,342.5,2614,0.0273,0.0616,0.7622,6.9843,0.6244,360,0.0,0.1225,0.6775,6.75,0.75,1.7822,0.9114,1.735,0.8333,0.1039,0.2343,2.9007,26.579,2.3763,80.9733,0.88,1.21,20.41,193,12,581,21.2777,0.0,0.49,2.71,27,3,108,360,27.0,59,i,0,0,0
499169,Lewis-Skelly,Arsenal,MID,271,4,0,0,148.0,697,0.0095,0.0302,0.9615,2.4403,0.0,296,0.0,0.0365,0.7784,1.8243,0.0,1.7822,0.9114,1.735,0.8333,0.0156,0.0497,1.5812,4.013,0.0,27.2817,0.1,0.2,9.01,25,0,110,16.5902,0.0,0.12,2.5599999999999996,6,0,69,296,20.9797,54,a,0,0,0
466075,Calafiori,Arsenal,DEF,416,5,0,0,252.2,1787,0.1227,0.061,0.7369,4.2456,0.3127,341,0.1346,0.0792,0.5463,3.1672,0.5279,1.7822,0.9114,1.735,0.8333,0.3439,0.1709,2.065,11.897,0.8763,34.5997,3.43,0.79,11.030000000000001,107,6,386,12.3472,0.51,0.30000000000000004,2.0700000000000003,12,2,47,341,12.4047,59,a,0,1,1
448104,Hincapie,Arsenal,DEF,32,0,0,0,249.6,1787,0.0223,0.0838,0.9021,8.7903,0.3866,198,0.0136,0.1227,0.9,9.5455,0.4545,1.7822,0.9114,1.735,0.8333,0.0619,0.2325,2.5017,24.3785,1.0723,48.7859,0.36,1.67,17.53,171,7,335,17.5911,0.03,0.27,1.98,21,1,46,198,20.9091,52,a,0,0,0
198869,White,Arsenal,DEF,315,4,0,0,112.7,699,0.0255,0.0744,0.8839,5.5039,0.1259,199,0.0,0.0814,0.6196,3.1658,0.0,1.7822,0.9114,1.735,0.8333,0.0319,0.0932,1.1068,6.8921,0.1577,27.1043,0.45,0.6900000000000001,8.68,53,3,181,21.645,0.0,0.18000000000000002,1.37,7,0,53,199,23.9698,55,d,0,0,0
500040,Mosquera,Arsenal,DEF,168,2,0,0,169.6,986,0.0145,0.0436,0.9431,8.593,0.0117,232,0.0,0.0466,0.8457,6.9828,0.0,1.7822,0.9114,1.735,0.8333,0.0273,0.0822,1.7772,16.1931,0.0221,30.891,0.1,0.63,9.04,95,1,195,16.3926,0.0,0.12,2.1799999999999997,18,0,37,232,14.3534,53,a,0,0,0
223340,Saka,Arsenal,MID,416,5,0,0,316.3,2298,0.2949,0.3926,0.7562,6.5673,0.7337,303,0.2733,0.5822,0.6564,6.8317,1.1881,1.7822,0.9114,1.735,0.8333,1.0364,1.3799,2.6576,23.0805,2.5785,77.3135,7.91,7.71,16.57,186,18,584,21.9988,0.92,1.96,2.21,23,4,87,303,25.8416,96,a,0,1,1
204480,Rice,Arsenal,MID,411,5,0,0,455.0,3183,0.0473,0.1683,0.8713,10.5762,0.3636,423,0.0043,0.117,0.8191,10.4255,0.0,1.7822,0.9114,1.735,0.8333,0.2392,0.8511,4.4048,53.4684,1.8384,96.1429,3.17,7.38,25.18,384,23,803,19.0173,0.02,0.55,3.8499999999999996,49,0,69,423,14.6809,74,d,0,1,1
232413,Eze,Arsenal,MID,85,0,1,0,262.7,1902,0.2679,0.109,0.928,5.2444,0.1915,299,0.3672,0.0512,0.7826,3.913,0.0,1.7822,0.9114,1.735,0.8333,0.782,0.3182,2.7088,15.3077,0.559,57.8249,5.18,2.68,14.75,120,8,444,19.8106,1.22,0.17,2.6,13,0,74,299,22.2742,62,a,1,0,1
184029,Ødegaard,Arsenal,MID,377,5,0,0,236.9,1435,0.0859,0.1712,1.0182,5.1926,0.1519,275,0.1015,0.1342,0.8902,4.9091,0.0,1.7822,0.9114,1.735,0.8333,0.2262,0.4507,2.6801,13.6682,0.3998,45.6152,1.32,3.67,16.97,104,5,316,17.3295,0.31,0.41000000000000003,2.7199999999999998,15,0,51,275,16.6909,68,a,0,1,1
248857,Madueke,Arsenal,MID,23,0,0,0,177.8,1205,0.0895,0.2155,0.9028,5.5872,1.054,218,0.0826,0.2972,0.7183,4.9541,1.2385,1.7822,0.9114,1.735,0.8333,0.1768,0.4258,1.7835,11.0379,2.0823,45.0293,1.23,2.86,12.77,70,9,254,22.7932,0.2,0.72,1.74,12,3,59,218,24.3578,62,a,0,0,0
195384,Merino,Arsenal,MID,81,0,1,0,89.4,1054,0.3439,0.2167,1.312,10.5737,0.3182,58,0.5741,0.2017,2.281,9.3103,0.0,1.7822,0.9114,1.735,0.8333,0.3416,0.2153,1.3033,10.5032,0.3161,15.612,3.3600000000000003,1.5799999999999998,8.06,117,5,240,15.7168,0.37,0.13,1.47,6,0,2,58,3.1034,57,a,1,0,1
444145,Martinelli,Arsenal,MID,0,0,0,0,151.7,1065,0.295,0.1386,0.9488,6.4877,0.5132,128,0.1758,0.1758,1.1391,6.3281,1.4062,1.7822,0.9114,1.735,0.8333,0.4973,0.2336,1.5993,10.9353,0.865,29.0204,4.12,1.27,10.51,77,3,195,17.2171,0.25,0.25,1.62,9,2,32,128,22.5,63,u,0,0,0
481655,Zubimendi,Arsenal,MID,89,0,1,0,361.5,3021,0.0953,0.0534,1.0074,9.0722,0.1769,266,0.0677,0.0237,1.0759,9.812,0.0,1.7822,0.9114,1.735,0.8333,0.3827,0.2146,4.0465,36.4399,0.7105,66.9964,2.9699999999999998,2.27,26.79,308,9,606,16.6796,0.2,0.07,3.1799999999999997,29,0,50,266,16.9173,53,a,1,0,1
616077,Dowman,Arsenal,MID,9,0,1,0,50.7,161,0.4129,0.3021,0.9055,7.6255,0.0,82,0.0878,0.2634,0.5707,9.878,0.0,1.7822,0.9114,1.735,0.8333,0.2326,0.1702,0.5101,4.2957,0.0,13.354,1.19,0.38,1.19,16,0,55,23.7053,0.08,0.24,0.52,9,0,12,82,13.1707,53,d,1,0,1
499175,Nwaneri,Arsenal,MID,0,0,0,0,3.9,165,0.1315,0.0462,0.5308,7.7423,0.0,0,0.0,0.0,0.0,0.0,0.0,1.7822,0.9114,1.735,0.8333,0.0057,0.002,0.023,0.3355,0.0,0.5404,0.22999999999999998,0.08,0.73,13,0,20,12.4708,0.0,0.0,0.0,0,0,0,0,0.0,54,u,0,0,0
438098,Fábio Vieira,Arsenal,MID,0,0,0,0,0.0,0,0.0,0.0,0.0,0.0,0.0,0,0.0,0.0,0.0,0.0,0.0,1.7822,0.9114,1.735,0.8333,0.0,0.0,0.0,0.0,0.0,0.0,0.0,0.0,0.0,0,0,0,0.0,0.0,0.0,0.0,0,0,0,0,0.0,55,u,0,0,0
200641,Nelson,Arsenal,MID,0,0,0,0,20.8,118,0.3245,0.064,2.989,10.9614,0.0,18,0.0,0.1,5.05,5.0,0.0,1.7822,0.9114,1.735,0.8333,0.075,0.0148,0.6908,2.5333,0.0,7.0774,0.71,0.11,3.02,23,0,39,30.6234,0.0,0.02,1.01,1,0,16,18,80.0,55,u,0,0,0
224117,Gyökeres,Arsenal,FWD,29,0,1,0,266.2,2234,0.5581,0.1519,1.0071,3.5762,0.8536,250,0.7236,0.144,1.1916,4.32,1.08,1.7822,0.9114,1.735,0.8333,1.6506,0.4494,2.9787,10.5777,2.5248,72.0989,12.26,2.17,18.35,85,16,479,24.376,2.01,0.4,3.31,12,3,88,250,31.68,71,a,1,0,1
219847,Havertz,Arsenal,FWD,437,5,0,0,223.0,667,0.671,0.0992,1.1693,4.058,0.4668,263,0.5373,0.1916,1.2046,3.7643,1.0266,1.7822,0.9114,1.735,0.8333,1.6625,0.2459,2.8972,10.0549,1.1567,43.4892,4.09,0.66,7.99,35,3,148,17.5517,1.57,0.56,3.5200000000000005,11,3,75,263,25.6654,76,d,0,1,1
205651,G.Jesus,Arsenal,FWD,0,0,0,0,75.9,418,0.6841,0.0512,0.5701,4.9416,0.0,100,0.792,0.027,0.36,3.6,0.0,1.7822,0.9114,1.735,0.8333,0.5769,0.0432,0.4808,4.1674,0.0,15.9533,2.71,0.26,3.97,30,0,92,18.917,0.88,0.03,0.4,4,0,19,100,17.1,59,u,0,0,0
199798,Konsa,Arsenal,DEF,281,3,0,0,429.9,3125,0.0795,0.0141,1.4428,5.2871,0.0404,360,0.0575,0.01,1.4275,4.75,0.0,1.7822,0.9114,1.735,0.8333,0.3799,0.0672,6.8919,25.2547,0.1928,51.5131,1.5,0.6,50.24,200,3,499,10.7843,0.23,0.04,5.71,19,0,34,360,8.5,46,d,0,1,1
208706,Bruno G.,Arsenal,MID,123,1,0,0,324.7,2515,0.1689,0.2094,1.1784,9.7399,0.6056,468,0.1154,0.2231,1.1077,10.1923,0.5769,1.7822,0.9114,1.735,0.8333,0.6095,0.7556,4.2514,35.1395,2.185,81.2429,5.59,4.97,32.6,257,22,693,22.5188,0.6,1.16,5.76,53,3,101,468,19.4231,67,a,0,1,1
439509,Tzolis,Arsenal,MID,362,5,0,0,66.0,72,0.0,0.0875,0.9629,3.7514,0.0,72,0.0,0.0875,0.9625,3.75,0.0,1.7822,0.9114,1.735,0.8333,0.0,0.0642,0.7061,2.751,0.0,8.253,0.0,0.07,0.77,3,0,9,11.2541,0.0,0.07,0.77,3,0,9,72,11.25,63,d,0,1,1
72147,M.Bizot,Aston Villa,GK,90,1,0,0,78.4,585,0.0,0.0,1.4058,0.0,0.0,90,0.0,0.0,1.34,0.0,0.0,1.3844,1.436,1.3133,1.3817,0.0,0.0,1.2246,0.0,0.0,10.3957,0.0,0.0,11.02,0,0,75,11.9338,0.0,0.0,1.34,0,0,10,90,10.0,45,i,0,0,0
101188,Digne,Aston Villa,DEF,0,0,0,0,205.7,1842,0.0284,0.1737,1.3975,6.1215,0.2479,196,0.0276,0.0872,1.2765,5.051,0.0,1.3844,1.436,1.3133,1.3817,0.0649,0.3969,3.1941,13.9911,0.5666,40.138,0.67,3.28,27.79,113,5,381,17.5616,0.060000000000000005,0.19,2.78,11,0,21,196,9.6429,45,u,0,0,0
199796,Cash,Aston Villa,DEF,296,3,1,0,407.7,3061,0.0229,0.0695,1.3951,5.2751,0.1174,439,0.0021,0.0451,1.2916,5.5353,0.205,1.3844,1.436,1.3133,1.3817,0.1039,0.3148,6.3196,23.8964,0.532,36.3615,1.14,2.94,46.37,189,7,443,8.0268,0.01,0.22,6.3,27,1,39,439,7.9954,44,a,1,0,1
149484,Mings,Aston Villa,DEF,261,2,0,0,294.7,1412,0.0674,0.0195,1.5622,8.8918,0.1429,360,0.055,0.0075,1.42,8.5,0.0,1.3844,1.436,1.3133,1.3817,0.2207,0.0639,5.1153,29.1157,0.468,27.8376,1.3,0.42,24.93,120,4,179,8.5015,0.22,0.030000000000000002,5.68,34,0,27,360,6.75,45,a,0,1,1
244954,Pau,Aston Villa,DEF,187,3,0,0,193.1,1673,0.1558,0.0158,1.1712,5.2384,0.0318,197,0.3198,0.0091,1.2518,5.0254,0.0,1.3844,1.436,1.3133,1.3817,0.3342,0.0339,2.5129,11.2392,0.0682,28.2212,1.33,0.39,22.81,112,2,280,13.1533,0.7000000000000001,0.02,2.7399999999999998,11,0,19,197,8.6802,44,i,0,0,0
515597,Bogarde,Aston Villa,MID,16,0,0,0,160.0,1042,0.0,0.0106,1.3068,5.217,0.1209,245,0.0,0.0037,1.2453,4.4082,0.0,1.3844,1.436,1.3133,1.3817,0.0,0.0188,2.3232,9.2747,0.2149,13.0345,0.0,0.2,15.38,60,4,121,7.3319,0.0,0.01,3.3899999999999997,12,0,14,245,5.1429,49,a,0,0,0
441302,Maatsen,Aston Villa,DEF,335,4,0,0,236.1,1590,0.0601,0.1291,1.4599,7.4836,0.1603,258,0.0209,0.0523,1.4756,8.7209,0.3488,1.3844,1.436,1.3133,1.3817,0.1577,0.3388,3.8297,19.632,0.4204,32.8641,1.26,2.39,26.64,128,1,242,12.5276,0.06,0.15000000000000002,4.23,25,1,18,258,6.2791,44,i,0,0,0
184667,Lindelöf,Aston Villa,DEF,450,5,0,0,251.8,1032,0.0234,0.0061,1.4361,5.2335,0.0,370,0.0,0.0073,1.3597,5.3514,0.0,1.3844,1.436,1.3133,1.3817,0.0654,0.017,4.0179,14.6423,0.0,18.997,0.28,0.1,17.490000000000002,60,0,125,6.79,0.0,0.03,5.59,22,0,26,370,6.3243,45,a,0,1,1
606798,A.García,Aston Villa,DEF,0,0,0,0,22.9,83,0.0,0.0031,2.4779,15.6981,0.0,45,0.0,0.0,2.38,18.0,0.0,1.3844,1.436,1.3133,1.3817,0.0,0.0008,0.6305,3.9943,0.0,3.9583,0.0,0.01,2.7399999999999998,10,0,12,15.5566,0.0,0.0,1.19,9,0,5,45,10.0,40,a,0,0,0
578545,Nedeljkovic,Aston Villa,DEF,0,0,0,0,0.0,0,0.0,0.0,0.0,0.0,0.0,0,0.0,0.0,0.0,0.0,0.0,1.3844,1.436,1.3133,1.3817,0.0,0.0,0.0,0.0,0.0,0.0,0.0,0.0,0.0,0,0,0,0.0,0.0,0.0,0.0,0,0,0,0,0.0,40,u,0,0,0
195546,Buendía,Aston Villa,MID,401,5,0,0,329.6,1843,0.141,0.1015,1.484,11.5864,1.0754,358,0.1031,0.093,1.3173,12.3184,1.257,1.3844,1.436,1.3133,1.3817,0.5163,0.3718,5.4348,42.4318,3.9382,101.5365,3.52,2.3,29.59,212,13,432,27.7254,0.41000000000000003,0.37,5.24,49,5,133,358,33.4358,59,a,0,1,1
215711,Bailey,Aston Villa,MID,0,0,0,0,101.2,450,0.1131,0.2573,1.4554,9.9162,0.0,116,0.1474,0.194,1.2879,11.6379,0.0,1.3844,1.436,1.3133,1.3817,0.1272,0.2893,1.6365,11.1502,0.0,17.186,0.5,1.4600000000000002,7.03,48,0,69,15.284,0.19,0.25,1.6600000000000001,15,0,27,116,20.9483,54,u,0,0,0
122806,McGinn,Aston Villa,MID,434,5,0,0,308.5,2219,0.0888,0.2162,1.1752,5.3949,0.2252,333,0.0757,0.2162,1.2676,5.1351,0.0,1.3844,1.436,1.3133,1.3817,0.3045,0.7412,4.0282,18.4925,0.7719,77.3273,3.0,4.15,33.86,156,6,462,22.559,0.28,0.8,4.6899999999999995,19,0,92,333,24.8649,54,a,0,1,1
88894,Barkley,Aston Villa,MID,308,4,1,0,214.4,850,0.1536,0.1083,1.6879,8.1173,0.5616,315,0.22,0.0429,1.7314,6.2857,0.5714,1.3844,1.436,1.3133,1.3817,0.3658,0.2581,4.021,19.3371,1.3378,48.5041,1.58,1.26,13.98,78,5,224,20.3609,0.77,0.15000000000000002,6.06,22,2,56,315,16.0,50,a,1,0,1
226944,Kamara,Aston Villa,MID,443,5,0,0,145.8,1493,0.0878,0.032,1.0967,7.972,0.2102,83,0.1301,0.0108,0.8458,6.506,0.0,1.3844,1.436,1.3133,1.3817,0.1423,0.0518,1.7766,12.9146,0.3406,37.0421,0.65,0.85,21.580000000000002,155,7,308,22.8655,0.12,0.01,0.78,6,0,26,83,28.1928,50,a,0,1,1
449871,Onana,Aston Villa,MID,0,0,0,0,209.8,1755,0.1159,0.048,1.4517,10.5229,0.1697,17,0.0,0.0,0.6882,10.5882,0.0,1.3844,1.436,1.3133,1.3817,0.2702,0.1119,3.384,24.53,0.3956,37.6302,1.68,0.6900000000000001,28.53,219,4,353,16.1426,0.0,0.0,0.13,2,0,5,17,26.4706,49,i,0,0,0
469247,Iling Jr,Aston Villa,MID,0,0,0,0,0.0,0,0.0,0.0,0.0,0.0,0.0,0,0.0,0.0,0.0,0.0,0.0,1.3844,1.436,1.3133,1.3817,0.0,0.0,0.0,0.0,0.0,0.0,0.0,0.0,0.0,0,0,0,0.0,0.0,0.0,0.0,0,0,0,0,0.0,50,u,0,0,0
645618,Burrowes,Aston Villa,MID,0,0,0,0,0.3,16,0.0,0.0,5.46,6.09,0.0,0,0.0,0.0,0.0,0.0,0.0,1.3844,1.436,1.3133,1.3817,0.0,0.0,0.0182,0.0203,0.0,0.0608,0.0,0.0,0.9,1,0,3,18.24,0.0,0.0,0.0,0,0,0,0,0.0,45,a,0,0,0
577285,George Hemmings,Aston Villa,MID,297,4,1,0,18.9,43,0.02,0.0038,4.0343,0.5005,0.0,18,0.0,0.0,4.35,0.0,0.0,1.3844,1.436,1.3133,1.3817,0.0042,0.0008,0.8472,0.1051,0.0,2.2874,0.04,0.01,1.48,1,0,7,10.8924,0.0,0.0,0.87,0,0,2,18,10.0,45,a,1,0,1
653481,Alysson,Aston Villa,MID,87,0,0,0,8.3,47,0.1041,0.0943,3.7833,7.7096,0.0,0,0.0,0.0,0.0,0.0,0.0,1.3844,1.436,1.3133,1.3817,0.0096,0.0087,0.3489,0.711,0.0,1.864,0.05,0.05,1.87,4,0,11,20.212,0.0,0.0,0.0,0,0,0,0,0.0,50,d,0,0,0
614071,Manzambi,Aston Villa,MID,98,1,0,0,65.1,71,0.5578,0.2028,0.8621,8.8742,2.5355,71,0.5577,0.2028,0.862,8.8732,2.5352,1.3844,1.436,1.3133,1.3817,0.4035,0.1467,0.6236,6.419,1.834,41.2652,0.44,0.16,0.68,7,2,45,57.0487,0.44,0.16,0.68,7,2,45,71,57.0423,59,a,0,1,1
448089,Gomes,Aston Villa,MID,129,2,0,0,430.0,2919,0.0297,0.0631,1.6355,12.299,0.2121,448,0.0201,0.0442,1.2757,12.4554,0.0,1.3844,1.436,1.3133,1.3817,0.1417,0.3016,7.8142,58.7621,1.0133,79.0858,1.29,2.11,50.16,400,6,542,16.5528,0.1,0.22000000000000003,6.3500000000000005,62,0,70,448,14.0625,55,a,0,1,1
178301,Watkins,Aston Villa,FWD,0,0,0,0,369.3,2833,0.6151,0.0279,1.3272,2.7015,1.3977,379,0.786,0.0142,1.3298,1.6623,2.1372,1.3844,1.436,1.3133,1.3817,2.524,0.1144,5.4458,11.085,5.7351,115.7355,15.4,1.18,43.39,94,26,623,28.2052,3.31,0.060000000000000005,5.6,7,9,165,379,39.1821,78,u,0,0,0
173879,Abraham,Aston Villa,FWD,71,0,1,0,58.1,280,0.6405,0.1056,2.4504,4.1869,0.5022,71,0.3676,0.0,1.9775,2.5352,0.0,1.3844,1.436,1.3133,1.3817,0.4135,0.0682,1.5819,2.7029,0.3242,22.3444,2.05,0.36,5.55,13,2,96,34.6127,0.29,0.0,1.56,2,0,5,71,6.338,55,a,1,0,1
493105,Garnacho,Aston Villa,MID,31,0,0,0,140.0,1261,0.2402,0.2261,1.3081,5.4933,0.176,1,0.0,0.0,4.5,270.0,0.0,1.3844,1.436,1.3133,1.3817,0.3737,0.3517,2.0348,8.5452,0.2738,23.7646,3.44,3.68,20.52,71,3,222,15.2772,0.0,0.0,0.05,3,0,5,1,450.0,58,a,0,0,0
517052,N.Jackson,Aston Villa,FWD,286,4,0,0,79.8,87,0.4551,0.0206,1.1686,4.1368,1.0342,87,0.4552,0.0207,1.169,4.1379,1.0345,1.3844,1.436,1.3133,1.3817,0.4035,0.0183,1.0362,3.668,0.917,28.4271,0.44,0.02,1.13,4,1,31,32.0606,0.44,0.02,1.13,4,1,31,87,32.069,65,a,0,1,1
690838,Madjo,Aston Villa,FWD,0,0,0,0,0.0,0,0.0,0.0,0.0,0.0,0.0,0,0.0,0.0,0.0,0.0,0.0,1.3844,1.436,1.3133,1.3817,0.0,0.0,0.0,0.0,0.0,0.0,0.0,0.0,0.0,0,0,0,0.0,0.0,0.0,0.0,0,0,0,0,0.0,54,i,0,0,0
487992,Ruggeri,Aston Villa,DEF,113,1,0,0,82.5,90,0.03,0.01,1.5605,13.0048,0.0,90,0.03,0.01,1.56,13.0,0.0,1.3844,1.436,1.3133,1.3817,0.0275,0.0092,1.4305,11.9211,0.0,10.087,0.03,0.01,1.56,13,0,11,11.004,0.03,0.01,1.56,13,0,11,90,11.0,45,a,0,1,1
433969,Suzuki,Aston Villa,GK,360,4,0,0,82.5,90,0.0,0.0,1.5605,0.0,0.0,90,0.0,0.0,1.56,0.0,0.0,1.3844,1.436,1.3133,1.3817,0.0,0.0,1.4305,0.0,0.0,15.5891,0.0,0.0,1.56,0,0,17,17.0063,0.0,0.0,1.56,0,0,17,90,17.0,50,a,0,1,1
569577,Rowe,Aston Villa,DEF,0,0,0,0,0.0,0,0.0,0.0,0.0,0.0,0.0,0,0.0,0.0,0.0,0.0,0.0,1.3844,1.436,1.3133,1.3817,0.0,0.0,0.0,0.0,0.0,0.0,0.0,0.0,0.0,0,0,0,0.0,0.0,0.0,0.0,0,0,0,0,0.0,40,a,0,0,0
571380,Lynch,Aston Villa,MID,0,0,0,0,0.0,0,0.0,0.0,0.0,0.0,0.0,0,0.0,0.0,0.0,0.0,0.0,1.3844,1.436,1.3133,1.3817,0.0,0.0,0.0,0.0,0.0,0.0,0.0,0.0,0.0,0,0,0,0.0,0.0,0.0,0.0,0,0,0,0,0.0,45,u,0,0,0
214590,Wan-Bissaka,Aston Villa,DEF,152,2,0,0,287.7,2125,0.0,0.0365,1.385,7.6986,0.0,222,0.0,0.0324,1.2041,6.8919,0.0,1.3844,1.436,1.3133,1.3817,0.0,0.1166,4.4275,24.61,0.0,31.0455,0.0,1.01,36.08,180,0,209,9.7118,0.0,0.08,2.97,17,0,19,222,7.7027,45,a,0,1,1
119090,Goretzka,Aston Villa,MID,0,0,0,0,0.0,0,0.0,0.0,0.0,0.0,0.0,0,0.0,0.0,0.0,0.0,0.0,1.3844,1.436,1.3133,1.3817,0.0,0.0,0.0,0.0,0.0,0.0,0.0,0.0,0.0,0,0,0,0.0,0.0,0.0,0.0,0,0,0,0,0.0,59,i,0,0,0
245719,Harwood-Bellis,Aston Villa,DEF,0,0,0,0,0.0,0,0.0,0.0,0.0,0.0,0.0,0,0.0,0.0,0.0,0.0,0.0,1.3844,1.436,1.3133,1.3817,0.0,0.0,0.0,0.0,0.0,0.0,0.0,0.0,0.0,0,0,0,0.0,0.0,0.0,0.0,0,0,0,0,0.0,45,a,0,0,0
638987,Mbaye,Aston Villa,MID,33,0,1,0,5.5,6,0.0,0.0,11.7049,0.0,0.0,6,0.0,0.0,11.7,0.0,0.0,1.3844,1.436,1.3133,1.3817,0.0,0.0,0.7153,0.0,0.0,1.834,0.0,0.0,0.78,0,0,2,30.0109,0.0,0.0,0.78,0,0,2,6,30.0,60,a,1,0,1
481283,Wright,Aston Villa,GK,0,0,0,0,0.0,0,0.0,0.0,0.0,0.0,0.0,0,0.0,0.0,0.0,0.0,0.0,1.3844,1.436,1.3133,1.3817,0.0,0.0,0.0,0.0,0.0,0.0,0.0,0.0,0.0,0,0,0,0.0,0.0,0.0,0.0,0,0,0,0,0.0,40,a,0,0,0
457569,Petrović,Bournemouth,GK,450,5,0,0,519.3,3510,0.0,0.0,1.5425,0.0,0.1054,450,0.0,0.0,1.454,0.0,0.0,1.6137,1.5777,1.328,1.454,0.0,0.0,8.9004,0.0,0.6083,82.867,0.0,0.0,58.37,0,5,524,14.3617,0.0,0.0,7.27,0,0,88,450,17.6,45,a,0,1,1
40383,Forster,Bournemouth,GK,0,0,0,0,0.0,0,0.0,0.0,0.0,0.0,0.0,0,0.0,0.0,0.0,0.0,0.0,1.6137,1.5777,1.328,1.454,0.0,0.0,0.0,0.0,0.0,0.0,0.0,0.0,0.0,0,0,0,0.0,0.0,0.0,0.0,0,0,0,0,0.0,40,a,0,0,0
444172,Dennis,Bournemouth,GK,0,0,0,0,0.0,0,0.0,0.0,0.0,0.0,0.0,0,0.0,0.0,0.0,0.0,0.0,1.6137,1.5777,1.328,1.454,0.0,0.0,0.0,0.0,0.0,0.0,0.0,0.0,0.0,0,0,0,0.0,0.0,0.0,0.0,0,0,0,0,0.0,40,u,0,0,0
463981,Hill,Bournemouth,DEF,450,5,0,0,463.8,2192,0.034,0.0359,1.5206,11.7997,0.1835,450,0.02,0.016,1.454,11.2,0.4,1.6137,1.5777,1.328,1.454,0.175,0.1852,7.8362,60.8079,0.9457,82.2929,0.89,1.18,35.07,275,4,401,15.9689,0.1,0.08,7.27,56,2,83,450,16.6,55,a,0,1,1
494521,Truffert,Bournemouth,DEF,450,5,0,0,517.1,3468,0.0583,0.0958,1.5243,7.6001,0.6258,450,0.078,0.102,1.454,6.0,1.0,1.6137,1.5777,1.328,1.454,0.3351,0.5507,8.7581,43.6669,3.5957,101.7645,1.3699999999999999,3.13,56.07,308,19,613,17.7119,0.39,0.51,7.27,30,5,113,450,22.6,54,a,0,1,1
242882,Diakité,Bournemouth,DEF,0,0,0,0,51.2,1275,0.0018,0.0141,1.733,8.0395,0.0654,0,0.0,0.0,0.0,0.0,0.0,1.6137,1.5777,1.328,1.454,0.001,0.008,0.9859,4.5736,0.0372,5.8412,0.02,0.19,22.47,117,2,164,10.2677,0.0,0.0,0.0,0,0,0,0,0.0,49,a,0,0,0
620487,Milosavljević,Bournemouth,DEF,0,0,0,0,13.8,367,0.0515,0.0293,1.2007,9.602,0.0,0,0.0,0.0,0.0,0.0,0.0,1.6137,1.5777,1.328,1.454,0.0079,0.0045,0.1841,1.4723,0.0,2.556,0.15,0.19,4.42,39,0,63,16.6696,0.0,0.0,0.0,0,0,0,0,0.0,49,i,0,0,0
54469,Smith,Bournemouth,DEF,434,5,0,0,234.8,1147,0.0,0.0197,1.5591,4.6005,0.4322,342,0.0,0.0132,1.4789,4.4737,0.5263,1.6137,1.5777,1.328,1.454,0.0,0.0515,4.0674,12.0021,1.1276,40.5385,0.0,0.25,19.58,70,4,188,15.5386,0.0,0.05,5.62,17,2,65,342,17.1053,45,a,0,1,1
436893,J.Araujo,Bournemouth,DEF,0,0,0,0,0.0,0,0.0,0.0,0.0,0.0,0.0,0,0.0,0.0,0.0,0.0,0.0,1.6137,1.5777,1.328,1.454,0.0,0.0,0.0,0.0,0.0,0.0,0.0,0.0,0.0,0,0,0,0.0,0.0,0.0,0.0,0,0,0,0,0.0,44,i,0,0,0
575901,Soler,Bournemouth,DEF,0,0,0,0,2.0,34,0.0,0.0,5.2515,3.3435,0.0,0,0.0,0.0,0.0,0.0,0.0,1.6137,1.5777,1.328,1.454,0.0,0.0,0.1167,0.0743,0.0,0.0442,0.0,0.0,1.6199999999999999,1,0,2,1.989,0.0,0.0,0.0,0,0,0,0,0.0,40,a,0,0,0
499604,Rayan,Bournemouth,MID,434,5,0,0,351.9,1197,0.1759,0.1785,1.4453,6.4813,0.1602,405,0.2311,0.1422,1.1378,7.7778,0.2222,1.6137,1.5777,1.328,1.454,0.6877,0.6978,5.6512,25.3418,0.6262,72.9868,2.67,2.19,20.54,86,3,255,18.6667,1.04,0.64,5.12,35,1,86,405,19.1111,63,a,0,1,1
201658,Tavernier,Bournemouth,MID,424,5,0,0,426.9,2806,0.2674,0.1787,1.3968,7.9614,0.4576,416,0.1298,0.1925,1.3284,7.3558,0.649,1.6137,1.5777,1.328,1.454,1.2685,0.8476,6.6255,37.7634,2.1705,91.8882,9.06,4.71,42.46,257,14,566,19.3721,0.6,0.89,6.14,34,3,99,416,21.4183,61,a,0,1,1
503139,Scott,Bournemouth,MID,446,5,0,0,461.3,2938,0.1179,0.117,1.5136,11.9888,0.2426,360,0.04,0.0975,1.3,12.0,0.0,1.6137,1.5777,1.328,1.454,0.6041,0.5995,7.7582,61.4493,1.2435,96.3519,3.92,3.0100000000000002,48.67,394,9,620,18.7983,0.16,0.39,5.199999999999999,48,0,63,360,15.75,61,d,0,1,1
222683,Kluivert,Bournemouth,MID,294,4,0,0,60.4,945,0.2681,0.1208,2.0932,6.7332,0.2843,31,0.2032,0.029,3.4258,8.7097,0.0,1.6137,1.5777,1.328,1.454,0.1799,0.0811,1.4048,4.5187,0.1908,8.1865,2.31,1.55,17.96,65,3,147,12.1984,0.07,0.01,1.1800000000000002,3,0,0,31,0.0,60,i,0,0,0
155408,Cook,Bournemouth,MID,180,2,1,0,91.4,887,0.0038,0.0489,1.5306,14.0729,0.0,17,0.0,0.0,4.0235,10.5882,0.0,1.6137,1.5777,1.328,1.454,0.0039,0.0497,1.5544,14.2918,0.0,21.1145,0.07,0.52,14.25,145,0,193,20.7911,0.0,0.0,0.76,2,0,9,17,47.6471,50,a,1,0,1
496208,Gannon-Doak,Bournemouth,MID,12,0,1,0,22.6,107,0.2939,0.143,4.0142,13.0221,0.0,39,0.3923,0.1154,3.4154,9.2308,0.0,1.6137,1.5777,1.328,1.454,0.0738,0.0359,1.008,3.27,0.0,7.1971,0.26,0.15,4.99,13,0,36,28.661,0.17,0.05,1.48,4,0,10,39,23.0769,49,a,1,0,1
200785,Adams,Bournemouth,MID,279,3,0,0,283.9,1856,0.0126,0.0428,1.4711,12.9711,0.0424,382,0.0047,0.0377,1.3688,12.7225,0.0,1.6137,1.5777,1.328,1.454,0.0398,0.135,4.6406,40.9166,0.1336,48.6085,0.63,0.67,28.58,245,3,359,15.4095,0.02,0.16,5.81,54,0,54,382,12.7225,50,a,0,1,1
111317,Brooks,Bournemouth,MID,45,0,1,0,116.7,1203,0.5307,0.2526,1.9437,8.041,0.2031,52,1.1769,0.3808,3.0115,13.8462,0.0,1.6137,1.5777,1.328,1.454,0.6882,0.3276,2.5203,10.4265,0.2634,23.7178,5.81,3.46,20.5,96,4,219,18.2914,0.68,0.22,1.74,8,0,23,52,39.8077,50,a,1,0,1
158499,Christie,Bournemouth,MID,102,1,0,0,227.4,1052,0.2528,0.0564,1.6502,9.8869,0.1815,136,0.3309,0.0265,1.7272,9.2647,0.0,1.6137,1.5777,1.328,1.454,0.6388,0.1425,4.1694,24.9808,0.4585,32.2964,2.31,0.8,20.54,128,2,214,12.7822,0.5,0.04,2.61,14,0,6,136,3.9706,50,a,0,1,1
614574,Tóth.A,Bournemouth,MID,17,0,1,0,38.0,137,0.0675,0.1757,3.411,10.3744,0.0,59,0.0763,0.122,2.4864,10.678,0.0,1.6137,1.5777,1.328,1.454,0.0285,0.0742,1.4402,4.3803,0.0,11.5213,0.11,0.33,5.15,17,0,35,27.2873,0.05,0.08,1.6300000000000001,7,0,15,59,22.8814,49,a,1,0,1
489888,Adli,Bournemouth,MID,0,0,0,0,124.2,1074,0.197,0.1454,1.6712,9.4317,0.4062,33,0.0,0.0,3.7909,10.9091,0.0,1.6137,1.5777,1.328,1.454,0.2718,0.2007,2.3063,13.0158,0.5606,26.6477,2.6,1.6199999999999999,18.22,123,4,241,19.3099,0.0,0.0,1.3900000000000001,4,0,3,33,8.1818,49,i,0,0,0
560262,Kroupi.Jr,Bournemouth,MID,0,0,0,0,290.7,1826,0.4354,0.0979,1.2926,5.44,0.7365,294,0.4439,0.0765,1.0592,4.2857,0.6122,1.6137,1.5777,1.328,1.454,1.4065,0.3161,4.1751,17.5713,2.3789,73.361,9.87,1.58,28.85,123,17,605,22.7124,1.45,0.25,3.46,14,2,65,294,19.898,74,i,0,0,0
444102,Evanilson,Bournemouth,FWD,424,5,0,0,447.0,2831,0.3235,0.0434,1.3753,5.2493,0.1077,371,0.3008,0.0558,1.1765,6.7925,0.0,1.6137,1.5777,1.328,1.454,1.6066,0.2158,6.8306,26.0716,0.5349,65.4057,10.8,1.49,40.67,140,6,424,13.1689,1.24,0.23,4.85,28,0,56,371,13.5849,60,a,0,1,1
168636,Enes Ünal,Bournemouth,FWD,0,0,0,0,33.2,214,0.7832,0.0211,3.5864,14.4027,0.1198,39,0.3462,0.0231,4.6154,18.4615,0.0,1.6137,1.5777,1.328,1.454,0.2889,0.0078,1.323,5.313,0.0442,14.1685,2.0,0.07,6.16,23,1,83,38.4086,0.15000000000000002,0.01,2.0,8,0,22,39,50.7692,55,u,0,0,0
561245,Rodríguez,Bournemouth,FWD,10,0,0,0,0.0,0,0.0,0.0,0.0,0.0,0.0,0,0.0,0.0,0.0,0.0,0.0,1.6137,1.5777,1.328,1.454,0.0,0.0,0.0,0.0,0.0,0.0,0.0,0.0,0.0,0,0,0,0.0,0.0,0.0,0.0,0,0,0,0,0.0,60,a,0,0,0
483067,Silva,Bournemouth,DEF,450,5,0,0,82.5,90,0.0,0.02,1.6507,15.0056,0.0,90,0.0,0.02,1.65,15.0,0.0,1.6137,1.5777,1.328,1.454,0.0,0.0183,1.5131,13.7551,0.0,7.336,0.0,0.02,1.65,15,0,8,8.0029,0.0,0.02,1.65,15,0,8,90,8.0,50,a,0,1,1
494928,Sanchez,Bournemouth,DEF,0,0,0,0,0.0,0,0.0,0.0,0.0,0.0,0.0,0,0.0,0.0,0.0,0.0,0.0,1.6137,1.5777,1.328,1.454,0.0,0.0,0.0,0.0,0.0,0.0,0.0,0.0,0.0,0,0,0,0.0,0.0,0.0,0.0,0,0,0,0,0.0,44,a,0,0,0
523700,Jebbison,Bournemouth,FWD,31,0,1,0,13.8,15,0.0,0.0,1.4954,0.0,0.0,15,0.0,0.0,1.5,0.0,0.0,1.6137,1.5777,1.328,1.454,0.0,0.0,0.2293,0.0,0.0,2.751,0.0,0.0,0.25,0,0,3,17.9413,0.0,0.0,0.25,0,0,3,15,18.0,50,a,1,0,1
230650,Di Gregorio,Bournemouth,GK,0,0,0,0,0.0,0,0.0,0.0,0.0,0.0,0.0,0,0.0,0.0,0.0,0.0,0.0,1.6137,1.5777,1.328,1.454,0.0,0.0,0.0,0.0,0.0,0.0,0.0,0.0,0.0,0,0,0,0.0,0.0,0.0,0.0,0,0,0,0,0.0,45,a,0,0,0
200720,Kelleher,Brentford,GK,450,5,0,0,505.6,3420,0.0,0.0072,1.4783,0.0,0.3972,540,0.0,0.0,1.7933,0.0,0.5,1.7869,1.4628,1.6867,1.7933,0.0,0.0402,8.3049,0.0,2.2313,106.551,0.0,0.22,54.31,0,11,597,18.9668,0.0,0.0,10.76,0,3,118,540,19.6667,50,a,0,1,1
507433,Valdimarsson,Brentford,GK,0,0,0,0,15.9,90,0.0,0.0,0.9708,0.0,0.0,0,0.0,0.0,0.0,0.0,0.0,1.7869,1.4628,1.6867,1.7933,0.0,0.0,0.1715,0.0,0.0,0.1768,0.0,0.0,0.97,0,0,1,1.0008,0.0,0.0,0.0,0,0,0,0,0.0,45,a,0,0,0
432830,Collins,Brentford,DEF,196,3,0,0,378.7,2971,0.0674,0.0645,1.6193,9.0731,0.1155,450,0.02,0.078,1.986,9.4,0.0,1.7869,1.4628,1.6867,1.7933,0.2837,0.2714,6.8138,38.1774,0.4858,58.2765,2.24,1.71,47.52,319,7,450,13.8497,0.1,0.39,9.93,47,0,57,450,11.4,54,i,0,0,0
444765,Van den Berg,Brentford,DEF,0,0,0,0,331.2,2761,0.1099,0.095,1.4358,8.9225,0.1083,278,0.1586,0.1781,1.7029,9.7122,0.0,1.7869,1.4628,1.6867,1.7933,0.4043,0.3497,5.2836,32.8349,0.3987,64.0014,3.36,1.45,41.59,272,3,435,17.3917,0.49,0.5499999999999999,5.26,30,0,66,278,21.3669,49,i,0,0,0
249231,Lewis-Potter,Brentford,MID,406,5,0,0,399.3,2040,0.139,0.1113,1.4297,4.6827,0.1922,528,0.0972,0.0733,1.6415,4.4318,0.3409,1.7869,1.4628,1.6867,1.7933,0.6166,0.4936,6.343,20.7754,0.8529,71.8111,3.16,2.52,34.44,83,5,371,16.1858,0.5700000000000001,0.43,9.629999999999999,26,2,82,528,13.9773,55,a,0,1,1
191866,Ajer,Brentford,DEF,450,5,0,0,299.7,1895,0.0109,0.0274,1.5429,9.6719,0.2997,271,0.0,0.0199,1.8332,10.9594,0.3321,1.7869,1.4628,1.6867,1.7933,0.0362,0.0911,5.1379,32.2074,0.9981,49.127,0.69,0.78,32.34,201,2,240,14.7529,0.0,0.060000000000000005,5.52,33,1,44,271,14.6125,45,a,0,1,1
607464,Kayode,Brentford,DEF,294,4,0,0,482.7,3326,0.053,0.0613,1.4931,5.0127,0.1769,518,0.0973,0.04,1.8208,3.8224,0.0,1.7869,1.4628,1.6867,1.7933,0.2845,0.3286,8.0081,26.8848,0.9489,76.8067,1.28,2.96,53.2,221,9,514,14.3207,0.56,0.23,10.48,22,0,47,518,8.166,46,a,0,1,1
194010,Henry,Brentford,DEF,2,0,0,0,128.6,1322,0.005,0.0384,1.4173,4.5351,0.0,0,0.0,0.0,0.0,0.0,0.0,1.7869,1.4628,1.6867,1.7933,0.0071,0.0549,2.0252,6.4801,0.0,14.6967,0.18,0.54,23.91,68,0,144,10.2854,0.0,0.0,0.0,0,0,0,0,0.0,44,a,0,0,0
472713,Hickey,Brentford,DEF,152,1,1,0,89.5,700,0.0352,0.0158,1.6995,9.9248,0.0,112,0.0321,0.008,2.2821,10.4464,0.0,1.7869,1.4628,1.6867,1.7933,0.035,0.0157,1.6901,9.8697,0.0,14.4435,0.44,0.18,9.31,55,0,110,14.5242,0.04,0.01,2.84,13,0,16,112,12.8571,45,a,1,0,1
570241,Ji-soo,Brentford,DEF,0,0,0,0,0.0,0,0.0,0.0,0.0,0.0,0.0,0,0.0,0.0,0.0,0.0,0.0,1.7869,1.4628,1.6867,1.7933,0.0,0.0,0.0,0.0,0.0,0.0,0.0,0.0,0.0,0,0,0,0.0,0.0,0.0,0.0,0,0,0,0,0.0,44,a,0,0,0
513086,Schuster,Brentford,DEF,253,2,0,0,82.5,90,0.0,0.5201,0.8303,16.0059,3.0011,90,0.0,0.52,0.83,16.0,3.0,1.7869,1.4628,1.6867,1.7933,0.0,0.4768,0.7611,14.6721,2.751,39.4312,0.0,0.52,0.83,16,3,43,43.0159,0.0,0.52,0.83,16,3,43,90,43.0,45,a,0,1,1
513418,Schade,Brentford,MID,447,5,0,0,424.2,2834,0.426,0.0429,1.3994,5.6752,0.0631,448,0.3335,0.006,1.8221,5.0223,0.0,1.7869,1.4628,1.6867,1.7933,2.0078,0.2021,6.596,26.7492,0.2976,65.706,12.620000000000001,2.07,40.88,197,5,412,13.9405,1.6600000000000001,0.03,9.07,25,0,58,448,11.6518,62,a,0,1,1
533463,O.Dango,Brentford,MID,179,2,1,0,337.3,2280,0.3365,0.1913,1.5911,6.3443,0.666,390,0.5054,0.0992,1.9292,5.5385,0.6923,1.7869,1.4628,1.6867,1.7933,1.2613,0.7171,5.9632,23.777,2.4962,66.9686,7.94,4.12,34.88,185,16,431,17.8689,2.19,0.43,8.360000000000001,24,3,73,390,16.8462,63,a,1,0,1
440089,Damsgaard,Brentford,MID,283,3,0,0,347.7,2132,0.1181,0.2626,1.3251,11.3294,0.4129,431,0.1295,0.3237,1.5432,11.4849,0.6265,1.7869,1.4628,1.6867,1.7933,0.4562,1.0147,5.1192,43.7693,1.5952,78.5614,2.65,5.71,32.25,251,9,482,20.3351,0.62,1.55,7.39,55,3,101,431,21.0905,54,d,0,1,1
207283,Jensen,Brentford,MID,66,1,0,0,377.8,2239,0.0618,0.2551,1.5346,9.3271,0.0708,414,0.0304,0.2826,1.9109,10.4348,0.2174,1.7869,1.4628,1.6867,1.7933,0.2595,1.071,6.442,39.153,0.2973,73.6543,2.21,6.0600000000000005,35.72,220,1,465,17.546,0.14,1.3,8.79,48,1,86,414,18.6957,54,i,0,0,0
204580,Janelt,Brentford,MID,450,5,0,0,269.3,1524,0.0338,0.116,1.734,10.0003,0.2117,271,0.01,0.1428,2.4011,9.2989,0.0,1.7869,1.4628,1.6867,1.7933,0.1012,0.347,5.1886,29.9231,0.6336,52.4684,0.85,2.31,27.45,192,6,347,17.5349,0.03,0.43,7.2299999999999995,28,0,47,271,15.6089,50,a,0,1,1
543295,Milambo,Brentford,MID,0,0,0,0,0.8,45,0.0,0.0225,2.8575,7.6725,0.0,0,0.0,0.0,0.0,0.0,0.0,1.7869,1.4628,1.6867,1.7933,0.0,0.0002,0.0254,0.0682,0.0,0.0852,0.0,0.01,1.49,4,0,5,9.585,0.0,0.0,0.0,0,0,0,0,0.0,50,i,0,0,0
244858,Carvalho,Brentford,MID,3,0,1,0,4.6,103,8.0139,0.0098,3.0424,2.8057,0.4324,3,12.9,0.0,3.9,0.0,0.0,1.7869,1.4628,1.6867,1.7933,0.4096,0.0005,0.1555,0.1434,0.0221,22.0491,1.1300000000000001,0.03,2.21,8,1,65,431.3954,0.43,0.0,0.13,0,0,23,3,690.0,50,a,1,0,1
508395,Yarmoliuk,Brentford,MID,216,2,0,0,387.2,2720,0.0299,0.0458,1.2992,12.2263,0.0896,414,0.013,0.037,1.5304,13.913,0.2174,1.7869,1.4628,1.6867,1.7933,0.1285,0.1971,5.5893,52.6003,0.3856,75.1779,1.25,1.45,40.86,348,1,467,17.4742,0.06,0.16999999999999998,7.04,64,1,91,414,19.7826,48,a,0,1,1
183656,Dasilva,Brentford,MID,0,0,0,0,0.7,2,3.96,0.0,2.3271,49.5771,0.0,2,3.6,0.0,2.25,45.0,0.0,1.7869,1.4628,1.6867,1.7933,0.0308,0.0,0.0181,0.3856,0.0,1.8051,0.08,0.0,0.05,1,0,5,232.0843,0.08,0.0,0.05,1,0,5,2,225.0,49,i,0,0,0
444180,Anthony,Brentford,MID,267,3,0,0,457.9,2797,0.3028,0.0773,1.7031,6.1989,0.4112,431,0.3529,0.0439,1.4116,5.0116,0.4176,1.7869,1.4628,1.6867,1.7933,1.5405,0.3934,8.6652,31.5386,2.0921,97.0638,6.07,2.87,59.699999999999996,234,8,544,19.0778,1.69,0.21,6.76,24,2,94,431,19.6288,59,a,0,1,1
502500,Thiago,Brentford,FWD,442,5,0,0,515.8,3372,0.5312,0.0467,1.4696,5.7177,0.3331,540,0.365,0.0217,1.7933,4.8333,0.0,1.7869,1.4628,1.6867,1.7933,3.0444,0.2675,8.4225,32.769,1.9089,98.8931,21.32,1.8599999999999999,54.0,217,22,736,17.2555,2.19,0.13,10.76,29,0,61,540,10.1667,78,a,0,1,1
593174,Furo,Brentford,FWD,0,0,0,0,0.3,1,0.0,0.0,1.95,0.0,0.0,1,0.0,0.0,1.8,0.0,0.0,1.7869,1.4628,1.6867,1.7933,0.0,0.0,0.0065,0.0,0.0,0.6484,0.0,0.0,0.02,0,0,2,194.52,0.0,0.0,0.02,0,0,2,1,180.0,45,i,0,0,0
75115,Wilson,Brentford,FWD,13,0,0,0,151.0,1234,0.5961,0.0684,1.458,2.8156,0.19,174,0.5793,0.0879,1.319,2.069,0.0,1.7869,1.4628,1.6867,1.7933,1.0001,0.1148,2.4462,4.724,0.3187,36.9117,7.6,0.54,21.490000000000002,41,7,296,22.0004,1.12,0.16999999999999998,2.55,4,0,66,174,34.1379,54,a,0,0,0
513545,M.Sangaré,Brentford,MID,321,4,1,0,19.3,21,0.0,0.0,1.1975,12.8285,0.0,21,0.0,0.0,1.2,12.8571,0.0,1.7869,1.4628,1.6867,1.7933,0.0,0.0,0.2568,2.751,0.0,0.0,0.0,0.0,0.28,3,0,0,0.0,0.0,0.0,0.28,3,0,0,21,0.0,56,a,1,0,1
613804,Diouf,Brentford,DEF,39,0,1,0,380.9,2715,0.0147,0.0969,1.4141,6.3506,0.0753,442,0.0143,0.1038,1.6717,6.1086,0.0,1.7869,1.4628,1.6867,1.7933,0.0621,0.4099,5.9849,26.8772,0.3187,68.5942,0.5700000000000001,2.5100000000000002,43.78,206,3,384,16.2076,0.07,0.51,8.21,30,0,74,442,15.0679,45,a,1,0,1
626464,Nunes,Brentford,MID,0,0,0,0,0.0,0,0.0,0.0,0.0,0.0,0.0,0,0.0,0.0,0.0,0.0,0.0,1.7869,1.4628,1.6867,1.7933,0.0,0.0,0.0,0.0,0.0,0.0,0.0,0.0,0.0,0,0,0,0.0,0.0,0.0,0.0,0,0,0,0,0.0,45,a,0,0,0
612534,Fredrick,Brentford,DEF,0,0,0,0,0.0,0,0.0,0.0,0.0,0.0,0.0,0,0.0,0.0,0.0,0.0,0.0,1.7869,1.4628,1.6867,1.7933,0.0,0.0,0.0,0.0,0.0,0.0,0.0,0.0,0.0,0,0,0,0.0,0.0,0.0,0.0,0,0,0,0,0.0,40,a,0,0,0
235448,Balcombe,Brentford,GK,0,0,0,0,0.0,0,0.0,0.0,0.0,0.0,0.0,0,0.0,0.0,0.0,0.0,0.0,1.7869,1.4628,1.6867,1.7933,0.0,0.0,0.0,0.0,0.0,0.0,0.0,0.0,0.0,0,0,0,0.0,0.0,0.0,0.0,0,0,0,0,0.0,40,a,0,0,0
489639,Verbruggen,Brighton,GK,450,5,0,0,519.3,3510,0.0,0.0014,1.2664,0.0,0.1374,450,0.0,0.0,1.466,0.0,0.0,1.5845,1.3108,1.662,1.466,0.0,0.0083,7.3073,0.0,0.7929,102.2887,0.0,0.06,50.69,0,6,643,17.7277,0.0,0.0,7.33,0,0,68,450,13.6,45,a,0,1,1
49262,Steele,Brighton,GK,0,0,0,0,0.0,0,0.0,0.0,0.0,0.0,0.0,0,0.0,0.0,0.0,0.0,0.0,1.5845,1.3108,1.662,1.466,0.0,0.0,0.0,0.0,0.0,0.0,0.0,0.0,0.0,0,0,0,0.0,0.0,0.0,0.0,0,0,0,0,0.0,40,a,0,0,0
231416,F.Kadıoğlu,Brighton,DEF,332,4,0,0,498.7,3205,0.0575,0.0951,1.1755,4.4614,0.2041,435,0.0207,0.1655,1.3634,2.6897,0.0,1.5845,1.3108,1.662,1.466,0.3187,0.527,6.5138,24.7213,1.1312,88.2108,2.1,3.33,45.5,173,7,532,15.9193,0.1,0.8,6.59,13,0,51,435,10.5517,44,a,0,1,1
204120,Boscagli,Brighton,DEF,437,5,0,0,235.8,889,0.0055,0.0381,1.4066,8.0572,0.2429,180,0.005,0.045,2.395,6.0,0.0,1.5845,1.3108,1.662,1.466,0.0144,0.0998,3.6854,21.1098,0.6363,53.4478,0.060000000000000005,0.49000000000000005,12.5,85,4,195,20.3999,0.01,0.09000000000000001,4.79,12,0,32,180,16.0,45,a,0,1,1
465730,De Cuyper,Brighton,DEF,423,5,0,0,248.4,1494,0.0521,0.3709,1.4562,5.1645,0.82,321,0.0364,0.5776,1.3037,4.7664,1.1215,1.5845,1.3108,1.662,1.466,0.1438,1.0237,4.019,14.2541,2.2631,72.8166,1.68,4.31,25.72,71,10,348,26.3828,0.13,2.06,4.65,17,4,103,321,28.8785,50,a,0,1,1
83299,Dunk,Brighton,DEF,360,4,0,0,311.2,2837,0.0881,0.0203,1.24,6.827,0.3869,272,0.1754,0.0165,1.1879,4.6324,0.6618,1.5845,1.3108,1.662,1.466,0.3046,0.0701,4.2878,23.6063,1.3378,54.8901,1.83,0.56,41.9,231,5,443,15.8744,0.53,0.05,3.59,14,2,54,272,17.8676,45,d,0,0,0
550090,Coppola,Brighton,DEF,0,0,0,0,12.9,193,0.0,0.0049,2.213,7.5084,0.0,0,0.0,0.0,0.0,0.0,0.0,1.5845,1.3108,1.662,1.466,0.0,0.0007,0.3172,1.0762,0.0,1.9266,0.0,0.01,4.52,18,0,32,13.4414,0.0,0.0,0.0,0,0,0,0,0.0,45,a,0,0,0
223434,Igor,Brighton,DEF,0,0,0,0,4.5,103,0.0,0.0,4.068,11.418,0.0,0,0.0,0.0,0.0,0.0,0.0,1.5845,1.3108,1.662,1.466,0.0,0.0,0.2034,0.5709,0.0,0.3708,0.0,0.0,4.66,13,0,10,7.416,0.0,0.0,0.0,0,0,0,0,0.0,45,u,0,0,0
451490,Costinha,Brighton,DEF,68,0,1,0,12.8,14,0.0,0.9028,4.7714,6.4477,0.0,14,0.0,0.9,4.7571,6.4286,0.0,1.5845,1.3108,1.662,1.466,0.0,0.1284,0.6786,0.917,0.0,1.834,0.0,0.14,0.74,1,0,2,12.8953,0.0,0.14,0.74,1,0,2,14,12.8571,45,a,1,0,1
454490,Svoboda,Brighton,DEF,4,0,1,0,3.7,4,0.0,0.0,3.1232,22.3054,0.0,4,0.0,0.0,3.15,22.5,0.0,1.5845,1.3108,1.662,1.466,0.0,0.0,0.1284,0.917,0.0,4.585,0.0,0.0,0.14,1,0,5,111.527,0.0,0.0,0.14,1,0,5,4,112.5,50,a,1,0,1
451340,Mitoma,Brighton,MID,0,0,0,0,217.0,1714,0.2489,0.1549,1.2496,6.4255,0.08,147,0.2449,0.0551,2.1306,4.2857,0.0,1.5845,1.3108,1.662,1.466,0.6001,0.3735,3.013,15.4925,0.1928,33.5886,4.04,2.7399999999999998,23.76,107,2,247,13.9308,0.4,0.09,3.48,7,0,14,147,8.5714,59,i,0,0,0
592031,Minteh,Brighton,MID,0,0,0,0,293.7,2389,0.1149,0.2217,1.1598,6.7898,0.2994,315,0.1543,0.1629,1.2686,4.5714,0.2857,1.5845,1.3108,1.662,1.466,0.375,0.7235,3.7849,22.1573,0.9769,56.4999,3.81,5.0600000000000005,34.09,185,9,466,17.3136,0.54,0.57,4.44,16,1,61,315,17.4286,58,i,0,0,0
532529,Hinshelwood,Brighton,MID,63,1,0,0,321.4,1736,0.3269,0.1498,1.1826,4.6124,0.0394,328,0.3293,0.1125,1.2128,3.5671,0.0,1.5845,1.3108,1.662,1.466,1.1673,0.5351,4.2231,16.4715,0.1406,57.0175,4.94,2.34,27.83,114,2,317,15.9663,1.2,0.41000000000000003,4.42,13,0,74,328,20.3049,59,i,0,0,0
60307,Groß,Brighton,MID,450,5,0,0,441.7,1726,0.0852,0.226,1.2105,7.1289,1.0147,450,0.132,0.22,1.466,6.0,0.8,1.5845,1.3108,1.662,1.466,0.4182,1.1092,5.941,34.987,4.9798,129.5639,1.5,4.2,21.990000000000002,150,13,436,26.3997,0.66,1.1,7.33,30,4,119,450,23.8,59,a,0,1,1
463067,Georginio,Brighton,FWD,104,1,1,0,171.9,1790,0.2442,0.1938,1.3001,7.9716,0.0464,79,0.581,0.6722,2.4266,7.9747,0.0,1.5845,1.3108,1.662,1.466,0.4664,0.3701,2.4831,15.2257,0.0886,33.2728,2.9899999999999998,2.91,22.33,133,2,292,17.4203,0.51,0.59,2.13,7,0,17,79,19.3671,53,a,1,0,1
219249,O'Riley,Brighton,MID,10,0,1,0,12.5,206,2.0016,0.031,1.7647,16.3382,0.2455,4,6.3,0.0,3.15,45.0,0.0,1.5845,1.3108,1.662,1.466,0.278,0.0043,0.2451,2.2692,0.0341,5.0674,1.49,0.18000000000000002,2.67,12,2,50,36.4853,0.28,0.0,0.14,2,0,2,4,45.0,54,a,1,0,1
514254,Gomez,Brighton,MID,433,5,0,0,315.5,2202,0.228,0.06,1.2882,11.7704,0.2675,168,0.4982,0.0214,1.6875,13.3929,0.0,1.5845,1.3108,1.662,1.466,0.7994,0.2102,4.5158,41.2617,0.9379,53.6543,6.24,1.74,30.830000000000002,251,9,380,15.3055,0.93,0.04,3.15,25,0,20,168,10.7143,50,a,0,1,1
536916,Buonanotte,Brighton,MID,0,0,0,0,9.0,81,0.13,0.788,4.492,7.16,0.0,12,0.15,1.35,4.875,7.5,0.0,1.5845,1.3108,1.662,1.466,0.013,0.0788,0.4492,0.716,0.0,1.8952,0.06,0.27999999999999997,2.5100000000000002,6,0,9,18.952,0.02,0.18,0.65,1,0,4,12,30.0,50,u,0,0,0
509416,Ayari,Brighton,MID,333,4,0,0,233.3,2011,0.1106,0.06,1.3512,9.3117,0.2207,112,0.0884,0.0643,1.4545,7.2321,0.0,1.5845,1.3108,1.662,1.466,0.2866,0.1556,3.5026,24.138,0.5722,41.9356,2.81,1.23,28.48,232,7,413,16.1775,0.11,0.08,1.8099999999999998,9,0,12,112,9.6429,54,a,0,1,1
467779,Wieffer,Brighton,DEF,156,2,0,0,228.7,1901,0.0889,0.0575,1.1002,10.6537,0.3451,107,0.0,0.0168,1.7411,5.8879,0.0,1.5845,1.3108,1.662,1.466,0.226,0.1461,2.7957,27.0723,0.8769,45.8804,1.9200000000000002,1.86,23.95,269,6,398,18.0553,0.0,0.02,2.07,7,0,15,107,12.6168,49,i,0,0,0
597320,Howell,Brighton,MID,0,0,0,0,13.4,92,0.0,0.0282,0.9846,7.6292,0.0,0,0.0,0.0,0.0,0.0,0.0,1.5845,1.3108,1.662,1.466,0.0,0.0042,0.1466,1.1359,0.0,1.6494,0.0,0.03,1.04,7,0,11,11.0781,0.0,0.0,0.0,0,0,0,0,0.0,45,u,0,0,0
549074,Watson,Brighton,MID,0,0,0,0,2.8,57,0.045,0.0579,3.4521,9.4821,0.0,0,0.0,0.0,0.0,0.0,0.0,1.5845,1.3108,1.662,1.466,0.0014,0.0018,0.1074,0.295,0.0,0.7243,0.04,0.030000000000000002,1.7200000000000002,5,0,15,23.2811,0.0,0.0,0.0,0,0,0,0,0.0,50,u,0,0,0
556637,Oriola,Brighton,MID,0,0,0,0,0.0,1,0.0,0.0,0.0,0.0,0.0,0,0.0,0.0,0.0,0.0,0.0,1.5845,1.3108,1.662,1.466,0.0,0.0,0.0,0.0,0.0,0.1115,0.0,0.0,0.0,0,0,3,0.0,0.0,0.0,0.0,0,0,0,0,0.0,45,a,0,0,0
700308,Yohanna,Brighton,MID,12,0,0,0,0.0,0,0.0,0.0,0.0,0.0,0.0,0,0.0,0.0,0.0,0.0,0.0,1.5845,1.3108,1.662,1.466,0.0,0.0,0.0,0.0,0.0,0.0,0.0,0.0,0.0,0,0,0,0.0,0.0,0.0,0.0,0,0,0,0,0.0,48,i,0,0,0
608181,Tzimas,Brighton,FWD,0,0,0,0,4.9,132,0.2535,0.0716,1.5961,10.3408,0.0,0,0.0,0.0,0.0,0.0,0.0,1.5845,1.3108,1.662,1.466,0.0138,0.0039,0.0869,0.563,0.0,2.1686,0.44000000000000006,0.11,2.59,15,0,55,39.8314,0.0,0.0,0.0,0,0,0,0,0.0,54,i,0,0,0
647850,Kostoulas,Brighton,FWD,353,4,0,0,119.1,426,0.3451,0.1083,1.2889,6.1272,1.6242,126,0.3571,0.1929,1.6214,5.0,1.4286,1.5845,1.3108,1.662,1.466,0.4567,0.1433,1.7056,8.1083,2.1493,53.038,2.3000000000000003,0.55,6.93,45,5,180,40.0791,0.5,0.27,2.27,7,2,57,126,40.7143,56,a,0,1,1
487117,Ferguson,Brighton,FWD,0,0,0,0,0.0,0,0.0,0.0,0.0,0.0,0.0,0,0.0,0.0,0.0,0.0,0.0,1.5845,1.3108,1.662,1.466,0.0,0.0,0.0,0.0,0.0,0.0,0.0,0.0,0.0,0,0,0,0.0,0.0,0.0,0.0,0,0,0,0,0.0,50,i,0,0,0
222694,Struijk,Brighton,DEF,98,1,0,0,442.7,3020,0.0939,0.0207,1.3631,8.3532,0.0803,320,0.0703,0.0113,1.5553,4.7812,0.0,1.5845,1.3108,1.662,1.466,0.4618,0.102,6.705,41.0883,0.3951,74.8835,3.22,0.76,44.4,303,4,436,15.2237,0.25,0.04,5.529999999999999,17,0,35,320,9.8438,49,d,0,1,1
610799,Vuskovic,Brighton,DEF,437,5,0,0,82.5,90,0.0,0.0,1.6306,12.0044,0.0,90,0.0,0.0,1.63,12.0,0.0,1.5845,1.3108,1.662,1.466,0.0,0.0,1.4947,11.004,0.0,24.7591,0.0,0.0,1.63,12,0,27,27.0099,0.0,0.0,1.63,12,0,27,90,27.0,50,a,0,1,1
538007,David,Brighton,FWD,23,0,0,0,0.0,0,0.0,0.0,0.0,0.0,0.0,0,0.0,0.0,0.0,0.0,0.0,1.5845,1.3108,1.662,1.466,0.0,0.0,0.0,0.0,0.0,0.0,0.0,0.0,0.0,0,0,0,0.0,0.0,0.0,0.0,0,0,0,0,0.0,59,a,0,0,0
612855,Osman,Brighton,MID,40,0,0,0,0.0,0,0.0,0.0,0.0,0.0,0.0,0,0.0,0.0,0.0,0.0,0.0,1.5845,1.3108,1.662,1.466,0.0,0.0,0.0,0.0,0.0,0.0,0.0,0.0,0.0,0,0,0,0.0,0.0,0.0,0.0,0,0,0,0,0.0,50,a,0,0,0
611695,Yalcouyé,Brighton,MID,236,3,1,0,4.6,5,0.718,3.2302,2.5122,17.9413,0.0,5,0.72,3.24,2.52,18.0,0.0,1.5845,1.3108,1.662,1.466,0.0367,0.1651,0.1284,0.917,0.0,8.253,0.04,0.18,0.14,1,0,9,161.4717,0.04,0.18,0.14,1,0,9,5,162.0,45,a,1,0,1
512123,Hadjam,Brighton,DEF,0,0,0,0,0.0,0,0.0,0.0,0.0,0.0,0.0,0,0.0,0.0,0.0,0.0,0.0,1.5845,1.3108,1.662,1.466,0.0,0.0,0.0,0.0,0.0,0.0,0.0,0.0,0.0,0,0,0,0.0,0.0,0.0,0.0,0,0,0,0,0.0,45,a,0,0,0
519324,Cozier-Duberry,Brighton,MID,0,0,0,0,0.0,0,0.0,0.0,0.0,0.0,0.0,0,0.0,0.0,0.0,0.0,0.0,1.5845,1.3108,1.662,1.466,0.0,0.0,0.0,0.0,0.0,0.0,0.0,0.0,0.0,0,0,0,0.0,0.0,0.0,0.0,0,0,0,0,0.0,50,u,0,0,0
592984,Andrés,Brighton,MID,109,1,0,0,77.0,84,0.3002,0.1179,1.5863,9.6464,0.0,84,0.3,0.1179,1.5857,9.6429,0.0,1.5845,1.3108,1.662,1.466,0.2568,0.1009,1.3572,8.253,0.0,24.7591,0.28,0.11,1.48,9,0,27,28.9392,0.28,0.11,1.48,9,0,27,84,28.9286,55,a,0,1,1
471551,Azeez,Brighton,MID,0,0,0,0,0.0,0,0.0,0.0,0.0,0.0,0.0,0,0.0,0.0,0.0,0.0,0.0,1.5845,1.3108,1.662,1.466,0.0,0.0,0.0,0.0,0.0,0.0,0.0,0.0,0.0,0,0,0,0.0,0.0,0.0,0.0,0,0,0,0,0.0,55,i,0,0,0
661016,Ibrahim,Brighton,MID,0,0,0,0,0.0,0,0.0,0.0,0.0,0.0,0.0,0,0.0,0.0,0.0,0.0,0.0,1.5845,1.3108,1.662,1.466,0.0,0.0,0.0,0.0,0.0,0.0,0.0,0.0,0.0,0,0,0,0.0,0.0,0.0,0.0,0,0,0,0,0.0,45,a,0,0,0
98980,Martinez,Chelsea,GK,360,4,0,0,443.1,2925,0.0,0.0024,1.6444,0.0,0.2808,450,0.0,0.002,1.608,0.0,0.2,1.5119,1.6813,1.0,1.764,0.0,0.0119,8.0959,0.0,1.3825,70.9147,0.0,0.08,45.57,0,11,537,14.4038,0.0,0.01,8.04,0,1,75,450,15.0,50,a,0,1,1
244850,Rogers,Chelsea,MID,437,5,0,0,476.1,3370,0.222,0.1193,1.6302,6.8684,0.4352,450,0.14,0.078,1.608,7.0,0.4,1.5119,1.6813,1.0,1.764,1.1742,0.6313,8.6238,36.3339,2.3024,92.7071,7.17,4.39,54.2,238,17,622,17.525,0.7,0.39,8.04,35,2,79,450,15.8,77,a,0,1,1
56979,Henderson,Chelsea,MID,90,1,0,0,260.5,2001,0.0063,0.0869,1.8646,9.0166,0.0766,187,0.0,0.0674,2.339,7.2193,0.0,1.5119,1.6813,1.0,1.764,0.0183,0.2514,5.3971,26.098,0.2216,43.6897,0.33,2.39,30.81,193,5,359,15.0943,0.0,0.14,4.859999999999999,15,0,27,187,12.9947,49,a,0,1,1
50175,Welbeck,Chelsea,FWD,85,1,0,0,364.8,2319,0.3556,0.0613,1.3374,4.8365,0.5521,347,0.1478,0.0415,1.4706,4.928,0.0,1.5119,1.6813,1.0,1.764,1.4413,0.2485,5.4208,19.6038,2.238,74.4476,12.36,1.48,33.13,116,18,519,18.367,0.57,0.16,5.67,19,0,46,347,11.9308,59,a,0,1,1
215059,Sánchez,Chelsea,GK,90,1,0,0,369.8,3040,0.0,0.0009,1.5609,0.0,0.1227,246,0.0,0.0,2.0524,0.0,0.0,1.5119,1.6813,1.0,1.764,0.0,0.0035,6.4135,0.0,0.5043,51.9379,0.0,0.04,48.64,0,7,509,12.6404,0.0,0.0,5.609999999999999,0,0,26,246,9.5122,49,u,0,0,0
508479,Jörgensen,Chelsea,GK,0,0,0,0,66.9,378,0.0,0.0,0.6444,0.0,0.0,114,0.0,0.0,0.4421,0.0,0.0,1.5119,1.6813,1.0,1.764,0.0,0.0,0.479,0.0,0.0,9.7969,0.0,0.0,4.12,0,0,50,13.1797,0.0,0.0,0.56,0,0,15,114,11.8421,50,u,0,0,0
225796,James,Chelsea,DEF,292,3,0,0,174.8,1957,0.0422,0.1494,1.1257,5.515,0.4163,65,0.0277,0.0692,0.7062,5.5385,0.0,1.5119,1.6813,1.0,1.764,0.0819,0.2901,2.1863,10.7113,0.8085,40.7003,1.04,3.2,28.75,128,11,493,20.9555,0.02,0.05,0.51,4,0,14,65,19.3846,53,d,0,0,0
180736,Chalobah,Chelsea,DEF,0,0,0,0,279.9,2780,0.0381,0.0262,1.4192,8.0304,0.1039,131,0.0687,0.0069,1.745,6.8702,0.0,1.5119,1.6813,1.0,1.764,0.1185,0.0814,4.4137,24.9744,0.3232,40.0221,1.44,1.03,40.83,265,7,516,12.8688,0.1,0.01,2.54,10,0,11,131,7.5573,55,u,0,0,0
482609,Gusto,Chelsea,DEF,272,3,0,0,311.1,2255,0.0359,0.1749,1.46,4.8899,0.106,264,0.0341,0.2318,1.4932,4.7727,0.0,1.5119,1.6813,1.0,1.764,0.1242,0.6047,5.0467,16.9026,0.3664,40.1064,1.56,2.9699999999999998,37.13,126,7,406,11.6026,0.1,0.68,4.38,14,0,13,264,4.4318,49,a,0,0,0
444463,Fofana,Chelsea,DEF,312,4,0,0,336.5,1788,0.0305,0.0207,1.4803,11.7998,0.0488,301,0.0,0.0,1.5189,10.1661,0.0,1.5119,1.6813,1.0,1.764,0.1139,0.0773,5.5346,44.1181,0.1823,41.9681,0.72,0.6,27.26,221,3,299,11.2248,0.0,0.0,5.08,34,0,32,301,9.5681,50,a,0,1,1
242880,B.Badiashile,Chelsea,DEF,0,0,0,0,36.8,470,0.0,0.011,1.3241,10.2113,0.0,0,0.0,0.0,0.0,0.0,0.0,1.5119,1.6813,1.0,1.764,0.0,0.0045,0.5414,4.1753,0.0,4.174,0.0,0.06,7.41,48,0,48,10.2082,0.0,0.0,0.0,0,0,0,0,0.0,45,u,0,0,0
551210,Hato,Chelsea,DEF,258,4,0,0,241.1,1139,0.0132,0.0457,1.4683,7.8351,0.0,231,0.0,0.0351,1.426,7.7922,0.0,1.5119,1.6813,1.0,1.764,0.0354,0.1225,3.9334,20.9894,0.0,21.8988,0.3,0.61,18.5,99,0,93,8.1746,0.0,0.09,3.66,20,0,23,231,8.961,45,a,0,0,0
460028,Colwill,Chelsea,DEF,341,4,0,0,166.8,315,0.0,0.0313,2.0034,8.6861,0.0,315,0.0,0.0371,1.7171,9.1429,0.0,1.5119,1.6813,1.0,1.764,0.0,0.058,3.7129,16.0982,0.0,12.209,0.0,0.13,6.01,32,0,31,6.5876,0.0,0.13,6.01,32,0,31,315,8.8571,48,a,0,1,1
574458,M.Sarr,Chelsea,DEF,0,0,0,0,19.5,100,0.2857,0.0,1.5125,6.5271,0.0,9,0.0,0.0,2.1,0.0,0.0,1.5119,1.6813,1.0,1.764,0.0619,0.0,0.3277,1.4142,0.0,1.3481,0.35,0.0,1.63,8,0,4,6.222,0.0,0.0,0.21,0,0,3,9,30.0,45,u,0,0,0
577016,Acheampong,Chelsea,DEF,221,2,1,0,85.1,676,0.0274,0.0232,2.7916,5.0823,0.1201,97,0.0186,0.0093,2.5794,3.7113,0.0,1.5119,1.6813,1.0,1.764,0.0259,0.0219,2.6396,4.8056,0.1136,6.4679,0.62,0.14,16.86,45,5,114,6.8403,0.02,0.01,2.7800000000000002,4,0,7,97,6.4948,45,a,1,0,1
620109,Palestra,Chelsea,DEF,0,0,0,0,0.0,0,0.0,0.0,0.0,0.0,0.0,0,0.0,0.0,0.0,0.0,0.0,1.5119,1.6813,1.0,1.764,0.0,0.0,0.0,0.0,0.0,0.0,0.0,0.0,0.0,0,0,0,0.0,0.0,0.0,0.0,0,0,0,0,0.0,53,d,0,0,0
244851,Palmer,Chelsea,MID,442,5,0,0,429.3,2044,0.3653,0.1341,1.6148,5.6564,0.441,448,0.2953,0.1065,1.7618,4.4196,0.4018,1.5119,1.6813,1.0,1.764,1.7423,0.6396,7.7024,26.9812,2.1034,87.9157,10.68,2.67,33.78,141,11,451,18.431,1.47,0.53,8.77,22,2,71,448,14.2634,97,d,0,1,1
247632,Neto,Chelsea,MID,332,4,0,0,372.5,2715,0.1214,0.1942,1.6438,4.3726,0.2326,238,0.0908,0.0681,2.0609,4.916,0.3782,1.5119,1.6813,1.0,1.764,0.5023,0.8039,6.8034,18.0975,0.9629,68.9444,4.75,6.89,39.76,128,9,556,16.6577,0.24,0.18,5.45,13,1,56,238,21.1765,65,a,0,1,1
624773,Estêvão,Chelsea,MID,23,0,1,0,72.4,842,0.2052,0.0991,1.8225,5.032,0.3563,3,0.0,0.0,12.9,0.0,0.0,1.5119,1.6813,1.0,1.764,0.1651,0.0797,1.4661,4.048,0.2866,13.3485,2.91,2.14,10.72,56,4,175,16.5934,0.0,0.0,0.43,0,0,3,3,90.0,63,a,1,0,1
463936,Gittens,Chelsea,MID,0,0,0,0,21.6,486,0.1337,0.1729,1.8058,4.8917,0.0,0,0.0,0.0,0.0,0.0,0.0,1.5119,1.6813,1.0,1.764,0.0321,0.0415,0.4334,1.174,0.0,5.0006,0.81,0.9400000000000001,8.89,29,0,99,20.8358,0.0,0.0,0.0,0,0,0,0,0.0,58,d,0,0,0
486672,Caicedo,Chelsea,MID,13,0,0,0,389.2,2796,0.0354,0.0761,1.4103,10.2597,0.0882,354,0.0102,0.0763,1.5508,8.8983,0.0,1.5119,1.6813,1.0,1.764,0.1529,0.3292,6.0986,44.3675,0.3815,69.7841,1.45,2.38,42.54,366,10,580,16.1371,0.04,0.3,6.1,35,0,59,354,15.0,53,d,0,0,0
514356,Lavia,Chelsea,MID,258,4,0,0,72.1,374,0.0652,0.163,2.0659,8.4364,0.0,57,0.0316,0.1263,3.1421,4.7368,0.0,1.5119,1.6813,1.0,1.764,0.0522,0.1306,1.655,6.7585,0.0,15.9105,0.21000000000000002,0.55,8.53,37,0,81,19.8605,0.02,0.08,1.99,3,0,12,57,18.9474,50,a,0,0,0
491007,D.Essugo,Chelsea,MID,0,0,0,0,7.0,26,0.0,0.0347,1.9247,31.2339,0.0,1,0.0,0.0,4.5,270.0,0.0,1.5119,1.6813,1.0,1.764,0.0,0.0027,0.1497,2.4293,0.0,1.9084,0.0,0.01,0.55,8,0,7,24.5366,0.0,0.0,0.05,3,0,0,1,0.0,45,u,0,0,0
593117,Quenda,Chelsea,MID,27,0,1,0,17.4,19,0.1422,0.0476,5.6917,0.0,0.0,19,0.1421,0.0474,5.6842,0.0,0.0,1.5119,1.6813,1.0,1.764,0.0275,0.0092,1.1004,0.0,0.0,2.751,0.03,0.01,1.2,0,0,3,14.2293,0.03,0.01,1.2,0,0,3,19,14.2105,53,a,1,0,1
475168,João Pedro,Chelsea,FWD,360,4,0,0,310.1,2658,0.5749,0.05,1.3248,4.0716,0.8696,270,0.4067,0.0233,1.4833,3.6667,0.6667,1.5119,1.6813,1.0,1.764,1.9809,0.1724,4.5645,14.0288,2.9962,77.3425,14.91,1.96,37.25,138,30,715,22.447,1.22,0.07,4.45,11,2,39,270,13.0,77,d,0,0,0
499309,Marc Guiu,Chelsea,FWD,0,0,0,0,14.7,265,0.4892,0.0796,1.6763,3.5792,0.0,0,0.0,0.0,0.0,0.0,0.0,1.5119,1.6813,1.0,1.764,0.0799,0.013,0.2738,0.5846,0.0,0.7996,1.54,0.29000000000000004,5.890000000000001,8,0,19,4.8955,0.0,0.0,0.0,0,0,0,0,0.0,50,u,0,0,0
567119,Mheuka,Chelsea,FWD,0,0,0,0,0.4,1,0.0,0.0,4.3425,86.76,0.0,1,0.0,0.0,4.5,90.0,0.0,1.5119,1.6813,1.0,1.764,0.0,0.0,0.0193,0.3856,0.0,1.1567,0.0,0.0,0.05,1,0,3,260.2575,0.0,0.0,0.05,1,0,3,1,270.0,45,a,0,0,0
503037,Emegha,Chelsea,FWD,0,0,0,0,0.0,0,0.0,0.0,0.0,0.0,0.0,0,0.0,0.0,0.0,0.0,0.0,1.5119,1.6813,1.0,1.764,0.0,0.0,0.0,0.0,0.0,0.0,0.0,0.0,0.0,0,0,0,0.0,0.0,0.0,0.0,0,0,0,0,0.0,49,i,0,0,0
437499,Lacroix,Chelsea,DEF,364,4,0,0,445.2,3175,0.0881,0.0189,1.5425,11.1845,0.3166,510,0.0776,0.0141,1.6959,10.9412,0.0,1.5119,1.6813,1.0,1.764,0.4356,0.0936,7.63,55.3258,1.566,53.3291,2.58,0.8400000000000001,46.69,382,11,528,10.7808,0.44,0.08,9.61,62,0,36,510,6.3529,59,a,0,1,1
549939,Penders,Chelsea,GK,0,0,0,0,0.0,0,0.0,0.0,0.0,0.0,0.0,0,0.0,0.0,0.0,0.0,0.0,1.5119,1.6813,1.0,1.764,0.0,0.0,0.0,0.0,0.0,0.0,0.0,0.0,0.0,0,0,0,0.0,0.0,0.0,0.0,0,0,0,0,0.0,44,a,0,0,0
622758,Anselmino,Chelsea,DEF,0,0,0,0,0.0,0,0.0,0.0,0.0,0.0,0.0,0,0.0,0.0,0.0,0.0,0.0,1.5119,1.6813,1.0,1.764,0.0,0.0,0.0,0.0,0.0,0.0,0.0,0.0,0.0,0,0,0,0.0,0.0,0.0,0.0,0,0,0,0,0.0,45,a,0,0,0
543158,Barco,Chelsea,MID,115,1,0,0,78.9,86,0.0314,0.0209,2.3221,9.4141,0.0,86,0.0314,0.0209,2.3233,9.4186,0.0,1.5119,1.6813,1.0,1.764,0.0275,0.0183,2.0357,8.253,0.0,19.2571,0.03,0.02,2.22,9,0,21,21.9663,0.03,0.02,2.22,9,0,21,86,21.9767,54,a,0,1,1
498444,Chavarria,Chelsea,DEF,208,1,0,0,82.5,90,0.04,0.04,2.651,9.0033,0.0,90,0.04,0.04,2.65,9.0,0.0,1.5119,1.6813,1.0,1.764,0.0367,0.0367,2.4301,8.253,0.0,6.419,0.04,0.04,2.65,9,0,7,7.0025,0.04,0.04,2.65,9,0,7,90,7.0,49,a,0,1,1
636846,Nicoll-Jazuli,Chelsea,MID,3,0,1,0,2.8,3,0.0,0.0,12.6739,58.95,0.0,3,0.0,0.0,12.9,60.0,0.0,1.5119,1.6813,1.0,1.764,0.0,0.0,0.3943,1.834,0.0,4.585,0.0,0.0,0.43,2,0,5,147.375,0.0,0.0,0.43,2,0,5,3,150.0,45,a,1,0,1
231065,Pinnock,Coventry City,DEF,282,3,0,0,110.6,408,0.0019,0.0015,1.0032,17.4829,0.3731,90,0.0,0.0,1.1,19.0,0.0,0.6803,1.1004,0.68,1.1,0.0023,0.0019,1.2328,21.4846,0.4585,30.4093,0.01,0.06,4.800000000000001,61,2,77,24.7454,0.0,0.0,1.1,19,0,24,90,24.0,45,a,0,1,1
428580,Onyeka,Coventry City,MID,314,4,0,0,84.4,178,0.0,0.0078,1.1261,9.0451,0.0,90,0.0,0.0,1.1,9.0,0.0,0.6803,1.1004,0.68,1.1,0.0,0.0073,1.056,8.4823,0.0,10.0524,0.0,0.36,3.12,19,0,51,10.7194,0.0,0.0,1.1,9,0,10,90,10.0,49,a,0,1,1
472739,Rushworth,Coventry City,GK,450,5,0,0,82.5,90,0.0,0.0,1.1004,0.0,2.0007,90,0.0,0.0,1.1,0.0,2.0,0.6803,1.1004,0.68,1.1,0.0,0.0,1.0087,0.0,1.834,34.8462,0.0,0.0,1.1,0,2,38,38.014,0.0,0.0,1.1,0,2,38,90,38.0,45,a,0,1,1
484389,Dovin,Coventry City,GK,0,0,0,0,0.0,0,0.0,0.0,0.0,0.0,0.0,0,0.0,0.0,0.0,0.0,0.0,0.6803,1.1004,0.68,1.1,0.0,0.0,0.0,0.0,0.0,0.0,0.0,0.0,0.0,0,0,0,0.0,0.0,0.0,0.0,0,0,0,0,0.0,40,u,0,0,0
110690,Wilson,Coventry City,GK,0,0,0,0,0.0,0,0.0,0.0,0.0,0.0,0.0,0,0.0,0.0,0.0,0.0,0.0,0.6803,1.1004,0.68,1.1,0.0,0.0,0.0,0.0,0.0,0.0,0.0,0.0,0.0,0,0,0,0.0,0.0,0.0,0.0,0,0,0,0,0.0,44,a,0,0,0
461102,Thomas,Coventry City,DEF,437,5,0,0,82.5,90,0.06,0.04,1.1004,13.0048,1.0004,90,0.06,0.04,1.1,13.0,1.0,0.6803,1.1004,0.68,1.1,0.055,0.0367,1.0087,11.9211,0.917,33.9291,0.06,0.04,1.1,13,1,37,37.0136,0.06,0.04,1.1,13,1,37,90,37.0,40,a,0,1,1
436761,Kitching,Coventry City,DEF,0,0,0,0,0.0,0,0.0,0.0,0.0,0.0,0.0,0,0.0,0.0,0.0,0.0,0.0,0.6803,1.1004,0.68,1.1,0.0,0.0,0.0,0.0,0.0,0.0,0.0,0.0,0.0,0,0,0,0.0,0.0,0.0,0.0,0,0,0,0,0.0,40,u,0,0,0
451284,van Ewijk,Coventry City,DEF,360,4,0,0,0.0,0,0.0,0.0,0.0,0.0,0.0,0,0.0,0.0,0.0,0.0,0.0,0.6803,1.1004,0.68,1.1,0.0,0.0,0.0,0.0,0.0,0.0,0.0,0.0,0.0,0,0,0,0.0,0.0,0.0,0.0,0,0,0,0,0.0,40,d,0,0,0
173878,Dasilva,Coventry City,DEF,444,5,0,0,82.5,90,0.3201,0.04,1.1004,4.0015,3.0011,90,0.32,0.04,1.1,4.0,3.0,0.6803,1.1004,0.68,1.1,0.2934,0.0367,1.0087,3.668,2.751,36.6802,0.32,0.04,1.1,4,3,40,40.0148,0.32,0.04,1.1,4,3,40,90,40.0,40,a,0,1,1
465390,Kesler-Hayden,Coventry City,DEF,0,0,0,0,0.0,0,0.0,0.0,0.0,0.0,0.0,0,0.0,0.0,0.0,0.0,0.0,0.6803,1.1004,0.68,1.1,0.0,0.0,0.0,0.0,0.0,0.0,0.0,0.0,0.0,0,0,0,0.0,0.0,0.0,0.0,0,0,0,0,0.0,39,i,0,0,0
80178,Bidwell,Coventry City,DEF,0,0,0,0,0.0,0,0.0,0.0,0.0,0.0,0.0,0,0.0,0.0,0.0,0.0,0.0,0.6803,1.1004,0.68,1.1,0.0,0.0,0.0,0.0,0.0,0.0,0.0,0.0,0.0,0,0,0,0.0,0.0,0.0,0.0,0,0,0,0,0.0,40,a,0,0,0
204813,Latibeaudiere,Coventry City,DEF,1,0,1,0,0.9,1,0.0,0.0,1.83,183.4,0.0,1,0.0,0.0,1.8,180.0,0.0,0.6803,1.1004,0.68,1.1,0.0,0.0,0.0183,1.834,0.0,2.751,0.0,0.0,0.02,2,0,3,275.1,0.0,0.0,0.02,2,0,3,1,270.0,40,a,1,0,1
220583,Woolfenden,Coventry City,DEF,0,0,0,0,0.0,0,0.0,0.0,0.0,0.0,0.0,0,0.0,0.0,0.0,0.0,0.0,0.6803,1.1004,0.68,1.1,0.0,0.0,0.0,0.0,0.0,0.0,0.0,0.0,0.0,0,0,0,0.0,0.0,0.0,0.0,0,0,0,0,0.0,39,i,0,0,0
577411,Brau,Coventry City,DEF,0,0,0,0,0.0,0,0.0,0.0,0.0,0.0,0.0,0,0.0,0.0,0.0,0.0,0.0,0.6803,1.1004,0.68,1.1,0.0,0.0,0.0,0.0,0.0,0.0,0.0,0.0,0.0,0,0,0,0.0,0.0,0.0,0.0,0,0,0,0,0.0,40,u,0,0,0
539142,Amenda,Coventry City,DEF,360,4,0,0,0.0,0,0.0,0.0,0.0,0.0,0.0,0,0.0,0.0,0.0,0.0,0.0,0.6803,1.1004,0.68,1.1,0.0,0.0,0.0,0.0,0.0,0.0,0.0,0.0,0.0,0,0,0,0.0,0.0,0.0,0.0,0,0,0,0,0.0,40,i,0,0,0
480457,Rudoni,Coventry City,MID,297,4,0,0,66.9,73,0.111,0.2467,1.0487,16.0374,0.0,73,0.111,0.2466,1.0479,16.0274,0.0,0.6803,1.1004,0.68,1.1,0.0825,0.1834,0.7795,11.9211,0.0,14.6721,0.09,0.2,0.85,13,0,16,19.7383,0.09,0.2,0.85,13,0,16,73,19.726,49,a,0,1,1
168144,Grimes,Coventry City,MID,443,5,0,0,82.5,90,0.02,0.06,1.1004,10.0036,0.0,90,0.02,0.06,1.1,10.0,0.0,0.6803,1.1004,0.68,1.1,0.0183,0.055,1.0087,9.17,0.0,15.5891,0.02,0.06,1.1,10,0,17,17.0063,0.02,0.06,1.1,10,0,17,90,17.0,49,a,0,1,1
501459,Sakamoto,Coventry City,MID,31,0,0,0,0.0,0,0.0,0.0,0.0,0.0,0.0,0,0.0,0.0,0.0,0.0,0.0,0.6803,1.1004,0.68,1.1,0.0,0.0,0.0,0.0,0.0,0.0,0.0,0.0,0.0,0,0,0,0.0,0.0,0.0,0.0,0,0,0,0,0.0,48,a,0,0,0
241293,Mason-Clark,Coventry City,MID,231,4,0,0,41.3,45,0.0399,0.1,1.199,3.9966,0.0,45,0.04,0.1,1.2,4.0,0.0,0.6803,1.1004,0.68,1.1,0.0183,0.0459,0.5502,1.834,0.0,5.502,0.02,0.05,0.6,2,0,6,11.9898,0.02,0.05,0.6,2,0,6,45,12.0,53,a,0,1,1
439668,Eccles,Coventry City,MID,0,0,0,0,0.0,0,0.0,0.0,0.0,0.0,0.0,0,0.0,0.0,0.0,0.0,0.0,0.6803,1.1004,0.68,1.1,0.0,0.0,0.0,0.0,0.0,0.0,0.0,0.0,0.0,0,0,0,0.0,0.0,0.0,0.0,0,0,0,0,0.0,48,i,0,0,0
226965,Torp,Coventry City,MID,53,0,0,0,0.0,0,0.0,0.0,0.0,0.0,0.0,0,0.0,0.0,0.0,0.0,0.0,0.6803,1.1004,0.68,1.1,0.0,0.0,0.0,0.0,0.0,0.0,0.0,0.0,0.0,0,0,0,0.0,0.0,0.0,0.0,0,0,0,0,0.0,53,a,0,0,0
684268,Shepherd,Coventry City,MID,0,0,0,0,0.0,0,0.0,0.0,0.0,0.0,0.0,0,0.0,0.0,0.0,0.0,0.0,0.6803,1.1004,0.68,1.1,0.0,0.0,0.0,0.0,0.0,0.0,0.0,0.0,0.0,0,0,0,0.0,0.0,0.0,0.0,0,0,0,0,0.0,44,a,0,0,0
469272,Tchaouna,Coventry City,MID,211,2,1,0,232.3,1304,0.0817,0.057,1.7004,4.8313,0.0,380,0.0805,0.0521,1.5276,5.2105,0.0,0.6803,1.1004,0.68,1.1,0.211,0.147,4.389,12.4702,0.0,39.109,1.31,0.91,25.54,72,0,213,15.152,0.34,0.22,6.45,22,0,72,380,17.0526,54,a,1,0,1
492498,Borges Rodrigues,Coventry City,MID,0,0,0,0,0.0,0,0.0,0.0,0.0,0.0,0.0,0,0.0,0.0,0.0,0.0,0.0,0.6803,1.1004,0.68,1.1,0.0,0.0,0.0,0.0,0.0,0.0,0.0,0.0,0.0,0,0,0,0.0,0.0,0.0,0.0,0,0,0,0,0.0,45,u,0,0,0
629397,Andrews,Coventry City,MID,0,0,0,0,0.0,0,0.0,0.0,0.0,0.0,0.0,0,0.0,0.0,0.0,0.0,0.0,0.6803,1.1004,0.68,1.1,0.0,0.0,0.0,0.0,0.0,0.0,0.0,0.0,0.0,0,0,0,0.0,0.0,0.0,0.0,0,0,0,0,0.0,45,u,0,0,0
176412,Wright,Coventry City,FWD,0,0,0,0,0.0,0,0.0,0.0,0.0,0.0,0.0,0,0.0,0.0,0.0,0.0,0.0,0.6803,1.1004,0.68,1.1,0.0,0.0,0.0,0.0,0.0,0.0,0.0,0.0,0.0,0,0,0,0.0,0.0,0.0,0.0,0,0,0,0,0.0,53,i,0,0,0
230730,Thomas-Asante,Coventry City,FWD,227,2,0,0,82.5,90,0.13,0.01,1.1004,16.0059,0.0,90,0.13,0.01,1.1,16.0,0.0,0.6803,1.1004,0.68,1.1,0.1192,0.0092,1.0087,14.6721,0.0,14.6721,0.13,0.01,1.1,16,0,16,16.0059,0.13,0.01,1.1,16,0,16,90,16.0,50,a,0,1,1
218997,Simms,Coventry City,FWD,104,1,1,0,14.7,16,0.0,0.0,1.3476,0.0,0.0,16,0.0,0.0,1.35,0.0,0.0,0.6803,1.1004,0.68,1.1,0.0,0.0,0.2201,0.0,0.0,2.751,0.0,0.0,0.24,0,0,3,16.8429,0.0,0.0,0.24,0,0,3,16,16.875,49,a,1,0,1
551262,Markelo,Coventry City,FWD,0,0,0,0,0.0,0,0.0,0.0,0.0,0.0,0.0,0,0.0,0.0,0.0,0.0,0.0,0.6803,1.1004,0.68,1.1,0.0,0.0,0.0,0.0,0.0,0.0,0.0,0.0,0.0,0,0,0,0.0,0.0,0.0,0.0,0,0,0,0,0.0,50,u,0,0,0
549653,Bassette,Coventry City,FWD,0,0,0,0,0.0,0,0.0,0.0,0.0,0.0,0.0,0,0.0,0.0,0.0,0.0,0.0,0.6803,1.1004,0.68,1.1,0.0,0.0,0.0,0.0,0.0,0.0,0.0,0.0,0.0,0,0,0,0.0,0.0,0.0,0.0,0,0,0,0,0.0,45,u,0,0,0
210156,Awoniyi,Coventry City,FWD,232,3,0,0,99.0,480,0.805,0.1595,2.2043,4.6249,0.9885,212,0.6835,0.1613,2.2245,4.6698,1.2736,0.6803,1.1004,0.68,1.1,0.8855,0.1755,2.4247,5.0874,1.0873,38.3073,3.68,0.77,10.35,26,4,170,34.8248,1.61,0.38,5.24,11,3,89,212,37.783,54,s,0,0,0
661888,Yirenkyi,Coventry City,MID,265,3,0,0,82.5,90,0.0,0.01,1.0804,5.0018,0.0,90,0.0,0.01,1.08,5.0,0.0,0.6803,1.1004,0.68,1.1,0.0,0.0092,0.9904,4.585,0.0,9.17,0.0,0.01,1.08,5,0,10,10.0036,0.0,0.01,1.08,5,0,10,90,10.0,48,a,0,1,1
196100,Hamer,Coventry City,MID,32,0,0,0,0.0,0,0.0,0.0,0.0,0.0,0.0,0,0.0,0.0,0.0,0.0,0.0,0.6803,1.1004,0.68,1.1,0.0,0.0,0.0,0.0,0.0,0.0,0.0,0.0,0.0,0,0,0,0.0,0.0,0.0,0.0,0,0,0,0,0.0,54,a,0,0,0
627221,Cherif,Coventry City,FWD,30,0,0,0,0.0,0,0.0,0.0,0.0,0.0,0.0,0,0.0,0.0,0.0,0.0,0.0,0.6803,1.1004,0.68,1.1,0.0,0.0,0.0,0.0,0.0,0.0,0.0,0.0,0.0,0,0,0,0.0,0.0,0.0,0.0,0,0,0,0,0.0,50,a,0,0,0
79602,Bentley,Coventry City,GK,0,0,0,0,85.5,270,0.0,0.0,1.6374,0.0,0.0,180,0.0,0.0,1.14,0.0,0.0,0.6803,1.1004,0.68,1.1,0.0,0.0,1.5555,0.0,0.0,7.7872,0.0,0.0,5.1,0,0,24,8.1971,0.0,0.0,2.2800000000000002,0,0,19,180,9.5,40,a,0,0,0
242893,Gboho,Coventry City,MID,0,0,0,0,0.0,0,0.0,0.0,0.0,0.0,0.0,0,0.0,0.0,0.0,0.0,0.0,0.6803,1.1004,0.68,1.1,0.0,0.0,0.0,0.0,0.0,0.0,0.0,0.0,0.0,0,0,0,0.0,0.0,0.0,0.0,0,0,0,0,0.0,55,a,0,0,0
566213,Mfuni,Coventry City,DEF,90,1,0,0,82.5,90,0.0,0.01,1.1004,8.0029,0.0,90,0.0,0.01,1.1,8.0,0.0,0.6803,1.1004,0.68,1.1,0.0,0.0092,1.0087,7.336,0.0,24.7591,0.0,0.01,1.1,8,0,27,27.0099,0.0,0.01,1.1,8,0,27,90,27.0,40,a,0,1,1
485337,Guessand,Crystal Palace,MID,54,0,0,0,89.4,909,0.1254,0.1096,1.7684,7.4215,0.0,29,0.0,0.3103,5.4,6.2069,0.0,1.4885,1.4738,1.7017,1.7283,0.1246,0.1089,1.7566,7.372,0.0,15.265,1.56,0.8500000000000001,14.48,83,0,143,15.3674,0.0,0.1,1.74,2,0,6,29,18.6207,54,a,0,0,0
220362,Disasi,Crystal Palace,DEF,139,2,0,0,318.3,1254,0.058,0.0028,1.399,6.2334,0.0771,444,0.0,0.0041,1.6662,5.8784,0.0,1.4885,1.4738,1.7017,1.7283,0.2053,0.0098,4.9478,22.0455,0.2726,44.9728,1.1,0.03,18.54,88,1,186,12.7162,0.0,0.02,8.22,29,0,41,444,8.3108,45,s,0,0,0
172649,Henderson,Crystal Palace,GK,270,3,0,0,431.3,3330,0.0,0.0019,1.5269,0.0,0.1753,540,0.0,0.0017,1.77,0.0,0.0,1.4885,1.4738,1.7017,1.7283,0.0,0.009,7.3173,0.0,0.84,55.1407,0.0,0.11,51.4,0,7,538,11.5063,0.0,0.01,10.620000000000001,0,0,18,540,3.0,49,i,0,0,0
121709,Benitez,Crystal Palace,GK,180,2,0,0,101.5,180,0.0,0.0,1.2739,0.0,0.0,90,0.0,0.0,1.31,0.0,0.0,1.4885,1.4738,1.7017,1.7283,0.0,0.0,1.4367,0.0,0.0,29.9386,0.0,0.0,2.43,0,0,55,26.5465,0.0,0.0,1.31,0,0,26,90,26.0,45,a,0,1,1
427623,Richards,Crystal Palace,DEF,450,5,0,0,415.7,2915,0.1138,0.0301,1.3777,9.3923,0.1614,403,0.2859,0.0246,1.6012,8.4864,0.0,1.4885,1.4738,1.7017,1.7283,0.5255,0.139,6.3636,43.382,0.7456,68.8388,2.42,1.57,42.5,321,5,482,14.9038,1.28,0.11,7.17,38,0,33,403,7.3697,49,a,0,1,1
651426,Canvot,Crystal Palace,DEF,360,4,0,0,376.4,1421,0.0795,0.0399,1.5083,10.605,0.3467,540,0.0517,0.0267,1.5667,9.3333,0.0,1.4885,1.4738,1.7017,1.7283,0.3323,0.1667,6.3081,44.3525,1.4498,62.9637,1.48,0.45,25.15,179,9,242,15.0551,0.31,0.16,9.4,56,0,50,540,8.3333,48,a,0,1,1
244723,Mitchell,Crystal Palace,DEF,419,5,0,0,482.5,3343,0.0518,0.0726,1.4466,6.9251,0.3127,495,0.0855,0.0509,1.6709,8.1818,0.1818,1.4885,1.4738,1.7017,1.7283,0.2778,0.3893,7.7553,37.1261,1.6766,83.6421,1.59,2.5500000000000003,51.09,253,9,528,15.6016,0.47000000000000003,0.28,9.19,45,1,64,495,11.6364,45,a,0,1,1
218364,Sosa,Crystal Palace,DEF,0,0,0,0,18.4,99,0.0582,0.0347,0.403,6.1513,0.0,45,0.08,0.02,0.14,4.0,0.0,1.4885,1.4738,1.7017,1.7283,0.0119,0.0071,0.0824,1.2576,0.0,0.4365,0.04,0.06999999999999999,0.9000000000000001,9,0,9,2.1351,0.04,0.01,0.07,2,0,-4,45,-8.0,45,u,0,0,0
515621,Chadi Riad,Crystal Palace,DEF,72,1,0,0,140.6,550,0.067,0.0235,1.6475,8.4965,0.0,238,0.0832,0.0303,1.8,10.2101,0.0,1.4885,1.4738,1.7017,1.7283,0.1047,0.0367,2.5738,13.2734,0.0,18.8355,0.32999999999999996,0.13,9.09,45,0,84,12.0569,0.22,0.08,4.76,27,0,26,238,9.8319,43,i,0,0,0
242313,Mingueza,Crystal Palace,DEF,16,0,0,0,0.0,0,0.0,0.0,0.0,0.0,0.0,0,0.0,0.0,0.0,0.0,0.0,1.4885,1.4738,1.7017,1.7283,0.0,0.0,0.0,0.0,0.0,0.0,0.0,0.0,0.0,0,0,0,0.0,0.0,0.0,0.0,0,0,0,0,0.0,44,a,0,0,0
232185,Sarr,Crystal Palace,MID,8,0,1,0,307.0,2181,0.5058,0.0592,1.3269,4.9032,0.2149,398,0.6535,0.0905,1.4608,3.8442,0.0,1.4885,1.4738,1.7017,1.7283,1.7255,0.202,4.5262,16.7252,0.7331,52.7309,10.93,1.18,31.31,137,9,362,15.4586,2.89,0.4,6.46,17,0,69,398,15.603,62,a,1,0,1
496221,Wharton,Crystal Palace,MID,436,5,0,0,382.0,2642,0.0602,0.2798,1.3682,10.3206,0.3109,451,0.0519,0.3313,1.3949,10.9756,0.3991,1.4885,1.4738,1.7017,1.7283,0.2555,1.1875,5.8071,43.8052,1.3195,76.4817,1.59,7.69,40.39,310,8,524,18.0192,0.26,1.66,6.99,55,2,105,451,20.9534,54,a,0,1,1
488024,Yeremy,Crystal Palace,MID,307,4,0,0,309.9,2155,0.1752,0.2565,1.425,6.8506,0.0739,306,0.1706,0.2294,1.6441,5.5882,0.0,1.4885,1.4738,1.7017,1.7283,0.6033,0.8832,4.9068,23.5888,0.2544,49.9844,4.69,6.27,31.27,172,3,341,14.5163,0.5800000000000001,0.78,5.59,19,0,48,306,14.1176,55,a,0,1,1
108413,Hughes,Crystal Palace,MID,29,0,0,0,194.5,1560,0.0471,0.1068,1.6686,8.1495,0.0,149,0.0,0.145,2.1081,7.8523,0.0,1.4885,1.4738,1.7017,1.7283,0.1017,0.2307,3.6061,17.612,0.0,25.5392,1.11,1.94,25.35,148,0,217,11.8176,0.0,0.24,3.4899999999999998,13,0,21,149,12.6846,44,a,0,0,0
152551,Lerma,Crystal Palace,MID,51,0,1,0,303.8,1767,0.1523,0.0788,1.592,13.2827,0.0851,341,0.0765,0.0897,2.2196,13.9883,0.0,1.4885,1.4738,1.7017,1.7283,0.514,0.2661,5.3739,44.8365,0.2872,46.1548,2.1,1.48,25.88,231,3,299,13.6732,0.29000000000000004,0.33999999999999997,8.41,53,0,41,341,10.8211,48,a,1,0,1
209400,Kamada,Crystal Palace,MID,441,5,0,0,324.0,1989,0.1604,0.1566,1.4412,10.052,0.0,465,0.1239,0.1974,1.7458,10.0645,0.0,1.4885,1.4738,1.7017,1.7283,0.5775,0.5638,5.1882,36.1873,0.0,53.32,2.06,3.27,27.35,218,0,343,14.8111,0.64,1.02,9.02,52,0,79,465,15.2903,50,a,0,1,1
489706,Devenny,Crystal Palace,MID,0,0,0,0,110.9,785,0.1251,0.0252,2.0189,8.9552,0.0,180,0.0,0.015,2.305,11.5,0.0,1.4885,1.4738,1.7017,1.7283,0.1541,0.031,2.4877,11.0348,0.0,13.5849,2.38,0.39,14.709999999999999,72,0,108,11.0247,0.0,0.03,4.609999999999999,23,0,24,180,12.0,50,u,0,0,0
606921,Esse,Crystal Palace,MID,0,0,0,0,1.7,40,0.0,0.1429,6.7765,14.13,0.0,0,0.0,0.0,0.0,0.0,0.0,1.4885,1.4738,1.7017,1.7283,0.0,0.0027,0.128,0.2669,0.0,0.599,0.0,0.04,1.7400000000000002,5,0,12,31.7118,0.0,0.0,0.0,0,0,0,0,0.0,50,u,0,0,0
536694,M.França,Crystal Palace,MID,0,0,0,0,0.0,0,0.0,0.0,0.0,0.0,0.0,0,0.0,0.0,0.0,0.0,0.0,1.4885,1.4738,1.7017,1.7283,0.0,0.0,0.0,0.0,0.0,0.0,0.0,0.0,0.0,0,0,0,0.0,0.0,0.0,0.0,0,0,0,0,0.0,49,u,0,0,0
438464,Doucouré,Crystal Palace,MID,0,0,0,0,0.0,0,0.0,0.0,0.0,0.0,0.0,0,0.0,0.0,0.0,0.0,0.0,1.4885,1.4738,1.7017,1.7283,0.0,0.0,0.0,0.0,0.0,0.0,0.0,0.0,0.0,0,0,0,0.0,0.0,0.0,0.0,0,0,0,0,0.0,48,a,0,0,0
450542,J.Rak-Sakyi,Crystal Palace,MID,0,0,0,0,0.0,0,0.0,0.0,0.0,0.0,0.0,0,0.0,0.0,0.0,0.0,0.0,1.4885,1.4738,1.7017,1.7283,0.0,0.0,0.0,0.0,0.0,0.0,0.0,0.0,0.0,0,0,0,0.0,0.0,0.0,0.0,0,0,0,0,0.0,49,u,0,0,0
590014,Cardines,Crystal Palace,DEF,0,0,0,0,37.8,90,0.02,0.1602,2.5326,7.0074,0.0,90,0.02,0.16,2.53,7.0,0.0,1.4885,1.4738,1.7017,1.7283,0.0084,0.0673,1.0637,2.9431,0.0,8.8294,0.02,0.16,2.53,7,0,21,21.0224,0.02,0.16,2.53,7,0,21,90,21.0,45,u,0,0,0
672492,Drakes-Thomas,Crystal Palace,MID,0,0,0,0,0.5,7,0.0,0.0,11.322,44.082,0.0,0,0.0,0.0,0.0,0.0,0.0,1.4885,1.4738,1.7017,1.7283,0.0,0.0,0.0629,0.2449,0.0,0.4696,0.0,0.0,0.73,3,0,6,84.528,0.0,0.0,0.0,0,0,0,0,0.0,44,a,0,0,0
247412,Strand Larsen,Crystal Palace,FWD,298,3,0,0,366.4,2382,0.1827,0.0899,1.4437,3.7136,0.1096,395,0.2301,0.1299,1.5699,3.1899,0.0,1.4885,1.4738,1.7017,1.7283,0.7437,0.3661,5.8774,15.1183,0.446,39.2954,5.34,1.29,37.29,98,3,225,9.6523,1.01,0.5700000000000001,6.89,14,0,35,395,7.9747,60,a,0,1,1
231747,Mateta,Crystal Palace,FWD,62,1,0,0,194.5,2210,0.5842,0.0401,1.5708,4.6477,0.7491,220,0.5523,0.0205,2.0455,3.2727,0.4091,1.4885,1.4738,1.7017,1.7283,1.2625,0.0866,3.3947,10.0442,1.6188,49.4495,14.42,1.32,31.77,125,13,397,22.8815,1.35,0.05,5.0,8,1,63,220,25.7727,63,i,0,0,0
205533,Nketiah,Crystal Palace,FWD,175,3,1,0,28.6,422,0.2392,0.1067,1.6518,9.1765,0.5409,8,0.0,0.225,0.675,11.25,0.0,1.4885,1.4738,1.7017,1.7283,0.076,0.0339,0.5249,2.9161,0.1719,6.5035,1.77,0.48,9.55,39,3,102,20.4656,0.0,0.02,0.06,1,0,2,8,22.5,55,a,1,0,1
660392,Uche,Crystal Palace,FWD,0,0,0,0,14.0,159,0.2886,0.0058,2.3342,7.6944,0.0,0,0.0,0.0,0.0,0.0,0.0,1.4885,1.4738,1.7017,1.7283,0.0449,0.0009,0.3631,1.1969,0.0,2.9193,0.49,0.01,4.63,13,0,42,18.7669,0.0,0.0,0.0,0,0,0,0,0.0,50,u,0,0,0
433154,McNeil,Crystal Palace,MID,84,1,0,0,175.8,1161,0.1144,0.2065,1.2858,8.8977,0.0905,66,0.0409,1.2955,1.35,10.9091,0.0,1.4885,1.4738,1.7017,1.7283,0.2234,0.4034,2.5116,17.3801,0.1768,27.6397,1.37,1.91,18.8,111,1,186,14.15,0.03,0.95,0.99,8,0,16,66,21.8182,53,a,0,0,0
169593,Matthews,Crystal Palace,GK,0,0,0,0,0.0,0,0.0,0.0,0.0,0.0,0.0,0,0.0,0.0,0.0,0.0,0.0,1.4885,1.4738,1.7017,1.7283,0.0,0.0,0.0,0.0,0.0,0.0,0.0,0.0,0.0,0,0,0,0.0,0.0,0.0,0.0,0,0,0,0,0.0,40,a,0,0,0
223723,Tomiyasu,Crystal Palace,DEF,189,2,0,0,41.3,45,0.0,0.02,1.0791,5.9949,0.0,45,0.0,0.02,1.08,6.0,0.0,1.4885,1.4738,1.7017,1.7283,0.0,0.0092,0.4952,2.751,0.0,3.668,0.0,0.01,0.54,3,0,4,7.9932,0.0,0.01,0.54,3,0,4,45,8.0,44,d,0,1,1
570794,Khalaili,Crystal Palace,DEF,379,4,0,0,82.5,90,0.0,0.02,1.3105,6.0022,0.0,90,0.0,0.02,1.31,6.0,0.0,1.4885,1.4738,1.7017,1.7283,0.0,0.0183,1.2013,5.502,0.0,21.0911,0.0,0.02,1.31,6,0,23,23.0085,0.0,0.02,1.31,6,0,23,90,23.0,50,d,0,1,1
559152,Gozo,Crystal Palace,MID,28,0,0,0,0.0,0,0.0,0.0,0.0,0.0,0.0,0,0.0,0.0,0.0,0.0,0.0,1.4885,1.4738,1.7017,1.7283,0.0,0.0,0.0,0.0,0.0,0.0,0.0,0.0,0.0,0,0,0,0.0,0.0,0.0,0.0,0,0,0,0,0.0,49,a,0,0,0
605972,Ahanor,Crystal Palace,DEF,90,1,0,0,0.0,0,0.0,0.0,0.0,0.0,0.0,0,0.0,0.0,0.0,0.0,0.0,1.4885,1.4738,1.7017,1.7283,0.0,0.0,0.0,0.0,0.0,0.0,0.0,0.0,0.0,0,0,0,0.0,0.0,0.0,0.0,0,0,0,0,0.0,45,a,0,0,0
172850,Chilwell,Crystal Palace,DEF,29,0,0,0,0.0,0,0.0,0.0,0.0,0.0,0.0,0,0.0,0.0,0.0,0.0,0.0,1.4885,1.4738,1.7017,1.7283,0.0,0.0,0.0,0.0,0.0,0.0,0.0,0.0,0.0,0,0,0,0.0,0.0,0.0,0.0,0,0,0,0,0.0,45,a,0,0,0
450063,Timber,Crystal Palace,MID,253,3,0,0,82.5,90,0.12,0.03,1.3105,5.0018,0.0,90,0.12,0.03,1.31,5.0,0.0,1.4885,1.4738,1.7017,1.7283,0.11,0.0275,1.2013,4.585,0.0,11.9211,0.12,0.03,1.31,5,0,13,13.0048,0.12,0.03,1.31,5,0,13,90,13.0,50,a,0,1,1
533646,Osorio,Crystal Palace,MID,1,0,0,0,0.0,0,0.0,0.0,0.0,0.0,0.0,0,0.0,0.0,0.0,0.0,0.0,1.4885,1.4738,1.7017,1.7283,0.0,0.0,0.0,0.0,0.0,0.0,0.0,0.0,0.0,0,0,0,0.0,0.0,0.0,0.0,0,0,0,0,0.0,55,a,0,0,0
128295,Nørgaard,Everton,MID,0,0,0,0,25.4,101,0.0514,0.0595,0.7281,10.8748,0.0,45,0.06,0.08,0.1,10.0,0.0,1.4402,1.4863,1.6017,1.4217,0.0145,0.0168,0.2055,3.0691,0.0,5.6915,0.08,0.04,2.28,16,0,28,20.1667,0.03,0.04,0.05,5,0,9,45,18.0,48,i,0,0,0
242898,Johnson,Everton,MID,238,3,0,0,317.2,1775,0.296,0.0648,1.5019,7.4966,0.0106,411,0.2299,0.0766,1.6861,7.4453,0.0,1.4402,1.4863,1.6017,1.4217,1.0432,0.2283,5.2934,26.4215,0.0372,30.0254,3.27,1.31,29.35,129,2,223,8.5192,1.0499999999999998,0.35,7.7,34,0,35,411,7.6642,59,a,0,1,1
111234,Pickford,Everton,GK,450,5,0,0,521.5,3510,0.0,0.005,1.4863,0.0,0.2746,540,0.0,0.0083,1.4217,0.0,0.1667,1.4402,1.4863,1.6017,1.4217,0.0,0.0292,8.6122,0.0,1.5911,86.8598,0.0,0.2,57.68,0,12,579,14.9902,0.0,0.05,8.53,0,1,67,540,11.1667,55,a,0,1,1
229600,Travers,Everton,GK,0,0,0,0,0.0,0,0.0,0.0,0.0,0.0,0.0,0,0.0,0.0,0.0,0.0,0.0,1.4402,1.4863,1.6017,1.4217,0.0,0.0,0.0,0.0,0.0,0.0,0.0,0.0,0.0,0,0,0,0.0,0.0,0.0,0.0,0,0,0,0,0.0,50,a,0,0,0
138001,King,Everton,GK,0,0,0,0,0.0,0,0.0,0.0,0.0,0.0,0.0,0,0.0,0.0,0.0,0.0,0.0,1.4402,1.4863,1.6017,1.4217,0.0,0.0,0.0,0.0,0.0,0.0,0.0,0.0,0.0,0,0,0,0.0,0.0,0.0,0.0,0,0,0,0,0.0,45,a,0,0,0
17761,Tarkowski,Everton,DEF,450,5,0,0,502.6,3420,0.0692,0.0632,1.4405,9.9348,0.8451,540,0.055,0.1317,1.4217,9.6667,1.0,1.4402,1.4863,1.6017,1.4217,0.3864,0.3529,8.0446,55.4806,4.7194,107.6786,2.54,2.11,54.98,388,15,635,19.2819,0.33,0.79,8.53,58,6,97,540,16.1667,62,a,0,1,1
480455,Branthwaite,Everton,DEF,450,5,0,0,207.8,768,0.0259,0.0082,1.3701,11.2196,0.0,90,0.0,0.0,1.44,14.0,0.0,1.4402,1.4863,1.6017,1.4217,0.0599,0.0189,3.1634,25.9049,0.0,44.9596,0.33999999999999997,0.11,10.87,81,0,135,19.4724,0.0,0.0,1.44,14,0,27,90,27.0,55,a,0,1,1
106611,Keane,Everton,DEF,0,0,0,0,314.5,2588,0.0719,0.0375,1.545,10.3034,0.1139,450,0.066,0.058,1.418,8.4,0.0,1.4402,1.4863,1.6017,1.4217,0.2513,0.1311,5.399,36.0047,0.398,40.1883,2.3,0.49,44.52,302,8,404,11.5006,0.33,0.29000000000000004,7.09,42,0,24,450,4.8,48,a,0,0,0
512462,O'Brien,Everton,DEF,16,0,1,0,395.8,3119,0.0792,0.0287,1.5919,6.5463,0.0304,393,0.1672,0.0206,1.5298,5.2672,0.0,1.4402,1.4863,1.6017,1.4217,0.3482,0.1261,7.0008,28.7891,0.1338,37.6973,1.6700000000000002,1.0,53.65,232,2,371,8.5719,0.7300000000000001,0.09,6.68,23,0,4,393,0.916,48,a,1,0,1
224967,Mykolenko,Everton,DEF,450,5,0,0,489.5,3049,0.0108,0.053,1.4935,6.7532,0.0503,540,0.0067,0.025,1.4217,5.8333,0.0,1.4402,1.4863,1.6017,1.4217,0.0586,0.288,8.123,36.7299,0.2734,68.323,0.32,2.48,49.85,237,2,379,12.5619,0.04,0.15000000000000002,8.53,35,0,41,540,6.8333,46,d,0,1,1
243571,Patterson,Everton,DEF,0,0,0,0,24.1,238,0.0082,0.0172,1.4945,12.2635,0.0,1,0.0,0.0,10.8,90.0,0.0,1.4402,1.4863,1.6017,1.4217,0.0022,0.0046,0.4002,3.2839,0.0,6.1736,0.03,0.04,3.67,31,0,67,23.0549,0.0,0.0,0.12,1,0,-1,1,-90.0,45,u,0,0,0
499300,Aznou,Everton,DEF,0,0,0,0,0.0,0,0.0,0.0,0.0,0.0,0.0,0,0.0,0.0,0.0,0.0,0.0,1.4402,1.4863,1.6017,1.4217,0.0,0.0,0.0,0.0,0.0,0.0,0.0,0.0,0.0,0,0,0,0.0,0.0,0.0,0.0,0,0,0,0,0.0,40,u,0,0,0
215413,Dewsbury-Hall,Everton,MID,450,5,0,0,457.0,2719,0.1996,0.2012,1.4307,7.8765,0.4091,533,0.1705,0.1638,1.3914,7.4296,0.1689,1.4402,1.4863,1.6017,1.4217,1.0137,1.0217,7.2646,39.9951,2.0775,91.5266,4.72,5.68,41.660000000000004,237,18,608,18.0249,1.01,0.97,8.24,44,1,88,533,14.8593,66,a,0,1,1
114283,Grealish,Everton,MID,135,1,0,0,150.5,1705,0.0573,0.2369,1.342,7.5849,0.2979,78,0.0,0.3462,1.2231,8.0769,0.0,1.4402,1.4863,1.6017,1.4217,0.0958,0.3961,2.2442,12.6836,0.4981,35.6032,2.05,3.67,26.87,142,12,378,21.291,0.0,0.3,1.06,7,0,22,78,25.3846,65,a,0,1,1
232928,Garner,Everton,MID,328,4,0,0,521.1,3503,0.0582,0.1642,1.4868,11.4623,0.1853,540,0.045,0.185,1.4217,9.8333,0.0,1.4402,1.4863,1.6017,1.4217,0.3371,0.9509,8.6084,66.3665,1.0731,116.6508,2.2600000000000002,6.22,57.62,467,13,832,20.1469,0.27,1.11,8.53,59,0,114,540,19.0,60,a,0,1,1
550615,George,Everton,MID,309,4,1,0,64.7,362,0.1518,0.5201,2.1857,9.4206,0.0,91,0.1286,1.0187,1.5824,7.9121,0.0,1.4402,1.4863,1.6017,1.4217,0.1091,0.3739,1.5713,6.7724,0.0,19.4135,0.67,1.2,6.87,25,0,59,27.0049,0.13,1.03,1.6,8,0,34,91,33.6264,55,a,1,0,1
502697,Alcaraz,Everton,MID,5,0,0,0,36.9,679,0.2712,0.1622,1.8507,13.4102,0.0,12,0.975,0.75,3.975,45.0,0.0,1.4402,1.4863,1.6017,1.4217,0.1112,0.0665,0.7588,5.4982,0.0,9.9709,1.17,0.54,13.56,70,0,121,24.3193,0.13,0.09999999999999999,0.53,6,0,10,12,75.0,49,a,0,0,0
609873,Armstrong,Everton,MID,446,5,0,0,156.1,614,0.1292,0.2126,1.6734,6.2021,0.0,119,0.0908,0.2874,1.195,3.7815,0.0,1.4402,1.4863,1.6017,1.4217,0.2241,0.3688,2.9024,10.7572,0.0,24.2465,0.91,0.59,12.37,55,0,97,13.9794,0.12,0.38,1.5799999999999998,5,0,19,119,14.3697,50,a,0,1,1
496661,Dibling,Everton,MID,24,0,1,0,47.2,373,0.3278,0.3039,1.6801,5.0739,0.0,24,0.6375,0.6,1.425,0.0,0.0,1.4402,1.4863,1.6017,1.4217,0.1719,0.1594,0.8811,2.661,0.0,12.7444,0.37,0.3,7.03,40,0,59,24.3008,0.17,0.16,0.38,0,0,10,24,37.5,54,a,1,0,1
513466,Röhl,Everton,MID,249,3,0,0,143.7,675,0.0578,0.0463,1.7168,7.1536,0.4829,317,0.0483,0.0397,1.4451,5.6782,0.5678,1.4402,1.4863,1.6017,1.4217,0.0923,0.074,2.7412,11.4219,0.7711,23.405,0.67,0.35,13.31,68,2,98,14.6587,0.17,0.14,5.09,20,2,50,317,14.1956,49,i,0,0,0
244860,Hackney,Everton,MID,137,1,1,0,0.9,1,0.0,0.0,14.67,0.0,0.0,1,0.0,0.0,14.4,0.0,0.0,1.4402,1.4863,1.6017,1.4217,0.0,0.0,0.1467,0.0,0.0,2.751,0.0,0.0,0.16,0,0,3,275.1,0.0,0.0,0.16,0,0,3,1,270.0,54,a,1,0,1
486385,Beto,Everton,FWD,31,0,0,0,215.3,1551,0.4799,0.0104,1.2589,4.9624,1.3641,210,0.3,0.0043,1.2514,4.2857,0.8571,1.4402,1.4863,1.6017,1.4217,1.1481,0.0249,3.0116,11.8712,3.2633,64.2194,8.9,0.23,24.16,89,15,343,26.8451,0.7,0.01,2.92,10,2,40,210,17.1429,54,u,0,0,0
586309,Barry,Everton,FWD,417,5,0,0,308.1,1988,0.497,0.0195,1.6688,4.5127,0.4546,326,0.7067,0.0166,1.5515,5.7975,0.5521,1.4402,1.4863,1.6017,1.4217,1.7015,0.0668,5.7129,15.4485,1.5561,70.8074,8.69,0.45,34.93,79,9,323,20.6838,2.5600000000000005,0.060000000000000005,5.619999999999999,21,2,94,326,25.9509,57,a,0,1,1
154043,Maitland-Niles,Everton,DEF,177,2,0,0,82.5,90,0.0,0.1101,1.2805,8.0029,2.0007,90,0.0,0.11,1.28,8.0,2.0,1.4402,1.4863,1.6017,1.4217,0.0,0.1009,1.1738,7.336,1.834,35.7632,0.0,0.11,1.28,8,2,39,39.0144,0.0,0.11,1.28,8,2,39,90,39.0,45,a,0,1,1
629068,Graham,Everton,MID,0,0,0,0,0.0,0,0.0,0.0,0.0,0.0,0.0,0,0.0,0.0,0.0,0.0,0.0,1.4402,1.4863,1.6017,1.4217,0.0,0.0,0.0,0.0,0.0,0.0,0.0,0.0,0.0,0,0,0,0.0,0.0,0.0,0.0,0,0,0,0,0.0,45,a,0,0,0
80201,Leno,Fulham,GK,450,5,0,0,521.5,3510,0.0,0.0013,1.3979,0.0,0.2507,540,0.0,0.0033,1.3817,0.0,0.1667,1.4154,1.3979,1.3317,1.3817,0.0,0.0077,8.0999,0.0,1.4528,99.8024,0.0,0.02,54.33,0,8,574,17.2238,0.0,0.02,8.29,0,1,119,540,19.8333,45,a,0,1,1
86873,Lecomte,Fulham,GK,0,0,0,0,0.0,0,0.0,0.0,0.0,0.0,0.0,0,0.0,0.0,0.0,0.0,0.0,1.4154,1.3979,1.3317,1.3817,0.0,0.0,0.0,0.0,0.0,0.0,0.0,0.0,0.0,0,0,0,0.0,0.0,0.0,0.0,0,0,0,0,0.0,40,a,0,0,0
505079,McNally,Fulham,GK,0,0,0,0,0.0,0,0.0,0.0,0.0,0.0,0.0,0,0.0,0.0,0.0,0.0,0.0,1.4154,1.3979,1.3317,1.3817,0.0,0.0,0.0,0.0,0.0,0.0,0.0,0.0,0.0,0,0,0,0.0,0.0,0.0,0.0,0,0,0,0,0.0,40,u,0,0,0
174874,Andersen,Fulham,DEF,190,2,1,0,324.0,2892,0.0404,0.0402,1.5449,10.7502,0.3164,241,0.0187,0.0112,1.729,12.3237,1.1203,1.4154,1.3979,1.3317,1.3817,0.1456,0.1449,5.5618,38.7006,1.1391,44.2329,1.43,1.83,45.24,334,8,424,12.2869,0.05,0.03,4.63,33,3,31,241,11.5768,50,a,1,0,1
169528,Robinson,Fulham,DEF,429,5,0,0,355.0,1577,0.0864,0.0779,1.4774,8.1036,0.3743,459,0.1667,0.0647,1.5039,7.6471,0.5882,1.4154,1.3979,1.3317,1.3817,0.3407,0.3072,5.8277,31.9643,1.4765,72.5403,1.07,1.67,25.72,143,7,299,18.3905,0.8500000000000001,0.33,7.67,39,3,104,459,20.3922,45,a,0,1,1
246301,J.Cuenca,Fulham,DEF,90,1,0,0,81.3,935,0.0063,0.0695,1.5337,12.4045,0.0823,4,0.0,0.0,2.475,67.5,0.0,1.4154,1.3979,1.3317,1.3817,0.0057,0.0628,1.3854,11.2054,0.0743,12.7036,0.05,0.53,14.7,117,1,155,14.063,0.0,0.0,0.11,3,0,0,4,0.0,45,a,0,0,0
167074,Tete,Fulham,DEF,27,0,0,0,135.8,1791,0.0704,0.0856,1.2499,8.1491,0.1994,0,0.0,0.0,0.0,0.0,0.0,1.4154,1.3979,1.3317,1.3817,0.1063,0.1291,1.8859,12.2961,0.3009,23.4488,0.92,1.46,25.79,165,5,318,15.5404,0.0,0.0,0.0,0,0,0,0,0.0,44,a,0,0,0
232892,Bassey,Fulham,DEF,450,5,0,0,439.4,2622,0.054,0.0127,1.3671,6.8271,0.3577,540,0.01,0.015,1.3817,6.1667,0.1667,1.4154,1.3979,1.3317,1.3817,0.2635,0.0618,6.6746,33.3314,1.7466,90.4563,1.77,0.36,39.61,213,10,418,18.5277,0.06,0.09,8.29,37,1,122,540,20.3333,45,a,0,1,1
166477,Castagne,Fulham,DEF,408,5,0,0,390.1,1928,0.0491,0.0834,1.4705,7.018,0.2569,532,0.0491,0.115,1.3957,6.0902,0.3383,1.4154,1.3979,1.3317,1.3817,0.2127,0.3616,6.3738,30.4193,1.1135,65.986,1.5,1.48,34.26,155,3,297,15.2236,0.29,0.68,8.25,36,2,104,532,17.594,45,a,0,1,1
153133,Iwobi,Fulham,MID,408,5,0,0,342.7,2490,0.1361,0.2555,1.2172,7.8173,0.849,226,0.2748,0.2748,0.8522,7.9646,0.7965,1.4154,1.3979,1.3317,1.3817,0.5184,0.9728,4.6349,29.7664,3.2327,84.4358,2.1,5.11,36.82,195,15,535,22.1746,0.69,0.69,2.14,20,2,57,226,22.6991,54,a,0,1,1
209289,Smith Rowe,Fulham,MID,38,0,0,0,285.5,1909,0.1597,0.0404,1.3676,7.0109,0.0197,346,0.0754,0.0156,1.298,7.2832,0.0,1.4154,1.3979,1.3317,1.3817,0.5065,0.1281,4.3382,22.2402,0.0625,45.7094,4.71,1.12,31.27,148,1,351,14.4093,0.29,0.06,4.99,28,0,55,346,14.3064,53,a,0,0,0
560552,Kevin,Fulham,MID,61,0,1,0,133.4,1049,0.1095,0.0849,1.3464,7.7003,0.0,151,0.0775,0.0417,1.2219,7.7483,0.0,1.4154,1.3979,1.3317,1.3817,0.1623,0.1259,1.9956,11.4135,0.0,26.7575,1.25,1.4700000000000002,15.06,88,0,189,18.0523,0.13,0.07,2.05,13,0,31,151,18.4768,53,a,1,0,1
477555,Bobb,Fulham,MID,343,5,0,0,228.0,1100,0.1926,0.1598,1.2146,7.1082,0.0,287,0.1662,0.1976,1.0756,6.2718,0.0,1.4154,1.3979,1.3317,1.3817,0.4878,0.4049,3.0771,18.0074,0.0,34.0659,1.6900000000000002,2.19,13.83,82,0,188,13.4471,0.53,0.63,3.4299999999999997,20,0,43,287,13.4843,55,a,0,1,1
207189,Berge,Fulham,MID,349,4,0,0,388.3,2980,0.056,0.047,1.2256,7.442,0.067,301,0.0807,0.0598,0.8252,5.6811,0.0,1.4154,1.3979,1.3317,1.3817,0.2414,0.2029,5.2877,32.1079,0.2892,68.6806,1.59,1.52,44.27,282,3,519,15.9188,0.27,0.2,2.76,19,0,43,301,12.8571,49,a,0,1,1
76357,Cairney,Fulham,MID,0,0,0,0,116.4,756,0.1349,0.1392,1.1288,7.7854,0.0627,131,0.1786,0.1374,0.6389,8.9313,0.0,1.4154,1.3979,1.3317,1.3817,0.1745,0.18,1.4599,10.0691,0.0811,33.223,1.21,0.8099999999999999,11.67,61,1,181,25.6879,0.26,0.2,0.9299999999999999,13,0,47,131,32.2901,49,i,0,0,0
577725,King,Fulham,MID,425,5,0,0,204.0,1369,0.2998,0.0479,1.4114,7.2657,0.3034,174,0.2741,0.0828,1.5879,8.2759,0.0,1.4154,1.3979,1.3317,1.3817,0.6795,0.1085,3.1991,16.4689,0.6878,40.7694,2.85,0.69,20.22,112,3,235,17.9865,0.53,0.16,3.0700000000000003,16,0,39,174,20.1724,55,a,0,1,1
184349,Sessegnon,Fulham,DEF,50,0,0,0,166.9,1816,0.1104,0.08,1.2161,11.2386,0.572,80,0.2925,0.0113,0.6975,12.375,3.375,1.4154,1.3979,1.3317,1.3817,0.2048,0.1483,2.2552,20.8414,1.0607,33.5369,1.6,1.8,26.330000000000002,218,8,332,18.0846,0.26,0.01,0.62,11,3,36,80,40.5,43,a,0,0,0
153366,Reed,Fulham,MID,0,0,0,0,23.7,89,0.0919,0.289,3.8214,5.6571,0.6714,63,0.0,0.1286,4.1714,5.7143,0.0,1.4154,1.3979,1.3317,1.3817,0.0242,0.0761,1.0063,1.4897,0.1768,6.4924,0.13,0.44999999999999996,3.4299999999999997,6,2,48,24.6547,0.0,0.09,2.92,4,0,7,63,10.0,44,a,0,0,0
244042,Muniz,Fulham,FWD,38,0,1,0,198.4,997,0.3146,0.0165,1.1519,4.3809,0.0232,278,0.3658,0.0097,0.8903,3.2374,0.0,1.4154,1.3979,1.3317,1.3817,0.6935,0.0363,2.5392,9.6575,0.0511,12.4331,3.3,0.15,14.19,53,3,93,5.64,1.13,0.03,2.75,10,0,15,278,4.8561,54,a,1,0,1
631786,Kusi-Asare,Fulham,FWD,0,0,0,0,8.3,49,0.0,0.0499,2.019,12.343,0.0,19,0.0,0.0,1.6579,14.2105,0.0,1.4154,1.3979,1.3317,1.3817,0.0,0.0046,0.1862,1.1383,0.0,3.4485,0.0,0.07,1.1,5,0,19,37.3934,0.0,0.0,0.35,3,0,8,19,37.8947,45,a,0,0,0
551466,Gonzalo,Fulham,FWD,425,5,0,0,72.4,79,0.7865,0.3762,1.425,2.2798,0.0,79,0.7861,0.3759,1.4241,2.2785,0.0,1.4154,1.3979,1.3317,1.3817,0.6327,0.3026,1.1463,1.834,0.0,2.751,0.69,0.33,1.25,2,0,3,3.4198,0.69,0.33,1.25,2,0,3,79,3.4177,60,a,0,1,1
571779,Palacios,Fulham,MID,226,3,1,0,17.4,19,0.0,0.0,2.324,18.9724,0.0,19,0.0,0.0,2.3211,18.9474,0.0,1.4154,1.3979,1.3317,1.3817,0.0,0.0,0.4493,3.668,0.0,4.585,0.0,0.0,0.49,4,0,5,23.7155,0.0,0.0,0.49,4,0,5,19,23.6842,54,a,1,0,1
463210,Charles,Fulham,MID,303,3,0,0,82.5,90,0.0,0.02,1.6006,13.0048,0.0,90,0.0,0.02,1.6,13.0,0.0,1.4154,1.3979,1.3317,1.3817,0.0,0.0183,1.4672,11.9211,0.0,14.6721,0.0,0.02,1.6,13,0,16,16.0059,0.0,0.02,1.6,13,0,16,90,16.0,50,a,0,1,1
547686,De Fougerolles,Fulham,DEF,0,0,0,0,0.0,0,0.0,0.0,0.0,0.0,0.0,0,0.0,0.0,0.0,0.0,0.0,1.4154,1.3979,1.3317,1.3817,0.0,0.0,0.0,0.0,0.0,0.0,0.0,0.0,0.0,0,0,0,0.0,0.0,0.0,0.0,0,0,0,0,0.0,40,u,0,0,0
616069,Zepa,Fulham,MID,0,0,0,0,0.0,0,0.0,0.0,0.0,0.0,0.0,0,0.0,0.0,0.0,0.0,0.0,1.4154,1.3979,1.3317,1.3817,0.0,0.0,0.0,0.0,0.0,0.0,0.0,0.0,0.0,0,0,0,0.0,0.0,0.0,0.0,0,0,0,0,0.0,44,a,0,0,0
551050,Larsson,Fulham,MID,37,0,1,0,11.9,13,0.0,0.0,2.9125,27.7412,0.0,13,0.0,0.0,2.9077,27.6923,0.0,1.4154,1.3979,1.3317,1.3817,0.0,0.0,0.3851,3.668,0.0,2.751,0.0,0.0,0.42,4,0,3,20.8059,0.0,0.0,0.42,4,0,3,13,20.7692,50,a,1,0,1
500033,Ángel,Fulham,MID,0,0,0,0,0.0,0,0.0,0.0,0.0,0.0,0.0,0,0.0,0.0,0.0,0.0,0.0,1.4154,1.3979,1.3317,1.3817,0.0,0.0,0.0,0.0,0.0,0.0,0.0,0.0,0.0,0,0,0,0.0,0.0,0.0,0.0,0,0,0,0,0.0,50,a,0,0,0
442299,Affengruber,Fulham,DEF,180,2,0,0,82.5,90,0.0,0.02,1.6006,11.004,0.0,90,0.0,0.02,1.6,11.0,0.0,1.4154,1.3979,1.3317,1.3817,0.0,0.0183,1.4672,10.087,0.0,15.5891,0.0,0.02,1.6,11,0,17,17.0063,0.0,0.02,1.6,11,0,17,90,17.0,45,a,0,1,1
490094,Iroegbunam,Hull City,MID,70,0,1,0,260.7,1522,0.0635,0.0321,1.3578,11.5379,0.0333,405,0.0556,0.0244,1.3667,10.6667,0.0,1.5905,1.4405,1.59,1.44,0.1839,0.0929,3.933,33.4215,0.0964,33.1867,0.66,0.72,24.89,196,1,231,11.4569,0.25,0.11,6.1499999999999995,48,0,36,405,8.0,50,a,1,0,1
167825,Phillips,Hull City,GK,0,0,0,0,0.0,0,0.0,0.0,0.0,0.0,0.0,0,0.0,0.0,0.0,0.0,0.0,1.5905,1.4405,1.59,1.44,0.0,0.0,0.0,0.0,0.0,0.0,0.0,0.0,0.0,0,0,0,0.0,0.0,0.0,0.0,0,0,0,0,0.0,40,a,0,0,0
105666,Butland,Hull City,GK,0,0,0,0,0.0,0,0.0,0.0,0.0,0.0,0.0,0,0.0,0.0,0.0,0.0,0.0,1.5905,1.4405,1.59,1.44,0.0,0.0,0.0,0.0,0.0,0.0,0.0,0.0,0.0,0,0,0,0.0,0.0,0.0,0.0,0,0,0,0,0.0,44,i,0,0,0
494950,Cartwright,Hull City,GK,0,0,0,0,0.0,0,0.0,0.0,0.0,0.0,0.0,0,0.0,0.0,0.0,0.0,0.0,1.5905,1.4405,1.59,1.44,0.0,0.0,0.0,0.0,0.0,0.0,0.0,0.0,0.0,0,0,0,0.0,0.0,0.0,0.0,0,0,0,0,0.0,40,u,0,0,0
444307,Lo-Tutala,Hull City,GK,0,0,0,0,0.0,0,0.0,0.0,0.0,0.0,0.0,0,0.0,0.0,0.0,0.0,0.0,1.5905,1.4405,1.59,1.44,0.0,0.0,0.0,0.0,0.0,0.0,0.0,0.0,0.0,0,0,0,0.0,0.0,0.0,0.0,0,0,0,0,0.0,40,u,0,0,0
108416,Egan,Hull City,DEF,437,5,0,0,70.6,77,0.0117,0.0,1.5314,4.6759,0.0,77,0.0117,0.0,1.5312,4.6753,0.0,1.5905,1.4405,1.59,1.44,0.0092,0.0,1.2013,3.668,0.0,1.834,0.01,0.0,1.31,4,0,2,2.338,0.01,0.0,1.31,4,0,2,77,2.3377,41,a,0,1,1
501902,Hughes,Hull City,DEF,0,0,0,0,0.0,0,0.0,0.0,0.0,0.0,0.0,0,0.0,0.0,0.0,0.0,0.0,1.5905,1.4405,1.59,1.44,0.0,0.0,0.0,0.0,0.0,0.0,0.0,0.0,0.0,0,0,0,0.0,0.0,0.0,0.0,0,0,0,0,0.0,39,i,0,0,0
146426,Ajayi,Hull City,DEF,423,5,0,0,82.5,90,0.01,0.01,1.4405,4.0015,0.0,90,0.01,0.01,1.44,4.0,0.0,1.5905,1.4405,1.59,1.44,0.0092,0.0092,1.3205,3.668,0.0,4.585,0.01,0.01,1.44,4,0,5,5.0018,0.01,0.01,1.44,4,0,5,90,5.0,42,a,0,1,1
193278,Coyle,Hull City,DEF,348,5,0,0,82.5,90,0.0,0.04,1.4405,2.0007,0.0,90,0.0,0.04,1.44,2.0,0.0,1.5905,1.4405,1.59,1.44,0.0,0.0367,1.3205,1.834,0.0,2.751,0.0,0.04,1.44,2,0,3,3.0011,0.0,0.04,1.44,2,0,3,90,3.0,40,a,0,1,1
433590,Drameh,Hull City,DEF,65,0,0,0,0.0,0,0.0,0.0,0.0,0.0,0.0,0,0.0,0.0,0.0,0.0,0.0,1.5905,1.4405,1.59,1.44,0.0,0.0,0.0,0.0,0.0,0.0,0.0,0.0,0.0,0,0,0,0.0,0.0,0.0,0.0,0,0,0,0,0.0,40,u,0,0,0
232351,Giles,Hull City,DEF,444,5,0,0,82.5,90,0.0,0.0801,1.4405,5.0018,0.0,90,0.0,0.08,1.44,5.0,0.0,1.5905,1.4405,1.59,1.44,0.0,0.0734,1.3205,4.585,0.0,-0.917,0.0,0.08,1.44,5,0,-1,-1.0004,0.0,0.08,1.44,5,0,-1,90,-1.0,40,a,0,1,1
449428,Jacob,Hull City,DEF,0,0,0,0,0.0,0,0.0,0.0,0.0,0.0,0.0,0,0.0,0.0,0.0,0.0,0.0,1.5905,1.4405,1.59,1.44,0.0,0.0,0.0,0.0,0.0,0.0,0.0,0.0,0.0,0,0,0,0.0,0.0,0.0,0.0,0,0,0,0,0.0,40,u,0,0,0
661800,McCarthy,Hull City,DEF,0,0,0,0,0.0,0,0.0,0.0,0.0,0.0,0.0,0,0.0,0.0,0.0,0.0,0.0,1.5905,1.4405,1.59,1.44,0.0,0.0,0.0,0.0,0.0,0.0,0.0,0.0,0.0,0,0,0,0.0,0.0,0.0,0.0,0,0,0,0,0.0,40,a,0,0,0
160817,McNair,Hull City,DEF,26,0,0,0,0.0,0,0.0,0.0,0.0,0.0,0.0,0,0.0,0.0,0.0,0.0,0.0,1.5905,1.4405,1.59,1.44,0.0,0.0,0.0,0.0,0.0,0.0,0.0,0.0,0.0,0,0,0,0.0,0.0,0.0,0.0,0,0,0,0,0.0,40,a,0,0,0
540324,Belloumi,Hull City,MID,394,5,0,0,75.2,82,0.3842,0.3403,1.4377,12.0722,0.0,82,0.3841,0.3402,1.4378,12.0732,0.0,1.5905,1.4405,1.59,1.44,0.321,0.2843,1.2013,10.087,0.0,20.1741,0.35,0.31,1.31,11,0,22,24.1445,0.35,0.31,1.31,11,0,22,82,24.1463,51,a,0,1,1
232905,Millar,Hull City,MID,50,0,0,0,0.0,0,0.0,0.0,0.0,0.0,0.0,0,0.0,0.0,0.0,0.0,0.0,1.5905,1.4405,1.59,1.44,0.0,0.0,0.0,0.0,0.0,0.0,0.0,0.0,0.0,0,0,0,0.0,0.0,0.0,0.0,0,0,0,0,0.0,50,u,0,0,0
171270,Dowell,Hull City,MID,0,0,0,0,0.0,0,0.0,0.0,0.0,0.0,0.0,0,0.0,0.0,0.0,0.0,0.0,1.5905,1.4405,1.59,1.44,0.0,0.0,0.0,0.0,0.0,0.0,0.0,0.0,0.0,0,0,0,0.0,0.0,0.0,0.0,0,0,0,0,0.0,44,a,0,0,0
101282,Crooks,Hull City,MID,203,3,0,0,41.3,45,0.0,0.2397,2.3779,3.9966,0.0,45,0.0,0.24,2.38,4.0,0.0,1.5905,1.4405,1.59,1.44,0.0,0.11,1.0912,1.834,0.0,5.502,0.0,0.12,1.19,2,0,6,11.9898,0.0,0.12,1.19,2,0,6,45,12.0,44,a,0,1,1
243413,Slater,Hull City,MID,437,5,0,0,70.6,77,0.152,0.0351,1.5314,3.5069,0.0,77,0.1519,0.0351,1.5312,3.5065,0.0,1.5905,1.4405,1.59,1.44,0.1192,0.0275,1.2013,2.751,0.0,8.253,0.13,0.03,1.31,3,0,9,10.5208,0.13,0.03,1.31,3,0,9,77,10.5195,45,a,0,1,1
465525,Matazo,Hull City,MID,0,0,0,0,0.0,0,0.0,0.0,0.0,0.0,0.0,0,0.0,0.0,0.0,0.0,0.0,1.5905,1.4405,1.59,1.44,0.0,0.0,0.0,0.0,0.0,0.0,0.0,0.0,0.0,0,0,0,0.0,0.0,0.0,0.0,0,0,0,0,0.0,45,i,0,0,0
208481,Ömür,Hull City,MID,0,0,0,0,0.0,0,0.0,0.0,0.0,0.0,0.0,0,0.0,0.0,0.0,0.0,0.0,1.5905,1.4405,1.59,1.44,0.0,0.0,0.0,0.0,0.0,0.0,0.0,0.0,0.0,0,0,0,0.0,0.0,0.0,0.0,0,0,0,0,0.0,49,a,0,0,0
490161,Kamara,Hull City,MID,0,0,0,0,0.0,0,0.0,0.0,0.0,0.0,0.0,0,0.0,0.0,0.0,0.0,0.0,1.5905,1.4405,1.59,1.44,0.0,0.0,0.0,0.0,0.0,0.0,0.0,0.0,0.0,0,0,0,0.0,0.0,0.0,0.0,0,0,0,0,0.0,50,u,0,0,0
553783,Zambrano,Hull City,MID,0,0,0,0,0.0,0,0.0,0.0,0.0,0.0,0.0,0,0.0,0.0,0.0,0.0,0.0,1.5905,1.4405,1.59,1.44,0.0,0.0,0.0,0.0,0.0,0.0,0.0,0.0,0.0,0,0,0,0.0,0.0,0.0,0.0,0,0,0,0,0.0,45,a,0,0,0
169432,McBurnie,Hull City,FWD,441,5,0,0,82.5,90,0.3601,0.02,1.4405,6.0022,0.0,90,0.36,0.02,1.44,6.0,0.0,1.5905,1.4405,1.59,1.44,0.3301,0.0183,1.3205,5.502,0.0,4.585,0.36,0.02,1.44,6,0,5,5.0018,0.36,0.02,1.44,6,0,5,90,5.0,55,a,0,1,1
213292,Akintola,Hull City,MID,0,0,0,0,0.0,0,0.0,0.0,0.0,0.0,0.0,0,0.0,0.0,0.0,0.0,0.0,1.5905,1.4405,1.59,1.44,0.0,0.0,0.0,0.0,0.0,0.0,0.0,0.0,0.0,0,0,0,0.0,0.0,0.0,0.0,0,0,0,0,0.0,50,u,0,0,0
470294,Gyabi,Hull City,MID,0,0,0,0,0.0,0,0.0,0.0,0.0,0.0,0.0,0,0.0,0.0,0.0,0.0,0.0,1.5905,1.4405,1.59,1.44,0.0,0.0,0.0,0.0,0.0,0.0,0.0,0.0,0.0,0,0,0,0.0,0.0,0.0,0.0,0,0,0,0,0.0,44,i,0,0,0
500957,Destan,Hull City,FWD,0,0,0,0,0.0,0,0.0,0.0,0.0,0.0,0.0,0,0.0,0.0,0.0,0.0,0.0,1.5905,1.4405,1.59,1.44,0.0,0.0,0.0,0.0,0.0,0.0,0.0,0.0,0.0,0,0,0,0.0,0.0,0.0,0.0,0,0,0,0,0.0,45,u,0,0,0
534392,Burstow,Hull City,FWD,0,0,0,0,0.0,0,0.0,0.0,0.0,0.0,0.0,0,0.0,0.0,0.0,0.0,0.0,1.5905,1.4405,1.59,1.44,0.0,0.0,0.0,0.0,0.0,0.0,0.0,0.0,0.0,0,0,0,0.0,0.0,0.0,0.0,0,0,0,0,0.0,45,u,0,0,0
462635,Gelhardt,Hull City,MID,7,0,1,0,6.4,7,1.2895,0.2573,1.6762,12.8953,0.0,7,1.2857,0.2571,1.6714,12.8571,0.0,1.5905,1.4405,1.59,1.44,0.0917,0.0183,0.1192,0.917,0.0,4.585,0.1,0.02,0.13,1,0,5,64.4766,0.1,0.02,0.13,1,0,5,7,64.2857,50,a,1,0,1
169359,Targett,Hull City,DEF,5,0,0,0,0.0,0,0.0,0.0,0.0,0.0,0.0,0,0.0,0.0,0.0,0.0,0.0,1.5905,1.4405,1.59,1.44,0.0,0.0,0.0,0.0,0.0,0.0,0.0,0.0,0.0,0,0,0,0.0,0.0,0.0,0.0,0,0,0,0,0.0,40,d,0,0,0
445028,Morita,Hull City,MID,45,1,0,0,0.0,0,0.0,0.0,0.0,0.0,0.0,0,0.0,0.0,0.0,0.0,0.0,1.5905,1.4405,1.59,1.44,0.0,0.0,0.0,0.0,0.0,0.0,0.0,0.0,0.0,0,0,0,0.0,0.0,0.0,0.0,0,0,0,0,0.0,49,i,0,0,0
473284,Tzolakis,Hull City,GK,450,5,0,0,82.5,90,0.0,0.0,1.4405,0.0,0.0,90,0.0,0.0,1.44,0.0,0.0,1.5905,1.4405,1.59,1.44,0.0,0.0,1.3205,0.0,0.0,14.6721,0.0,0.0,1.44,0,0,16,16.0059,0.0,0.0,1.44,0,0,16,90,16.0,47,a,0,1,1
552946,Hjertø-Dahl,Hull City,MID,8,0,0,0,0.0,0,0.0,0.0,0.0,0.0,0.0,0,0.0,0.0,0.0,0.0,0.0,1.5905,1.4405,1.59,1.44,0.0,0.0,0.0,0.0,0.0,0.0,0.0,0.0,0.0,0,0,0,0.0,0.0,0.0,0.0,0,0,0,0,0.0,49,a,0,0,0
608227,Stroud,Hull City,MID,249,4,0,0,0.0,0,0.0,0.0,0.0,0.0,0.0,0,0.0,0.0,0.0,0.0,0.0,1.5905,1.4405,1.59,1.44,0.0,0.0,0.0,0.0,0.0,0.0,0.0,0.0,0.0,0,0,0,0.0,0.0,0.0,0.0,0,0,0,0,0.0,50,a,0,0,0
597462,Herrington,Hull City,DEF,197,1,0,0,82.5,90,0.02,0.03,1.4405,8.0029,0.0,90,0.02,0.03,1.44,8.0,0.0,1.5905,1.4405,1.59,1.44,0.0183,0.0275,1.3205,7.336,0.0,10.087,0.02,0.03,1.44,8,0,11,11.004,0.02,0.03,1.44,8,0,11,90,11.0,40,a,0,1,1
606930,Mendy,Hull City,DEF,249,4,0,0,0.0,0,0.0,0.0,0.0,0.0,0.0,0,0.0,0.0,0.0,0.0,0.0,1.5905,1.4405,1.59,1.44,0.0,0.0,0.0,0.0,0.0,0.0,0.0,0.0,0.0,0,0,0,0.0,0.0,0.0,0.0,0,0,0,0,0.0,41,a,0,0,0
469266,Gourna-Douath,Hull City,MID,138,1,1,0,11.0,12,0.225,0.0753,0.9753,7.5027,0.0,12,0.225,0.075,0.975,7.5,0.0,1.5905,1.4405,1.59,1.44,0.0275,0.0092,0.1192,0.917,0.0,4.585,0.03,0.01,0.13,1,0,5,37.5136,0.03,0.01,0.13,1,0,5,12,37.5,50,a,1,0,1
490884,Cho,Hull City,MID,72,0,1,0,24.8,27,0.8985,0.6656,0.5324,0.0,0.0,27,0.9,0.6667,0.5333,0.0,0.0,1.5905,1.4405,1.59,1.44,0.2476,0.1834,0.1467,0.0,0.0,22.9251,0.27,0.2,0.16,0,0,25,83.1959,0.27,0.2,0.16,0,0,25,27,83.3333,50,a,1,0,1
626751,Ansah,Hull City,FWD,0,0,0,0,0.0,0,0.0,0.0,0.0,0.0,0.0,0,0.0,0.0,0.0,0.0,0.0,1.5905,1.4405,1.59,1.44,0.0,0.0,0.0,0.0,0.0,0.0,0.0,0.0,0.0,0,0,0,0.0,0.0,0.0,0.0,0,0,0,0,0.0,50,i,0,0,0
631000,Vaz,Hull City,FWD,20,0,1,0,11.0,12,0.0,0.0753,0.9753,7.5027,0.0,12,0.0,0.075,0.975,7.5,0.0,1.5905,1.4405,1.59,1.44,0.0,0.0092,0.1192,0.917,0.0,4.585,0.0,0.01,0.13,1,0,5,37.5136,0.0,0.01,0.13,1,0,5,12,37.5,50,a,1,0,1
496181,Norton-Cuffy,Hull City,DEF,34,0,0,0,0.0,0,0.0,0.0,0.0,0.0,0.0,0,0.0,0.0,0.0,0.0,0.0,1.5905,1.4405,1.59,1.44,0.0,0.0,0.0,0.0,0.0,0.0,0.0,0.0,0.0,0,0,0,0.0,0.0,0.0,0.0,0,0,0,0,0.0,40,d,0,0,0
243951,Thomas,Hull City,MID,119,1,0,0,56.9,62,0.2755,0.058,1.8566,4.3513,0.0,62,0.2758,0.0581,1.8581,4.3548,0.0,1.5905,1.4405,1.59,1.44,0.1742,0.0367,1.1738,2.751,0.0,1.834,0.19,0.04,1.28,3,0,2,2.9009,0.19,0.04,1.28,3,0,2,62,2.9032,55,a,0,1,1
647839,Mouzakitis,Hull City,MID,0,0,0,0,0.0,0,0.0,0.0,0.0,0.0,0.0,0,0.0,0.0,0.0,0.0,0.0,1.5905,1.4405,1.59,1.44,0.0,0.0,0.0,0.0,0.0,0.0,0.0,0.0,0.0,0,0,0,0.0,0.0,0.0,0.0,0,0,0,0,0.0,50,a,0,0,0
219924,Diop,Ipswich Town,DEF,450,5,0,0,226.5,902,0.1529,0.0066,1.5105,7.417,0.5012,310,0.2439,0.0058,1.3094,6.6774,0.871,1.4405,2.2408,1.44,2.24,0.3849,0.0165,3.8015,18.6661,1.2613,39.7577,0.8600000000000001,0.06,14.66,71,3,116,15.7978,0.8400000000000001,0.02,4.51,23,3,67,310,19.4516,40,a,0,1,1
212314,Lukić,Ipswich Town,MID,400,5,0,0,287.7,1802,0.0652,0.1418,1.6618,9.1623,0.1673,432,0.0687,0.1062,1.6958,9.5833,0.2083,1.4405,2.2408,1.44,2.24,0.2085,0.4532,5.3122,29.2887,0.5348,51.8641,2.23,2.16,29.4,189,4,328,16.2244,0.32999999999999996,0.51,8.14,46,1,80,432,16.6667,49,a,0,1,1
108813,Walton,Ipswich Town,GK,90,1,0,0,82.5,90,0.0,0.01,2.2408,0.0,0.0,90,0.0,0.01,2.24,0.0,0.0,1.4405,2.2408,1.44,2.24,0.0,0.0092,2.0541,0.0,0.0,9.17,0.0,0.01,2.24,0,0,10,10.0036,0.0,0.01,2.24,0,0,10,90,10.0,44,a,0,1,1
112520,Palmer,Ipswich Town,GK,0,0,0,0,0.0,0,0.0,0.0,0.0,0.0,0.0,0,0.0,0.0,0.0,0.0,0.0,1.4405,2.2408,1.44,2.24,0.0,0.0,0.0,0.0,0.0,0.0,0.0,0.0,0.0,0,0,0,0.0,0.0,0.0,0.0,0,0,0,0,0.0,40,a,0,0,0
50093,Button,Ipswich Town,GK,0,0,0,0,0.0,0,0.0,0.0,0.0,0.0,0.0,0,0.0,0.0,0.0,0.0,0.0,1.4405,2.2408,1.44,2.24,0.0,0.0,0.0,0.0,0.0,0.0,0.0,0.0,0.0,0,0,0,0.0,0.0,0.0,0.0,0,0,0,0,0.0,40,a,0,0,0
183015,Kipré,Ipswich Town,DEF,0,0,0,0,0.0,0,0.0,0.0,0.0,0.0,0.0,0,0.0,0.0,0.0,0.0,0.0,1.4405,2.2408,1.44,2.24,0.0,0.0,0.0,0.0,0.0,0.0,0.0,0.0,0.0,0,0,0,0.0,0.0,0.0,0.0,0,0,0,0,0.0,39,a,0,0,0
216616,O'Shea,Ipswich Town,DEF,450,5,0,0,82.5,90,0.0,0.0,2.2408,9.0033,0.0,90,0.0,0.0,2.24,9.0,0.0,1.4405,2.2408,1.44,2.24,0.0,0.0,2.0541,8.253,0.0,11.004,0.0,0.0,2.24,9,0,12,12.0044,0.0,0.0,2.24,9,0,12,90,12.0,40,a,0,1,1
455084,Davis,Ipswich Town,DEF,450,5,0,0,82.5,90,0.4201,0.02,2.2408,5.0018,0.0,90,0.42,0.02,2.24,5.0,0.0,1.4405,2.2408,1.44,2.24,0.3851,0.0183,2.0541,4.585,0.0,1.834,0.42,0.02,2.24,5,0,2,2.0007,0.42,0.02,2.24,5,0,2,90,2.0,40,a,0,1,1
449429,Greaves,Ipswich Town,DEF,357,4,0,0,0.0,0,0.0,0.0,0.0,0.0,0.0,0,0.0,0.0,0.0,0.0,0.0,1.4405,2.2408,1.44,2.24,0.0,0.0,0.0,0.0,0.0,0.0,0.0,0.0,0.0,0,0,0,0.0,0.0,0.0,0.0,0,0,0,0,0.0,40,a,0,0,0
222018,Johnson,Ipswich Town,DEF,0,0,0,0,0.0,0,0.0,0.0,0.0,0.0,0.0,0,0.0,0.0,0.0,0.0,0.0,1.4405,2.2408,1.44,2.24,0.0,0.0,0.0,0.0,0.0,0.0,0.0,0.0,0.0,0,0,0,0.0,0.0,0.0,0.0,0,0,0,0,0.0,40,u,0,0,0
176420,Furlong,Ipswich Town,DEF,17,0,0,0,0.0,0,0.0,0.0,0.0,0.0,0.0,0,0.0,0.0,0.0,0.0,0.0,1.4405,2.2408,1.44,2.24,0.0,0.0,0.0,0.0,0.0,0.0,0.0,0.0,0.0,0,0,0,0.0,0.0,0.0,0.0,0,0,0,0,0.0,39,a,0,0,0
501390,Núñez,Ipswich Town,MID,140,2,0,0,0.0,0,0.0,0.0,0.0,0.0,0.0,0,0.0,0.0,0.0,0.0,0.0,1.4405,2.2408,1.44,2.24,0.0,0.0,0.0,0.0,0.0,0.0,0.0,0.0,0.0,0,0,0,0.0,0.0,0.0,0.0,0,0,0,0,0.0,49,a,0,0,0
241117,Matusiwa,Ipswich Town,MID,0,0,0,0,0.0,0,0.0,0.0,0.0,0.0,0.0,0,0.0,0.0,0.0,0.0,0.0,1.4405,2.2408,1.44,2.24,0.0,0.0,0.0,0.0,0.0,0.0,0.0,0.0,0.0,0,0,0,0.0,0.0,0.0,0.0,0,0,0,0,0.0,49,a,0,0,0
149929,Burns,Ipswich Town,MID,0,0,0,0,0.0,0,0.0,0.0,0.0,0.0,0.0,0,0.0,0.0,0.0,0.0,0.0,1.4405,2.2408,1.44,2.24,0.0,0.0,0.0,0.0,0.0,0.0,0.0,0.0,0.0,0,0,0,0.0,0.0,0.0,0.0,0,0,0,0,0.0,50,u,0,0,0
231899,Taylor,Ipswich Town,MID,0,0,0,0,0.0,0,0.0,0.0,0.0,0.0,0.0,0,0.0,0.0,0.0,0.0,0.0,1.4405,2.2408,1.44,2.24,0.0,0.0,0.0,0.0,0.0,0.0,0.0,0.0,0.0,0,0,0,0.0,0.0,0.0,0.0,0,0,0,0,0.0,44,i,0,0,0
443261,Clarke,Ipswich Town,MID,170,2,0,0,59.6,65,0.0,0.4569,2.3264,5.5389,0.0,65,0.0,0.4569,2.3262,5.5385,0.0,1.4405,2.2408,1.44,2.24,0.0,0.3026,1.5406,3.668,0.0,9.17,0.0,0.33,1.68,4,0,10,13.8473,0.0,0.33,1.68,4,0,10,65,13.8462,54,a,0,1,1
229164,Ogbene,Ipswich Town,MID,0,0,0,0,0.0,0,0.0,0.0,0.0,0.0,0.0,0,0.0,0.0,0.0,0.0,0.0,1.4405,2.2408,1.44,2.24,0.0,0.0,0.0,0.0,0.0,0.0,0.0,0.0,0.0,0,0,0,0.0,0.0,0.0,0.0,0,0,0,0,0.0,49,u,0,0,0
531442,Fatawu,Ipswich Town,MID,352,5,0,0,60.5,66,0.191,0.382,2.2918,5.4565,0.0,66,0.1909,0.3818,2.2909,5.4545,0.0,1.4405,2.2408,1.44,2.24,0.1284,0.2568,1.5406,3.668,0.0,3.668,0.14,0.28,1.68,4,0,4,5.4565,0.14,0.28,1.68,4,0,4,66,5.4545,54,s,0,1,1
543968,Emersonn,Ipswich Town,FWD,317,5,0,0,73.4,80,0.1462,0.0113,2.3275,1.1244,0.0,80,0.1463,0.0113,2.3288,1.125,0.0,1.4405,2.2408,1.44,2.24,0.1192,0.0092,1.8982,0.917,0.0,8.253,0.13,0.01,2.07,1,0,9,10.1195,0.13,0.01,2.07,1,0,9,80,10.125,55,a,0,1,1
222625,Hirst,Ipswich Town,FWD,0,0,0,0,0.0,0,0.0,0.0,0.0,0.0,0.0,0,0.0,0.0,0.0,0.0,0.0,1.4405,2.2408,1.44,2.24,0.0,0.0,0.0,0.0,0.0,0.0,0.0,0.0,0.0,0,0,0,0.0,0.0,0.0,0.0,0,0,0,0,0.0,50,u,0,0,0
481624,Philogene,Ipswich Town,MID,52,0,1,0,22.0,24,0.225,0.0376,2.1007,3.7514,0.0,24,0.225,0.0375,2.1,3.75,0.0,1.4405,2.2408,1.44,2.24,0.055,0.0092,0.5135,0.917,0.0,4.585,0.06,0.01,0.56,1,0,5,18.7568,0.06,0.01,0.56,1,0,5,24,18.75,54,a,1,0,1
172453,Szmodics,Ipswich Town,MID,0,0,0,0,0.0,0,0.0,0.0,0.0,0.0,0.0,0,0.0,0.0,0.0,0.0,0.0,1.4405,2.2408,1.44,2.24,0.0,0.0,0.0,0.0,0.0,0.0,0.0,0.0,0.0,0,0,0,0.0,0.0,0.0,0.0,0,0,0,0,0.0,50,u,0,0,0
147675,Akpom,Ipswich Town,FWD,78,0,1,0,8.3,9,1.6905,0.0,1.5907,0.0,0.0,9,1.7,0.0,1.6,0.0,0.0,1.4405,2.2408,1.44,2.24,0.1559,0.0,0.1467,0.0,0.0,2.751,0.17,0.0,0.16,0,0,3,29.8301,0.17,0.0,0.16,0,0,3,9,30.0,50,a,1,0,1
557012,Walle Egeli,Ipswich Town,FWD,10,0,0,0,0.0,0,0.0,0.0,0.0,0.0,0.0,0,0.0,0.0,0.0,0.0,0.0,1.4405,2.2408,1.44,2.24,0.0,0.0,0.0,0.0,0.0,0.0,0.0,0.0,0.0,0,0,0,0.0,0.0,0.0,0.0,0,0,0,0,0.0,45,a,0,0,0
462387,Al-Hamadi,Ipswich Town,FWD,0,0,0,0,0.0,0,0.0,0.0,0.0,0.0,0.0,0,0.0,0.0,0.0,0.0,0.0,1.4405,2.2408,1.44,2.24,0.0,0.0,0.0,0.0,0.0,0.0,0.0,0.0,0.0,0,0,0,0.0,0.0,0.0,0.0,0,0,0,0,0.0,50,u,0,0,0
461587,McAteer,Ipswich Town,MID,42,0,0,0,0.0,0,0.0,0.0,0.0,0.0,0.0,0,0.0,0.0,0.0,0.0,0.0,1.4405,2.2408,1.44,2.24,0.0,0.0,0.0,0.0,0.0,0.0,0.0,0.0,0.0,0,0,0,0.0,0.0,0.0,0.0,0,0,0,0,0.0,44,a,0,0,0
232457,Mehmeti,Ipswich Town,MID,0,0,0,0,0.0,0,0.0,0.0,0.0,0.0,0.0,0,0.0,0.0,0.0,0.0,0.0,1.4405,2.2408,1.44,2.24,0.0,0.0,0.0,0.0,0.0,0.0,0.0,0.0,0.0,0,0,0,0.0,0.0,0.0,0.0,0,0,0,0,0.0,48,a,0,0,0
546600,Van Oevelen,Ipswich Town,GK,0,0,0,0,0.0,0,0.0,0.0,0.0,0.0,0.0,0,0.0,0.0,0.0,0.0,0.0,1.4405,2.2408,1.44,2.24,0.0,0.0,0.0,0.0,0.0,0.0,0.0,0.0,0.0,0,0,0,0.0,0.0,0.0,0.0,0,0,0,0,0.0,45,u,0,0,0
442967,Maeda,Ipswich Town,MID,259,3,1,0,14.7,16,0.0,0.0563,2.6951,5.6143,0.0,16,0.0,0.0562,2.7,5.625,0.0,1.4405,2.2408,1.44,2.24,0.0,0.0092,0.4402,0.917,0.0,4.585,0.0,0.01,0.48,1,0,5,28.0714,0.0,0.01,0.48,1,0,5,16,28.125,53,a,1,0,1
240514,Scherpen,Ipswich Town,GK,360,4,0,0,0.0,0,0.0,0.0,0.0,0.0,0.0,0,0.0,0.0,0.0,0.0,0.0,1.4405,2.2408,1.44,2.24,0.0,0.0,0.0,0.0,0.0,0.0,0.0,0.0,0.0,0,0,0,0.0,0.0,0.0,0.0,0,0,0,0,0.0,45,a,0,0,0
216055,Florentino,Ipswich Town,MID,30,0,1,0,276.7,2117,0.018,0.0222,1.9091,12.9042,0.0,295,0.0183,0.0214,1.6932,13.4237,0.0,1.4405,2.2408,1.44,2.24,0.0554,0.0684,5.8695,39.6732,0.0,44.364,0.64,0.52,46.74,313,0,358,14.4299,0.06,0.07,5.550000000000001,44,0,55,295,16.7797,48,a,1,0,1
474120,Enciso,Ipswich Town,MID,413,5,0,0,66.9,73,0.4195,0.0617,2.1712,6.1682,0.0,73,0.4192,0.0616,2.1699,6.1644,0.0,1.4405,2.2408,1.44,2.24,0.3118,0.0459,1.6139,4.585,0.0,10.087,0.34,0.05,1.76,5,0,11,13.57,0.34,0.05,1.76,5,0,11,73,13.5616,55,a,0,1,1
572584,Ouattara,Ipswich Town,DEF,131,1,0,0,82.5,90,0.02,0.01,2.2408,8.0029,0.0,90,0.02,0.01,2.24,8.0,0.0,1.4405,2.2408,1.44,2.24,0.0183,0.0092,2.0541,7.336,0.0,15.5891,0.02,0.01,2.24,8,0,17,17.0063,0.02,0.01,2.24,8,0,17,90,17.0,40,a,0,1,1
524180,Humphreys,Ipswich Town,MID,0,0,0,0,0.0,0,0.0,0.0,0.0,0.0,0.0,0,0.0,0.0,0.0,0.0,0.0,1.4405,2.2408,1.44,2.24,0.0,0.0,0.0,0.0,0.0,0.0,0.0,0.0,0.0,0,0,0,0.0,0.0,0.0,0.0,0,0,0,0,0.0,45,u,0,0,0
218543,Palacios,Ipswich Town,MID,275,3,0,0,73.4,80,0.0,0.0224,2.3275,6.7463,0.0,80,0.0,0.0225,2.3288,6.75,0.0,1.4405,2.2408,1.44,2.24,0.0,0.0183,1.8982,5.502,0.0,13.7551,0.0,0.02,2.07,6,0,15,16.8659,0.0,0.02,2.07,6,0,15,80,16.875,50,a,0,1,1
431639,Flemming,Ipswich Town,FWD,60,0,1,0,319.0,1773,0.3933,0.021,1.8407,5.8621,0.6635,337,0.3178,0.024,1.6157,5.3412,0.8012,1.4405,2.2408,1.44,2.24,1.394,0.0746,6.5243,20.7778,2.3518,60.7189,8.04,0.41,37.22,102,11,369,17.1307,1.19,0.09,6.05,20,3,63,337,16.8249,55,a,1,0,1
153682,Wilson,Leeds,MID,145,1,0,0,319.1,2674,0.1951,0.1626,1.4833,5.7521,0.5705,243,0.1481,0.1222,1.737,5.9259,0.0,1.4684,1.4878,1.256,1.714,0.6917,0.5766,5.2591,20.3944,2.0227,72.2038,5.88,4.7700000000000005,40.14,177,21,637,20.3646,0.4,0.33,4.69,16,0,43,243,15.9259,62,i,0,0,0
201595,Perri,Leeds,GK,0,0,0,0,75.7,1440,0.0,0.0,1.6986,0.0,0.2891,0,0.0,0.0,0.0,0.0,0.0,1.4684,1.4878,1.256,1.714,0.0,0.0,1.4287,0.0,0.2432,8.0976,0.0,0.0,26.68,0,3,153,9.6273,0.0,0.0,0.0,0,0,0,0,0.0,45,u,0,0,0
434752,Bijol,Leeds,DEF,164,2,0,0,312.3,1888,0.0344,0.0306,1.5155,11.4102,0.3304,339,0.0,0.0319,1.8239,12.2124,0.2655,1.4684,1.4878,1.256,1.714,0.1195,0.1063,5.2589,39.5934,1.1464,59.2882,0.9,0.75,31.48,219,6,323,17.0859,0.0,0.12,6.87,46,1,67,339,17.7876,50,a,0,0,0
214225,Rodon,Leeds,DEF,123,2,0,0,357.3,2952,0.0367,0.0257,1.6192,8.0029,0.0351,360,0.045,0.02,1.8775,6.25,0.0,1.4684,1.4878,1.256,1.714,0.1457,0.102,6.4281,31.7714,0.1395,44.9386,1.4,0.56,48.54,274,5,373,11.3195,0.18,0.08,7.51,25,0,39,360,9.75,43,i,0,0,0
226182,Bogle,Leeds,DEF,365,5,0,0,373.3,2861,0.065,0.1419,1.2014,5.1971,0.0603,233,0.0386,0.2047,1.1511,5.0215,0.0,1.4684,1.4878,1.256,1.714,0.2698,0.5884,4.9831,21.5565,0.25,60.5715,2.15,3.11,40.589999999999996,179,1,325,14.6034,0.1,0.53,2.98,13,0,46,233,17.7682,46,a,0,1,1
243526,Gudmundsson,Leeds,DEF,252,3,0,0,331.6,2727,0.0207,0.0992,1.318,5.7934,0.0744,90,0.0,0.03,1.06,5.0,0.0,1.4684,1.4878,1.256,1.714,0.0762,0.3654,4.8562,21.3453,0.274,51.8376,1.1,2.92,42.12,189,8,313,14.0693,0.0,0.03,1.06,5,0,27,90,27.0,45,a,0,1,1
220627,Justin,Leeds,DEF,450,5,0,0,452.7,1983,0.084,0.0619,1.4576,8.8287,0.6669,450,0.054,0.044,1.714,8.2,0.4,1.4684,1.4878,1.256,1.714,0.4225,0.3116,7.3316,44.4086,3.3545,96.8463,1.8800000000000001,1.28,34.07,192,11,369,19.2537,0.27,0.22,8.57,41,2,90,450,18.0,45,a,0,1,1
437738,Bornauw,Leeds,DEF,0,0,0,0,78.9,429,0.0959,0.001,2.2149,9.3008,0.0,125,0.144,0.0,2.7216,7.92,0.0,1.4684,1.4878,1.256,1.714,0.0841,0.0009,1.9417,8.1537,0.0,13.5807,0.2,0.01,8.71,49,0,73,15.4913,0.2,0.0,3.78,11,0,25,125,18.0,45,u,0,0,0
522047,Muharemović,Leeds,DEF,450,5,0,0,82.5,90,0.4001,0.01,1.0604,8.0029,0.0,90,0.4,0.01,1.06,8.0,0.0,1.4684,1.4878,1.256,1.714,0.3668,0.0092,0.972,7.336,0.0,20.1741,0.4,0.01,1.06,8,0,22,22.0081,0.4,0.01,1.06,8,0,22,90,22.0,50,a,0,1,1
466525,Stach,Leeds,MID,447,5,0,0,343.9,2459,0.0919,0.1431,1.235,10.8621,0.5086,324,0.1194,0.0722,1.3556,9.4444,0.8333,1.4684,1.4878,1.256,1.714,0.3511,0.5469,4.7191,41.5052,1.9433,72.2043,2.93,4.55,35.11,279,14,563,18.8962,0.43000000000000005,0.26,4.880000000000001,34,3,65,324,18.0556,60,a,0,1,1
435997,Okafor,Leeds,MID,299,4,0,0,227.1,1628,0.2566,0.0652,1.1198,6.7378,0.9106,139,0.2266,0.0906,0.4986,7.1223,1.295,1.4684,1.4878,1.256,1.714,0.6475,0.1646,2.8257,17.0017,2.2977,65.8637,5.2700000000000005,1.33,25.22,118,11,371,26.1019,0.35000000000000003,0.14,0.77,11,2,47,139,30.4317,58,a,0,1,1
427637,Aaronson,Leeds,MID,194,2,1,0,347.7,2471,0.1261,0.106,1.4812,7.9526,0.0764,251,0.1004,0.1649,2.0367,7.8884,0.0,1.4684,1.4878,1.256,1.714,0.4873,0.4096,5.7225,30.7237,0.295,53.5005,4.53,3.6,37.47,220,5,451,13.8483,0.28,0.45999999999999996,5.68,22,0,31,251,11.1155,53,a,1,0,1
199598,Ampadu,Leeds,MID,450,5,0,0,506.8,3209,0.0577,0.0703,1.429,12.1533,0.3834,450,0.018,0.038,1.714,11.4,0.6,1.4684,1.4878,1.256,1.714,0.325,0.3959,8.0469,68.4368,2.1588,99.5961,2.47,2.3,49.72,430,11,605,17.6868,0.09,0.19,8.57,57,3,88,450,17.6,54,a,0,1,1
180135,Longstaff,Leeds,MID,10,0,0,0,55.6,1003,0.2645,0.3313,2.2413,11.3232,0.624,49,0.4592,0.4776,2.7,16.5306,0.0,1.4684,1.4878,1.256,1.714,0.1634,0.2047,1.3846,6.9952,0.3855,19.6737,1.23,1.87,15.879999999999999,110,5,273,31.8459,0.25,0.26,1.47,9,0,10,49,18.3673,48,a,0,0,0
492859,Gnonto,Leeds,MID,0,0,0,0,67.5,521,0.0684,0.1265,2.1725,10.9268,0.0,79,0.0456,0.0228,2.5291,10.2532,0.0,1.4684,1.4878,1.256,1.714,0.0513,0.0949,1.6294,8.1951,0.0,18.6579,0.4,0.77,11.99,59,0,134,24.8772,0.04,0.02,2.2199999999999998,9,0,18,79,20.5063,50,u,0,0,0
221399,Harrison,Leeds,MID,0,0,0,0,7.5,262,0.1032,0.0816,1.374,7.7016,0.0,0,0.0,0.0,0.0,0.0,0.0,1.4684,1.4878,1.256,1.714,0.0086,0.0068,0.1145,0.6418,0.0,1.4568,0.28,0.22999999999999998,3.82,24,0,51,17.4816,0.0,0.0,0.0,0,0,0,0,0.0,50,u,0,0,0
200617,James,Leeds,MID,52,0,1,0,94.0,570,0.0894,0.0634,2.2961,6.1593,0.0,165,0.1091,0.0655,2.3236,5.4545,0.0,1.4684,1.4878,1.256,1.714,0.0934,0.0662,2.3982,6.433,0.0,16.0863,0.91,0.71,14.790000000000001,36,0,96,15.4018,0.2,0.12,4.26,10,0,24,165,13.0909,49,a,1,0,1
486520,Gruev,Leeds,MID,0,0,0,0,140.0,1318,0.045,0.0625,1.5996,7.3772,0.2629,0,0.0,0.0,0.0,0.0,0.0,1.4684,1.4878,1.256,1.714,0.07,0.0972,2.4882,11.4756,0.4089,23.8923,0.48999999999999994,0.86,25.27,114,3,245,15.3593,0.0,0.0,0.0,0,0,0,0,0.0,50,a,0,0,0
248056,Tanaka,Leeds,MID,255,3,0,0,277.5,1374,0.1093,0.0778,1.3142,9.7485,0.2539,364,0.0692,0.0223,1.5008,10.8791,0.4945,1.4684,1.4878,1.256,1.714,0.3371,0.24,4.0522,30.0578,0.7829,46.7245,1.58,1.39,22.15,152,4,288,15.1539,0.28,0.09,6.07,44,2,64,364,15.8242,49,a,0,1,1
177815,Calvert-Lewin,Leeds,FWD,419,5,0,0,474.4,2811,0.5306,0.0164,1.2868,4.5425,0.4606,428,0.4921,0.0105,1.6213,4.2056,0.8411,1.4684,1.4878,1.256,1.714,2.7967,0.0863,6.7828,23.9439,2.4281,71.7949,16.09,1.06,36.8,113,20,479,13.6204,2.34,0.05,7.71,20,4,89,428,18.715,60,a,0,1,1
174594,Nmecha,Leeds,FWD,64,0,1,0,164.6,1079,0.4233,0.2029,1.9938,5.9685,0.3702,186,0.2903,0.2806,2.3274,8.2258,0.0,1.4684,1.4878,1.256,1.714,0.7741,0.371,3.6465,10.9158,0.677,34.6616,7.25,1.58,22.21,59,8,272,18.9523,0.6000000000000001,0.5800000000000001,4.81,17,0,33,186,15.9677,54,a,1,0,1
235826,Piroe,Leeds,FWD,0,0,0,0,19.0,244,0.4292,0.0578,4.0367,8.3151,0.0,28,0.2893,0.0,4.8536,9.6429,0.0,1.4684,1.4878,1.256,1.714,0.0906,0.0122,0.8522,1.7554,0.0,5.6208,0.9,0.13,6.8100000000000005,14,0,42,26.6248,0.09,0.0,1.51,3,0,5,28,16.0714,50,u,0,0,0
565297,Mateo Joseph,Leeds,FWD,0,0,0,0,0.0,0,0.0,0.0,0.0,0.0,0.0,0,0.0,0.0,0.0,0.0,0.0,1.4684,1.4878,1.256,1.714,0.0,0.0,0.0,0.0,0.0,0.0,0.0,0.0,0.0,0,0,0,0.0,0.0,0.0,0.0,0,0,0,0,0.0,45,i,0,0,0
432720,Trafford,Leeds,GK,450,5,0,0,125.4,450,0.0,0.0,1.2868,0.0,1.9744,180,0.0,0.0,1.415,0.0,1.5,1.4684,1.4878,1.256,1.714,0.0,0.0,1.793,0.0,2.751,34.4149,0.0,0.0,6.8,0,3,101,24.6997,0.0,0.0,2.83,0,3,39,180,19.5,50,a,0,1,1
173774,Elvedi,Leeds,DEF,326,3,0,0,82.5,90,0.07,0.01,1.0604,4.0015,0.0,90,0.07,0.01,1.06,4.0,0.0,1.4684,1.4878,1.256,1.714,0.0642,0.0092,0.972,3.668,0.0,24.7591,0.07,0.01,1.06,4,0,27,27.0099,0.07,0.01,1.06,4,0,27,90,27.0,45,a,0,1,1
643970,Lienou,Leeds,DEF,0,0,0,0,0.0,0,0.0,0.0,0.0,0.0,0.0,0,0.0,0.0,0.0,0.0,0.0,1.4684,1.4878,1.256,1.714,0.0,0.0,0.0,0.0,0.0,0.0,0.0,0.0,0.0,0,0,0,0.0,0.0,0.0,0.0,0,0,0,0,0.0,40,a,0,0,0
592740,Cresswell,Leeds,MID,0,0,0,0,0.0,0,0.0,0.0,0.0,0.0,0.0,0,0.0,0.0,0.0,0.0,0.0,1.4684,1.4878,1.256,1.714,0.0,0.0,0.0,0.0,0.0,0.0,0.0,0.0,0.0,0,0,0,0.0,0.0,0.0,0.0,0,0,0,0,0.0,45,a,0,0,0
97846,Cairns,Leeds,GK,0,0,0,0,0.0,0,0.0,0.0,0.0,0.0,0.0,0,0.0,0.0,0.0,0.0,0.0,1.4684,1.4878,1.256,1.714,0.0,0.0,0.0,0.0,0.0,0.0,0.0,0.0,0.0,0,0,0,0.0,0.0,0.0,0.0,0,0,0,0,0.0,40,a,0,0,0
155465,Zetterer,Leeds,GK,0,0,0,0,0.0,0,0.0,0.0,0.0,0.0,0.0,0,0.0,0.0,0.0,0.0,0.0,1.4684,1.4878,1.256,1.714,0.0,0.0,0.0,0.0,0.0,0.0,0.0,0.0,0.0,0,0,0,0.0,0.0,0.0,0.0,0,0,0,0,0.0,40,a,0,0,0
437497,Bard,Leeds,DEF,18,0,0,0,0.0,0,0.0,0.0,0.0,0.0,0.0,0,0.0,0.0,0.0,0.0,0.0,1.4684,1.4878,1.256,1.714,0.0,0.0,0.0,0.0,0.0,0.0,0.0,0.0,0.0,0,0,0,0.0,0.0,0.0,0.0,0,0,0,0,0.0,45,a,0,0,0
587982,Bahoya,Leeds,MID,1,0,1,0,0.9,1,0.0,0.0,0.0,0.0,0.0,1,0.0,0.0,0.0,0.0,0.0,1.4684,1.4878,1.256,1.714,0.0,0.0,0.0,0.0,0.0,4.585,0.0,0.0,0.0,0,0,5,458.5,0.0,0.0,0.0,0,0,5,1,450.0,50,a,1,0,1
116535,A.Becker,Liverpool,GK,450,5,0,0,315.9,2430,0.0,0.0006,1.1036,0.0,0.7228,180,0.0,0.0,1.175,0.0,1.0,1.588,1.2791,1.45,1.55,0.0,0.002,3.8738,0.0,2.537,64.95,0.0,0.03,30.37,0,10,419,18.5043,0.0,0.0,2.35,0,2,37,180,18.5,55,a,0,1,1
449027,Mamardashvili,Liverpool,GK,0,0,0,0,140.6,867,0.0,0.0,1.3209,0.0,0.3201,180,0.0,0.0,1.175,0.0,0.0,1.588,1.2791,1.45,1.55,0.0,0.0,2.0636,0.0,0.5,21.7636,0.0,0.0,13.29,0,2,139,13.9312,0.0,0.0,2.35,0,0,19,180,9.5,48,a,0,0,0
155503,Woodman,Liverpool,GK,0,0,0,0,64.7,212,0.0,0.0,2.0507,0.0,0.0,180,0.0,0.0,2.3,0.0,0.0,1.588,1.2791,1.45,1.55,0.0,0.0,1.4742,0.0,0.0,10.1239,0.0,0.0,4.76,0,0,34,14.0827,0.0,0.0,4.6,0,0,27,180,13.5,40,a,0,0,0
586268,Pecsi,Liverpool,GK,0,0,0,0,0.0,0,0.0,0.0,0.0,0.0,0.0,0,0.0,0.0,0.0,0.0,0.0,1.588,1.2791,1.45,1.55,0.0,0.0,0.0,0.0,0.0,0.0,0.0,0.0,0.0,0,0,0,0.0,0.0,0.0,0.0,0,0,0,0,0.0,40,u,0,0,0
432987,Jaros,Liverpool,GK,0,0,0,0,0.0,0,0.0,0.0,0.0,0.0,0.0,0,0.0,0.0,0.0,0.0,0.0,1.588,1.2791,1.45,1.55,0.0,0.0,0.0,0.0,0.0,0.0,0.0,0.0,0.0,0,0,0,0.0,0.0,0.0,0.0,0,0,0,0,0.0,40,i,0,0,0
464353,Davies,Liverpool,GK,0,0,0,0,0.0,0,0.0,0.0,0.0,0.0,0.0,0,0.0,0.0,0.0,0.0,0.0,1.588,1.2791,1.45,1.55,0.0,0.0,0.0,0.0,0.0,0.0,0.0,0.0,0.0,0,0,0,0.0,0.0,0.0,0.0,0,0,0,0,0.0,40,a,0,0,0
97032,Virgil,Liverpool,DEF,450,5,0,0,521.5,3510,0.1211,0.0416,1.2791,9.3244,0.1907,540,0.1267,0.04,1.55,8.8333,0.0,1.588,1.2791,1.45,1.55,0.7017,0.2411,7.4115,54.0296,1.1049,101.1103,3.77,1.45,48.42,365,10,619,17.4495,0.76,0.24000000000000002,9.3,53,0,87,540,14.5,65,a,0,1,1
216094,Frimpong,Liverpool,DEF,178,2,0,0,177.0,1032,0.0328,0.1084,1.232,2.1627,0.098,211,0.0299,0.0597,1.736,0.8531,0.0,1.588,1.2791,1.45,1.55,0.0645,0.2132,2.4229,4.2534,0.1928,32.9406,0.5,1.55,12.97,30,1,237,16.7495,0.07,0.14,4.07,2,0,10,211,4.2654,53,a,0,0,0
544877,Kerkez,Liverpool,DEF,385,4,0,0,326.6,2341,0.0588,0.0191,1.1465,4.9544,0.0969,311,0.0232,0.0145,1.1344,4.6302,0.0,1.588,1.2791,1.45,1.55,0.2132,0.0692,4.1606,17.9789,0.3517,57.6012,1.55,0.7000000000000001,30.89,141,4,379,15.873,0.08,0.05,3.92,16,0,41,311,11.865,53,a,0,1,1
171287,Gomez,Liverpool,DEF,0,0,0,0,91.8,594,0.0345,0.0485,1.5431,6.6525,0.0945,82,0.0549,0.022,1.4159,7.6829,0.0,1.588,1.2791,1.45,1.55,0.0352,0.0495,1.574,6.7856,0.0964,8.446,0.28,0.64,9.31,46,2,94,8.2804,0.05,0.02,1.29,7,0,3,82,3.2927,49,a,0,0,0
492777,Bradley,Liverpool,DEF,0,0,0,0,48.5,928,0.0208,0.0742,0.8807,6.9241,0.3281,0,0.0,0.0,0.0,0.0,0.0,1.588,1.2791,1.45,1.55,0.0112,0.04,0.4746,3.7313,0.1768,10.3353,0.18,0.8400000000000001,10.77,65,2,157,19.1789,0.0,0.0,0.0,0,0,0,0,0.0,50,i,0,0,0
519440,Lucky,Liverpool,DEF,0,0,0,0,0.0,0,0.0,0.0,0.0,0.0,0.0,0,0.0,0.0,0.0,0.0,0.0,1.588,1.2791,1.45,1.55,0.0,0.0,0.0,0.0,0.0,0.0,0.0,0.0,0.0,0,0,0,0.0,0.0,0.0,0.0,0,0,0,0,0.0,40,a,0,0,0
606702,Jacquet,Liverpool,DEF,415,5,0,0,82.5,90,0.0,0.02,0.7903,8.0029,0.0,90,0.0,0.02,0.79,8.0,0.0,1.588,1.2791,1.45,1.55,0.0,0.0183,0.7244,7.336,0.0,23.8421,0.0,0.02,0.79,8,0,26,26.0096,0.0,0.02,0.79,8,0,26,90,26.0,50,d,0,1,1
647681,Leoni,Liverpool,DEF,0,0,0,0,0.0,0,0.0,0.0,0.0,0.0,0.0,0,0.0,0.0,0.0,0.0,0.0,1.588,1.2791,1.45,1.55,0.0,0.0,0.0,0.0,0.0,0.0,0.0,0.0,0.0,0,0,0,0.0,0.0,0.0,0.0,0,0,0,0,0.0,40,i,0,0,0
214285,Tsimikas,Liverpool,DEF,64,1,0,0,0.0,0,0.0,0.0,0.0,0.0,0.0,0,0.0,0.0,0.0,0.0,0.0,1.588,1.2791,1.45,1.55,0.0,0.0,0.0,0.0,0.0,0.0,0.0,0.0,0.0,0,0,0,0.0,0.0,0.0,0.0,0,0,0,0,0.0,49,a,0,0,0
489580,Ramsay,Liverpool,DEF,0,0,0,0,0.0,0,0.0,0.0,0.0,0.0,0.0,0,0.0,0.0,0.0,0.0,0.0,1.588,1.2791,1.45,1.55,0.0,0.0,0.0,0.0,0.0,0.0,0.0,0.0,0.0,0,0,0,0.0,0.0,0.0,0.0,0,0,0,0,0.0,40,u,0,0,0
494595,Wirtz,Liverpool,MID,402,5,0,0,334.2,2444,0.2868,0.1667,1.4004,7.7044,0.4471,291,0.334,0.1021,2.0845,8.0412,0.3093,1.588,1.2791,1.45,1.55,1.0648,0.619,5.2003,28.609,1.6604,82.8045,7.05,5.19,34.65,184,17,546,22.2992,1.0799999999999998,0.33,6.739999999999999,26,1,68,291,21.0309,73,a,0,1,1
243298,Gakpo,Liverpool,MID,370,4,0,0,461.1,2826,0.2526,0.1669,1.2438,4.695,0.0355,509,0.2599,0.1026,1.6267,3.89,0.0,1.588,1.2791,1.45,1.55,1.2942,0.8552,6.3723,24.0542,0.1817,59.6324,8.55,5.16,35.73,157,5,462,11.6394,1.47,0.58,9.2,22,0,43,509,7.6031,72,d,0,1,1
424876,Szoboszlai,Liverpool,MID,440,5,0,0,491.8,3312,0.1378,0.2048,1.2983,8.5313,0.5416,530,0.1664,0.2377,1.5572,6.4528,0.6792,1.588,1.2791,1.45,1.55,0.753,1.119,7.0945,46.6189,2.9595,113.9854,4.89,6.85,46.29,344,21,785,20.8595,0.98,1.4,9.17,38,4,137,530,23.2642,69,a,0,1,1
611922,Ngumoha,Liverpool,MID,99,1,0,0,148.9,547,0.1635,0.2501,1.2873,4.7307,0.6671,243,0.1111,0.0963,1.2889,4.4444,0.3704,1.588,1.2791,1.45,1.55,0.2705,0.4137,2.1297,7.8267,1.1036,37.2159,1.34,2.0100000000000002,8.92,30,4,188,22.4945,0.3,0.26,3.4800000000000004,12,1,40,243,14.8148,57,a,0,0,0
223541,Chiesa,Liverpool,MID,0,0,0,0,34.4,317,0.287,0.1405,2.0969,6.1658,0.0,40,0.2025,0.0,2.4525,2.25,0.0,1.588,1.2791,1.45,1.55,0.1097,0.0537,0.8015,2.3567,0.0,10.4787,1.45,0.61,6.5,30,0,135,27.4152,0.09,0.0,1.0899999999999999,1,0,10,40,22.5,53,i,0,0,0
441266,Gravenberch,Liverpool,MID,190,2,1,0,383.1,3000,0.0568,0.0622,1.2635,8.2667,0.4164,347,0.0597,0.0441,1.3643,6.4841,0.7781,1.588,1.2791,1.45,1.55,0.2416,0.2647,5.3784,35.1886,1.7723,80.0509,1.89,2.27,38.55,299,17,674,18.806,0.23,0.17,5.26,25,3,78,347,20.2305,58,a,1,0,1
243016,Mac Allister,Liverpool,MID,306,3,0,0,450.8,2744,0.1106,0.0552,1.3103,8.7491,0.3877,540,0.085,0.0633,1.55,8.5,0.5,1.588,1.2791,1.45,1.55,0.5542,0.2766,6.5632,43.8234,1.942,87.5891,3.89,1.74,37.76,242,9,509,17.4867,0.51,0.38,9.3,51,3,108,540,18.0,54,a,0,1,1
206915,C.Jones,Liverpool,MID,0,0,0,0,307.9,1923,0.1314,0.0867,1.5195,11.8242,0.5244,446,0.1453,0.0404,1.7173,10.2915,0.6054,1.588,1.2791,1.45,1.55,0.4494,0.2965,5.1985,40.452,1.7942,74.209,2.21,2.77,31.44,237,6,447,21.6915,0.72,0.2,8.51,51,3,112,446,22.6009,55,u,0,0,0
158983,Endo,Liverpool,MID,0,0,0,0,18.0,170,0.0295,0.0305,1.559,11.9715,0.0,0,0.0,0.0,0.0,0.0,0.0,1.588,1.2791,1.45,1.55,0.0059,0.0061,0.3118,2.3943,0.0,4.0451,0.04,0.05,4.11,23,0,49,20.2255,0.0,0.0,0.0,0,0,0,0,0.0,49,a,0,0,0
591386,Nyoni,Liverpool,MID,38,0,1,0,22.9,40,0.257,0.0248,1.5705,24.3664,0.0,26,0.0,0.0346,2.0077,27.6923,0.0,1.588,1.2791,1.45,1.55,0.0654,0.0063,0.3996,6.1999,0.0,4.9783,0.37,0.02,0.99,10,0,14,19.5654,0.0,0.01,0.5800000000000001,8,0,5,26,17.3077,49,a,1,0,1
535928,Bajcetic,Liverpool,MID,0,0,0,0,0.0,0,0.0,0.0,0.0,0.0,0.0,0,0.0,0.0,0.0,0.0,0.0,1.588,1.2791,1.45,1.55,0.0,0.0,0.0,0.0,0.0,0.0,0.0,0.0,0.0,0,0,0,0.0,0.0,0.0,0.0,0,0,0,0,0.0,50,u,0,0,0
551499,Munoz,Liverpool,MID,257,3,1,0,16.5,18,0.0,0.3,0.7004,15.0055,0.0,18,0.0,0.3,0.7,15.0,0.0,1.588,1.2791,1.45,1.55,0.0,0.055,0.1284,2.751,0.0,6.419,0.0,0.06,0.14,3,0,7,35.0127,0.0,0.06,0.14,3,0,7,18,35.0,65,a,1,0,1
491501,McConnell,Liverpool,MID,0,0,0,0,0.0,0,0.0,0.0,0.0,0.0,0.0,0,0.0,0.0,0.0,0.0,0.0,1.588,1.2791,1.45,1.55,0.0,0.0,0.0,0.0,0.0,0.0,0.0,0.0,0.0,0,0,0,0.0,0.0,0.0,0.0,0,0,0,0,0.0,44,a,0,0,0
219168,Isak,Liverpool,FWD,413,5,0,0,149.0,774,0.5614,0.0149,1.0419,2.3881,2.0911,181,0.5867,0.0149,1.3475,2.9834,2.4862,1.588,1.2791,1.45,1.55,0.9295,0.0246,1.7249,3.9536,3.462,46.4369,3.34,0.1,9.04,31,7,171,28.0491,1.18,0.03,2.71,6,5,68,181,33.8122,91,d,0,1,1
510663,Ekitiké,Liverpool,FWD,0,0,0,0,150.5,1797,0.545,0.1583,1.2987,4.3031,0.9612,0,0.0,0.0,0.0,0.0,0.0,1.588,1.2791,1.45,1.55,0.9113,0.2647,2.1717,7.1957,1.6073,33.9254,10.1,2.45,26.11,85,22,433,20.2876,0.0,0.0,0.0,0,0,0,0,0.0,74,i,0,0,0
514514,Koumas,Liverpool,MID,22,0,1,0,8.3,9,2.4864,0.0,1.3923,0.0,0.0,9,2.5,0.0,1.4,0.0,0.0,1.588,1.2791,1.45,1.55,0.2293,0.0,0.1284,0.0,0.0,6.419,0.25,0.0,0.14,0,0,7,69.6036,0.25,0.0,0.14,0,0,7,9,70.0,50,a,1,0,1
500058,Danns,Liverpool,FWD,0,0,0,0,0.0,0,0.0,0.0,0.0,0.0,0.0,0,0.0,0.0,0.0,0.0,0.0,1.588,1.2791,1.45,1.55,0.0,0.0,0.0,0.0,0.0,0.0,0.0,0.0,0.0,0,0,0,0.0,0.0,0.0,0.0,0,0,0,0,0.0,45,a,0,0,0
444884,Elliott,Liverpool,MID,0,0,0,0,4.0,110,0.3848,0.09,0.9428,5.5305,0.0,0,0.0,0.0,0.0,0.0,0.0,1.588,1.2791,1.45,1.55,0.0171,0.004,0.0419,0.2458,0.0,0.803,0.29000000000000004,0.08,1.7400000000000002,6,0,17,18.0675,0.0,0.0,0.0,0,0,0,0,0.0,54,u,0,0,0
445087,Araujo,Liverpool,DEF,284,3,0,0,82.5,90,0.0,0.01,0.7903,5.0018,1.0004,90,0.0,0.01,0.79,5.0,1.0,1.588,1.2791,1.45,1.55,0.0,0.0092,0.7244,4.585,0.917,25.6761,0.0,0.01,0.79,5,1,28,28.0103,0.0,0.01,0.79,5,1,28,90,28.0,54,a,0,1,1
482616,Barcola,Liverpool,MID,168,2,0,0,65.1,71,0.0635,0.038,0.8367,3.8032,0.0,71,0.0634,0.038,0.8366,3.8028,0.0,1.588,1.2791,1.45,1.55,0.0459,0.0275,0.6052,2.751,0.0,7.336,0.05,0.03,0.66,3,0,8,10.1419,0.05,0.03,0.66,3,0,8,71,10.1408,80,a,0,1,1
448047,Enzo,Man City,MID,271,3,0,0,482.6,3204,0.1912,0.2287,1.7235,6.3298,0.5336,450,0.108,0.224,1.948,5.6,1.0,2.2974,1.751,2.374,2.156,1.025,1.2265,9.2418,33.9419,2.8611,120.4935,11.3,7.52,48.46,249,19,733,22.4708,0.54,1.1199999999999999,9.74,28,5,125,450,25.0,69,a,0,1,1
440993,Ndiaye,Man City,MID,385,4,0,0,457.1,2855,0.206,0.1033,1.8013,7.6048,0.1691,524,0.2834,0.0515,1.7588,5.1527,0.0,2.2974,1.751,2.374,2.156,1.0463,0.5245,9.1487,38.624,0.8588,92.1209,6.78,4.550000000000001,45.83,287,7,571,18.138,1.65,0.30000000000000004,10.239999999999998,30,0,75,524,12.8817,58,a,0,1,1
204936,Donnarumma,Man City,GK,450,5,0,0,487.6,3150,0.0,0.0078,1.5974,0.0,0.2028,450,0.0,0.026,1.85,0.0,0.4,2.2974,1.751,2.374,2.156,0.0,0.0421,8.6542,0.0,1.0985,82.915,0.0,0.13,42.07,0,5,576,15.3042,0.0,0.13,9.25,0,2,70,450,14.0,55,a,0,1,1
122074,Bettinelli,Man City,GK,0,0,0,0,0.0,0,0.0,0.0,0.0,0.0,0.0,0,0.0,0.0,0.0,0.0,0.0,2.2974,1.751,2.374,2.156,0.0,0.0,0.0,0.0,0.0,0.0,0.0,0.0,0.0,0,0,0,0.0,0.0,0.0,0.0,0,0,0,0,0.0,45,a,0,0,0
472769,O'Reilly,Man City,DEF,163,2,1,0,333.7,2648,0.4868,0.1022,1.3263,5.4666,0.47,275,0.5531,0.0851,1.764,4.5818,0.0,2.2974,1.751,2.374,2.156,1.8049,0.3789,4.9178,20.269,1.7427,72.9154,6.9,2.67,35.36,174,10,570,19.6655,1.69,0.26,5.39,14,0,30,275,9.8182,63,d,1,0,1
209036,Guéhi,Man City,DEF,450,5,0,0,479.5,3240,0.1069,0.0444,1.648,6.9639,0.3412,450,0.054,0.03,1.85,6.4,0.2,2.2974,1.751,2.374,2.156,0.5695,0.2365,8.78,37.1022,1.8176,101.8031,4.11,2.38,48.15,282,14,701,19.108,0.27,0.15,9.25,32,1,96,450,19.2,60,a,0,1,1
465351,Matheus N.,Man City,DEF,213,2,0,0,459.2,2951,0.0053,0.0564,1.6102,6.0024,0.2627,417,0.0,0.0259,1.9381,6.4748,0.0,2.2974,1.751,2.374,2.156,0.0268,0.2878,8.2154,30.6257,1.3405,83.3305,0.33999999999999997,2.24,38.46,204,16,676,16.3322,0.0,0.12,8.98,30,0,51,417,11.0072,59,a,0,1,1
171314,Rúben,Man City,DEF,450,5,0,0,254.6,2229,0.0787,0.02,1.9926,5.6713,0.1132,180,0.1,0.01,2.67,3.5,0.0,2.2974,1.751,2.374,2.156,0.2226,0.0566,5.6368,16.0434,0.3201,25.3328,0.77,0.65,29.64,171,4,446,8.955,0.2,0.02,5.34,7,0,-1,180,-0.5,55,a,0,1,1
477424,Gvardiol,Man City,DEF,434,5,0,0,168.9,1460,0.0828,0.3342,2.2778,6.7677,0.116,159,0.034,0.3906,2.4509,6.2264,0.0,2.2974,1.751,2.374,2.156,0.1553,0.6271,4.2747,12.7007,0.2176,38.63,2.25,1.33,19.62,110,5,325,20.5844,0.06,0.69,4.33,11,0,34,159,19.2453,57,a,0,1,1
448514,Aït-Nouri,Man City,DEF,0,0,0,0,158.0,971,0.0534,0.1925,1.0901,5.1059,0.8764,103,0.0437,0.2359,0.9,4.3689,0.0,2.2974,1.751,2.374,2.156,0.0937,0.3379,1.9138,8.9637,1.5386,41.3582,0.53,2.0100000000000002,12.25,67,9,237,23.5585,0.05,0.27,1.03,5,0,22,103,19.2233,52,a,0,0,0
578153,Khusanov,Man City,DEF,268,3,0,0,258.3,1427,0.0465,0.1397,1.3713,7.192,0.285,270,0.0233,0.28,1.8133,5.6667,0.0,2.2974,1.751,2.374,2.156,0.1335,0.401,3.9357,20.6411,0.8179,52.6973,0.65,1.21,20.89,123,3,293,18.3614,0.07,0.8400000000000001,5.4399999999999995,17,0,44,270,14.6667,54,a,0,0,0
494307,Alleyne,Man City,DEF,0,0,0,0,13.4,135,0.174,0.0396,1.0196,7.1799,0.0,0,0.0,0.0,0.0,0.0,0.0,2.2974,1.751,2.374,2.156,0.0259,0.0059,0.1518,1.069,0.0,2.6897,0.26,0.060000000000000005,1.54,11,0,27,18.0651,0.0,0.0,0.0,0,0,0,0,0.0,50,u,0,0,0
477064,Lewis,Man City,DEF,56,1,0,0,54.2,401,0.0722,0.1396,1.7357,1.4539,0.0566,90,0.08,0.08,1.77,0.0,0.0,2.2974,1.751,2.374,2.156,0.0435,0.0841,1.0453,0.8756,0.0341,1.5808,0.19,1.39,6.8100000000000005,19,2,72,2.6249,0.08,0.08,1.77,0,0,-3,90,-3.0,44,a,0,0,0
616222,Vitor Reis,Man City,DEF,1,0,0,0,0.0,0,0.0,0.0,0.0,0.0,0.0,0,0.0,0.0,0.0,0.0,0.0,2.2974,1.751,2.374,2.156,0.0,0.0,0.0,0.0,0.0,0.0,0.0,0.0,0.0,0,0,0,0.0,0.0,0.0,0.0,0,0,0,0,0.0,45,a,0,0,0
437730,Semenyo,Man City,MID,450,5,0,0,482.8,3290,0.2367,0.107,1.5769,5.7064,0.5947,456,0.1421,0.1224,1.4408,4.9342,0.5921,2.2974,1.751,2.374,2.156,1.2698,0.5739,8.4592,30.6114,3.19,141.2753,11.26,3.29,51.24,243,20,743,26.3355,0.72,0.6200000000000001,7.3,25,3,141,456,27.8289,84,d,0,1,1
209244,Foden,Man City,MID,217,3,0,0,216.5,2078,0.2329,0.2296,1.4258,7.1958,0.6347,251,0.2474,0.2653,1.7319,7.1713,1.0757,2.2974,1.751,2.374,2.156,0.5603,0.5524,3.4299,17.3099,1.5269,56.6064,6.03,4.76,27.38,160,13,563,23.5315,0.6900000000000001,0.74,4.83,20,3,66,251,23.6653,69,s,0,0,0
466052,Cherki,Man City,MID,302,4,0,0,343.8,1856,0.2245,0.3434,1.8806,5.4098,0.7162,310,0.1945,0.27,2.5519,4.0645,0.2903,2.2974,1.751,2.374,2.156,0.8574,1.3116,7.184,20.6654,2.7357,108.8064,4.41,9.0,28.41,140,17,615,28.4834,0.67,0.93,8.79,14,1,82,310,23.8065,78,a,0,1,1
248875,Doku,Man City,MID,15,0,1,0,252.9,1788,0.2233,0.3433,1.3159,6.8796,0.8963,314,0.2408,0.3382,1.499,4.8726,1.7197,2.2974,1.751,2.374,2.156,0.6274,0.9646,3.6976,19.3318,2.5187,88.839,3.1,6.180000000000001,23.619999999999997,128,15,533,31.6153,0.8400000000000001,1.1800000000000002,5.2299999999999995,17,6,143,314,40.9873,74,a,1,0,1
220566,Rodrigo,Man City,MID,0,0,0,0,222.1,1510,0.1062,0.1589,1.2891,11.8604,0.4797,90,0.36,0.12,1.99,12.0,1.0,2.2974,1.751,2.374,2.156,0.262,0.3921,3.1811,29.2689,1.1837,53.0595,1.15,2.4499999999999997,20.74,206,6,350,21.5009,0.36,0.12,1.99,12,1,27,90,27.0,65,u,0,0,0
433036,Reijnders,Man City,MID,0,0,0,0,132.9,1623,0.3305,0.1362,1.022,5.1795,0.2353,135,0.4333,0.0533,1.0267,3.3333,0.0,2.2974,1.751,2.374,2.156,0.488,0.2011,1.5091,7.6484,0.3475,22.2912,4.61,2.35,18.82,100,6,337,15.0956,0.65,0.08,1.54,5,0,12,135,8.0,60,u,0,0,0
91651,Kovačić,Man City,MID,42,0,0,0,45.4,125,0.0969,0.2779,2.8314,13.5426,0.0,112,0.1045,0.3134,2.7161,14.4643,0.0,2.2974,1.751,2.374,2.156,0.0489,0.1402,1.4283,6.8315,0.0,13.2355,0.13,0.42000000000000004,4.0,18,0,41,26.2378,0.13,0.39,3.38,18,0,34,112,27.3214,53,a,0,0,0
575204,Echeverri,Man City,MID,0,0,0,0,0.0,0,0.0,0.0,0.0,0.0,0.0,0,0.0,0.0,0.0,0.0,0.0,2.2974,1.751,2.374,2.156,0.0,0.0,0.0,0.0,0.0,0.0,0.0,0.0,0.0,0,0,0,0.0,0.0,0.0,0.0,0,0,0,0,0.0,49,u,0,0,0
155405,Phillips,Man City,MID,0,0,0,0,0.0,0,0.0,0.0,0.0,0.0,0.0,0,0.0,0.0,0.0,0.0,0.0,2.2974,1.751,2.374,2.156,0.0,0.0,0.0,0.0,0.0,0.0,0.0,0.0,0.0,0,0,0,0.0,0.0,0.0,0.0,0,0,0,0,0.0,50,u,0,0,0
590039,Mukasa,Man City,MID,0,0,0,0,2.1,25,0.0,0.63,1.2471,2.9229,0.0,0,0.0,0.0,0.0,0.0,0.0,2.2974,1.751,2.374,2.156,0.0,0.0147,0.0291,0.0682,0.0,0.4516,0.0,0.21000000000000002,0.33999999999999997,1,0,5,19.3543,0.0,0.0,0.0,0,0,0,0,0.0,45,u,0,0,0
649208,Monga,Man City,MID,0,0,0,0,0.0,0,0.0,0.0,0.0,0.0,0.0,0,0.0,0.0,0.0,0.0,0.0,2.2974,1.751,2.374,2.156,0.0,0.0,0.0,0.0,0.0,0.0,0.0,0.0,0.0,0,0,0,0.0,0.0,0.0,0.0,0,0,0,0,0.0,49,u,0,0,0
223094,Haaland,Man City,FWD,450,5,0,0,426.3,3043,0.7425,0.0928,1.7008,2.7626,0.9275,360,0.7675,0.16,2.1425,2.0,1.5,2.2974,1.751,2.374,2.156,3.517,0.4395,8.0563,13.0853,4.3932,120.9611,26.59,2.69,42.17,106,43,977,25.5372,3.0700000000000003,0.64,8.57,8,6,132,360,33.0,156,a,0,1,1
215379,Anderson,Man City,MID,413,5,0,0,493.1,3422,0.0598,0.1515,1.885,13.2689,0.6075,469,0.0748,0.2168,2.3335,13.049,1.1514,2.2974,1.751,2.374,2.156,0.3278,0.83,10.3279,72.6988,3.3283,123.3089,2.96,4.8100000000000005,57.22,524,16,810,22.5062,0.39,1.1300000000000001,12.16,68,6,148,469,28.4009,63,a,0,1,1
106921,Rulli,Man City,GK,0,0,0,0,0.0,0,0.0,0.0,0.0,0.0,0.0,0,0.0,0.0,0.0,0.0,0.0,2.2974,1.751,2.374,2.156,0.0,0.0,0.0,0.0,0.0,0.0,0.0,0.0,0.0,0,0,0,0.0,0.0,0.0,0.0,0,0,0,0,0.0,50,a,0,0,0
637238,Bouaddi,Man City,MID,22,0,0,0,0.0,0,0.0,0.0,0.0,0.0,0.0,0,0.0,0.0,0.0,0.0,0.0,2.2974,1.751,2.374,2.156,0.0,0.0,0.0,0.0,0.0,0.0,0.0,0.0,0.0,0,0,0,0.0,0.0,0.0,0.0,0,0,0,0,0.0,55,a,0,0,0
616288,McAidoo,Man City,MID,11,0,0,0,0.0,0,0.0,0.0,0.0,0.0,0.0,0,0.0,0.0,0.0,0.0,0.0,2.2974,1.751,2.374,2.156,0.0,0.0,0.0,0.0,0.0,0.0,0.0,0.0,0.0,0,0,0,0.0,0.0,0.0,0.0,0,0,0,0,0.0,45,a,0,0,0
554054,Braithwaite,Man City,DEF,1,0,0,0,0.0,0,0.0,0.0,0.0,0.0,0.0,0,0.0,0.0,0.0,0.0,0.0,2.2974,1.751,2.374,2.156,0.0,0.0,0.0,0.0,0.0,0.0,0.0,0.0,0.0,0,0,0,0.0,0.0,0.0,0.0,0,0,0,0,0.0,40,a,0,0,0
624777,Allan,Man City,MID,0,0,0,0,0.0,0,0.0,0.0,0.0,0.0,0.0,0,0.0,0.0,0.0,0.0,0.0,2.2974,1.751,2.374,2.156,0.0,0.0,0.0,0.0,0.0,0.0,0.0,0.0,0.0,0,0,0,0.0,0.0,0.0,0.0,0,0,0,0,0.0,60,a,0,0,0
595480,Samba,Man City,MID,0,0,0,0,0.0,0,0.0,0.0,0.0,0.0,0.0,0,0.0,0.0,0.0,0.0,0.0,2.2974,1.751,2.374,2.156,0.0,0.0,0.0,0.0,0.0,0.0,0.0,0.0,0.0,0,0,0,0.0,0.0,0.0,0.0,0,0,0,0,0.0,45,a,0,0,0
166989,Tielemans,Man Utd,MID,402,5,0,0,338.7,1947,0.0535,0.1633,1.4532,10.8959,0.0636,449,0.0481,0.1243,1.343,10.6236,0.0,1.6964,1.3408,2.0117,1.31,0.2015,0.6144,5.4689,41.0049,0.2393,79.153,1.23,3.46,32.96,216,3,439,21.0327,0.24000000000000002,0.6200000000000001,6.7,53,0,100,449,20.0445,58,a,0,1,1
535301,Baleba,Man Utd,MID,0,0,0,0,211.2,1646,0.0612,0.0631,0.921,12.8156,0.0,266,0.0744,0.0372,1.0049,15.2256,0.0,1.6964,1.3408,2.0117,1.31,0.1436,0.148,2.1612,30.074,0.0,37.2761,0.78,0.72,20.4,209,0,231,15.8847,0.22,0.11,2.9699999999999998,45,0,56,266,18.9474,49,a,0,0,0
532605,Andrey Santos,Man Utd,MID,82,1,0,0,179.7,1247,0.1071,0.0529,1.3557,8.2386,0.5793,184,0.1223,0.0245,1.1152,7.8261,1.4674,1.6964,1.3408,2.0117,1.31,0.2139,0.1057,2.7069,16.4497,1.1567,46.7203,2.0,0.88,18.91,129,3,257,23.3991,0.25,0.05,2.2800000000000002,16,3,71,184,34.7283,48,a,0,0,0
59735,Darlow,Man Utd,GK,0,0,0,0,361.1,1980,0.0,0.0021,1.479,0.0,0.2883,360,0.0,0.0025,1.8775,0.0,0.75,1.6964,1.3408,2.0117,1.31,0.0,0.0086,5.9341,0.0,1.1567,68.9313,0.0,0.05,28.36,0,3,334,17.1803,0.0,0.01,7.51,0,3,68,360,17.0,45,d,0,0,0
465247,Lammens,Man Utd,GK,450,5,0,0,510.0,2970,0.0,0.0,1.336,0.0,0.3627,540,0.0,0.0,1.31,0.0,0.3333,1.6964,1.3408,2.0117,1.31,0.0,0.0,7.5705,0.0,2.0552,89.5648,0.0,0.0,40.87,0,11,435,15.8056,0.0,0.0,7.859999999999999,0,2,105,540,17.5,49,a,0,1,1
451302,Bayindir,Man Utd,GK,0,0,0,0,11.6,540,0.0,0.0078,1.5401,0.0,0.0,0,0.0,0.0,0.0,0.0,0.0,1.6964,1.3408,2.0117,1.31,0.0,0.001,0.1985,0.0,0.0,1.0262,0.0,0.05,9.24,0,0,49,7.9619,0.0,0.0,0.0,0,0,0,0,0.0,45,u,0,0,0
21205,Heaton,Man Utd,GK,0,0,0,0,0.0,0,0.0,0.0,0.0,0.0,0.0,0,0.0,0.0,0.0,0.0,0.0,1.6964,1.3408,2.0117,1.31,0.0,0.0,0.0,0.0,0.0,0.0,0.0,0.0,0.0,0,0,0,0.0,0.0,0.0,0.0,0,0,0,0,0.0,40,i,0,0,0
596777,Dorgu,Man Utd,MID,171,2,1,0,124.2,1446,0.3386,0.1785,0.8687,5.9841,1.4233,117,0.5077,0.3308,0.6385,3.8462,2.3077,1.6964,1.3408,2.0117,1.31,0.4672,0.2463,1.1988,8.2581,1.9642,54.7222,2.52,1.85,19.61,100,11,333,39.6538,0.6599999999999999,0.43,0.8300000000000001,5,3,72,117,55.3846,58,d,1,0,1
209365,De Ligt,Man Utd,DEF,0,0,0,0,35.3,1170,0.1135,0.0691,1.403,8.0638,0.2884,0,0.0,0.0,0.0,0.0,0.0,1.6964,1.3408,2.0117,1.31,0.0445,0.0271,0.5503,3.1628,0.1131,4.9809,1.3800000000000001,0.8300000000000001,18.73,107,5,169,12.6992,0.0,0.0,0.0,0,0,0,0,0.0,49,i,0,0,0
216051,Dalot,Man Utd,DEF,346,4,0,0,405.9,2699,0.0736,0.0707,1.3267,5.5456,0.1945,360,0.105,0.0575,1.455,6.25,0.0,1.6964,1.3408,2.0117,1.31,0.3318,0.3187,5.9835,25.0105,0.8774,59.597,1.9900000000000002,2.62,38.19,182,9,425,13.2144,0.42,0.22999999999999998,5.82,25,0,30,360,7.5,49,a,0,1,1
95658,Maguire,Man Utd,DEF,450,5,0,0,389.5,1739,0.042,0.0384,1.2773,8.2445,0.1818,540,0.0533,0.0567,1.31,9.6667,0.3333,1.6964,1.3408,2.0117,1.31,0.1818,0.166,5.528,35.6804,0.7866,74.5414,1.13,0.53,24.57,156,5,332,17.2239,0.32,0.34,7.859999999999999,58,2,128,540,21.3333,48,a,0,1,1
221820,Martinez,Man Utd,DEF,360,4,0,0,293.8,1319,0.0544,0.0314,1.3648,6.742,0.0873,360,0.06,0.015,1.385,7.25,0.0,1.6964,1.3408,2.0117,1.31,0.1775,0.1024,4.4553,22.0089,0.285,50.7846,0.3,0.62,16.84,109,3,247,15.5569,0.24,0.06,5.54,29,0,78,360,19.5,49,a,0,1,1
550864,Yoro,Man Utd,DEF,22,0,0,0,173.5,1730,0.0969,0.0467,1.4594,9.2208,0.0096,34,0.0,0.0,1.0588,13.2353,0.0,1.6964,1.3408,2.0117,1.31,0.1868,0.0901,2.8134,17.7757,0.0186,21.6293,1.34,0.5900000000000001,26.830000000000002,156,1,191,11.2198,0.0,0.0,0.39999999999999997,5,0,7,34,18.5294,48,a,0,0,0
606745,Heaven,Man Utd,DEF,90,1,0,0,128.8,920,0.0217,0.0088,1.1954,7.8226,0.5715,180,0.0,0.005,1.16,5.0,0.0,1.6964,1.3408,2.0117,1.31,0.031,0.0126,1.7108,11.195,0.8179,23.4973,0.34,0.18,11.95,93,3,164,16.4189,0.0,0.01,2.32,10,0,22,180,11.0,43,a,0,0,0
230001,Mazraoui,Man Utd,DEF,97,1,0,0,166.8,977,0.0173,0.0221,1.3504,8.4879,0.709,208,0.0,0.0216,1.0601,10.3846,1.2981,1.6964,1.3408,2.0117,1.31,0.032,0.041,2.5027,15.7309,1.3141,44.4551,0.19,0.35,12.99,94,6,233,23.9866,0.0,0.05,2.45,24,3,69,208,29.8558,44,d,0,0,0
106760,Shaw,Man Utd,DEF,335,4,0,0,485.4,3303,0.027,0.0633,1.3549,6.4588,0.1517,506,0.0338,0.0889,1.3411,7.2925,0.0,1.6964,1.3408,2.0117,1.31,0.1455,0.3414,7.3075,34.8343,0.8179,76.7318,0.73,2.0500000000000003,46.52,227,3,456,14.2272,0.19,0.5,7.54,41,0,99,506,17.6087,43,a,0,1,1
577974,Amass,Man Utd,DEF,0,0,0,0,0.0,0,0.0,0.0,0.0,0.0,0.0,0,0.0,0.0,0.0,0.0,0.0,1.6964,1.3408,2.0117,1.31,0.0,0.0,0.0,0.0,0.0,0.0,0.0,0.0,0.0,0,0,0,0.0,0.0,0.0,0.0,0,0,0,0,0.0,40,a,0,0,0
547676,Fredricson,Man Utd,DEF,0,0,0,0,0.1,2,0.0,0.0,20.07,133.83,0.0,0,0.0,0.0,0.0,0.0,0.0,1.6964,1.3408,2.0117,1.31,0.0,0.0,0.0223,0.1487,0.0,0.2973,0.0,0.0,0.3,2,0,4,267.57,0.0,0.0,0.0,0,0,0,0,0.0,40,u,0,0,0
141746,B.Fernandes,Man Utd,MID,450,5,0,0,493.3,3155,0.2307,0.3959,1.3615,6.8535,1.0626,540,0.115,0.4783,1.31,7.0,0.8333,1.6964,1.3408,2.0117,1.31,1.2644,2.1698,7.4626,37.5648,5.8242,159.7011,11.07,12.47,46.04,293,41,1023,29.1366,0.6900000000000001,2.87,7.859999999999999,42,5,178,540,29.6667,119,a,0,1,1
446008,Mbeumo,Man Utd,MID,450,5,0,0,398.3,2701,0.5325,0.1583,1.275,4.6863,0.3069,404,0.9379,0.1671,1.3166,4.4554,0.2228,1.6964,1.3408,2.0117,1.31,2.3565,0.7007,5.6428,20.7396,1.3582,83.3025,12.25,5.24,37.49,143,16,551,18.8231,4.21,0.75,5.91,20,1,95,404,21.1634,79,a,0,1,1
430871,Cunha,Man Utd,MID,407,5,0,0,405.3,2583,0.184,0.1828,1.3971,6.869,1.0748,345,0.2061,0.2661,1.4035,7.0435,1.3043,1.6964,1.3408,2.0117,1.31,0.8287,0.8233,6.2915,30.9336,4.8401,115.1429,6.95,3.75,37.37,214,17,623,25.5684,0.79,1.02,5.380000000000001,27,5,117,345,30.5217,79,a,0,1,1
176297,Rashford,Man Utd,MID,351,4,0,0,69.7,76,0.4736,0.1658,1.9181,2.3681,0.0,76,0.4737,0.1658,1.9184,2.3684,0.0,1.6964,1.3408,2.0117,1.31,0.3668,0.1284,1.4855,1.834,0.0,13.7551,0.4,0.14,1.62,2,0,15,17.7612,0.4,0.14,1.62,2,0,15,76,17.7632,70,d,0,1,1
184341,Mount,Man Utd,MID,10,0,1,0,119.4,1020,0.1223,0.1158,0.9396,13.923,0.0795,198,0.05,0.1,0.9455,16.8182,0.0,1.6964,1.3408,2.0117,1.31,0.1622,0.1536,1.2466,18.4712,0.1055,24.2686,1.65,1.63,12.46,103,3,204,18.2929,0.11,0.22000000000000003,2.08,37,0,39,198,17.7273,54,a,1,0,1
493250,Amad,Man Utd,MID,0,0,0,0,302.2,2339,0.1804,0.2148,1.329,6.9584,0.2006,344,0.2198,0.3192,1.3919,5.7558,0.2616,1.6964,1.3408,2.0117,1.31,0.6057,0.7211,4.4626,23.3648,0.6737,52.9176,5.46,4.74,31.689999999999998,198,7,463,15.7597,0.84,1.2200000000000002,5.32,22,1,48,344,12.5581,57,i,0,0,0
516895,Mainoo,Man Utd,MID,354,4,0,0,407.4,1732,0.0376,0.0734,1.3391,10.956,0.1432,529,0.051,0.0885,1.3372,11.3989,0.3403,1.6964,1.3408,2.0117,1.31,0.1702,0.3323,6.0618,49.5941,0.6484,86.2983,0.54,1.37,24.5,199,2,358,19.0644,0.3,0.52,7.859999999999999,67,2,127,529,21.6068,55,d,0,1,1
232112,Ugarte,Man Utd,MID,0,0,0,0,75.1,876,0.1393,0.0158,1.9219,14.5875,0.0,0,0.0,0.0,0.0,0.0,0.0,1.6964,1.3408,2.0117,1.31,0.1162,0.0132,1.6037,12.1725,0.0,16.2131,0.72,0.16,18.22,142,0,183,19.4298,0.0,0.0,0.0,0,0,0,0,0.0,50,i,0,0,0
547037,J.Fletcher,Man Utd,MID,0,0,0,0,8.2,107,0.0263,0.0176,1.564,9.1394,0.0,0,0.0,0.0,0.0,0.0,0.0,1.6964,1.3408,2.0117,1.31,0.0024,0.0016,0.1425,0.8327,0.0,0.7836,0.03,0.02,1.86,11,0,10,8.6005,0.0,0.0,0.0,0,0,0,0,0.0,49,a,0,0,0
576628,Lacey,Man Utd,MID,10,0,0,0,12.8,40,0.1322,0.0295,1.2389,6.5904,0.0,28,0.0964,0.0321,1.2857,6.4286,0.0,1.6964,1.3408,2.0117,1.31,0.0188,0.0042,0.1762,0.9373,0.0,1.0504,0.1,0.01,0.51,3,0,9,7.3856,0.03,0.01,0.4,2,0,1,28,3.2143,49,a,0,0,0
490881,Collyer,Man Utd,MID,0,0,0,0,0.0,0,0.0,0.0,0.0,0.0,0.0,0,0.0,0.0,0.0,0.0,0.0,1.6964,1.3408,2.0117,1.31,0.0,0.0,0.0,0.0,0.0,0.0,0.0,0.0,0.0,0,0,0,0.0,0.0,0.0,0.0,0,0,0,0,0.0,50,u,0,0,0
576620,Bendito Mantato,Man Utd,MID,0,0,0,0,1.2,15,0.0,0.06,0.3075,0.0,0.0,0,0.0,0.0,0.0,0.0,0.0,1.6964,1.3408,2.0117,1.31,0.0,0.0008,0.0041,0.0,0.0,0.2432,0.0,0.01,0.05,0,0,3,18.24,0.0,0.0,0.0,0,0,0,0,0.0,44,a,0,0,0
519913,Fletcher,Man Utd,MID,0,0,0,0,6.9,17,0.0,0.0183,1.7361,10.9683,0.0,16,0.0,0.0,1.7438,11.25,0.0,1.6964,1.3408,2.0117,1.31,0.0,0.0014,0.1331,0.8409,0.0,1.6703,0.0,0.01,0.33,2,0,6,21.7865,0.0,0.0,0.31,2,0,3,16,16.875,44,a,0,0,0
485711,Šeško,Man Utd,FWD,76,0,0,0,187.9,1630,0.6199,0.0134,1.54,3.1548,1.1654,132,1.1455,0.0273,1.0364,4.0909,1.3636,1.6964,1.3408,2.0117,1.31,1.2942,0.028,3.2152,6.5866,2.4331,58.5365,9.21,0.28,27.05,64,19,405,28.0377,1.68,0.04,1.52,6,2,61,132,41.5909,70,d,0,0,0
458249,Zirkzee,Man Utd,FWD,20,0,1,0,77.9,620,0.41,0.0372,1.372,6.4177,0.4479,108,0.4667,0.0167,1.4833,5.8333,0.0,1.6964,1.3408,2.0117,1.31,0.3549,0.0322,1.1875,5.5549,0.3877,18.8966,2.74,0.34,9.41,45,6,150,21.8318,0.56,0.02,1.78,7,0,16,108,13.3333,53,a,1,0,1
596047,Obi,Man Utd,FWD,0,0,0,0,0.0,0,0.0,0.0,0.0,0.0,0.0,0,0.0,0.0,0.0,0.0,0.0,1.6964,1.3408,2.0117,1.31,0.0,0.0,0.0,0.0,0.0,0.0,0.0,0.0,0.0,0,0,0,0.0,0.0,0.0,0.0,0,0,0,0,0.0,45,u,0,0,0
465694,N.Gonzalez,Newcastle,MID,164,3,0,0,136.3,1561,0.0484,0.0652,1.4404,12.1464,0.0267,164,0.0549,0.0549,1.8549,10.4268,0.0,1.5159,1.5464,1.5167,1.245,0.0733,0.0988,2.1814,18.3951,0.0405,29.408,0.68,1.12,20.35,206,1,337,19.4183,0.1,0.1,3.38,19,0,32,164,17.561,55,a,0,0,0
98747,Pope,Newcastle,GK,0,0,0,0,301.8,2416,0.0077,0.0,1.3297,0.0,0.0168,450,0.0,0.0,1.176,0.0,0.0,1.5159,1.5464,1.5167,1.245,0.0259,0.0,4.4589,0.0,0.0562,46.3199,0.16,0.0,32.89,0,3,414,13.8131,0.0,0.0,5.88,0,0,78,450,15.6,49,a,0,0,0
81441,Gillespie,Newcastle,GK,0,0,0,0,0.0,0,0.0,0.0,0.0,0.0,0.0,0,0.0,0.0,0.0,0.0,0.0,1.5159,1.5464,1.5167,1.245,0.0,0.0,0.0,0.0,0.0,0.0,0.0,0.0,0.0,0,0,0,0.0,0.0,0.0,0.0,0,0,0,0,0.0,45,a,0,0,0
554578,Jaouen,Newcastle,GK,0,0,0,0,0.0,0,0.0,0.0,0.0,0.0,0.0,0,0.0,0.0,0.0,0.0,0.0,1.5159,1.5464,1.5167,1.245,0.0,0.0,0.0,0.0,0.0,0.0,0.0,0.0,0.0,0,0,0,0.0,0.0,0.0,0.0,0,0,0,0,0.0,44,d,0,0,0
465642,Thiaw,Newcastle,DEF,450,5,0,0,497.8,3053,0.1353,0.022,1.5972,9.0349,0.1976,540,0.1367,0.01,1.245,8.0,0.0,1.5159,1.5464,1.5167,1.245,0.7484,0.1216,8.8341,49.9728,1.0931,66.6406,4.8,0.97,50.8,305,12,449,12.0483,0.82,0.06,7.470000000000001,48,0,67,540,11.1667,50,a,0,1,1
119471,Schär,Newcastle,DEF,25,0,1,0,79.0,1113,0.0797,0.0517,2.0528,14.1049,0.0,24,0.0,0.0375,4.05,26.25,0.0,1.5159,1.5464,1.5167,1.245,0.07,0.0454,1.8019,12.381,0.0,9.8286,0.97,0.6100000000000001,14.93,122,0,187,11.1971,0.0,0.01,1.08,7,0,1,24,3.75,49,a,1,0,1
220237,Botman,Newcastle,DEF,450,5,0,0,390.8,1924,0.0769,0.0428,1.4803,13.4299,0.1173,540,0.0483,0.07,1.245,15.0,0.0,1.5159,1.5464,1.5167,1.245,0.3339,0.1857,6.4277,58.3154,0.5092,61.4543,1.78,0.86,29.17,234,6,344,14.1527,0.29000000000000004,0.42,7.470000000000001,90,0,86,540,14.3333,50,a,0,1,1
78916,Burn,Newcastle,DEF,0,0,0,0,270.5,2195,0.0866,0.0089,1.5077,9.2108,0.0518,368,0.0685,0.0098,1.2302,7.8261,0.0,1.5159,1.5464,1.5167,1.245,0.2603,0.0267,4.5314,27.6836,0.1558,32.1325,1.08,0.36,30.15,225,5,286,10.691,0.28,0.04,5.03,32,0,54,368,13.2065,48,i,0,0,0
487838,Hall,Newcastle,DEF,449,5,0,0,416.8,2266,0.0713,0.106,1.6578,7.1306,0.6673,382,0.0825,0.0825,1.4065,7.0681,0.7068,1.5159,1.5464,1.5167,1.245,0.3302,0.4911,7.6773,33.0224,3.0904,80.3756,1.2,2.89,39.31,183,7,385,17.3556,0.35,0.35,5.970000000000001,30,3,74,382,17.4346,53,a,0,1,1
441191,Livramento,Newcastle,DEF,33,0,0,0,108.8,1326,0.0068,0.0766,1.9299,4.2354,0.0423,0,0.0,0.0,0.0,0.0,0.0,1.5159,1.5464,1.5167,1.245,0.0082,0.0926,2.333,5.1201,0.0511,15.7961,0.13,0.89,18.62,68,3,252,13.0666,0.0,0.0,0.0,0,0,0,0,0.0,49,d,0,0,0
545477,A.Murphy,Newcastle,DEF,0,0,0,0,2.6,7,0.0,0.0,4.3685,47.9873,0.0,6,0.0,0.0,3.3,45.0,0.0,1.5159,1.5464,1.5167,1.245,0.0,0.0,0.1262,1.3863,0.0,1.5568,0.0,0.0,0.49,4,0,3,53.8892,0.0,0.0,0.22,3,0,4,6,60.0,40,u,0,0,0
201666,Barnes,Newcastle,MID,450,5,0,0,338.0,2041,0.2333,0.1138,1.6243,5.4404,0.4722,284,0.2694,0.1838,1.3405,5.0704,0.6338,1.5159,1.5464,1.5167,1.245,0.8763,0.4274,6.1003,20.4316,1.7734,80.2597,6.95,2.83,31.89,109,10,383,21.3709,0.85,0.58,4.23,16,2,112,284,35.493,61,a,0,1,1
449434,Elanga,Newcastle,MID,232,3,0,0,141.9,1302,0.1097,0.139,1.7519,4.1389,0.0,33,0.5727,0.0818,1.8273,5.4545,0.0,1.5159,1.5464,1.5167,1.245,0.173,0.2191,2.7622,6.5256,0.0,20.2731,1.65,1.74,21.11,55,0,179,12.8582,0.21,0.03,0.6699999999999999,2,0,8,33,21.8182,61,i,0,0,0
232653,J.Ramsey,Newcastle,MID,69,0,0,0,254.0,1441,0.0624,0.0966,1.6637,9.5569,0.3307,300,0.024,0.144,1.131,11.4,0.6,1.5159,1.5464,1.5167,1.245,0.1761,0.2727,4.6953,26.9718,0.9332,61.8387,1.2,1.45,27.24,149,3,303,21.9114,0.08,0.48,3.77,38,2,91,300,27.3,48,i,0,0,0
114243,J.Murphy,Newcastle,MID,181,2,0,0,286.9,1696,0.0634,0.088,1.6024,6.6118,0.3275,342,0.0132,0.0816,1.2711,6.5789,0.7895,1.5159,1.5464,1.5167,1.245,0.2021,0.2805,5.1081,21.0769,1.0439,47.1069,3.1,2.73,25.94,98,5,326,14.7773,0.05,0.31,4.83,25,3,61,342,16.0526,59,a,0,1,1
180974,Joelinton,Newcastle,MID,0,0,0,0,217.6,1950,0.1144,0.0655,1.5162,11.1519,0.067,180,0.135,0.1,1.315,12.0,0.0,1.5159,1.5464,1.5167,1.245,0.2766,0.1584,3.6659,26.9627,0.1621,31.0635,2.36,1.35,28.75,238,2,304,12.848,0.27,0.2,2.63,24,0,23,180,11.5,54,i,0,0,0
547719,L.Miley,Newcastle,MID,396,5,0,0,258.4,1583,0.0372,0.0712,1.5547,11.1772,0.1682,270,0.0,0.0333,1.2033,10.6667,0.0,1.5159,1.5464,1.5167,1.245,0.1069,0.2043,4.4637,32.0911,0.483,51.8019,1.36,2.14,22.81,171,5,353,18.0425,0.0,0.1,3.6100000000000003,32,0,43,270,14.3333,55,d,0,1,1
200089,Willock,Newcastle,MID,284,3,0,0,265.1,1058,0.134,0.1026,1.5913,6.7825,0.9339,365,0.1529,0.1159,1.3241,4.6849,0.7397,1.5159,1.5464,1.5167,1.245,0.3946,0.3022,4.6872,19.9781,2.751,67.1267,1.43,1.1099999999999999,19.29,95,3,204,22.7891,0.62,0.47000000000000003,5.37,19,3,90,365,22.1918,50,a,0,1,1
611665,Touré,Newcastle,MID,50,0,1,0,14.7,16,0.0,0.0,3.3686,11.2286,0.0,16,0.0,0.0,3.375,11.25,0.0,1.5159,1.5464,1.5167,1.245,0.0,0.0,0.5502,1.834,0.0,1.834,0.0,0.0,0.6,2,0,2,11.2286,0.0,0.0,0.6,2,0,2,16,11.25,58,a,1,0,1
636852,Steur,Newcastle,MID,223,2,0,0,59.6,65,0.0,0.0415,0.72,9.6931,0.0,65,0.0,0.0415,0.72,9.6923,0.0,1.5159,1.5464,1.5167,1.245,0.0,0.0275,0.4768,6.419,0.0,16.5061,0.0,0.03,0.52,7,0,18,24.9253,0.0,0.03,0.52,7,0,18,65,24.9231,49,a,0,1,1
470313,Woltemade,Newcastle,FWD,19,0,0,0,214.9,1896,0.1669,0.1243,1.2857,5.3637,0.4937,226,0.0796,0.2708,1.1071,4.7788,0.7965,1.5159,1.5464,1.5167,1.245,0.3986,0.2968,3.0699,12.8073,1.1788,47.9392,6.59,1.53,25.67,105,12,399,20.0769,0.2,0.6799999999999999,2.78,12,2,63,226,25.0885,59,u,0,0,0
216646,Wissa,Newcastle,FWD,441,5,0,0,158.2,607,0.7533,0.0338,1.7877,4.4063,0.0,184,0.988,0.0098,1.7413,3.913,0.0,1.5159,1.5464,1.5167,1.245,1.3242,0.0595,3.1423,7.7453,0.0,9.4685,3.97,0.55,11.56,27,0,70,5.3866,2.02,0.02,3.56,8,0,6,184,2.9348,62,a,0,1,1
538207,Osula,Newcastle,FWD,55,1,0,0,187.4,805,0.5631,0.0934,1.5718,3.1218,1.8407,351,0.5795,0.1333,1.0026,2.0513,1.5385,1.5159,1.5464,1.5167,1.245,1.1725,0.1945,3.2729,6.5002,3.8327,68.0308,4.28,0.62,14.48,31,13,284,32.6722,2.26,0.52,3.91,8,6,112,351,28.7179,58,i,0,0,0
599303,Neave,Newcastle,FWD,0,0,0,0,5.5,13,0.2062,0.0,2.5462,0.0,0.0,13,0.2077,0.0,2.5615,0.0,0.0,1.5159,1.5464,1.5167,1.245,0.0126,0.0,0.1556,0.0,0.0,0.8409,0.03,0.0,0.37,0,0,2,13.7602,0.03,0.0,0.37,0,0,2,13,13.8462,45,u,0,0,0
632794,Bamba,Newcastle,MID,27,0,1,0,2.8,3,0.0,0.0,4.1271,117.9,0.0,3,0.0,0.0,4.2,120.0,0.0,1.5159,1.5464,1.5167,1.245,0.0,0.0,0.1284,3.668,0.0,2.751,0.0,0.0,0.14,4,0,3,88.425,0.0,0.0,0.14,4,0,3,3,90.0,49,a,1,0,1
470551,Horníček,Newcastle,GK,450,5,0,0,82.5,90,0.0,0.0,1.5905,0.0,0.0,90,0.0,0.0,1.59,0.0,0.0,1.5159,1.5464,1.5167,1.245,0.0,0.0,1.458,0.0,0.0,12.8381,0.0,0.0,1.59,0,0,14,14.0052,0.0,0.0,1.59,0,0,14,90,14.0,50,a,0,1,1
463726,Dedić,Newcastle,DEF,327,4,0,0,0.0,0,0.0,0.0,0.0,0.0,0.0,0,0.0,0.0,0.0,0.0,0.0,1.5159,1.5464,1.5167,1.245,0.0,0.0,0.0,0.0,0.0,0.0,0.0,0.0,0.0,0,0,0,0.0,0.0,0.0,0.0,0,0,0,0,0.0,45,i,0,0,0
553746,Shahar,Newcastle,DEF,0,0,0,0,0.0,0,0.0,0.0,0.0,0.0,0.0,0,0.0,0.0,0.0,0.0,0.0,1.5159,1.5464,1.5167,1.245,0.0,0.0,0.0,0.0,0.0,0.0,0.0,0.0,0.0,0,0,0,0.0,0.0,0.0,0.0,0,0,0,0,0.0,40,u,0,0,0
613221,Fernandez-Pardo,Newcastle,FWD,157,2,0,0,66.9,73,0.0617,0.0,1.2213,2.4673,0.0,73,0.0616,0.0,1.2205,2.4658,0.0,1.5159,1.5464,1.5167,1.245,0.0459,0.0,0.9078,1.834,0.0,6.419,0.05,0.0,0.99,2,0,7,8.6354,0.05,0.0,0.99,2,0,7,73,8.6301,60,a,0,1,1
665243,Miley,Newcastle,MID,0,0,0,0,0.0,0,0.0,0.0,0.0,0.0,0.0,0,0.0,0.0,0.0,0.0,0.0,1.5159,1.5464,1.5167,1.245,0.0,0.0,0.0,0.0,0.0,0.0,0.0,0.0,0.0,0,0,0,0.0,0.0,0.0,0.0,0,0,0,0,0.0,45,a,0,0,0
578512,Pivas,Newcastle,DEF,0,0,0,0,0.0,0,0.0,0.0,0.0,0.0,0.0,0,0.0,0.0,0.0,0.0,0.0,1.5159,1.5464,1.5167,1.245,0.0,0.0,0.0,0.0,0.0,0.0,0.0,0.0,0.0,0,0,0,0.0,0.0,0.0,0.0,0,0,0,0,0.0,40,a,0,0,0
601767,Salia,Newcastle,FWD,0,0,0,0,0.0,0,0.0,0.0,0.0,0.0,0.0,0,0.0,0.0,0.0,0.0,0.0,1.5159,1.5464,1.5167,1.245,0.0,0.0,0.0,0.0,0.0,0.0,0.0,0.0,0.0,0,0,0,0.0,0.0,0.0,0.0,0,0,0,0,0.0,45,a,0,0,0
655585,Mills,Newcastle,MID,0,0,0,0,0.0,0,0.0,0.0,0.0,0.0,0.0,0,0.0,0.0,0.0,0.0,0.0,1.5159,1.5464,1.5167,1.245,0.0,0.0,0.0,0.0,0.0,0.0,0.0,0.0,0.0,0,0,0,0.0,0.0,0.0,0.0,0,0,0,0,0.0,45,a,0,0,0
671875,Thompson,Newcastle,MID,0,0,0,0,0.0,0,0.0,0.0,0.0,0.0,0.0,0,0.0,0.0,0.0,0.0,0.0,1.5159,1.5464,1.5167,1.245,0.0,0.0,0.0,0.0,0.0,0.0,0.0,0.0,0.0,0,0,0,0.0,0.0,0.0,0.0,0,0,0,0,0.0,45,a,0,0,0
463034,Delap,Nott'm Forest,FWD,277,3,0,0,245.4,1182,0.2557,0.0802,1.2245,5.0523,0.0354,228,0.1618,0.0908,1.3303,4.3421,0.0,1.2872,1.4297,1.4983,1.7533,0.6972,0.2187,3.3388,13.776,0.0964,20.9545,4.67,0.44,17.34,50,1,132,7.685,0.41000000000000003,0.22999999999999998,3.37,11,0,7,228,2.7632,56,a,0,1,1
247348,Muñoz,Nott'm Forest,DEF,257,3,0,0,393.4,2482,0.0784,0.1088,1.2793,6.6465,0.1841,523,0.0533,0.0964,1.504,6.0229,0.1721,1.2872,1.4297,1.4983,1.7533,0.3428,0.4754,5.5918,29.0528,0.8049,54.5198,2.57,3.96,34.95,199,9,474,12.4728,0.31,0.5599999999999999,8.74,35,1,53,523,9.1205,54,a,0,1,1
85633,Sels,Nott'm Forest,GK,450,5,0,0,443.0,2757,0.0,0.0005,1.4426,0.0,0.0641,540,0.0,0.0,1.7533,0.0,0.0,1.2872,1.4297,1.4983,1.7533,0.0,0.0023,7.1009,0.0,0.3153,75.9248,0.0,0.06,45.79,0,3,441,15.4249,0.0,0.0,10.52,0,0,104,540,17.3333,50,a,0,1,1
221389,John,Nott'm Forest,GK,0,0,0,0,32.5,437,0.0,0.0,1.3107,0.0,0.0,0,0.0,0.0,0.0,0.0,0.0,1.2872,1.4297,1.4983,1.7533,0.0,0.0,0.4733,0.0,0.0,2.0254,0.0,0.0,6.13,0,0,32,5.6088,0.0,0.0,0.0,0,0,0,0,0.0,45,a,0,0,0
215136,N.Williams,Nott'm Forest,DEF,450,5,0,0,482.5,3293,0.0564,0.1336,1.4062,6.3467,0.3804,495,0.0418,0.0691,1.8509,7.4545,0.0,1.2872,1.4297,1.4983,1.7533,0.3021,0.7161,7.5389,34.0256,2.0392,84.1385,2.1,4.18,52.03,249,15,550,15.6942,0.23,0.38,10.18,41,0,68,495,12.3636,50,a,0,1,1
485047,Morato,Nott'm Forest,DEF,0,0,0,0,203.7,1340,0.134,0.0132,1.9767,10.0426,0.0232,400,0.1102,0.0158,2.1398,9.45,0.0,1.2872,1.4297,1.4983,1.7533,0.3033,0.0299,4.474,22.7297,0.0526,29.2269,1.32,0.15000000000000002,24.34,144,1,190,12.9132,0.49,0.07,9.51,42,0,42,400,9.45,50,u,0,0,0
227444,Milenković,Nott'm Forest,DEF,270,3,0,0,424.4,3375,0.0106,0.0259,1.5488,8.5954,0.0598,405,0.0044,0.0489,1.9378,10.2222,0.0,1.2872,1.4297,1.4983,1.7533,0.0499,0.122,7.3033,40.5323,0.2818,55.3508,0.83,0.68,54.98,311,2,401,11.7379,0.02,0.22,8.72,46,0,48,405,10.6667,54,i,0,0,0
575476,Murillo,Nott'm Forest,DEF,449,5,0,0,299.2,2220,0.0445,0.031,1.1564,9.7558,0.0399,90,0.07,0.08,0.67,11.0,0.0,1.2872,1.4297,1.4983,1.7533,0.1481,0.103,3.8445,32.4327,0.1326,49.9019,0.8,0.55,33.66,234,3,349,15.0106,0.07,0.08,0.67,11,0,16,90,16.0,55,a,0,1,1
159506,Aina,Nott'm Forest,DEF,306,4,0,0,235.5,1587,0.0245,0.0368,1.2693,7.4465,0.3051,90,0.05,0.01,0.7,9.0,0.0,1.2872,1.4297,1.4983,1.7533,0.064,0.0964,3.3214,19.485,0.7984,45.6675,0.41000000000000003,0.8400000000000001,25.31,130,5,264,17.4525,0.05,0.01,0.7,9,0,31,90,31.0,44,a,0,0,0
575458,Jair Cunha,Nott'm Forest,DEF,360,4,0,0,210.9,604,0.038,0.0137,1.2206,7.8685,0.0,342,0.0395,0.0184,1.3816,7.6316,0.0,1.2872,1.4297,1.4983,1.7533,0.0891,0.032,2.8602,18.4385,0.0,16.407,0.29000000000000004,0.07,11.02,55,0,53,7.0016,0.15,0.07,5.25,29,0,29,342,7.6316,45,a,0,1,1
500151,Savona,Nott'm Forest,DEF,0,0,0,0,49.6,1025,0.1022,0.0443,1.2518,4.6384,0.0,0,0.0,0.0,0.0,0.0,0.0,1.2872,1.4297,1.4983,1.7533,0.0563,0.0244,0.6899,2.5563,0.0,6.2049,1.34,0.45,15.04,57,0,131,11.2589,0.0,0.0,0.0,0,0,0,0,0.0,45,i,0,0,0
204822,O.Richards,Nott'm Forest,DEF,0,0,0,0,0.0,0,0.0,0.0,0.0,0.0,0.0,0,0.0,0.0,0.0,0.0,0.0,1.2872,1.4297,1.4983,1.7533,0.0,0.0,0.0,0.0,0.0,0.0,0.0,0.0,0.0,0,0,0,0.0,0.0,0.0,0.0,0,0,0,0,0.0,40,a,0,0,0
549067,Abbott,Nott'm Forest,DEF,0,0,0,0,27.4,165,0.0,0.0046,1.6,5.8559,0.0,45,0.0,0.0,0.68,6.0,0.0,1.2872,1.4297,1.4983,1.7533,0.0,0.0014,0.4871,1.7828,0.0,0.3897,0.0,0.01,3.4699999999999998,13,0,3,1.28,0.0,0.0,0.34,3,0,2,45,4.0,40,u,0,0,0
470315,Netz,Nott'm Forest,DEF,27,0,1,0,122.7,360,0.0,0.0616,2.071,6.6605,0.0,312,0.0,0.0202,2.2558,7.5,0.0,1.2872,1.4297,1.4983,1.7533,0.0,0.084,2.8235,9.0805,0.0,14.2202,0.0,0.43,7.87,27,0,38,10.4305,0.0,0.07,7.82,26,0,30,312,8.6538,44,a,1,0,1
538638,Bindon,Nott'm Forest,DEF,0,0,0,0,0.0,0,0.0,0.0,0.0,0.0,0.0,0,0.0,0.0,0.0,0.0,0.0,1.2872,1.4297,1.4983,1.7533,0.0,0.0,0.0,0.0,0.0,0.0,0.0,0.0,0.0,0,0,0,0.0,0.0,0.0,0.0,0,0,0,0,0.0,40,u,0,0,0
222531,Gibbs-White,Nott'm Forest,MID,450,5,0,0,454.1,3191,0.3243,0.1505,1.328,4.7287,0.6668,380,0.3434,0.2676,1.6437,5.4474,0.9474,1.2872,1.4297,1.4983,1.7533,1.6361,0.7592,6.7004,23.8591,3.3646,132.8585,10.81,3.31,50.37,180,18,737,26.3318,1.45,1.1300000000000001,6.94,23,4,140,380,33.1579,80,a,0,1,1
209046,Hudson-Odoi,Nott'm Forest,MID,1,0,0,0,173.4,1838,0.1296,0.1807,1.4655,5.2903,0.3857,0,0.0,0.0,0.0,0.0,0.0,1.2872,1.4297,1.4983,1.7533,0.2497,0.3482,2.8235,10.1926,0.7432,36.0498,2.77,3.02,30.88,106,8,358,18.711,0.0,0.0,0.0,0,0,0,0,0.0,58,a,0,0,0
456512,Ndoye,Nott'm Forest,MID,316,5,0,0,114.1,1225,0.2011,0.0973,1.0839,4.7724,0.0562,58,0.3103,0.0776,0.9776,1.5517,0.0,1.2872,1.4297,1.4983,1.7533,0.255,0.1234,1.3742,6.0503,0.0712,13.1492,1.25,1.5599999999999998,16.59,97,4,181,10.3718,0.2,0.05,0.63,1,0,3,58,4.6552,55,a,0,1,1
503301,Hutchinson,Nott'm Forest,MID,0,0,0,0,255.8,1676,0.0634,0.186,1.3069,6.7092,0.0666,248,0.0544,0.2685,1.9669,6.8952,0.0,1.2872,1.4297,1.4983,1.7533,0.1803,0.5286,3.7145,19.0691,0.1892,46.8144,2.01,3.87,24.42,129,3,329,16.4711,0.15,0.74,5.42,19,0,50,248,18.1452,54,u,0,0,0
476887,Bakwa,Nott'm Forest,MID,0,0,0,0,90.6,549,0.0584,0.1501,1.9649,4.4324,0.3221,162,0.0222,0.1611,2.2222,2.7778,0.5556,1.2872,1.4297,1.4983,1.7533,0.0588,0.1511,1.978,4.4619,0.3242,18.1501,0.54,1.01,10.94,35,1,100,18.0299,0.04,0.29,4.0,5,1,40,162,22.2222,55,u,0,0,0
432714,McAtee,Nott'm Forest,MID,416,5,0,0,121.2,370,0.183,0.0813,1.4271,8.3026,0.0,197,0.169,0.1051,1.7406,10.5076,0.0,1.2872,1.4297,1.4983,1.7533,0.2464,0.1095,1.9218,11.1809,0.0,27.8174,0.39,0.41,8.01,36,0,77,20.6565,0.37,0.23,3.81,23,0,45,197,20.5584,55,a,0,1,1
250199,Dominguez,Nott'm Forest,MID,1,0,0,0,173.1,1168,0.1248,0.069,2.001,12.6917,0.1504,229,0.1258,0.059,1.9651,13.7555,0.0,1.2872,1.4297,1.4983,1.7533,0.2401,0.1328,3.8485,24.4103,0.2892,38.6103,1.47,0.77,23.21,143,3,229,20.0747,0.32,0.15000000000000002,4.999999999999999,35,0,41,229,16.1135,49,a,0,0,0
210462,I.Sangaré,Nott'm Forest,MID,105,1,1,0,276.8,2080,0.0277,0.0661,1.4211,12.7183,0.0406,136,0.0,0.0397,1.939,19.1912,0.0,1.2872,1.4297,1.4983,1.7533,0.0853,0.2032,4.3708,39.1158,0.125,47.8012,1.16,1.8,33.17,267,2,369,15.5423,0.0,0.06,2.93,29,0,29,136,19.1912,48,a,1,0,1
204968,Yates,Nott'm Forest,MID,0,0,0,0,94.4,602,0.1285,0.0665,1.5365,11.5708,0.0,183,0.1328,0.0738,1.7262,13.2787,0.0,1.2872,1.4297,1.4983,1.7533,0.1348,0.0697,1.6116,12.1365,0.0,17.5102,0.49,0.37,8.56,69,0,123,16.694,0.27,0.15000000000000002,3.51,27,0,21,183,10.3279,45,a,0,0,0
60689,Wood,Nott'm Forest,FWD,62,0,1,0,146.3,913,0.3475,0.0485,1.5513,3.3395,0.2143,275,0.3796,0.0589,1.8393,4.5818,0.3273,1.2872,1.4297,1.4983,1.7533,0.5648,0.0789,2.5217,5.4286,0.3484,24.3394,4.29,0.32,14.48,29,4,149,14.973,1.16,0.18,5.62,14,1,56,275,18.3273,58,a,1,0,1
482973,Igor Jesus,Nott'm Forest,FWD,257,2,1,0,366.4,2324,0.2749,0.04,1.4345,5.4735,0.5888,397,0.3673,0.0249,1.7479,6.5743,0.6801,1.2872,1.4297,1.4983,1.7533,1.119,0.1627,5.8399,22.2832,2.3972,76.5371,6.64,1.27,38.81,126,13,411,18.8001,1.6199999999999999,0.11,7.71,29,3,101,397,22.8967,58,a,1,0,1
465680,Kalimuendo,Nott'm Forest,FWD,1,0,0,0,2.8,89,0.5207,0.0161,1.1796,7.785,0.0,0,0.0,0.0,0.0,0.0,0.0,1.2872,1.4297,1.4983,1.7533,0.0162,0.0005,0.0367,0.2422,0.0,1.0479,0.43999999999999995,0.02,1.57,6,0,24,33.6825,0.0,0.0,0.0,0,0,0,0,0.0,54,a,0,0,0
204561,Schlager,Nott'm Forest,MID,376,4,0,0,82.5,90,0.0501,0.1,0.6703,7.0025,0.0,90,0.05,0.1,0.67,7.0,0.0,1.2872,1.4297,1.4983,1.7533,0.0459,0.0917,0.6144,6.419,0.0,14.6721,0.05,0.1,0.67,7,0,16,16.0059,0.05,0.1,0.67,7,0,16,90,16.0,50,a,0,1,1
568420,Diomande,Nott'm Forest,DEF,163,2,0,0,66.0,72,0.0626,0.0125,0.7878,6.2523,0.0,72,0.0625,0.0125,0.7875,6.25,0.0,1.2872,1.4297,1.4983,1.7533,0.0459,0.0092,0.5777,4.585,0.0,3.668,0.05,0.01,0.63,5,0,4,5.0018,0.05,0.01,0.63,5,0,4,72,5.0,54,a,0,1,1
428971,Benda,Nott'm Forest,GK,0,0,0,0,0.0,0,0.0,0.0,0.0,0.0,0.0,0,0.0,0.0,0.0,0.0,0.0,1.2872,1.4297,1.4983,1.7533,0.0,0.0,0.0,0.0,0.0,0.0,0.0,0.0,0.0,0,0,0,0.0,0.0,0.0,0.0,0,0,0,0,0.0,45,a,0,0,0
469142,Van Hecke,Spurs,DEF,450,5,0,0,496.4,3300,0.1572,0.0932,1.1942,9.2189,0.1279,450,0.258,0.104,1.372,8.8,0.0,1.2197,1.2199,1.2683,0.76,0.867,0.5142,6.5869,50.8476,0.7057,91.3798,3.66,1.87,47.43,326,8,592,16.5677,1.29,0.52,6.86,44,0,59,450,11.8,49,d,0,1,1
109646,Tosin,Spurs,DEF,5,0,0,0,53.7,788,0.0074,0.0427,1.8416,11.3162,0.1482,45,0.0,0.0,2.18,6.0,0.0,1.2197,1.2199,1.2683,0.76,0.0044,0.0255,1.0988,6.752,0.0884,8.3258,0.11,0.4,13.25,97,2,130,13.9539,0.0,0.0,1.09,3,0,1,45,2.0,44,a,0,0,0
438234,Marmoush,Spurs,FWD,339,4,0,0,189.4,781,0.1919,0.052,1.0893,4.2688,0.2962,215,0.2428,0.0544,1.0465,4.6047,0.4186,1.2197,1.2199,1.2683,0.76,0.4038,0.1095,2.2923,8.9835,0.6233,40.2367,2.8000000000000003,0.81,9.08,43,5,190,19.1199,0.5800000000000001,0.13,2.5,11,1,68,215,28.4651,70,a,0,1,1
510281,Sávio,Spurs,MID,240,3,0,0,203.7,907,0.3087,0.1572,1.3532,4.9546,0.1562,305,0.2597,0.1446,1.4695,3.8361,0.2951,1.2197,1.2199,1.2683,0.76,0.6988,0.3558,3.0627,11.2138,0.3536,47.7089,2.79,1.76,12.4,64,1,169,21.079,0.8799999999999999,0.49,4.98,13,1,68,305,20.0656,65,a,0,1,1
432422,Tonali,Spurs,MID,427,5,0,0,381.3,2617,0.0599,0.131,1.4176,9.5302,0.0479,405,0.04,0.1333,1.0089,9.7778,0.0,1.2197,1.2199,1.2683,0.76,0.2537,0.555,6.0059,40.3762,0.2031,72.7714,1.81,3.08,37.29,268,2,495,17.1766,0.18,0.6,4.54,44,0,77,405,17.1111,53,a,0,1,1
184254,Vicario,Spurs,GK,0,0,0,0,231.7,2790,0.0,0.002,1.6501,0.0,0.0651,0,0.0,0.0,0.0,0.0,0.0,1.2197,1.2199,1.2683,0.76,0.0,0.0051,4.248,0.0,0.1677,25.5241,0.0,0.04,46.21,0,6,412,9.9144,0.0,0.0,0.0,0,0,0,0,0.0,45,u,0,0,0
214572,Austin,Spurs,GK,0,0,0,0,0.0,0,0.0,0.0,0.0,0.0,0.0,0,0.0,0.0,0.0,0.0,0.0,1.2197,1.2199,1.2683,0.76,0.0,0.0,0.0,0.0,0.0,0.0,0.0,0.0,0.0,0,0,0,0.0,0.0,0.0,0.0,0,0,0,0,0.0,40,a,0,0,0
485055,Kinsky,Spurs,GK,450,5,0,0,289.9,720,0.0,0.0,0.8757,0.0,0.0,540,0.0,0.0,0.76,0.0,0.0,1.2197,1.2199,1.2683,0.76,0.0,0.0,2.8207,0.0,0.0,30.0278,0.0,0.0,6.71,0,0,81,9.3222,0.0,0.0,4.5600000000000005,0,0,66,540,11.0,45,a,0,1,1
67089,Dubravka,Spurs,GK,0,0,0,0,332.4,3150,0.0,0.0009,2.0549,0.0,0.1368,90,0.0,0.0,1.64,0.0,0.0,1.2197,1.2199,1.2683,0.76,0.0,0.0032,7.5893,0.0,0.5052,43.0616,0.0,0.04,71.26,0,7,436,11.6593,0.0,0.0,1.64,0,0,13,90,13.0,40,a,0,0,0
221466,Senesi,Spurs,DEF,90,1,0,0,430.0,3288,0.039,0.094,1.5259,10.1351,0.4398,360,0.0,0.05,1.405,10.25,0.75,1.2197,1.2199,1.2683,0.76,0.1862,0.4493,7.2904,48.4231,2.1012,79.4889,1.53,4.72,54.769999999999996,419,14,571,16.6372,0.0,0.2,5.62,41,3,89,360,22.25,58,a,0,0,0
441164,Pedro Porro,Spurs,DEF,198,3,0,0,388.4,2811,0.0472,0.1498,1.0468,7.3925,0.3803,468,0.0365,0.1885,0.6615,8.6538,0.5769,1.2197,1.2199,1.2683,0.76,0.2037,0.6464,4.5177,31.9027,1.6411,71.725,1.06,4.37,37.79,219,8,506,16.6201,0.19,0.98,3.44,45,3,108,468,20.7692,54,d,0,1,1
221632,Romero,Spurs,DEF,0,0,0,0,134.8,1869,0.0696,0.0712,1.409,9.7492,0.395,0,0.0,0.0,0.0,0.0,0.0,1.2197,1.2199,1.2683,0.76,0.1042,0.1066,2.1104,14.6022,0.5916,17.9644,1.39,1.25,28.32,197,10,305,11.994,0.0,0.0,0.0,0,0,0,0,0.0,50,u,0,0,0
122798,Robertson,Spurs,DEF,366,4,0,0,275.9,1255,0.0804,0.1465,1.399,3.5201,0.1212,316,0.1139,0.1709,1.8655,3.1329,0.0,1.2197,1.2199,1.2683,0.76,0.2466,0.4492,4.2886,10.791,0.3716,45.3245,1.1,1.66,18.6,58,4,231,14.7851,0.4,0.6,6.55,11,0,49,316,13.9557,44,a,0,1,1
491279,Van de Ven,Spurs,DEF,360,4,0,0,465.8,3131,0.0351,0.0071,1.1069,5.7631,0.1055,540,0.0083,0.0067,0.76,4.3333,0.0,1.2197,1.2199,1.2683,0.76,0.1817,0.0366,5.7287,29.8272,0.5462,52.6113,2.8400000000000003,0.39,44.15,218,10,438,10.1653,0.05,0.04,4.5600000000000005,26,0,85,540,14.1667,50,a,0,1,1
232859,Spence,Spurs,DEF,0,0,0,0,219.7,2049,0.0306,0.0766,1.212,5.3703,0.274,229,0.0157,0.0118,0.7074,4.3231,0.786,1.2197,1.2199,1.2683,0.76,0.0748,0.1869,2.9587,13.1094,0.6689,30.3553,0.9,1.7699999999999998,31.419999999999998,116,3,271,12.435,0.04,0.03,1.7999999999999998,11,2,52,229,20.4367,45,u,0,0,0
487053,Udogie,Spurs,DEF,86,1,0,0,221.6,1335,0.0082,0.0366,0.955,4.6798,0.1707,331,0.0054,0.0136,0.5601,4.8943,0.2719,1.2197,1.2199,1.2683,0.76,0.0202,0.0901,2.3513,11.5227,0.4204,23.7486,0.18,0.72,19.150000000000002,68,1,121,9.6452,0.02,0.05,2.06,18,1,44,331,11.9637,44,a,0,0,0
548308,Phillips,Spurs,DEF,0,0,0,0,0.0,0,0.0,0.0,0.0,0.0,0.0,0,0.0,0.0,0.0,0.0,0.0,1.2197,1.2199,1.2683,0.76,0.0,0.0,0.0,0.0,0.0,0.0,0.0,0.0,0.0,0,0,0,0.0,0.0,0.0,0.0,0,0,0,0,0.0,45,u,0,0,0
115556,Davies,Spurs,DEF,0,0,0,0,11.5,136,0.3389,0.0485,0.7505,8.3966,0.6918,0,0.0,0.0,0.0,0.0,0.0,1.2197,1.2199,1.2683,0.76,0.0433,0.0062,0.0959,1.0729,0.0884,2.443,0.49,0.07,1.1099999999999999,14,1,29,19.1191,0.0,0.0,0.0,0,0,0,0,0.0,39,a,0,0,0
640419,Byfield,Spurs,DEF,0,0,0,0,0.1,1,0.0,0.0,0.0,0.0,0.0,0,0.0,0.0,0.0,0.0,0.0,1.2197,1.2199,1.2683,0.76,0.0,0.0,0.0,0.0,0.0,0.375,0.0,0.0,0.0,0,0,3,337.5,0.0,0.0,0.0,0,0,0,0,0.0,40,a,0,0,0
499716,Rowswell,Spurs,DEF,0,0,0,0,0.2,1,0.0,0.0,34.065,0.0,0.0,0,0.0,0.0,0.0,0.0,0.0,1.2197,1.2199,1.2683,0.76,0.0,0.0,0.0757,0.0,0.0,0.6307,0.0,0.0,0.36,0,0,3,283.815,0.0,0.0,0.0,0,0,0,0,0.0,40,a,0,0,0
616221,Souza,Spurs,DEF,0,0,0,0,26.2,142,0.0144,0.0182,1.5537,3.7652,0.0,0,0.0,0.0,0.0,0.0,0.0,1.2197,1.2199,1.2683,0.76,0.0042,0.0053,0.4523,1.0961,0.0,-0.103,0.02,0.03,2.6100000000000003,6,0,0,-0.3538,0.0,0.0,0.0,0,0,0,0,0.0,40,u,0,0,0
460842,Kudus,Spurs,MID,123,0,1,0,104.7,1580,0.1147,0.2358,1.0596,10.4954,0.2203,45,0.14,0.4,0.7,14.0,0.0,1.2197,1.2199,1.2683,0.76,0.1334,0.2743,1.2327,12.2097,0.2563,32.06,1.99,2.61,23.09,140,7,281,27.5587,0.07,0.2,0.35,7,0,24,45,48.0,65,a,1,0,1
493362,Xavi,Spurs,MID,0,0,0,0,183.2,1747,0.2153,0.2092,1.6078,7.0285,0.4752,62,0.1742,0.0435,0.3774,5.8065,0.0,1.2197,1.2199,1.2683,0.76,0.4383,0.4258,3.2727,14.3069,0.9672,39.8161,3.06,3.85,30.709999999999997,149,7,345,19.5603,0.12,0.03,0.26,4,0,10,62,14.5161,59,i,0,0,0
511499,Tel,Spurs,MID,257,3,0,0,253.9,1334,0.1383,0.2039,1.0172,7.2672,0.3735,381,0.085,0.2362,0.6449,7.3228,0.4724,1.2197,1.2199,1.2683,0.76,0.3902,0.5752,2.8696,20.5015,1.0536,43.7065,2.47,2.43,17.29,111,7,266,15.4927,0.36,1.0,2.73,31,2,64,381,15.1181,57,a,0,0,0
172780,Maddison,Spurs,MID,59,0,1,0,35.2,58,0.3477,0.1028,0.9943,19.0933,0.0,58,0.419,0.1241,1.2414,17.069,0.0,1.2197,1.2199,1.2683,0.76,0.136,0.0402,0.3889,7.4676,0.0,10.2564,0.27,0.08,0.8,11,0,14,26.2237,0.27,0.08,0.8,11,0,14,58,21.7241,63,a,1,0,1
202993,Bentancur,Spurs,MID,370,4,0,0,309.7,1963,0.0319,0.0335,0.8727,14.689,0.13,490,0.0478,0.0367,0.6778,13.9592,0.1837,1.2197,1.2199,1.2683,0.76,0.1099,0.1154,3.0031,50.5464,0.4473,60.0568,0.72,0.88,24.75,295,4,381,17.4527,0.26,0.2,3.6900000000000004,76,1,91,490,16.7143,55,a,0,1,1
550839,Odobert,Spurs,MID,0,0,0,0,65.9,972,0.1984,0.1158,1.5262,7.7261,0.6357,0,0.0,0.0,0.0,0.0,0.0,1.2197,1.2199,1.2683,0.76,0.1453,0.0848,1.1175,5.6572,0.4655,12.717,1.92,1.21,14.24,77,6,176,17.3677,0.0,0.0,0.0,0,0,0,0,0.0,55,i,0,0,0
482442,P.M.Sarr,Spurs,MID,0,0,0,0,153.1,1388,0.102,0.0734,1.7327,12.2316,0.1748,39,0.3,0.0692,1.0615,6.9231,0.0,1.2197,1.2199,1.2683,0.76,0.1735,0.1249,2.9475,20.8073,0.2973,35.8447,1.6300000000000001,1.1099999999999999,26.67,183,2,313,21.0713,0.13,0.03,0.45999999999999996,3,0,20,39,46.1538,49,u,0,0,0
232787,Gallagher,Spurs,MID,134,2,1,0,285.2,1189,0.2031,0.0409,1.1375,10.4628,0.3069,447,0.1973,0.0282,0.6362,11.0738,0.604,1.2197,1.2199,1.2683,0.76,0.6437,0.1296,3.6047,33.1555,0.9726,71.6459,1.58,0.7,19.099999999999998,128,3,235,22.6092,0.98,0.14,3.16,55,3,109,447,21.9463,53,a,1,0,1
570526,Bergvall,Spurs,MID,78,1,1,0,81.8,961,0.113,0.0411,1.6257,7.2791,0.0,43,0.1047,0.0209,1.7791,6.2791,0.0,1.2197,1.2199,1.2683,0.76,0.1027,0.0374,1.4776,6.6159,0.0,15.3181,1.23,0.44,13.73,80,0,166,16.8537,0.05,0.01,0.8500000000000001,3,0,14,43,29.3023,53,a,1,0,1
445044,Kulusevski,Spurs,MID,0,0,0,0,0.0,0,0.0,0.0,0.0,0.0,0.0,0,0.0,0.0,0.0,0.0,0.0,1.2197,1.2199,1.2683,0.76,0.0,0.0,0.0,0.0,0.0,0.0,0.0,0.0,0.0,0,0,0,0.0,0.0,0.0,0.0,0,0,0,0,0.0,65,i,0,0,0
547701,Gray,Spurs,MID,307,3,1,0,259.2,1542,0.1118,0.0772,1.5903,7.3425,0.2323,79,0.1595,0.0114,1.5608,6.8354,0.0,1.2197,1.2199,1.2683,0.76,0.3219,0.2223,4.5801,21.1464,0.6689,44.0235,1.6400000000000001,1.3,25.92,137,6,251,15.2859,0.14,0.01,1.37,6,0,16,79,18.2278,49,a,1,0,1
499721,Moore,Spurs,MID,89,1,0,0,0.0,0,0.0,0.0,0.0,0.0,0.0,0,0.0,0.0,0.0,0.0,0.0,1.2197,1.2199,1.2683,0.76,0.0,0.0,0.0,0.0,0.0,0.0,0.0,0.0,0.0,0,0,0,0.0,0.0,0.0,0.0,0,0,0,0,0.0,50,u,0,0,0
499726,Olusesi,Spurs,MID,0,0,0,0,2.9,14,0.0,0.0652,4.8941,13.0469,0.0,0,0.0,0.0,0.0,0.0,0.0,1.2197,1.2199,1.2683,0.76,0.0,0.0021,0.1577,0.4204,0.0,0.6307,0.0,0.01,0.75,2,0,3,19.5734,0.0,0.0,0.0,0,0,0,0,0.0,44,a,0,0,0
551226,Fernandes,Spurs,MID,249,3,0,0,467.4,3062,0.08,0.0912,1.4517,11.1592,0.1799,495,0.1473,0.0873,1.6436,11.6364,0.1818,1.2197,1.2199,1.2683,0.76,0.4153,0.4738,7.5394,57.9533,0.9342,92.7226,2.06,2.98,49.12,376,7,661,17.8542,0.81,0.48000000000000004,9.040000000000001,64,1,96,495,17.4545,57,a,0,1,1
154566,Solanke,Spurs,FWD,170,2,0,0,241.4,1062,0.2326,0.025,1.4881,7.0203,0.2117,104,0.1038,0.0779,0.9865,12.1154,0.0,1.2197,1.2199,1.2683,0.76,0.6239,0.0671,3.9914,18.83,0.5678,39.5314,3.09,0.33999999999999997,18.810000000000002,77,4,196,14.7383,0.12,0.09,1.1400000000000001,14,0,18,104,15.5769,58,a,0,1,1
212319,Richarlison,Spurs,FWD,67,1,0,0,261.8,1954,0.4643,0.0518,0.9758,6.5442,0.8403,392,0.489,0.0436,0.6819,5.7398,0.9184,1.2197,1.2199,1.2683,0.76,1.3505,0.1506,2.8384,19.0363,2.4442,60.2207,8.64,1.46,25.64,147,17,505,20.7023,2.13,0.19,2.9699999999999998,25,4,79,392,18.1378,59,u,0,0,0
490145,Scarlett,Spurs,FWD,0,0,0,0,0.7,7,0.0,0.1414,0.4371,14.7343,0.0,0,0.0,0.0,0.0,0.0,0.0,1.2197,1.2199,1.2683,0.76,0.0,0.0011,0.0034,0.1146,0.0,0.5207,0.0,0.01,0.03,1,0,5,66.9471,0.0,0.0,0.0,0,0,0,0,0.0,45,u,0,0,0
465920,Mudryk,Spurs,MID,16,0,0,0,0.0,0,0.0,0.0,0.0,0.0,0.0,0,0.0,0.0,0.0,0.0,0.0,1.2197,1.2199,1.2683,0.76,0.0,0.0,0.0,0.0,0.0,0.0,0.0,0.0,0.0,0,0,0,0.0,0.0,0.0,0.0,0,0,0,0,0.0,53,i,0,0,0
611917,Williams-Barnett,Spurs,MID,0,0,0,0,0.0,0,0.0,0.0,0.0,0.0,0.0,0,0.0,0.0,0.0,0.0,0.0,1.2197,1.2199,1.2683,0.76,0.0,0.0,0.0,0.0,0.0,0.0,0.0,0.0,0.0,0,0,0,0.0,0.0,0.0,0.0,0,0,0,0,0.0,45,a,0,0,0
135720,Danso,Sunderland,DEF,270,3,0,0,365.1,1579,0.0609,0.0126,1.4074,10.1742,0.0084,540,0.0667,0.0133,1.0367,9.5,0.0,1.5476,1.6159,1.4783,1.365,0.2471,0.051,5.7093,41.2732,0.0341,33.2356,0.6900000000000001,0.29000000000000004,22.97,200,1,211,8.1928,0.4,0.08,6.22,57,0,75,540,12.5,50,a,0,1,1
498016,Roefs,Sunderland,GK,450,5,0,0,464.6,3240,0.0,0.0038,1.6461,0.0,0.2079,540,0.0,0.0017,1.365,0.0,0.0,1.5476,1.6159,1.4783,1.365,0.0,0.0198,8.4974,0.0,1.0734,51.5998,0.0,0.11,52.87,0,12,565,9.9957,0.0,0.01,8.19,0,0,50,540,8.3333,49,a,0,1,1
232571,Patterson,Sunderland,GK,0,0,0,0,0.0,0,0.0,0.0,0.0,0.0,0.0,0,0.0,0.0,0.0,0.0,0.0,1.5476,1.6159,1.4783,1.365,0.0,0.0,0.0,0.0,0.0,0.0,0.0,0.0,0.0,0,0,0,0.0,0.0,0.0,0.0,0,0,0,0,0.0,40,u,0,0,0
515046,Ellborg,Sunderland,GK,0,0,0,0,56.9,270,0.0,0.0066,1.3698,0.0,0.9147,0,0.0,0.0,0.0,0.0,0.0,1.5476,1.6159,1.4783,1.365,0.0,0.0042,0.866,0.0,0.5783,12.7229,0.0,0.02,4.1,0,3,62,20.1241,0.0,0.0,0.0,0,0,0,0,0.0,44,a,0,0,0
223827,Ballard,Sunderland,DEF,450,5,0,0,299.2,2234,0.0985,0.0152,1.8355,11.7242,0.1708,203,0.0798,0.0222,1.7379,9.7537,0.0,1.5476,1.6159,1.4783,1.365,0.3276,0.0506,6.1019,38.9766,0.5677,11.5325,2.6,0.63,36.019999999999996,278,9,328,3.469,0.18000000000000002,0.05,3.92,22,0,-31,203,-13.7438,49,d,0,1,1
200834,Mukiele,Sunderland,DEF,360,4,0,0,429.5,2874,0.0646,0.124,1.6412,7.9743,0.2526,540,0.065,0.13,1.365,7.5,0.1667,1.5476,1.6159,1.4783,1.365,0.3085,0.5917,7.8323,38.0549,1.2053,60.5467,1.67,2.88,47.53,282,11,494,12.6873,0.39,0.78,8.19,45,1,68,540,11.3333,54,a,0,1,1
487676,Hume,Sunderland,DEF,206,2,1,0,383.5,3043,0.1024,0.0856,1.6048,5.5187,0.1371,429,0.0797,0.0881,1.2399,4.6154,0.0,1.5476,1.6159,1.4783,1.365,0.4364,0.3647,6.8384,23.5159,0.5844,45.1869,2.37,2.06,48.75,204,6,381,10.6045,0.38,0.42,5.91,22,0,50,429,10.4895,43,a,1,0,1
201895,Alderete,Sunderland,DEF,23,0,0,0,349.3,2797,0.0437,0.0186,1.4019,10.0498,0.0421,292,0.0771,0.0092,1.0695,8.6301,0.0,1.5476,1.6159,1.4783,1.365,0.1696,0.0721,5.4409,39.0043,0.1634,42.7365,1.6199999999999999,0.91,44.519999999999996,312,5,400,11.0114,0.25,0.030000000000000002,3.47,28,0,22,292,6.7808,48,a,0,0,0
434399,Reinildo,Sunderland,DEF,360,4,0,0,268.4,1966,0.0025,0.0342,1.17,7.1477,0.2305,386,0.0,0.0303,0.9303,6.9948,0.0,1.5476,1.6159,1.4783,1.365,0.0075,0.1019,3.4892,21.3161,0.6875,43.9896,0.13,0.62,26.72,164,6,281,14.7506,0.0,0.13,3.99,30,0,74,386,17.2539,44,a,0,0,0
519634,Seelt,Sunderland,DEF,0,0,0,0,2.4,133,0.0,0.0075,0.9075,8.0138,0.0,0,0.0,0.0,0.0,0.0,0.0,1.5476,1.6159,1.4783,1.365,0.0,0.0002,0.0242,0.2137,0.0,0.1951,0.0,0.01,1.33,12,0,11,7.3162,0.0,0.0,0.0,0,0,0,0,0.0,45,u,0,0,0
477547,Hjelde,Sunderland,DEF,0,0,0,0,0.0,0,0.0,0.0,0.0,0.0,0.0,0,0.0,0.0,0.0,0.0,0.0,1.5476,1.6159,1.4783,1.365,0.0,0.0,0.0,0.0,0.0,0.0,0.0,0.0,0.0,0,0,0,0.0,0.0,0.0,0.0,0,0,0,0,0.0,40,u,0,0,0
167512,O'Nien,Sunderland,DEF,66,1,0,0,156.4,565,0.0333,0.0189,1.3891,6.9912,0.2419,157,0.0745,0.0057,1.0892,8.5987,0.5732,1.5476,1.6159,1.4783,1.365,0.0579,0.0329,2.4139,12.1492,0.4204,25.6058,0.15000000000000002,0.13,9.24,43,1,90,14.7348,0.13,0.01,1.9,15,1,32,157,18.3439,39,a,0,0,0
105717,Masuaku,Sunderland,DEF,0,0,0,0,3.4,125,0.0476,0.0609,1.5274,7.0915,0.0,0,0.0,0.0,0.0,0.0,0.0,1.5476,1.6159,1.4783,1.365,0.0018,0.0023,0.0577,0.2679,0.0,0.0938,0.07,0.08,2.09,10,0,4,2.4829,0.0,0.0,0.0,0,0,0,0,0.0,40,u,0,0,0
93605,Meunier,Sunderland,DEF,396,5,0,0,71.5,78,0.0,0.5195,1.5467,4.6171,0.0,78,0.0,0.5192,1.5462,4.6154,0.0,1.5476,1.6159,1.4783,1.365,0.0,0.4127,1.2288,3.668,0.0,4.585,0.0,0.45,1.34,4,0,5,5.7713,0.0,0.45,1.34,4,0,5,78,5.7692,45,a,0,1,1
484420,E.Le Fée,Sunderland,MID,438,5,0,0,475.5,3020,0.1132,0.3172,1.6269,8.9106,0.6535,540,0.0967,0.38,1.365,8.6667,1.0,1.5476,1.6159,1.4783,1.365,0.5982,1.6757,8.5957,47.0778,3.4527,128.9144,5.22,6.470000000000001,49.32,322,16,654,24.4002,0.58,2.2800000000000002,8.19,52,6,155,540,25.8333,57,a,0,1,1
547027,Diarra,Sunderland,MID,28,0,0,0,221.1,1403,0.2531,0.0746,1.5255,5.1418,0.1526,124,0.2032,0.1669,1.4444,6.5323,0.0,1.5476,1.6159,1.4783,1.365,0.6219,0.1833,3.7476,12.6317,0.375,37.569,3.27,0.85,21.52,79,3,209,15.2927,0.28,0.23,1.99,9,0,20,124,14.5161,53,i,0,0,0
84450,Xhaka,Sunderland,MID,450,5,0,0,448.5,2991,0.0281,0.1903,1.6408,10.6986,0.2377,540,0.0283,0.2667,1.365,10.3333,0.5,1.5476,1.6159,1.4783,1.365,0.1401,0.9484,8.1766,53.3145,1.1847,93.9212,1.01,4.11,48.5,370,8,628,18.8471,0.16999999999999998,1.6,8.19,62,3,117,540,19.5,55,a,0,1,1
577669,Sadiki,Sunderland,MID,410,5,0,0,448.1,2958,0.0755,0.0428,1.2844,7.1172,0.0,484,0.1116,0.0707,1.0116,6.5083,0.0,1.5476,1.6159,1.4783,1.365,0.376,0.2132,6.3948,35.4357,0.0,62.6235,1.47,1.47,42.41,251,0,419,12.5778,0.6,0.38,5.44,35,0,65,484,12.0868,49,a,0,1,1
535818,Adingra,Sunderland,MID,0,0,0,0,34.6,649,0.0494,0.0892,1.826,6.7404,0.5801,0,0.0,0.0,0.0,0.0,0.0,1.5476,1.6159,1.4783,1.365,0.019,0.0343,0.702,2.5913,0.223,3.9642,0.35000000000000003,0.62,11.3,45,3,81,10.3115,0.0,0.0,0.0,0,0,0,0,0.0,49,u,0,0,0
461199,Mundle,Sunderland,MID,1,0,0,0,41.6,399,0.2328,0.1077,2.065,7.4399,0.0,0,0.0,0.0,0.0,0.0,0.0,1.5476,1.6159,1.4783,1.365,0.1076,0.0498,0.9545,3.4389,0.0,3.7427,0.87,0.48,8.54,33,0,42,8.0972,0.0,0.0,0.0,0,0,0,0,0.0,49,i,0,0,0
554197,Rigg,Sunderland,MID,17,0,0,0,115.9,758,0.1176,0.1295,1.7307,6.7943,0.1781,59,0.1678,0.1068,2.2271,4.5763,0.0,1.5476,1.6159,1.4783,1.365,0.1514,0.1668,2.2287,8.7495,0.2293,26.49,0.86,0.9299999999999999,12.46,57,1,136,20.5703,0.11,0.06999999999999999,1.46,3,0,21,59,32.0339,49,a,0,0,0
549912,Talbi,Sunderland,MID,31,0,0,0,183.1,1553,0.1211,0.0894,1.3124,5.2483,0.2237,198,0.0636,0.0955,1.2455,5.0,0.0,1.5476,1.6159,1.4783,1.365,0.2463,0.1818,2.6701,10.6773,0.4551,25.4635,2.13,1.1800000000000002,22.26,92,6,248,12.5162,0.14,0.21000000000000002,2.74,11,0,15,198,6.8182,53,a,0,0,0
699989,Jocelin.T,Sunderland,MID,0,0,0,0,6.2,38,0.0,0.0944,0.5647,7.0592,0.0,0,0.0,0.0,0.0,0.0,0.0,1.5476,1.6159,1.4783,1.365,0.0,0.0065,0.0389,0.4863,0.0,0.6484,0.0,0.04,0.24,3,0,4,9.4123,0.0,0.0,0.0,0,0,0,0,0.0,50,a,0,0,0
536661,N.Angulo,Sunderland,MID,313,5,0,0,155.4,460,0.3515,0.0219,1.2881,7.3634,0.0,206,0.3189,0.0218,1.0311,6.9903,0.0,1.5476,1.6159,1.4783,1.365,0.607,0.0378,2.2241,12.7142,0.0,22.7412,1.22,0.13,8.01,39,0,56,13.1706,0.73,0.05,2.3600000000000003,16,0,29,206,12.6699,50,a,0,1,1
441264,Brobbey,Sunderland,FWD,399,5,0,0,411.9,2010,0.752,0.0367,1.6283,2.5055,0.998,477,0.7226,0.0472,1.3509,2.4528,0.7547,1.5476,1.6159,1.4783,1.365,3.4418,0.168,7.4524,11.4669,4.5676,129.3054,8.370000000000001,0.71,34.22,74,15,401,28.2532,3.83,0.25,7.16,13,4,145,477,27.3585,57,d,0,1,1
437505,Isidor,Sunderland,FWD,117,0,1,0,102.8,1170,0.4156,0.0868,2.8632,6.213,0.1464,107,0.2692,0.1766,2.5234,7.5701,0.0,1.5476,1.6159,1.4783,1.365,0.4747,0.0991,3.2704,7.0966,0.1672,36.1219,4.7,0.38,21.61,53,7,269,31.6242,0.32,0.21000000000000002,3.0,9,0,45,107,37.8505,55,a,1,0,1
638411,Methalie,Sunderland,DEF,90,1,0,0,82.5,90,0.03,0.01,2.8211,3.0011,0.0,90,0.03,0.01,2.82,3.0,0.0,1.5476,1.6159,1.4783,1.365,0.0275,0.0092,2.586,2.751,0.0,-7.336,0.03,0.01,2.82,3,0,-8,-8.0029,0.03,0.01,2.82,3,0,-8,90,-8.0,45,a,0,1,1
696104,Ahoka,Sunderland,MID,0,0,0,0,0.0,0,0.0,0.0,0.0,0.0,0.0,0,0.0,0.0,0.0,0.0,0.0,1.5476,1.6159,1.4783,1.365,0.0,0.0,0.0,0.0,0.0,0.0,0.0,0.0,0.0,0,0,0,0.0,0.0,0.0,0.0,0,0,0,0,0.0,45,a,0,0,0
549940,Fofana,Sunderland,MID,60,0,1,0,27.5,30,1.1703,0.0301,6.2123,9.0033,0.0,30,1.17,0.03,6.21,9.0,0.0,1.5476,1.6159,1.4783,1.365,0.3576,0.0092,1.8982,2.751,0.0,5.502,0.39,0.01,2.07,3,0,6,18.0065,0.39,0.01,2.07,3,0,6,30,18.0,55,a,1,0,1
661313,J.Angulo,Sunderland,FWD,0,0,0,0,0.0,0,0.0,0.0,0.0,0.0,0.0,0,0.0,0.0,0.0,0.0,0.0,1.5476,1.6159,1.4783,1.365,0.0,0.0,0.0,0.0,0.0,0.0,0.0,0.0,0.0,0,0,0,0.0,0.0,0.0,0.0,0,0,0,0,0.0,45,a,0,0,0
