assists,birth_date,bonus,bps,can_select,can_transact,chance_of_playing_next_round,chance_of_playing_this_round,clean_sheets,clean_sheets_per_90,clearances_blocks_interceptions,code,corners_and_indirect_freekicks_order,corners_and_indirect_freekicks_text,cost_change_event,cost_change_event_fall,cost_change_start,cost_change_start_fall,creativity,creativity_rank,creativity_rank_type,defensive_contribution,defensive_contribution_per_90,direct_freekicks_order,direct_freekicks_text,dreamteam_count,element_type,ep_next,ep_this,event_points,expected_assists,expected_assists_per_90,expected_goal_involvements,expected_goal_involvements_per_90,expected_goals,expected_goals_conceded,expected_goals_conceded_per_90,expected_goals_per_90,first_name,form,form_rank,form_rank_type,goals_conceded,goals_conceded_per_90,goals_scored,has_temporary_code,ict_index,ict_index_rank,ict_index_rank_type,id,in_dreamteam,influence,influence_rank,influence_rank_type,known_name,minutes,news,news_added,now_cost,now_cost_rank,now_cost_rank_type,opta_code,own_goals,penalties_missed,penalties_order,penalties_saved,penalties_text,photo,points_per_game,points_per_game_rank,points_per_game_rank_type,price_change_calibrating,price_change_hourly_rate,price_change_locked_until,price_change_percent,price_change_projections,recoveries,red_cards,region,removed,saves,saves_per_90,scout_news_link,scout_risks,second_name,selected_by_percent,selected_rank,selected_rank_type,special,squad_number,starts,starts_per_90,status,tackles,team,team_code,team_join_date,threat,threat_rank,threat_rank_type,total_points,transfers_in,transfers_in_event,transfers_out,transfers_out_event,value_form,value_season,web_name,yellow_cards
0,1995-09-15,3,98,True,True,None,None,3,0.75,6,154561,None,,0,0,0,0,0.2,374,4,0,0.0,None,,1,1,7.2,7.2,14,0.01,0.0,0.01,0.0,0.00,2.72,0.68,0.0,David,7.2,9,1,1,0.25,0,False,8.5,198,13,1,True,84.0,73,12,,360,,None,60,63,1,p154561,0,0,None,1,,154561.jpg,7.2,11,1,False,916,None,82.3,"[{'offset': 0, 'projected_percent': '88.9', 'likelihood': 3}, {'offset': 1, 'projected_percent': '101.1', 'likelihood': 5}, {'offset': 2, 'projected_percent': '113.3', 'likelihood': 5}]",44,0,200,False,7,1.75,,[],Raya Martín,41.1,4,1,False,None,4,1.0,a,0,1,3,2024-07-04,0.0,645,71,29,795197,234396,577681,52305,1.2,4.8,Raya,0
0,1994-10-03,0,0,True,True,None,None,0,0,0,109745,None,,0,0,-1,1,0.0,534,54,0,0,None,,0,1,0.0,0.0,0,0.00,0,0.00,0,0.00,0.00,0,0,Kepa,0.0,550,66,0,0,0,False,0.0,539,66,2,False,0.0,534,66,,0,,None,49,348,16,p109745,0,0,None,0,,109745.jpg,0.0,550,66,False,-4,None,-31.9,"[{'offset': 0, 'projected_percent': '-36.1', 'likelihood': -2}, {'offset': 1, 'projected_percent': '-44.1', 'likelihood': -3}, {'offset': 2, 'projected_percent': '-52.1', 'likelihood': -3}]",0,0,200,False,0,0,,[],Arrizabalaga Revuelta,0.1,464,53,False,None,0,0,a,0,1,3,2025-07-01,0.0,493,52,0,1354,158,3956,502,0.0,0.0,Arrizabalaga,0
0,2000-03-02,0,0,True,True,None,None,0,0,0,437495,None,,0,0,-1,1,0.0,546,56,0,0,None,,0,1,0.0,0.0,0,0.00,0,0.00,0,0.00,0.00,0,0,Illan,0.0,559,67,0,0,0,False,0.0,552,67,3,False,0.0,547,67,,0,,None,49,375,18,p437495,0,0,None,0,,437495.jpg,0.0,559,67,False,0,None,-22.9,"[{'offset': 0, 'projected_percent': '-22.9', 'likelihood': -2}, {'offset': 1, 'projected_percent': '-22.9', 'likelihood': -2}, {'offset': 2, 'projected_percent': '-22.9', 'likelihood': -2}]",0,0,73,False,0,0,,[],Meslier,0.0,543,61,False,None,0,0,a,0,1,3,2026-07-09,0.0,509,54,0,449,68,1444,185,0.0,0.0,Meslier,0
0,1997-12-19,2,84,True,True,None,None,3,0.75,29,226597,None,,0,0,0,0,8.9,252,87,32,8.0,None,,0,2,6.0,6.0,9,0.06,0.02,0.57,0.15,0.51,2.72,0.68,0.13,Gabriel,6.0,33,13,1,0.25,0,False,16.1,89,24,4,False,69.0,101,45,Gabriel Magalhães,360,,None,80,8,1,p226597,0,0,None,0,,226597.jpg,6.0,38,15,False,-364,None,-72.8,"[{'offset': 0, 'projected_percent': '-73.9', 'likelihood': -3}, {'offset': 1, 'projected_percent': '-76.1', 'likelihood': -3}, {'offset': 2, 'projected_percent': '-78.3', 'likelihood': -3}]",13,0,30,False,0,0.0,,[],dos Santos Magalhães,23.2,13,4,False,None,4,1.0,a,3,1,3,2020-09-01,84.0,33,3,24,202275,40065,818828,94749,0.8,3.0,Gabriel,2
0,2001-06-17,0,3,True,True,100,25,0,0.0,2,445122,None,,0,0,0,0,1.9,316,115,3,6.0,None,,0,2,0.2,0.1,1,0.01,0.02,0.01,0.02,0.00,1.57,3.14,0.0,Jurriën,0.2,403,143,0,0.0,0,False,0.8,362,131,5,False,6.0,329,127,Jurriën Timber,45,,2026-07-23T12:01:23.272929Z,65,39,3,p445122,0,0,None,0,,445122.jpg,1.0,384,133,False,124,None,5.8,"[{'offset': 0, 'projected_percent': '6.7', 'likelihood': 1}, {'offset': 1, 'projected_percent': '8.4', 'likelihood': 1}, {'offset': 2, 'projected_percent': '10.0', 'likelihood': 1}]",5,0,152,False,0,0.0,,[],Timber,0.3,306,114,False,None,0,0.0,a,1,1,3,2023-07-14,0.0,654,215,1,18537,16969,10057,3122,0.0,0.2,J.Timber,0
0,2001-03-24,0,0,True,True,0,0,0,0,0,462424,None,,0,0,-1,1,0.0,646,215,0,0,None,,0,2,0.0,0.0,0,0.00,0,0.00,0,0.00,0.00,0,0,William,0.0,645,215,0,0,0,False,0.0,645,215,6,False,0.0,643,215,,0,Back injury - Unknown return date,2026-07-23T12:01:23.289376Z,59,91,8,p462424,0,0,None,0,,462424.jpg,0.0,645,215,False,-8,None,-14.8,"[{'offset': 0, 'projected_percent': '-15.8', 'likelihood': -1}, {'offset': 1, 'projected_percent': '-17.8', 'likelihood': -1}, {'offset': 2, 'projected_percent': '-19.8', 'likelihood': -1}]",0,0,73,False,0,0,https://www.arsenal.com/news/arteta-issues-update-on-bruno-timber-and-saliba-aKfIr6V2lm7B?utm_source=premier-league-web&utm_medium=referral&utm_campaign=pl-referral-always-on&utm_content=home&utm_term=live-bar,[],Saliba,0.2,331,122,False,None,0,0,i,0,1,3,2019-07-25,0.0,640,214,0,3054,371,17378,1829,0.0,0.0,Saliba,0
0,2006-09-26,0,37,True,True,None,None,2,0.66,5,499169,None,,0,0,0,0,40.2,129,81,14,4.65,None,,0,3,2.2,2.2,1,0.23,0.08,0.39,0.13,0.16,1.02,0.34,0.05,Myles,2.2,164,74,1,0.33,0,False,7.0,221,101,7,False,21.6,252,105,,271,,None,55,160,98,p499169,0,0,None,0,,499169.jpg,2.2,196,84,False,-69,None,-82.6,"[{'offset': 0, 'projected_percent': '-91.1', 'likelihood': -3}, {'offset': 1, 'projected_percent': '-106.9', 'likelihood': -5}, {'offset': 2, 'projected_percent': '-122.7', 'likelihood': -5}]",8,0,241,False,0,0.0,,[],Lewis-Skelly,0.6,235,76,False,None,4,1.33,a,1,1,3,2022-12-04,16.0,175,90,9,28273,2823,43003,9342,0.4,1.6,Lewis-Skelly,0
2,2002-05-19,2,79,True,True,None,None,3,0.83,10,466075,None,,0,0,3,-3,29.0,160,48,13,3.59,None,,1,2,7.0,7.0,6,0.59,0.16,1.19,0.33,0.60,2.45,0.68,0.17,Riccardo,7.0,15,5,1,0.28,0,False,13.6,121,43,8,False,60.4,121,58,,326,,None,58,108,11,p466075,0,0,None,0,,466075.jpg,7.0,17,6,False,1122,None,74.5,"[{'offset': 0, 'projected_percent': '82.6', 'likelihood': 3}, {'offset': 1, 'projected_percent': '97.5', 'likelihood': 4}, {'offset': 2, 'projected_percent': '112.5', 'likelihood': 5}]",8,0,106,False,0,0.0,,[],Calafiori,50.2,3,1,False,None,4,1.1,a,3,1,3,2024-07-29,46.0,86,18,28,1538340,225232,320090,65186,1.2,4.8,Calafiori,0
0,2002-01-09,0,6,True,True,None,None,0,0.0,2,448104,None,,0,0,-2,2,1.0,336,124,3,8.44,None,,0,2,0.5,0.5,0,0.00,0.0,0.00,0.0,0.00,0.28,0.79,0.0,Piero,0.5,345,126,0,0.0,0,False,1.0,348,127,9,False,6.4,327,126,,32,,None,53,228,31,p448104,0,0,None,0,,448104.jpg,1.0,345,131,False,-58,None,-76.5,"[{'offset': 0, 'projected_percent': '-81.2', 'likelihood': -3}, {'offset': 1, 'projected_percent': '-89.9', 'likelihood': -3}, {'offset': 2, 'projected_percent': '-98.6', 'likelihood': -4}]",0,0,62,False,0,0.0,,[],Hincapié,0.9,192,73,False,None,0,0.0,a,1,1,3,2026-07-01,2.0,308,117,2,14591,2331,109866,13803,0.1,0.4,Hincapie,0
1,1997-10-08,3,78,True,True,100,100,2,0.57,12,198869,None,,0,0,0,0,53.0,83,20,18,5.14,None,,0,2,5.2,5.2,1,0.29,0.08,0.47,0.13,0.18,1.15,0.33,0.05,Benjamin,5.2,42,18,1,0.29,0,False,15.2,97,30,10,False,69.6,98,44,,315,,2026-09-15T19:30:09.494382Z,55,131,15,p198869,0,0,None,0,,198869.jpg,5.2,47,20,False,-1696,None,2.0,"[{'offset': 0, 'projected_percent': '-18.6', 'likelihood': -1}, {'offset': 1, 'projected_percent': '-60.0', 'likelihood': -3}, {'offset': 2, 'projected_percent': '-101.5', 'likelihood': -5}]",9,0,241,False,0,0.0,,[],White,5.7,71,28,False,None,4,1.14,a,6,1,3,2021-07-30,29.0,125,35,21,449618,18027,460581,201194,0.9,3.8,White,0
0,2004-06-27,0,52,True,True,100,50,2,1.07,10,500040,None,,-1,1,-2,2,2.0,313,113,10,5.36,None,,0,2,3.0,1.5,0,0.01,0.01,0.01,0.01,0.00,0.53,0.28,0.0,Cristhian,3.0,119,45,0,0.0,0,False,2.7,303,113,11,False,24.6,241,99,,168,,2026-09-04T14:00:08.080310Z,53,232,33,p500040,0,0,None,0,,500040.jpg,6.0,34,14,True,0,None,-0.7,"[{'offset': 0, 'projected_percent': '0', 'likelihood': 0}, {'offset': 1, 'projected_percent': '0', 'likelihood': 0}, {'offset': 2, 'projected_percent': '0', 'likelihood': 0}]",3,0,200,False,0,0.0,,[],Mosquera,1.8,139,56,False,None,2,1.07,a,0,1,3,2025-07-24,0.0,596,210,12,29851,162,450144,73292,0.6,2.3,Mosquera,0
0,2001-09-05,4,123,True,True,None,None,3,0.8,8,223340,2,,0,0,0,0,78.8,43,36,29,7.77,2,,0,3,7.5,7.5,8,0.43,0.12,3.31,0.89,2.88,2.58,0.69,0.77,Bukayo,7.5,8,3,1,0.27,3,False,42.2,2,2,12,True,139.8,8,6,,336,,None,95,4,3,p223340,0,0,1,0,,223340.jpg,7.5,10,4,False,1189,None,60.5,"[{'offset': 0, 'projected_percent': '69.0', 'likelihood': 3}, {'offset': 1, 'projected_percent': '84.8', 'likelihood': 3}, {'offset': 2, 'projected_percent': '100.7', 'likelihood': 5}]",16,0,241,False,0,0.0,,[],Saka,12.9,32,12,False,None,4,1.07,a,5,1,3,2018-11-28,204.0,1,1,30,626204,167828,336940,52018,0.8,3.2,Saka,0
2,1999-01-14,0,78,True,True,None,None,3,0.84,16,204480,1,,0,0,-1,1,90.3,33,29,34,9.53,1,,0,3,4.8,4.8,6,0.63,0.18,0.73,0.21,0.10,2.19,0.61,0.03,Declan,4.8,52,23,1,0.28,0,False,20.4,48,35,13,False,109.6,29,13,,321,,None,74,18,11,p204480,0,0,None,0,,204480.jpg,4.8,60,26,False,-349,None,-21.1,"[{'offset': 0, 'projected_percent': '-23.2', 'likelihood': -2}, {'offset': 1, 'projected_percent': '-27.1', 'likelihood': -2}, {'offset': 2, 'projected_percent': '-30.9', 'likelihood': -2}]",13,0,241,False,0,0.0,,[],Rice,12.5,34,14,False,None,4,1.12,a,5,1,3,2023-07-15,4.0,293,143,19,107632,24471,628208,69039,0.6,2.6,Rice,0
0,1998-06-29,0,13,True,True,None,None,0,0.0,0,232413,None,,0,0,-2,2,3.8,289,149,5,6.62,3,,0,3,0.8,0.8,1,0.07,0.09,0.11,0.14,0.04,0.79,1.05,0.05,Eberechi,0.8,311,144,0,0.0,0,False,0.9,357,165,14,False,1.8,369,170,,68,,None,63,50,34,p232413,0,0,None,0,,232413.jpg,1.0,381,179,False,-131,None,-62.5,"[{'offset': 0, 'projected_percent': '-71.7', 'likelihood': -3}, {'offset': 1, 'projected_percent': '-88.8', 'likelihood': -3}, {'offset': 2, 'projected_percent': '-105.8', 'likelihood': -5}]",5,0,241,False,0,0.0,,[],Eze,1.1,174,56,False,None,0,0.0,a,0,1,3,2025-08-23,5.0,275,139,3,20565,2672,130279,15476,0.1,0.5,Eze,0
0,1998-12-17,6,127,True,True,None,None,3,0.89,4,184029,None,,1,-1,3,-3,160.7,4,4,21,6.2,4,,1,3,6.8,6.8,3,1.30,0.38,2.31,0.68,1.01,2.46,0.73,0.3,Martin,6.8,18,9,1,0.3,2,False,35.1,10,8,15,False,121.8,16,11,,305,,None,68,31,20,p184029,0,0,3,0,,184029.jpg,6.8,20,10,False,1386,None,1.6,"[{'offset': 0, 'projected_percent': '5.3', 'likelihood': 1}, {'offset': 1, 'projected_percent': '12.1', 'likelihood': 1}, {'offset': 2, 'projected_percent': '18.9', 'likelihood': 1}]",11,0,161,False,0,0.0,,[],Ødegaard,19.8,18,8,False,None,4,1.18,a,6,1,3,2021-08-20,68.0,52,33,27,1500519,271075,431913,104492,1.0,4.0,Ødegaard,0
0,2002-03-10,0,11,True,True,None,None,0,0.0,0,248857,5,,-1,1,-3,3,43.9,113,73,3,11.74,None,,0,3,0.5,0.5,0,0.05,0.2,0.05,0.2,0.00,0.15,0.59,0.0,Noni,0.5,356,165,0,0.0,0,False,5.6,246,111,16,False,11.6,287,121,,23,,None,62,57,40,p248857,0,0,None,0,,248857.jpg,1.0,379,177,False,-12,None,-5.1,"[{'offset': 0, 'projected_percent': '-7.6', 'likelihood': -1}, {'offset': 1, 'projected_percent': '-12.3', 'likelihood': -1}, {'offset': 2, 'projected_percent': '-17.1', 'likelihood': -1}]",2,0,241,False,0,0.0,,[],Madueke,0.2,327,117,False,None,0,0.0,a,1,1,3,2025-07-18,0.0,650,290,2,5109,1022,23955,3171,0.1,0.3,Madueke,0
0,1996-06-22,0,15,True,True,None,None,0,0.0,0,195384,None,,0,0,-2,2,3.4,292,151,6,10.59,None,,0,3,0.8,0.8,1,0.02,0.04,0.16,0.29,0.14,0.26,0.46,0.25,Mikel,0.8,308,142,0,0.0,0,False,2.4,313,143,17,False,6.6,324,147,,51,,None,58,103,66,p195384,0,0,None,0,,195384.jpg,0.8,391,183,False,-33,None,-54.2,"[{'offset': 0, 'projected_percent': '-60.4', 'likelihood': -3}, {'offset': 1, 'projected_percent': '-72.0', 'likelihood': -3}, {'offset': 2, 'projected_percent': '-83.5', 'likelihood': -3}]",6,0,200,False,0,0.0,,[],Merino Zazón,0.4,270,91,False,None,0,0.0,a,0,1,3,2024-08-27,14.0,198,101,3,8601,1209,44617,5641,0.1,0.5,Merino,1
0,2001-06-18,0,0,False,True,0,0,0,0,0,444145,None,,0,0,-2,2,0.0,653,291,0,0,None,,0,3,0.0,0.0,0,0.00,0,0.00,0,0.00,0.00,0,0,Gabriel,0.0,652,290,0,0,0,False,0.0,652,291,18,False,0.0,652,291,Gabriel Martinelli,0,Has joined Al Hilal permanently,2026-09-04T12:34:46.738449Z,63,51,35,p444145,0,0,None,0,,444145.jpg,0.0,652,290,False,-3,None,0.0,"[{'offset': 0, 'projected_percent': '0.0', 'likelihood': 0}, {'offset': 1, 'projected_percent': '0.0', 'likelihood': 0}, {'offset': 2, 'projected_percent': '0.0', 'likelihood': 0}]",0,0,30,False,0,0,,[],Martinelli Silva,0.1,452,175,False,None,0,0,u,0,1,3,2019-07-15,0.0,651,291,0,2483,0,21142,1340,0.0,0.0,Martinelli,0
0,1999-02-02,0,14,True,True,None,None,0,0.0,4,481655,None,,-1,1,-2,2,4.2,282,147,11,16.78,None,,0,3,1.0,1.0,1,0.04,0.06,0.12,0.18,0.08,0.68,1.04,0.12,Martín,1.0,269,122,0,0.0,0,False,2.9,297,134,19,False,13.4,277,116,,59,,None,53,230,144,p481655,0,0,None,0,,481655.jpg,1.0,346,155,False,-65,None,-24.6,"[{'offset': 0, 'projected_percent': '-29.3', 'likelihood': -2}, {'offset': 1, 'projected_percent': '-38.0', 'likelihood': -2}, {'offset': 2, 'projected_percent': '-46.7', 'likelihood': -3}]",3,0,200,False,0,0.0,,[],Zubimendi Ibáñez,0.6,234,75,False,None,0,0.0,a,4,1,3,2025-07-06,11.0,216,109,4,7884,1313,61525,7944,0.2,0.8,Zubimendi,0
0,2009-12-31,0,0,True,True,None,None,0,0,0,616077,None,,0,0,-2,2,0.0,616,266,0,0,None,,0,3,0.0,0.0,0,0.00,0,0.00,0,0.00,0.00,0,0,Max,0.0,619,265,0,0,0,False,0.0,617,265,20,False,0.0,612,263,,0,,None,53,236,149,p616077,0,0,None,0,,616077.jpg,0.0,619,265,False,3,None,-17.3,"[{'offset': 0, 'projected_percent': '-13.9', 'likelihood': -1}, {'offset': 1, 'projected_percent': '-7.7', 'likelihood': -1}, {'offset': 2, 'projected_percent': '-1.5', 'likelihood': -1}]",0,0,241,False,0,0,,[],Dowman,0.1,468,183,False,None,0,0,a,0,1,3,2025-07-22,0.0,598,255,0,2496,786,6616,947,0.0,0.0,Dowman,0
0,2007-03-21,0,0,False,True,0,0,0,0,0,499175,None,,0,0,-1,1,0.0,626,273,0,0,None,,0,3,0.0,0.0,0,0.00,0,0.00,0,0.00,0.00,0,0,Ethan,0.0,628,272,0,0,0,False,0.0,627,272,22,False,0.0,623,271,,0,Has joined Borussia Dortmund on loan for the rest of the season,2026-09-02T16:01:07.058827Z,54,213,135,p499175,0,0,None,0,,499175.jpg,0.0,628,272,False,0,None,0.0,"[{'offset': 0, 'projected_percent': '0.0', 'likelihood': 0}, {'offset': 1, 'projected_percent': '0.0', 'likelihood': 0}, {'offset': 2, 'projected_percent': '0.0', 'likelihood': 0}]",0,0,241,False,0,0,,[],Nwaneri,0.0,626,268,False,None,0,0,u,0,1,3,2022-09-17,0.0,613,266,0,233,0,1186,102,0.0,0.0,Nwaneri,0
0,2000-05-30,0,0,False,True,0,0,0,0,0,438098,None,,0,0,0,0,0.0,638,278,0,0,None,,0,3,0.0,0.0,0,0.00,0,0.00,0,0.00,0.00,0,0,Fábio,0.0,637,277,0,0,0,False,0.0,636,277,23,False,0.0,632,276,Fábio Vieira,0,Has joined Hamburger SV permanently,2026-09-02T16:00:28.446370Z,55,146,88,p438098,0,0,None,0,,438098.jpg,0.0,637,277,False,0,None,0.0,"[{'offset': 0, 'projected_percent': '0.0', 'likelihood': 0}, {'offset': 1, 'projected_percent': '0.0', 'likelihood': 0}, {'offset': 2, 'projected_percent': '0.0', 'likelihood': 0}]",0,0,173,False,0,0,,[],Ferreira Vieira,0.0,628,270,False,None,0,0,u,0,1,3,2022-06-21,0.0,625,271,0,255,0,873,82,0.0,0.0,Fábio Vieira,0
0,1999-12-10,0,0,False,True,0,0,0,0,0,200641,None,,0,0,0,0,0.0,634,275,0,0,None,,0,3,0.0,0.0,0,0.00,0,0.00,0,0.00,0.00,0,0,Reiss,0.0,634,274,0,0,0,False,0.0,633,274,24,False,0.0,629,273,,0,has departed the club as a free agent.,2026-08-29T00:33:08.556767Z,55,132,80,p200641,0,0,None,0,,200641.jpg,0.0,634,274,False,0,None,0.0,"[{'offset': 0, 'projected_percent': '0.0', 'likelihood': 0}, {'offset': 1, 'projected_percent': '0.0', 'likelihood': 0}, {'offset': 2, 'projected_percent': '0.0', 'likelihood': 0}]",0,0,241,False,0,0,,[],Nelson,0.0,635,276,False,None,0,0,u,0,1,3,2017-07-12,0.0,621,268,0,68,0,644,56,0.0,0.0,Nelson,0
0,1998-06-04,0,2,True,True,None,None,0,0.0,0,224117,None,,0,0,-3,3,0.1,379,49,1,7.5,None,,0,4,0.2,0.2,0,0.00,0.0,0.00,0.0,0.00,0.11,0.82,0.0,Viktor,0.2,404,50,0,0.0,0,False,0.0,655,76,25,False,0.0,655,76,,12,,None,72,23,8,p224117,0,0,2,0,,224117.jpg,1.0,386,48,False,-394,None,-80.0,"[{'offset': 0, 'projected_percent': '-89.1', 'likelihood': -3}, {'offset': 1, 'projected_percent': '-106.1', 'likelihood': -5}, {'offset': 2, 'projected_percent': '-123.0', 'likelihood': -5}]",1,0,206,False,0,0.0,,[],Gyökeres,3.2,97,14,False,None,0,0.0,a,0,1,3,2025-07-26,0.0,655,76,1,27203,4136,584719,47421,0.0,0.1,Gyökeres,0
0,1999-06-11,2,77,True,True,None,None,3,0.78,4,219847,None,,1,-1,1,-1,66.0,57,3,10,2.59,None,,0,4,4.2,4.2,1,0.35,0.09,1.24,0.32,0.89,2.60,0.67,0.23,Kai,4.2,73,7,1,0.26,2,False,28.7,20,5,26,False,84.2,72,6,,347,,None,76,17,6,p219847,0,0,None,0,,219847.jpg,4.2,82,8,False,1573,None,3.6,"[{'offset': 0, 'projected_percent': '7.8', 'likelihood': 1}, {'offset': 1, 'projected_percent': '15.5', 'likelihood': 1}, {'offset': 2, 'projected_percent': '23.3', 'likelihood': 2}]",6,0,80,False,0,0.0,,[],Havertz,8.2,47,7,False,None,4,1.04,a,0,1,3,2023-06-28,137.0,6,4,17,558629,102738,342052,84551,0.6,2.2,Havertz,1
0,1997-04-03,0,0,False,True,0,0,0,0,0,205651,None,,0,0,-1,1,0.0,644,76,0,0,None,,0,4,0.0,0.0,0,0.00,0,0.00,0,0.00,0.00,0,0,Gabriel,0.0,643,76,0,0,0,False,0.0,643,75,27,False,0.0,640,72,Gabriel Jesus,0,Has joined FC Barcelona permanently,2026-09-02T16:00:28.475184Z,59,84,22,p205651,0,0,None,0,,205651.jpg,0.0,643,76,False,-7,None,0.0,"[{'offset': 0, 'projected_percent': '0.0', 'likelihood': 0}, {'offset': 1, 'projected_percent': '0.0', 'likelihood': 0}, {'offset': 2, 'projected_percent': '0.0', 'likelihood': 0}]",0,0,30,False,0,0,,[],Fernando de Jesus,0.2,364,56,False,None,0,0,u,0,1,3,2022-07-04,0.0,637,73,0,4164,0,28056,2073,0.0,0.0,G.Jesus,0
0,1997-10-23,0,34,True,True,None,None,1,0.47,14,199798,None,,0,0,0,0,1.7,321,116,19,8.95,None,,0,2,2.8,2.8,6,0.01,0.0,0.01,0.0,0.00,2.19,1.03,0.0,Ezri,2.8,131,48,1,0.47,0,False,4.0,277,105,31,False,34.4,210,89,,191,,None,45,450,95,p199798,0,0,None,0,,199798.jpg,3.7,107,43,False,1969,None,95.5,"[{'offset': 0, 'projected_percent': '109.6', 'likelihood': 5}, {'offset': 1, 'projected_percent': '135.8', 'likelihood': 5}, {'offset': 2, 'projected_percent': '162.1', 'likelihood': 5}]",6,0,241,False,0,0.0,,[],Konsa Ngoyo,18.6,20,5,False,None,2,0.94,a,5,1,3,2026-08-21,4.0,281,103,11,1305476,275263,577732,52154,0.6,2.4,Konsa,0
0,1997-11-16,1,33,True,True,100,100,0,0.0,1,208706,4,,-1,1,-3,3,4.7,279,146,6,8.44,None,,0,3,2.0,2.0,7,0.15,0.21,0.24,0.34,0.09,1.57,2.21,0.13,Bruno,2.0,191,90,0,0.0,1,False,5.4,252,112,452,False,36.8,196,79,Bruno Guimarães,64,,2026-09-04T14:00:08.328779Z,67,32,21,p208706,0,0,4,0,,208706.jpg,4.0,98,38,False,46,None,3.6,"[{'offset': 0, 'projected_percent': '3.9', 'likelihood': 1}, {'offset': 1, 'projected_percent': '4.5', 'likelihood': 1}, {'offset': 2, 'projected_percent': '5.1', 'likelihood': 1}]",4,0,30,False,0,0.0,,[],Guimarães Rodriguez Moura,1.8,136,42,False,None,0,0.0,a,1,1,3,2026-08-08,13.0,204,104,8,22847,14100,235506,8316,0.3,1.2,Bruno G.,0
2,2002-01-30,1,72,True,True,None,None,2,0.62,6,439509,3,,0,0,-1,1,108.9,22,20,20,6.21,None,,0,3,3.5,3.5,3,0.48,0.15,0.67,0.21,0.19,1.96,0.61,0.06,Christos,3.5,98,40,1,0.31,0,False,20.1,50,37,557,False,51.4,154,55,,290,,None,64,44,30,p439509,0,0,None,0,,439509.jpg,3.5,119,47,False,-2236,None,-60.0,"[{'offset': 0, 'projected_percent': '-72.1', 'likelihood': -3}, {'offset': 1, 'projected_percent': '-94.5', 'likelihood': -3}, {'offset': 2, 'projected_percent': '-116.9', 'likelihood': -5}]",11,0,83,False,0,0.0,,[],Tzolis,13.9,30,11,False,None,4,1.24,a,3,1,3,2026-07-23,40.0,100,55,14,442660,31898,1387119,226849,0.5,2.2,Tzolis,2
0,1991-03-10,0,1,True,True,75,None,0,0.0,2,72147,None,,0,0,0,0,0.0,452,32,0,0.0,None,,0,1,0.2,0.2,0,0.00,0.0,0.00,0.0,0.00,3.77,3.77,0.0,Marco,0.2,370,23,4,4.0,0,False,2.8,299,21,29,False,28.2,230,21,,90,Back injury - 75% chance of playing,2026-09-17T07:30:09.058151Z,45,428,24,p72147,0,0,None,0,,72147.jpg,1.0,300,23,False,0,None,-20.1,"[{'offset': 0, 'projected_percent': '-20.1', 'likelihood': -2}, {'offset': 1, 'projected_percent': '-20.1', 'likelihood': -2}, {'offset': 2, 'projected_percent': '-20.1', 'likelihood': -2}]",6,0,152,False,3,3.0,,[],Bizot,0.1,385,43,False,None,1,1.0,d,0,2,7,2025-07-15,0.0,400,28,1,4575,397,6048,1164,0.0,0.2,M.Bizot,0
0,1993-07-20,0,0,False,True,0,0,0,0,0,101188,None,,0,0,0,0,0.0,455,180,0,0,None,,0,2,0.0,0.0,0,0.00,0,0.00,0,0.00,0.00,0,0,Lucas,0.0,476,182,0,0,0,False,0.0,464,180,30,False,0.0,459,180,,0,Has joined Paris Saint-Germain permanently,2026-08-10T14:03:30.089007Z,45,433,85,p101188,0,0,None,0,,101188.jpg,0.0,476,182,False,-1,None,0.0,"[{'offset': 0, 'projected_percent': '0.0', 'likelihood': 0}, {'offset': 1, 'projected_percent': '0.0', 'likelihood': 0}, {'offset': 2, 'projected_percent': '0.0', 'likelihood': 0}]",0,0,73,False,0,0,,[],Digne,0.1,495,175,False,None,0,0,u,0,2,7,2022-01-13,0.0,403,168,0,0,0,8361,381,0.0,0.0,Digne,0
0,1997-08-07,0,23,True,True,100,75,1,0.36,8,199796,1,,-1,1,-1,1,19.2,198,64,14,5.02,None,,0,2,1.8,1.4,0,0.04,0.01,0.19,0.06,0.15,5.03,1.8,0.05,Matty,1.8,196,72,5,1.79,0,False,6.5,230,84,32,False,32.4,215,92,,251,,2026-09-09T14:30:08.192142Z,44,561,145,p199796,0,0,None,0,,199796.jpg,2.3,179,70,False,-246,None,-6.8,"[{'offset': 0, 'projected_percent': '-8.9', 'likelihood': -1}, {'offset': 1, 'projected_percent': '-12.8', 'likelihood': -1}, {'offset': 2, 'projected_percent': '-16.7', 'likelihood': -1}]",2,0,172,False,0,0.0,,[],Cash,5.1,75,30,False,None,3,1.08,a,6,2,7,2020-09-03,13.0,200,67,7,90447,3060,382838,99541,0.4,1.6,Cash,1
0,1993-03-13,0,33,True,True,None,None,1,0.53,8,149484,None,,0,0,0,0,5.0,273,97,11,5.79,None,,0,2,1.8,1.8,0,0.02,0.01,0.22,0.12,0.20,2.87,1.51,0.11,Tyrone,1.8,199,75,2,1.05,0,False,5.4,249,91,33,False,32.4,216,93,,171,,None,45,439,86,p149484,0,0,None,0,,149484.jpg,2.3,181,72,False,-13,None,0.4,"[{'offset': 0, 'projected_percent': '0.4', 'likelihood': 1}, {'offset': 1, 'projected_percent': '0.2', 'likelihood': 1}, {'offset': 2, 'projected_percent': '0.0', 'likelihood': 0}]",4,0,241,False,0,0.0,,[],Mings,0.4,272,98,False,None,1,0.53,a,3,2,7,2019-07-08,17.0,169,53,7,13997,2810,15103,4236,0.4,1.6,Mings,1
0,1997-01-16,0,-4,True,True,75,None,0,0.0,8,244954,None,,0,0,0,0,1.9,314,114,9,4.33,None,,0,2,0.6,0.8,1,0.01,0.0,0.01,0.0,0.00,4.79,2.31,0.0,Pau,0.8,283,104,5,2.41,0,False,1.5,333,120,34,False,11.2,290,118,,187,Hamstring injury - 75% chance of playing,2026-09-12T18:00:08.712707Z,45,472,110,p244954,0,0,None,0,,244954.jpg,1.0,301,116,False,-99,None,-76.1,"[{'offset': 0, 'projected_percent': '-87.9', 'likelihood': -3}, {'offset': 1, 'projected_percent': '-109.9', 'likelihood': -5}, {'offset': 2, 'projected_percent': '-131.9', 'likelihood': -5}]",9,0,200,False,0,0.0,,[],Torres,0.3,280,103,False,None,3,1.44,d,1,2,7,2023-07-12,2.0,300,113,3,11187,231,22180,7197,0.2,0.7,Pau,0
0,2004-01-05,0,3,True,True,None,None,0,0.0,1,515597,None,,0,0,0,0,0.5,356,176,1,5.62,None,,0,3,0.2,0.2,0,0.00,0.0,0.00,0.0,0.00,0.22,1.24,0.0,Lamare,0.2,389,179,0,0.0,0,False,0.3,379,176,35,False,2.2,364,167,,16,,None,50,316,189,p515597,0,0,None,0,,515597.jpg,1.0,338,151,False,-2,None,-76.4,"[{'offset': 0, 'projected_percent': '-79.2', 'likelihood': -3}, {'offset': 1, 'projected_percent': '-84.3', 'likelihood': -3}, {'offset': 2, 'projected_percent': '-89.4', 'likelihood': -3}]",0,0,152,False,0,0.0,,[],Bogarde,0.1,474,185,False,None,0,0.0,a,0,2,7,2021-01-07,0.0,578,242,1,2696,429,4206,839,0.0,0.2,Bogarde,0
0,2002-03-10,1,22,True,True,25,None,1,0.27,17,441302,None,,0,0,0,0,24.5,175,56,24,6.45,None,,0,2,0.6,2.2,1,0.45,0.12,0.73,0.2,0.28,6.54,1.76,0.08,Ian,2.2,154,59,7,1.88,0,False,10.2,169,65,36,False,34.8,207,88,,335,Ankle injury - 25% chance of playing,2026-09-12T18:00:08.729468Z,45,479,116,p441302,0,0,None,0,,441302.jpg,2.2,188,75,False,-381,None,-69.1,"[{'offset': 0, 'projected_percent': '-94.3', 'likelihood': -3}, {'offset': 1, 'projected_percent': '-141.0', 'likelihood': -5}, {'offset': 2, 'projected_percent': '-187.7', 'likelihood': -5}]",10,0,152,False,0,0.0,,[],Maatsen,0.6,232,89,False,None,4,1.07,d,7,2,7,2024-06-28,43.0,90,20,9,31824,530,48404,23909,0.5,2.0,Maatsen,1
0,1994-07-17,0,27,True,True,None,None,1,0.25,15,184667,None,,0,0,0,0,27.3,167,52,16,4.0,None,,0,2,1.8,1.8,1,0.17,0.04,0.61,0.15,0.44,7.66,1.92,0.11,Victor,1.8,201,77,7,1.75,0,False,12.0,144,54,37,False,55.6,136,62,,360,,None,45,448,93,p184667,1,0,None,0,,184667.jpg,1.8,233,86,False,0,None,0.9,"[{'offset': 0, 'projected_percent': '0.9', 'likelihood': 1}, {'offset': 1, 'projected_percent': '0.9', 'likelihood': 1}, {'offset': 2, 'projected_percent': '0.9', 'likelihood': 1}]",5,0,206,False,0,0.0,,[],Lindelöf,0.3,286,104,False,None,4,1.0,a,1,2,7,2025-09-01,37.0,106,28,7,12899,2801,12197,3091,0.4,1.6,Lindelöf,0
0,None,0,0,True,True,None,None,0,0,0,606798,None,,0,0,0,0,0.0,434,171,0,0,None,,0,2,0.0,0.0,0,0.00,0,0.00,0,0.00,0.00,0,0,Andrés,0.0,457,173,0,0,0,False,0.0,445,171,38,False,0.0,440,171,,0,,None,40,651,207,p606798,0,0,None,0,,606798.jpg,0.0,457,173,False,-50,None,-18.9,"[{'offset': 0, 'projected_percent': '-21.2', 'likelihood': -2}, {'offset': 1, 'projected_percent': '-25.6', 'likelihood': -2}, {'offset': 2, 'projected_percent': '-29.9', 'likelihood': -2}]",0,0,None,False,0,0,,[],García,1.6,147,59,False,None,0,0,a,0,2,7,None,0.0,377,155,0,42677,6383,59663,11936,0.0,0.0,A.García,0
0,2005-12-16,0,0,False,True,0,0,0,0,0,578545,None,,0,0,0,0,0.0,432,170,0,0,None,,0,2,0.0,0.0,0,0.00,0,0.00,0,0.00,0.00,0,0,Kosta,0.0,455,172,0,0,0,False,0.0,443,170,39,False,0.0,438,170,,0,Has joined Rangers on loan for the rest of the season,2026-08-19T13:56:46.385411Z,40,648,205,p578545,0,0,None,0,,578545.jpg,0.0,455,172,False,-8,None,0.0,"[{'offset': 0, 'projected_percent': '0.0', 'likelihood': 0}, {'offset': 1, 'projected_percent': '0.0', 'likelihood': 0}, {'offset': 2, 'projected_percent': '0.0', 'likelihood': 0}]",0,0,190,False,0,0,,[],Nedeljkovic,0.1,373,144,False,None,0,0,u,0,2,7,2024-01-22,0.0,374,153,0,0,0,14473,1061,0.0,0.0,Nedeljkovic,0
0,1996-12-25,0,23,True,True,None,None,1,0.29,3,195546,3,,0,0,-1,1,44.2,111,71,19,5.5,1,,0,3,2.2,2.2,2,0.17,0.05,0.95,0.28,0.78,6.30,1.82,0.23,Emiliano,2.2,165,75,6,1.74,0,False,6.4,233,104,41,False,5.0,338,154,,311,,None,59,83,54,p195546,0,0,1,0,,195546.jpg,2.2,197,85,False,-188,None,-59.5,"[{'offset': 0, 'projected_percent': '-75.0', 'likelihood': -3}, {'offset': 1, 'projected_percent': '-103.7', 'likelihood': -5}, {'offset': 2, 'projected_percent': '-132.4', 'likelihood': -5}]",14,0,10,False,0,0.0,,[],Buendía Stati,0.9,193,62,False,None,4,1.16,a,2,2,7,2021-06-10,24.0,139,71,9,46452,4873,85805,17941,0.4,1.5,Buendía,0
0,1997-08-09,0,0,False,True,0,0,0,0,0,215711,None,,0,0,-1,1,0.0,621,269,0,0,None,,0,3,0.0,0.0,0,0.00,0,0.00,0,0.00,0.00,0,0,Leon,0.0,624,268,0,0,0,False,0.0,622,268,44,False,0.0,617,266,,0,Has joined Olympiakos permanently,2026-09-04T12:35:14.472260Z,54,185,117,p215711,0,0,None,0,,215711.jpg,0.0,624,268,False,-7,None,0.0,"[{'offset': 0, 'projected_percent': '0.0', 'likelihood': 0}, {'offset': 1, 'projected_percent': '0.0', 'likelihood': 0}, {'offset': 2, 'projected_percent': '0.0', 'likelihood': 0}]",0,0,107,False,0,0,,[],Bailey,0.1,484,191,False,None,0,0,u,0,2,7,2021-08-04,0.0,605,260,0,2096,0,12495,1412,0.0,0.0,Bailey,0
1,1994-10-18,1,46,True,True,None,None,1,0.26,6,122806,2,,0,0,-1,1,51.4,92,62,24,6.15,None,,0,3,2.8,2.8,6,0.20,0.05,0.97,0.25,0.77,7.51,1.93,0.2,John,2.8,137,59,7,1.79,0,False,9.1,188,88,45,False,29.4,227,91,,351,,None,54,174,109,p122806,0,0,None,0,,122806.jpg,2.8,163,68,False,-34,None,-15.4,"[{'offset': 0, 'projected_percent': '-16.5', 'likelihood': -1}, {'offset': 1, 'projected_percent': '-18.6', 'likelihood': -1}, {'offset': 2, 'projected_percent': '-20.8', 'likelihood': -2}]",13,0,243,False,0,0.0,,[],McGinn,2.2,123,38,False,None,4,1.03,a,5,2,7,2018-08-08,15.0,189,97,11,60115,15098,141445,19069,0.5,2.0,McGinn,2
0,1993-12-05,0,63,True,True,None,None,1,0.3,4,88894,4,,0,0,0,0,81.5,40,34,24,7.15,None,,0,3,2.2,2.2,2,0.14,0.04,0.52,0.15,0.38,6.58,1.96,0.11,Ross,2.2,155,66,6,1.79,0,False,15.5,94,52,46,False,41.8,176,68,,302,,None,50,241,151,p88894,0,0,None,0,,88894.jpg,2.2,189,77,False,-12,None,1.1,"[{'offset': 0, 'projected_percent': '1.0', 'likelihood': 1}, {'offset': 1, 'projected_percent': '0.8', 'likelihood': 1}, {'offset': 2, 'projected_percent': '0.6', 'likelihood': 1}]",13,0,241,False,0,0.0,,[],Barkley,0.3,308,106,False,None,4,1.19,a,7,2,7,2024-07-01,31.0,121,63,9,15005,2142,13746,3273,0.4,1.8,Barkley,0
0,1999-11-23,0,59,True,True,100,100,1,0.25,10,226944,None,,0,0,0,0,55.6,79,57,30,7.5,None,,0,3,2.2,2.2,2,0.15,0.04,0.15,0.04,0.00,7.66,1.92,0.0,Boubacar,2.2,157,68,7,1.75,0,False,10.5,167,80,47,False,47.0,165,62,,360,,2026-07-23T12:01:23.337269Z,50,271,167,p226944,0,0,None,0,,226944.jpg,2.2,191,79,False,-35,None,-62.9,"[{'offset': 0, 'projected_percent': '-71.5', 'likelihood': -3}, {'offset': 1, 'projected_percent': '-87.4', 'likelihood': -3}, {'offset': 2, 'projected_percent': '-103.3', 'likelihood': -5}]",13,0,73,False,0,0.0,,[],Kamara,0.3,289,98,False,None,4,1.0,a,7,2,7,2022-06-11,2.0,306,150,9,12930,1709,19143,3929,0.4,1.8,Kamara,0
0,2001-08-16,0,0,True,True,0,0,0,0,0,449871,None,,-1,1,-1,1,0.0,551,231,0,0,None,,0,3,0.0,0.0,0,0.00,0,0.00,0,0.00,0.00,0,0,Amadou,0.0,564,231,0,0,0,False,0.0,557,227,48,False,0.0,552,225,,0,Knee injury - Unknown return date,2026-07-23T12:01:23.352497Z,49,381,228,p449871,0,0,None,0,,449871.jpg,0.0,564,231,False,4,None,-6.9,"[{'offset': 0, 'projected_percent': '-2.8', 'likelihood': -1}, {'offset': 1, 'projected_percent': '0.0', 'likelihood': 0}, {'offset': 2, 'projected_percent': '0.1', 'likelihood': 1}]",0,0,21,False,0,0,,[],Onana,0.0,585,243,False,None,0,0,i,0,2,7,2024-07-22,0.0,514,205,0,460,55,1549,182,0.0,0.0,Onana,0
0,2003-10-04,0,0,False,True,0,0,0,0,0,469247,None,,0,0,0,0,0.0,588,250,0,0,None,,0,3,0.0,0.0,0,0.00,0,0.00,0,0.00,0.00,0,0,Samuel,0.0,592,249,0,0,0,False,0.0,587,247,49,False,0.0,582,245,,0,Has joined Bolton Wanderers on loan for the rest of the season,2026-08-17T13:52:28.532616Z,50,291,175,p469247,0,0,None,0,,469247.jpg,0.0,592,249,False,0,None,0.0,"[{'offset': 0, 'projected_percent': '0.0', 'likelihood': 0}, {'offset': 1, 'projected_percent': '0.0', 'likelihood': 0}, {'offset': 2, 'projected_percent': '0.0', 'likelihood': 0}]",0,0,241,False,0,0,,[],Iling-Junior,0.0,652,290,False,None,0,0,u,0,2,7,2024-07-01,0.0,561,233,0,0,0,224,19,0.0,0.0,Iling Jr,0
0,2008-03-04,0,0,True,True,None,None,0,0,0,645618,None,,0,0,0,0,0.0,522,214,0,0,None,,0,3,0.0,0.0,0,0.00,0,0.00,0,0.00,0.00,0,0,Bradley,0.0,539,215,0,0,0,False,0.0,528,209,50,False,0.0,523,207,,0,,None,45,545,285,p645618,0,0,None,0,,645618.jpg,0.0,539,215,False,-42,None,-42.9,"[{'offset': 0, 'projected_percent': '-48.1', 'likelihood': -3}, {'offset': 1, 'projected_percent': '-57.8', 'likelihood': -3}, {'offset': 2, 'projected_percent': '-67.4', 'likelihood': -3}]",0,0,241,False,0,0,,[],Burrowes,0.6,237,77,False,None,0,0,a,0,2,7,2025-01-09,0.0,481,186,0,20624,1760,30620,6126,0.0,0.0,Burrowes,0
0,2007-03-04,0,32,True,True,None,None,1,0.32,3,577285,None,,0,0,0,0,40.9,126,79,19,6.13,None,,0,3,2.0,2.0,1,0.16,0.05,0.23,0.07,0.07,5.39,1.74,0.02,George,2.0,173,77,5,1.61,0,False,9.1,187,87,51,False,25.2,236,97,,279,,None,45,523,273,p577285,0,0,None,0,,577285.jpg,2.0,205,87,False,-65,None,15.1,"[{'offset': 0, 'projected_percent': '14.7', 'likelihood': 1}, {'offset': 1, 'projected_percent': '13.8', 'likelihood': 1}, {'offset': 2, 'projected_percent': '12.9', 'likelihood': 1}]",10,0,241,False,0,0.0,,[],Hemmings,1.3,161,50,False,None,4,1.29,a,6,2,7,2025-08-05,25.0,133,67,8,110607,12000,56517,13858,0.4,1.8,George Hemmings,0
0,2006-05-05,0,34,True,True,None,None,0,0.0,2,653481,None,,0,0,0,0,4.9,275,144,8,8.28,None,,0,3,2.0,2.0,6,0.00,0.0,0.06,0.06,0.06,2.40,2.48,0.06,Alysson Edward Franco,2.0,180,83,2,2.07,1,False,7.0,219,100,52,False,39.8,184,73,Alysson,87,,None,50,340,204,p653481,0,0,None,0,,653481.jpg,2.0,217,95,False,11,None,0.3,"[{'offset': 0, 'projected_percent': '0.3', 'likelihood': 1}, {'offset': 1, 'projected_percent': '0.5', 'likelihood': 1}, {'offset': 2, 'projected_percent': '0.6', 'likelihood': 1}]",4,0,30,False,0,0.0,,[],da Rocha dos Santos,0.1,489,193,False,None,0,0.0,a,2,2,7,2026-01-01,25.0,135,69,8,3036,1358,2756,518,0.4,1.6,Alysson,1
0,2005-10-14,0,3,True,True,100,50,0,0.0,0,614071,None,,0,0,-1,1,4.0,284,148,2,6.67,None,,0,3,0.2,0.1,1,0.08,0.27,0.08,0.27,0.00,0.86,2.87,0.0,Johan,0.2,401,188,1,3.33,0,False,0.7,364,169,53,False,2.6,361,165,,27,,2026-08-15T15:30:06.388335Z,59,99,64,p614071,0,0,None,0,,614071.jpg,1.0,375,175,False,0,2026-09-19T16:00:07.823042Z,0.0,"[{'offset': 0, 'projected_percent': '0.0', 'likelihood': 0}, {'offset': 1, 'projected_percent': '0.0', 'likelihood': 0}, {'offset': 2, 'projected_percent': '0.0', 'likelihood': 0}]",1,0,207,False,0,0.0,,[],Manzambi,0.1,376,135,False,None,0,0.0,a,1,2,7,2026-07-17,0.0,644,286,1,2740,1597,16482,853,0.0,0.2,Manzambi,0
0,2001-02-12,0,-2,True,True,75,0,0,0.0,1,448089,None,,0,0,0,0,11.0,241,127,7,16.15,None,,0,3,-0.4,0.0,0,0.01,0.02,0.01,0.02,0.00,2.58,5.95,0.0,Joao,-0.5,659,295,4,9.23,0,False,1.2,347,160,54,False,1.0,380,176,João Gomes,39,Calf injury - 75% chance of playing,2026-09-16T19:30:08.742410Z,55,147,89,p448089,0,0,None,0,,448089.jpg,-2.0,659,295,False,0,2026-09-20T16:30:08.780195Z,0.0,"[{'offset': 0, 'projected_percent': '0.0', 'likelihood': 0}, {'offset': 1, 'projected_percent': '0.0', 'likelihood': 0}, {'offset': 2, 'projected_percent': '0.0', 'likelihood': 0}]",2,1,30,False,0,0.0,,[],Gomes,0.0,511,205,False,None,1,2.31,d,4,2,7,2026-07-20,0.0,626,272,-2,766,391,3859,277,-0.1,-0.4,Gomes,0
0,1995-12-30,0,0,False,True,0,0,0,0,0,178301,None,,0,0,-2,2,0.0,659,78,0,0,None,,0,4,0.0,0.0,0,0.00,0,0.00,0,0.00,0.00,0,0,Ollie,0.0,658,78,0,0,0,False,0.0,659,78,55,False,0.0,659,78,,0,Has joined Al Hilal permanently,2026-09-01T13:15:16.698799Z,78,12,3,p178301,0,0,None,0,,178301.jpg,0.0,658,78,False,-211,None,0.0,"[{'offset': 0, 'projected_percent': '0.0', 'likelihood': 0}, {'offset': 1, 'projected_percent': '0.0', 'likelihood': 0}, {'offset': 2, 'projected_percent': '0.0', 'likelihood': 0}]",0,0,241,False,0,0,,[],Watkins,2.7,110,17,False,None,0,0,u,0,2,7,2020-09-09,0.0,659,78,0,14882,0,742033,29902,0.0,0.0,Watkins,0
0,1997-10-02,0,10,True,True,100,100,0,0.0,0,173879,None,,0,0,0,0,3.8,288,36,2,2.61,None,,0,4,0.8,0.8,1,0.00,0.0,0.00,0.0,0.00,2.26,2.95,0.0,Tammy,0.8,305,35,2,2.61,0,False,0.9,356,40,56,False,3.2,356,37,,69,,2026-08-15T16:00:07.558543Z,55,129,34,p173879,0,0,None,0,,173879.jpg,1.0,366,43,False,49,None,2.8,"[{'offset': 0, 'projected_percent': '3.1', 'likelihood': 1}, {'offset': 1, 'projected_percent': '3.8', 'likelihood': 1}, {'offset': 2, 'projected_percent': '4.5', 'likelihood': 1}]",1,0,241,False,0,0.0,,[],Abraham,0.2,351,55,False,None,0,0.0,a,1,2,7,2026-01-27,2.0,313,42,3,12897,3189,10668,2417,0.1,0.5,Abraham,0
0,2004-07-01,0,9,True,True,None,None,0,0.0,0,493105,None,,-1,1,-2,2,3.6,291,150,2,5.81,None,,0,3,0.8,0.8,0,0.00,0.0,0.00,0.0,0.00,0.49,1.42,0.0,Alejandro,0.8,310,143,0,0.0,0,False,0.5,367,171,160,False,1.2,377,175,,31,,None,58,111,70,p493105,0,0,None,0,,493105.jpg,1.0,373,174,False,-45,None,-36.4,"[{'offset': 0, 'projected_percent': '-42.4', 'likelihood': -3}, {'offset': 1, 'projected_percent': '-53.4', 'likelihood': -3}, {'offset': 2, 'projected_percent': '-64.4', 'likelihood': -3}]",2,0,10,False,0,0.0,,"[{'property': 'loan_ineligible', 'notes': 'This player will not be available to face their parent club in Gameweek 27 as part of their loan conditions.', 'gameweek': 27, 'url': None}, {'property': 'loan_ineligible', 'notes': 'This player will not be available to face their parent club in Gameweek 16 as part of their loan conditions.', 'gameweek': 16, 'url': None}]",Garnacho Ferreyra,0.3,282,94,False,None,0,0.0,a,0,2,7,2026-07-23,0.0,635,280,3,6859,750,37467,6055,0.1,0.5,Garnacho,0
0,2001-06-20,0,21,True,True,None,None,1,0.45,0,517052,None,,0,0,0,0,25.4,172,19,5,2.26,None,,0,4,1.0,1.0,0,0.58,0.26,0.82,0.37,0.24,1.62,0.73,0.11,Nicolas,1.0,278,31,1,0.45,0,False,5.3,253,28,166,False,5.4,333,32,,199,,None,65,42,11,p517052,0,0,2,0,,517052.jpg,1.3,272,30,False,-175,None,34.2,"[{'offset': 0, 'projected_percent': '32.9', 'likelihood': 2}, {'offset': 1, 'projected_percent': '30.6', 'likelihood': 2}, {'offset': 2, 'projected_percent': '28.3', 'likelihood': 2}]",5,0,189,False,0,0.0,,[],Jackson,1.2,168,26,False,None,3,1.36,a,0,2,7,2026-08-28,24.0,140,27,4,140331,13903,69519,28718,0.2,0.6,N.Jackson,1
0,2009-01-12,0,0,True,True,0,0,0,0,0,690838,None,,-1,1,-1,1,0.0,629,74,0,0,None,,0,4,0.0,0.0,0,0.00,0,0.00,0,0.00,0.00,0,0,Brian,0.0,631,74,0,0,0,False,0.0,630,73,582,False,0.0,626,70,,0,Unspecified injury - Unknown return date,2026-08-15T16:00:07.974271Z,54,225,50,p690838,0,0,None,0,,690838.jpg,0.0,631,74,False,-39,None,-12.6,"[{'offset': 0, 'projected_percent': '-15.4', 'likelihood': -1}, {'offset': 1, 'projected_percent': '-20.5', 'likelihood': -2}, {'offset': 2, 'projected_percent': '-25.7', 'likelihood': -2}]",0,0,241,False,0,0,,[],Madjo,0.2,320,50,False,None,0,0,i,0,2,7,2026-01-12,0.0,616,71,0,2651,234,27822,3696,0.0,0.0,Madjo,0
0,2002-07-11,0,6,True,True,None,None,0,0.0,1,487992,None,,0,0,0,0,2.6,304,109,3,11.74,None,,0,2,0.5,0.5,0,0.01,0.04,0.01,0.04,0.00,0.49,1.92,0.0,Matteo,0.5,326,118,0,0.0,0,False,0.9,350,129,596,False,6.6,321,123,,23,,None,45,491,121,p487992,0,0,None,0,,487992.jpg,1.0,305,119,False,4,None,-82.2,"[{'offset': 0, 'projected_percent': '-78.7', 'likelihood': -3}, {'offset': 1, 'projected_percent': '-72.3', 'likelihood': -3}, {'offset': 2, 'projected_percent': '-65.8', 'likelihood': -3}]",2,0,106,False,0,0.0,,[],Ruggeri,0.1,437,160,False,None,0,0.0,a,2,2,7,2026-08-19,0.0,435,180,2,2450,586,5068,978,0.1,0.4,Ruggeri,0
0,2002-08-21,3,63,True,True,None,None,1,0.33,5,433969,None,,0,0,0,0,0.0,584,66,0,0.0,None,,1,1,3.5,3.5,2,0.01,0.0,0.01,0.0,0.00,3.89,1.3,0.0,Zion,3.5,93,11,3,1.0,0,False,8.0,207,15,597,False,79.4,76,14,,270,,None,50,281,12,p433969,0,0,None,0,,433969.jpg,4.7,61,4,False,-40,None,24.1,"[{'offset': 0, 'projected_percent': '23.8', 'likelihood': 2}, {'offset': 1, 'projected_percent': '23.3', 'likelihood': 2}, {'offset': 2, 'projected_percent': '22.8', 'likelihood': 2}]",31,0,108,False,10,3.33,,[],Suzuki,1.8,133,19,False,None,3,1.0,a,0,2,7,2026-08-19,0.0,556,65,14,134618,13640,52252,15203,0.7,2.8,Suzuki,0
0,2006-10-02,0,0,True,True,None,None,0,0,0,569577,None,,0,0,0,0,0.0,428,166,0,0,None,,0,2,0.0,0.0,0,0.00,0,0.00,0,0.00,0.00,0,0,Triston,0.0,451,168,0,0,0,False,0.0,439,166,606,False,0.0,434,166,,0,,None,40,643,200,p569577,0,0,None,0,,569577.jpg,0.0,451,168,False,3,None,0.4,"[{'offset': 0, 'projected_percent': '0.4', 'likelihood': 1}, {'offset': 1, 'projected_percent': '0.4', 'likelihood': 1}, {'offset': 2, 'projected_percent': '0.5', 'likelihood': 1}]",0,0,241,False,0,0,,[],Rowe,0.2,359,136,False,None,0,0,a,0,2,7,2026-07-01,0.0,369,148,0,12469,1595,5084,1428,0.0,0.0,Rowe,0
0,2007-01-11,0,0,False,True,0,0,0,0,0,571380,None,,0,0,0,0,0.0,503,203,0,0,None,,0,3,0.0,0.0,0,0.00,0,0.00,0,0.00,0.00,0,0,Luka,0.0,520,204,0,0,0,False,0.0,509,198,607,False,0.0,504,196,,0,Has joined Oxford United on loan until January,2026-09-04T12:35:39.820426Z,45,518,271,p571380,0,0,None,0,,571380.jpg,0.0,520,204,False,-13,None,0.0,"[{'offset': 0, 'projected_percent': '0.0', 'likelihood': 0}, {'offset': 1, 'projected_percent': '0.0', 'likelihood': 0}, {'offset': 2, 'projected_percent': '0.0', 'likelihood': 0}]",0,0,241,False,0,0,,[],Lynch,0.1,458,180,False,None,0,0,u,0,2,7,2026-07-01,0.0,460,175,0,7103,0,7327,1250,0.0,0.0,Lynch,0
0,1997-11-26,0,18,True,True,None,None,0,0.0,8,214590,None,,0,0,0,0,15.0,212,69,15,12.62,None,,0,2,1.7,1.7,3,0.06,0.05,0.06,0.05,0.00,2.63,2.21,0.0,Aaron,1.7,218,82,2,1.68,0,False,4.7,267,101,611,False,32.4,217,94,,107,,None,45,454,97,p214590,0,0,None,0,,214590.jpg,1.7,243,89,False,29,None,1.7,"[{'offset': 0, 'projected_percent': '1.9', 'likelihood': 1}, {'offset': 1, 'projected_percent': '2.3', 'likelihood': 1}, {'offset': 2, 'projected_percent': '2.7', 'likelihood': 1}]",1,0,50,False,0,0.0,,[],Wan-Bissaka,0.2,321,119,False,None,1,0.84,a,7,2,7,2026-08-21,0.0,413,169,5,16179,3921,5925,1904,0.4,1.1,Wan-Bissaka,0
0,1995-02-06,0,0,True,True,0,0,0,0,0,119090,None,,-1,1,-1,1,0.0,643,283,0,0,None,,0,3,0.0,0.0,0,0.00,0,0.00,0,0.00,0.00,0,0,Leon,0.0,642,282,0,0,0,False,0.0,642,283,618,False,0.0,639,283,,0,Knee injury - Expected back 10 Oct,2026-09-09T09:30:08.229436Z,59,82,53,p119090,0,0,None,0,,119090.jpg,0.0,642,282,False,-4,None,-8.5,"[{'offset': 0, 'projected_percent': '-10.7', 'likelihood': -1}, {'offset': 1, 'projected_percent': '-14.7', 'likelihood': -1}, {'offset': 2, 'projected_percent': '-18.8', 'likelihood': -1}]",0,0,80,False,0,0,,[],Goretzka,0.0,540,220,False,None,0,0,i,0,2,7,2026-08-27,0.0,636,281,0,4605,43,4188,1238,0.0,0.0,Goretzka,0
0,2002-01-30,0,0,True,True,None,None,0,0,0,245719,None,,0,0,0,0,0.0,473,186,0,0,None,,0,2,0.0,0.0,0,0.00,0,0.00,0,0.00,0.00,0,0,Taylor,0.0,492,188,0,0,0,False,0.0,480,186,630,False,0.0,475,186,,0,,None,45,473,111,p245719,0,0,None,0,,245719.jpg,0.0,492,188,False,4,None,0.0,"[{'offset': 0, 'projected_percent': '0.0', 'likelihood': 0}, {'offset': 1, 'projected_percent': '0.1', 'likelihood': 1}, {'offset': 2, 'projected_percent': '0.1', 'likelihood': 1}]",0,0,241,False,0,0,,[],Harwood-Bellis,0.0,583,199,False,None,0,0,a,0,2,7,2026-09-01,0.0,423,175,0,1892,294,756,301,0.0,0.0,Harwood-Bellis,0
0,2008-01-24,0,6,True,True,None,None,0,0.0,0,638987,None,,0,0,0,0,15.2,211,118,2,6.67,None,,0,3,0.5,0.5,1,0.13,0.43,0.15,0.5,0.02,0.86,2.87,0.07,Ibrahim,0.5,355,164,1,3.33,0,False,4.3,271,118,631,False,9.0,307,135,,27,,None,60,79,51,p638987,0,0,None,0,,638987.jpg,1.0,378,176,False,4,None,0.3,"[{'offset': 0, 'projected_percent': '0.3', 'likelihood': 1}, {'offset': 1, 'projected_percent': '0.3', 'likelihood': 1}, {'offset': 2, 'projected_percent': '0.4', 'likelihood': 1}]",1,0,189,False,0,0.0,,[],Mbaye,0.1,467,182,False,None,0,0.0,a,1,2,7,2026-09-01,19.0,161,84,1,8971,2128,3408,1198,0.1,0.2,Mbaye,0
0,1999-10-08,0,33,True,True,None,None,0,0.0,6,457569,None,,0,0,0,0,0.0,477,46,0,0.0,None,,0,1,1.8,1.8,1,0.00,0.0,0.00,0.0,0.00,5.30,1.32,0.0,Đorđe,1.8,204,16,7,1.75,0,False,7.4,212,17,57,False,74.0,86,17,,360,,None,45,483,38,p457569,0,0,None,0,,457569.jpg,1.8,236,19,False,-188,None,2.7,"[{'offset': 0, 'projected_percent': '1.3', 'likelihood': 1}, {'offset': 1, 'projected_percent': '-4.1', 'likelihood': -1}, {'offset': 2, 'projected_percent': '-12.6', 'likelihood': -1}]",31,0,190,False,9,2.25,,[],Petrović,3.0,104,17,False,None,4,1.0,a,0,3,91,2025-07-16,0.0,430,42,7,104651,5787,107750,21619,0.4,1.6,Petrović,0
0,1988-03-17,0,0,True,True,None,None,0,0,0,40383,None,,0,0,0,0,0.0,383,6,0,0,None,,0,1,0.0,0.0,0,0.00,0,0.00,0,0.00,0.00,0,0,Fraser,0.0,408,25,0,0,0,False,0.0,395,25,58,False,0.0,391,25,,0,,None,40,584,50,p40383,0,0,None,0,,40383.jpg,0.0,408,25,False,13,None,4.2,"[{'offset': 0, 'projected_percent': '4.3', 'likelihood': 1}, {'offset': 1, 'projected_percent': '4.5', 'likelihood': 1}, {'offset': 2, 'projected_percent': '4.7', 'likelihood': 1}]",0,0,241,False,0,0,,[],Forster,3.5,94,15,False,None,0,0,a,0,3,91,2026-01-02,0.0,323,2,0,105166,18477,68473,12271,0.0,0.0,Forster,0
0,2000-07-10,0,0,False,True,0,0,0,0,0,444172,None,,0,0,0,0,0.0,408,21,0,0,None,,0,1,0.0,0.0,0,0.00,0,0.00,0,0.00,0.00,0,0,Will,0.0,431,40,0,0,0,False,0.0,419,40,59,False,0.0,414,40,,0,Has joined MK Dons permanently,2026-08-27T14:53:48.692835Z,40,616,65,p444172,0,0,None,0,,444172.jpg,0.0,431,40,False,-4,None,0.0,"[{'offset': 0, 'projected_percent': '0.0', 'likelihood': 0}, {'offset': 1, 'projected_percent': '0.0', 'likelihood': 0}, {'offset': 2, 'projected_percent': '0.0', 'likelihood': 0}]",0,0,241,False,0,0,,[],Dennis,0.1,387,44,False,None,0,0,u,0,3,91,2019-08-01,0.0,348,17,0,1133,0,6793,884,0.0,0.0,Dennis,0
0,2002-01-10,0,28,True,True,None,None,0,0.0,30,463981,None,,0,0,0,0,64.2,62,10,35,8.75,None,,0,2,2.0,2.0,2,0.77,0.19,0.77,0.19,0.00,5.30,1.32,0.0,James,2.0,183,69,7,1.75,0,False,14.6,105,36,60,False,76.0,82,36,,360,,None,55,150,17,p463981,0,0,None,0,,463981.jpg,2.0,219,84,False,-108,None,-22.9,"[{'offset': 0, 'projected_percent': '-33.5', 'likelihood': -2}, {'offset': 1, 'projected_percent': '-53.1', 'likelihood': -3}, {'offset': 2, 'projected_percent': '-72.7', 'likelihood': -3}]",8,0,241,False,0,0.0,,[],Hill,0.8,208,81,False,None,4,1.0,a,5,3,91,2022-01-05,6.0,262,95,8,27218,2798,38196,9232,0.4,1.5,Hill,1
0,2001-11-20,2,47,True,True,None,None,0,0.0,23,494521,None,,0,0,0,0,58.7,72,14,38,9.5,None,,0,2,2.0,2.0,3,0.23,0.06,0.32,0.08,0.09,5.30,1.32,0.02,Adrien,2.0,184,70,7,1.75,0,False,18.6,67,12,61,False,92.0,59,22,,360,,None,55,158,19,p494521,0,0,None,0,,494521.jpg,2.0,220,85,False,-295,None,-82.3,"[{'offset': 0, 'projected_percent': '-89.3', 'likelihood': -3}, {'offset': 1, 'projected_percent': '-102.3', 'likelihood': -5}, {'offset': 2, 'projected_percent': '-115.4', 'likelihood': -5}]",21,0,73,False,0,0.0,,[],Truffert,3.1,100,38,False,None,4,1.0,a,15,3,91,2025-06-16,34.0,117,31,8,50617,5268,141225,27440,0.4,1.5,Truffert,1
0,2001-01-06,0,0,True,True,None,None,0,0,0,242882,None,,0,0,0,0,0.0,581,207,0,0,None,,0,2,0.0,0.0,0,0.00,0,0.00,0,0.00,0.00,0,0,Bafodé,0.0,587,207,0,0,0,False,0.0,582,207,62,False,0.0,577,207,,0,,None,50,277,43,p242882,0,0,None,0,,242882.jpg,0.0,587,207,False,-8,None,-91.0,"[{'offset': 0, 'projected_percent': '-94.8', 'likelihood': -3}, {'offset': 1, 'projected_percent': '-101.8', 'likelihood': -5}, {'offset': 2, 'projected_percent': '-108.8', 'likelihood': -5}]",0,0,73,False,0,0,,[],Diakité,0.2,361,137,False,None,0,0,a,0,3,91,2025-08-13,0.0,553,204,0,6532,790,10784,1947,0.0,0.0,Diakité,0
0,2007-06-28,0,0,True,True,0,0,0,0,0,620487,None,,-1,1,-1,1,0.0,564,204,0,0,None,,0,2,0.0,0.0,0,0.00,0,0.00,0,0.00,0.00,0,0,Veljko,0.0,573,204,0,0,0,False,0.0,568,204,63,False,0.0,563,204,,0,Thigh injury - Unknown return date,2026-08-06T10:00:10.456051Z,49,412,77,p620487,0,0,None,0,,620487.jpg,0.0,573,204,False,-1,None,-2.7,"[{'offset': 0, 'projected_percent': '-5.1', 'likelihood': -1}, {'offset': 1, 'projected_percent': '-9.5', 'likelihood': -1}, {'offset': 2, 'projected_percent': '-14.0', 'likelihood': -1}]",0,0,190,False,0,0,https://www.afcb.co.uk/news/2026/september/10/injury-news--updates-on-/,[],Milosavljevic,0.0,616,208,False,None,0,0,i,0,3,91,2025-09-01,0.0,531,201,0,283,51,785,83,0.0,0.0,Milosavljević,0
0,1991-04-29,0,11,True,True,None,None,0,0.0,16,54469,None,,0,0,0,0,43.6,115,31,21,5.25,None,,0,2,0.5,0.5,0,0.07,0.02,0.08,0.02,0.01,5.30,1.32,0.0,Adam,0.5,323,116,7,1.75,0,False,9.1,186,71,64,False,43.6,172,72,,360,,None,45,426,82,p54469,0,0,None,0,,54469.jpg,0.5,398,142,False,-12,None,0.4,"[{'offset': 0, 'projected_percent': '0.3', 'likelihood': 1}, {'offset': 1, 'projected_percent': '0.2', 'likelihood': 1}, {'offset': 2, 'projected_percent': '-0.2', 'likelihood': -1}]",13,0,241,False,0,0.0,,[],Smith,0.1,389,146,False,None,4,1.0,a,5,3,91,2014-01-28,4.0,280,102,2,6673,693,6465,1618,0.1,0.4,Smith,3
0,2001-08-13,0,0,True,True,0,0,0,0,0,436893,None,,0,0,-1,1,0.0,444,178,0,0,None,,0,2,0.0,0.0,0,0.00,0,0.00,0,0.00,0.00,0,0,Julián,0.0,467,180,0,0,0,False,0.0,455,178,65,False,0.0,450,178,,0,Thigh injury - Unknown return date,2026-08-09T08:00:05.645826Z,44,567,151,p436893,0,0,None,0,,436893.jpg,0.0,467,180,False,-2,None,-8.9,"[{'offset': 0, 'projected_percent': '-13.4', 'likelihood': -1}, {'offset': 1, 'projected_percent': '-21.9', 'likelihood': -2}, {'offset': 2, 'projected_percent': '-30.4', 'likelihood': -2}]",0,0,139,False,0,0,https://www.afcb.co.uk/news/2026/september/10/injury-news--updates-on-/,[],Araujo Zúñiga,0.0,600,204,False,None,0,0,i,0,3,91,2024-08-13,0.0,390,164,0,363,80,1219,131,0.0,0.0,J.Araujo,0
0,2005-02-16,0,0,True,True,100,100,0,0,0,575901,None,,0,0,0,0,0.0,429,167,0,0,None,,0,2,0.0,0.0,0,0.00,0,0.00,0,0.00,0.00,0,0,Julio,0.0,452,169,0,0,0,False,0.0,440,167,66,False,0.0,435,167,,0,,2026-08-15T16:30:07.021055Z,40,645,202,p575901,0,0,None,0,,575901.jpg,0.0,452,169,False,-3,None,1.4,"[{'offset': 0, 'projected_percent': '1.3', 'likelihood': 1}, {'offset': 1, 'projected_percent': '1.3', 'likelihood': 1}, {'offset': 2, 'projected_percent': '1.3', 'likelihood': 1}]",0,0,10,False,0,0,,[],Soler Barreto,0.3,307,115,False,None,0,0,a,0,3,91,2025-01-07,0.0,371,150,0,12781,2037,9528,2047,0.0,0.0,Soler,0
0,2006-08-03,0,28,True,True,None,None,0,0.0,5,499604,None,,0,0,-1,1,33.5,144,89,11,2.85,None,,0,3,2.0,2.0,2,0.08,0.02,0.95,0.25,0.87,4.95,1.28,0.23,Rayan Vitor,2.0,190,89,6,1.56,0,False,14.7,104,55,67,False,22.0,249,104,Rayan,347,,None,64,46,31,p499604,0,0,None,0,,499604.jpg,2.0,227,100,False,-268,None,-87.3,"[{'offset': 0, 'projected_percent': '-99.4', 'likelihood': -4}, {'offset': 1, 'projected_percent': '-122.0', 'likelihood': -5}, {'offset': 2, 'projected_percent': '-144.6', 'likelihood': -5}]",3,0,30,False,0,0.0,,[],Simplício Rocha,1.6,143,44,False,None,4,1.04,a,3,3,91,2026-01-27,91.0,25,14,8,47438,3501,153374,29238,0.3,1.2,Rayan,0
0,1999-03-22,8,139,True,True,None,None,0,0.0,5,201658,1,,1,-1,1,-1,127.0,10,9,36,9.26,1,,1,3,7.2,7.2,8,0.81,0.21,2.51,0.65,1.70,5.14,1.32,0.44,Marcus,7.2,11,4,7,1.8,3,False,42.1,3,3,68,True,151.0,5,3,,350,,None,61,60,42,p201658,0,0,3,0,,201658.jpg,7.2,13,5,False,1869,None,21.0,"[{'offset': 0, 'projected_percent': '25.9', 'likelihood': 2}, {'offset': 1, 'projected_percent': '35.1', 'likelihood': 2}, {'offset': 2, 'projected_percent': '44.3', 'likelihood': 3}]",23,0,241,False,0,0.0,,[],Tavernier,6.1,64,21,False,None,4,1.03,a,8,3,91,2022-08-01,143.0,5,2,29,555453,262563,160587,46848,1.2,4.8,Tavernier,2
2,2003-08-21,5,112,True,True,None,None,1,0.25,15,503139,2,,0,0,1,-1,105.9,24,22,52,13.15,4,,1,3,7.0,7.0,4,0.35,0.09,0.87,0.22,0.52,5.17,1.31,0.13,Alex,7.0,16,7,6,1.52,1,False,24.3,31,22,69,False,94.6,52,22,,356,,None,61,61,43,p503139,0,0,None,0,,503139.jpg,7.0,18,8,False,-180,None,10.3,"[{'offset': 0, 'projected_percent': '9.0', 'likelihood': 1}, {'offset': 1, 'projected_percent': '6.6', 'likelihood': 1}, {'offset': 2, 'projected_percent': '4.2', 'likelihood': 1}]",28,0,241,False,0,0.0,,[],Scott,5.8,68,24,False,None,4,1.01,a,9,3,91,2023-08-10,43.0,93,52,28,513624,61784,156646,63590,1.1,4.6,Scott,1
0,1999-05-05,1,64,True,True,None,None,2,0.61,2,222683,3,,0,0,0,0,46.5,101,67,22,6.73,2,,0,3,3.8,3.8,8,0.08,0.02,1.07,0.32,0.99,4.48,1.37,0.3,Justin,3.8,89,37,3,0.92,1,False,22.5,39,28,70,False,62.2,115,36,,294,,None,60,67,46,p222683,0,0,2,0,,222683.jpg,3.8,105,42,False,31,None,-39.5,"[{'offset': 0, 'projected_percent': '-37.2', 'likelihood': -2}, {'offset': 1, 'projected_percent': '-33.0', 'likelihood': -2}, {'offset': 2, 'projected_percent': '-28.7', 'likelihood': -2}]",16,0,152,False,0,0.0,,[],Kluivert,1.0,182,59,False,None,4,1.22,a,4,3,91,2023-07-01,120.0,14,8,15,47297,11481,62447,8644,0.6,2.5,Kluivert,1
0,1997-02-03,0,22,True,True,None,None,2,1.09,6,155408,None,,0,0,0,0,15.5,209,116,12,6.55,None,,0,3,1.8,1.8,0,0.01,0.01,0.01,0.01,0.00,3.95,2.15,0.0,Lewis,1.8,211,95,1,0.55,0,False,2.5,309,140,71,False,9.0,306,134,,165,,None,50,249,155,p155408,0,0,None,0,,155408.jpg,1.8,238,104,False,-16,None,0.4,"[{'offset': 0, 'projected_percent': '0.3', 'likelihood': 1}, {'offset': 1, 'projected_percent': '0.1', 'likelihood': 1}, {'offset': 2, 'projected_percent': '-7.0', 'likelihood': -1}]",5,0,241,False,0,0.0,,[],Cook,0.2,348,125,False,None,2,1.09,a,1,3,91,2016-07-08,0.0,541,225,7,12701,708,12180,3138,0.4,1.4,Cook,1
0,2005-11-11,0,12,True,True,None,None,0,0.0,0,496208,None,,0,0,-1,1,2.1,311,157,7,63.0,None,,0,3,0.8,0.8,1,0.03,0.27,0.15,1.35,0.12,0.35,3.15,1.08,Ben,0.8,288,131,1,9.0,0,False,2.0,325,148,72,False,3.8,348,159,,10,,None,49,392,234,p496208,0,0,None,0,,496208.jpg,1.0,321,139,False,-3,None,-31.2,"[{'offset': 0, 'projected_percent': '-34.3', 'likelihood': -2}, {'offset': 1, 'projected_percent': '-40.1', 'likelihood': -3}, {'offset': 2, 'projected_percent': '-45.9', 'likelihood': -3}]",5,0,243,False,0,0.0,,[],Gannon-Doak,0.1,481,189,False,None,0,0.0,a,2,3,91,2025-08-18,14.0,194,99,3,1446,284,4097,690,0.2,0.6,Gannon-Doak,0
0,1999-02-14,0,39,True,True,100,100,0,0.0,7,200785,None,,0,0,0,0,19.3,197,110,28,13.12,None,,0,3,2.0,2.0,2,0.03,0.01,0.06,0.02,0.03,1.34,0.63,0.01,Tyler,2.0,179,82,6,2.81,0,False,5.7,245,110,73,False,30.4,223,87,,192,,2026-08-15T16:30:07.029928Z,50,256,159,p200785,0,0,None,0,,200785.jpg,2.0,215,94,False,-11,None,1.6,"[{'offset': 0, 'projected_percent': '1.6', 'likelihood': 1}, {'offset': 1, 'projected_percent': '1.4', 'likelihood': 1}, {'offset': 2, 'projected_percent': '1.3', 'likelihood': 1}]",16,0,229,False,0,0.0,,[],Adams,0.3,304,105,False,None,2,0.94,a,5,3,91,2023-08-20,7.0,247,124,8,16801,2587,14527,3402,0.4,1.6,Adams,0
0,1997-07-08,0,4,True,True,100,100,0,0.0,2,111317,4,,0,0,0,0,1.9,315,159,3,9.0,3,,0,3,0.5,0.5,0,0.01,0.03,0.01,0.03,0.00,0.50,1.5,0.0,David,0.5,338,156,2,6.0,0,False,0.8,360,167,74,False,4.2,345,157,,30,,2026-08-15T16:30:07.037929Z,50,244,152,p111317,0,0,None,0,,111317.jpg,0.7,395,184,False,-2,None,0.0,"[{'offset': 0, 'projected_percent': '-2.4', 'likelihood': -1}, {'offset': 1, 'projected_percent': '-7.6', 'likelihood': -1}, {'offset': 2, 'projected_percent': '-12.8', 'likelihood': -1}]",1,0,244,False,0,0.0,,[],Brooks,0.1,490,194,False,None,0,0.0,a,0,3,91,2018-07-01,2.0,304,149,2,3106,427,3322,761,0.1,0.4,Brooks,1
0,1995-02-22,0,15,True,True,100,100,0,0.0,3,158499,None,,0,0,0,0,14.7,216,119,9,28.93,None,,0,3,0.8,0.8,1,0.12,0.39,0.12,0.39,0.00,0.24,0.77,0.0,Ryan,0.8,290,132,1,3.21,0,False,2.8,300,136,75,False,9.4,303,132,,28,,2026-07-24T17:30:10.035483Z,50,250,156,p158499,0,0,None,0,,158499.jpg,1.0,332,147,False,-2,None,0.3,"[{'offset': 0, 'projected_percent': '0.3', 'likelihood': 1}, {'offset': 1, 'projected_percent': '0.3', 'likelihood': 1}, {'offset': 2, 'projected_percent': '0.3', 'likelihood': 1}]",5,0,243,False,0,0.0,,[],Christie,0.0,525,211,False,None,0,0.0,a,1,3,91,2021-08-31,4.0,284,140,3,3193,479,1829,543,0.2,0.6,Christie,0
0,2005-10-23,0,5,True,True,None,None,0,0.0,0,614574,None,,-1,1,-1,1,0.6,351,173,2,12.0,None,,0,3,0.2,0.2,0,0.00,0.0,0.00,0.0,0.00,0.31,1.86,0.0,Alex,0.2,385,175,2,12.0,0,False,0.3,377,174,76,False,2.8,360,164,,15,,None,49,411,249,p614574,0,0,None,0,,614574.jpg,1.0,329,144,False,0,None,-2.5,"[{'offset': 0, 'projected_percent': '-2.5', 'likelihood': -1}, {'offset': 1, 'projected_percent': '-2.5', 'likelihood': -1}, {'offset': 2, 'projected_percent': '-2.5', 'likelihood': -1}]",1,0,98,False,0,0.0,,[],Tóth,0.0,590,246,False,None,0,0.0,a,1,3,91,2026-01-20,0.0,530,218,1,346,51,704,117,0.0,0.2,Tóth.A,0
0,2000-05-10,0,0,True,True,0,0,0,0,0,489888,None,,0,0,-1,1,0.0,555,234,0,0,None,,0,3,0.0,0.0,0,0.00,0,0.00,0,0.00,0.00,0,0,Amine,0.0,567,234,0,0,0,False,0.0,560,230,77,False,0.0,555,228,,0,Calf injury - Unknown return date,2026-08-15T16:00:07.590566Z,49,391,233,p489888,0,0,None,0,,489888.jpg,0.0,567,234,False,-2,None,-62.2,"[{'offset': 0, 'projected_percent': '-65.3', 'likelihood': -3}, {'offset': 1, 'projected_percent': '-71.0', 'likelihood': -3}, {'offset': 2, 'projected_percent': '-76.8', 'likelihood': -3}]",0,0,145,False,0,0,https://www.afcb.co.uk/news/2026/september/10/injury-news--updates-on-/,[],Adli,0.0,592,248,False,None,0,0,i,0,3,91,2025-08-21,0.0,518,208,0,267,23,2118,186,0.0,0.0,Adli,0
0,2006-06-23,0,0,True,True,0,0,0,0,0,560262,None,,0,0,-1,1,0.0,658,295,0,0,None,,0,3,0.0,0.0,0,0.00,0,0.00,0,0.00,0.00,0,0,Junior,0.0,657,294,0,0,0,False,0.0,658,295,78,False,0.0,658,295,,0,Foot injury - Expected back 7 Nov,2026-07-29T17:30:09.796802Z,74,21,13,p560262,0,0,1,0,,560262.jpg,0.0,657,294,False,-8,None,-55.4,"[{'offset': 0, 'projected_percent': '-56.6', 'likelihood': -3}, {'offset': 1, 'projected_percent': '-58.8', 'likelihood': -3}, {'offset': 2, 'projected_percent': '-61.0', 'likelihood': -3}]",0,0,73,False,0,0,https://www.afcb.co.uk/news/2026/september/10/injury-news--updates-on-/,[],Kroupi,0.2,347,124,False,None,0,0,i,0,3,91,2025-02-02,0.0,658,295,0,1029,124,26245,1556,0.0,0.0,Kroupi.Jr,0
3,1999-10-06,0,54,True,True,None,None,2,0.54,10,444102,None,,0,0,0,0,79.2,42,2,22,5.93,None,,0,4,4.0,4.0,5,0.51,0.14,1.22,0.33,0.71,4.80,1.29,0.19,Francisco Evanilson,4.0,81,8,4,1.08,0,False,18.8,65,11,79,False,60.4,122,7,Evanilson,334,,None,60,72,16,p444102,0,0,None,0,,444102.jpg,4.0,97,11,False,-144,None,47.4,"[{'offset': 0, 'projected_percent': '46.4', 'likelihood': 3}, {'offset': 1, 'projected_percent': '44.5', 'likelihood': 3}, {'offset': 2, 'projected_percent': '42.6', 'likelihood': 3}]",11,0,30,False,0,0.0,,[],de Lima Barbosa,3.2,96,13,False,None,4,1.08,a,1,3,91,2024-08-16,49.0,80,21,16,227166,36109,144868,37023,0.7,2.7,Evanilson,1
0,1997-05-10,0,0,False,True,0,0,0,0,0,168636,None,,0,0,0,0,0.0,632,75,0,0,None,,0,4,0.0,0.0,0,0.00,0,0.00,0,0.00,0.00,0,0,Enes,0.0,632,75,0,0,0,False,0.0,631,74,80,False,0.0,627,71,,0,Has joined Getafe permanently,2026-08-14T14:14:21.881112Z,55,126,32,p168636,0,0,None,0,,168636.jpg,0.0,632,75,False,-1,None,0.0,"[{'offset': 0, 'projected_percent': '0.0', 'likelihood': 0}, {'offset': 1, 'projected_percent': '0.0', 'likelihood': 0}, {'offset': 2, 'projected_percent': '0.0', 'likelihood': 0}]",0,0,219,False,0,0,,[],Ünal,0.0,584,75,False,None,0,0,u,0,3,91,2024-07-01,0.0,619,72,0,0,0,1915,104,0.0,0.0,Enes Ünal,0
0,2004-07-14,0,7,True,True,100,100,0,0.0,0,561245,None,,0,0,0,0,0.5,358,45,1,9.0,None,,0,4,0.5,0.5,1,0.00,0.0,0.00,0.0,0.00,0.18,1.62,0.0,Álvaro,0.5,354,43,1,9.0,0,False,0.1,391,46,81,False,0.0,649,75,,10,,2026-08-15T16:30:07.054142Z,60,76,19,p561245,0,0,None,0,,561245.jpg,1.0,376,46,False,8,None,-35.0,"[{'offset': 0, 'projected_percent': '-29.9', 'likelihood': -2}, {'offset': 1, 'projected_percent': '-20.4', 'likelihood': -2}, {'offset': 2, 'projected_percent': '-10.9', 'likelihood': -1}]",1,0,230,False,0,0.0,,[],Rodríguez,0.1,396,57,False,None,0,0.0,a,0,3,91,2026-07-14,0.0,647,75,2,4519,751,5924,1167,0.1,0.3,Rodríguez,0
0,2003-10-30,0,22,True,True,None,None,0,0.0,38,483067,None,,0,0,0,0,8.6,253,88,41,10.25,None,,0,2,2.5,2.5,3,0.27,0.07,1.12,0.28,0.85,5.30,1.32,0.21,António João,2.5,144,53,7,1.75,0,False,14.1,111,39,566,False,91.8,60,23,António Silva,360,,None,50,295,50,p483067,0,0,None,0,,483067.jpg,2.5,170,66,False,-74,None,1.7,"[{'offset': 0, 'projected_percent': '1.1', 'likelihood': 1}, {'offset': 1, 'projected_percent': '0.1', 'likelihood': 1}, {'offset': 2, 'projected_percent': '-22.8', 'likelihood': -2}]",12,0,173,False,0,0.0,,[],Pereira de Albuquerque Tavares da Silva,0.4,274,99,False,None,4,1.0,a,3,3,91,2026-08-01,41.0,98,24,10,24698,1908,19938,5072,0.5,2.0,Silva,1
0,2003-08-15,0,0,True,True,None,None,0,0,0,494928,None,,-1,1,-1,1,0.0,446,179,0,0,None,,0,2,0.0,0.0,0,0.00,0,0.00,0,0.00,0.00,0,0,Juanlu,0.0,469,181,0,0,0,False,0.0,457,179,573,False,0.0,452,179,,0,,None,44,573,156,p494928,0,0,None,0,,494928.jpg,0.0,469,181,False,-17,None,-7.0,"[{'offset': 0, 'projected_percent': '-11.2', 'likelihood': -1}, {'offset': 1, 'projected_percent': '-19.2', 'likelihood': -1}, {'offset': 2, 'projected_percent': '-27.1', 'likelihood': -2}]",0,0,200,False,0,0,,[],Sánchez,0.2,358,135,False,None,0,0,a,0,3,91,2026-08-06,0.0,393,166,0,1373,267,6445,1084,0.0,0.0,Sanchez,0
0,2003-08-13,0,10,True,True,None,None,0,0.0,0,523700,None,,0,0,0,0,0.8,343,42,1,5.62,None,,0,4,0.5,0.5,0,0.00,0.0,0.10,0.56,0.10,0.36,2.02,0.56,Daniel,0.5,341,38,2,11.25,0,False,2.1,321,38,608,False,3.4,352,35,,16,,None,50,319,60,p523700,0,0,None,0,,523700.jpg,1.0,339,35,False,-6,None,0.5,"[{'offset': 0, 'projected_percent': '0.5', 'likelihood': 1}, {'offset': 1, 'projected_percent': '0.4', 'likelihood': 1}, {'offset': 2, 'projected_percent': '0.3', 'likelihood': 1}]",1,0,39,False,0,0.0,,[],Jebbison,0.1,408,61,False,None,0,0.0,a,0,3,91,2024-07-10,17.0,172,30,2,12081,1704,6060,1753,0.1,0.4,Jebbison,0
0,1997-07-27,0,0,True,True,None,None,0,0,0,230650,None,,0,0,0,0,0.0,467,42,0,0,None,,0,1,0.0,0.0,0,0.00,0,0.00,0,0.00,0.00,0,0,Michele,0.0,487,58,0,0,0,False,0.0,475,58,615,False,0.0,470,58,,0,,None,45,461,34,p230650,0,0,None,0,,230650.jpg,0.0,487,58,False,0,None,-20.9,"[{'offset': 0, 'projected_percent': '-20.9', 'likelihood': -2}, {'offset': 1, 'projected_percent': '-20.9', 'likelihood': -2}, {'offset': 2, 'projected_percent': '-20.9', 'likelihood': -2}]",0,0,106,False,0,0,,[],Di Gregorio,0.0,520,59,False,None,0,0,a,0,3,91,2026-08-25,0.0,417,38,0,2703,303,1483,475,0.0,0.0,Di Gregorio,0
0,1998-11-23,0,70,True,True,None,None,1,0.25,5,200720,None,,0,0,0,0,0.0,572,63,0,0.0,None,,0,1,3.5,3.5,3,0.01,0.0,0.01,0.0,0.00,5.49,1.37,0.0,Caoimhín,3.5,92,10,4,1.0,0,False,10.1,173,6,82,False,101.6,41,6,,360,,None,50,255,9,p200720,0,0,None,0,,200720.jpg,3.5,113,11,False,-429,None,18.5,"[{'offset': 0, 'projected_percent': '15.4', 'likelihood': 1}, {'offset': 1, 'projected_percent': '9.7', 'likelihood': 1}, {'offset': 2, 'projected_percent': '4.0', 'likelihood': 1}]",26,0,104,False,15,3.75,,[],Kelleher,6.1,63,9,False,None,4,1.0,a,0,4,94,2025-06-03,0.0,544,62,14,230268,7757,188807,51591,0.7,2.8,Kelleher,0
0,2001-10-13,0,0,True,True,None,None,0,0,0,507433,None,,0,0,0,0,0.0,487,48,0,0,None,,0,1,0.0,0.0,0,0.00,0,0.00,0,0.00,0.00,0,0,Hákon Rafn,0.0,504,61,0,0,0,False,0.0,492,61,83,False,0.0,487,61,,0,,None,45,499,42,p507433,0,0,None,0,,507433.jpg,0.0,504,61,False,-4,None,-60.5,"[{'offset': 0, 'projected_percent': '-63.6', 'likelihood': -3}, {'offset': 1, 'projected_percent': '-69.3', 'likelihood': -3}, {'offset': 2, 'projected_percent': '-75.0', 'likelihood': -3}]",0,0,99,False,0,0,,[],Valdimarsson,0.1,422,48,False,None,0,0,a,0,4,94,2024-01-26,0.0,443,46,0,2510,262,4080,714,0.0,0.0,Valdimarsson,0
0,2001-04-30,0,39,True,True,0,0,1,0.46,15,432830,None,,-1,1,-1,1,22.4,184,60,17,7.81,None,,0,2,0.0,0.0,0,0.05,0.02,0.56,0.25,0.51,2.13,0.98,0.23,Nathan,2.5,145,54,1,0.46,0,False,11.4,149,56,84,False,40.6,180,76,,196,Calf injury - Unknown return date,2026-09-05T18:00:06.182495Z,54,196,24,p432830,0,0,None,0,,432830.jpg,3.3,122,49,False,-347,None,-8.5,"[{'offset': 0, 'projected_percent': '-13.5', 'likelihood': -1}, {'offset': 1, 'projected_percent': '-22.7', 'likelihood': -2}, {'offset': 2, 'projected_percent': '-31.9', 'likelihood': -2}]",11,0,104,False,0,0.0,https://www.brentfordfc.com/en/news/article/first-team-bournemouth-v-brentford-premier-league-keith-andrews-squad-news-update-nathan-collins,[],Collins,1.1,172,67,False,None,3,1.38,i,2,4,94,2023-07-04,51.0,72,13,10,58610,95,140457,32493,0.5,1.9,Collins,1
0,2001-12-20,0,0,True,True,0,0,0,0,0,444765,None,,0,0,-1,1,0.0,549,202,0,0,None,,0,2,0.0,0.0,0,0.00,0,0.00,0,0.00,0.00,0,0,Sepp,0.0,562,203,0,0,0,False,0.0,555,203,85,False,0.0,550,203,,0,Groin injury - Unknown return date,2026-08-15T15:30:06.416627Z,49,379,69,p444765,0,0,None,0,,444765.jpg,0.0,562,203,False,-4,None,-57.0,"[{'offset': 0, 'projected_percent': '-58.7', 'likelihood': -3}, {'offset': 1, 'projected_percent': '-61.9', 'likelihood': -3}, {'offset': 2, 'projected_percent': '-65.1', 'likelihood': -3}]",0,0,152,False,0,0,https://www.brentfordfc.com/en/news/article/first-team-brentford-v-tottenham-hotspur-premier-league-team-news-mamadou-sangar%C3%A9,[],van den Berg,0.1,475,170,False,None,0,0,i,0,4,94,2024-08-22,0.0,512,199,0,367,31,8513,673,0.0,0.0,Van den Berg,0
1,2001-02-22,3,70,True,True,None,None,1,0.28,12,249231,None,,0,0,0,0,94.2,28,26,29,8.01,1,,0,3,4.8,4.8,1,0.78,0.22,1.84,0.51,1.06,4.99,1.38,0.29,Keane,4.8,48,21,4,1.1,1,False,23.7,33,24,86,False,94.6,51,21,,326,,None,55,142,86,p249231,0,0,None,0,,249231.jpg,4.8,56,24,False,-346,None,35.4,"[{'offset': 0, 'projected_percent': '32.9', 'likelihood': 2}, {'offset': 1, 'projected_percent': '28.3', 'likelihood': 2}, {'offset': 2, 'projected_percent': '23.7', 'likelihood': 2}]",12,0,241,False,0,0.0,,[],Lewis-Potter,1.8,134,41,False,None,4,1.1,a,5,4,94,2022-07-12,49.0,79,45,19,185463,5069,100504,34625,0.9,3.5,Lewis-Potter,0
0,1998-04-17,0,44,True,True,None,None,1,0.25,37,191866,None,,0,0,0,0,22.7,180,59,41,10.25,None,,0,2,3.5,3.5,1,0.03,0.01,0.16,0.04,0.13,5.49,1.37,0.03,Kristoffer,3.5,91,36,4,1.0,0,False,15.3,96,29,87,False,84.8,69,31,,360,,None,45,449,94,p191866,0,0,None,0,,191866.jpg,3.5,110,45,False,-655,None,36.4,"[{'offset': 0, 'projected_percent': '31.8', 'likelihood': 2}, {'offset': 1, 'projected_percent': '23.0', 'likelihood': 2}, {'offset': 2, 'projected_percent': '14.3', 'likelihood': 1}]",8,0,161,False,0,0.0,,[],Ajer,4.1,81,32,False,None,4,1.0,a,4,4,94,2021-07-21,45.0,87,19,14,304088,7548,232081,52359,0.8,3.1,Ajer,1
0,2004-07-10,1,52,True,True,None,None,1,0.4,13,607464,None,,0,0,1,-1,31.9,153,46,14,5.58,None,,1,2,4.2,4.2,1,0.36,0.14,0.91,0.36,0.55,2.69,1.07,0.22,Michael,4.2,66,27,1,0.4,1,False,14.9,100,33,88,False,61.2,120,57,,226,,None,46,425,81,p607464,0,0,None,0,,607464.jpg,4.2,75,32,False,-966,None,-20.8,"[{'offset': 0, 'projected_percent': '-30.1', 'likelihood': -2}, {'offset': 1, 'projected_percent': '-47.3', 'likelihood': -3}, {'offset': 2, 'projected_percent': '-64.5', 'likelihood': -3}]",12,0,106,False,0,0.0,,[],Kayode,7.8,50,19,False,None,3,1.19,a,1,4,94,2025-07-01,56.0,63,8,17,580278,15816,324505,112882,0.9,3.7,Kayode,0
0,1997-07-08,0,3,True,True,None,None,0,0.0,0,194010,None,,-1,1,-1,1,0.0,443,177,0,0.0,None,,0,2,0.2,0.2,0,0.00,0.0,0.00,0.0,0.00,0.00,0.0,0.0,Rico,0.2,366,134,0,0.0,0,False,0.0,454,177,89,False,0.0,449,177,,2,,None,44,560,144,p194010,0,0,None,0,,194010.jpg,1.0,293,109,False,-14,None,-7.2,"[{'offset': 0, 'projected_percent': '-10.4', 'likelihood': -1}, {'offset': 1, 'projected_percent': '-16.3', 'likelihood': -1}, {'offset': 2, 'projected_percent': '-22.3', 'likelihood': -2}]",0,0,107,False,0,0.0,,[],Henry,0.2,341,130,False,None,0,0.0,a,0,4,94,2016-08-31,0.0,388,162,1,1757,343,7715,1365,0.0,0.2,Henry,0
0,2002-06-10,0,12,True,True,None,None,0,0.0,9,472713,None,,0,0,0,0,7.5,257,91,13,8.93,None,,0,2,1.0,1.0,1,0.05,0.03,0.08,0.05,0.03,2.79,1.92,0.02,Aaron,1.0,261,96,3,2.06,0,False,3.5,291,111,90,False,21.6,251,105,,131,,None,45,488,120,p472713,0,0,None,0,,472713.jpg,1.0,304,118,False,-2,None,-25.5,"[{'offset': 0, 'projected_percent': '-27.6', 'likelihood': -2}, {'offset': 1, 'projected_percent': '-31.6', 'likelihood': -2}, {'offset': 2, 'projected_percent': '-35.6', 'likelihood': -2}]",8,0,243,False,0,0.0,,[],Hickey,0.1,465,166,False,None,1,0.69,a,4,4,94,2022-07-09,6.0,255,92,4,1854,269,2650,507,0.2,0.9,Hickey,0
0,2004-12-24,0,0,True,True,None,None,0,0,0,570241,None,,0,0,0,0,0.0,502,193,0,0,None,,0,2,0.0,0.0,0,0.00,0,0.00,0,0.00,0.00,0,0,Kim,0.0,519,195,0,0,0,False,0.0,508,193,92,False,0.0,503,193,Kim Ji-Soo,0,,None,45,517,129,p570241,0,0,None,0,,570241.jpg,0.0,519,195,False,0,None,-95.0,"[{'offset': 0, 'projected_percent': '-95.0', 'likelihood': -4}, {'offset': 1, 'projected_percent': '-95.0', 'likelihood': -4}, {'offset': 2, 'projected_percent': '-95.0', 'likelihood': -4}]",0,0,114,False,0,0,,[],Ji-soo,0.0,576,196,False,None,0,0,a,0,4,94,2023-07-20,0.0,459,186,0,422,57,850,141,0.0,0.0,Ji-soo,0
0,2006-05-16,0,16,True,True,None,None,0,0.0,20,513086,None,,0,0,0,0,0.7,346,130,22,12.15,None,,0,2,1.8,1.8,3,0.02,0.01,0.12,0.07,0.10,3.36,1.86,0.06,Jannik,1.8,205,79,3,1.66,0,False,5.2,255,95,93,False,39.4,187,78,,163,,None,45,501,124,p513086,0,0,None,0,,513086.jpg,3.5,111,46,False,-15,None,-69.1,"[{'offset': 0, 'projected_percent': '-76.8', 'likelihood': -3}, {'offset': 1, 'projected_percent': '-91.0', 'likelihood': -3}, {'offset': 2, 'projected_percent': '-105.3', 'likelihood': -5}]",3,0,14,False,0,0.0,,[],Schuster,0.1,370,142,False,None,1,0.55,a,2,4,94,2026-06-15,12.0,205,69,7,1482,269,4190,777,0.4,1.6,Schuster,0
0,2001-11-27,6,111,True,True,None,None,1,0.25,4,513418,None,,1,-1,1,-1,44.5,109,69,27,6.81,None,,1,3,7.5,7.5,15,0.30,0.08,1.28,0.33,0.98,5.49,1.38,0.25,Kevin,7.5,7,2,4,1.01,3,False,30.8,15,12,94,True,134.8,10,7,,357,,None,61,62,44,p513418,0,0,2,0,,513418.jpg,7.5,9,3,False,3126,None,12.8,"[{'offset': 0, 'projected_percent': '21.1', 'likelihood': 2}, {'offset': 1, 'projected_percent': '36.5', 'likelihood': 2}, {'offset': 2, 'projected_percent': '51.9', 'likelihood': 3}]",17,0,80,False,0,0.0,,[],Schade,7.0,55,19,False,None,4,1.01,a,6,4,94,2023-07-01,129.0,9,4,30,536977,342701,206487,45041,1.2,4.9,Schade,0
0,2002-02-11,0,32,True,True,None,None,1,0.53,9,533463,4,,-1,1,-2,2,59.3,71,54,28,14.82,None,,0,3,1.5,1.5,1,0.39,0.21,0.48,0.26,0.09,2.68,1.42,0.05,Dango,1.5,239,111,1,0.53,0,False,10.8,162,78,95,False,25.2,237,98,,170,,None,63,52,36,p533463,0,0,None,0,,533463.jpg,1.5,266,121,False,-155,None,-17.2,"[{'offset': 0, 'projected_percent': '-30.4', 'likelihood': -2}, {'offset': 1, 'projected_percent': '-54.9', 'likelihood': -3}, {'offset': 2, 'projected_percent': '-79.5', 'likelihood': -3}]",17,0,35,False,0,0.0,,[],Ouattara,0.5,251,81,False,None,2,1.06,a,2,4,94,2025-08-16,23.0,145,74,6,14029,697,75314,11383,0.2,1.0,O.Dango,0
1,2000-07-03,3,59,True,True,None,None,1,0.46,4,440089,2,,-1,1,-1,1,95.0,27,25,21,9.59,3,,0,3,3.2,3.2,1,0.45,0.21,0.58,0.27,0.13,2.36,1.08,0.06,Mikkel,3.2,107,43,1,0.46,0,False,16.6,81,49,96,False,34.2,211,84,,197,,None,54,198,126,p440089,0,0,None,0,,440089.jpg,3.2,129,50,False,-59,None,-3.0,"[{'offset': 0, 'projected_percent': '-9.0', 'likelihood': -1}, {'offset': 1, 'projected_percent': '-20.1', 'likelihood': -2}, {'offset': 2, 'projected_percent': '-31.2', 'likelihood': -2}]",14,0,58,False,0,0.0,,[],Damsgaard,0.4,263,87,False,None,2,0.91,a,3,4,94,2022-08-10,37.0,108,58,13,13156,1171,26537,6399,0.6,2.4,Damsgaard,0
1,1996-01-01,0,22,True,True,0,0,1,1.36,0,207283,1,,0,0,-1,1,46.2,103,68,5,6.82,2,,0,3,0.0,0.0,0,0.34,0.46,0.42,0.57,0.08,0.47,0.64,0.11,Mathias,1.5,233,105,0,0.0,0,False,7.2,216,98,97,False,12.6,282,119,,66,Unspecified injury - Expected back 10 Oct,2026-08-30T12:30:08.176795Z,54,183,115,p207283,0,0,3,0,,207283.jpg,6.0,35,16,False,-18,None,-27.9,"[{'offset': 0, 'projected_percent': '-32.7', 'likelihood': -2}, {'offset': 1, 'projected_percent': '-41.5', 'likelihood': -3}, {'offset': 2, 'projected_percent': '-50.4', 'likelihood': -3}]",3,0,58,False,0,0.0,https://www.brentfordfc.com/en/news/article/first-team-brentford-v-chelsea-premier-league-igor-thiago,[],Jensen,0.1,411,152,False,None,1,1.36,i,2,4,94,2019-07-10,13.0,203,103,6,4481,12,14025,1488,0.3,1.1,Jensen,0
0,1998-05-10,3,96,True,True,None,None,1,0.25,25,204580,3,,0,0,0,0,91.7,31,27,55,13.75,None,,1,3,6.2,6.2,4,0.40,0.1,0.90,0.22,0.50,5.49,1.37,0.12,Vitaly,6.2,28,14,4,1.0,2,False,28.3,23,16,98,False,146.0,7,5,,360,,None,50,258,161,p204580,0,0,None,0,,204580.jpg,6.2,30,15,False,62,None,69.2,"[{'offset': 0, 'projected_percent': '69.7', 'likelihood': 3}, {'offset': 1, 'projected_percent': '70.5', 'likelihood': 3}, {'offset': 2, 'projected_percent': '71.3', 'likelihood': 3}]",16,0,80,False,0,0.0,,[],Janelt,2.5,115,35,False,None,4,1.0,a,14,4,94,2020-10-03,45.0,88,48,25,277436,37611,82546,27217,1.2,5.0,Janelt,3
0,2005-04-03,0,0,True,True,0,0,0,0,0,543295,None,,0,0,0,0,0.0,606,260,0,0,None,,0,3,0.0,0.0,0,0.00,0,0.00,0,0.00,0.00,0,0,Antoni,0.0,609,259,0,0,0,False,0.0,604,257,99,False,0.0,599,255,,0,Knee injury - Unknown return date,2026-07-23T12:01:23.384798Z,50,323,194,p543295,0,0,None,0,,543295.jpg,0.0,609,259,False,0,None,-39.0,"[{'offset': 0, 'projected_percent': '-39.0', 'likelihood': -2}, {'offset': 1, 'projected_percent': '-39.0', 'likelihood': -2}, {'offset': 2, 'projected_percent': '-39.0', 'likelihood': -2}]",0,0,152,False,0,0,https://www.brentfordfc.com/en/news/video/first-team-fabio-carvalho-brentford-injury-return-keith-andrews?utm_source=chatgpt.com,[],Milambo,0.0,650,288,False,None,0,0,i,0,4,94,2025-07-03,0.0,582,246,0,103,14,147,28,0.0,0.0,Milambo,0
0,2002-08-30,0,0,True,True,100,100,0,0,0,244858,None,,0,0,0,0,0.0,582,248,0,0,None,,0,3,0.0,0.0,0,0.00,0,0.00,0,0.00,0.00,0,0,Fábio,0.0,588,247,0,0,0,False,0.0,583,245,100,False,0.0,578,243,Fábio Carvalho,0,,2026-08-18T13:58:17.442072Z,50,278,170,p244858,0,0,None,0,,244858.jpg,0.0,588,247,False,0,None,0.1,"[{'offset': 0, 'projected_percent': '0.1', 'likelihood': 1}, {'offset': 1, 'projected_percent': '0.1', 'likelihood': 1}, {'offset': 2, 'projected_percent': '0.1', 'likelihood': 1}]",0,0,173,False,0,0,,[],Freitas Gouveia Carvalho,0.0,566,235,False,None,0,0,a,0,4,94,2024-08-12,0.0,554,230,0,1257,224,1235,299,0.0,0.0,Carvalho,0
1,2004-03-01,0,31,True,True,None,None,0,0.0,4,508395,None,,-1,1,-2,2,39.5,131,83,16,9.73,None,,0,3,1.5,1.5,4,0.24,0.15,0.31,0.19,0.07,4.03,2.45,0.04,Yehor,1.5,222,99,4,2.43,0,False,8.3,200,93,102,False,29.6,225,89,,148,,None,48,421,256,p508395,0,0,None,0,,508395.jpg,1.5,250,109,False,-60,None,-7.5,"[{'offset': 0, 'projected_percent': '-11.4', 'likelihood': -1}, {'offset': 1, 'projected_percent': '-18.5', 'likelihood': -1}, {'offset': 2, 'projected_percent': '-25.7', 'likelihood': -2}]",9,0,225,False,0,0.0,,[],Yarmoliuk,0.7,223,69,False,None,1,0.61,a,3,4,94,2022-10-28,13.0,201,102,6,4027,1500,56254,7354,0.3,1.2,Yarmoliuk,1
0,1998-10-23,0,0,True,True,0,0,0,0,0,183656,None,,0,0,-1,1,0.0,539,223,0,0,None,,0,3,0.0,0.0,0,0.00,0,0.00,0,0.00,0.00,0,0,Josh,0.0,554,224,0,0,0,False,0.0,545,219,103,False,0.0,540,217,,0,Hamstring injury - Expected back 10 Oct,2026-09-04T13:30:08.371955Z,49,356,213,p183656,0,0,None,0,,183656.jpg,0.0,554,224,False,-2,None,-32.0,"[{'offset': 0, 'projected_percent': '-36.0', 'likelihood': -2}, {'offset': 1, 'projected_percent': '-43.3', 'likelihood': -3}, {'offset': 2, 'projected_percent': '-50.6', 'likelihood': -3}]",0,0,241,False,0,0,https://www.brentfordfc.com/en/news/article/first-team-brentford-v-sunderland-premier-league-team-news-mathias-jensen,[],Dasilva,0.0,588,244,False,None,0,0,i,0,4,94,2025-10-23,0.0,500,197,0,388,8,1797,245,0.0,0.0,Dasilva,0
0,1999-12-01,0,28,True,True,None,None,1,0.48,5,444180,None,,-1,1,-1,1,78.3,44,37,24,11.55,None,,0,3,1.2,1.2,1,0.52,0.25,0.71,0.34,0.19,2.80,1.35,0.09,Jaidon,1.2,254,117,3,1.44,0,False,12.7,134,67,105,False,28.4,229,93,,187,,None,59,89,58,p444180,0,0,None,0,,444180.jpg,1.2,278,127,False,-11,None,-21.8,"[{'offset': 0, 'projected_percent': '-25.4', 'likelihood': -2}, {'offset': 1, 'projected_percent': '-32.2', 'likelihood': -2}, {'offset': 2, 'projected_percent': '-38.9', 'likelihood': -2}]",15,0,241,False,0,0.0,,[],Anthony,0.1,383,140,False,None,2,0.96,a,4,4,94,2026-07-07,21.0,154,80,5,4845,482,10061,1757,0.2,0.8,Anthony,1
0,2001-06-26,0,11,True,True,None,None,1,0.26,4,502500,None,,-1,1,-2,2,27.6,166,18,16,4.09,None,,0,4,1.2,1.2,1,0.13,0.03,2.54,0.65,2.41,5.42,1.39,0.62,Igor Thiago,1.2,257,27,4,1.02,0,False,16.2,86,14,106,False,20.6,257,22,Igor Thiago,352,,None,78,15,5,p502500,0,1,1,0,,502500.jpg,1.2,280,33,False,-1476,None,-3.3,"[{'offset': 0, 'projected_percent': '-10.4', 'likelihood': -1}, {'offset': 1, 'projected_percent': '-23.6', 'likelihood': -2}, {'offset': 2, 'projected_percent': '-36.8', 'likelihood': -2}]",10,0,30,False,0,0.0,,[],Nascimento Rodrigues,9.1,44,6,False,None,4,1.02,a,2,4,94,2024-07-01,116.0,15,7,5,205234,17250,954388,179411,0.2,0.6,Thiago,1
0,2007-02-06,0,0,True,True,0,None,0,0,0,593174,None,,0,0,0,0,0.0,509,57,0,0,None,,0,4,0.0,0.0,0,0.00,0,0.00,0,0.00,0.00,0,0,Kaye,0.0,526,58,0,0,0,False,0.0,515,55,107,False,0.0,510,52,,0,Unspecified injury - Unknown return date,2026-09-14T14:00:09.985723Z,45,527,74,p593174,0,0,None,0,,593174.jpg,0.0,526,58,False,-156,None,4.2,"[{'offset': 0, 'projected_percent': '3.0', 'likelihood': 1}, {'offset': 1, 'projected_percent': '1.0', 'likelihood': 1}, {'offset': 2, 'projected_percent': '-4.2', 'likelihood': -1}]",0,0,21,False,0,0,https://www.brentfordfc.com/en/news/article/first-team-reading-v-brentford-carabao-cup-keith-andrews-squad-update-kaye-furo-injury,[],Furo,1.0,184,28,False,None,0,0,i,0,4,94,2026-01-11,0.0,466,51,0,60801,6263,53524,16755,0.0,0.0,Furo,0
0,1992-02-27,0,9,True,True,None,None,0,0.0,1,75115,None,,0,0,0,0,10.4,246,32,2,13.85,None,,0,4,0.8,0.8,0,0.04,0.28,0.11,0.76,0.07,0.15,1.04,0.48,Callum,0.8,304,34,0,0.0,0,False,2.6,307,34,108,False,3.2,355,36,,13,,None,55,122,31,p75115,0,0,None,0,,75115.jpg,1.0,365,42,False,-35,None,-103.2,"[{'offset': 0, 'projected_percent': '-111.5', 'likelihood': -5}, {'offset': 1, 'projected_percent': '-126.8', 'likelihood': -5}, {'offset': 2, 'projected_percent': '-142.2', 'likelihood': -5}]",1,0,241,False,0,0.0,,[],Wilson,0.3,287,49,False,None,0,0.0,a,0,4,94,2026-07-09,12.0,208,33,3,14026,1348,23097,5074,0.1,0.5,Wilson,0
2,2002-06-26,3,76,True,True,None,None,1,0.3,11,513545,None,,0,0,2,-2,57.8,75,55,45,13.5,None,,1,3,5.5,5.5,4,0.65,0.2,1.06,0.32,0.41,4.03,1.21,0.12,Mamadou,5.5,39,17,3,0.9,0,False,16.9,77,46,565,False,74.2,85,25,,300,,None,57,120,78,p513545,0,0,None,0,,513545.jpg,5.5,44,20,False,-2030,None,-102.2,"[{'offset': 0, 'projected_percent': '-116.8', 'likelihood': -5}, {'offset': 1, 'projected_percent': '-143.8', 'likelihood': -5}, {'offset': 2, 'projected_percent': '-170.9', 'likelihood': -5}]",21,0,132,False,0,0.0,,[],Sangaré,11.4,36,15,False,None,4,1.2,a,13,4,94,2026-08-01,40.0,99,54,22,1213989,23870,633130,165147,1.0,3.9,M.Sangaré,1
0,2004-12-29,0,4,True,True,None,None,0,0.0,1,613804,None,,0,0,0,0,1.0,335,123,1,3.0,None,,0,2,0.3,0.3,1,0.01,0.03,0.01,0.03,0.00,0.50,1.5,0.0,El Hadji Malick,0.3,360,128,0,0.0,0,False,0.4,370,135,620,False,3.4,351,133,El Hadji Malick Diouf,30,,None,45,535,135,p613804,0,0,None,0,,613804.jpg,1.0,307,120,False,-8,None,-20.8,"[{'offset': 0, 'projected_percent': '-27.5', 'likelihood': -2}, {'offset': 1, 'projected_percent': '-39.8', 'likelihood': -2}, {'offset': 2, 'projected_percent': '-52.2', 'likelihood': -3}]",1,0,189,False,0,0.0,,[],Diouf,0.1,432,157,False,None,0,0.0,a,0,4,94,2026-08-28,0.0,472,189,1,12983,901,6441,1451,0.1,0.2,Diouf,0
0,2005-11-20,0,0,True,True,None,None,0,0,0,626464,None,,0,0,0,0,0.0,517,211,0,0,None,,0,3,1.1,1.1,0,0.00,0,0.00,0,0.00,0.00,0,0,Gustavo,0.0,534,212,0,0,0,False,0.0,523,206,657,False,0.0,518,204,Gustavo Nunes,0,,None,45,540,282,p626464,0,0,None,0,,626464.jpg,0.0,534,212,False,0,2026-09-25T22:05:18.379374Z,0.0,"[{'offset': 0, 'projected_percent': '0.0', 'likelihood': 0}, {'offset': 1, 'projected_percent': '0.0', 'likelihood': 0}, {'offset': 2, 'projected_percent': '0.0', 'likelihood': 0}]",0,0,30,False,0,0,,[],Nunes Fernandes Gomes,0.0,562,234,False,None,0,0,a,0,4,94,2024-08-28,0.0,476,183,0,1607,1607,369,369,0.0,0.0,Nunes,0
0,2002-08-18,0,80,True,True,None,None,2,0.5,3,489639,None,,0,0,0,0,3.0,296,3,0,0.0,None,,0,1,4.2,4.2,8,0.20,0.05,0.20,0.05,0.00,7.04,1.76,0.0,Bart,4.2,65,5,5,1.25,0,False,9.7,177,7,109,False,93.8,54,8,,360,,None,45,492,41,p489639,0,0,None,0,,489639.jpg,4.2,74,6,False,-410,None,55.1,"[{'offset': 0, 'projected_percent': '52.1', 'likelihood': 3}, {'offset': 1, 'projected_percent': '46.7', 'likelihood': 3}, {'offset': 2, 'projected_percent': '41.2', 'likelihood': 3}]",30,0,152,False,10,2.5,,[],Verbruggen,21.5,16,2,False,None,4,1.0,a,0,5,36,2023-07-03,0.0,436,45,17,677855,73452,505544,106194,0.9,3.8,Verbruggen,0
0,1990-08-18,0,0,True,True,None,None,0,0,0,49262,None,,0,0,0,0,0.0,384,7,0,0,None,,0,1,0.0,0.0,0,0.00,0,0.00,0,0.00,0.00,0,0,Jason,0.0,409,26,0,0,0,False,0.0,396,26,111,False,0.0,392,26,,0,,None,40,585,51,p49262,0,0,None,0,,49262.jpg,0.0,409,26,False,-8,None,2.2,"[{'offset': 0, 'projected_percent': '2.2', 'likelihood': 1}, {'offset': 1, 'projected_percent': '2.0', 'likelihood': 1}, {'offset': 2, 'projected_percent': '1.9', 'likelihood': 1}]",0,0,241,False,0,0,,[],Steele,4.2,79,12,False,None,0,0,a,0,5,36,2018-07-01,0.0,324,3,0,136231,16468,101542,17199,0.0,0.0,Steele,0
0,1999-10-07,0,28,True,True,100,100,1,0.35,6,231416,3,,0,0,-1,1,44.6,107,28,7,2.45,None,,0,2,2.0,2.0,6,0.11,0.04,0.19,0.07,0.08,6.66,2.33,0.03,Ferdi,2.0,169,63,5,1.75,0,False,9.4,182,68,113,False,21.8,250,104,,257,,2026-08-23T13:00:07.595211Z,44,565,149,p231416,0,0,None,0,,231416.jpg,2.7,166,63,False,-124,None,-48.0,"[{'offset': 0, 'projected_percent': '-53.7', 'likelihood': -3}, {'offset': 1, 'projected_percent': '-64.3', 'likelihood': -3}, {'offset': 2, 'projected_percent': '-74.9', 'likelihood': -3}]",5,0,219,False,0,0.0,,[],Kadıoğlu,1.6,144,58,False,None,3,1.05,a,1,5,36,2024-08-27,27.0,128,37,8,25744,3608,123296,14013,0.5,1.8,F.Kadıoğlu,0
0,1997-11-18,0,69,True,True,None,None,2,0.52,20,204120,None,,0,0,0,0,110.5,20,2,22,5.71,None,,0,2,3.2,3.2,6,0.51,0.13,0.57,0.15,0.06,6.82,1.77,0.02,Olivier,3.2,102,39,5,1.3,0,False,19.4,56,7,114,False,64.2,108,50,,347,,None,45,452,96,p204120,0,0,None,0,,204120.jpg,3.2,125,52,False,-2,None,1.9,"[{'offset': 0, 'projected_percent': '1.9', 'likelihood': 1}, {'offset': 1, 'projected_percent': '1.8', 'likelihood': 1}, {'offset': 2, 'projected_percent': '1.8', 'likelihood': 1}]",15,0,73,False,0,0.0,,[],Boscagli,0.3,303,112,False,None,4,1.04,a,2,5,36,2025-07-02,19.0,158,48,13,13990,1155,10561,1983,0.7,2.9,Boscagli,1
3,2000-12-22,4,102,True,True,None,None,2,0.54,5,465730,2,,1,-1,4,-4,138.0,8,1,9,2.43,4,,2,2,8.0,8.0,11,0.44,0.12,1.97,0.53,1.53,6.95,1.88,0.41,Maxim,8.0,6,3,5,1.35,1,False,28.6,21,2,115,True,93.8,55,21,,333,,None,49,386,71,p465730,0,0,None,0,,465730.jpg,8.0,8,4,False,1478,None,5.7,"[{'offset': 0, 'projected_percent': '9.6', 'likelihood': 1}, {'offset': 1, 'projected_percent': '16.9', 'likelihood': 1}, {'offset': 2, 'projected_percent': '24.2', 'likelihood': 2}]",14,0,21,False,0,0.0,,[],De Cuyper,24.3,12,3,False,None,4,1.08,a,4,5,36,2025-07-05,53.0,68,11,32,2356779,348998,356176,94140,1.6,6.5,De Cuyper,1
0,1991-11-21,1,79,True,True,None,None,2,0.5,20,83299,None,,0,0,0,0,14.6,217,73,23,5.75,3,,1,2,5.5,5.5,12,0.09,0.02,0.12,0.03,0.03,7.04,1.76,0.01,Lewis,5.5,36,15,5,1.25,1,False,14.3,109,38,116,False,116.2,20,3,,360,,None,45,431,83,p83299,0,0,None,0,,83299.jpg,5.5,41,17,False,87,None,18.1,"[{'offset': 0, 'projected_percent': '18.7', 'likelihood': 1}, {'offset': 1, 'projected_percent': '19.9', 'likelihood': 1}, {'offset': 2, 'projected_percent': '21.0', 'likelihood': 2}]",13,0,241,False,0,0.0,,[],Dunk,1.5,149,60,False,None,4,1.0,a,3,5,36,2009-07-01,11.0,214,73,22,77275,23827,38733,9290,1.2,4.9,Dunk,1
0,None,0,0,True,True,None,None,0,0,0,550090,None,,0,0,0,0,0.0,496,192,0,0,None,,0,2,0.0,0.0,0,0.00,0,0.00,0,0.00,0.00,0,0,Diego,0.0,513,194,0,0,0,False,0.0,501,192,117,False,0.0,496,192,,0,,None,45,509,127,p550090,0,0,None,0,,550090.jpg,0.0,513,194,False,0,None,-17.4,"[{'offset': 0, 'projected_percent': '-17.4', 'likelihood': -1}, {'offset': 1, 'projected_percent': '-17.4', 'likelihood': -1}, {'offset': 2, 'projected_percent': '-17.4', 'likelihood': -1}]",0,0,None,False,0,0,,[],Coppola,0.0,570,195,False,None,0,0,a,0,5,36,None,0.0,452,185,0,788,156,944,194,0.0,0.0,Coppola,0
0,1998-02-07,0,0,False,True,0,0,0,0,0,223434,None,,0,0,0,0,0.0,466,182,0,0,None,,0,2,0.0,0.0,0,0.00,0,0.00,0,0.00,0.00,0,0,Igor Julio,0.0,486,184,0,0,0,False,0.0,474,182,118,False,0.0,469,182,Igor Julio,0,Has joined Burnley permanently,2026-09-02T15:38:15.529699Z,45,459,101,p223434,0,0,None,0,,223434.jpg,0.0,486,184,False,-9,None,0.0,"[{'offset': 0, 'projected_percent': '0.0', 'likelihood': 0}, {'offset': 1, 'projected_percent': '0.0', 'likelihood': 0}, {'offset': 2, 'projected_percent': '0.0', 'likelihood': 0}]",0,0,30,False,0,0,,[],dos Santos de Paulo,0.0,505,178,False,None,0,0,u,0,5,36,2023-07-26,0.0,416,171,0,915,0,5515,755,0.0,0.0,Igor,0
0,2000-03-26,0,16,True,True,None,None,0,0.0,5,451490,None,,0,0,0,0,17.0,206,66,6,10.0,None,,0,2,0.8,0.8,1,0.16,0.27,0.28,0.47,0.12,0.28,0.47,0.2,João Pedro,0.8,285,106,0,0.0,0,False,5.0,260,99,119,False,15.2,273,111,Costinha,54,,None,45,482,118,p451490,0,0,None,0,,451490.jpg,0.8,388,135,False,-2,None,-5.6,"[{'offset': 0, 'projected_percent': '-8.8', 'likelihood': -1}, {'offset': 1, 'projected_percent': '-14.9', 'likelihood': -1}, {'offset': 2, 'projected_percent': '-20.9', 'likelihood': -2}]",1,0,173,False,0,0.0,,[],Loureiro da Costa,0.0,519,183,False,None,0,0.0,a,1,5,36,2026-06-15,18.0,164,50,3,1071,182,1282,263,0.2,0.7,Costinha,1
0,1998-10-15,0,0,True,True,None,None,0,0,0,454490,None,,0,0,0,0,0.0,585,208,0,0,None,,0,2,0.0,0.0,0,0.00,0,0.00,0,0.00,0.00,0,0,Michael,0.0,589,208,0,0,0,False,0.0,584,208,120,False,0.0,579,208,,0,,None,50,286,47,p454490,0,0,None,0,,454490.jpg,0.0,589,208,False,-2,None,0.0,"[{'offset': 0, 'projected_percent': '-2.5', 'likelihood': -1}, {'offset': 1, 'projected_percent': '-7.8', 'likelihood': -1}, {'offset': 2, 'projected_percent': '-13.1', 'likelihood': -1}]",0,0,14,False,0,0,,[],Svoboda,0.1,491,174,False,None,0,0,a,0,5,36,2026-07-02,0.0,558,205,0,3102,573,3397,832,0.0,0.0,Svoboda,0
0,1997-05-20,0,0,True,True,0,0,0,0,0,451340,None,,0,0,-1,1,0.0,645,284,0,0,None,,0,3,0.0,0.0,0,0.00,0,0.00,0,0.00,0.00,0,0,Mitoma,0.0,644,283,0,0,0,False,0.0,644,284,121,False,0.0,642,284,,0,Hamstring injury - Expected back 10 Oct,2026-07-24T18:30:10.661894Z,59,90,59,p451340,0,0,None,0,,451340.jpg,0.0,644,283,False,-2,None,-18.8,"[{'offset': 0, 'projected_percent': '-20.6', 'likelihood': -2}, {'offset': 1, 'projected_percent': '-24.0', 'likelihood': -2}, {'offset': 2, 'projected_percent': '-27.5', 'likelihood': -2}]",0,0,108,False,0,0,https://www.brightonandhovealbion.com/media-article/mft-match-preview-bha-leeds-united-pl-september-2026?utm_source=chatgpt.com,[],Kaoru,0.0,536,218,False,None,0,0,i,0,5,36,2021-08-09,0.0,639,282,0,415,52,2906,261,0.0,0.0,Mitoma,0
0,2004-07-22,0,0,True,True,0,0,0,0,0,592031,5,,0,0,-1,1,0.0,649,287,0,0,None,,0,3,0.0,0.0,0,0.00,0,0.00,0,0.00,0.00,0,0,Yankuba,0.0,648,286,0,0,0,False,0.0,648,287,122,False,0.0,646,287,,0,Leg injury - Expected back 28 Nov,2026-08-14T18:00:06.418033Z,59,98,63,p592031,0,0,None,0,,592031.jpg,0.0,648,286,False,-2,None,-90.0,"[{'offset': 0, 'projected_percent': '-92.0', 'likelihood': -3}, {'offset': 1, 'projected_percent': '-95.6', 'likelihood': -4}, {'offset': 2, 'projected_percent': '-99.3', 'likelihood': -4}]",0,0,78,False,0,0,https://www.brightonandhovealbion.com/media-article/fabian-hurzeler-reflects-on-albions-pre-season-win-over-as-roma?utm_source=premier-league-web&utm_medium=referral&utm_campaign=pl-referral-always-on&utm_term=content-card,[],Minteh,0.0,529,214,False,None,0,0,i,0,5,36,2024-07-01,0.0,643,285,0,287,25,6616,418,0.0,0.0,Minteh,0
0,2005-04-11,3,54,True,True,0,0,1,1.43,0,532529,None,,-1,1,-1,1,13.4,228,123,3,4.29,None,,1,3,0.0,0.0,0,0.02,0.03,1.43,2.04,1.41,0.19,0.27,2.01,Jack,4.0,80,33,0,0.0,2,False,14.5,108,57,123,False,72.8,88,27,,63,Ankle injury - Expected back 10 Oct,2026-08-27T19:30:07.780933Z,59,96,62,p532529,0,0,None,0,,532529.jpg,16.0,1,1,False,-194,None,-20.3,"[{'offset': 0, 'projected_percent': '-25.0', 'likelihood': -2}, {'offset': 1, 'projected_percent': '-33.7', 'likelihood': -2}, {'offset': 2, 'projected_percent': '-42.5', 'likelihood': -3}]",1,0,241,False,0,0.0,https://www.brightonandhovealbion.com/media-article/match-preview-albion-head-to-chelsea-on-sunday,[],Hinshelwood,0.6,229,72,False,None,1,1.43,i,2,5,36,2022-12-30,59.0,60,40,16,147605,112,205684,23127,0.7,2.7,Hinshelwood,0
3,1991-06-15,6,119,True,True,None,None,2,0.5,6,60307,1,,1,-1,2,-2,185.7,1,1,21,5.25,1,,2,3,8.2,8.2,17,0.61,0.15,2.27,0.57,1.66,7.04,1.76,0.42,Pascal,8.2,2,1,5,1.25,2,False,40.3,4,4,124,True,152.6,4,2,,360,,None,57,117,76,p60307,0,0,1,0,,60307.jpg,8.2,3,2,False,4059,None,22.2,"[{'offset': 0, 'projected_percent': '33.0', 'likelihood': 2}, {'offset': 1, 'projected_percent': '52.9', 'likelihood': 3}, {'offset': 2, 'projected_percent': '72.9', 'likelihood': 3}]",9,0,80,False,0,0.0,,[],Groß,20.2,17,7,False,None,4,1.0,a,6,5,36,2026-01-02,68.0,51,32,33,1251996,495912,504292,79867,1.4,5.8,Groß,2
1,2002-04-20,0,22,True,True,100,75,1,1.0,1,463067,None,,0,0,-1,1,11.4,240,29,7,7.0,None,,0,4,1.2,0.9,0,0.44,0.44,0.52,0.52,0.08,0.29,0.29,0.08,Georginio,1.2,249,25,0,0.0,0,False,4.6,268,31,125,False,19.8,259,23,,90,,2026-08-26T16:00:07.608056Z,54,205,46,p463067,0,0,None,0,,463067.jpg,5.0,49,5,False,-75,None,-79.3,"[{'offset': 0, 'projected_percent': '-91.0', 'likelihood': -3}, {'offset': 1, 'projected_percent': '-112.9', 'likelihood': -5}, {'offset': 2, 'projected_percent': '-134.7', 'likelihood': -5}]",4,0,73,False,0,0.0,,[],Rutter,0.5,255,43,False,None,1,1.0,a,2,5,36,2024-08-19,15.0,191,32,5,31441,1759,70259,10115,0.2,0.9,Georginio,0
0,2000-11-21,0,4,True,True,None,None,0,0.0,0,219249,None,,-1,1,-1,1,10.5,244,129,1,15.0,None,,0,3,0.2,0.2,1,0.01,0.15,0.01,0.15,0.00,0.04,0.6,0.0,Matt,0.2,394,183,0,0.0,0,False,1.3,343,158,126,False,2.2,365,168,,6,,None,54,186,118,p219249,0,0,3,0,,219249.jpg,1.0,354,163,False,-8,None,-4.7,"[{'offset': 0, 'projected_percent': '-8.3', 'likelihood': -1}, {'offset': 1, 'projected_percent': '-15.1', 'likelihood': -1}, {'offset': 2, 'projected_percent': '-21.8', 'likelihood': -2}]",1,0,58,False,0,0.0,,[],O'Riley,0.1,423,160,False,None,0,0.0,a,0,5,36,2024-08-26,0.0,606,261,1,3107,510,5807,1090,0.0,0.2,O'Riley,0
2,2003-03-27,0,61,True,True,None,None,2,0.52,6,514254,None,,0,0,0,0,80.8,41,35,23,5.95,5,,0,3,4.0,4.0,3,0.76,0.2,1.55,0.4,0.79,7.01,1.81,0.2,Diego,4.0,77,31,5,1.29,0,False,25.8,26,19,127,False,55.2,138,47,Diego Gómez,348,,None,50,313,186,p514254,0,0,None,0,,514254.jpg,4.0,88,34,False,-729,None,40.0,"[{'offset': 0, 'projected_percent': '34.8', 'likelihood': 2}, {'offset': 1, 'projected_percent': '25.1', 'likelihood': 2}, {'offset': 2, 'projected_percent': '15.4', 'likelihood': 1}]",9,0,168,False,0,0.0,,[],Gómez Amarilla,4.3,77,26,False,None,4,1.03,a,8,5,36,2025-01-01,122.0,13,7,16,320234,11104,239889,60304,0.8,3.2,Gomez,0
0,2004-12-23,0,0,False,True,0,0,0,0,0,536916,None,,0,0,0,0,0.0,605,259,0,0,None,,0,3,0.0,0.0,0,0.00,0,0.00,0,0.00,0.00,0,0,Facundo,0.0,608,258,0,0,0,False,0.0,603,256,128,False,0.0,598,254,,0,Has joined Elche on loan for the rest of the season,2026-08-10T14:03:07.561436Z,50,322,193,p536916,0,0,None,0,,536916.jpg,0.0,608,258,False,0,None,0.0,"[{'offset': 0, 'projected_percent': '0.0', 'likelihood': 0}, {'offset': 1, 'projected_percent': '0.0', 'likelihood': 0}, {'offset': 2, 'projected_percent': '0.0', 'likelihood': 0}]",0,0,10,False,0,0,,[],Buonanotte,0.0,648,286,False,None,0,0,u,0,5,36,2023-01-01,0.0,581,245,0,0,0,321,15,0.0,0.0,Buonanotte,0
0,2003-10-06,0,64,True,True,100,100,2,0.74,2,509416,4,,0,0,-1,1,36.6,138,87,14,5.19,2,,0,3,3.0,3.0,8,0.10,0.04,0.69,0.26,0.59,4.01,1.49,0.22,Yasin,3.0,121,53,1,0.37,1,False,13.4,124,63,129,False,50.4,157,58,,243,,2026-08-30T18:00:07.935334Z,54,215,137,p509416,0,0,None,0,,509416.jpg,4.0,91,36,False,-4,None,-46.3,"[{'offset': 0, 'projected_percent': '-47.1', 'likelihood': -3}, {'offset': 1, 'projected_percent': '-48.6', 'likelihood': -3}, {'offset': 2, 'projected_percent': '-50.1', 'likelihood': -3}]",11,0,206,False,0,0.0,,[],Ayari,0.4,275,93,False,None,3,1.11,a,1,5,36,2023-01-30,51.0,73,43,12,9779,2991,38611,3448,0.6,2.2,Ayari,1
0,1999-11-16,1,38,True,True,0,0,1,0.58,11,467779,None,,-1,1,-1,1,35.5,141,42,15,8.65,None,,0,2,0.0,0.0,0,0.13,0.08,0.25,0.15,0.12,3.18,1.83,0.07,Mats,1.8,208,80,4,2.31,0,False,8.3,201,74,130,False,37.0,195,82,,156,Knee injury - Unknown return date,2026-09-04T09:30:08.612904Z,49,387,72,p467779,0,0,None,0,,467779.jpg,3.5,112,47,False,-57,None,-8.0,"[{'offset': 0, 'projected_percent': '-12.4', 'likelihood': -1}, {'offset': 1, 'projected_percent': '-20.7', 'likelihood': -2}, {'offset': 2, 'projected_percent': '-29.0', 'likelihood': -2}]",9,0,152,False,0,0.0,https://www.brightonandhovealbion.com/media-article/mft-match-preview-bha-leeds-united-pl-september-2026,[],Wieffer,0.2,335,125,False,None,2,1.15,i,4,5,36,2024-07-06,10.0,222,77,7,25906,48,40452,5979,0.4,1.4,Wieffer,0
0,None,0,0,False,True,0,0,0,0,0,597320,None,,0,0,0,0,0.0,512,208,0,0,None,,0,3,0.0,0.0,0,0.00,0,0.00,0,0.00,0.00,0,0,Harry,0.0,529,209,0,0,0,False,0.0,518,203,132,False,0.0,513,201,,0,Has joined Leicester City on loan for the rest of the season,2026-08-17T13:53:19.019938Z,45,530,277,p597320,0,0,None,0,,597320.jpg,0.0,529,209,False,0,None,0.0,"[{'offset': 0, 'projected_percent': '0.0', 'likelihood': 0}, {'offset': 1, 'projected_percent': '0.0', 'likelihood': 0}, {'offset': 2, 'projected_percent': '0.0', 'likelihood': 0}]",0,0,None,False,0,0,,[],Howell,0.0,532,216,False,None,0,0,u,0,5,36,None,0.0,469,180,0,0,0,3430,347,0.0,0.0,Howell,0
0,2006-04-08,0,0,False,True,0,0,0,0,0,549074,None,,0,0,0,0,0.0,607,261,0,0,None,,0,3,0.0,0.0,0,0.00,0,0.00,0,0.00,0.00,0,0,Tom,0.0,610,260,0,0,0,False,0.0,605,258,133,False,0.0,600,256,,0,Has joined Leicester City on loan for the rest of the season,2026-08-03T14:05:44.459483Z,50,324,195,p549074,0,0,None,0,,549074.jpg,0.0,610,260,False,0,None,0.0,"[{'offset': 0, 'projected_percent': '0.0', 'likelihood': 0}, {'offset': 1, 'projected_percent': '0.0', 'likelihood': 0}, {'offset': 2, 'projected_percent': '0.0', 'likelihood': 0}]",0,0,241,False,0,0,,[],Watson,0.0,656,293,False,None,0,0,u,0,5,36,2025-06-01,0.0,583,247,0,0,0,130,9,0.0,0.0,Watson,0
0,2007-06-11,0,0,True,True,None,None,0,0,0,556637,None,,0,0,0,0,0.0,499,202,0,0,None,,0,3,0.0,0.0,0,0.00,0,0.00,0,0.00,0.00,0,0,Nehemiah,0.0,516,203,0,0,0,False,0.0,504,197,134,False,0.0,499,195,,0,,None,45,513,270,p556637,0,0,None,0,,556637.jpg,0.0,516,203,False,-16,None,-44.8,"[{'offset': 0, 'projected_percent': '-49.5', 'likelihood': -3}, {'offset': 1, 'projected_percent': '-58.2', 'likelihood': -3}, {'offset': 2, 'projected_percent': '-66.8', 'likelihood': -3}]",0,0,241,False,0,0,,[],Oriola,0.2,310,107,False,None,0,0,a,0,5,36,2025-10-17,0.0,455,174,0,8336,822,12337,2511,0.0,0.0,Oriola,0
0,2007-06-29,0,3,True,True,0,0,0,0.0,0,700308,None,,0,0,-1,1,1.3,329,164,0,0.0,None,,0,3,0.0,0.0,0,0.03,0.22,0.03,0.22,0.00,0.00,0.0,0.0,Zadok,0.2,386,176,0,0.0,0,False,0.2,383,179,135,False,0.2,386,180,,12,Unspecified injury - Expected back 10 Oct,2026-09-10T13:00:08.617941Z,49,418,254,p700308,0,0,None,0,,700308.jpg,1.0,331,146,False,-10,None,-57.8,"[{'offset': 0, 'projected_percent': '-65.0', 'likelihood': -3}, {'offset': 1, 'projected_percent': '-78.4', 'likelihood': -3}, {'offset': 2, 'projected_percent': '-91.8', 'likelihood': -3}]",0,0,157,False,0,0.0,,[],Yohanna,0.0,510,204,False,None,0,0.0,i,0,5,36,2026-06-15,0.0,535,222,1,1235,27,4898,987,0.0,0.2,Yohanna,0
0,2006-01-06,0,0,True,True,0,0,0,0,0,608181,None,,-1,1,-1,1,0.0,628,73,0,0,None,,0,4,0.0,0.0,0,0.00,0,0.00,0,0.00,0.00,0,0,Stefanos,0.0,630,73,0,0,0,False,0.0,629,72,137,False,0.0,625,69,,0,Knee injury - Unknown return date,2026-07-23T12:01:23.432796Z,54,224,49,p608181,0,0,None,0,,608181.jpg,0.0,630,73,False,3,None,-2.5,"[{'offset': 0, 'projected_percent': '0.0', 'likelihood': 0}, {'offset': 1, 'projected_percent': '0.1', 'likelihood': 1}, {'offset': 2, 'projected_percent': '0.1', 'likelihood': 1}]",0,0,83,False,0,0,https://www.brightonandhovealbion.com/media-article/fabian-hurzeler-reflects-on-a-successful-training-camp?srsltid=AfmBOoq6Qw6fHwT9Mxn5PIGBhoGos01rwVude5hxVRG_7iMPpS-YkOIf&utm_source=chatgpt.com,[],Tzimas,0.0,625,77,False,None,0,0,i,0,5,36,2025-02-03,0.0,615,70,0,282,48,689,75,0.0,0.0,Tzimas,0
2,2007-05-30,1,65,True,True,None,None,1,0.32,5,647850,None,,0,0,0,0,27.8,165,17,23,7.45,None,,0,4,4.5,4.5,10,0.05,0.02,1.22,0.4,1.17,6.78,2.19,0.38,Charalampos,4.5,61,6,5,1.62,1,False,16.3,84,13,138,False,47.6,163,13,,278,,None,55,172,41,p647850,0,0,None,0,,647850.jpg,4.5,70,7,False,399,None,27.5,"[{'offset': 0, 'projected_percent': '30.3', 'likelihood': 2}, {'offset': 1, 'projected_percent': '35.6', 'likelihood': 2}, {'offset': 2, 'projected_percent': '41.0', 'likelihood': 3}]",15,0,83,False,0,0.0,,[],Kostoulas,0.9,197,30,False,None,3,0.97,a,3,5,36,2025-07-01,89.0,26,10,18,92481,44948,29192,11761,0.8,3.3,Kostoulas,0
0,2004-10-19,0,0,True,True,0,0,0,0,0,487117,None,,0,0,0,0,0.0,592,65,0,0,None,,0,4,0.0,0.0,0,0.00,0,0.00,0,0.00,0.00,0,0,Evan,0.0,595,66,0,0,0,False,0.0,590,63,139,False,0.0,585,60,,0,Ankle injury - Expected back 10 Oct,2026-07-23T12:01:23.448357Z,50,298,57,p487117,0,0,None,0,,487117.jpg,0.0,595,66,False,-4,None,-43.3,"[{'offset': 0, 'projected_percent': '-46.9', 'likelihood': -3}, {'offset': 1, 'projected_percent': '-53.7', 'likelihood': -3}, {'offset': 2, 'projected_percent': '-60.5', 'likelihood': -3}]",0,0,104,False,0,0,https://www.brightonandhovealbion.com/media-article/fabian-hurzeler-reflects-on-a-successful-training-camp?srsltid=AfmBOoq6Qw6fHwT9Mxn5PIGBhoGos01rwVude5hxVRG_7iMPpS-YkOIf&utm_source=chatgpt.com,[],Ferguson,0.0,535,72,False,None,0,0,i,0,5,36,2021-08-23,0.0,566,59,0,1422,213,2220,355,0.0,0.0,Ferguson,0
0,1999-08-11,0,7,True,True,100,100,0,0.0,4,222694,None,,-1,1,-1,1,0.9,339,127,4,27.69,None,,0,2,0.5,0.5,1,0.01,0.07,0.01,0.07,0.00,0.22,1.52,0.0,Pascal,0.5,331,120,0,0.0,0,False,1.2,346,126,328,False,11.4,289,117,,13,,2026-08-15T20:30:07.523574Z,49,366,66,p222694,0,0,None,0,,222694.jpg,1.0,318,125,False,-11,None,-11.4,"[{'offset': 0, 'projected_percent': '-14.1', 'likelihood': -1}, {'offset': 1, 'projected_percent': '-19.2', 'likelihood': -1}, {'offset': 2, 'projected_percent': '-24.2', 'likelihood': -2}]",0,0,152,False,0,0.0,,[],Struijk,0.2,349,131,False,None,0,0.0,a,0,5,36,2026-06-30,0.0,504,198,2,4988,530,10840,2109,0.1,0.4,Struijk,0
0,2007-02-24,2,71,True,True,None,None,2,0.52,27,610799,None,,0,0,0,0,16.4,208,68,31,8.04,None,,1,2,6.0,6.0,6,0.07,0.02,0.53,0.14,0.46,6.82,1.77,0.12,Luka,6.0,31,12,5,1.3,1,False,19.4,57,8,504,False,107.6,35,15,,347,,None,50,334,58,p610799,0,0,None,0,,610799.jpg,6.0,33,13,False,-140,None,34.0,"[{'offset': 0, 'projected_percent': '33.0', 'likelihood': 2}, {'offset': 1, 'projected_percent': '31.1', 'likelihood': 2}, {'offset': 2, 'projected_percent': '29.2', 'likelihood': 2}]",13,0,97,False,0,0.0,,[],Vušković,3.1,101,39,False,None,4,1.04,a,4,5,36,2026-07-14,70.0,47,5,24,199603,24191,117335,27463,1.2,4.8,Vuskovic,0
0,2001-07-03,0,-4,True,True,None,None,0,0.0,0,538007,None,,0,0,0,0,3.7,290,37,0,0.0,None,,0,4,0.2,0.2,0,0.00,0.0,0.42,1.64,0.42,0.14,0.55,1.64,Promise,0.2,402,49,0,0.0,0,False,0.4,373,43,594,False,0.0,648,74,,23,,None,60,74,17,p538007,0,0,2,0,,538007.jpg,0.5,403,50,False,-37,None,-106.0,"[{'offset': 0, 'projected_percent': '-119.3', 'likelihood': -5}, {'offset': 1, 'projected_percent': '-144.0', 'likelihood': -5}, {'offset': 2, 'projected_percent': '-168.6', 'likelihood': -5}]",0,0,39,False,0,0.0,,[],David,0.2,330,53,False,None,0,0.0,a,0,5,36,2026-08-18,4.0,292,40,1,11601,1839,19425,4348,0.0,0.2,David,1
0,2004-11-29,0,15,True,True,None,None,0,0.0,0,612855,None,,0,0,0,0,17.8,202,113,4,9.0,None,,0,3,0.8,0.8,1,0.07,0.16,0.12,0.27,0.05,0.32,0.72,0.11,Ibrahim,0.8,294,135,1,2.25,0,False,4.2,274,121,600,False,7.2,317,143,,40,,None,50,335,202,p612855,0,0,None,0,,612855.jpg,1.0,342,154,False,2,None,-51.5,"[{'offset': 0, 'projected_percent': '-42.9', 'likelihood': -3}, {'offset': 1, 'projected_percent': '-27.0', 'likelihood': -2}, {'offset': 2, 'projected_percent': '-11.1', 'likelihood': -1}]",3,0,81,False,0,0.0,,[],Osman,0.0,580,242,False,None,0,0.0,a,1,5,36,2024-07-01,19.0,160,83,3,818,135,917,191,0.2,0.6,Osman,0
0,2005-11-18,1,87,True,True,None,None,1,0.39,6,611695,None,,0,0,0,0,60.0,68,53,18,7.01,None,,0,3,4.8,4.8,8,0.27,0.11,1.69,0.66,1.42,6.43,2.51,0.55,Malick,4.8,45,19,4,1.56,2,False,27.2,24,17,605,False,107.0,37,16,,231,,None,45,533,278,p611695,0,0,None,0,,611695.jpg,4.8,53,22,False,560,None,47.1,"[{'offset': 0, 'projected_percent': '51.1', 'likelihood': 3}, {'offset': 1, 'projected_percent': '58.5', 'likelihood': 3}, {'offset': 2, 'projected_percent': '66.0', 'likelihood': 3}]",7,0,54,False,0,0.0,,[],Yalcouyé,4.0,84,29,False,None,3,1.17,a,5,5,36,2024-07-12,105.0,20,10,19,503683,105487,129330,34441,1.1,4.2,Yalcouyé,0
0,2003-03-26,0,0,True,True,None,None,0,0,0,512123,None,,0,0,0,0,0.0,488,189,0,0,None,,0,2,0.0,0.0,0,0.00,0,0.00,0,0.00,0.00,0,0,Jaouen,0.0,505,191,0,0,0,False,0.0,493,189,614,False,0.0,488,189,,0,,None,45,500,123,p512123,0,0,None,0,,512123.jpg,0.0,505,191,False,1,None,-17.7,"[{'offset': 0, 'projected_percent': '-15.5', 'likelihood': -1}, {'offset': 1, 'projected_percent': '-11.3', 'likelihood': -1}, {'offset': 2, 'projected_percent': '-7.1', 'likelihood': -1}]",0,0,3,False,0,0,,[],Hadjam,0.0,509,179,False,None,0,0,a,0,5,36,2026-08-25,0.0,444,182,0,3631,405,1660,561,0.0,0.0,Hadjam,0
0,None,0,0,False,True,0,0,0,0,0,519324,None,,0,0,0,0,0.0,603,257,0,0,None,,0,3,0.0,0.0,0,0.00,0,0.00,0,0.00,0.00,0,0,Amario,0.0,606,256,0,0,0,False,0.0,601,254,624,False,0.0,596,252,,0,Has joined Middlesbrough on loan for the rest of the season,2026-09-02T15:38:15.552951Z,50,317,190,p519324,0,0,None,0,,519324.jpg,0.0,606,256,False,0,None,0.0,"[{'offset': 0, 'projected_percent': '0.0', 'likelihood': 0}, {'offset': 1, 'projected_percent': '0.0', 'likelihood': 0}, {'offset': 2, 'projected_percent': '0.0', 'likelihood': 0}]",0,0,None,False,0,0,,[],Cozier-Duberry,0.0,658,295,False,None,0,0,u,0,5,36,None,0.0,579,243,0,117,0,105,9,0.0,0.0,Cozier-Duberry,0
1,2005-04-25,0,10,True,True,None,None,0,0.0,2,592984,None,,0,0,0,0,13.1,229,124,4,14.4,None,,0,3,2.0,2.0,4,0.01,0.04,0.25,0.9,0.24,0.22,0.79,0.86,José María,2.0,186,85,0,0.0,0,False,3.4,293,130,639,False,18.8,264,111,Chema Andrés,25,,None,55,170,106,p592984,0,0,None,0,,592984.jpg,4.0,94,37,False,2,None,0.0,"[{'offset': 0, 'projected_percent': '0.1', 'likelihood': 1}, {'offset': 1, 'projected_percent': '0.1', 'likelihood': 1}, {'offset': 2, 'projected_percent': '0.1', 'likelihood': 1}]",1,0,200,False,0,0.0,,[],Andrés Baixauli,0.0,604,256,False,None,0,0.0,a,1,5,36,2026-09-01,2.0,315,156,4,1177,403,442,205,0.4,0.7,Andrés,0
0,2001-06-05,0,0,True,True,0,75,0,0,0,471551,None,,0,0,0,0,0.0,639,279,0,0,None,,0,3,0.0,0.0,0,0.00,0,0.00,0,0.00,0.00,0,0,Femi,0.0,638,278,0,0,0,False,0.0,637,278,652,False,0.0,633,277,,0,Hamstring injury - Expected back 10 Oct,2026-09-04T11:30:08.661589Z,55,152,92,p471551,0,0,None,0,,471551.jpg,0.0,638,278,False,0,2026-09-18T10:30:08.836964Z,0.0,"[{'offset': 0, 'projected_percent': '0.0', 'likelihood': 0}, {'offset': 1, 'projected_percent': '0.0', 'likelihood': 0}, {'offset': 2, 'projected_percent': '0.0', 'likelihood': 0}]",0,0,157,False,0,0,https://www.brightonandhovealbion.com/media-article/mft-match-preview-manchester-united-bha-carabao-cup-september-2026,[],Azeez,0.0,641,281,False,None,0,0,i,0,5,36,2026-09-01,0.0,627,273,0,421,52,139,46,0.0,0.0,Azeez,0
0,2008-02-16,0,0,True,True,None,None,0,0,0,661016,None,,0,0,0,0,0.0,523,215,0,0,None,,0,3,1.1,1.1,0,0.00,0,0.00,0,0.00,0.00,0,0,Younes,0.0,540,216,0,0,0,False,0.0,529,210,658,False,0.0,524,208,,0,,None,45,546,286,p661016,0,0,None,0,,661016.jpg,0.0,540,216,False,0,2026-09-26T17:44:20.289392Z,0.0,"[{'offset': 0, 'projected_percent': '0.0', 'likelihood': 0}, {'offset': 1, 'projected_percent': '0.0', 'likelihood': 0}, {'offset': 2, 'projected_percent': '0.0', 'likelihood': 0}]",0,0,13,False,0,0,,[],Ibrahim,0.0,591,247,False,None,0,0,a,0,5,36,2026-08-12,0.0,482,187,0,1062,1062,227,227,0.0,0.0,Ibrahim,0
0,1992-09-02,0,54,True,True,None,None,0,0.0,1,98980,None,,0,0,0,0,20.0,195,1,0,0.0,None,,0,1,1.8,1.8,2,0.01,0.0,0.01,0.0,0.00,4.84,1.61,0.0,Emiliano,1.8,210,18,7,2.33,0,False,13.9,114,1,28,False,119.0,18,3,Emiliano Martínez,270,,None,50,242,6,p98980,0,0,None,0,,98980.jpg,2.3,185,15,False,-227,None,4.8,"[{'offset': 0, 'projected_percent': '3.2', 'likelihood': 1}, {'offset': 1, 'projected_percent': '0.2', 'likelihood': 1}, {'offset': 2, 'projected_percent': '-6.1', 'likelihood': -1}]",31,0,10,False,15,5.0,,[],Martínez Romero,4.9,76,11,False,None,3,1.0,a,0,6,8,2026-08-29,0.0,537,59,7,234245,17459,217068,46271,0.4,1.4,Martinez,0
1,2002-07-26,2,118,True,True,None,None,0,0.0,1,244850,3,,1,-1,2,-2,119.5,14,13,23,5.97,None,,0,3,6.8,6.8,8,1.16,0.3,2.55,0.66,1.39,6.08,1.58,0.36,Morgan,6.8,19,10,9,2.33,3,False,37.8,5,5,40,False,149.0,6,4,,347,,None,77,16,10,p244850,0,0,None,0,,244850.jpg,6.8,21,11,False,4449,None,58.9,"[{'offset': 0, 'projected_percent': '70.7', 'likelihood': 3}, {'offset': 1, 'projected_percent': '92.6', 'likelihood': 3}, {'offset': 2, 'projected_percent': '114.5', 'likelihood': 5}]",17,0,241,False,0,0.0,,[],Rogers,39.1,6,2,False,None,4,1.04,a,5,6,8,2026-07-21,110.0,17,9,27,2194510,562601,574256,51953,0.9,3.5,Rogers,1
0,1990-06-17,0,0,True,True,50,0,0,0,0,56979,None,,0,0,-1,1,0.0,530,219,0,0,None,,0,3,0.0,0.0,0,0.00,0,0.00,0,0.00,0.00,0,0,Jordan,0.0,546,220,0,0,0,False,0.0,535,214,101,False,0.0,530,212,Jordan Henderson,0,Wrist injury - 50% chance of playing,2026-08-09T09:30:07.136250Z,49,343,206,p56979,0,0,None,0,,56979.jpg,0.0,546,220,False,0,2026-09-25T13:30:09.904003Z,0.0,"[{'offset': 0, 'projected_percent': '0.0', 'likelihood': 0}, {'offset': 1, 'projected_percent': '0.0', 'likelihood': 0}, {'offset': 2, 'projected_percent': '0.0', 'likelihood': 0}]",0,0,241,False,0,0,https://www.chelseafc.com/en/news/article/xabi-alonso-confirms-chelsea-team-news-for-brentford,[],Henderson,0.0,552,229,False,None,0,0,d,0,6,8,2026-08-03,0.0,489,191,0,606,38,2422,376,0.0,0.0,Henderson,0
0,1990-11-26,0,7,True,True,100,100,0,0.0,1,50175,None,,0,0,-1,1,10.9,243,30,1,6.0,None,,0,4,0.5,0.5,1,0.06,0.36,0.06,0.36,0.00,0.54,3.24,0.0,Danny,0.5,351,41,0,0.0,0,False,2.4,314,36,136,False,7.2,319,31,,15,,2026-08-20T14:00:07.949090Z,59,80,21,p50175,0,0,None,0,,50175.jpg,1.0,374,45,False,688,None,-1.2,"[{'offset': 0, 'projected_percent': '4.8', 'likelihood': 1}, {'offset': 1, 'projected_percent': '14.0', 'likelihood': 1}, {'offset': 2, 'projected_percent': '23.2', 'likelihood': 2}]",0,0,241,False,0,0.0,,[],Welbeck,0.9,198,31,False,None,0,0.0,a,0,6,8,2026-08-01,6.0,264,38,2,36522,17495,70921,10990,0.1,0.3,Welbeck,0
0,1997-11-18,0,6,False,True,0,0,0,0.0,1,215059,None,,0,0,-1,1,0.0,541,55,0,0.0,None,,0,1,0.0,0.0,0,0.01,0.01,0.01,0.01,0.00,1.33,1.33,0.0,Robert,0.5,330,22,2,2.0,0,False,2.1,320,22,140,False,21.4,254,22,,90,Has joined Como on loan for the rest of the season,2026-09-02T16:20:41.841936Z,49,363,17,p215059,0,0,None,0,,215059.jpg,2.0,209,17,False,-104,None,0.0,"[{'offset': 0, 'projected_percent': '0.0', 'likelihood': 0}, {'offset': 1, 'projected_percent': '0.0', 'likelihood': 0}, {'offset': 2, 'projected_percent': '0.0', 'likelihood': 0}]",5,0,200,False,4,4.0,,[],Lynch Sánchez,0.8,209,31,False,None,1,1.0,u,0,6,8,2023-08-05,0.0,503,53,2,10847,0,168863,12803,0.1,0.4,Sánchez,0
0,2002-04-16,0,0,False,True,0,0,0,0,0,508479,None,,0,0,0,0,0.0,602,68,0,0,None,,0,1,0.0,0.0,0,0.00,0,0.00,0,0.00,0.00,0,0,Filip,0.0,605,71,0,0,0,False,0.0,600,71,141,False,0.0,595,71,,0,Has joined RC Strasbourg on loan for the rest of the season,2026-08-12T14:07:02.607115Z,50,312,14,p508479,0,0,None,0,,508479.jpg,0.0,605,71,False,0,None,0.0,"[{'offset': 0, 'projected_percent': '0.0', 'likelihood': 0}, {'offset': 1, 'projected_percent': '0.0', 'likelihood': 0}, {'offset': 2, 'projected_percent': '0.0', 'likelihood': 0}]",0,0,58,False,0,0,,[],Jörgensen,0.0,611,70,False,None,0,0,u,0,6,8,2024-07-30,0.0,577,67,0,0,0,913,47,0.0,0.0,Jörgensen,0
0,1999-12-08,0,24,True,True,None,None,0,0.0,11,225796,1,,0,0,-1,1,42.6,121,34,13,4.01,1,,0,2,0.8,0.8,1,0.26,0.08,0.59,0.18,0.33,4.90,1.51,0.1,Reece,0.8,299,108,7,2.16,0,False,14.8,102,35,142,False,56.2,134,61,,292,,None,54,188,22,p225796,0,0,None,0,,225796.jpg,0.8,389,136,False,-713,None,-45.1,"[{'offset': 0, 'projected_percent': '-52.8', 'likelihood': -3}, {'offset': 1, 'projected_percent': '-67.0', 'likelihood': -3}, {'offset': 2, 'projected_percent': '-81.2', 'likelihood': -3}]",15,0,241,False,0,0.0,,[],James,7.0,56,21,False,None,3,0.92,a,2,6,8,2019-05-15,49.0,78,14,3,167828,17821,475990,92133,0.1,0.6,James,1
0,1999-07-05,0,0,False,True,0,0,0,0,0,180736,None,,0,0,0,0,0.0,633,214,0,0,None,,0,2,0.0,0.0,0,0.00,0,0.00,0,0.00,0.00,0,0,Trevoh,0.0,633,214,0,0,0,False,0.0,632,214,143,False,0.0,628,214,,0,Has joined Como permanently,2026-08-10T14:03:50.769483Z,55,130,14,p180736,0,0,None,0,,180736.jpg,0.0,633,214,False,-2,None,0.0,"[{'offset': 0, 'projected_percent': '0.0', 'likelihood': 0}, {'offset': 1, 'projected_percent': '0.0', 'likelihood': 0}, {'offset': 2, 'projected_percent': '0.0', 'likelihood': 0}]",0,0,241,False,0,0,,[],Chalobah,0.1,459,164,False,None,0,0,u,0,6,8,2018-02-16,0.0,620,212,0,0,0,13552,627,0.0,0.0,Chalobah,0
0,2003-05-19,0,12,True,True,None,None,0,0.0,11,482609,None,,0,0,0,0,37.2,137,39,15,4.96,None,,0,2,1.0,1.0,1,0.12,0.04,0.20,0.07,0.08,3.50,1.16,0.03,Malo,1.0,266,100,7,2.32,0,False,8.2,204,75,144,False,32.0,218,95,,272,,None,50,294,49,p482609,0,0,None,0,,482609.jpg,1.0,335,130,False,-63,None,-75.2,"[{'offset': 0, 'projected_percent': '-79.9', 'likelihood': -3}, {'offset': 1, 'projected_percent': '-88.5', 'likelihood': -3}, {'offset': 2, 'projected_percent': '-97.2', 'likelihood': -4}]",13,0,73,False,0,0.0,,[],Gusto,1.0,183,69,False,None,3,0.99,a,4,6,8,2023-01-28,13.0,202,68,4,34329,3609,58454,11862,0.2,0.8,Gusto,0
0,2000-12-17,0,24,True,True,100,100,0,0.0,27,444463,None,,0,0,0,0,28.4,163,51,32,11.9,None,,0,2,1.0,1.0,1,0.08,0.03,0.08,0.03,0.00,4.20,1.56,0.0,Wesley,1.0,265,99,6,2.23,0,False,11.0,156,58,145,False,77.6,78,33,Wesley Fofana,242,,2026-07-23T12:01:23.464591Z,50,283,46,p444463,0,0,None,0,,444463.jpg,1.3,268,96,False,-5,None,3.4,"[{'offset': 0, 'projected_percent': '3.4', 'likelihood': 1}, {'offset': 1, 'projected_percent': '3.3', 'likelihood': 1}, {'offset': 2, 'projected_percent': '3.3', 'likelihood': 1}]",7,0,73,False,0,0.0,,[],Fofana,0.2,355,134,False,None,3,1.12,a,5,6,8,2022-08-31,4.0,286,106,4,15406,2637,6342,2850,0.2,0.8,Fofana,1
0,2001-03-26,0,0,False,True,0,0,0,0,0,242880,None,,0,0,0,0,0.0,471,184,0,0,None,,0,2,0.0,0.0,0,0.00,0,0.00,0,0.00,0.00,0,0,Benoît,0.0,490,186,0,0,0,False,0.0,478,184,146,False,0.0,473,184,,0,Has joined Napoli on loan for the rest of the season,2026-08-25T14:03:47.079414Z,45,467,106,p242880,0,0,None,0,,242880.jpg,0.0,490,186,False,-1,None,0.0,"[{'offset': 0, 'projected_percent': '0.0', 'likelihood': 0}, {'offset': 1, 'projected_percent': '0.0', 'likelihood': 0}, {'offset': 2, 'projected_percent': '0.0', 'likelihood': 0}]",0,0,73,False,0,0,,[],Badiashile Mukinayi,0.0,606,205,False,None,0,0,u,0,6,8,2023-01-05,0.0,421,173,0,232,0,1884,115,0.0,0.0,B.Badiashile,0
2,2006-03-07,0,14,True,True,None,None,0,0.0,11,551210,None,,0,0,0,0,47.1,99,24,18,6.28,None,,0,2,2.0,2.0,0,0.21,0.07,0.22,0.07,0.01,4.81,1.68,0.0,Jorrel,2.0,172,66,9,3.14,0,False,14.0,112,40,148,False,77.0,79,34,,258,,None,45,510,128,p551210,0,0,None,0,,551210.jpg,2.0,204,80,False,-175,None,15.2,"[{'offset': 0, 'projected_percent': '14.0', 'likelihood': 1}, {'offset': 1, 'projected_percent': '11.7', 'likelihood': 1}, {'offset': 2, 'projected_percent': '9.3', 'likelihood': 1}]",9,0,152,False,0,0.0,,[],Hato,0.9,194,74,False,None,4,1.4,a,7,6,8,2025-08-03,15.0,181,61,8,89535,4007,48229,17627,0.4,1.8,Hato,0
0,2003-02-26,0,16,True,True,None,None,0,0.0,16,460028,None,,0,0,-1,1,14.2,219,75,19,6.81,None,,0,2,0.5,0.5,1,0.04,0.01,0.05,0.01,0.01,4.02,1.44,0.0,Levi,0.5,332,121,6,2.15,0,False,7.2,214,78,149,False,46.0,167,71,,251,,None,49,383,70,p460028,0,0,None,0,,460028.jpg,0.7,393,138,False,-125,None,-81.5,"[{'offset': 0, 'projected_percent': '-91.6', 'likelihood': -3}, {'offset': 1, 'projected_percent': '-110.3', 'likelihood': -5}, {'offset': 2, 'projected_percent': '-129.1', 'likelihood': -5}]",11,0,241,False,0,0.0,,[],Samuels Colwill,0.9,190,72,False,None,3,1.08,a,3,6,8,2022-07-01,11.0,215,74,2,25254,1601,89516,15446,0.1,0.4,Colwill,1
0,2005-08-29,0,0,False,True,0,0,0,0,0,574458,None,,0,0,0,0,0.0,504,194,0,0,None,,0,2,0.0,0.0,0,0.00,0,0.00,0,0.00,0.00,0,0,Mamadou,0.0,521,196,0,0,0,False,0.0,510,194,150,False,0.0,505,194,Mamadou Sarr,0,Has joined Real Sociedad on loan for the rest of the season,2026-08-29T00:34:23.077418Z,45,519,130,p574458,0,0,None,0,,574458.jpg,0.0,521,196,False,-4,None,0.0,"[{'offset': 0, 'projected_percent': '0.0', 'likelihood': 0}, {'offset': 1, 'projected_percent': '0.0', 'likelihood': 0}, {'offset': 2, 'projected_percent': '0.0', 'likelihood': 0}]",0,0,189,False,0,0,,[],Sarr,0.0,539,187,False,None,0,0,u,0,6,8,2025-06-09,0.0,461,187,0,429,0,5744,383,0.0,0.0,M.Sarr,0
0,2006-05-05,0,9,True,True,None,None,0,0.0,13,577016,None,,0,0,0,0,4.1,283,100,19,8.47,None,,0,2,1.2,1.2,0,0.02,0.01,0.02,0.01,0.00,3.52,1.57,0.0,Josh,1.2,245,90,5,2.23,0,False,5.1,257,96,151,False,41.6,177,75,,202,,None,45,522,132,p577016,0,0,None,0,,577016.jpg,1.7,244,90,False,-34,None,0.6,"[{'offset': 0, 'projected_percent': '0.4', 'likelihood': 1}, {'offset': 1, 'projected_percent': '-2.6', 'likelihood': -1}, {'offset': 2, 'projected_percent': '-15.9', 'likelihood': -1}]",7,0,241,False,0,0.0,,[],Acheampong,0.4,278,101,False,None,2,0.89,a,6,6,8,2024-03-10,6.0,256,93,5,20428,1245,19605,5080,0.3,1.1,Acheampong,0
0,2005-03-03,0,0,True,True,50,0,0,0,0,620109,None,,-1,1,-2,2,0.0,617,213,0,0,None,,0,2,0.0,0.0,0,0.00,0,0.00,0,0.00,0.00,0,0,Marco,0.0,620,213,0,0,0,False,0.0,618,213,152,False,0.0,613,213,,0,Thigh injury - 50% chance of playing,2026-08-24T18:30:07.421239Z,53,237,34,p620109,0,0,None,0,,620109.jpg,0.0,620,213,False,0,2026-09-25T13:30:10.008957Z,-0.0,"[{'offset': 0, 'projected_percent': '-0.0', 'likelihood': 0}, {'offset': 1, 'projected_percent': '-0.0', 'likelihood': 0}, {'offset': 2, 'projected_percent': '-0.0', 'likelihood': 0}]",0,0,106,False,0,0,https://www.chelseafc.com/en/news/article/xabi-alonso-confirms-chelsea-team-news-for-brentford,[],Palestra,0.7,225,87,False,None,0,0,d,0,6,8,2026-07-01,0.0,599,211,0,6402,202,212560,16944,0.0,0.0,Palestra,0
2,2002-05-06,3,127,True,True,100,100,0,0.0,2,244851,None,,0,0,2,-2,120.0,13,12,23,5.88,2,,1,3,6.5,6.5,5,0.61,0.16,1.79,0.46,1.18,6.08,1.55,0.3,Cole,6.5,25,13,9,2.3,2,False,37.6,7,6,154,False,131.6,13,8,,352,,2026-08-24T22:00:07.971542Z,97,3,2,p244851,0,0,1,0,,244851.jpg,6.5,27,14,False,-97,None,30.6,"[{'offset': 0, 'projected_percent': '29.9', 'likelihood': 2}, {'offset': 1, 'projected_percent': '28.6', 'likelihood': 2}, {'offset': 2, 'projected_percent': '27.3', 'likelihood': 2}]",17,0,241,False,0,0.0,,[],Palmer,26.8,9,5,False,None,4,1.02,a,4,6,8,2023-09-01,124.0,11,6,26,1856933,146097,463043,134324,0.7,2.7,Palmer,1
0,2000-03-09,0,68,True,True,None,None,0,0.0,8,247632,2,,0,0,0,0,84.8,39,33,22,8.05,3,,0,3,3.0,3.0,2,0.53,0.19,1.05,0.38,0.52,4.42,1.62,0.19,Pedro,3.0,128,55,6,2.2,1,False,24.0,32,23,156,False,72.4,89,28,Pedro Neto,246,,None,65,37,25,p247632,0,0,None,0,,247632.jpg,3.0,154,63,False,-19,None,1.1,"[{'offset': 0, 'projected_percent': '1.0', 'likelihood': 1}, {'offset': 1, 'projected_percent': '0.7', 'likelihood': 1}, {'offset': 2, 'projected_percent': '0.5', 'likelihood': 1}]",11,0,173,False,0,0.0,,[],Lomba Neto,1.4,156,48,False,None,3,1.1,a,3,6,8,2024-08-11,83.0,35,19,12,73527,12387,77754,18309,0.5,1.8,Neto,0
0,2007-04-24,0,14,True,True,None,None,0,0.0,0,624773,4,,-1,1,-2,2,1.3,331,166,2,9.0,None,,0,3,0.8,0.8,1,0.07,0.32,0.14,0.64,0.07,0.58,2.61,0.32,Estêvão,0.8,312,145,0,0.0,0,False,4.9,265,116,157,False,8.4,311,139,Estêvão,20,,None,63,53,37,p624773,0,0,2,0,,624773.jpg,1.0,382,180,False,-42,None,-19.6,"[{'offset': 0, 'projected_percent': '-22.3', 'likelihood': -2}, {'offset': 1, 'projected_percent': '-27.2', 'likelihood': -2}, {'offset': 2, 'projected_percent': '-32.1', 'likelihood': -2}]",1,0,30,False,0,0.0,,[],Almeida de Oliveira Gonçalves,0.7,217,67,False,None,0,0.0,a,1,6,8,2025-07-14,38.0,105,57,3,15421,2504,81444,8858,0.1,0.5,Estêvão,0
0,2004-08-08,0,0,True,True,None,None,0,0,0,463936,None,,0,0,-1,1,0.0,647,285,0,0,None,,0,3,0.0,0.0,0,0.00,0,0.00,0,0.00,0.00,0,0,Jamie,0.0,646,284,0,0,0,False,0.0,646,285,158,False,0.0,644,285,,0,,None,59,92,60,p463936,0,0,None,0,,463936.jpg,0.0,646,284,False,-2,None,-91.0,"[{'offset': 0, 'projected_percent': '-97.5', 'likelihood': -4}, {'offset': 1, 'projected_percent': '-109.5', 'likelihood': -5}, {'offset': 2, 'projected_percent': '-121.6', 'likelihood': -5}]",0,0,241,False,0,0,,[],Bynoe-Gittens,0.0,545,224,False,None,0,0,a,0,6,8,2025-07-05,0.0,641,283,0,943,162,2580,357,0.0,0.0,Gittens,0
0,2001-11-02,0,3,True,True,50,0,0,0.0,0,486672,None,,-1,1,-2,2,0.1,377,186,0,0.0,None,,0,3,0.1,0.0,0,0.00,0.0,0.00,0.0,0.00,0.07,0.48,0.0,Moisés,0.2,391,180,0,0.0,0,False,0.0,615,263,159,False,0.0,610,261,Moisés Caicedo,13,Calf injury - 50% chance of playing,2026-08-30T16:00:08.393562Z,53,231,145,p486672,0,0,None,0,,486672.jpg,1.0,347,156,False,0,2026-09-25T13:30:10.038499Z,-0.0,"[{'offset': 0, 'projected_percent': '-0.0', 'likelihood': 0}, {'offset': 1, 'projected_percent': '-0.0', 'likelihood': 0}, {'offset': 2, 'projected_percent': '-0.0', 'likelihood': 0}]",0,0,62,False,0,0.0,https://www.chelseafc.com/en/news/article/xabi-alonso-confirms-chelsea-team-news-for-brentford,[],Caicedo Corozo,1.2,169,54,False,None,0,0.0,d,0,6,8,2023-08-14,0.0,595,253,1,14580,526,267811,27138,0.0,0.2,Caicedo,0
0,2004-01-06,0,61,True,True,None,None,0,0.0,10,514356,None,,0,0,0,0,29.1,159,97,31,10.81,None,,0,3,2.8,2.8,2,0.11,0.04,0.86,0.3,0.75,5.06,1.77,0.26,Roméo,2.8,136,58,8,2.79,1,False,16.1,88,51,161,False,65.8,106,34,,258,,None,50,314,187,p514356,0,0,None,0,,514356.jpg,2.8,162,67,False,1,None,5.2,"[{'offset': 0, 'projected_percent': '5.2', 'likelihood': 1}, {'offset': 1, 'projected_percent': '5.2', 'likelihood': 1}, {'offset': 2, 'projected_percent': '5.2', 'likelihood': 1}]",15,0,21,False,0,0.0,,[],Lavia,0.2,319,114,False,None,4,1.4,a,6,6,8,2023-08-18,66.0,53,34,11,24824,2380,12438,3741,0.6,2.2,Lavia,1
0,2005-03-14,0,0,False,True,0,0,0,0,0,491007,None,,0,0,0,0,0.0,482,198,0,0,None,,0,3,0.0,0.0,0,0.00,0,0.00,0,0.00,0.00,0,0,Dário,0.0,499,199,0,0,0,False,0.0,487,193,163,False,0.0,482,191,Dário Essugo,0,Has joined RC Strasbourg on loan for the rest of the season,2026-09-02T16:20:41.865225Z,45,494,266,p491007,0,0,None,0,,491007.jpg,0.0,499,199,False,-14,None,0.0,"[{'offset': 0, 'projected_percent': '0.0', 'likelihood': 0}, {'offset': 1, 'projected_percent': '0.0', 'likelihood': 0}, {'offset': 2, 'projected_percent': '0.0', 'likelihood': 0}]",0,0,173,False,0,0,,[],Luís Essugo,0.1,417,157,False,None,0,0,u,0,6,8,2025-06-02,0.0,438,170,0,2698,0,13393,1739,0.0,0.0,D.Essugo,0
0,2007-04-30,0,2,True,True,100,100,0,0.0,1,593117,None,,-1,1,-2,2,0.3,366,180,1,11.25,None,,0,3,0.2,0.2,0,0.00,0.0,0.00,0.0,0.00,0.09,1.01,0.0,Geovany,0.2,393,182,0,0.0,0,False,0.4,371,172,164,False,1.2,376,174,Geovany Quenda,8,,2026-07-24T20:30:10.609931Z,53,235,148,p593117,0,0,None,0,,593117.jpg,1.0,350,159,False,-5,None,-12.0,"[{'offset': 0, 'projected_percent': '-19.0', 'likelihood': -1}, {'offset': 1, 'projected_percent': '-32.2', 'likelihood': -2}, {'offset': 2, 'projected_percent': '-45.3', 'likelihood': -3}]",0,0,173,False,0,0.0,,[],Quenda,0.0,528,213,False,None,0,0.0,a,0,6,8,2026-06-15,2.0,309,151,1,814,137,3152,465,0.0,0.2,Quenda,0
3,2001-09-26,7,141,True,True,75,None,0,0.0,3,475168,None,,1,-1,3,-3,90.0,34,1,9,2.25,None,,2,4,6.1,8.2,12,0.19,0.05,2.36,0.59,2.17,6.17,1.54,0.54,João Pedro,8.2,4,1,9,2.25,3,False,37.0,8,2,165,True,158.4,2,1,João Pedro,360,Unspecified injury - 75% chance of playing,2026-09-16T19:00:09.919929Z,78,14,4,p475168,1,0,None,0,,475168.jpg,8.2,5,1,False,-16236,None,-13.7,"[{'offset': 0, 'projected_percent': '-36.9', 'likelihood': -2}, {'offset': 1, 'projected_percent': '-80.1', 'likelihood': -3}, {'offset': 2, 'projected_percent': '-123.3', 'likelihood': -5}]",5,0,30,False,0,0.0,,[],Junqueira de Jesus,71.5,2,2,False,None,4,1.0,d,1,6,8,2025-07-02,123.0,12,6,33,1495270,241920,686408,362715,1.1,4.2,João Pedro,1
0,2006-01-04,0,0,False,True,0,0,0,0,0,499309,None,,0,0,0,0,0.0,599,66,0,0,None,,0,4,0.0,0.0,0,0.00,0,0.00,0,0.00,0.00,0,0,Marc,0.0,602,67,0,0,0,False,0.0,597,64,168,False,0.0,592,61,,0,Has joined RB Leipzig permanently,2026-09-01T13:24:48.857362Z,50,308,58,p499309,0,0,None,0,,499309.jpg,0.0,602,67,False,-38,None,0.0,"[{'offset': 0, 'projected_percent': '0.0', 'likelihood': 0}, {'offset': 1, 'projected_percent': '0.0', 'likelihood': 0}, {'offset': 2, 'projected_percent': '0.0', 'likelihood': 0}]",0,0,200,False,0,0,,[],Guiu Paz,0.2,329,52,False,None,0,0,u,0,6,8,2024-07-01,0.0,574,60,0,4102,0,30989,3346,0.0,0.0,Marc Guiu,0
0,None,0,0,True,True,None,None,0,0,0,567119,None,,0,0,0,0,0.0,501,56,0,0,None,,0,4,0.0,0.0,0,0.00,0,0.00,0,0.00,0.00,0,0,Shumaira,0.0,518,57,0,0,0,False,0.0,507,54,169,False,0.0,502,51,,0,,None,45,516,73,p567119,0,0,None,0,,567119.jpg,0.0,518,57,False,47,None,3.1,"[{'offset': 0, 'projected_percent': '3.4', 'likelihood': 1}, {'offset': 1, 'projected_percent': '4.0', 'likelihood': 1}, {'offset': 2, 'projected_percent': '4.6', 'likelihood': 1}]",0,0,None,False,0,0,,[],Mheuka,0.5,258,45,False,None,0,0,a,0,6,8,None,0.0,458,50,0,25773,7521,20896,4997,0.0,0.0,Mheuka,0
0,2003-02-03,0,0,True,True,0,0,0,0,0,503037,None,,0,0,0,0,0.0,601,67,0,0,None,,0,4,0.0,0.0,0,0.00,0,0.00,0,0.00,0.00,0,0,Emmanuel,0.0,604,68,0,0,0,False,0.0,599,65,170,False,0.0,594,62,,0,Hamstring injury - Expected back 18 Sep,2026-09-09T15:00:09.063849Z,50,311,59,p503037,0,0,None,0,,503037.jpg,0.0,604,68,False,-16,None,-64.7,"[{'offset': 0, 'projected_percent': '-68.3', 'likelihood': -3}, {'offset': 1, 'projected_percent': '-75.2', 'likelihood': -3}, {'offset': 2, 'projected_percent': '-82.0', 'likelihood': -3}]",0,0,152,False,0,0,https://www.chelseafc.com/en/news/article/xabi-alonso-confirms-chelsea-team-news-for-hull-city,[],Emegha,0.1,397,58,False,None,0,0,i,0,6,8,2026-06-15,0.0,576,61,0,5986,108,11168,2442,0.0,0.0,Emegha,0
1,2000-04-06,0,29,True,True,None,None,0,0.0,26,437499,None,,0,0,0,0,12.6,233,83,35,11.5,None,,0,2,2.5,2.5,1,0.21,0.07,0.23,0.08,0.02,5.28,1.73,0.01,Maxence,2.5,151,56,7,2.3,0,False,10.9,159,59,200,False,86.8,64,27,,274,,None,60,71,7,p437499,0,0,None,0,,437499.jpg,2.5,177,68,False,-837,None,-105.1,"[{'offset': 0, 'projected_percent': '-113.9', 'likelihood': -5}, {'offset': 1, 'projected_percent': '-130.3', 'likelihood': -5}, {'offset': 2, 'projected_percent': '-146.7', 'likelihood': -5}]",5,0,73,False,0,0.0,,[],Lacroix,7.1,54,20,False,None,3,0.99,a,9,6,8,2026-07-30,10.0,225,79,10,164764,7607,376244,101348,0.4,1.7,Lacroix,1
0,2005-07-31,0,0,True,True,None,None,0,0,0,549939,None,,0,0,-1,1,0.0,449,30,0,0,None,,0,1,0.0,0.0,0,0.00,0,0.00,0,0.00,0.00,0,0,Mike,0.0,472,49,0,0,0,False,0.0,460,49,560,False,0.0,455,49,,0,,None,44,577,48,p549939,0,0,None,0,,549939.jpg,0.0,472,49,False,3,None,0.0,"[{'offset': 0, 'projected_percent': '0.0', 'likelihood': 0}, {'offset': 1, 'projected_percent': '0.1', 'likelihood': 1}, {'offset': 2, 'projected_percent': '0.1', 'likelihood': 1}]",0,0,21,False,0,0,,[],Penders,0.1,470,54,False,None,0,0,a,0,6,8,2024-08-27,0.0,397,26,0,1673,594,3230,530,0.0,0.0,Penders,0
0,2005-04-29,0,0,True,True,100,100,0,0,0,622758,None,,0,0,0,0,0.0,516,196,0,0,None,,0,2,0.0,0.0,0,0.00,0,0.00,0,0.00,0.00,0,0,Aaron,0.0,533,198,0,0,0,False,0.0,522,196,561,False,0.0,517,196,,0,,2026-08-23T19:00:08.536705Z,45,539,137,p622758,0,0,None,0,,622758.jpg,0.0,533,198,False,0,None,0.0,"[{'offset': 0, 'projected_percent': '0.0', 'likelihood': 0}, {'offset': 1, 'projected_percent': '0.0', 'likelihood': 0}, {'offset': 2, 'projected_percent': '0.0', 'likelihood': 0}]",0,0,10,False,0,0,,[],Anselmino,0.0,568,194,False,None,0,0,a,0,6,8,2024-08-08,0.0,475,191,0,734,165,1120,188,0.0,0.0,Anselmino,0
0,2004-07-23,0,8,True,True,None,None,0,0.0,2,543158,None,,-1,1,-1,1,2.9,301,154,3,9.31,None,,0,3,0.2,0.2,0,0.09,0.28,0.13,0.4,0.04,0.61,1.89,0.12,Valentín,0.2,399,186,1,3.1,0,False,0.9,355,164,568,False,1.6,371,171,,29,,None,54,217,139,p543158,0,0,None,0,,543158.jpg,0.5,401,187,False,-8,None,-7.6,"[{'offset': 0, 'projected_percent': '-10.5', 'likelihood': -1}, {'offset': 1, 'projected_percent': '-15.7', 'likelihood': -1}, {'offset': 2, 'projected_percent': '-21.0', 'likelihood': -2}]",1,0,10,False,0,0.0,,[],Barco,0.1,388,143,False,None,0,0.0,a,0,6,8,2026-08-02,6.0,260,129,1,2853,407,6347,1159,0.0,0.2,Barco,1
0,1998-04-10,0,10,True,True,None,None,0,0.0,5,498444,None,,0,0,-1,1,4.2,281,99,7,5.34,None,,0,2,1.0,1.0,1,0.03,0.02,0.03,0.02,0.00,1.45,1.11,0.0,Pep,1.0,264,98,1,0.76,0,False,2.6,306,114,583,False,13.2,279,112,,118,,None,49,394,74,p498444,0,0,None,0,,498444.jpg,1.0,322,126,False,-7,None,-39.3,"[{'offset': 0, 'projected_percent': '-43.0', 'likelihood': -3}, {'offset': 1, 'projected_percent': '-49.8', 'likelihood': -3}, {'offset': 2, 'projected_percent': '-56.6', 'likelihood': -3}]",4,0,200,False,0,0.0,,[],Chavarría,0.1,368,141,False,None,0,0.0,a,2,6,8,2026-08-12,8.0,239,84,4,2817,386,10323,1391,0.2,0.8,Chavarria,0
0,1993-05-29,0,-9,True,True,None,None,0,0.0,22,231065,None,,0,0,0,0,1.4,326,119,25,11.72,None,,0,2,1.5,1.5,2,0.00,0.0,0.12,0.06,0.12,5.47,2.56,0.06,Ethan,1.5,220,84,7,3.28,0,False,5.2,254,94,91,False,40.0,183,77,,192,,None,45,462,103,p231065,0,0,None,0,,231065.jpg,2.0,203,79,False,1,None,-76.0,"[{'offset': 0, 'projected_percent': '-74.9', 'likelihood': -3}, {'offset': 1, 'projected_percent': '-72.8', 'likelihood': -3}, {'offset': 2, 'projected_percent': '-70.8', 'likelihood': -3}]",3,0,107,False,0,0.0,,[],Pinnock,0.1,466,167,False,None,2,0.94,a,3,7,9,2026-08-26,10.0,221,76,6,2109,342,3650,593,0.3,1.3,Pinnock,1
0,1998-01-01,0,24,True,True,100,None,0,0.0,5,428580,None,,0,0,-1,1,2.9,300,153,19,7.63,None,,0,3,1.5,1.5,2,0.02,0.01,0.05,0.02,0.03,5.21,2.09,0.01,Frank,1.5,224,100,7,2.81,0,False,3.4,292,129,104,False,10.2,298,128,,224,,2026-09-15T09:00:07.851220Z,49,374,225,p428580,0,0,None,0,,428580.jpg,2.0,210,90,False,-6,None,-9.0,"[{'offset': 0, 'projected_percent': '-13.5', 'likelihood': -1}, {'offset': 1, 'projected_percent': '-21.8', 'likelihood': -2}, {'offset': 2, 'projected_percent': '-30.0', 'likelihood': -2}]",11,0,157,False,0,0.0,,[],Onyeka,0.1,414,155,False,None,3,1.21,a,3,7,9,2026-07-01,21.0,150,77,6,3745,281,8831,1313,0.3,1.2,Onyeka,0
0,2001-07-02,0,18,True,True,None,None,0,0.0,4,472739,None,,0,0,0,0,0.0,480,47,0,0.0,None,,0,1,1.2,1.2,0,0.02,0.0,0.02,0.0,0.00,7.53,1.88,0.0,Carl,1.2,244,19,10,2.5,0,False,6.2,236,19,110,False,61.6,117,19,,360,,None,45,489,39,p472739,0,0,None,0,,472739.jpg,1.2,274,22,False,-33,None,-45.2,"[{'offset': 0, 'projected_percent': '-48.2', 'likelihood': -3}, {'offset': 1, 'projected_percent': '-53.9', 'likelihood': -3}, {'offset': 2, 'projected_percent': '-59.6', 'likelihood': -3}]",40,0,241,False,7,1.75,,[],Rushworth,0.8,204,30,False,None,4,1.0,a,0,7,9,2026-08-04,0.0,433,43,5,21004,785,50093,9781,0.3,1.1,Rushworth,0
0,2002-07-11,0,0,False,True,0,0,0,0,0,484389,None,,0,0,0,0,0.0,414,24,0,0,None,,0,1,0.0,0.0,0,0.00,0,0.00,0,0.00,0.00,0,0,Oliver,0.0,437,43,0,0,0,False,0.0,425,43,171,False,0.0,420,43,,0,Has joined Leyton Orient on loan for the rest of the season,2026-09-02T15:44:14.839336Z,40,626,68,p484389,0,0,None,0,,484389.jpg,0.0,437,43,False,-47,None,0.0,"[{'offset': 0, 'projected_percent': '0.0', 'likelihood': 0}, {'offset': 1, 'projected_percent': '0.0', 'likelihood': 0}, {'offset': 2, 'projected_percent': '0.0', 'likelihood': 0}]",0,0,206,False,0,0,,[],Dovin,1.1,176,26,False,None,0,0,u,0,7,9,2024-07-19,0.0,354,20,0,8924,0,51344,8555,0.0,0.0,Dovin,0
0,1992-08-09,0,0,True,True,None,None,0,0,0,110690,None,,-1,1,-1,1,0.0,441,29,0,0,None,,0,1,0.0,0.0,0,0.00,0,0.00,0,0.00,0.00,0,0,Ben,0.0,464,48,0,0,0,False,0.0,452,48,172,False,0.0,447,48,,0,,None,44,555,47,p110690,0,0,None,0,,110690.jpg,0.0,464,48,False,-11,None,-1.1,"[{'offset': 0, 'projected_percent': '-2.5', 'likelihood': -1}, {'offset': 1, 'projected_percent': '-4.9', 'likelihood': -1}, {'offset': 2, 'projected_percent': '-7.4', 'likelihood': -1}]",0,0,241,False,0,0,,[],Wilson,0.4,277,37,False,None,0,0,a,0,7,9,2019-07-01,0.0,386,25,0,1051,317,11426,1465,0.0,0.0,Wilson,0
0,2001-01-30,2,41,True,True,None,None,1,0.26,37,461102,None,,0,0,0,0,33.1,145,43,39,10.12,None,,0,2,3.8,3.8,0,0.26,0.07,0.69,0.18,0.43,6.99,1.81,0.11,Bobby,3.8,84,33,9,2.33,0,False,14.8,101,34,173,False,67.6,105,48,,347,,None,40,622,183,p461102,0,0,None,0,,461102.jpg,3.8,101,41,False,-268,None,17.4,"[{'offset': 0, 'projected_percent': '15.5', 'likelihood': 1}, {'offset': 1, 'projected_percent': '11.9', 'likelihood': 1}, {'offset': 2, 'projected_percent': '8.4', 'likelihood': 1}]",13,0,241,False,0,0.0,,[],Thomas,8.7,45,17,False,None,4,1.04,a,2,7,9,2023-07-22,48.0,81,15,15,332205,25745,237136,60313,1.0,3.8,Thomas,0
0,1999-09-25,0,0,False,True,0,0,0,0,0,436761,None,,0,0,0,0,0.0,407,151,0,0,None,,0,2,0.0,0.0,0,0.00,0,0.00,0,0.00,0.00,0,0,Liam,0.0,430,153,0,0,0,False,0.0,418,151,174,False,0.0,413,151,,0,Has joined Sheffield United on loan for the rest of the season,2026-09-02T16:21:03.612394Z,40,615,178,p436761,0,0,None,0,,436761.jpg,0.0,430,153,False,-32,None,0.0,"[{'offset': 0, 'projected_percent': '0.0', 'likelihood': 0}, {'offset': 1, 'projected_percent': '0.0', 'likelihood': 0}, {'offset': 2, 'projected_percent': '0.0', 'likelihood': 0}]",0,0,241,False,0,0,,[],Kitching,0.4,276,100,False,None,0,0,u,0,7,9,2023-09-01,0.0,347,132,0,981,0,29994,4238,0.0,0.0,Kitching,0
0,2000-09-08,0,7,True,True,None,None,0,0.0,21,451284,None,,0,0,0,0,52.7,85,21,27,6.75,None,,0,2,1.5,1.5,0,0.30,0.08,0.30,0.08,0.00,7.53,1.88,0.0,Milan,1.5,219,83,10,2.5,0,False,12.8,131,47,175,False,61.6,116,56,,360,,None,40,620,181,p451284,0,0,None,0,,451284.jpg,1.5,248,92,False,-510,None,-48.6,"[{'offset': 0, 'projected_percent': '-52.5', 'likelihood': -3}, {'offset': 1, 'projected_percent': '-59.9', 'likelihood': -3}, {'offset': 2, 'projected_percent': '-67.2', 'likelihood': -3}]",13,0,152,False,0,0.0,,[],van Ewijk,9.7,39,13,False,None,4,1.0,a,6,7,9,2023-07-27,14.0,193,63,6,120317,11571,400628,89894,0.4,1.5,van Ewijk,1
0,1998-04-22,0,14,True,True,None,None,0,0.0,15,173878,None,,0,0,0,0,52.0,90,23,19,4.83,None,,0,2,1.2,1.2,0,0.48,0.12,0.66,0.17,0.18,7.53,1.91,0.05,Jay,1.2,243,89,10,2.54,0,False,13.4,123,44,176,False,63.6,109,51,,354,,None,40,602,168,p173878,0,0,None,0,,173878.jpg,1.2,273,97,False,-30,None,-49.8,"[{'offset': 0, 'projected_percent': '-53.1', 'likelihood': -3}, {'offset': 1, 'projected_percent': '-59.1', 'likelihood': -3}, {'offset': 2, 'projected_percent': '-65.2', 'likelihood': -3}]",10,0,244,False,0,0.0,,[],Dasilva,0.7,222,85,False,None,4,1.02,a,4,7,9,2023-07-01,17.0,168,52,5,9117,737,19961,3908,0.3,1.2,Dasilva,0
0,2002-10-23,0,0,True,True,0,0,0,0,0,465390,None,,0,0,0,0,0.0,412,153,0,0,None,,0,2,0.0,0.0,0,0.00,0,0.00,0,0.00,0.00,0,0,Kaine,0.0,435,155,0,0,0,False,0.0,423,153,177,False,0.0,418,153,,0,Hamstring injury - Unknown return date,2026-08-27T14:56:28.704361Z,40,624,184,p465390,0,0,None,0,,465390.jpg,0.0,435,155,False,-4,None,-100.3,"[{'offset': 0, 'projected_percent': '-103.2', 'likelihood': -5}, {'offset': 1, 'projected_percent': '-108.8', 'likelihood': -5}, {'offset': 2, 'projected_percent': '-114.3', 'likelihood': -5}]",0,0,241,False,0,0,,[],Kesler-Hayden,0.0,515,181,False,None,0,0,i,0,7,9,2025-07-01,0.0,352,134,0,549,136,3111,389,0.0,0.0,Kesler-Hayden,0
0,1993-03-21,0,0,True,True,None,None,0,0,0,80178,None,,0,0,0,0,0.0,388,142,0,0,None,,0,2,0.0,0.0,0,0.00,0,0.00,0,0.00,0.00,0,0,Jake,0.0,413,146,0,0,0,False,0.0,400,143,178,False,0.0,396,144,,0,,None,40,589,162,p80178,0,0,None,0,,80178.jpg,0.0,413,146,False,3,None,-22.5,"[{'offset': 0, 'projected_percent': '-19.8', 'likelihood': -1}, {'offset': 1, 'projected_percent': '-14.8', 'likelihood': -1}, {'offset': 2, 'projected_percent': '-9.9', 'likelihood': -1}]",0,0,241,False,0,0,,[],Bidwell,0.1,445,162,False,None,0,0,a,0,7,9,2022-01-17,0.0,328,123,0,2216,402,3098,571,0.0,0.0,Bidwell,0
0,2000-01-06,0,0,True,True,None,None,0,0,0,204813,None,,0,0,0,0,0.0,400,147,0,0,None,,0,2,0.0,0.0,0,0.00,0,0.00,0,0.00,0.00,0,0,Joel,0.0,423,149,0,0,0,False,0.0,411,147,179,False,0.0,406,147,,0,,None,40,604,170,p204813,0,0,None,0,,204813.jpg,0.0,423,149,False,0,None,-58.5,"[{'offset': 0, 'projected_percent': '-58.5', 'likelihood': -3}, {'offset': 1, 'projected_percent': '-58.5', 'likelihood': -3}, {'offset': 2, 'projected_percent': '-58.5', 'likelihood': -3}]",0,0,107,False,0,0,,[],Latibeaudiere,0.0,514,180,False,None,0,0,a,0,7,9,2023-07-18,0.0,340,128,0,887,131,1545,267,0.0,0.0,Latibeaudiere,0
0,1998-10-21,0,0,True,True,0,0,0,0,0,220583,None,,0,0,0,0,0.0,403,149,0,0,None,,0,2,0.0,0.0,0,0.00,0,0.00,0,0.00,0.00,0,0,Luke,0.0,426,151,0,0,0,False,0.0,414,149,180,False,0.0,409,149,,0,Knee injury - Unknown return date,2026-08-27T14:56:28.718566Z,40,609,174,p220583,0,0,None,0,,220583.jpg,0.0,426,151,False,-8,None,-74.4,"[{'offset': 0, 'projected_percent': '-76.3', 'likelihood': -3}, {'offset': 1, 'projected_percent': '-79.8', 'likelihood': -3}, {'offset': 2, 'projected_percent': '-83.2', 'likelihood': -3}]",0,0,241,False,0,0,,[],Woolfenden,0.1,399,149,False,None,0,0,i,0,7,9,2025-09-01,0.0,343,130,0,2185,205,8266,1035,0.0,0.0,Woolfenden,0
0,2001-12-27,0,0,False,True,0,0,0,0,0,577411,None,,0,0,0,0,0.0,430,168,0,0,None,,0,2,0.0,0.0,0,0.00,0,0.00,0,0.00,0.00,0,0,Miguel,0.0,453,170,0,0,0,False,0.0,441,168,181,False,0.0,436,168,,0,Has joined Academico de Viseu on loan for the rest of the season,2026-08-29T00:35:59.980316Z,40,646,203,p577411,0,0,None,0,,577411.jpg,0.0,453,170,False,0,None,0.0,"[{'offset': 0, 'projected_percent': '0.0', 'likelihood': 0}, {'offset': 1, 'projected_percent': '0.0', 'likelihood': 0}, {'offset': 2, 'projected_percent': '0.0', 'likelihood': 0}]",0,0,200,False,0,0,,[],Brau,0.0,558,189,False,None,0,0,u,0,7,9,2025-07-01,0.0,372,151,0,275,0,2016,226,0.0,0.0,Brau,0
0,2003-07-31,0,-3,True,True,25,None,0,0.0,23,539142,None,,0,0,0,0,14.5,218,74,24,6.0,None,,0,2,0.2,1.0,0,0.39,0.1,0.41,0.1,0.02,7.53,1.88,0.0,Aurèle,1.0,258,93,10,2.5,0,False,9.4,181,67,182,False,62.8,113,54,,360,Calf injury - 25% chance of playing,2026-09-17T07:30:09.329041Z,40,635,192,p539142,0,0,None,0,,539142.jpg,1.0,286,103,False,-103,None,-31.9,"[{'offset': 0, 'projected_percent': '-37.9', 'likelihood': -2}, {'offset': 1, 'projected_percent': '-49.1', 'likelihood': -3}, {'offset': 2, 'projected_percent': '-60.2', 'likelihood': -3}]",11,0,207,False,0,0.0,,[],Amenda,0.7,218,83,False,None,4,1.0,d,1,7,9,2026-07-16,15.0,177,57,4,11420,1372,24208,5989,0.2,1.0,Amenda,1
0,2001-06-14,0,35,True,True,100,100,1,0.4,5,480457,5,,-1,1,-1,1,115.5,16,15,21,8.44,1,,0,3,2.0,2.0,2,0.91,0.37,1.74,0.7,0.83,3.64,1.46,0.33,Jack,2.0,177,80,4,1.61,0,False,23.2,34,25,183,False,37.6,192,77,,224,,2026-07-23T12:01:23.481435Z,49,389,231,p480457,0,0,None,0,,480457.jpg,2.0,212,91,False,-2,None,-2.0,"[{'offset': 0, 'projected_percent': '-3.0', 'likelihood': -1}, {'offset': 1, 'projected_percent': '-4.9', 'likelihood': -1}, {'offset': 2, 'projected_percent': '-6.8', 'likelihood': -1}]",13,0,241,False,0,0.0,,[],Rudoni,0.1,415,156,False,None,3,1.21,a,3,7,9,2024-06-20,79.0,39,23,8,3312,391,6975,1330,0.4,1.6,Rudoni,0
0,1995-07-15,0,45,True,True,None,None,0,0.0,9,168144,1,,-1,1,-1,1,32.7,149,92,28,7.14,None,,0,3,2.0,2.0,2,0.07,0.02,0.17,0.05,0.10,7.32,1.87,0.03,Matt,2.0,175,78,9,2.29,0,False,8.9,193,91,184,False,51.8,148,53,,353,,None,49,353,211,p168144,0,0,3,0,,168144.jpg,2.0,207,88,False,-11,None,-15.9,"[{'offset': 0, 'projected_percent': '-19.5', 'likelihood': -1}, {'offset': 1, 'projected_percent': '-26.2', 'likelihood': -2}, {'offset': 2, 'projected_percent': '-32.9', 'likelihood': -2}]",13,0,241,False,0,0.0,,[],Grimes,0.1,384,141,False,None,4,1.02,a,6,7,9,2025-01-31,5.0,268,134,8,3819,516,9910,1737,0.4,1.6,Grimes,0
0,1996-10-22,0,8,True,True,None,None,0,0.0,0,501459,None,,-1,1,-2,2,5.9,265,137,4,11.61,None,,0,3,0.2,0.2,0,0.02,0.06,0.04,0.12,0.02,0.69,2.0,0.06,Tatsuhiro,0.2,374,167,1,2.9,0,False,1.9,327,149,185,False,6.2,328,148,,31,,None,48,420,255,p501459,0,0,None,0,,501459.jpg,1.0,310,132,False,-6,None,-2.1,"[{'offset': 0, 'projected_percent': '-5.9', 'likelihood': -1}, {'offset': 1, 'projected_percent': '-12.9', 'likelihood': -1}, {'offset': 2, 'projected_percent': '-20.0', 'likelihood': -2}]",2,0,108,False,0,0.0,,[],Sakamoto,0.1,471,184,False,None,0,0.0,a,2,7,9,2023-07-10,7.0,245,122,1,830,82,5161,781,0.0,0.2,Sakamoto,0
0,1999-08-25,0,13,True,True,100,100,0,0.0,6,241293,None,,0,0,-1,1,17.8,203,114,13,6.29,None,,0,3,1.0,1.0,1,0.07,0.03,0.56,0.27,0.49,2.56,1.24,0.24,Ephron,1.0,270,123,3,1.45,0,False,7.2,217,99,186,False,10.2,300,130,,186,,2026-08-19T18:00:08.310507Z,54,190,121,p241293,0,0,None,0,,241293.jpg,1.3,269,123,False,-3,None,-73.3,"[{'offset': 0, 'projected_percent': '-75.9', 'likelihood': -3}, {'offset': 1, 'projected_percent': '-80.9', 'likelihood': -3}, {'offset': 2, 'projected_percent': '-85.8', 'likelihood': -3}]",7,0,107,False,0,0.0,,[],Mason-Clark,0.1,438,167,False,None,3,1.45,a,0,7,9,2024-02-01,46.0,85,47,4,1023,84,5404,736,0.2,0.7,Mason-Clark,0
0,2000-04-06,0,0,True,True,0,0,0,0,0,439668,None,,0,0,-1,1,0.0,548,230,0,0,None,,0,3,0.0,0.0,0,0.00,0,0.00,0,0.00,0.00,0,0,Josh,0.0,561,230,0,0,0,False,0.0,554,226,187,False,0.0,549,224,,0,Unspecified injury - Expected back 12 Oct,2026-09-10T18:30:08.877110Z,49,377,227,p439668,0,0,None,0,,439668.jpg,0.0,561,230,False,-3,None,-79.1,"[{'offset': 0, 'projected_percent': '-86.0', 'likelihood': -3}, {'offset': 1, 'projected_percent': '-98.9', 'likelihood': -4}, {'offset': 2, 'projected_percent': '-111.7', 'likelihood': -5}]",0,0,241,False,0,0,,[],Eccles,0.0,607,258,False,None,0,0,i,0,7,9,2018-07-01,0.0,511,204,0,609,13,1321,276,0.0,0.0,Eccles,0
0,1999-07-30,0,13,True,True,None,None,0,0.0,1,226965,2,,0,0,-1,1,20.4,194,108,3,5.09,2,,0,3,0.8,0.8,1,0.12,0.2,0.12,0.2,0.00,1.22,2.07,0.0,Victor,0.8,300,140,2,3.4,0,False,2.7,304,138,188,False,7.2,318,144,,53,,None,54,189,120,p226965,0,0,2,0,,226965.jpg,1.0,355,164,False,-5,None,-102.8,"[{'offset': 0, 'projected_percent': '-106.4', 'likelihood': -5}, {'offset': 1, 'projected_percent': '-113.1', 'likelihood': -5}, {'offset': 2, 'projected_percent': '-119.9', 'likelihood': -5}]",2,0,58,False,0,0.0,,[],Torp,0.1,412,153,False,None,0,0.0,a,0,7,9,2024-01-11,0.0,608,263,3,743,42,7292,902,0.1,0.6,Torp,0
0,None,0,0,True,True,None,None,0,0,0,684268,None,,-1,1,-1,1,0.0,450,192,0,0,None,,0,3,0.0,0.0,0,0.00,0,0.00,0,0.00,0.00,0,0,George,0.0,473,193,0,0,0,False,0.0,461,187,189,False,0.0,456,185,,0,,None,44,579,295,p684268,0,0,None,0,,684268.jpg,0.0,473,193,False,44,None,0.1,"[{'offset': 0, 'projected_percent': '0.4', 'likelihood': 1}, {'offset': 1, 'projected_percent': '1.0', 'likelihood': 1}, {'offset': 2, 'projected_percent': '1.6', 'likelihood': 1}]",0,0,None,False,0,0,,[],Shepherd,0.2,317,112,False,None,0,0,a,0,7,9,None,0.0,398,163,0,4949,937,12144,2232,0.0,0.0,Shepherd,0
0,2003-09-08,0,27,True,True,None,None,0,0.0,5,469272,3,,0,0,-1,1,49.3,96,65,15,8.13,None,,0,3,1.0,1.0,0,0.18,0.1,0.37,0.2,0.19,2.73,1.48,0.1,Loum,1.0,271,124,3,1.63,0,False,9.6,179,86,190,False,17.0,271,113,,166,,None,54,208,131,p469272,0,0,None,0,,469272.jpg,1.3,270,124,False,0,None,-44.6,"[{'offset': 0, 'projected_percent': '-44.6', 'likelihood': -3}, {'offset': 1, 'projected_percent': '-44.6', 'likelihood': -3}, {'offset': 2, 'projected_percent': '-44.6', 'likelihood': -3}]",9,0,73,False,0,0.0,,[],Tchaouna,0.1,419,159,False,None,2,1.08,a,1,7,9,2026-07-11,29.0,124,64,4,3109,32,7645,865,0.2,0.7,Tchaouna,0
0,2003-09-11,0,0,False,True,0,0,0,0,0,492498,None,,0,0,0,0,0.0,483,199,0,0,None,,0,3,0.0,0.0,0,0.00,0,0.00,0,0.00,0.00,0,0,Raphael,0.0,500,200,0,0,0,False,0.0,488,194,191,False,0.0,483,192,,0,Has joined Burton Albion on loan for the rest of the season,2026-09-02T15:44:14.868001Z,45,495,267,p492498,0,0,None,0,,492498.jpg,0.0,500,200,False,-12,None,0.0,"[{'offset': 0, 'projected_percent': '0.0', 'likelihood': 0}, {'offset': 1, 'projected_percent': '0.0', 'likelihood': 0}, {'offset': 2, 'projected_percent': '0.0', 'likelihood': 0}]",0,0,13,False,0,0,,[],Borges Rodrigues,0.1,431,165,False,None,0,0,u,0,7,9,2024-07-01,0.0,439,171,0,1943,0,10451,1562,0.0,0.0,Borges Rodrigues,0
0,2006-08-06,0,0,False,True,0,0,0,0,0,629397,None,,0,0,0,0,0.0,519,213,0,0,None,,0,3,0.0,0.0,0,0.00,0,0.00,0,0.00,0.00,0,0,Kai,0.0,536,214,0,0,0,False,0.0,525,208,192,False,0.0,520,206,,0,Has joined Oxford United on loan for the rest of the season,2026-08-29T00:35:59.998520Z,45,542,284,p629397,0,0,None,0,,629397.jpg,0.0,536,214,False,-57,None,0.0,"[{'offset': 0, 'projected_percent': '0.0', 'likelihood': 0}, {'offset': 1, 'projected_percent': '0.0', 'likelihood': 0}, {'offset': 2, 'projected_percent': '0.0', 'likelihood': 0}]",0,0,244,False,0,0,,[],Andrews,0.3,293,101,False,None,0,0,u,0,7,9,2023-08-11,0.0,478,185,0,2718,0,37887,4585,0.0,0.0,Andrews,0
0,1998-03-27,0,0,True,True,0,0,0,0,0,176412,None,,0,0,-1,1,0.0,618,71,0,0,None,,0,4,0.0,0.0,0,0.00,0,0.00,0,0.00,0.00,0,0,Haji,0.0,621,72,0,0,0,False,0.0,619,70,193,False,0.0,614,67,,0,Thigh injury - Unknown return date,2026-08-14T22:00:07.214508Z,54,177,43,p176412,0,0,1,0,,176412.jpg,0.0,621,72,False,-6,None,-68.6,"[{'offset': 0, 'projected_percent': '-70.5', 'likelihood': -3}, {'offset': 1, 'projected_percent': '-74.2', 'likelihood': -3}, {'offset': 2, 'projected_percent': '-77.9', 'likelihood': -3}]",0,0,229,False,0,0,https://www.ccfc.co.uk/news/2026/august/19/head-coach-frank-lampard-provides-an-update-on-haji-wright/,[],Wright,0.1,451,65,False,None,0,0,i,0,7,9,2023-08-04,0.0,601,67,0,550,80,11732,1053,0.0,0.0,Wright,0
0,1998-12-29,0,27,True,True,None,None,0,0.0,6,230730,None,,0,0,0,0,3.9,285,35,11,7.23,None,,0,4,1.2,1.2,1,0.05,0.03,0.26,0.17,0.21,3.88,2.55,0.14,Brandon,1.2,248,24,6,3.94,0,False,4.9,263,30,194,False,14.0,275,26,,137,,None,50,273,54,p230730,0,0,4,0,,230730.jpg,1.2,276,31,False,-43,None,2.1,"[{'offset': 0, 'projected_percent': '1.8', 'likelihood': 1}, {'offset': 1, 'projected_percent': '1.2', 'likelihood': 1}, {'offset': 2, 'projected_percent': '0.7', 'likelihood': 1}]",5,0,81,False,0,0.0,,[],Thomas-Asante,0.8,210,33,False,None,1,0.66,a,0,7,9,2024-08-01,30.0,122,26,5,49171,7034,48396,10335,0.2,1.0,Thomas-Asante,0
0,2001-01-05,0,10,True,True,None,None,0,0.0,1,218997,None,,0,0,0,0,22.3,185,21,3,3.07,None,,0,4,0.8,0.8,0,0.01,0.01,0.31,0.32,0.30,2.55,2.61,0.31,Ellis,0.8,291,32,3,3.07,0,False,6.7,227,24,195,False,7.6,316,30,,88,,None,50,265,52,p218997,0,0,None,0,,218997.jpg,1.5,255,29,False,-116,None,-61.2,"[{'offset': 0, 'projected_percent': '-73.8', 'likelihood': -3}, {'offset': 1, 'projected_percent': '-97.1', 'likelihood': -4}, {'offset': 2, 'projected_percent': '-120.5', 'likelihood': -5}]",2,0,241,False,0,0.0,,[],Simms,0.7,219,37,False,None,1,1.02,a,0,7,9,2023-07-07,37.0,107,22,3,37975,2376,56043,10250,0.2,0.6,Simms,0
0,2003-01-04,0,0,False,True,0,0,0,0,0,551262,None,,0,0,0,0,0.0,608,68,0,0,None,,0,4,0.0,0.0,0,0.00,0,0.00,0,0.00,0.00,0,0,Jahnoah,0.0,611,69,0,0,0,False,0.0,606,66,196,False,0.0,601,63,,0,Has joined Shabab Al-Ahli Dubai permanently,2026-08-17T13:53:55.791223Z,50,326,61,p551262,0,0,None,0,,551262.jpg,0.0,611,69,False,0,None,0.0,"[{'offset': 0, 'projected_percent': '0.0', 'likelihood': 0}, {'offset': 1, 'projected_percent': '0.0', 'likelihood': 0}, {'offset': 2, 'projected_percent': '0.0', 'likelihood': 0}]",0,0,203,False,0,0,,[],Markelo,0.0,624,76,False,None,0,0,u,0,7,9,2026-01-27,0.0,584,62,0,0,0,1116,94,0.0,0.0,Markelo,0
0,None,0,0,False,True,0,0,0,0,0,549653,None,,0,0,0,0,0.0,495,54,0,0,None,,0,4,0.0,0.0,0,0.00,0,0.00,0,0.00,0.00,0,0,Norman,0.0,512,55,0,0,0,False,0.0,500,51,197,False,0.0,495,48,,0,Has joined KVC Westerlo on loan for the rest of the season,2026-07-28T12:58:50.001768Z,45,508,70,p549653,0,0,None,0,,549653.jpg,0.0,512,55,False,-2,None,0.0,"[{'offset': 0, 'projected_percent': '0.0', 'likelihood': 0}, {'offset': 1, 'projected_percent': '0.0', 'likelihood': 0}, {'offset': 2, 'projected_percent': '0.0', 'likelihood': 0}]",0,0,None,False,0,0,,[],Bassette,0.0,553,74,False,None,0,0,u,0,7,9,None,0.0,451,47,0,0,0,1922,236,0.0,0.0,Bassette,0
0,1997-08-12,0,11,True,True,0,None,0,0.0,3,210156,None,,0,0,0,0,46.2,104,10,11,4.27,None,,0,4,0.0,0.8,-2,0.04,0.02,1.34,0.52,1.30,3.55,1.38,0.5,Taiwo,0.8,306,36,7,2.72,0,False,13.6,119,15,492,False,13.6,276,27,,232,Suspended until 19 Oct,2026-09-13T15:00:09.305127Z,55,137,36,p210156,0,0,5,0,,210156.jpg,0.8,390,49,False,-252,None,-108.1,"[{'offset': 0, 'projected_percent': '-122.2', 'likelihood': -5}, {'offset': 1, 'projected_percent': '-148.4', 'likelihood': -5}, {'offset': 2, 'projected_percent': '-174.6', 'likelihood': -5}]",7,1,157,False,0,0.0,,[],Awoniyi,0.5,254,42,False,None,3,1.16,s,1,7,9,2026-08-17,78.0,40,14,3,21235,548,54890,17142,0.1,0.5,Awoniyi,0
0,2006-01-15,0,26,True,True,None,None,1,0.51,5,661888,None,,0,0,-1,1,29.9,158,96,16,8.23,None,,0,3,1.5,1.5,1,0.14,0.07,0.17,0.09,0.03,3.17,1.63,0.02,Caleb,1.5,227,103,5,2.57,0,False,4.3,270,117,575,False,10.4,295,125,,175,,None,49,417,253,p661888,0,0,None,0,,661888.jpg,1.5,253,111,False,-21,None,-62.8,"[{'offset': 0, 'projected_percent': '-73.1', 'likelihood': -3}, {'offset': 1, 'projected_percent': '-92.2', 'likelihood': -3}, {'offset': 2, 'projected_percent': '-111.3', 'likelihood': -5}]",11,0,81,False,0,0.0,,[],Yirenkyi,0.2,366,131,False,None,2,1.03,a,0,7,9,2026-08-07,7.0,246,123,6,2627,211,12012,2091,0.3,1.2,Yirenkyi,1
0,1997-06-24,0,6,True,True,None,None,0,0.0,0,196100,4,,0,0,-1,1,1.8,319,162,3,8.44,None,,0,3,0.8,0.8,0,0.02,0.06,0.02,0.06,0.00,0.82,2.31,0.0,Gustavo,0.8,297,138,1,2.81,0,False,0.3,381,178,584,False,0.6,382,177,,32,,None,54,180,113,p196100,0,0,None,0,,196100.jpg,1.0,352,161,False,-12,None,-45.3,"[{'offset': 0, 'projected_percent': '-54.8', 'likelihood': -3}, {'offset': 1, 'projected_percent': '-72.4', 'likelihood': -3}, {'offset': 2, 'projected_percent': '-90.0', 'likelihood': -3}]",2,0,152,False,0,0.0,,[],Hamer,0.1,425,162,False,None,0,0.0,a,1,7,9,2026-08-11,0.0,604,259,3,744,58,5801,805,0.1,0.6,Hamer,0
0,2006-12-15,0,3,True,True,None,None,0,0.0,1,627221,None,,0,0,0,0,0.2,373,47,1,3.0,None,,0,4,0.2,0.2,1,0.00,0.0,0.00,0.0,0.00,1.43,4.29,0.0,Sidiki,0.2,390,46,3,9.0,0,False,0.1,389,45,599,False,1.0,379,42,,30,,None,50,337,63,p627221,0,0,None,0,,627221.jpg,1.0,343,36,False,2,None,-0.1,"[{'offset': 0, 'projected_percent': '0.0', 'likelihood': 0}, {'offset': 1, 'projected_percent': '0.0', 'likelihood': 0}, {'offset': 2, 'projected_percent': '0.1', 'likelihood': 1}]",0,0,73,False,0,0.0,,[],Cherif,0.1,416,62,False,None,0,0.0,a,0,7,9,2026-08-19,0.0,589,64,1,6609,1335,6552,1193,0.0,0.2,Cherif,0
0,1993-07-13,0,0,True,True,None,None,0,0,0,79602,None,,0,0,0,0,0.0,387,10,0,0,None,,0,1,0.0,0.0,0,0.00,0,0.00,0,0.00,0.00,0,0,Dan,0.0,412,29,0,0,0,False,0.0,399,29,623,False,0.0,395,29,,0,,None,40,588,54,p79602,0,0,None,0,,79602.jpg,0.0,412,29,False,14,None,1.0,"[{'offset': 0, 'projected_percent': '1.1', 'likelihood': 1}, {'offset': 1, 'projected_percent': '1.3', 'likelihood': 1}, {'offset': 2, 'projected_percent': '1.5', 'likelihood': 1}]",0,0,241,False,0,0,,[],Bentley,0.6,241,35,False,None,0,0,a,0,7,9,2026-08-21,0.0,327,6,0,66844,9781,16152,2231,0.0,0.0,Bentley,0
0,2001-01-14,0,0,True,True,None,None,0,0,0,242893,None,,0,0,0,0,0.0,637,277,0,0,None,,0,3,2.0,2.0,0,0.00,0,0.00,0,0.00,0.00,0,0,Yann,0.0,636,276,0,0,0,False,0.0,635,276,655,False,0.0,631,275,,0,,None,55,139,83,p242893,0,0,None,0,,242893.jpg,0.0,636,276,False,0,2026-09-23T15:00:18.732507Z,0.0,"[{'offset': 0, 'projected_percent': '0.0', 'likelihood': 0}, {'offset': 1, 'projected_percent': '0.0', 'likelihood': 0}, {'offset': 2, 'projected_percent': '0.0', 'likelihood': 0}]",0,0,73,False,0,0,,[],Gboho,0.0,651,289,False,None,0,0,a,0,7,9,2026-09-01,0.0,624,270,0,179,114,42,35,0.0,0.0,Gboho,0
0,2008-02-12,0,0,True,True,None,None,0,0,0,566213,None,,0,0,0,0,0.0,427,165,0,0,None,,0,2,1.1,1.1,0,0.00,0,0.00,0,0.00,0.00,0,0,Stephen,0.0,450,167,0,0,0,False,0.0,438,165,656,False,0.0,433,165,,0,,None,40,642,199,p566213,0,0,None,0,,566213.jpg,0.0,450,167,False,0,2026-09-24T14:54:23.064516Z,0.0,"[{'offset': 0, 'projected_percent': '0.0', 'likelihood': 0}, {'offset': 1, 'projected_percent': '0.0', 'likelihood': 0}, {'offset': 2, 'projected_percent': '0.0', 'likelihood': 0}]",0,0,241,False,0,0,,"[{'property': 'loan_ineligible', 'notes': 'This player will not be available to face their parent club in Gameweek 29 as part of their loan conditions.', 'gameweek': 29, 'url': None}]",Mfuni,0.1,420,152,False,None,0,0,a,0,7,9,2026-08-30,0.0,368,147,0,8108,5297,1635,1368,0.0,0.0,Mfuni,0
0,2001-07-01,0,6,True,True,None,None,0,0.0,1,485337,None,,-1,1,-1,1,2.1,312,158,2,3.33,None,,0,3,0.5,0.5,0,0.03,0.05,0.06,0.1,0.03,0.34,0.57,0.05,Evann,0.5,347,160,1,1.67,0,False,1.5,336,154,42,False,5.4,332,151,,54,,None,54,210,133,p485337,0,0,None,0,,485337.jpg,1.0,362,167,False,-5,None,-2.0,"[{'offset': 0, 'projected_percent': '-7.5', 'likelihood': -1}, {'offset': 1, 'projected_percent': '-17.8', 'likelihood': -1}, {'offset': 2, 'projected_percent': '-28.1', 'likelihood': -2}]",0,0,54,False,0,0.0,,"[{'property': 'loan_ineligible', 'notes': 'This player will not be available to face their parent club in Gameweek 34 as part of their loan conditions.', 'gameweek': 34, 'url': None}, {'property': 'loan_ineligible', 'notes': 'This player will not be available to face their parent club in Gameweek 14 as part of their loan conditions.', 'gameweek': 14, 'url': None}]",Guessand,0.0,508,203,False,None,0,0.0,a,1,8,31,2026-08-12,7.0,249,126,2,2253,279,3251,682,0.1,0.4,Guessand,0
0,1998-03-11,0,-6,True,True,0,None,0,0.0,15,220362,None,,0,0,0,0,13.4,225,79,20,12.95,None,,0,2,0.0,0.2,-3,0.04,0.03,0.04,0.03,0.00,3.72,2.41,0.0,Axel,0.2,371,138,6,3.88,0,False,5.0,259,98,153,False,34.8,206,87,,139,Suspended until 25 Oct,2026-09-12T15:30:09.445078Z,45,456,99,p220362,0,0,None,0,,220362.jpg,0.3,404,143,False,-75,None,-3.9,"[{'offset': 0, 'projected_percent': '-29.1', 'likelihood': -2}, {'offset': 1, 'projected_percent': '-76.1', 'likelihood': -3}, {'offset': 2, 'projected_percent': '-123.1', 'likelihood': -5}]",11,1,73,False,0,0.0,,"[{'property': 'loan_ineligible', 'notes': 'This player will not be available to face their parent club in Gameweek 13 as part of their loan conditions.', 'gameweek': 13, 'url': None}, {'property': 'loan_ineligible', 'notes': 'This player will not be available to face their parent club in Gameweek 20 as part of their loan conditions.', 'gameweek': 20, 'url': None}]",Disasi,0.1,443,161,False,None,2,1.29,s,5,8,31,2026-08-26,2.0,299,112,1,9370,126,8530,4187,0.0,0.2,Disasi,0
0,1997-03-12,0,37,True,True,0,100,0,0.0,6,172649,None,,0,0,0,0,0.0,571,62,0,0.0,None,,0,1,0.0,1.2,0,0.00,0.0,0.00,0.0,0.00,6.47,2.16,0.0,Dean,1.2,247,20,8,2.67,0,False,9.6,178,8,198,False,96.8,49,7,Dean Henderson,270,Foot injury - Expected back 11 Oct,2026-09-12T14:00:09.378740Z,50,252,8,p172649,0,0,None,0,,172649.jpg,1.7,245,21,False,-546,None,-52.6,"[{'offset': 0, 'projected_percent': '-62.6', 'likelihood': -3}, {'offset': 1, 'projected_percent': '-81.2', 'likelihood': -3}, {'offset': 2, 'projected_percent': '-99.8', 'likelihood': -4}]",31,0,241,False,12,4.0,,[],Henderson,1.5,151,23,False,None,3,1.0,i,0,8,31,2023-08-31,0.0,543,61,5,55106,190,99520,50534,0.2,1.0,Henderson,0
0,1993-01-19,0,3,True,True,None,None,0,0.0,1,121709,None,,0,0,0,0,0.0,457,36,0,0.0,None,,0,1,0.5,0.5,2,0.00,0.0,0.00,0.0,0.00,1.68,1.68,0.0,Walter,0.5,324,21,3,3.0,0,False,1.9,326,23,199,False,18.8,263,23,,90,,None,45,436,28,p121709,0,0,None,0,,121709.jpg,2.0,201,16,False,6,None,-40.2,"[{'offset': 0, 'projected_percent': '-36.5', 'likelihood': -2}, {'offset': 1, 'projected_percent': '-29.6', 'likelihood': -2}, {'offset': 2, 'projected_percent': '-22.8', 'likelihood': -2}]",7,0,10,False,3,3.0,,[],Benítez,0.1,402,47,False,None,1,1.0,a,0,8,31,2025-07-01,0.0,406,32,2,2796,1117,4279,657,0.1,0.4,Benitez,0
0,2000-03-28,0,19,True,True,None,None,0,0.0,38,427623,None,,0,0,0,0,7.2,258,92,44,11.0,None,,0,2,1.5,1.5,2,0.06,0.02,0.14,0.04,0.08,8.15,2.04,0.02,Chris,1.5,231,88,11,2.75,0,False,13.9,115,42,202,False,108.8,32,13,,360,,None,50,279,44,p427623,0,0,None,0,,427623.jpg,1.5,256,95,False,-103,None,-74.4,"[{'offset': 0, 'projected_percent': '-87.2', 'likelihood': -3}, {'offset': 1, 'projected_percent': '-110.9', 'likelihood': -5}, {'offset': 2, 'projected_percent': '-134.6', 'likelihood': -5}]",13,0,229,False,0,0.0,,[],Richards,0.6,236,90,False,None,4,1.0,a,6,8,31,2022-07-27,24.0,138,42,6,20637,1579,33788,7555,0.3,1.2,Richards,1
0,2006-07-29,0,12,True,True,None,None,0,0.0,17,651426,None,,0,0,-1,1,8.1,254,89,24,8.0,None,,0,2,0.5,0.5,0,0.01,0.0,0.06,0.02,0.05,6.47,2.16,0.02,Jaydee,0.5,337,123,8,2.67,0,False,7.6,209,76,203,False,63.2,112,53,,270,,None,49,416,78,p651426,0,0,None,0,,651426.jpg,0.7,394,139,False,-62,None,-86.2,"[{'offset': 0, 'projected_percent': '-109.4', 'likelihood': -5}, {'offset': 1, 'projected_percent': '-152.4', 'likelihood': -5}, {'offset': 2, 'projected_percent': '-195.5', 'likelihood': -5}]",6,0,73,False,0,0.0,,[],Canvot,0.2,334,124,False,None,3,1.0,a,7,8,31,2025-09-01,5.0,270,97,2,5309,226,17610,3676,0.1,0.4,Canvot,0
0,1999-09-01,2,38,True,True,None,None,0,0.0,11,244723,None,,0,0,0,0,64.2,61,9,17,4.65,None,,1,2,4.2,4.2,1,0.24,0.07,1.01,0.28,0.77,7.03,1.92,0.21,Tyrick,4.2,64,26,10,2.74,2,False,22.9,35,4,204,False,109.0,30,11,,329,,None,45,471,109,p244723,0,0,None,0,,244723.jpg,4.2,73,31,False,-646,None,28.4,"[{'offset': 0, 'projected_percent': '23.7', 'likelihood': 2}, {'offset': 1, 'projected_percent': '15.1', 'likelihood': 1}, {'offset': 2, 'projected_percent': '6.5', 'likelihood': 1}]",15,0,241,False,0,0.0,,[],Mitchell,6.1,62,26,False,None,4,1.09,a,6,8,31,2019-12-15,56.0,62,7,17,293395,18641,232177,57495,0.9,3.8,Mitchell,0
0,1998-01-21,0,0,False,True,0,0,0,0,0,218364,None,,0,0,0,0,0.0,464,181,0,0,None,,0,2,0.0,0.0,0,0.00,0,0.00,0,0.00,0.00,0,0,Borna,0.0,484,183,0,0,0,False,0.0,472,181,205,False,0.0,467,181,,0,Has joined FC Cologne on loan for the rest of the season,2026-09-02T16:03:25.710518Z,45,455,98,p218364,0,0,None,0,,218364.jpg,0.0,484,183,False,0,None,0.0,"[{'offset': 0, 'projected_percent': '0.0', 'likelihood': 0}, {'offset': 1, 'projected_percent': '0.0', 'likelihood': 0}, {'offset': 2, 'projected_percent': '0.0', 'likelihood': 0}]",0,0,97,False,0,0,,[],Sosa,0.0,582,198,False,None,0,0,u,0,8,31,2025-07-11,0.0,414,170,0,236,0,1935,240,0.0,0.0,Sosa,0
0,2003-06-17,0,7,True,True,0,0,0,0.0,6,515621,None,,0,0,-1,1,1.3,328,121,7,8.75,None,,0,2,0.0,0.0,0,0.01,0.01,0.01,0.01,0.00,0.98,1.22,0.0,Chadi,0.2,368,136,2,2.5,0,False,1.4,337,122,206,False,12.6,281,113,,72,Knee injury - Unknown return date,2026-08-22T18:00:07.352049Z,44,575,157,p515621,0,0,None,0,,515621.jpg,1.0,298,114,False,-3,None,-98.9,"[{'offset': 0, 'projected_percent': '-102.6', 'likelihood': -5}, {'offset': 1, 'projected_percent': '-109.3', 'likelihood': -5}, {'offset': 2, 'projected_percent': '-116.1', 'likelihood': -5}]",3,0,145,False,0,0.0,https://www.cpfc.co.uk/news/first-team/press-conference-team-news-crystal-palace-manchester-city-august-2026/,[],Riad Dnanou,0.0,564,192,False,None,1,1.25,i,1,8,31,2024-07-02,0.0,395,167,1,612,41,5487,319,0.0,0.2,Chadi Riad,0
0,1999-05-13,0,5,True,True,None,None,0,0.0,0,242313,None,,0,0,-1,1,0.4,360,136,2,11.25,None,,0,2,0.5,0.5,0,0.00,0.0,0.00,0.0,0.00,0.33,1.86,0.0,Oscar,0.5,321,114,1,5.62,0,False,0.3,374,136,207,False,3.2,354,134,,16,,None,44,566,150,p242313,0,0,None,0,,242313.jpg,1.0,295,111,False,-6,None,-54.5,"[{'offset': 0, 'projected_percent': '-61.4', 'likelihood': -3}, {'offset': 1, 'projected_percent': '-74.3', 'likelihood': -3}, {'offset': 2, 'projected_percent': '-87.1', 'likelihood': -3}]",1,0,200,False,0,0.0,,[],Mingueza,0.1,482,172,False,None,0,0.0,a,2,8,31,2026-07-09,0.0,389,163,2,1883,223,4384,786,0.1,0.5,Mingueza,0
0,1998-02-25,0,0,True,True,100,0,0,0,0,232185,None,,-1,1,-3,3,0.0,652,290,0,0,None,,0,3,0.0,0.0,0,0.00,0,0.00,0,0.00,0.00,0,0,Ismaïla,0.0,651,289,0,0,0,False,0.0,651,290,208,False,0.0,651,290,Ismaïla Sarr,0,,2026-08-22T18:00:07.363165Z,62,56,39,p232185,0,0,2,0,,232185.jpg,0.0,651,289,False,0,2026-09-24T16:30:08.977944Z,0.0,"[{'offset': 0, 'projected_percent': '0.0', 'likelihood': 0}, {'offset': 1, 'projected_percent': '0.0', 'likelihood': 0}, {'offset': 2, 'projected_percent': '0.0', 'likelihood': 0}]",0,0,189,False,0,0,,[],Sarr,0.6,231,73,False,None,0,0,a,0,8,31,2024-08-01,0.0,649,289,0,3099,488,372916,10853,0.0,0.0,Sarr,0
0,2004-02-06,0,64,True,True,100,100,0,0.0,12,496221,2,,0,0,0,0,70.2,55,46,34,8.84,None,,0,3,2.5,2.5,2,0.36,0.09,0.44,0.11,0.08,7.60,1.98,0.02,Adam,2.5,148,64,10,2.6,0,False,12.9,130,66,210,False,53.0,144,50,,346,,2026-07-23T12:01:23.498963Z,55,159,97,p496221,0,0,None,0,,496221.jpg,2.5,175,73,False,-90,None,-65.8,"[{'offset': 0, 'projected_percent': '-74.5', 'likelihood': -3}, {'offset': 1, 'projected_percent': '-90.5', 'likelihood': -3}, {'offset': 2, 'projected_percent': '-106.6', 'likelihood': -5}]",14,0,241,False,0,0.0,,[],Wharton,0.8,207,65,False,None,4,1.04,a,8,8,31,2024-02-01,5.0,273,137,10,28001,2421,42019,9904,0.5,1.8,Wharton,0
2,2002-10-20,0,60,True,True,None,None,0,0.0,3,488024,1,,0,0,0,0,85.8,36,31,21,8.36,1,,0,3,3.0,3.0,1,0.40,0.16,0.76,0.3,0.36,5.67,2.26,0.14,Yéremy,3.0,125,54,6,2.39,0,False,13.0,129,65,211,False,20.8,256,107,,226,,None,55,157,96,p488024,0,0,None,0,,488024.jpg,3.0,150,62,False,-167,None,6.6,"[{'offset': 0, 'projected_percent': '5.4', 'likelihood': 1}, {'offset': 1, 'projected_percent': '3.2', 'likelihood': 1}, {'offset': 2, 'projected_percent': '0.9', 'likelihood': 1}]",13,0,200,False,0,0.0,,[],Pino Santos,0.4,273,92,False,None,3,1.19,a,5,8,31,2025-08-29,23.0,144,73,12,44066,1450,24810,10574,0.5,2.2,Yeremy,0
0,1995-04-17,0,9,True,True,None,None,0,0.0,3,108413,4,,-1,1,-1,1,15.3,210,117,7,21.72,None,,0,3,0.5,0.5,1,0.04,0.12,0.04,0.12,0.00,1.12,3.48,0.0,Will,0.5,319,150,1,3.1,0,False,2.4,311,141,212,False,8.0,312,140,,29,,None,44,552,290,p108413,0,0,None,0,,108413.jpg,1.0,290,129,False,-488,None,-4.2,"[{'offset': 0, 'projected_percent': '-7.0', 'likelihood': -1}, {'offset': 1, 'projected_percent': '-12.0', 'likelihood': -1}, {'offset': 2, 'projected_percent': '-17.0', 'likelihood': -1}]",3,0,241,False,0,0.0,,[],Hughes,7.9,48,16,False,None,0,0.0,a,1,8,31,2021-08-28,0.0,383,158,2,107026,22638,416722,79042,0.1,0.5,Hughes,0
0,1994-10-25,0,3,True,True,None,None,0,0.0,1,152551,None,,0,0,-1,1,0.3,363,177,1,15.0,None,,0,3,0.2,0.2,1,0.00,0.0,0.00,0.0,0.00,0.48,7.2,0.0,Jefferson,0.2,376,168,1,15.0,0,False,0.3,376,173,213,False,2.2,363,166,,6,,None,49,351,209,p152551,0,0,None,0,,152551.jpg,1.0,312,133,False,-1,None,-74.9,"[{'offset': 0, 'projected_percent': '-76.2', 'likelihood': -3}, {'offset': 1, 'projected_percent': '-78.7', 'likelihood': -3}, {'offset': 2, 'projected_percent': '-81.2', 'likelihood': -3}]",0,0,48,False,0,0.0,,[],Lerma Solís,0.1,449,173,False,None,0,0.0,a,0,8,31,2023-07-01,0.0,496,194,1,1177,150,5003,678,0.0,0.2,Lerma,0
3,1996-08-05,0,97,True,True,None,None,0,0.0,4,209400,3,,0,0,0,0,77.2,45,38,28,7.18,None,,0,3,4.5,4.5,8,0.35,0.09,0.40,0.1,0.05,7.54,1.93,0.01,Daichi,4.5,55,24,10,2.56,0,False,18.6,66,44,214,False,93.8,56,23,,351,,None,50,260,162,p209400,0,0,None,0,,209400.jpg,4.5,64,27,False,97,None,9.2,"[{'offset': 0, 'projected_percent': '9.9', 'likelihood': 1}, {'offset': 1, 'projected_percent': '11.2', 'likelihood': 1}, {'offset': 2, 'projected_percent': '12.5', 'likelihood': 1}]",14,0,108,False,0,0.0,,[],Kamada,0.5,250,80,False,None,4,1.03,a,10,8,31,2024-07-01,15.0,185,94,18,42642,18296,19890,6120,0.9,3.6,Kamada,1
0,2003-10-11,0,0,False,True,0,0,0,0,0,489706,None,,0,0,0,0,0.0,593,252,0,0,2,,0,3,0.0,0.0,0,0.00,0,0.00,0,0.00,0.00,0,0,Justin,0.0,596,251,0,0,0,False,0.0,591,249,215,False,0.0,586,247,,0,Has joined Stoke City permanently,2026-09-02T15:41:07.346849Z,50,299,178,p489706,0,0,3,0,,489706.jpg,0.0,596,251,False,-2,None,0.0,"[{'offset': 0, 'projected_percent': '0.0', 'likelihood': 0}, {'offset': 1, 'projected_percent': '0.0', 'likelihood': 0}, {'offset': 2, 'projected_percent': '0.0', 'likelihood': 0}]",0,0,242,False,0,0,,[],Devenny,0.0,633,274,False,None,0,0,u,0,8,31,2024-03-13,0.0,567,236,0,132,0,886,96,0.0,0.0,Devenny,0
0,2005-05-13,0,0,False,True,0,0,0,0,0,606921,None,,0,0,0,0,0.0,610,263,0,0,None,,0,3,0.0,0.0,0,0.00,0,0.00,0,0.00,0.00,0,0,Romain,0.0,613,262,0,0,0,False,0.0,608,260,216,False,0.0,603,258,,0,Has joined Millwall on loan for the rest of the season,2026-09-02T15:41:07.376544Z,50,331,199,p606921,0,0,None,0,,606921.jpg,0.0,613,262,False,-6,None,0.0,"[{'offset': 0, 'projected_percent': '0.0', 'likelihood': 0}, {'offset': 1, 'projected_percent': '0.0', 'likelihood': 0}, {'offset': 2, 'projected_percent': '0.0', 'likelihood': 0}]",0,0,241,False,0,0,,[],Esse,0.0,575,238,False,None,0,0,u,0,8,31,2025-01-18,0.0,587,250,0,399,0,3060,354,0.0,0.0,Esse,0
0,2004-04-01,0,0,False,True,0,0,0,0,0,536694,None,,0,0,-1,1,0.0,560,237,0,0,None,,0,3,0.0,0.0,0,0.00,0,0.00,0,0.00,0.00,0,0,Matheus,0.0,570,237,0,0,0,False,0.0,563,233,217,False,0.0,558,231,Matheus França,0,Has joined Alverca on loan for the rest of the season,2026-09-11T14:42:19.322912Z,49,401,240,p536694,0,0,None,0,,536694.jpg,0.0,570,237,False,-3,None,0.0,"[{'offset': 0, 'projected_percent': '0.0', 'likelihood': 0}, {'offset': 1, 'projected_percent': '0.0', 'likelihood': 0}, {'offset': 2, 'projected_percent': '0.0', 'likelihood': 0}]",0,0,30,False,0,0,,[],França de Oliveira,0.0,595,250,False,None,0,0,u,0,8,31,2023-08-05,0.0,523,211,0,1007,0,3175,568,0.0,0.0,M.França,0
0,2000-01-08,0,0,True,True,None,None,0,0,0,438464,None,,0,0,-1,1,0.0,547,229,0,0,None,,0,3,0.0,0.0,0,0.00,0,0.00,0,0.00,0.00,0,0,Cheick,0.0,560,229,0,0,0,False,0.0,553,225,218,False,0.0,548,223,,0,,None,49,376,226,p438464,0,0,None,0,,438464.jpg,0.0,560,229,False,-1,None,-75.4,"[{'offset': 0, 'projected_percent': '-77.2', 'likelihood': -3}, {'offset': 1, 'projected_percent': '-80.5', 'likelihood': -3}, {'offset': 2, 'projected_percent': '-83.7', 'likelihood': -3}]",0,0,132,False,0,0,,[],Doucouré,0.0,497,196,False,None,0,0,a,0,8,31,2022-07-11,0.0,510,203,0,1923,221,4023,706,0.0,0.0,Doucouré,0
0,2002-10-05,0,0,False,True,0,0,0,0,0,450542,None,,0,0,-1,1,0.0,552,232,0,0,None,,0,3,0.0,0.0,0,0.00,0,0.00,0,0.00,0.00,0,0,Jesurun,0.0,565,232,0,0,0,False,0.0,558,228,219,False,0.0,553,226,,0,has joined  Kasimpasa on loan for the rest of the seaon.,2026-09-10T09:12:47.224598Z,49,382,229,p450542,0,0,None,0,,450542.jpg,0.0,565,232,False,0,None,0.0,"[{'offset': 0, 'projected_percent': '0.0', 'likelihood': 0}, {'offset': 1, 'projected_percent': '0.0', 'likelihood': 0}, {'offset': 2, 'projected_percent': '0.0', 'likelihood': 0}]",0,0,81,False,0,0,,[],Rak-Sakyi,0.0,637,277,False,None,0,0,u,0,8,31,2021-04-09,0.0,515,206,0,145,0,432,91,0.0,0.0,J.Rak-Sakyi,0
0,2006-07-01,0,0,False,True,0,0,0,0,0,590014,None,,0,0,0,0,0.0,506,195,0,0,None,,0,2,0.0,0.0,0,0.00,0,0.00,0,0.00,0.00,0,0,Rio,0.0,523,197,0,0,0,False,0.0,512,195,220,False,0.0,507,195,,0,Has joined Bristol City on loan for the rest of the season,2026-08-12T14:08:46.501813Z,45,524,133,p590014,0,0,None,0,,590014.jpg,0.0,523,197,False,0,None,0.0,"[{'offset': 0, 'projected_percent': '0.0', 'likelihood': 0}, {'offset': 1, 'projected_percent': '0.0', 'likelihood': 0}, {'offset': 2, 'projected_percent': '0.0', 'likelihood': 0}]",0,0,217,False,0,0,,[],Cardines,0.0,654,215,False,None,0,0,u,0,8,31,2025-07-24,0.0,463,188,0,0,0,125,8,0.0,0.0,Cardines,0
0,2009-06-09,0,0,True,True,None,None,0,0,0,672492,None,,0,0,0,0,0.0,526,217,0,0,None,,0,3,0.0,0.0,0,0.00,0,0.00,0,0.00,0.00,0,0,Joél,0.0,543,218,0,0,0,False,0.0,532,212,221,False,0.0,527,210,,0,,None,45,549,288,p672492,0,0,None,0,,672492.jpg,0.0,543,218,False,-2,None,-61.1,"[{'offset': 0, 'projected_percent': '-63.2', 'likelihood': -3}, {'offset': 1, 'projected_percent': '-67.0', 'likelihood': -3}, {'offset': 2, 'projected_percent': '-70.8', 'likelihood': -3}]",0,0,241,False,0,0,,[],Drakes-Thomas,0.1,456,178,False,None,0,0,a,0,8,31,2025-12-10,0.0,485,189,0,2492,304,4084,829,0.0,0.0,Drakes-Thomas,0
0,2000-02-06,2,59,True,True,None,None,0,0.0,3,247412,None,,0,0,0,0,17.4,204,24,10,4.15,None,,0,4,3.0,3.0,8,0.03,0.01,0.42,0.17,0.39,4.89,2.03,0.16,Jørgen,3.0,126,14,5,2.07,1,False,12.0,145,18,222,False,49.4,160,12,,217,,None,60,69,15,p247412,0,0,None,0,,247412.jpg,3.0,152,18,False,-21,None,3.9,"[{'offset': 0, 'projected_percent': '3.7', 'likelihood': 1}, {'offset': 1, 'projected_percent': '3.4', 'likelihood': 1}, {'offset': 2, 'projected_percent': '3.1', 'likelihood': 1}]",5,0,161,False,0,0.0,,[],Strand Larsen,0.6,230,38,False,None,2,0.83,a,2,8,31,2026-02-02,52.0,70,16,12,41889,11855,34228,8312,0.5,2.0,Strand Larsen,0
0,1997-06-28,0,-3,True,True,0,0,0,0.0,1,231747,None,,-1,1,-2,2,12.3,234,26,5,7.26,None,,0,4,0.0,0.0,0,0.02,0.03,0.72,1.05,0.70,0.98,1.42,1.02,Jean-Philippe,0.5,358,44,2,2.9,0,False,2.5,310,35,223,False,1.4,373,41,,62,Hamstring injury - Expected back 11 Oct,2026-08-28T21:00:08.020382Z,63,49,12,p231747,0,0,1,0,,231747.jpg,2.0,226,25,False,-259,None,-14.6,"[{'offset': 0, 'projected_percent': '-17.5', 'likelihood': -1}, {'offset': 1, 'projected_percent': '-22.8', 'likelihood': -2}, {'offset': 2, 'projected_percent': '-28.1', 'likelihood': -2}]",2,0,73,False,0,0.0,https://www.cpfc.co.uk/news/first-team/team-news-sage-updates-on-doucoure-ahead-of-ipswich-visit/,[],Mateta,1.4,154,22,False,None,1,1.45,i,2,8,31,2022-01-31,11.0,220,35,2,25705,184,439576,23623,0.1,0.3,Mateta,0
1,1999-05-30,0,36,True,True,100,None,0,0.0,2,205533,None,,0,0,0,0,45.8,105,11,11,5.93,None,,0,4,1.8,1.8,0,0.58,0.31,1.68,0.9,1.10,4.45,2.4,0.59,Eddie,1.8,215,19,7,3.77,0,False,13.0,128,16,224,False,34.2,212,19,,167,,2026-09-12T14:00:09.427136Z,55,135,35,p205533,0,0,None,0,,205533.jpg,2.3,186,22,False,-133,None,1.4,"[{'offset': 0, 'projected_percent': '0.4', 'likelihood': 1}, {'offset': 1, 'projected_percent': '-25.6', 'likelihood': -2}, {'offset': 2, 'projected_percent': '-59.6', 'likelihood': -3}]",5,0,241,False,0,0.0,,[],Nketiah,0.5,245,40,False,None,3,1.62,a,4,8,31,2024-08-30,50.0,76,19,7,45508,553,43501,19833,0.3,1.3,Nketiah,0
0,None,0,0,False,True,0,0,0,0,0,660392,None,,0,0,0,0,0.0,613,70,0,0,None,,0,4,0.0,0.0,0,0.00,0,0.00,0,0.00,0.00,0,0,Christantus,0.0,616,71,0,0,0,False,0.0,612,69,225,False,0.0,607,66,,0,has returned to Getafe CF,2026-07-23T12:18:56.275922Z,50,341,65,p660392,0,0,None,0,,660392.jpg,0.0,616,71,False,0,None,0.0,"[{'offset': 0, 'projected_percent': '0.0', 'likelihood': 0}, {'offset': 1, 'projected_percent': '0.0', 'likelihood': 0}, {'offset': 2, 'projected_percent': '0.0', 'likelihood': 0}]",0,0,None,False,0,0,,[],Uche,0.0,659,78,False,None,0,0,u,0,8,31,None,0.0,592,66,0,0,0,0,0,0.0,0.0,Uche,0
0,1999-11-22,0,13,True,True,None,None,0,0.0,4,433154,None,,0,0,-1,1,5.0,274,143,7,7.5,None,,0,3,0.8,0.8,0,0.02,0.02,0.07,0.07,0.05,1.18,1.26,0.05,Dwight,0.8,303,141,3,3.21,0,False,1.7,331,151,241,False,10.0,301,131,,84,,None,54,197,125,p433154,0,0,None,0,,433154.jpg,1.5,262,117,False,-14,None,-54.2,"[{'offset': 0, 'projected_percent': '-63.1', 'likelihood': -3}, {'offset': 1, 'projected_percent': '-79.7', 'likelihood': -3}, {'offset': 2, 'projected_percent': '-96.3', 'likelihood': -4}]",3,0,241,False,0,0.0,,[],McNeil,0.1,395,146,False,None,1,1.07,a,0,8,31,2026-08-11,2.0,310,152,3,1678,156,7425,1255,0.1,0.6,McNeil,0
0,1994-02-10,0,0,True,True,None,None,0,0,0,169593,None,,0,0,0,0,0.0,399,17,0,0,None,,0,1,0.0,0.0,0,0.00,0,0.00,0,0.00,0.00,0,0,Remi,0.0,422,36,0,0,0,False,0.0,410,36,555,False,0.0,405,36,,0,,None,40,601,61,p169593,0,0,None,0,,169593.jpg,0.0,422,36,False,-3,None,-4.4,"[{'offset': 0, 'projected_percent': '-4.5', 'likelihood': -1}, {'offset': 1, 'projected_percent': '-4.7', 'likelihood': -1}, {'offset': 2, 'projected_percent': '-4.9', 'likelihood': -1}]",0,0,241,False,0,0,,[],Matthews,1.7,141,21,False,None,0,0,a,0,8,31,2021-07-13,0.0,339,13,0,21671,2948,27624,4977,0.0,0.0,Matthews,0
0,1998-11-05,0,6,True,True,None,None,0,0.0,12,223723,None,,-1,1,-1,1,5.0,272,96,14,8.75,None,,0,2,0.5,0.5,0,0.02,0.01,0.02,0.01,0.00,3.44,2.15,0.0,Takehiro,0.5,320,113,5,3.12,0,False,3.7,287,108,577,False,25.2,235,97,,144,,None,44,563,147,p223723,0,0,None,0,,223723.jpg,0.7,392,137,False,-18,None,-5.0,"[{'offset': 0, 'projected_percent': '-7.9', 'likelihood': -1}, {'offset': 1, 'projected_percent': '-13.3', 'likelihood': -1}, {'offset': 2, 'projected_percent': '-18.6', 'likelihood': -1}]",7,0,108,False,0,0.0,,[],Tomiyasu,0.3,302,111,False,None,1,0.62,a,2,8,31,2026-08-06,6.0,251,88,2,3210,378,11652,2356,0.1,0.5,Tomiyasu,0
0,2004-09-03,0,31,True,True,None,None,0,0.0,19,570794,None,,0,0,0,0,46.3,102,26,38,11.83,None,,0,2,3.2,3.2,7,0.31,0.1,1.27,0.4,0.96,7.10,2.21,0.3,Anan,3.2,105,41,8,2.49,1,False,20.5,47,6,588,False,112.4,25,7,,289,,None,50,328,56,p570794,0,0,None,0,,570794.jpg,3.2,128,54,False,-41,None,6.3,"[{'offset': 0, 'projected_percent': '6.0', 'likelihood': 1}, {'offset': 1, 'projected_percent': '5.4', 'likelihood': 1}, {'offset': 2, 'projected_percent': '4.9', 'likelihood': 1}]",15,0,105,False,0,0.0,,[],Khalaili,0.3,290,105,False,None,3,0.93,a,19,8,31,2026-08-15,46.0,84,17,13,31896,5017,12407,4684,0.6,2.6,Khalaili,1
0,2007-03-22,0,6,True,True,None,None,0,0.0,0,559152,None,,0,0,0,0,1.6,323,163,1,3.21,None,,0,3,0.5,0.5,1,0.00,0.0,0.00,0.0,0.00,0.68,2.19,0.0,Zavier,0.5,342,158,2,6.43,0,False,0.3,380,177,595,False,1.4,372,172,,28,,None,50,327,197,p559152,0,0,None,0,,559152.jpg,1.0,341,153,False,-3,None,-66.7,"[{'offset': 0, 'projected_percent': '-82.2', 'likelihood': -3}, {'offset': 1, 'projected_percent': '-111.1', 'likelihood': -5}, {'offset': 2, 'projected_percent': '-139.9', 'likelihood': -5}]",0,0,229,False,0,0.0,,[],Gozo,0.0,596,251,False,None,0,0.0,a,1,8,31,2026-08-18,0.0,585,248,2,438,69,762,167,0.1,0.4,Gozo,0
0,2008-02-23,0,10,True,True,None,None,0,0.0,9,605972,None,,0,0,0,0,11.9,236,84,11,11.0,None,,0,2,1.5,1.5,3,0.01,0.01,0.01,0.01,0.00,1.68,1.68,0.0,Honest,1.5,221,85,3,3.0,0,False,4.1,276,104,633,False,24.6,239,98,,90,,None,45,532,134,p605972,0,0,None,0,,605972.jpg,3.0,135,57,False,8,None,0.0,"[{'offset': 0, 'projected_percent': '0.1', 'likelihood': 1}, {'offset': 1, 'projected_percent': '0.2', 'likelihood': 1}, {'offset': 2, 'projected_percent': '0.3', 'likelihood': 1}]",4,0,106,False,0,0.0,,[],Ahanor,0.0,586,200,False,None,1,1.0,a,2,8,31,2026-09-01,4.0,282,104,3,1682,617,406,194,0.3,0.7,Ahanor,0
0,1996-12-21,0,21,True,True,None,None,0,0.0,1,172850,None,,0,0,0,0,4.2,280,98,1,3.1,None,,0,2,4.0,4.0,1,0.01,0.03,0.28,0.87,0.27,1.12,3.48,0.84,Ben,4.0,74,30,1,3.1,1,False,5.9,241,89,643,False,33.4,213,90,,29,,None,45,445,91,p172850,0,0,None,0,,172850.jpg,4.0,83,35,False,-52,None,-24.5,"[{'offset': 0, 'projected_percent': '-32.7', 'likelihood': -2}, {'offset': 1, 'projected_percent': '-47.9', 'likelihood': -3}, {'offset': 2, 'projected_percent': '-63.1', 'likelihood': -3}]",0,0,241,False,0,0.0,,[],Chilwell,0.5,257,95,False,None,0,0.0,a,0,8,31,2026-09-01,21.0,148,46,8,42084,2799,13449,7696,0.9,1.8,Chilwell,0
0,2001-06-17,0,32,True,True,None,None,0,0.0,4,450063,None,,0,0,0,0,5.1,271,142,22,12.15,None,,0,3,3.0,3.0,4,0.03,0.02,0.15,0.09,0.12,4.25,2.35,0.07,Quinten,3.0,117,50,5,2.76,0,False,6.2,238,107,644,False,29.4,226,90,,163,,None,50,285,172,p450063,0,0,None,0,,450063.jpg,3.0,143,58,False,1,None,0.1,"[{'offset': 0, 'projected_percent': '0.1', 'likelihood': 1}, {'offset': 1, 'projected_percent': '0.1', 'likelihood': 1}, {'offset': 2, 'projected_percent': '0.1', 'likelihood': 1}]",9,0,152,False,0,0.0,,[],Timber,0.0,531,215,False,None,2,1.1,a,9,8,31,2026-09-01,28.0,127,65,6,3631,1218,1097,533,0.6,1.2,Timber,0
0,2004-01-24,0,2,True,True,None,None,0,0.0,0,533646,None,,0,0,0,0,0.3,368,181,1,90.0,None,,0,3,0.5,0.5,0,0.00,0.0,0.00,0.0,0.00,0.13,11.7,0.0,Darío,0.5,350,162,0,0.0,0,False,0.2,384,180,647,False,2.0,368,169,,1,,None,55,162,100,p533646,0,0,None,0,,533646.jpg,1.0,368,170,False,-3,None,-12.5,"[{'offset': 0, 'projected_percent': '-36.2', 'likelihood': -2}, {'offset': 1, 'projected_percent': '-80.2', 'likelihood': -3}, {'offset': 2, 'projected_percent': '-124.3', 'likelihood': -5}]",0,0,44,False,0,0.0,,[],Osorio,0.0,614,263,False,None,0,0.0,a,1,8,31,2026-09-01,0.0,629,275,1,912,73,301,136,0.1,0.2,Osorio,0
0,1994-03-10,0,0,True,True,0,0,0,0,0,128295,None,,0,0,-1,1,0.0,536,221,0,0,None,,0,3,0.0,0.0,0,0.00,0,0.00,0,0.00,0.00,0,0,Christian,0.0,551,222,0,0,0,False,0.0,541,216,21,False,0.0,536,214,,0,Groin injury - Unknown return date,2026-08-15T20:00:06.779594Z,49,350,208,p128295,0,0,None,0,,128295.jpg,0.0,551,222,False,-7,None,-70.5,"[{'offset': 0, 'projected_percent': '-74.7', 'likelihood': -3}, {'offset': 1, 'projected_percent': '-82.4', 'likelihood': -3}, {'offset': 2, 'projected_percent': '-90.1', 'likelihood': -3}]",0,0,58,False,0,0,https://www.evertonfc.com/news/2026/august/21/everton-team-news-for-2026-27-premier-league-opener/,[],Nørgaard,0.0,501,200,False,None,0,0,i,0,9,11,2026-08-05,0.0,495,193,0,432,38,6968,649,0.0,0.0,Nørgaard,0
0,2001-05-23,0,20,True,True,None,None,1,0.52,7,242898,None,,0,0,-1,1,52.2,88,60,18,9.36,None,,0,3,1.5,1.5,3,0.22,0.11,0.43,0.22,0.21,2.67,1.39,0.11,Brennan,1.5,238,110,1,0.52,0,False,9.0,192,90,209,False,23.0,246,103,,173,,None,59,86,55,p242898,0,0,None,0,,242898.jpg,1.5,265,120,False,26,None,-20.3,"[{'offset': 0, 'projected_percent': '-4.5', 'likelihood': -1}, {'offset': 1, 'projected_percent': '0.3', 'likelihood': 1}, {'offset': 2, 'projected_percent': '0.7', 'likelihood': 1}]",7,0,244,False,0,0.0,,[],Johnson,0.1,386,142,False,None,2,1.04,a,4,9,11,2026-08-11,15.0,192,98,6,4356,1769,9421,1167,0.3,1.0,Johnson,1
0,1994-03-07,0,87,True,True,None,None,2,0.5,6,111234,None,,0,0,0,0,0.0,630,69,0,0.0,None,,0,1,4.2,4.2,6,0.02,0.0,0.02,0.0,0.00,5.50,1.38,0.0,Jordan,4.2,68,6,3,0.75,0,False,8.5,197,12,226,False,84.2,71,11,,360,,None,55,124,2,p111234,0,0,None,0,,111234.jpg,4.2,77,7,False,510,None,16.2,"[{'offset': 0, 'projected_percent': '19.9', 'likelihood': 1}, {'offset': 1, 'projected_percent': '26.7', 'likelihood': 2}, {'offset': 2, 'projected_percent': '33.4', 'likelihood': 2}]",46,0,241,False,11,2.75,,[],Pickford,9.1,43,7,False,None,4,1.0,a,0,9,11,2017-07-01,0.0,617,68,17,249215,59427,213782,34689,0.8,3.1,Pickford,0
0,1999-05-18,0,0,True,True,None,None,0,0,0,229600,None,,0,0,0,0,0.0,578,64,0,0,None,,0,1,0.0,0.0,0,0.00,0,0.00,0,0.00,0.00,0,0,Mark,0.0,584,70,0,0,0,False,0.0,579,70,227,False,0.0,574,70,,0,,None,50,272,10,p229600,0,0,None,0,,229600.jpg,0.0,584,70,False,3,None,-34.3,"[{'offset': 0, 'projected_percent': '-29.1', 'likelihood': -2}, {'offset': 1, 'projected_percent': '-19.6', 'likelihood': -1}, {'offset': 2, 'projected_percent': '-10.0', 'likelihood': -1}]",0,0,104,False,0,0,,[],Travers,0.0,513,58,False,None,0,0,a,0,9,11,2025-07-15,0.0,550,63,0,1449,467,1791,391,0.0,0.0,Travers,0
0,1995-03-09,0,0,True,True,None,None,0,0,0,138001,None,,0,0,0,0,0.0,459,38,0,0,None,,0,1,0.0,0.0,0,0.00,0,0.00,0,0.00,0.00,0,0,Tom,0.0,479,54,0,0,0,False,0.0,467,54,228,False,0.0,462,54,,0,,None,45,438,30,p138001,0,0,None,0,,138001.jpg,0.0,479,54,False,0,None,-33.4,"[{'offset': 0, 'projected_percent': '-33.4', 'likelihood': -2}, {'offset': 1, 'projected_percent': '-33.4', 'likelihood': -2}, {'offset': 2, 'projected_percent': '-33.4', 'likelihood': -2}]",0,0,244,False,0,0,,[],King,0.0,503,56,False,None,0,0,a,0,9,11,2025-08-15,0.0,408,34,0,1020,196,1522,251,0.0,0.0,King,0
0,1992-11-19,4,95,True,True,None,None,2,0.5,29,17761,None,,1,-1,1,-1,14.9,214,71,39,9.75,None,,1,2,7.2,7.2,8,0.03,0.01,0.20,0.05,0.17,5.50,1.38,0.04,James,7.2,10,4,3,0.75,1,False,15.7,93,28,229,False,113.6,21,4,,360,,None,61,59,5,p17761,0,0,None,0,,17761.jpg,7.2,12,5,False,2008,None,16.2,"[{'offset': 0, 'projected_percent': '21.5', 'likelihood': 2}, {'offset': 1, 'projected_percent': '31.4', 'likelihood': 2}, {'offset': 2, 'projected_percent': '41.3', 'likelihood': 3}]",13,0,241,False,0,0.0,,[],Tarkowski,14.1,28,9,False,None,4,1.0,a,10,9,11,2022-07-01,29.0,126,36,29,656575,238632,254105,39720,1.2,4.8,Tarkowski,0
0,2002-06-27,0,70,True,True,None,None,2,0.5,35,480455,None,,0,0,0,0,6.3,264,94,40,10.0,None,,0,2,4.8,4.8,6,0.02,0.0,0.19,0.04,0.17,5.50,1.38,0.04,Jarrad,4.8,49,20,3,0.75,0,False,19.1,62,10,230,False,112.8,24,6,,360,,None,55,156,18,p480455,0,0,None,0,,480455.jpg,4.8,57,24,False,411,None,22.3,"[{'offset': 0, 'projected_percent': '25.2', 'likelihood': 2}, {'offset': 1, 'projected_percent': '30.7', 'likelihood': 2}, {'offset': 2, 'projected_percent': '36.2', 'likelihood': 2}]",11,0,241,False,0,0.0,,[],Branthwaite,2.2,122,49,False,None,4,1.0,a,5,9,11,2020-06-20,73.0,43,4,19,109423,39347,62181,10909,0.9,3.5,Branthwaite,0
0,1993-01-11,0,0,True,True,None,None,0,0,0,106611,None,,-1,1,-2,2,0.0,529,198,0,0,None,,0,2,0.0,0.0,0,0.00,0,0.00,0,0.00,0.00,0,0,Michael,0.0,545,200,0,0,0,False,0.0,534,198,231,False,0.0,529,198,,0,,None,48,419,79,p106611,0,0,None,0,,106611.jpg,0.0,545,200,False,-110,None,-22.5,"[{'offset': 0, 'projected_percent': '-28.6', 'likelihood': -2}, {'offset': 1, 'projected_percent': '-40.0', 'likelihood': -3}, {'offset': 2, 'projected_percent': '-51.4', 'likelihood': -3}]",0,0,241,False,0,0,,[],Keane,0.8,206,80,False,None,0,0,a,0,9,11,2017-07-03,0.0,488,193,0,8471,1649,84605,10015,0.0,0.0,Keane,0
0,2001-05-15,0,2,True,True,None,None,0,0.0,1,512462,None,,0,0,-1,1,0.0,557,203,1,6.0,None,,0,2,0.2,0.2,1,0.00,0.0,0.00,0.0,0.00,0.26,1.56,0.0,Jake,0.2,382,142,0,0.0,0,False,0.1,387,140,232,False,1.0,378,139,,15,,None,49,397,75,p512462,0,0,None,0,,512462.jpg,1.0,323,127,False,-7,None,-87.6,"[{'offset': 0, 'projected_percent': '-89.4', 'likelihood': -3}, {'offset': 1, 'projected_percent': '-92.8', 'likelihood': -3}, {'offset': 2, 'projected_percent': '-96.2', 'likelihood': -4}]",1,0,104,False,0,0.0,,[],O'Brien,0.3,296,106,False,None,0,0.0,a,0,9,11,2024-07-30,0.0,520,200,1,4023,1025,22949,2251,0.0,0.2,O'Brien,0
0,1999-05-29,3,80,True,True,None,None,2,0.5,22,224967,None,,0,0,0,0,28.6,162,50,33,8.25,None,,1,2,5.5,5.5,11,0.14,0.04,0.14,0.04,0.00,5.50,1.38,0.0,Vitalii,5.5,37,16,3,0.75,0,False,12.2,140,52,233,False,86.8,63,26,,360,,None,45,460,102,p224967,0,0,None,0,,224967.jpg,5.5,42,18,False,2771,None,76.9,"[{'offset': 0, 'projected_percent': '96.8', 'likelihood': 4}, {'offset': 1, 'projected_percent': '133.7', 'likelihood': 5}, {'offset': 2, 'projected_percent': '170.6', 'likelihood': 5}]",19,0,225,False,0,0.0,,[],Mykolenko,3.6,92,35,False,None,4,1.0,a,11,9,11,2022-01-01,6.0,252,89,22,305428,172842,91375,19044,1.2,4.9,Mykolenko,0
0,2001-10-16,0,0,False,True,0,0,0,0,0,243571,None,,0,0,0,0,0.0,472,185,0,0,None,,0,2,0.0,0.0,0,0.00,0,0.00,0,0.00,0.00,0,0,Nathan,0.0,491,187,0,0,0,False,0.0,479,185,234,False,0.0,474,185,,0,Has joined Torino permanently,2026-09-02T16:05:23.326971Z,45,470,108,p243571,0,0,None,0,,243571.jpg,0.0,491,187,False,0,None,0.0,"[{'offset': 0, 'projected_percent': '0.0', 'likelihood': 0}, {'offset': 1, 'projected_percent': '0.0', 'likelihood': 0}, {'offset': 2, 'projected_percent': '0.0', 'likelihood': 0}]",0,0,243,False,0,0,,[],Patterson,0.0,581,197,False,None,0,0,u,0,9,11,2022-01-04,0.0,422,174,0,371,0,2260,268,0.0,0.0,Patterson,0
0,2006-06-02,0,0,False,True,0,0,0,0,0,499300,None,,0,0,0,0,0.0,417,156,0,0,None,,0,2,0.0,0.0,0,0.00,0,0.00,0,0.00,0.00,0,0,Adam,0.0,440,158,0,0,0,False,0.0,428,156,235,False,0.0,423,156,,0,Has joined Malaga on loan for the rest of the season,2026-09-01T13:23:16.934847Z,40,630,188,p499300,0,0,None,0,,499300.jpg,0.0,440,158,False,-8,None,0.0,"[{'offset': 0, 'projected_percent': '0.0', 'likelihood': 0}, {'offset': 1, 'projected_percent': '0.0', 'likelihood': 0}, {'offset': 2, 'projected_percent': '0.0', 'likelihood': 0}]",0,0,145,False,0,0,,[],Aznou,0.1,421,153,False,None,0,0,u,0,9,11,2025-07-29,0.0,357,137,0,1728,0,10324,1377,0.0,0.0,Aznou,0
0,1998-09-06,3,100,True,True,None,None,2,0.5,5,215413,2,,0,0,0,0,129.6,9,8,35,8.75,None,,0,3,4.2,4.2,2,0.49,0.12,1.11,0.28,0.62,5.46,1.36,0.16,Kiernan,4.2,72,30,3,0.75,1,False,32.8,13,11,236,False,101.2,43,18,,360,,None,65,35,23,p215413,0,0,None,0,,215413.jpg,4.2,81,32,False,2646,None,82.0,"[{'offset': 0, 'projected_percent': '101.0', 'likelihood': 5}, {'offset': 1, 'projected_percent': '136.2', 'likelihood': 5}, {'offset': 2, 'projected_percent': '171.5', 'likelihood': 5}]",21,0,241,False,0,0.0,,[],Dewsbury-Hall,5.9,66,22,False,None,4,1.0,a,9,9,11,2025-08-06,97.0,23,13,17,480387,145739,268816,49012,0.6,2.6,Dewsbury-Hall,1
0,1995-09-10,0,14,True,True,100,100,0,0.0,2,114283,None,,0,0,0,0,14.1,220,120,6,9.47,None,,0,3,0.8,0.8,1,0.14,0.22,0.16,0.25,0.02,0.61,0.96,0.03,Jack,0.8,313,146,1,1.58,0,False,3.7,288,128,238,False,10.4,297,127,,57,,2026-07-29T10:00:10.492904Z,65,34,22,p114283,0,0,None,0,,114283.jpg,1.0,383,181,False,76,None,6.6,"[{'offset': 0, 'projected_percent': '7.1', 'likelihood': 1}, {'offset': 1, 'projected_percent': '8.1', 'likelihood': 1}, {'offset': 2, 'projected_percent': '9.1', 'likelihood': 1}]",1,0,241,False,0,0.0,,"[{'property': 'loan_ineligible', 'notes': 'This player will not be available to face their parent club in Gameweek 18 as part of their loan conditions.', 'gameweek': 18, 'url': None}, {'property': 'loan_ineligible', 'notes': 'This player will not be available to face their parent club in Gameweek 28 as part of their loan conditions.', 'gameweek': 28, 'url': None}]",Grealish,0.4,262,86,False,None,0,0.0,a,3,9,11,2026-09-01,12.0,211,108,3,34643,7912,19319,5073,0.1,0.5,Grealish,0
0,2001-03-13,0,57,True,True,100,100,1,0.38,5,232928,1,,0,0,0,0,49.1,97,66,36,13.61,1,,0,3,2.0,2.0,4,0.13,0.05,0.17,0.07,0.04,2.01,0.76,0.02,James,2.0,189,88,2,0.76,0,False,10.1,174,83,239,False,41.4,179,70,,238,,2026-09-06T18:00:08.301702Z,60,68,47,p232928,0,0,2,0,,232928.jpg,2.0,225,99,False,99,None,2.1,"[{'offset': 0, 'projected_percent': '2.8', 'likelihood': 1}, {'offset': 1, 'projected_percent': '4.1', 'likelihood': 1}, {'offset': 2, 'projected_percent': '5.4', 'likelihood': 1}]",20,0,241,False,0,0.0,,[],Garner,0.2,332,118,False,None,3,1.13,a,11,9,11,2022-09-01,9.0,235,118,8,16634,9434,11325,2649,0.3,1.3,Garner,2
0,2006-02-04,3,73,True,True,None,None,2,0.6,5,550615,None,,0,0,0,0,85.4,38,32,16,4.83,None,,0,3,4.5,4.5,3,0.31,0.09,0.63,0.19,0.32,3.33,1.01,0.1,Tyrique,4.5,60,26,3,0.91,1,False,22.0,43,32,242,False,63.6,111,35,,298,,None,55,166,103,p550615,0,0,None,0,,550615.jpg,4.5,69,29,False,586,None,25.7,"[{'offset': 0, 'projected_percent': '29.9', 'likelihood': 2}, {'offset': 1, 'projected_percent': '37.7', 'likelihood': 2}, {'offset': 2, 'projected_percent': '45.5', 'likelihood': 3}]",10,0,241,False,0,0.0,,[],George,0.9,191,61,False,None,4,1.21,a,1,9,11,2026-07-06,71.0,46,28,18,92521,38416,29566,8859,0.8,3.3,George,0
0,2002-11-30,0,5,True,True,None,None,0,0.0,0,502697,None,,0,0,-1,1,0.8,342,170,3,54.0,None,,0,3,0.2,0.2,0,0.02,0.36,0.07,1.26,0.05,0.04,0.72,0.9,Carlos,0.2,381,172,0,0.0,0,False,2.7,302,137,243,False,5.0,337,153,,5,,None,49,396,236,p502697,0,0,None,0,,502697.jpg,0.5,399,185,False,-13,None,-23.2,"[{'offset': 0, 'projected_percent': '-36.0', 'likelihood': -2}, {'offset': 1, 'projected_percent': '-59.9', 'likelihood': -3}, {'offset': 2, 'projected_percent': '-83.8', 'likelihood': -3}]",2,0,10,False,0,0.0,,[],Alcaraz Durán,0.1,453,176,False,None,0,0.0,a,1,9,11,2025-07-01,25.0,134,68,1,2585,423,5240,838,0.0,0.2,Alcaraz,1
1,2007-01-19,0,48,True,True,75,None,2,0.51,12,609873,None,,0,0,0,0,38.2,136,86,35,8.85,None,,0,3,2.6,3.5,3,0.12,0.03,0.21,0.05,0.09,5.50,1.39,0.02,Harrison,3.5,94,38,3,0.76,0,False,11.2,151,73,244,False,57.6,131,43,,356,Unspecified injury - 75% chance of playing,2026-09-17T08:30:08.942299Z,50,333,201,p609873,0,0,None,0,,609873.jpg,3.5,114,44,False,-113,None,10.4,"[{'offset': 0, 'projected_percent': '9.6', 'likelihood': 1}, {'offset': 1, 'projected_percent': '8.1', 'likelihood': 1}, {'offset': 2, 'projected_percent': '6.6', 'likelihood': 1}]",17,0,241,False,0,0.0,,[],Armstrong,0.4,265,88,False,None,4,1.01,d,6,9,11,2024-08-09,15.0,188,96,14,52916,5806,27175,6679,0.7,2.8,Armstrong,1
0,2006-02-17,0,0,True,True,None,None,0,0,0,496661,None,,0,0,-1,1,0.0,625,272,0,0,None,,0,3,0.0,0.0,0,0.00,0,0.00,0,0.00,0.00,0,0,Tyler,0.0,627,271,0,0,0,False,0.0,626,271,245,False,0.0,622,270,,0,,None,54,212,134,p496661,0,0,None,0,,496661.jpg,0.0,627,271,False,6,None,-74.9,"[{'offset': 0, 'projected_percent': '-58.6', 'likelihood': -3}, {'offset': 1, 'projected_percent': '-28.1', 'likelihood': -2}, {'offset': 2, 'projected_percent': '0.0', 'likelihood': 0}]",0,0,241,False,0,0,,[],Dibling,0.0,544,223,False,None,0,0,a,0,9,11,2025-08-25,0.0,612,265,0,993,226,2443,319,0.0,0.0,Dibling,0
0,2002-07-05,0,35,True,True,75,None,1,0.36,6,513466,None,,-1,1,-1,1,32.1,151,93,24,8.67,None,,0,3,1.1,1.5,0,0.20,0.07,0.20,0.07,0.00,4.52,1.63,0.0,Merlin,1.5,226,102,2,0.72,0,False,6.1,239,108,246,False,26.6,233,95,,249,Unspecified injury - 75% chance of playing,2026-09-16T18:00:09.541933Z,49,398,237,p513466,0,0,None,0,,513466.jpg,2.0,213,92,False,-6,None,-12.0,"[{'offset': 0, 'projected_percent': '-15.4', 'likelihood': -1}, {'offset': 1, 'projected_percent': '-21.8', 'likelihood': -2}, {'offset': 2, 'projected_percent': '-28.2', 'likelihood': -2}]",13,0,80,False,0,0.0,,[],Röhl,0.0,504,201,False,None,3,1.08,d,5,9,11,2026-06-15,2.0,302,148,6,1951,281,3744,900,0.3,1.2,Röhl,1
1,2002-06-26,0,36,True,True,100,100,1,0.66,4,244860,3,,0,0,0,0,49.9,94,64,12,7.94,None,,0,3,2.2,2.2,1,0.13,0.09,0.18,0.12,0.05,3.75,2.48,0.03,Hayden,2.2,163,73,1,0.66,0,False,11.1,154,75,247,False,40.2,182,72,,136,,2026-08-26T22:00:07.797766Z,55,141,85,p244860,0,0,None,0,,244860.jpg,2.2,195,83,False,-14,None,-77.0,"[{'offset': 0, 'projected_percent': '-82.4', 'likelihood': -3}, {'offset': 1, 'projected_percent': '-92.5', 'likelihood': -3}, {'offset': 2, 'projected_percent': '-102.6', 'likelihood': -5}]",5,0,241,False,0,0.0,,[],Hackney,0.2,338,119,False,None,1,0.66,a,3,9,11,2026-07-02,21.0,151,78,9,3440,615,10528,1650,0.4,1.6,Hackney,0
0,1998-01-31,0,5,False,True,0,0,0,0.0,1,486385,None,,0,0,-1,1,0.3,367,46,1,2.9,None,,0,4,0.0,0.0,0,0.00,0.0,0.09,0.26,0.09,1.92,5.57,0.26,Norberto Bercique,0.5,348,40,0,0.0,0,False,0.8,361,41,248,False,3.0,359,39,Beto,31,Has joined Fiorentina permanently,2026-09-02T16:05:23.357221Z,54,211,48,p486385,0,0,None,0,,486385.jpg,1.0,363,41,False,-223,None,0.0,"[{'offset': 0, 'projected_percent': '0.0', 'likelihood': 0}, {'offset': 1, 'projected_percent': '0.0', 'likelihood': 0}, {'offset': 2, 'projected_percent': '0.0', 'likelihood': 0}]",0,0,90,False,0,0.0,,[],Gomes Betuncal,0.7,216,36,False,None,0,0.0,u,0,9,11,2023-08-29,5.0,272,39,2,16222,0,207441,20435,0.1,0.4,Beto,0
0,2002-10-21,2,55,True,True,None,None,2,0.55,3,586309,None,,0,0,1,-1,59.7,70,4,12,3.3,None,,0,4,3.5,3.5,2,0.14,0.04,3.12,0.86,2.98,3.58,0.99,0.82,Thierno,3.5,97,11,3,0.83,1,False,29.1,19,4,249,False,51.4,152,10,,327,,None,56,121,30,p586309,0,0,1,0,,586309.jpg,3.5,117,14,False,3017,None,43.7,"[{'offset': 0, 'projected_percent': '65.3', 'likelihood': 3}, {'offset': 1, 'projected_percent': '105.5', 'likelihood': 5}, {'offset': 2, 'projected_percent': '145.7', 'likelihood': 5}]",8,0,73,False,0,0.0,,[],Barry,7.3,52,8,False,None,4,1.1,a,1,9,11,2025-07-09,180.0,3,2,14,779646,159702,302320,68474,0.6,2.5,Barry,0
0,1997-08-29,0,36,True,True,None,None,1,1.03,3,154043,None,,0,0,0,0,12.8,230,80,5,5.17,None,,0,2,6.5,6.5,6,0.14,0.14,0.20,0.2,0.06,0.72,0.74,0.06,Ainsley,6.5,21,7,1,1.03,1,False,6.4,232,86,649,False,43.4,173,73,,87,,None,45,440,87,p154043,0,0,None,0,,154043.jpg,6.5,23,8,False,489,None,5.3,"[{'offset': 0, 'projected_percent': '8.8', 'likelihood': 1}, {'offset': 1, 'projected_percent': '15.3', 'likelihood': 1}, {'offset': 2, 'projected_percent': '21.9', 'likelihood': 2}]",4,0,241,False,0,0.0,,[],Maitland-Niles,0.9,195,75,False,None,1,1.03,a,2,9,11,2026-09-01,8.0,237,83,13,60127,41163,8885,5055,1.4,2.9,Maitland-Niles,0
0,2007-11-07,0,0,True,True,None,None,0,0,0,629068,None,,0,0,0,0,0.0,518,212,0,0,None,,0,3,0.0,0.0,0,0.00,0,0.00,0,0.00,0.00,0,0,Braiden,0.0,535,213,0,0,0,False,0.0,524,207,654,False,0.0,519,205,,0,,None,45,541,283,p629068,0,0,None,0,,629068.jpg,0.0,535,213,False,0,2026-09-19T17:46:58.377521Z,0.0,"[{'offset': 0, 'projected_percent': '0.0', 'likelihood': 0}, {'offset': 1, 'projected_percent': '0.0', 'likelihood': 0}, {'offset': 2, 'projected_percent': '0.0', 'likelihood': 0}]",0,0,242,False,0,0,,[],Graham,0.1,406,150,False,None,0,0,a,0,9,11,2025-12-29,0.0,477,184,0,10938,1477,4094,2033,0.0,0.0,Graham,0
0,1992-03-04,2,59,True,True,None,None,1,0.25,4,80201,None,,0,0,0,0,0.0,453,33,0,0.0,None,,0,1,3.8,3.8,9,0.00,0.0,0.00,0.0,0.00,7.51,1.88,0.0,Bernd,3.8,85,9,7,1.75,0,False,9.3,183,9,250,False,93.0,58,9,,360,,None,45,429,25,p80201,0,0,None,0,,80201.jpg,3.8,102,10,False,59,None,3.2,"[{'offset': 0, 'projected_percent': '3.6', 'likelihood': 1}, {'offset': 1, 'projected_percent': '4.4', 'likelihood': 1}, {'offset': 2, 'projected_percent': '5.2', 'likelihood': 1}]",33,0,80,False,11,2.75,,[],Leno,3.1,102,16,False,None,4,1.0,a,0,10,54,2022-08-02,0.0,401,29,15,103224,29700,87503,13873,0.8,3.3,Leno,0
0,1991-04-26,0,0,True,True,None,None,0,0,0,86873,None,,0,0,0,0,0.0,389,11,0,0,None,,0,1,0.0,0.0,0,0.00,0,0.00,0,0.00,0.00,0,0,Benjamin,0.0,414,30,0,0,0,False,0.0,401,30,251,False,0.0,397,30,,0,,None,40,590,55,p86873,0,0,None,0,,86873.jpg,0.0,414,30,False,-4,None,-18.5,"[{'offset': 0, 'projected_percent': '-18.8', 'likelihood': -1}, {'offset': 1, 'projected_percent': '-19.3', 'likelihood': -1}, {'offset': 2, 'projected_percent': '-19.8', 'likelihood': -1}]",0,0,73,False,0,0,,[],Lecomte,1.1,171,25,False,None,0,0,a,0,10,54,2025-07-26,0.0,329,7,0,22037,2944,22562,3413,0.0,0.0,Lecomte,0
0,None,0,0,False,True,0,0,0,0,0,505079,None,,0,0,0,0,0.0,419,26,0,0,None,,0,1,0.0,0.0,0,0.00,0,0.00,0,0.00,0.00,0,0,Alfie,0.0,442,45,0,0,0,False,0.0,430,45,252,False,0.0,425,45,,0,Has joined York City on loan for the rest of the season,2026-09-01T13:25:11.231240Z,40,632,70,p505079,0,0,None,0,,505079.jpg,0.0,442,45,False,-4,None,0.0,"[{'offset': 0, 'projected_percent': '0.0', 'likelihood': 0}, {'offset': 1, 'projected_percent': '0.0', 'likelihood': 0}, {'offset': 2, 'projected_percent': '0.0', 'likelihood': 0}]",0,0,None,False,0,0,,[],McNally,0.1,393,46,False,None,0,0,u,0,10,54,None,0.0,359,22,0,2589,0,5854,766,0.0,0.0,McNally,0
0,1996-05-31,0,12,True,True,100,100,0,0.0,13,174874,None,,0,0,0,0,35.8,140,41,15,7.5,None,,0,2,0.5,0.5,0,0.10,0.05,0.10,0.05,0.00,3.99,2.0,0.0,Joachim,0.5,339,124,4,2.0,0,False,8.6,196,73,253,False,42.2,174,74,,180,,2026-07-23T12:01:23.516350Z,50,253,37,p174874,0,0,None,0,,174874.jpg,1.0,333,129,False,0,None,0.1,"[{'offset': 0, 'projected_percent': '0.1', 'likelihood': 1}, {'offset': 1, 'projected_percent': '0.1', 'likelihood': 1}, {'offset': 2, 'projected_percent': '0.1', 'likelihood': 1}]",9,0,58,False,0,0.0,,[],Andersen,0.1,379,145,False,None,2,1.0,a,2,10,54,2024-08-23,8.0,240,85,2,11573,1530,7736,1703,0.1,0.4,Andersen,1
0,1997-08-08,0,46,True,True,None,None,1,0.27,14,169528,None,,0,0,0,0,76.7,46,6,24,6.37,None,,0,2,2.5,2.5,6,0.21,0.06,0.47,0.13,0.26,7.48,1.99,0.07,Antonee,2.5,141,50,7,1.86,0,False,15.8,90,25,254,False,63.6,110,52,Antonee Robinson,339,,None,45,443,90,p169528,0,0,2,0,,169528.jpg,2.5,168,64,False,-6,None,-36.8,"[{'offset': 0, 'projected_percent': '-37.1', 'likelihood': -2}, {'offset': 1, 'projected_percent': '-37.7', 'likelihood': -2}, {'offset': 2, 'projected_percent': '-38.3', 'likelihood': -2}]",16,0,229,False,0,0.0,,[],Robinson,1.4,158,63,False,None,4,1.06,a,10,10,54,2020-08-20,18.0,163,49,10,39863,8947,61820,9124,0.6,2.2,Robinson,0
0,1999-11-17,0,7,True,True,None,None,0,0.0,9,246301,None,,0,0,0,0,21.3,190,62,10,10.0,None,,0,2,0.8,0.8,0,0.03,0.03,0.03,0.03,0.00,2.24,2.24,0.0,Jorge,0.8,284,105,3,3.0,0,False,5.4,250,92,255,False,32.8,214,91,,90,,None,45,474,112,p246301,0,0,None,0,,246301.jpg,3.0,134,56,False,-4,None,-53.7,"[{'offset': 0, 'projected_percent': '-64.9', 'likelihood': -3}, {'offset': 1, 'projected_percent': '-85.8', 'likelihood': -3}, {'offset': 2, 'projected_percent': '-106.6', 'likelihood': -5}]",3,0,200,False,0,0.0,,[],Cuenca Barreno,0.0,547,188,False,None,1,1.0,a,1,10,54,2024-08-03,0.0,424,176,3,1471,80,1851,290,0.2,0.7,J.Cuenca,0
0,1995-10-09,0,-1,True,True,None,None,0,0.0,3,167074,None,,0,0,-1,1,0.3,362,138,3,10.0,None,,0,2,0.0,0.0,0,0.00,0.0,0.00,0.0,0.00,0.65,2.17,0.0,Kenny,0.0,466,179,0,0.0,0,False,0.4,369,134,256,False,1.6,370,137,,27,,None,44,558,142,p167074,0,0,None,0,,167074.jpg,0.0,466,179,False,-12,None,-27.8,"[{'offset': 0, 'projected_percent': '-32.4', 'likelihood': -2}, {'offset': 1, 'projected_percent': '-41.0', 'likelihood': -3}, {'offset': 2, 'projected_percent': '-49.6', 'likelihood': -3}]",0,0,152,False,0,0.0,,[],Tete,0.2,337,127,False,None,0,0.0,a,0,10,54,2020-09-10,2.0,298,111,0,1317,312,8728,1356,0.0,0.0,Tete,1
0,1999-12-31,0,43,True,True,None,None,1,0.25,17,232892,None,,0,0,0,0,13.5,224,78,21,5.25,None,,0,2,2.2,2.2,6,0.07,0.02,0.14,0.04,0.07,7.51,1.88,0.02,Calvin,2.2,153,58,7,1.75,0,False,10.7,165,63,257,False,70.4,92,40,,360,,None,45,465,105,p232892,0,0,None,0,,232892.jpg,2.2,187,74,False,-4,None,-19.0,"[{'offset': 0, 'projected_percent': '-19.4', 'likelihood': -1}, {'offset': 1, 'projected_percent': '-20.1', 'likelihood': -2}, {'offset': 2, 'projected_percent': '-20.8', 'likelihood': -2}]",15,0,157,False,0,0.0,,[],Bassey,0.7,224,86,False,None,4,1.0,a,4,10,54,2023-07-28,23.0,141,43,9,20389,3033,27334,3101,0.5,2.0,Bassey,1
2,1995-12-05,0,61,True,True,None,None,2,0.57,14,166477,None,,0,0,0,0,53.4,81,18,20,5.66,None,,0,2,4.8,4.8,6,0.38,0.11,1.05,0.3,0.67,5.21,1.47,0.19,Timothy,4.8,44,19,6,1.7,0,False,17.8,71,16,258,False,69.8,95,42,,318,,None,45,442,89,p166477,0,0,None,0,,166477.jpg,4.8,52,23,False,48,None,9.5,"[{'offset': 0, 'projected_percent': '9.9', 'likelihood': 1}, {'offset': 1, 'projected_percent': '10.5', 'likelihood': 1}, {'offset': 2, 'projected_percent': '11.1', 'likelihood': 1}]",14,0,21,False,0,0.0,,[],Castagne,0.8,201,77,False,None,4,1.13,a,6,10,54,2023-08-29,55.0,65,9,19,73700,11187,37209,6094,1.1,4.2,Castagne,1
0,1996-05-03,0,67,True,True,None,None,1,0.27,4,153133,1,,0,0,-1,1,104.2,26,24,22,5.86,1,,0,3,2.2,2.2,3,0.81,0.22,1.01,0.27,0.20,7.04,1.87,0.05,Alex,2.2,159,70,7,1.86,0,False,16.7,80,48,261,False,39.6,185,74,,338,,None,54,175,110,p153133,0,0,3,0,,153133.jpg,2.2,193,81,False,-47,None,-44.0,"[{'offset': 0, 'projected_percent': '-49.3', 'likelihood': -3}, {'offset': 1, 'projected_percent': '-59.3', 'likelihood': -3}, {'offset': 2, 'projected_percent': '-69.2', 'likelihood': -3}]",14,0,157,False,0,0.0,,[],Iwobi,0.7,228,71,False,None,4,1.07,a,4,10,54,2023-09-01,23.0,143,72,9,18369,2524,50456,7674,0.4,1.7,Iwobi,0
0,2000-07-28,0,11,True,True,None,None,0,0.0,1,209289,None,,0,0,-1,1,23.8,177,102,3,7.11,None,,0,3,0.8,0.8,1,0.02,0.05,0.08,0.19,0.06,0.87,2.06,0.14,Emile,0.8,298,139,0,0.0,0,False,4.0,278,122,262,False,6.6,323,146,,38,,None,54,184,116,p209289,0,0,None,0,,209289.jpg,1.0,353,162,False,-24,None,-62.5,"[{'offset': 0, 'projected_percent': '-69.7', 'likelihood': -3}, {'offset': 1, 'projected_percent': '-83.2', 'likelihood': -3}, {'offset': 2, 'projected_percent': '-96.7', 'likelihood': -4}]",2,0,241,False,0,0.0,,[],Smith Rowe,0.2,312,108,False,None,0,0.0,a,0,10,54,2024-08-02,9.0,231,114,3,4114,498,19018,2850,0.1,0.6,Smith Rowe,0
0,2003-01-04,0,8,True,True,None,None,0,0.0,0,560552,4,,-1,1,-2,2,6.7,260,134,6,12.86,None,,0,3,0.8,0.8,1,0.12,0.26,0.15,0.32,0.03,0.74,1.59,0.06,Kevin,0.8,296,137,0,0.0,0,False,1.3,342,157,263,False,5.4,331,150,Kevin,42,,None,53,234,147,p560552,0,0,None,0,,560552.jpg,1.0,349,158,False,-4,None,0.0,"[{'offset': 0, 'projected_percent': '-2.6', 'likelihood': -1}, {'offset': 1, 'projected_percent': '-10.6', 'likelihood': -1}, {'offset': 2, 'projected_percent': '-18.6', 'likelihood': -1}]",3,0,30,False,0,0.0,,[],Santos Lopes de Macedo,0.0,506,202,False,None,0,0.0,a,3,10,54,2025-09-01,1.0,318,157,3,1727,519,3834,568,0.2,0.6,Kevin,0
0,2003-07-12,0,47,True,True,None,None,2,0.66,4,477555,2,,0,0,0,0,115.0,17,16,22,7.25,None,,0,3,2.5,2.5,3,1.05,0.35,1.37,0.46,0.32,5.07,1.67,0.11,Oscar,2.5,147,63,6,1.98,0,False,22.2,42,31,264,False,38.0,191,76,,273,,None,55,155,95,p477555,0,0,None,0,,477555.jpg,2.5,174,72,False,2,None,-52.1,"[{'offset': 0, 'projected_percent': '-51.7', 'likelihood': -3}, {'offset': 1, 'projected_percent': '-51.0', 'likelihood': -3}, {'offset': 2, 'projected_percent': '-50.3', 'likelihood': -3}]",12,0,161,False,0,0.0,,[],Bobb,0.3,297,104,False,None,4,1.32,a,6,10,54,2026-01-30,69.0,49,30,10,13491,2230,18466,3236,0.5,1.8,Bobb,0
0,1998-02-14,0,51,True,True,None,None,1,0.33,5,207189,None,,0,0,-1,1,65.6,58,47,17,5.6,None,,0,3,2.0,2.0,3,0.34,0.11,0.37,0.12,0.03,6.18,2.04,0.01,Sander,2.0,176,79,5,1.65,0,False,12.2,141,70,265,False,41.4,178,69,,273,,None,49,359,215,p207189,0,0,None,0,,207189.jpg,2.0,208,89,False,-5,None,-15.6,"[{'offset': 0, 'projected_percent': '-16.8', 'likelihood': -1}, {'offset': 1, 'projected_percent': '-19.1', 'likelihood': -1}, {'offset': 2, 'projected_percent': '-21.3', 'likelihood': -2}]",8,0,161,False,0,0.0,,[],Berge,0.3,295,103,False,None,3,0.99,a,4,10,54,2024-08-22,15.0,183,92,8,5507,1419,16111,2551,0.4,1.6,Berge,0
0,1991-01-20,0,0,True,True,0,0,0,0,0,76357,None,,-1,1,-1,1,0.0,531,220,0,0,None,,0,3,0.0,0.0,0,0.00,0,0.00,0,0.00,0.00,0,0,Tom,0.0,547,221,0,0,0,False,0.0,536,215,266,False,0.0,531,213,,0,Knee injury - Expected back 10 Oct,2026-08-14T18:00:06.460944Z,49,344,207,p76357,0,0,None,0,,76357.jpg,0.0,547,221,False,-3,None,-5.0,"[{'offset': 0, 'projected_percent': '-18.6', 'likelihood': -1}, {'offset': 1, 'projected_percent': '-43.9', 'likelihood': -3}, {'offset': 2, 'projected_percent': '-69.1', 'likelihood': -3}]",0,0,243,False,0,0,https://www.fulhamfc.com/news/2026/august/21/team-news-joachim-andersen-tom-cairney-absent-for-chelsea/,[],Cairney,0.0,642,282,False,None,0,0,i,0,10,54,2015-07-07,0.0,490,192,0,99,13,298,48,0.0,0.0,Cairney,0
0,2007-01-03,3,99,True,True,None,None,1,0.26,4,577725,None,,0,0,0,0,60.4,67,52,23,5.98,None,,0,3,5.5,5.5,3,0.43,0.11,1.59,0.41,1.16,7.04,1.83,0.3,Josh,5.5,38,16,7,1.82,2,False,30.2,16,13,268,False,108.2,34,14,,346,,None,55,169,105,p577725,0,0,None,0,,577725.jpg,5.5,43,19,False,974,None,51.9,"[{'offset': 0, 'projected_percent': '58.8', 'likelihood': 3}, {'offset': 1, 'projected_percent': '71.8', 'likelihood': 3}, {'offset': 2, 'projected_percent': '84.8', 'likelihood': 3}]",12,0,241,False,0,0.0,,[],King,1.8,137,43,False,None,4,1.04,a,7,10,54,2024-02-02,133.0,8,3,22,216827,77413,73126,21008,1.0,4.0,King,0
0,2000-05-18,0,13,True,True,75,None,0,0.0,2,184349,3,,0,0,-1,1,26.3,170,54,3,5.4,None,,0,2,0.6,0.8,0,0.44,0.79,0.57,1.02,0.13,1.80,3.24,0.23,Ryan,0.8,280,102,1,1.8,0,False,7.5,210,77,269,False,17.2,270,110,,50,Groin injury - 75% chance of playing,2026-09-14T11:30:07.403957Z,44,559,143,p184349,0,0,None,0,,184349.jpg,1.0,292,108,False,-53,None,-34.8,"[{'offset': 0, 'projected_percent': '-42.4', 'likelihood': -3}, {'offset': 1, 'projected_percent': '-56.5', 'likelihood': -3}, {'offset': 2, 'projected_percent': '-70.5', 'likelihood': -3}]",3,0,241,False,0,0.0,https://www.fulhamfc.com/news/2026/september/14/team-news-ryan-sessegnon-to-miss-west-ham-clash/,[],Sessegnon,0.3,299,108,False,None,0,0.0,d,1,10,54,2024-07-26,31.0,120,33,3,2437,222,16508,4100,0.2,0.7,Sessegnon,0
0,1995-01-27,0,0,True,True,None,None,0,0,0,153366,None,,-1,1,-1,1,0.0,442,188,0,0,None,,0,3,0.0,0.0,0,0.00,0,0.00,0,0.00,0.00,0,0,Harrison,0.0,465,189,0,0,0,False,0.0,453,183,270,False,0.0,448,181,,0,,None,44,557,291,p153366,0,0,None,0,,153366.jpg,0.0,465,189,False,-45,None,1.8,"[{'offset': 0, 'projected_percent': '1.5', 'likelihood': 1}, {'offset': 1, 'projected_percent': '0.9', 'likelihood': 1}, {'offset': 2, 'projected_percent': '0.3', 'likelihood': 1}]",0,0,241,False,0,0,,[],Reed,1.2,164,52,False,None,0,0,a,0,10,54,2020-08-30,0.0,387,159,0,31846,14569,63088,13508,0.0,0.0,Reed,0
0,2001-05-04,0,15,True,True,None,None,0,0.0,2,244042,None,,0,0,-1,1,21.9,189,22,2,6.43,None,,0,4,0.8,0.8,1,0.00,0.0,0.40,1.29,0.40,0.49,1.58,1.29,Rodrigo,0.8,301,33,0,0.0,0,False,6.9,222,23,271,False,11.2,291,29,Rodrigo Muniz,28,,None,54,192,44,p244042,0,0,None,0,,244042.jpg,1.0,356,38,False,-40,None,-28.2,"[{'offset': 0, 'projected_percent': '-35.4', 'likelihood': -2}, {'offset': 1, 'projected_percent': '-48.8', 'likelihood': -3}, {'offset': 2, 'projected_percent': '-62.2', 'likelihood': -3}]",0,0,30,False,0,0.0,,[],Muniz Carvalho,0.4,266,46,False,None,0,0.0,a,0,10,54,2021-08-20,36.0,112,23,3,13631,2786,31146,5032,0.1,0.6,Muniz,0
0,2007-07-04,0,0,True,True,None,None,0,0,0,631786,None,,0,0,0,0,0.0,520,60,0,0,None,,0,4,0.0,0.0,0,0.00,0,0.00,0,0.00,0.00,0,0,Jonah,0.0,537,61,0,0,0,False,0.0,526,58,272,False,0.0,521,55,,0,,None,45,543,77,p631786,0,0,None,0,,631786.jpg,0.0,537,61,False,-407,None,-34.8,"[{'offset': 0, 'projected_percent': '-40.1', 'likelihood': -3}, {'offset': 1, 'projected_percent': '-50.0', 'likelihood': -3}, {'offset': 2, 'projected_percent': '-59.8', 'likelihood': -3}]",0,0,206,False,0,0,,[],Kusi-Asare,5.7,69,9,False,None,0,0,a,0,10,54,2026-06-27,0.0,479,54,0,144296,25011,250986,54025,0.0,0.0,Kusi-Asare,0
0,2004-03-24,0,50,True,True,None,None,1,0.26,6,551466,None,,0,0,0,0,32.0,152,14,16,4.16,None,,0,4,3.0,3.0,2,0.25,0.07,1.89,0.5,1.64,7.04,1.83,0.43,Gonzalo,3.0,127,15,7,1.82,1,False,19.8,52,9,569,False,53.0,145,9,,346,,None,60,75,18,p551466,0,0,1,0,,551466.jpg,3.0,153,19,False,-132,None,46.0,"[{'offset': 0, 'projected_percent': '45.1', 'likelihood': 3}, {'offset': 1, 'projected_percent': '43.3', 'likelihood': 3}, {'offset': 2, 'projected_percent': '41.6', 'likelihood': 3}]",8,0,200,False,0,0.0,,[],García,3.6,93,12,False,None,4,1.04,a,2,10,54,2026-08-03,113.0,16,8,12,348684,29246,265667,60450,0.5,2.0,Gonzalo,0
0,2004-11-11,1,43,True,True,None,None,0,0.0,3,571779,None,,-1,1,-1,1,22.3,186,105,13,5.65,None,,0,3,2.8,2.8,0,0.03,0.01,1.01,0.44,0.98,4.97,2.16,0.43,César,2.8,138,60,6,2.61,1,False,12.4,137,69,570,False,39.6,186,75,,207,,None,54,222,142,p571779,0,0,None,0,,571779.jpg,3.7,108,43,False,-2,None,-0.2,"[{'offset': 0, 'projected_percent': '-0.7', 'likelihood': -1}, {'offset': 1, 'projected_percent': '-1.7', 'likelihood': -1}, {'offset': 2, 'projected_percent': '-2.6', 'likelihood': -1}]",8,0,200,False,0,0.0,,[],Palacios,0.2,357,129,False,None,3,1.3,a,2,10,54,2026-08-03,62.0,56,36,11,4836,1465,9242,1970,0.5,2.0,Palacios,1
0,2003-11-05,0,44,True,True,None,None,1,0.42,12,463210,None,,0,0,0,0,42.7,120,75,33,13.94,None,,0,3,2.2,2.2,5,0.14,0.06,0.23,0.1,0.09,5.05,2.13,0.04,Shea,2.2,158,69,4,1.69,0,False,10.2,172,82,580,False,45.4,169,65,,213,,None,50,289,174,p463210,0,0,None,0,,463210.jpg,2.2,192,80,False,-1,None,-85.2,"[{'offset': 0, 'projected_percent': '-86.3', 'likelihood': -3}, {'offset': 1, 'projected_percent': '-88.2', 'likelihood': -3}, {'offset': 2, 'projected_percent': '-90.2', 'likelihood': -3}]",19,0,242,False,0,0.0,,[],Charles,0.1,460,181,False,None,2,0.85,a,2,10,54,2026-08-11,14.0,195,100,9,1606,618,3522,539,0.4,1.8,Charles,0
0,2005-10-12,0,0,False,True,0,0,0,0,0,547686,None,,0,0,0,0,0.0,424,162,0,0,None,,0,2,0.0,0.0,0,0.00,0,0.00,0,0.00,0.00,0,0,Luc,0.0,447,164,0,0,0,False,0.0,435,162,610,False,0.0,430,162,,0,has joined  Real Salt Lake on loan for the rest of the seaon.,2026-08-28T11:30:08.336405Z,40,638,195,p547686,0,0,None,0,,547686.jpg,0.0,447,164,False,-3,None,0.0,"[{'offset': 0, 'projected_percent': '0.0', 'likelihood': 0}, {'offset': 1, 'projected_percent': '0.0', 'likelihood': 0}, {'offset': 2, 'projected_percent': '0.0', 'likelihood': 0}]",0,0,39,False,0,0,,[],De Fougerolles,0.1,454,163,False,None,0,0,u,0,10,54,2023-07-19,0.0,364,143,0,5787,0,4625,1047,0.0,0.0,De Fougerolles,0
0,2008-07-07,0,0,True,True,None,None,0,0,0,616069,None,,0,0,0,0,0.0,515,210,0,0,None,,0,3,0.0,0.0,0,0.00,0,0.00,0,0.00,0.00,0,0,Macaulay,0.0,532,211,0,0,0,False,0.0,521,205,626,False,0.0,516,203,,0,,None,45,536,280,p616069,0,0,None,0,,616069.jpg,0.0,532,211,False,-31,None,-49.6,"[{'offset': 0, 'projected_percent': '-57.2', 'likelihood': -3}, {'offset': 1, 'projected_percent': '-71.3', 'likelihood': -3}, {'offset': 2, 'projected_percent': '-85.4', 'likelihood': -3}]",0,0,38,False,0,0,,[],Zepa,0.3,292,100,False,None,0,0,a,0,10,54,2026-07-06,0.0,473,182,0,34128,957,15668,4311,0.0,0.0,Zepa,0
0,2004-06-27,0,6,True,True,None,None,0,0.0,0,551050,None,,0,0,0,0,1.8,318,161,2,7.5,None,,0,3,1.0,1.0,1,0.23,0.86,0.36,1.35,0.13,0.46,1.72,0.49,Hugo,1.0,268,121,0,0.0,0,False,1.5,335,153,635,False,3.6,349,160,,24,,None,50,325,196,p551050,0,0,None,0,,551050.jpg,1.0,340,152,False,0,None,0.0,"[{'offset': 0, 'projected_percent': '0.0', 'likelihood': 0}, {'offset': 1, 'projected_percent': '0.0', 'likelihood': 0}, {'offset': 2, 'projected_percent': '0.0', 'likelihood': 0}]",1,0,206,False,0,0.0,,[],Larsson,0.0,621,266,False,None,0,0.0,a,1,10,54,2026-09-01,9.0,230,113,2,724,170,214,106,0.2,0.4,Larsson,0
0,2004-03-15,0,0,True,True,None,None,0,0,0,500033,None,,0,0,0,0,0.0,600,256,0,0,None,,0,3,0.0,0.0,0,0.00,0,0.00,0,0.00,0.00,0,0,Manuel Ángel,0.0,603,255,0,0,0,False,0.0,598,253,636,False,0.0,593,251,Manuel Ángel,0,,None,50,310,185,p500033,0,0,None,0,,500033.jpg,0.0,603,255,False,0,None,0.0,"[{'offset': 0, 'projected_percent': '0.0', 'likelihood': 0}, {'offset': 1, 'projected_percent': '0.0', 'likelihood': 0}, {'offset': 2, 'projected_percent': '0.0', 'likelihood': 0}]",0,0,200,False,0,0,,[],Morán Ibáñez,0.0,639,279,False,None,0,0,a,0,10,54,2026-09-01,0.0,575,241,0,327,74,127,59,0.0,0.0,Ángel,0
0,2001-03-19,0,23,True,True,None,None,1,1.0,11,442299,None,,0,0,0,0,3.3,293,103,12,12.0,None,,0,2,4.0,4.0,8,0.00,0.0,0.00,0.0,0.00,1.28,1.28,0.0,David,4.0,75,31,0,0.0,0,False,2.2,318,115,650,False,18.6,265,108,,90,,None,45,480,117,p442299,0,0,None,0,,442299.jpg,8.0,7,3,False,4,None,0.2,"[{'offset': 0, 'projected_percent': '0.2', 'likelihood': 1}, {'offset': 1, 'projected_percent': '0.3', 'likelihood': 1}, {'offset': 2, 'projected_percent': '0.3', 'likelihood': 1}]",3,0,14,False,0,0.0,,[],Affengruber,0.0,561,191,False,None,1,1.0,a,1,10,54,2026-09-01,0.0,428,179,8,2396,1918,549,420,0.9,1.8,Affengruber,0
0,2003-06-30,0,4,True,True,100,100,0,0.0,1,490094,None,,0,0,0,0,0.2,372,184,2,7.2,None,,0,3,0.2,0.2,0,0.00,0.0,0.00,0.0,0.00,0.35,1.26,0.0,Tim,0.2,388,178,0,0.0,0,False,0.3,378,175,240,False,3.0,358,163,,25,,2026-08-15T20:00:06.878792Z,50,300,179,p490094,0,0,None,0,,490094.jpg,0.5,400,186,False,-2,None,0.1,"[{'offset': 0, 'projected_percent': '0.1', 'likelihood': 1}, {'offset': 1, 'projected_percent': '0.0', 'likelihood': 0}, {'offset': 2, 'projected_percent': '0.0', 'likelihood': 0}]",0,0,241,False,0,0.0,,[],Iroegbunam,0.0,579,241,False,None,0,0.0,a,1,11,88,2026-09-01,0.0,568,237,1,1006,342,988,247,0.0,0.2,Iroegbunam,1
0,1995-06-11,0,0,True,True,None,None,0,0,0,167825,None,,0,0,0,0,0.0,397,16,0,0,None,,0,1,0.0,0.0,0,0.00,0,0.00,0,0.00,0.00,0,0,Dillon,0.0,421,35,0,0,0,False,0.0,408,35,273,False,0.0,404,35,,0,,None,40,599,60,p167825,0,0,None,0,,167825.jpg,0.0,421,35,False,-5,None,-21.7,"[{'offset': 0, 'projected_percent': '-21.9', 'likelihood': -2}, {'offset': 1, 'projected_percent': '-22.3', 'likelihood': -2}, {'offset': 2, 'projected_percent': '-22.8', 'likelihood': -2}]",0,0,241,False,0,0,,[],Phillips,1.4,155,24,False,None,0,0,a,0,11,88,2025-07-01,0.0,337,12,0,25343,4314,33753,5606,0.0,0.0,Phillips,0
0,1993-03-10,0,0,True,True,0,0,0,0,0,105666,None,,0,0,0,0,0.0,456,35,0,0,None,,0,1,0.0,0.0,0,0.00,0,0.00,0,0.00,0.00,0,0,Jack,0.0,477,52,0,0,0,False,0.0,465,52,274,False,0.0,460,52,,0,Arm injury - Unknown return date,2026-08-08T19:00:05.601633Z,45,435,27,p105666,0,0,None,0,,105666.jpg,0.0,477,52,False,-4,None,-87.9,"[{'offset': 0, 'projected_percent': '-89.5', 'likelihood': -3}, {'offset': 1, 'projected_percent': '-92.3', 'likelihood': -3}, {'offset': 2, 'projected_percent': '-95.2', 'likelihood': -4}]",0,0,241,False,0,0,,[],Butland,0.1,462,51,False,None,0,0,i,0,11,88,2026-07-02,0.0,405,31,0,544,84,4548,504,0.0,0.0,Butland,0
0,2002-05-09,0,0,False,True,0,0,0,0,0,494950,None,,0,0,0,0,0.0,416,25,0,0,None,,0,1,0.0,0.0,0,0.00,0,0.00,0,0.00,0.00,0,0,Harvey,0.0,439,44,0,0,0,False,0.0,427,44,275,False,0.0,422,44,,0,Has joined Grimsby Town on loan for the rest of the season,2026-07-29T13:00:27.959925Z,40,628,69,p494950,0,0,None,0,,494950.jpg,0.0,439,44,False,0,None,0.0,"[{'offset': 0, 'projected_percent': '0.0', 'likelihood': 0}, {'offset': 1, 'projected_percent': '0.0', 'likelihood': 0}, {'offset': 2, 'projected_percent': '0.0', 'likelihood': 0}]",0,0,241,False,0,0,,[],Cartwright,0.0,623,71,False,None,0,0,u,0,11,88,2020-07-01,0.0,356,21,0,0,0,299,38,0.0,0.0,Cartwright,0
0,2003-02-13,0,0,False,True,0,0,0,0,0,444307,None,,0,0,0,0,0.0,409,22,0,0,None,,0,1,0.0,0.0,0,0.00,0,0.00,0,0.00,0.00,0,0,Thimothée,0.0,432,41,0,0,0,False,0.0,420,41,276,False,0.0,415,41,,0,Has joined Colchester United on loan for the rest of the season,2026-08-17T13:50:27.125537Z,40,617,66,p444307,0,0,None,0,,444307.jpg,0.0,432,41,False,0,None,0.0,"[{'offset': 0, 'projected_percent': '0.0', 'likelihood': 0}, {'offset': 1, 'projected_percent': '0.0', 'likelihood': 0}, {'offset': 2, 'projected_percent': '0.0', 'likelihood': 0}]",0,0,73,False,0,0,,[],Lo-Tutala,0.0,556,63,False,None,0,0,u,0,11,88,2023-07-01,0.0,349,18,0,0,0,978,119,0.0,0.0,Lo-Tutala,0
0,1992-10-20,1,69,True,True,None,None,3,0.75,48,108416,None,,0,0,1,-1,1.1,332,122,55,13.75,None,,0,2,6.2,6.2,2,0.00,0.0,0.04,0.01,0.04,5.96,1.49,0.01,John,6.2,26,9,2,0.5,0,False,10.7,164,62,277,False,96.8,48,19,,360,,None,41,581,160,p108416,0,0,None,0,,108416.jpg,6.2,28,10,False,596,None,21.5,"[{'offset': 0, 'projected_percent': '25.8', 'likelihood': 2}, {'offset': 1, 'projected_percent': '33.7', 'likelihood': 2}, {'offset': 2, 'projected_percent': '41.7', 'likelihood': 3}]",11,0,104,False,0,0.0,,[],Egan,7.0,57,22,False,None,4,1.0,a,7,11,88,2025-02-03,8.0,236,82,25,698241,95863,178977,36553,1.5,6.1,Egan,1
0,2003-10-16,0,0,True,True,0,0,0,0,0,501902,None,,-1,1,-1,1,0.0,381,141,0,0,None,,0,2,0.0,0.0,0,0.00,0,0.00,0,0.00,0.00,0,0,Charlie,0.0,406,145,0,0,0,False,0.0,393,142,278,False,0.0,389,143,,0,Groin injury - Unknown return date,2026-08-02T09:00:11.030017Z,39,659,215,p501902,0,0,None,0,,501902.jpg,0.0,406,145,False,4,None,2.9,"[{'offset': 0, 'projected_percent': '3.0', 'likelihood': 1}, {'offset': 1, 'projected_percent': '3.0', 'likelihood': 1}, {'offset': 2, 'projected_percent': '3.1', 'likelihood': 1}]",0,0,241,False,0,0,,[],Hughes,0.3,300,109,False,None,0,0,i,0,11,88,2024-08-16,0.0,321,122,0,14771,14360,10026,4696,0.0,0.0,Hughes,0
0,1993-11-09,2,74,True,True,100,100,3,0.81,19,146426,None,,0,0,2,-2,3.0,295,105,23,6.22,None,,1,2,6.5,6.5,1,0.00,0.0,0.65,0.18,0.65,4.99,1.35,0.18,Semi,6.5,20,6,2,0.54,1,False,12.0,143,53,279,False,76.2,81,35,,333,,2026-08-22T17:30:07.668197Z,42,580,159,p146426,0,0,None,0,,146426.jpg,6.5,22,7,False,1192,None,59.1,"[{'offset': 0, 'projected_percent': '67.7', 'likelihood': 3}, {'offset': 1, 'projected_percent': '83.5', 'likelihood': 3}, {'offset': 2, 'projected_percent': '99.4', 'likelihood': 4}]",11,0,157,False,0,0.0,,[],Ajayi,14.0,29,10,False,None,4,1.08,a,4,11,88,2025-07-01,41.0,96,22,26,1269799,208480,236868,73483,1.5,6.2,Ajayi,1
0,1995-10-15,0,46,True,True,100,100,2,0.7,7,193278,None,,0,0,0,0,27.1,168,53,9,3.14,None,,0,2,3.2,3.2,1,0.03,0.01,0.16,0.06,0.13,4.78,1.67,0.05,Lewie,3.2,100,37,2,0.7,0,False,5.0,258,97,280,False,17.4,269,109,,258,,2026-08-29T16:30:08.151841Z,40,603,169,p193278,0,0,None,0,,193278.jpg,3.2,123,50,False,51,None,-5.0,"[{'offset': 0, 'projected_percent': '0.0', 'likelihood': 0}, {'offset': 1, 'projected_percent': '0.7', 'likelihood': 1}, {'offset': 2, 'projected_percent': '1.4', 'likelihood': 1}]",8,0,241,False,0,0.0,,[],Coyle,0.7,227,88,False,None,4,1.4,a,2,11,88,2020-08-07,5.0,267,96,13,23567,9924,23022,3627,0.8,3.2,Coyle,1
0,2001-12-08,0,8,False,True,0,0,0,0.0,5,433590,None,,0,0,0,0,0.4,359,135,6,8.31,None,,0,2,0.0,0.0,0,0.00,0.0,0.05,0.07,0.05,0.87,1.2,0.07,Cody,0.5,317,111,0,0.0,0,False,0.8,358,130,281,False,6.4,325,124,,65,Has joined Genoa permanently,2026-09-02T16:09:06.479140Z,40,614,177,p433590,0,0,None,0,,433590.jpg,1.0,285,102,False,-2,None,0.0,"[{'offset': 0, 'projected_percent': '0.0', 'likelihood': 0}, {'offset': 1, 'projected_percent': '0.0', 'likelihood': 0}, {'offset': 2, 'projected_percent': '0.0', 'likelihood': 0}]",4,0,241,False,0,0.0,,[],Drameh,0.0,502,177,False,None,0,0.0,u,1,11,88,2024-07-23,1.0,316,118,2,2118,0,4160,571,0.1,0.5,Drameh,0
1,2000-01-26,2,95,True,True,None,None,3,0.76,15,232351,3,,0,0,0,0,93.7,29,3,19,4.83,1,,0,2,6.0,6.0,4,0.35,0.09,0.37,0.1,0.02,5.89,1.5,0.01,Ryan,6.0,30,11,2,0.51,0,False,17.1,73,18,282,False,70.6,91,39,,354,,None,40,611,176,p232351,0,0,None,0,,232351.jpg,6.0,32,12,False,814,None,54.7,"[{'offset': 0, 'projected_percent': '60.5', 'likelihood': 3}, {'offset': 1, 'projected_percent': '71.4', 'likelihood': 3}, {'offset': 2, 'projected_percent': '82.2', 'likelihood': 3}]",12,0,241,False,0,0.0,,[],Giles,2.7,107,42,False,None,4,1.02,a,4,11,88,2024-06-27,6.0,250,87,24,231455,115839,48038,18582,1.5,6.0,Giles,0
0,2001-06-03,0,0,False,True,0,0,0,0,0,449428,None,,0,0,0,0,0.0,410,152,0,0,None,,0,2,0.0,0.0,0,0.00,0,0.00,0,0.00,0.00,0,0,Matty,0.0,433,154,0,0,0,False,0.0,421,152,283,False,0.0,416,152,,0,Has joined Newport County on loan until January,2026-08-02T09:00:11.038361Z,40,618,179,p449428,0,0,None,0,,449428.jpg,0.0,433,154,False,-1,None,0.0,"[{'offset': 0, 'projected_percent': '0.0', 'likelihood': 0}, {'offset': 1, 'projected_percent': '0.0', 'likelihood': 0}, {'offset': 2, 'projected_percent': '0.0', 'likelihood': 0}]",0,0,241,False,0,0,,[],Jacob,0.0,615,207,False,None,0,0,u,0,11,88,2019-07-01,0.0,350,133,0,114,0,646,83,0.0,0.0,Jacob,0
0,None,0,0,True,True,None,None,0,0,0,661800,None,,0,0,0,0,0.0,439,176,0,0,None,,0,2,0.0,0.0,0,0.00,0,0.00,0,0.00,0.00,0,0,Cathal,0.0,462,178,0,0,0,False,0.0,450,176,284,False,0.0,445,176,,0,,None,40,656,212,p661800,0,0,None,0,,661800.jpg,0.0,462,178,False,12,None,0.4,"[{'offset': 0, 'projected_percent': '0.5', 'likelihood': 1}, {'offset': 1, 'projected_percent': '0.6', 'likelihood': 1}, {'offset': 2, 'projected_percent': '0.8', 'likelihood': 1}]",0,0,None,False,0,0,,[],McCarthy,0.1,428,155,False,None,0,0,a,0,11,88,None,0.0,382,160,0,4321,1153,3989,778,0.0,0.0,McCarthy,0
0,1995-04-27,0,3,True,True,100,100,0,0.0,2,160817,None,,0,0,0,0,0.0,396,145,2,6.92,None,,0,2,0.2,0.2,0,0.00,0.0,0.00,0.0,0.00,0.96,3.32,0.0,Paddy,0.2,362,130,0,0.0,0,False,0.4,368,133,285,False,4.2,344,131,,26,,2026-09-09T13:30:08.327907Z,40,597,165,p160817,0,0,None,0,,160817.jpg,1.0,282,99,False,0,None,-30.3,"[{'offset': 0, 'projected_percent': '-30.3', 'likelihood': -2}, {'offset': 1, 'projected_percent': '-30.3', 'likelihood': -2}, {'offset': 2, 'projected_percent': '-30.3', 'likelihood': -2}]",1,0,242,False,0,0.0,,[],McNair,0.1,398,148,False,None,0,0.0,a,0,11,88,2026-01-28,0.0,336,126,1,2827,599,4143,751,0.0,0.2,McNair,0
1,2002-06-01,2,89,True,True,None,None,3,0.87,14,540324,2,,1,-1,1,-1,38.4,133,84,33,9.52,2,,1,3,6.8,6.8,13,0.12,0.03,0.49,0.14,0.37,5.13,1.48,0.11,Mohamed,6.8,17,8,1,0.29,2,False,22.2,41,30,286,False,124.8,14,9,,312,,None,51,239,150,p540324,0,0,None,0,,540324.jpg,6.8,19,9,False,2717,None,11.7,"[{'offset': 0, 'projected_percent': '18.9', 'likelihood': 1}, {'offset': 1, 'projected_percent': '32.3', 'likelihood': 2}, {'offset': 2, 'projected_percent': '45.7', 'likelihood': 3}]",9,0,3,False,0,0.0,,[],Belloumi,4.0,83,28,False,None,4,1.15,a,10,11,88,2024-08-30,59.0,59,39,27,367577,300559,53273,27145,1.3,5.3,Belloumi,0
0,1999-09-27,0,26,False,True,0,0,0,0.0,2,232905,None,,0,0,0,0,1.1,334,168,4,7.2,None,,0,3,0.0,0.0,0,0.00,0.0,0.58,1.04,0.58,0.87,1.57,1.04,Liam,1.5,230,104,0,0.0,1,False,5.2,256,113,287,False,36.0,201,83,,50,Has joined Birmingham on loan for the rest of the season,2026-09-02T15:36:41.038103Z,50,275,169,p232905,0,0,None,0,,232905.jpg,3.0,142,57,False,0,None,0.0,"[{'offset': 0, 'projected_percent': '0.0', 'likelihood': 0}, {'offset': 1, 'projected_percent': '0.0', 'likelihood': 0}, {'offset': 2, 'projected_percent': '0.0', 'likelihood': 0}]",1,0,39,False,0,0.0,,[],Millar,0.0,524,210,False,None,0,0.0,u,1,11,88,2024-08-09,15.0,186,95,6,3178,0,7072,860,0.3,1.2,Millar,1
0,1997-10-10,0,0,True,True,None,None,0,0,0,171270,None,,0,0,0,0,0.0,460,193,0,0,None,,0,3,0.0,0.0,0,0.00,0,0.00,0,0.00,0.00,0,0,Kieran,0.0,480,194,0,0,0,False,0.0,468,188,288,False,0.0,463,186,,0,,None,45,444,259,p171270,0,0,None,0,,171270.jpg,0.0,480,194,False,-24,None,-57.1,"[{'offset': 0, 'projected_percent': '-62.7', 'likelihood': -3}, {'offset': 1, 'projected_percent': '-73.2', 'likelihood': -3}, {'offset': 2, 'projected_percent': '-83.6', 'likelihood': -3}]",0,0,241,False,0,0,,[],Dowell,0.3,288,97,False,None,0,0,a,0,11,88,2026-01-23,0.0,409,165,0,11546,1342,18758,3649,0.0,0.0,Dowell,0
0,1994-01-20,0,11,True,True,100,100,1,0.57,9,101282,None,,0,0,0,0,2.8,302,155,19,10.82,None,,0,3,0.8,0.8,1,0.00,0.0,0.00,0.0,0.00,2.38,1.36,0.0,Matt,0.8,282,128,2,1.14,0,False,3.2,294,131,289,False,30.0,224,88,,158,,2026-08-29T15:00:08.569326Z,45,434,258,p101282,0,0,None,0,,101282.jpg,1.5,249,108,False,-28,None,-96.5,"[{'offset': 0, 'projected_percent': '-100.9', 'likelihood': -5}, {'offset': 1, 'projected_percent': '-108.9', 'likelihood': -5}, {'offset': 2, 'projected_percent': '-116.9', 'likelihood': -5}]",4,0,241,False,0,0.0,,[],Crooks,0.5,253,83,False,None,2,1.14,a,6,11,88,2025-01-10,0.0,404,164,3,18831,3548,34759,4836,0.2,0.7,Crooks,2
1,1999-09-11,0,58,True,True,None,None,3,0.75,8,243413,1,,0,0,0,0,61.3,65,51,30,7.5,None,,0,3,3.2,3.2,2,0.56,0.14,0.64,0.16,0.08,5.96,1.49,0.02,Regan,3.2,103,42,2,0.5,0,False,13.7,117,59,290,False,58.0,129,42,,360,,None,45,468,262,p243413,0,0,None,0,,243413.jpg,3.2,126,49,False,-61,None,75.7,"[{'offset': 0, 'projected_percent': '75.3', 'likelihood': 3}, {'offset': 1, 'projected_percent': '74.5', 'likelihood': 3}, {'offset': 2, 'projected_percent': '73.7', 'likelihood': 3}]",13,0,241,False,0,0.0,,[],Slater,5.5,72,25,False,None,4,1.0,a,9,11,88,2022-01-27,17.0,170,88,13,473167,52920,227884,50457,0.7,2.9,Slater,1
0,2002-02-15,0,0,True,True,0,0,0,0,0,465525,None,,0,0,0,0,0.0,478,196,0,0,None,,0,3,0.0,0.0,0,0.00,0,0.00,0,0.00,0.00,0,0,Eliot,0.0,496,197,0,0,0,False,0.0,484,191,291,False,0.0,479,189,,0,Knee injury - Unknown return date,2026-07-23T12:01:23.532635Z,45,486,264,p465525,0,0,None,0,,465525.jpg,0.0,496,197,False,0,None,-6.9,"[{'offset': 0, 'projected_percent': '-6.9', 'likelihood': -1}, {'offset': 1, 'projected_percent': '-6.9', 'likelihood': -1}, {'offset': 2, 'projected_percent': '-6.9', 'likelihood': -1}]",0,0,21,False,0,0,,[],Matazo,0.0,627,269,False,None,0,0,i,0,11,88,2025-01-23,0.0,431,168,0,339,55,412,64,0.0,0.0,Matazo,0
0,1999-06-25,0,0,True,True,None,None,0,0,0,208481,None,,0,0,-1,1,0.0,540,224,0,0,None,,0,3,0.0,0.0,0,0.00,0,0.00,0,0.00,0.00,0,0,Abdülkadir,0.0,555,225,0,0,0,False,0.0,547,220,292,False,0.0,543,219,,0,,None,49,360,216,p208481,0,0,None,0,,208481.jpg,0.0,555,225,False,0,None,0.0,"[{'offset': 0, 'projected_percent': '0.0', 'likelihood': 0}, {'offset': 1, 'projected_percent': '0.0', 'likelihood': 0}, {'offset': 2, 'projected_percent': '0.0', 'likelihood': 0}]",0,0,219,False,0,0,,[],Ömür,0.0,577,239,False,None,0,0,a,0,11,88,2024-02-01,0.0,502,198,0,1091,261,1449,280,0.0,0.0,Ömür,0
0,2003-07-21,0,0,False,True,0,0,0,0,0,490161,None,,0,0,0,0,0.0,594,253,0,0,None,,0,3,0.0,0.0,0,0.00,0,0.00,0,0.00,0.00,0,0,Abu,0.0,597,252,0,0,0,False,0.0,592,250,293,False,0.0,587,248,,0,Has joined Portsmouth permanently,2026-08-12T14:08:23.542043Z,50,301,180,p490161,0,0,None,0,,490161.jpg,0.0,597,252,False,0,None,0.0,"[{'offset': 0, 'projected_percent': '0.0', 'likelihood': 0}, {'offset': 1, 'projected_percent': '0.0', 'likelihood': 0}, {'offset': 2, 'projected_percent': '0.0', 'likelihood': 0}]",0,0,241,False,0,0,,[],Kamara,0.0,649,287,False,None,0,0,u,0,11,88,2024-08-30,0.0,569,238,0,0,0,360,20,0.0,0.0,Kamara,0
0,2004-04-20,0,0,True,True,100,100,0,0,0,553783,None,,0,0,0,0,0.0,497,201,0,0,None,,0,3,0.0,0.0,0,0.00,0,0.00,0,0.00,0.00,0,0,Óscar,0.0,514,202,0,0,0,False,0.0,502,196,294,False,0.0,497,194,,0,,2026-08-04T18:30:11.016909Z,45,511,269,p553783,0,0,None,0,,553783.jpg,0.0,514,202,False,-4,None,-2.0,"[{'offset': 0, 'projected_percent': '-5.2', 'likelihood': -1}, {'offset': 1, 'projected_percent': '-11.1', 'likelihood': -1}, {'offset': 2, 'projected_percent': '-17.0', 'likelihood': -1}]",0,0,62,False,0,0,,[],Zambrano,0.1,426,163,False,None,0,0,a,0,11,88,2026-07-21,0.0,453,173,0,3627,1112,6164,986,0.0,0.0,Zambrano,0
2,1996-06-04,0,47,True,True,None,None,3,0.77,6,169432,None,,0,0,0,0,56.5,76,5,15,3.85,None,,0,4,3.0,3.0,4,0.11,0.03,0.98,0.25,0.87,5.77,1.48,0.22,Oli,3.0,122,12,2,0.51,0,False,19.4,58,10,295,False,44.2,171,14,,351,,None,55,127,33,p169432,0,0,1,0,,169432.jpg,3.0,148,16,False,63,None,28.0,"[{'offset': 0, 'projected_percent': '28.5', 'likelihood': 2}, {'offset': 1, 'projected_percent': '29.3', 'likelihood': 2}, {'offset': 2, 'projected_percent': '30.2', 'likelihood': 2}]",6,0,243,False,0,0.0,,[],McBurnie,2.0,128,20,False,None,4,1.03,a,3,11,88,2025-08-06,94.0,24,9,12,174817,29329,129201,22529,0.5,2.2,McBurnie,2
0,1996-01-13,0,0,False,True,0,0,0,0,0,213292,None,,0,0,0,0,0.0,574,245,0,0,None,,0,3,0.0,0.0,0,0.00,0,0.00,0,0.00,0.00,0,0,David,0.0,580,244,0,0,0,False,0.0,575,242,296,False,0.0,570,240,,0,Has joined Omonoia FC permanently,2026-09-11T14:42:38.120231Z,50,262,164,p213292,0,0,None,0,,213292.jpg,0.0,580,244,False,-8,None,0.0,"[{'offset': 0, 'projected_percent': '0.0', 'likelihood': 0}, {'offset': 1, 'projected_percent': '0.0', 'likelihood': 0}, {'offset': 2, 'projected_percent': '0.0', 'likelihood': 0}]",0,0,157,False,0,0,,[],Akintola,0.0,549,226,False,None,0,0,u,0,11,88,2025-08-15,0.0,546,227,0,2704,0,4475,1075,0.0,0.0,Akintola,0
0,2004-02-18,0,0,True,True,0,0,0,0,0,470294,None,,0,0,0,0,0.0,479,197,0,0,None,,0,3,0.0,0.0,0,0.00,0,0.00,0,0.00,0.00,0,0,Darko,0.0,497,198,0,0,0,False,0.0,485,192,297,False,0.0,480,190,,0,Thigh injury - Unknown return date,2026-08-04T18:30:11.027155Z,45,487,265,p470294,0,0,None,0,,470294.jpg,0.0,497,198,False,0,None,-84.9,"[{'offset': 0, 'projected_percent': '-84.9', 'likelihood': -3}, {'offset': 1, 'projected_percent': '-84.9', 'likelihood': -3}, {'offset': 2, 'projected_percent': '-84.9', 'likelihood': -3}]",0,0,241,False,0,0,,[],Gyabi,0.0,574,237,False,None,0,0,i,0,11,88,2025-09-01,0.0,432,169,0,377,49,1428,177,0.0,0.0,Gyabi,0
0,2002-06-15,0,0,False,True,0,0,0,0,0,500957,None,,0,0,0,0,0.0,486,52,0,0,None,,0,4,0.0,0.0,0,0.00,0,0.00,0,0.00,0.00,0,0,Enis,0.0,503,53,0,0,0,False,0.0,491,49,298,False,0.0,486,46,,0,Has joined Konyaspor permanently,2026-08-17T13:50:27.145733Z,45,498,68,p500957,0,0,None,0,,500957.jpg,0.0,503,53,False,-11,None,0.0,"[{'offset': 0, 'projected_percent': '0.0', 'likelihood': 0}, {'offset': 1, 'projected_percent': '0.0', 'likelihood': 0}, {'offset': 2, 'projected_percent': '0.0', 'likelihood': 0}]",0,0,219,False,0,0,,[],Destan,0.2,343,54,False,None,0,0,u,0,11,88,2025-08-01,0.0,442,45,0,0,0,20557,2365,0.0,0.0,Destan,0
0,2003-08-04,0,0,False,True,0,0,0,0,0,534392,None,,0,0,0,0,0.0,492,53,0,0,None,,0,4,0.0,0.0,0,0.00,0,0.00,0,0.00,0.00,0,0,Mason,0.0,509,54,0,0,0,False,0.0,497,50,299,False,0.0,492,47,,0,Has joined Sheffield Wednesday on loan for the rest of the season,2026-08-03T14:05:20.234842Z,45,505,69,p534392,0,0,None,0,,534392.jpg,0.0,509,54,False,-1,None,0.0,"[{'offset': 0, 'projected_percent': '0.0', 'likelihood': 0}, {'offset': 1, 'projected_percent': '0.0', 'likelihood': 0}, {'offset': 2, 'projected_percent': '0.0', 'likelihood': 0}]",0,0,241,False,0,0,,[],Burstow,0.0,523,71,False,None,0,0,u,0,11,88,2024-08-16,0.0,448,46,0,0,0,2794,309,0.0,0.0,Burstow,0
0,2002-05-04,0,0,True,True,100,100,0,0,0,462635,None,,0,0,0,0,0.0,587,249,0,0,None,,0,3,0.0,0.0,0,0.00,0,0.00,0,0.00,0.00,0,0,Joe,0.0,591,248,0,0,0,False,0.0,586,246,340,False,0.0,581,244,,0,,2026-08-17T21:30:07.799839Z,50,288,173,p462635,0,0,None,0,,462635.jpg,0.0,591,248,False,0,None,0.0,"[{'offset': 0, 'projected_percent': '0.0', 'likelihood': 0}, {'offset': 1, 'projected_percent': '0.0', 'likelihood': 0}, {'offset': 2, 'projected_percent': '0.0', 'likelihood': 0}]",0,0,241,False,0,0,,[],Gelhardt,0.0,599,253,False,None,0,0,a,0,11,88,2026-08-15,0.0,560,232,0,575,246,875,201,0.0,0.0,Gelhardt,0
0,1995-09-18,0,3,True,True,75,None,0,0.0,0,169359,None,,0,0,0,0,0.0,398,146,0,0.0,None,,0,2,0.2,0.2,0,0.00,0.0,0.00,0.0,0.00,0.07,1.26,0.0,Matt,0.2,364,132,0,0.0,0,False,0.0,409,146,556,False,0.4,383,141,,5,Ankle injury - 75% chance of playing,2026-09-17T14:00:26.419938Z,40,600,167,p169359,0,0,None,0,,169359.jpg,1.0,284,101,False,-164,None,-44.1,"[{'offset': 0, 'projected_percent': '-47.8', 'likelihood': -3}, {'offset': 1, 'projected_percent': '-54.7', 'likelihood': -3}, {'offset': 2, 'projected_percent': '-61.7', 'likelihood': -3}]",1,0,241,False,0,0.0,,[],Targett,1.8,135,55,False,None,0,0.0,d,0,11,88,2026-07-23,0.0,338,127,1,24675,3625,72666,14867,0.0,0.2,Targett,0
0,1995-05-10,0,6,True,True,0,0,0,0.0,2,445028,None,,0,0,0,0,13.4,227,122,3,6.0,None,,0,3,0.0,0.0,0,0.00,0.0,0.00,0.0,0.00,1.09,2.18,0.0,Hidemasa,0.2,387,177,0,0.0,0,False,2.4,312,142,563,False,11.0,293,123,,45,Calf injury - Expected back 11 Oct,2026-09-09T14:00:08.474217Z,50,284,171,p445028,0,0,None,0,,445028.jpg,1.0,334,148,False,-1,None,-60.2,"[{'offset': 0, 'projected_percent': '-62.1', 'likelihood': -3}, {'offset': 1, 'projected_percent': '-65.6', 'likelihood': -3}, {'offset': 2, 'projected_percent': '-69.0', 'likelihood': -3}]",1,0,108,False,0,0.0,,[],Morita,0.0,578,240,False,None,1,2.0,i,0,11,88,2026-07-24,0.0,557,231,1,701,21,1535,380,0.0,0.2,Morita,0
0,2002-11-08,6,113,True,True,None,None,3,0.75,2,473284,None,,0,0,1,-1,0.0,528,52,0,0.0,None,,2,1,7.0,7.0,2,0.00,0.0,0.00,0.0,0.00,5.96,1.49,0.0,Konstantinos,7.0,14,2,2,0.5,0,False,10.2,170,5,572,False,101.8,40,5,,360,,None,46,424,22,p473284,0,0,None,0,,473284.jpg,7.0,16,2,False,588,None,72.8,"[{'offset': 0, 'projected_percent': '77.0', 'likelihood': 3}, {'offset': 1, 'projected_percent': '84.8', 'likelihood': 3}, {'offset': 2, 'projected_percent': '92.7', 'likelihood': 3}]",58,0,83,False,14,3.5,,[],Tzolakis,11.2,37,5,False,None,4,1.0,a,0,11,88,2026-08-05,0.0,487,50,28,843761,135151,187441,46405,1.5,6.1,Tzolakis,0
0,2005-10-31,0,4,True,True,None,None,0,0.0,0,552946,None,,0,0,-1,1,0.0,562,239,1,11.25,None,,0,3,0.2,0.2,0,0.00,0.0,0.00,0.0,0.00,0.00,0.0,0.0,Jens,0.2,383,173,0,0.0,0,False,0.0,565,235,574,False,0.0,560,233,,8,,None,49,405,243,p552946,0,0,None,0,,552946.jpg,1.0,325,140,False,-5,None,-34.0,"[{'offset': 0, 'projected_percent': '-40.1', 'likelihood': -3}, {'offset': 1, 'projected_percent': '-51.4', 'likelihood': -3}, {'offset': 2, 'projected_percent': '-62.7', 'likelihood': -3}]",1,0,161,False,0,0.0,,[],Hjertø-Dahl,0.1,487,192,False,None,0,0.0,a,0,11,88,2026-08-07,0.0,525,213,1,1336,264,3965,671,0.0,0.2,Hjertø-Dahl,0
0,2002-06-22,0,17,True,True,None,None,2,0.72,3,608227,None,,0,0,0,0,22.7,181,103,20,7.23,None,,0,3,1.8,1.8,1,0.05,0.02,0.11,0.04,0.06,4.32,1.56,0.02,Elliot,1.8,212,96,1,0.36,0,False,3.8,285,126,576,False,8.4,310,138,,249,,None,50,332,200,p608227,0,0,None,0,,608227.jpg,1.8,239,105,False,11,None,-24.8,"[{'offset': 0, 'projected_percent': '-14.8', 'likelihood': -1}, {'offset': 1, 'projected_percent': '0.0', 'likelihood': 0}, {'offset': 2, 'projected_percent': '0.2', 'likelihood': 1}]",12,0,206,False,0,0.0,,[],Stroud,0.1,440,168,False,None,4,1.45,a,5,11,88,2026-08-09,12.0,206,105,7,3406,585,4047,733,0.4,1.4,Stroud,1
0,2007-09-05,0,8,True,True,None,None,0,0.0,7,597462,None,,0,0,0,0,0.7,345,129,8,6.73,None,,0,2,1.0,1.0,1,0.01,0.01,0.01,0.01,0.00,1.92,1.61,0.0,Lucas,1.0,260,95,1,0.84,0,False,2.0,323,116,585,False,19.2,261,107,,107,,None,40,650,206,p597462,0,0,None,0,,597462.jpg,1.0,289,106,False,-6,None,-21.0,"[{'offset': 0, 'projected_percent': '-21.7', 'likelihood': -2}, {'offset': 1, 'projected_percent': '-23.0', 'likelihood': -2}, {'offset': 2, 'projected_percent': '-24.3', 'likelihood': -2}]",1,0,13,False,0,0.0,,[],Herrington,0.6,240,91,False,None,0,0.0,a,1,11,88,2026-08-12,0.0,376,154,4,11320,2979,16333,3040,0.2,1.0,Herrington,0
0,2004-09-03,1,69,True,True,0,100,2,0.72,32,606930,None,,0,0,1,-1,1.4,325,118,39,14.1,None,,1,2,0.0,6.2,1,0.00,0.0,0.32,0.12,0.32,4.02,1.45,0.12,Nobel,6.2,27,10,1,0.36,1,False,16.4,83,21,586,False,108.2,33,14,,249,Concussion - Expected back 11 Oct,2026-09-12T18:00:09.334142Z,41,582,161,p606930,0,0,None,0,,606930.jpg,6.2,29,11,False,-1841,None,-29.5,"[{'offset': 0, 'projected_percent': '-36.9', 'likelihood': -2}, {'offset': 1, 'projected_percent': '-50.5', 'likelihood': -3}, {'offset': 2, 'projected_percent': '-64.1', 'likelihood': -3}]",6,0,189,False,0,0.0,,[],Mendy,6.7,58,23,False,None,4,1.45,i,7,11,88,2026-08-12,54.0,67,10,25,675952,13082,290959,132273,1.5,6.1,Mendy,0
0,2003-08-05,0,13,True,True,None,None,1,0.71,5,469266,None,,0,0,0,0,22.5,182,104,16,11.43,None,,0,3,0.8,0.8,0,0.02,0.01,0.02,0.01,0.00,2.13,1.52,0.0,Lucas,0.8,292,133,0,0.0,0,False,4.9,264,115,589,False,26.2,234,96,,126,,None,50,292,176,p469266,0,0,None,0,,469266.jpg,1.5,257,112,False,0,None,-46.4,"[{'offset': 0, 'projected_percent': '-46.4', 'likelihood': -3}, {'offset': 1, 'projected_percent': '-46.4', 'likelihood': -3}, {'offset': 2, 'projected_percent': '-46.4', 'likelihood': -3}]",7,0,73,False,0,0.0,,[],Gourna-Douath,0.0,554,230,False,None,1,0.71,a,4,11,88,2026-08-15,0.0,562,234,3,654,134,1175,232,0.2,0.6,Gourna-Douath,1
0,2004-01-19,0,11,True,True,None,None,0,0.0,1,490884,None,,0,0,0,0,18.8,200,112,2,4.0,None,,0,3,1.0,1.0,1,0.16,0.32,0.68,1.36,0.52,0.82,1.64,1.04,Mohamed-Ali,1.0,267,120,1,2.0,0,False,6.8,224,102,617,False,10.6,294,124,,45,,None,50,303,182,p490884,0,0,None,0,,490884.jpg,1.0,336,149,False,3,None,0.1,"[{'offset': 0, 'projected_percent': '0.1', 'likelihood': 1}, {'offset': 1, 'projected_percent': '0.1', 'likelihood': 1}, {'offset': 2, 'projected_percent': '0.2', 'likelihood': 1}]",1,0,73,False,0,0.0,,[],Cho,0.0,594,249,False,None,0,0.0,a,0,11,88,2026-08-27,38.0,104,56,3,1382,347,584,201,0.2,0.6,Cho,0
0,2004-11-08,0,0,True,True,0,0,0,0,0,626751,None,,0,0,0,0,0.0,611,69,0,0,None,,0,4,0.0,0.0,0,0.00,0,0.00,0,0.00,0.00,0,0,Ilyas,0.0,614,70,0,0,0,False,0.0,609,67,632,False,0.0,604,64,,0,Back injury - Unknown return date,2026-09-09T10:00:08.919489Z,50,336,62,p626751,0,0,None,0,,626751.jpg,0.0,614,70,False,-10,None,-21.0,"[{'offset': 0, 'projected_percent': '-30.1', 'likelihood': -2}, {'offset': 1, 'projected_percent': '-47.1', 'likelihood': -3}, {'offset': 2, 'projected_percent': '-64.1', 'likelihood': -3}]",0,0,80,False,0,0,,[],Ansah,0.0,537,73,False,None,0,0,i,0,11,88,2026-09-01,0.0,588,63,0,5017,121,2927,1165,0.0,0.0,Ansah,0
0,2007-02-17,0,3,True,True,None,None,0,0.0,0,631000,None,,0,0,0,0,0.5,357,44,1,11.25,None,,0,4,0.5,0.5,1,0.00,0.0,0.00,0.0,0.00,0.18,2.02,0.0,Robinio,0.5,343,39,0,0.0,0,False,0.0,610,68,637,False,0.0,605,65,,8,,None,50,338,64,p631000,0,0,None,0,,631000.jpg,1.0,344,37,False,36,None,0.6,"[{'offset': 0, 'projected_percent': '0.8', 'likelihood': 1}, {'offset': 1, 'projected_percent': '1.3', 'likelihood': 1}, {'offset': 2, 'projected_percent': '1.8', 'likelihood': 1}]",1,0,73,False,0,0.0,,[],Vaz,0.1,433,63,False,None,0,0.0,a,0,11,88,2026-09-01,0.0,590,65,1,9730,4811,2539,1436,0.1,0.2,Vaz,0
0,2004-01-12,0,3,True,True,None,None,0,0.0,1,496181,None,,0,0,0,0,0.6,348,131,1,2.65,None,,0,2,0.5,0.5,0,0.00,0.0,0.05,0.13,0.05,0.30,0.79,0.13,Brooke,0.5,318,112,0,0.0,0,False,1.2,345,125,638,False,2.2,362,135,,34,,None,40,629,187,p496181,0,0,None,0,,496181.jpg,0.5,397,141,False,3,None,0.0,"[{'offset': 0, 'projected_percent': '0.0', 'likelihood': 0}, {'offset': 1, 'projected_percent': '0.1', 'likelihood': 1}, {'offset': 2, 'projected_percent': '0.1', 'likelihood': 1}]",4,0,241,False,0,0.0,,[],Norton-Cuffy,0.3,305,113,False,None,0,0.0,a,0,11,88,2026-09-01,9.0,228,80,1,25087,4485,7429,3180,0.1,0.2,Norton-Cuffy,1
0,1999-01-25,0,11,True,True,None,None,0,0.0,0,243951,None,,0,0,0,0,25.6,171,99,5,7.89,None,,0,3,1.0,1.0,1,0.07,0.11,0.09,0.14,0.02,0.76,1.2,0.03,Sorba,1.0,272,125,1,1.58,0,False,3.8,286,127,642,False,8.8,308,136,,57,,None,55,140,84,p243951,0,0,None,0,,243951.jpg,1.0,367,169,False,7,None,0.1,"[{'offset': 0, 'projected_percent': '0.2', 'likelihood': 1}, {'offset': 1, 'projected_percent': '0.3', 'likelihood': 1}, {'offset': 2, 'projected_percent': '0.4', 'likelihood': 1}]",5,0,244,False,0,0.0,,[],Thomas,0.0,557,232,False,None,0,0.0,a,0,11,88,2026-09-01,4.0,290,142,2,2454,1125,778,443,0.2,0.4,Thomas,0
0,2006-12-25,0,0,True,True,None,None,0,0,0,647839,None,,0,0,0,0,0.0,612,264,0,0,None,,0,3,0.0,0.0,0,0.00,0,0.00,0,0.00,0.00,0,0,Christos,0.0,615,263,0,0,0,False,0.0,611,261,645,False,0.0,606,259,,0,,None,50,339,203,p647839,0,0,None,0,,647839.jpg,0.0,615,263,False,0,None,0.0,"[{'offset': 0, 'projected_percent': '0.0', 'likelihood': 0}, {'offset': 1, 'projected_percent': '0.0', 'likelihood': 0}, {'offset': 2, 'projected_percent': '0.0', 'likelihood': 0}]",0,0,83,False,0,0,,[],Mouzakitis,0.0,620,265,False,None,0,0,a,0,11,88,2026-09-01,0.0,591,251,0,674,194,211,97,0.0,0.0,Mouzakitis,0
0,1997-01-09,0,32,True,True,None,None,0,0.0,31,219924,None,,0,0,0,0,13.7,221,76,35,8.75,None,,0,2,2.0,2.0,1,0.15,0.04,0.15,0.04,0.00,6.74,1.68,0.0,Issa,2.0,168,62,10,2.5,0,False,10.8,160,60,259,False,90.2,61,24,,360,,None,40,608,173,p219924,0,0,None,0,,219924.jpg,2.0,200,77,False,-512,None,-37.3,"[{'offset': 0, 'projected_percent': '-40.2', 'likelihood': -3}, {'offset': 1, 'projected_percent': '-45.5', 'likelihood': -3}, {'offset': 2, 'projected_percent': '-50.8', 'likelihood': -3}]",17,0,145,False,0,0.0,,[],Diop,13.4,31,11,False,None,4,1.0,a,4,12,40,2026-07-22,4.0,277,99,8,125752,16389,428264,88588,0.5,2.0,Diop,0
1,1996-08-13,0,54,True,True,None,None,0,0.0,15,212314,1,,0,0,0,0,64.4,60,49,31,8.51,None,,0,3,2.2,2.2,1,0.16,0.04,0.18,0.05,0.02,5.61,1.54,0.01,Saša,2.2,156,67,9,2.47,0,False,13.2,126,64,267,False,61.4,119,38,,328,,None,50,261,163,p212314,0,0,None,0,,212314.jpg,2.2,190,78,False,-16,None,-86.2,"[{'offset': 0, 'projected_percent': '-98.1', 'likelihood': -4}, {'offset': 1, 'projected_percent': '-120.1', 'likelihood': -5}, {'offset': 2, 'projected_percent': '-142.2', 'likelihood': -5}]",10,0,190,False,0,0.0,,[],Lukić,0.1,413,154,False,None,4,1.1,a,6,12,40,2026-08-08,6.0,258,128,9,3117,358,5642,1074,0.4,1.8,Lukić,2
0,1995-11-09,0,0,True,True,None,None,0,0,0,108813,None,,0,0,-1,1,0.0,440,28,0,0,None,,0,1,0.0,0.0,0,0.00,0,0.00,0,0.00,0.00,0,0,Christian,0.0,463,47,0,0,0,False,0.0,451,47,300,False,0.0,446,47,,0,,None,44,553,46,p108813,0,0,None,0,,108813.jpg,0.0,463,47,False,-8,None,-9.3,"[{'offset': 0, 'projected_percent': '-10.8', 'likelihood': -1}, {'offset': 1, 'projected_percent': '-13.7', 'likelihood': -1}, {'offset': 2, 'projected_percent': '-16.5', 'likelihood': -1}]",0,0,241,False,0,0,,[],Walton,0.4,271,36,False,None,0,0,a,0,12,40,2022-01-19,0.0,384,24,0,1599,677,13544,1737,0.0,0.0,Walton,0
0,1996-08-10,0,0,True,True,None,None,0,0,0,112520,None,,0,0,0,0,0.0,392,13,0,0,None,,0,1,0.0,0.0,0,0.00,0,0.00,0,0.00,0.00,0,0,Alex,0.0,417,32,0,0,0,False,0.0,404,32,301,False,0.0,400,32,,0,,None,40,593,57,p112520,0,0,None,0,,112520.jpg,0.0,417,32,False,-49,None,-18.5,"[{'offset': 0, 'projected_percent': '-19.5', 'likelihood': -1}, {'offset': 1, 'projected_percent': '-21.2', 'likelihood': -2}, {'offset': 2, 'projected_percent': '-22.8', 'likelihood': -2}]",0,0,241,False,0,0,,[],Palmer,4.0,82,13,False,None,0,0,a,0,12,40,2025-02-03,0.0,332,9,0,68991,7578,97653,16554,0.0,0.0,Palmer,0
0,1989-02-27,0,0,True,True,None,None,0,0,0,50093,None,,0,0,0,0,0.0,385,8,0,0,None,,0,1,0.0,0.0,0,0.00,0,0.00,0,0.00,0.00,0,0,David,0.0,410,27,0,0,0,False,0.0,397,27,302,False,0.0,393,27,,0,,None,40,586,52,p50093,0,0,None,0,,50093.jpg,0.0,410,27,False,2,None,1.1,"[{'offset': 0, 'projected_percent': '1.1', 'likelihood': 1}, {'offset': 1, 'projected_percent': '1.1', 'likelihood': 1}, {'offset': 2, 'projected_percent': '1.1', 'likelihood': 1}]",0,0,241,False,0,0,,[],Button,0.6,239,34,False,None,0,0,a,0,12,40,2025-07-04,0.0,325,4,0,29340,2281,13420,1908,0.0,0.0,Button,0
0,1996-12-09,0,0,True,True,None,None,0,0,0,183015,None,,-1,1,-1,1,0.0,380,140,0,0,None,,0,2,0.0,0.0,0,0.00,0,0.00,0,0.00,0.00,0,0,Cédric,0.0,405,144,0,0,0,False,0.0,392,141,303,False,0.0,388,142,,0,,None,39,658,214,p183015,0,0,None,0,,183015.jpg,0.0,405,144,False,153,None,9.2,"[{'offset': 0, 'projected_percent': '10.3', 'likelihood': 1}, {'offset': 1, 'projected_percent': '12.4', 'likelihood': 1}, {'offset': 2, 'projected_percent': '14.4', 'likelihood': 1}]",0,0,54,False,0,0,,[],Kipré,1.0,179,68,False,None,0,0,a,0,12,40,2026-07-01,0.0,320,121,0,37905,36352,22567,8066,0.0,0.0,Kipré,0
0,1999-03-04,0,12,True,True,None,None,0,0.0,32,216616,None,,0,0,0,0,60.5,66,12,39,9.75,None,,0,2,2.0,2.0,1,0.26,0.06,0.33,0.08,0.07,6.74,1.68,0.02,Dara,2.0,167,61,10,2.5,0,False,18.0,70,15,304,False,101.4,42,16,,360,,None,40,607,172,p216616,0,0,None,0,,216616.jpg,2.0,199,76,False,-94,None,-25.3,"[{'offset': 0, 'projected_percent': '-27.7', 'likelihood': -2}, {'offset': 1, 'projected_percent': '-32.4', 'likelihood': -2}, {'offset': 2, 'projected_percent': '-37.0', 'likelihood': -2}]",13,0,104,False,0,0.0,,[],O'Shea,2.8,106,41,False,None,4,1.0,a,7,12,40,2024-08-25,19.0,157,47,8,61700,5703,108338,16610,0.5,2.0,O'Shea,0
2,1999-12-31,1,50,True,True,None,None,0,0.0,17,455084,None,,0,0,0,0,55.6,78,17,19,4.75,2,,1,2,5.8,5.8,14,0.44,0.11,1.61,0.4,1.17,6.74,1.68,0.29,Leif,5.8,34,14,10,2.5,2,False,29.9,17,1,305,False,134.4,11,1,,360,,None,40,621,182,p455084,0,0,None,0,,455084.jpg,5.8,39,16,False,898,None,50.3,"[{'offset': 0, 'projected_percent': '56.8', 'likelihood': 3}, {'offset': 1, 'projected_percent': '68.7', 'likelihood': 3}, {'offset': 2, 'projected_percent': '80.7', 'likelihood': 3}]",8,0,241,False,0,0.0,,[],Davis,6.6,60,25,False,None,4,1.0,a,2,12,40,2022-07-25,108.0,18,1,23,284641,168815,149764,27991,1.4,5.8,Davis,0
0,2000-09-12,0,12,True,True,None,None,0,0.0,25,449429,None,,0,0,0,0,16.9,207,67,30,7.56,None,,0,2,0.8,0.8,1,0.06,0.02,0.06,0.02,0.00,6.74,1.7,0.0,Jacob,0.8,279,101,10,2.52,0,False,9.0,190,72,306,False,68.6,103,47,,357,,None,40,619,180,p449429,1,0,None,0,,449429.jpg,0.8,387,134,False,-58,None,-66.1,"[{'offset': 0, 'projected_percent': '-70.0', 'likelihood': -3}, {'offset': 1, 'projected_percent': '-77.0', 'likelihood': -3}, {'offset': 2, 'projected_percent': '-84.1', 'likelihood': -3}]",12,0,241,False,0,0.0,,[],Greaves,1.1,170,66,False,None,4,1.01,a,5,12,40,2024-07-12,4.0,278,100,3,7495,1185,32652,5606,0.2,0.8,Greaves,1
0,2000-01-24,0,0,False,True,0,0,0,0,0,222018,None,,0,0,0,0,0.0,404,150,0,0,None,,0,2,0.0,0.0,0,0.00,0,0.00,0,0.00,0.00,0,0,Ben,0.0,427,152,0,0,0,False,0.0,415,150,307,False,0.0,410,150,,0,Has joined Stoke City on loan for the rest of the season,2026-09-04T12:36:56.236331Z,40,610,175,p222018,0,0,None,0,,222018.jpg,0.0,427,152,False,-8,None,0.0,"[{'offset': 0, 'projected_percent': '0.0', 'likelihood': 0}, {'offset': 1, 'projected_percent': '0.0', 'likelihood': 0}, {'offset': 2, 'projected_percent': '0.0', 'likelihood': 0}]",0,0,241,False,0,0,,[],Johnson,0.1,473,169,False,None,0,0,u,0,12,40,2024-07-01,0.0,344,131,0,1137,0,5741,971,0.0,0.0,Johnson,0
0,1995-10-31,0,-1,True,True,None,None,0,0.0,2,176420,None,,-1,1,-1,1,0.5,353,134,3,15.88,None,,0,2,0.2,0.2,0,0.00,0.0,0.00,0.0,0.00,0.86,4.55,0.0,Darnell,0.2,361,129,1,5.29,0,False,0.6,365,132,308,False,5.0,335,128,,17,,None,39,657,213,p176420,0,0,None,0,,176420.jpg,1.0,281,98,False,200,None,0.6,"[{'offset': 0, 'projected_percent': '2.1', 'likelihood': 1}, {'offset': 1, 'projected_percent': '4.7', 'likelihood': 1}, {'offset': 2, 'projected_percent': '7.4', 'likelihood': 1}]",0,0,241,False,0,0.0,,[],Furlong,0.5,246,93,False,None,0,0.0,a,1,12,40,2025-08-28,0.0,319,120,1,4314,3002,15437,2757,0.1,0.3,Furlong,0
0,2000-03-01,0,32,True,True,None,None,0,0.0,8,501390,3,,-1,1,-1,1,19.4,196,109,21,13.5,1,,0,3,1.5,1.5,0,0.05,0.03,0.08,0.05,0.03,3.48,2.24,0.02,Marcelino,1.5,225,101,4,2.57,0,False,5.0,261,114,309,False,24.6,240,100,,140,,None,49,395,235,p501390,0,0,None,0,,501390.jpg,3.0,137,54,False,-14,None,-11.3,"[{'offset': 0, 'projected_percent': '-16.9', 'likelihood': -1}, {'offset': 1, 'projected_percent': '-27.3', 'likelihood': -2}, {'offset': 2, 'projected_percent': '-37.7', 'likelihood': -2}]",10,0,44,False,0,0.0,,[],Núñez,0.1,405,149,False,None,2,1.29,a,3,12,40,2025-08-29,6.0,257,127,6,2962,282,6710,1470,0.3,1.2,Núñez,0
0,1998-04-28,0,0,True,True,100,100,0,0,0,241117,None,,0,0,-1,1,0.0,544,227,0,0,None,,0,3,0.0,0.0,0,0.00,0,0.00,0,0.00,0.00,0,0,Azor,0.0,558,228,0,0,0,False,0.0,550,223,310,False,0.0,546,222,,0,,2026-07-29T18:00:10.305484Z,49,371,222,p241117,0,0,None,0,,241117.jpg,0.0,558,228,False,0,2026-09-19T14:00:09.742968Z,0.0,"[{'offset': 0, 'projected_percent': '0.0', 'likelihood': 0}, {'offset': 1, 'projected_percent': '0.0', 'likelihood': 0}, {'offset': 2, 'projected_percent': '0.0', 'likelihood': 0}]",0,0,152,False,0,0,,[],Matusiwa,0.0,640,280,False,None,0,0,a,0,12,40,2025-07-13,0.0,507,201,0,105,45,257,32,0.0,0.0,Matusiwa,0
0,1994-11-23,0,0,False,True,0,0,0,0,0,149929,None,,0,0,0,0,0.0,568,242,0,0,None,,0,3,0.0,0.0,0,0.00,0,0.00,0,0.00,0.00,0,0,Wes,0.0,576,241,0,0,0,False,0.0,571,239,311,False,0.0,566,237,,0,Has joined Leicester City permanently,2026-08-10T14:02:47.597478Z,50,247,153,p149929,0,0,None,0,,149929.jpg,0.0,576,241,False,0,None,0.0,"[{'offset': 0, 'projected_percent': '0.0', 'likelihood': 0}, {'offset': 1, 'projected_percent': '0.0', 'likelihood': 0}, {'offset': 2, 'projected_percent': '0.0', 'likelihood': 0}]",0,0,244,False,0,0,,[],Burns,0.0,647,285,False,None,0,0,u,0,12,40,2021-06-09,0.0,539,223,0,0,0,338,20,0.0,0.0,Burns,0
0,1998-06-23,0,0,True,True,0,0,0,0,0,231899,None,,0,0,0,0,0.0,468,195,0,0,None,,0,3,0.0,0.0,0,0.00,0,0.00,0,0.00,0.00,0,0,Jack,0.0,488,196,0,0,0,False,0.0,476,190,312,False,0.0,471,188,,0,Knee injury - Unknown return date,2026-07-29T18:00:10.319370Z,45,463,261,p231899,0,0,None,0,,231899.jpg,0.0,488,196,False,-1,None,-94.7,"[{'offset': 0, 'projected_percent': '-95.8', 'likelihood': -4}, {'offset': 1, 'projected_percent': '-97.8', 'likelihood': -4}, {'offset': 2, 'projected_percent': '-99.9', 'likelihood': -4}]",0,0,104,False,0,0,https://www.itfc.co.uk/news/2026/may/12/midfield-duo-undergo-surgery/,[],Taylor,0.0,541,221,False,None,0,0,i,0,12,40,2023-06-26,0.0,418,167,0,551,74,2327,295,0.0,0.0,Taylor,0
0,2000-11-23,1,38,True,True,None,None,0,0.0,1,443261,4,,0,0,-1,1,25.3,173,100,6,5.14,3,,0,3,2.2,2.2,1,0.04,0.03,0.34,0.29,0.30,0.29,0.25,0.26,Jack,2.2,160,71,1,0.86,1,False,11.0,158,77,313,False,42.0,175,67,Jack Clarke,105,,None,54,201,128,p443261,0,0,1,0,,443261.jpg,3.0,146,61,False,-24,None,-43.7,"[{'offset': 0, 'projected_percent': '-53.2', 'likelihood': -3}, {'offset': 1, 'projected_percent': '-70.8', 'likelihood': -3}, {'offset': 2, 'projected_percent': '-88.4', 'likelihood': -3}]",3,0,241,False,0,0.0,,[],Clarke,0.2,342,120,False,None,1,0.86,a,2,12,40,2024-08-24,43.0,92,51,9,5268,431,14193,2302,0.4,1.7,Clarke,1
0,1997-05-01,0,0,False,True,0,0,0,0,0,229164,None,,0,0,-1,1,0.0,542,225,0,0,None,,0,3,0.0,0.0,0,0.00,0,0.00,0,0.00,0.00,0,0,Chiedozie,0.0,556,226,0,0,0,False,0.0,548,221,314,False,0.0,544,220,,0,Has joined Lincoln City on loan until January,2026-09-02T16:04:17.497385Z,49,368,219,p229164,0,0,None,0,,229164.jpg,0.0,556,226,False,-2,None,0.0,"[{'offset': 0, 'projected_percent': '0.0', 'likelihood': 0}, {'offset': 1, 'projected_percent': '0.0', 'likelihood': 0}, {'offset': 2, 'projected_percent': '0.0', 'likelihood': 0}]",0,0,104,False,0,0,,[],Ogbene,0.0,622,267,False,None,0,0,u,0,12,40,2024-08-28,0.0,505,199,0,104,0,1121,134,0.0,0.0,Ogbene,0
1,2004-03-08,0,67,True,True,None,None,0,0.0,6,531442,2,,-1,1,-1,1,114.9,18,17,24,7.55,None,,0,3,2.2,2.2,1,0.83,0.26,0.86,0.27,0.03,6.11,1.92,0.01,Abdul,2.2,161,72,9,2.83,0,False,19.7,53,38,315,False,61.6,118,37,Abdul Fatawu,286,,None,54,216,138,p531442,0,0,None,0,,531442.jpg,2.2,194,82,False,-22,None,-2.2,"[{'offset': 0, 'projected_percent': '-7.5', 'likelihood': -1}, {'offset': 1, 'projected_percent': '-17.3', 'likelihood': -1}, {'offset': 2, 'projected_percent': '-27.1', 'likelihood': -2}]",9,0,81,False,0,0.0,,[],Fatawu,0.2,344,121,False,None,4,1.26,a,9,12,40,2026-07-21,20.0,155,81,9,5172,506,10352,2175,0.4,1.7,Fatawu,2
1,2004-07-16,6,101,True,True,100,100,0,0.0,3,543968,None,,0,0,0,0,49.8,95,8,9,3.42,None,,1,4,6.0,6.0,12,0.11,0.04,1.59,0.6,1.48,2.22,0.84,0.56,Emersonn,6.0,32,4,5,1.9,2,False,22.9,36,7,316,False,96.4,50,4,Emersonn,237,,2026-08-31T09:30:08.306145Z,55,163,40,p543968,0,0,2,0,,543968.jpg,6.0,36,4,False,1163,None,60.9,"[{'offset': 0, 'projected_percent': '69.2', 'likelihood': 3}, {'offset': 1, 'projected_percent': '84.7', 'likelihood': 3}, {'offset': 2, 'projected_percent': '100.2', 'likelihood': 5}]",4,0,30,False,0,0.0,,[],Correia da Silva,3.1,103,15,False,None,4,1.52,a,2,12,40,2026-07-08,83.0,34,13,24,255186,131548,114279,21872,1.1,4.4,Emersonn,0
0,1999-02-15,0,0,False,True,0,0,0,0,0,222625,None,,0,0,0,0,0.0,577,62,0,0,None,,0,4,0.0,0.0,0,0.00,0,0.00,0,0.00,0.00,0,0,George,0.0,583,63,0,0,0,False,0.0,578,60,317,False,0.0,573,57,,0,Has joined Stoke City permanently,2026-08-21T13:06:08.606019Z,50,270,53,p222625,0,0,None,0,,222625.jpg,0.0,583,63,False,-20,None,0.0,"[{'offset': 0, 'projected_percent': '0.0', 'likelihood': 0}, {'offset': 1, 'projected_percent': '0.0', 'likelihood': 0}, {'offset': 2, 'projected_percent': '0.0', 'likelihood': 0}]",0,0,243,False,0,0,,[],Hirst,0.1,439,64,False,None,0,0,u,0,12,40,2023-07-13,0.0,549,56,0,0,0,16297,1065,0.0,0.0,Hirst,0
0,2002-02-08,0,6,True,True,100,100,0,0.0,0,481624,5,,0,0,-1,1,0.8,344,171,3,9.64,None,,0,3,0.2,0.2,1,0.00,0.0,0.01,0.06,0.02,0.41,1.32,0.06,Jaden,0.2,398,185,1,3.21,0,False,1.3,344,159,318,False,3.4,353,162,,28,,2026-08-25T11:30:07.532993Z,54,209,132,p481624,0,0,3,0,,481624.jpg,1.0,361,166,False,0,2026-09-19T14:00:09.771450Z,0.0,"[{'offset': 0, 'projected_percent': '0.0', 'likelihood': 0}, {'offset': 1, 'projected_percent': '0.0', 'likelihood': 0}, {'offset': 2, 'projected_percent': '0.0', 'likelihood': 0}]",3,0,241,False,0,0.0,,[],Philogene,0.1,455,177,False,None,0,0.0,a,0,12,40,2025-01-15,9.0,233,116,1,261,76,9037,318,0.0,0.2,Philogene,0
0,1995-09-24,0,0,False,True,0,0,0,0,0,172453,None,,0,0,0,0,0.0,570,244,0,0,None,,0,3,0.0,0.0,0,0.00,0,0.00,0,0.00,0.00,0,0,Sam,0.0,578,243,0,0,0,False,0.0,573,241,319,False,0.0,568,239,,0,Has joined Derby County on loan for the rest of the season,2026-08-17T13:51:41.713979Z,50,251,157,p172453,0,0,None,0,,172453.jpg,0.0,578,243,False,0,None,0.0,"[{'offset': 0, 'projected_percent': '0.0', 'likelihood': 0}, {'offset': 1, 'projected_percent': '0.0', 'likelihood': 0}, {'offset': 2, 'projected_percent': '0.0', 'likelihood': 0}]",0,0,104,False,0,0,,[],Szmodics,0.0,643,283,False,None,0,0,u,0,12,40,2024-08-16,0.0,542,226,0,0,0,737,50,0.0,0.0,Szmodics,0
0,1995-10-09,0,33,True,True,None,None,0,0.0,0,147675,None,,0,0,0,0,1.7,322,41,3,3.91,None,,0,4,1.5,1.5,0,0.00,0.0,0.97,1.27,0.97,4.04,5.27,1.27,Chuba,1.5,228,21,4,5.22,1,False,5.5,247,26,320,False,34.6,208,17,,69,,None,50,246,51,p147675,0,0,None,0,,147675.jpg,3.0,139,15,False,-21,None,23.7,"[{'offset': 0, 'projected_percent': '23.6', 'likelihood': 2}, {'offset': 1, 'projected_percent': '23.3', 'likelihood': 2}, {'offset': 2, 'projected_percent': '23.0', 'likelihood': 2}]",2,0,241,False,0,0.0,,[],Akpom,1.2,163,24,False,None,0,0.0,a,1,12,40,2026-07-01,19.0,159,29,6,122168,18418,60672,17848,0.3,1.2,Akpom,0
0,2006-06-21,0,3,True,True,None,None,0,0.0,0,557012,None,,0,0,0,0,0.1,375,48,0,0.0,None,,0,4,0.2,0.2,0,0.00,0.0,0.00,0.0,0.00,0.03,0.27,0.0,Sindre,0.2,372,45,0,0.0,0,False,0.0,505,52,321,False,0.0,500,49,,10,,None,45,514,71,p557012,0,0,None,0,,557012.jpg,1.0,306,34,False,-30,None,38.8,"[{'offset': 0, 'projected_percent': '38.6', 'likelihood': 2}, {'offset': 1, 'projected_percent': '38.2', 'likelihood': 2}, {'offset': 2, 'projected_percent': '37.8', 'likelihood': 2}]",0,0,161,False,0,0.0,,[],Walle Egeli,3.7,91,11,False,None,0,0.0,a,0,12,40,2025-08-29,0.0,456,48,1,301679,51181,174159,39058,0.0,0.2,Walle Egeli,0
0,2002-03-01,0,0,False,True,0,0,0,0,0,462387,None,,0,0,0,0,0.0,586,64,0,0,None,,0,4,0.0,0.0,0,0.00,0,0.00,0,0.00,0.00,0,0,Ali,0.0,590,65,0,0,0,False,0.0,585,62,322,False,0.0,580,59,Ali Al Hamadi,0,Has joined Sheffield Wednesday on loan for the rest of the season,2026-08-27T14:54:10.215357Z,50,287,56,p462387,0,0,None,0,,462387.jpg,0.0,590,65,False,-14,None,0.0,"[{'offset': 0, 'projected_percent': '0.0', 'likelihood': 0}, {'offset': 1, 'projected_percent': '0.0', 'likelihood': 0}, {'offset': 2, 'projected_percent': '0.0', 'likelihood': 0}]",0,0,103,False,0,0,,[],Al-Hamadi,0.1,488,68,False,None,0,0,u,0,12,40,2024-01-29,0.0,559,58,0,755,0,9361,804,0.0,0.0,Al-Hamadi,0
0,2001-11-22,0,12,True,True,None,None,0,0.0,0,461587,None,,0,0,0,0,1.8,317,160,5,10.71,None,,0,3,0.8,0.8,0,0.00,0.0,0.05,0.11,0.05,0.21,0.45,0.11,Kasey,0.8,286,129,0,0.0,0,False,1.4,338,155,323,False,4.6,339,155,,42,,None,45,484,263,p461587,0,0,None,0,,461587.jpg,1.0,303,130,False,-97,None,-70.0,"[{'offset': 0, 'projected_percent': '-76.6', 'likelihood': -3}, {'offset': 1, 'projected_percent': '-89.0', 'likelihood': -3}, {'offset': 2, 'projected_percent': '-101.4', 'likelihood': -5}]",4,0,104,False,0,0.0,,[],McAteer,1.1,173,55,False,None,0,0.0,a,1,12,40,2025-08-22,7.0,244,121,3,26371,2010,53037,11215,0.2,0.7,McAteer,0
0,2001-01-09,0,0,True,True,None,None,0,0,0,232457,None,,0,0,-1,1,0.0,543,226,0,0,None,,0,3,0.0,0.0,0,0.00,0,0.00,0,0.00,0.00,0,0,Anis,0.0,557,227,0,0,0,False,0.0,549,222,324,False,0.0,545,221,,0,,None,49,369,220,p232457,0,0,None,0,,232457.jpg,0.0,557,227,False,0,None,-88.6,"[{'offset': 0, 'projected_percent': '-88.6', 'likelihood': -3}, {'offset': 1, 'projected_percent': '-88.6', 'likelihood': -3}, {'offset': 2, 'projected_percent': '-88.6', 'likelihood': -3}]",0,0,2,False,0,0,,[],Mehmeti,0.0,526,212,False,None,0,0,a,0,12,40,2026-01-23,0.0,506,200,0,307,61,2266,277,0.0,0.0,Mehmeti,0
0,2003-08-07,0,0,False,True,0,0,0,0,0,546600,None,,0,0,0,0,0.0,493,50,0,0,None,,0,1,0.0,0.0,0,0.00,0,0.00,0,0.00,0.00,0,0,Kayne,0.0,510,63,0,0,0,False,0.0,498,63,554,False,0.0,493,63,,0,Has joined Valencia on loan for the rest of the season,2026-08-25T14:04:09.529320Z,45,506,44,p546600,0,0,None,0,,546600.jpg,0.0,510,63,False,0,None,0.0,"[{'offset': 0, 'projected_percent': '0.0', 'likelihood': 0}, {'offset': 1, 'projected_percent': '0.0', 'likelihood': 0}, {'offset': 2, 'projected_percent': '0.0', 'likelihood': 0}]",0,0,152,False,0,0,,[],van Oevelen,0.0,573,68,False,None,0,0,u,0,12,40,2026-07-21,0.0,449,48,0,54,0,1840,203,0.0,0.0,Van Oevelen,0
0,1997-10-20,0,27,True,True,None,None,0,0.0,8,442967,None,,0,0,-1,1,5.2,270,141,19,7.04,None,,0,3,1.8,1.8,1,0.01,0.0,0.72,0.26,0.71,5.57,2.06,0.26,Daizen,1.8,213,97,8,2.96,0,False,7.4,213,97,562,False,28.8,228,92,,243,,None,54,200,127,p442967,0,0,None,0,,442967.jpg,1.8,240,106,False,-45,None,-72.6,"[{'offset': 0, 'projected_percent': '-86.5', 'likelihood': -3}, {'offset': 1, 'projected_percent': '-112.3', 'likelihood': -5}, {'offset': 2, 'projected_percent': '-138.1', 'likelihood': -5}]",4,0,108,False,0,0.0,,[],Maeda,0.2,313,109,False,None,3,1.11,a,7,12,40,2026-07-25,43.0,91,50,7,2705,201,17730,3331,0.3,1.3,Maeda,0
0,2000-01-23,0,40,True,True,None,None,0,0.0,8,240514,None,,0,0,0,0,0.0,470,43,0,0.0,None,,0,1,1.8,1.8,1,0.01,0.0,0.01,0.0,0.00,6.74,1.68,0.0,Kjell,1.8,202,15,10,2.5,0,False,10.3,168,4,564,False,103.6,39,4,,360,,None,45,466,35,p240514,0,0,None,0,,240514.jpg,1.8,234,18,False,2,None,-20.7,"[{'offset': 0, 'projected_percent': '-20.4', 'likelihood': -2}, {'offset': 1, 'projected_percent': '-19.8', 'likelihood': -1}, {'offset': 2, 'projected_percent': '-19.3', 'likelihood': -1}]",39,0,152,False,15,3.75,,[],Scherpen,0.6,238,33,False,None,4,1.0,a,0,12,40,2026-07-28,0.0,420,39,7,13890,2226,19702,3363,0.4,1.6,Scherpen,0
0,1999-08-19,0,8,True,True,100,100,0,0.0,1,216055,None,,0,0,-1,1,21.3,191,107,2,13.85,None,,0,3,0.2,0.2,1,0.01,0.07,0.01,0.07,0.00,0.27,1.87,0.0,Florentino Ibrain,0.2,378,169,0,0.0,0,False,3.2,295,132,571,False,9.0,305,133,Florentino,13,,2026-08-25T11:30:07.678802Z,49,365,218,p216055,0,0,None,0,,216055.jpg,1.0,317,136,False,-8,None,-71.7,"[{'offset': 0, 'projected_percent': '-79.1', 'likelihood': -3}, {'offset': 1, 'projected_percent': '-92.6', 'likelihood': -3}, {'offset': 2, 'projected_percent': '-106.2', 'likelihood': -5}]",0,0,173,False,0,0.0,,[],Morris Luís,0.1,441,169,False,None,0,0.0,a,1,12,40,2026-08-04,2.0,301,147,1,921,157,6461,670,0.0,0.2,Florentino,0
2,2004-01-23,0,72,True,True,100,100,0,0.0,5,474120,None,,0,0,0,0,62.7,63,50,26,6.88,None,,0,3,3.2,3.2,2,0.84,0.22,1.76,0.46,0.92,6.71,1.78,0.24,Julio,3.2,108,44,10,2.65,0,False,19.4,59,41,591,False,55.8,135,46,,340,,2026-08-22T18:00:07.551930Z,55,153,93,p474120,0,0,None,0,,474120.jpg,3.2,130,51,False,-53,None,9.9,"[{'offset': 0, 'projected_percent': '9.5', 'likelihood': 1}, {'offset': 1, 'projected_percent': '8.8', 'likelihood': 1}, {'offset': 2, 'projected_percent': '8.1', 'likelihood': 1}]",19,0,168,False,0,0.0,,[],Enciso,0.8,202,64,False,None,4,1.06,a,2,12,40,2026-08-17,75.0,41,24,13,89431,7332,43057,12236,0.6,2.4,Enciso,1
0,2005-10-22,0,12,True,True,None,None,0,0.0,2,572584,None,,0,0,0,0,24.8,174,55,3,6.59,None,,0,2,1.0,1.0,1,0.02,0.04,0.02,0.04,0.00,0.89,1.95,0.0,Abdoul,1.0,259,94,1,2.2,0,False,3.6,289,109,592,False,11.6,286,115,,41,,None,40,644,201,p572584,0,0,None,0,,572584.jpg,1.0,288,105,False,-33,None,-20.2,"[{'offset': 0, 'projected_percent': '-22.9', 'likelihood': -2}, {'offset': 1, 'projected_percent': '-28.1', 'likelihood': -2}, {'offset': 2, 'projected_percent': '-33.2', 'likelihood': -2}]",4,0,54,False,0,0.0,,[],Ouattara,0.9,196,76,False,None,0,0.0,a,1,12,40,2026-08-17,0.0,370,149,4,12439,2223,23024,4366,0.2,1.0,Ouattara,0
0,2003-10-30,0,0,False,True,0,0,0,0,0,524180,None,,0,0,0,0,0.0,491,200,0,0,None,,0,3,0.0,0.0,0,0.00,0,0.00,0,0.00,0.00,0,0,Cameron,0.0,508,201,0,0,0,False,0.0,496,195,602,False,0.0,491,193,,0,Has joined Huddersfield Town on loan for the rest of the season,2026-09-02T16:04:17.524642Z,45,504,268,p524180,0,0,None,0,,524180.jpg,0.0,508,201,False,-3,None,0.0,"[{'offset': 0, 'projected_percent': '0.0', 'likelihood': 0}, {'offset': 1, 'projected_percent': '0.0', 'likelihood': 0}, {'offset': 2, 'projected_percent': '0.0', 'likelihood': 0}]",0,0,241,False,0,0,,[],Humphreys,0.0,555,231,False,None,0,0,u,0,12,40,2021-08-09,0.0,447,172,0,2861,0,2946,441,0.0,0.0,Humphreys,0
0,1998-10-05,0,49,True,True,None,None,0,0.0,10,218543,None,,0,0,0,0,40.4,128,80,38,17.54,None,,0,3,3.0,3.0,4,0.07,0.03,0.07,0.03,0.00,3.23,1.49,0.0,Exequiel,3.0,115,49,6,2.77,0,False,9.0,191,89,619,False,45.4,168,64,,195,,None,50,264,165,p218543,0,0,None,0,,218543.jpg,3.0,141,56,False,29,None,0.8,"[{'offset': 0, 'projected_percent': '1.1', 'likelihood': 1}, {'offset': 1, 'projected_percent': '1.4', 'likelihood': 1}, {'offset': 2, 'projected_percent': '1.8', 'likelihood': 1}]",20,0,10,False,0,0.0,,[],Palacios,0.1,477,187,False,None,2,0.92,a,8,12,40,2026-08-27,4.0,285,141,9,7375,3643,2341,1080,0.6,1.8,Palacios,0
0,1998-08-01,0,36,True,True,None,None,0,0.0,1,431639,None,,0,0,0,0,1.8,320,40,2,3.53,None,,0,4,3.0,3.0,5,0.01,0.02,0.55,0.97,0.54,0.47,0.83,0.95,Zian,3.0,124,13,1,1.76,1,False,9.1,189,21,640,False,38.2,190,15,,51,,None,55,143,37,p431639,0,0,None,0,,431639.jpg,3.0,149,17,False,22,None,0.3,"[{'offset': 0, 'projected_percent': '0.5', 'likelihood': 1}, {'offset': 1, 'projected_percent': '0.8', 'likelihood': 1}, {'offset': 2, 'projected_percent': '1.0', 'likelihood': 1}]",1,0,152,False,0,0.0,,[],Flemming,0.1,469,66,False,None,0,0.0,a,0,12,40,2026-09-01,51.0,74,18,6,7691,3406,1953,1031,0.5,1.1,Flemming,0
0,1997-03-22,0,19,True,True,None,None,1,0.62,3,153682,2,,-1,1,-3,3,52.4,87,59,11,6.83,2,,0,3,1.2,1.2,1,0.09,0.06,0.10,0.07,0.01,3.28,2.04,0.01,Harry,1.2,255,118,1,0.62,0,False,8.5,199,92,260,False,19.2,262,110,,145,,None,62,54,38,p153682,0,0,None,0,,153682.jpg,1.2,279,128,False,-687,None,-5.5,"[{'offset': 0, 'projected_percent': '-18.6', 'likelihood': -1}, {'offset': 1, 'projected_percent': '-42.9', 'likelihood': -3}, {'offset': 2, 'projected_percent': '-67.2', 'likelihood': -3}]",4,0,244,False,0,0.0,,[],Wilson,2.3,120,37,False,None,1,0.62,a,4,13,2,2026-07-08,12.0,210,107,5,28732,3218,389472,51317,0.2,0.8,Wilson,1
0,1997-12-10,0,0,False,True,0,0,0,0,0,201595,None,,0,0,0,0,0.0,462,40,0,0,None,,0,1,0.0,0.0,0,0.00,0,0.00,0,0.00,0.00,0,0,Lucas Estella,0.0,482,56,0,0,0,False,0.0,470,56,326,False,0.0,465,56,Lucas Perri,0,Has joined Torino on loan for the rest of the season,2026-09-01T13:12:39.210133Z,45,451,32,p201595,0,0,None,0,,201595.jpg,0.0,482,56,False,-24,None,0.0,"[{'offset': 0, 'projected_percent': '0.0', 'likelihood': 0}, {'offset': 1, 'projected_percent': '0.0', 'likelihood': 0}, {'offset': 2, 'projected_percent': '0.0', 'likelihood': 0}]",0,0,30,False,0,0,,[],Perri,0.3,283,38,False,None,0,0,u,0,13,2,2025-07-26,0.0,411,36,0,532,0,24590,2849,0.0,0.0,Perri,0
0,1999-02-05,2,29,True,True,None,None,1,0.55,18,434752,None,,0,0,0,0,0.6,352,133,21,11.52,None,,0,2,3.0,3.0,0,0.00,0.0,0.11,0.06,0.11,3.16,1.73,0.06,Jaka,3.0,116,44,2,1.1,0,False,5.4,251,93,327,False,38.2,189,80,,164,,None,50,282,45,p434752,0,0,None,0,,434752.jpg,4.0,87,37,False,-72,None,7.2,"[{'offset': 0, 'projected_percent': '6.7', 'likelihood': 1}, {'offset': 1, 'projected_percent': '5.7', 'likelihood': 1}, {'offset': 2, 'projected_percent': '4.7', 'likelihood': 1}]",7,0,195,False,0,0.0,,[],Bijol,0.7,212,82,False,None,2,1.1,a,3,13,2,2025-06-23,15.0,187,62,12,67681,3183,51451,10901,0.6,2.4,Bijol,0
0,1997-10-22,0,25,True,True,0,0,1,0.73,10,214225,None,,0,0,-1,1,14.7,215,72,11,8.05,None,,0,2,0.0,0.0,0,0.06,0.04,0.09,0.06,0.03,1.01,0.74,0.02,Joe,1.8,197,73,0,0.0,0,False,4.5,269,102,329,False,23.0,245,101,,123,Hamstring injury - Expected back 21 Nov,2026-08-30T16:00:08.564382Z,44,562,146,p214225,0,0,None,0,,214225.jpg,3.5,109,44,False,-378,None,-78.6,"[{'offset': 0, 'projected_percent': '-89.4', 'likelihood': -3}, {'offset': 1, 'projected_percent': '-109.5', 'likelihood': -5}, {'offset': 2, 'projected_percent': '-129.6', 'likelihood': -5}]",2,0,244,False,0,0.0,https://www.leedsunited.com/en/news/daniel-farke-provides-fitness-update-ahead-of-brighton-clash-a,[],Rodon,0.9,189,71,False,None,2,1.46,i,1,13,2,2024-07-02,7.0,243,86,7,26889,51,277046,24001,0.4,1.6,Rodon,0
0,2000-07-27,6,108,True,True,None,None,3,0.9,10,226182,None,,1,-1,1,-1,32.6,150,45,15,4.52,None,,2,2,9.2,9.2,15,0.08,0.02,1.39,0.41,1.31,2.23,0.67,0.39,Jayden,9.2,1,1,1,0.3,2,False,24.9,28,3,330,True,108.8,31,12,,299,,None,46,423,80,p226182,0,0,None,0,,226182.jpg,9.2,2,1,False,4677,None,5.8,"[{'offset': 0, 'projected_percent': '18.2', 'likelihood': 1}, {'offset': 1, 'projected_percent': '41.2', 'likelihood': 3}, {'offset': 2, 'projected_percent': '64.2', 'likelihood': 3}]",9,0,241,False,0,0.0,,[],Bogle,5.2,74,29,False,None,4,1.2,a,5,13,2,2024-07-20,108.0,19,2,37,419353,286383,52019,19441,2.0,8.0,Bogle,1
0,1999-04-29,0,35,True,True,100,100,1,0.56,3,243526,None,,0,0,0,0,9.8,251,86,9,5.0,None,,0,2,2.0,2.0,6,0.18,0.1,0.18,0.1,0.00,2.77,1.54,0.0,Gabriel,2.0,171,65,1,0.56,0,False,3.9,280,106,331,False,22.6,247,102,,162,,2026-08-08T20:00:07.546568Z,45,469,107,p243526,0,0,None,0,,243526.jpg,4.0,84,36,False,16,None,0.6,"[{'offset': 0, 'projected_percent': '0.7', 'likelihood': 1}, {'offset': 1, 'projected_percent': '0.9', 'likelihood': 1}, {'offset': 2, 'projected_percent': '1.1', 'likelihood': 1}]",11,0,206,False,0,0.0,,[],Gudmundsson,0.1,472,168,False,None,2,1.11,a,6,13,2,2025-07-08,6.0,253,90,8,3102,1244,2349,439,0.4,1.8,Gudmundsson,0
0,1998-02-23,2,60,True,True,None,None,1,0.25,22,220627,None,,0,0,0,0,41.2,124,35,35,8.75,None,,0,2,4.5,4.5,2,0.30,0.08,0.47,0.12,0.17,5.40,1.35,0.04,James,4.5,53,22,3,0.75,0,False,16.1,87,23,332,False,84.4,70,32,,360,,None,45,457,100,p220627,0,0,None,0,,220627.jpg,4.5,62,26,False,20,None,16.2,"[{'offset': 0, 'projected_percent': '16.3', 'likelihood': 1}, {'offset': 1, 'projected_percent': '16.6', 'likelihood': 1}, {'offset': 2, 'projected_percent': '16.8', 'likelihood': 1}]",12,0,241,False,0,0.0,,[],Justin,1.5,152,61,False,None,4,1.0,a,13,13,2,2025-08-25,36.0,111,29,18,114047,7129,62753,9808,1.0,4.0,Justin,0
0,1999-03-22,0,0,False,True,0,0,0,0,0,437738,None,,0,0,0,0,0.0,475,187,0,0,None,,0,2,0.0,0.0,0,0.00,0,0.00,0,0.00,0.00,0,0,Sebastiaan,0.0,494,189,0,0,0,False,0.0,482,187,333,False,0.0,477,187,,0,Has joined Hamburg SV on loan for the rest of the season,2026-08-19T13:56:14.645970Z,45,478,115,p437738,0,0,None,0,,437738.jpg,0.0,494,189,False,0,None,0.0,"[{'offset': 0, 'projected_percent': '0.0', 'likelihood': 0}, {'offset': 1, 'projected_percent': '0.0', 'likelihood': 0}, {'offset': 2, 'projected_percent': '0.0', 'likelihood': 0}]",0,0,21,False,0,0,,[],Bornauw,0.0,646,214,False,None,0,0,u,0,13,2,2025-07-01,0.0,427,178,0,0,0,289,17,0.0,0.0,Bornauw,0
1,2003-02-28,0,79,True,True,None,None,1,0.25,46,522047,None,,0,0,0,0,12.7,231,81,50,12.5,None,,0,2,5.2,5.2,7,0.04,0.01,0.13,0.03,0.09,5.40,1.35,0.02,Tarik,5.2,41,17,3,0.75,0,False,16.9,76,20,334,False,133.4,12,2,,360,,None,50,318,55,p522047,0,0,None,0,,522047.jpg,5.2,46,19,False,530,None,28.0,"[{'offset': 0, 'projected_percent': '31.8', 'likelihood': 2}, {'offset': 1, 'projected_percent': '38.8', 'likelihood': 2}, {'offset': 2, 'projected_percent': '45.9', 'likelihood': 3}]",11,0,27,False,0,0.0,,[],Muharemović,4.3,78,31,False,None,4,1.0,a,4,13,2,2026-07-17,23.0,142,44,21,249031,51835,143692,20750,1.0,4.2,Muharemović,0
0,1998-11-15,3,73,True,True,None,None,2,0.5,21,466525,1,,0,0,0,0,76.2,49,40,48,12.1,1,,1,3,5.5,5.5,3,0.23,0.06,1.15,0.29,0.92,5.11,1.29,0.23,Anton,5.5,40,18,2,0.5,1,False,22.7,37,26,335,False,99.8,46,20,,357,,None,60,73,49,p466525,0,0,None,0,,466525.jpg,5.5,45,21,False,32,None,20.1,"[{'offset': 0, 'projected_percent': '20.3', 'likelihood': 2}, {'offset': 1, 'projected_percent': '20.7', 'likelihood': 2}, {'offset': 2, 'projected_percent': '21.2', 'likelihood': 2}]",16,0,80,False,0,0.0,,[],Stach,2.7,111,34,False,None,4,1.01,a,11,13,2,2025-07-22,51.0,75,44,22,191376,18135,139170,26848,0.9,3.7,Stach,0
0,2000-05-24,1,65,True,True,None,None,2,0.8,3,435997,None,,-1,1,-2,2,39.9,130,82,13,5.22,None,,0,3,3.8,3.8,9,0.26,0.1,0.41,0.16,0.15,1.69,0.68,0.06,Noah,3.8,88,36,1,0.4,1,False,13.6,120,61,336,False,59.2,125,40,,224,,None,58,106,68,p435997,0,0,None,0,,435997.jpg,3.8,104,41,False,222,None,4.9,"[{'offset': 0, 'projected_percent': '6.4', 'likelihood': 1}, {'offset': 1, 'projected_percent': '9.4', 'likelihood': 1}, {'offset': 2, 'projected_percent': '12.4', 'likelihood': 1}]",5,0,207,False,0,0.0,,[],Okafor,0.4,269,90,False,None,3,1.21,a,5,13,2,2025-08-21,37.0,110,60,15,19747,13812,30766,4041,0.7,2.6,Okafor,0
0,2000-10-22,0,31,True,True,None,None,1,0.52,1,427637,None,,0,0,-1,1,3.0,297,152,11,5.76,4,,0,3,1.5,1.5,1,0.02,0.01,0.03,0.02,0.01,3.38,1.77,0.01,Brenden,1.5,235,107,3,1.57,0,False,2.3,316,144,337,False,10.4,296,126,,172,,None,54,194,123,p427637,0,0,None,0,,427637.jpg,1.5,261,116,False,-79,None,-68.7,"[{'offset': 0, 'projected_percent': '-80.1', 'likelihood': -3}, {'offset': 1, 'projected_percent': '-101.1', 'likelihood': -5}, {'offset': 2, 'projected_percent': '-122.1', 'likelihood': -5}]",8,0,229,False,0,0.0,,[],Aaronson,0.5,249,79,False,None,2,1.05,a,2,13,2,2022-07-01,9.0,232,115,6,6437,723,42690,6751,0.3,1.1,Aaronson,0
1,2000-09-14,0,68,True,True,None,None,1,0.25,19,199598,None,,0,0,-1,1,42.9,118,74,46,11.5,None,,0,3,4.0,4.0,7,0.16,0.04,0.24,0.06,0.08,5.40,1.35,0.02,Ethan,4.0,78,32,3,0.75,0,False,11.8,147,71,338,False,69.8,97,31,,360,,None,54,181,114,p199598,0,0,None,0,,199598.jpg,4.0,89,35,False,16,None,-12.1,"[{'offset': 0, 'projected_percent': '-10.8', 'likelihood': -1}, {'offset': 1, 'projected_percent': '-8.5', 'likelihood': -1}, {'offset': 2, 'projected_percent': '-6.1', 'likelihood': -1}]",18,0,244,False,0,0.0,,[],Ampadu,1.0,187,60,False,None,4,1.0,a,9,13,2,2023-07-19,5.0,271,136,16,15140,4458,53835,8107,0.7,3.0,Ampadu,0
0,1997-10-30,0,7,True,True,None,None,0,0.0,0,180135,3,,0,0,-1,1,0.2,371,183,0,0.0,3,,0,3,0.5,0.5,1,0.00,0.0,0.00,0.0,0.00,0.35,3.15,0.0,Sean,0.5,327,151,1,9.0,0,False,0.0,544,218,339,False,0.0,539,216,,10,,None,49,355,212,p180135,0,0,None,0,,180135.jpg,1.0,313,134,False,-12,None,-48.6,"[{'offset': 0, 'projected_percent': '-58.7', 'likelihood': -3}, {'offset': 1, 'projected_percent': '-77.5', 'likelihood': -3}, {'offset': 2, 'projected_percent': '-96.4', 'likelihood': -4}]",0,0,241,False,0,0.0,,[],Longstaff,0.1,435,166,False,None,0,0.0,a,0,13,2,2025-07-18,0.0,499,196,2,2303,396,7236,1195,0.1,0.4,Longstaff,0
0,2003-11-05,0,0,False,True,0,0,0,0,0,492859,None,,0,0,0,0,0.0,597,255,0,0,None,,0,3,0.0,0.0,0,0.00,0,0.00,0,0.00,0.00,0,0,Wilfried,0.0,600,254,0,0,0,False,0.0,595,252,341,False,0.0,590,250,,0,Has joined ACF Fiorentina on loan for the rest of the season,2026-09-02T16:04:47.189648Z,50,306,183,p492859,0,0,None,0,,492859.jpg,0.0,600,254,False,-5,None,0.0,"[{'offset': 0, 'projected_percent': '0.0', 'likelihood': 0}, {'offset': 1, 'projected_percent': '0.0', 'likelihood': 0}, {'offset': 2, 'projected_percent': '0.0', 'likelihood': 0}]",0,0,106,False,0,0,,[],Gnonto,0.0,618,264,False,None,0,0,u,0,13,2,2022-09-01,0.0,572,240,0,244,0,1738,159,0.0,0.0,Gnonto,0
0,1996-11-20,0,0,False,True,0,0,0,0,0,221399,None,,0,0,0,0,0.0,575,246,0,0,None,,0,3,0.0,0.0,0,0.00,0,0.00,0,0.00,0.00,0,0,Jack,0.0,581,245,0,0,0,False,0.0,576,243,342,False,0.0,571,241,,0,Has joined New England Revolution permanently,2026-07-28T12:59:09.492431Z,50,267,166,p221399,0,0,None,0,,221399.jpg,0.0,581,245,False,0,None,0.0,"[{'offset': 0, 'projected_percent': '0.0', 'likelihood': 0}, {'offset': 1, 'projected_percent': '0.0', 'likelihood': 0}, {'offset': 2, 'projected_percent': '0.0', 'likelihood': 0}]",0,0,241,False,0,0,,[],Harrison,0.0,657,294,False,None,0,0,u,0,13,2,2021-07-02,0.0,547,228,0,0,0,74,10,0.0,0.0,Harrison,0
0,1997-11-10,0,6,True,True,None,None,0,0.0,0,200617,None,,-1,1,-1,1,1.1,333,167,4,12.41,None,,0,3,0.5,0.5,1,0.01,0.03,0.36,1.12,0.35,1.21,3.76,1.09,Daniel,0.5,328,152,1,3.1,0,False,1.4,339,156,343,False,0.0,541,218,,29,,None,49,357,214,p200617,0,0,None,0,,200617.jpg,1.0,314,135,False,-14,None,-11.0,"[{'offset': 0, 'projected_percent': '-17.4', 'likelihood': -1}, {'offset': 1, 'projected_percent': '-29.3', 'likelihood': -2}, {'offset': 2, 'projected_percent': '-41.2', 'likelihood': -3}]",4,0,244,False,0,0.0,,[],James,0.1,424,161,False,None,0,0.0,a,0,13,2,2021-08-31,15.0,182,91,2,3862,614,7202,1182,0.1,0.4,James,0
0,2000-05-06,0,0,True,True,25,25,0,0,0,486520,None,,0,0,0,0,0.0,591,251,0,0,None,,0,3,0.0,0.0,0,0.00,0,0.00,0,0.00,0.00,0,0,Ilia,0.0,594,250,0,0,0,False,0.0,589,248,344,False,0.0,584,246,,0,Knee injury - 25% chance of playing,2026-08-14T23:00:06.272027Z,50,297,177,p486520,0,0,None,0,,486520.jpg,0.0,594,250,False,0,None,-56.2,"[{'offset': 0, 'projected_percent': '-56.2', 'likelihood': -3}, {'offset': 1, 'projected_percent': '-56.2', 'likelihood': -3}, {'offset': 2, 'projected_percent': '-56.2', 'likelihood': -3}]",0,0,34,False,0,0,,[],Gruev,0.0,644,284,False,None,0,0,d,0,13,2,2023-08-31,0.0,565,235,0,66,11,293,35,0.0,0.0,Gruev,0
2,1998-09-10,0,48,True,True,None,None,1,0.48,9,248056,4,,0,0,-1,1,17.1,205,115,24,11.49,None,,0,3,3.0,3.0,6,0.05,0.02,0.64,0.3,0.59,2.58,1.24,0.28,Tanaka,3.0,112,47,1,0.48,0,False,8.2,203,95,345,False,50.0,159,60,,188,,None,49,372,223,p248056,0,0,None,0,,248056.jpg,4.0,86,33,False,81,None,3.5,"[{'offset': 0, 'projected_percent': '4.1', 'likelihood': 1}, {'offset': 1, 'projected_percent': '5.2', 'likelihood': 1}, {'offset': 2, 'projected_percent': '6.2', 'likelihood': 1}]",8,0,108,False,0,0.0,,[],Ao,0.3,294,102,False,None,2,0.96,a,7,13,2,2024-08-30,15.0,184,93,12,18028,7916,14645,2743,0.6,2.4,Tanaka,0
1,1997-03-16,4,66,True,True,None,None,2,0.55,5,177815,None,,0,0,0,0,28.3,164,16,14,3.83,None,,0,4,5.0,5.0,10,0.08,0.02,2.56,0.7,2.48,3.79,1.04,0.68,Dominic,5.0,43,5,2,0.55,2,False,25.1,27,6,346,False,93.8,57,5,,329,,None,60,64,14,p177815,0,0,1,0,,177815.jpg,5.0,51,6,False,8117,None,-3.5,"[{'offset': 0, 'projected_percent': '49.9', 'likelihood': 3}, {'offset': 1, 'projected_percent': '158.1', 'likelihood': 5}, {'offset': 2, 'projected_percent': '266.4', 'likelihood': 5}]",9,0,241,False,0,0.0,,[],Calvert-Lewin,24.8,11,3,False,None,4,1.09,a,0,13,2,2025-08-15,134.0,7,5,20,738419,355223,1131815,121847,0.8,3.3,Calvert-Lewin,3
1,1998-12-14,0,24,True,True,None,None,0,0.0,0,174594,None,,0,0,-1,1,22.4,183,20,2,3.6,None,,0,4,1.5,1.5,1,0.15,0.27,0.42,0.76,0.27,2.53,4.55,0.49,Lukas,1.5,232,22,1,1.8,0,False,5.5,248,27,347,False,18.4,266,24,,50,,None,54,176,42,p174594,0,0,2,0,,174594.jpg,2.0,218,23,False,-16,None,-1.9,"[{'offset': 0, 'projected_percent': '-4.4', 'likelihood': -1}, {'offset': 1, 'projected_percent': '-8.9', 'likelihood': -1}, {'offset': 2, 'projected_percent': '-13.5', 'likelihood': -1}]",2,0,80,False,0,0.0,,[],Nmecha,0.5,256,44,False,None,0,0.0,a,0,13,2,2025-07-01,15.0,190,31,6,19129,5162,31898,6138,0.3,1.1,Nmecha,0
0,1999-08-02,0,0,False,True,0,0,0,0,0,235826,None,,0,0,0,0,0.0,580,63,0,0,None,,0,4,0.0,0.0,0,0.00,0,0.00,0,0.00,0.00,0,0,Joël,0.0,586,64,0,0,0,False,0.0,581,61,348,False,0.0,576,58,,0,Has joined West Ham United on loan for the rest of the season,2026-08-19T13:56:14.666726Z,50,276,55,p235826,0,0,3,0,,235826.jpg,0.0,586,64,False,-6,None,0.0,"[{'offset': 0, 'projected_percent': '0.0', 'likelihood': 0}, {'offset': 1, 'projected_percent': '0.0', 'likelihood': 0}, {'offset': 2, 'projected_percent': '0.0', 'likelihood': 0}]",0,0,203,False,0,0,,[],Piroe,0.1,480,67,False,None,0,0,u,0,13,2,2023-08-24,0.0,552,57,0,0,0,10651,839,0.0,0.0,Piroe,0
0,2003-10-19,0,0,True,True,0,0,0,0,0,565297,None,,0,0,0,0,0.0,500,55,0,0,None,,0,4,0.0,0.0,0,0.00,0,0.00,0,0.00,0.00,0,0,Mateo,0.0,517,56,0,0,0,False,0.0,506,53,349,False,0.0,501,50,,0,Knee injury - Unknown return date,2026-07-29T18:00:10.338170Z,45,515,72,p565297,0,0,None,0,,565297.jpg,0.0,517,56,False,2,None,-31.7,"[{'offset': 0, 'projected_percent': '-30.8', 'likelihood': -2}, {'offset': 1, 'projected_percent': '-29.2', 'likelihood': -2}, {'offset': 2, 'projected_percent': '-27.6', 'likelihood': -2}]",0,0,200,False,0,0,,[],Joseph Fernández-Regatillo,0.1,493,69,False,None,0,0,i,0,13,2,2022-11-04,0.0,457,49,0,2642,595,3814,649,0.0,0.0,Mateo Joseph,0
0,2002-10-10,2,83,True,True,None,None,1,0.25,6,432720,None,,0,0,0,0,0.0,583,65,0,0.0,None,,0,1,4.5,4.5,3,0.00,0.0,0.00,0.0,0.00,5.40,1.35,0.0,James,4.5,56,4,3,0.75,0,False,12.1,142,3,385,False,120.8,17,2,,360,,None,50,280,11,p432720,0,0,None,0,,432720.jpg,4.5,65,5,False,108,None,27.4,"[{'offset': 0, 'projected_percent': '28.2', 'likelihood': 2}, {'offset': 1, 'projected_percent': '29.6', 'likelihood': 2}, {'offset': 2, 'projected_percent': '31.1', 'likelihood': 2}]",39,0,241,False,15,3.75,,[],Trafford,5.5,73,10,False,None,4,1.0,a,0,13,2,2026-08-06,0.0,555,64,18,235254,25595,140137,27090,0.9,3.6,Trafford,0
0,1996-09-30,0,29,True,True,None,None,0,0.0,23,173774,None,,0,0,0,0,23.1,179,58,25,9.53,None,,0,2,1.8,1.8,2,0.57,0.22,0.62,0.24,0.05,4.39,1.67,0.02,Nico,1.8,200,76,3,1.14,0,False,10.8,161,61,598,False,62.2,114,55,,236,,None,45,446,92,p173774,0,0,None,0,,173774.jpg,2.3,182,73,False,3,None,0.4,"[{'offset': 0, 'projected_percent': '0.4', 'likelihood': 1}, {'offset': 1, 'projected_percent': '0.4', 'likelihood': 1}, {'offset': 2, 'projected_percent': '0.5', 'likelihood': 1}]",7,0,207,False,0,0.0,,[],Elvedi,0.0,496,176,False,None,2,0.76,a,2,13,2,2026-08-19,22.0,146,45,7,4510,653,2460,377,0.4,1.6,Elvedi,0
0,2008-04-08,0,0,True,True,None,None,0,0,0,643970,None,,0,0,0,0,0.0,437,174,0,0,None,,0,2,0.0,0.0,0,0.00,0,0.00,0,0.00,0.00,0,0,Jayden,0.0,460,176,0,0,0,False,0.0,448,174,603,False,0.0,443,174,,0,,None,40,654,210,p643970,0,0,None,0,,643970.jpg,0.0,460,176,False,-2,None,0.2,"[{'offset': 0, 'projected_percent': '0.2', 'likelihood': 1}, {'offset': 1, 'projected_percent': '0.2', 'likelihood': 1}, {'offset': 2, 'projected_percent': '0.2', 'likelihood': 1}]",0,0,244,False,0,0,,[],Lienou,0.1,410,151,False,None,0,0,a,0,13,2,2026-05-10,0.0,380,158,0,6509,1059,3347,854,0.0,0.0,Lienou,0
0,2007-07-15,0,0,True,True,None,None,0,0,0,592740,None,,0,0,0,0,0.0,508,206,0,0,None,,0,3,0.0,0.0,0,0.00,0,0.00,0,0.00,0.00,0,0,Alfie,0.0,525,207,0,0,0,False,0.0,514,201,604,False,0.0,509,199,,0,,None,45,526,275,p592740,0,0,None,0,,592740.jpg,0.0,525,207,False,-9,None,0.2,"[{'offset': 0, 'projected_percent': '0.1', 'likelihood': 1}, {'offset': 1, 'projected_percent': '0.0', 'likelihood': 0}, {'offset': 2, 'projected_percent': '-7.1', 'likelihood': -1}]",0,0,241,False,0,0,,[],Cresswell,0.1,371,133,False,None,0,0,a,0,13,2,2026-05-16,0.0,465,178,0,13578,1184,6760,1665,0.0,0.0,Cresswell,0
0,1993-01-04,0,0,True,True,None,None,0,0,0,97846,None,,0,0,0,0,0.0,390,12,0,0,None,,0,1,0.0,0.0,0,0.00,0,0.00,0,0.00,0.00,0,0,Alex,0.0,415,31,0,0,0,False,0.0,402,31,625,False,0.0,398,31,,0,,None,40,591,56,p97846,0,0,None,0,,97846.jpg,0.0,415,31,False,4,None,0.4,"[{'offset': 0, 'projected_percent': '0.4', 'likelihood': 1}, {'offset': 1, 'projected_percent': '0.5', 'likelihood': 1}, {'offset': 2, 'projected_percent': '0.5', 'likelihood': 1}]",0,0,241,False,0,0,,[],Cairns,0.2,328,39,False,None,0,0,a,0,13,2,2024-07-08,0.0,330,8,0,18473,2981,4948,1251,0.0,0.0,Cairns,0
0,1995-07-12,0,0,True,True,None,None,0,0,0,155465,None,,0,0,0,0,0.0,394,14,0,0,None,,0,1,0.0,0.0,0,0.00,0,0.00,0,0.00,0.00,0,0,Michael,0.0,419,33,0,0,0,False,0.0,406,33,629,False,0.0,402,33,,0,,None,40,595,58,p155465,0,0,None,0,,155465.jpg,0.0,419,33,False,56,None,1.8,"[{'offset': 0, 'projected_percent': '2.2', 'likelihood': 1}, {'offset': 1, 'projected_percent': '3.0', 'likelihood': 1}, {'offset': 2, 'projected_percent': '3.7', 'likelihood': 1}]",0,0,80,False,0,0,,[],Zetterer,0.7,215,32,False,None,0,0,a,0,13,2,2026-08-29,0.0,334,10,0,52821,16337,10663,4258,0.0,0.0,Zetterer,0
0,2000-11-06,0,1,True,True,None,None,0,0.0,1,437497,None,,0,0,0,0,10.3,247,85,2,10.0,None,,0,2,0.5,0.5,1,0.00,0.0,0.00,0.0,0.00,0.30,1.5,0.0,Melvin,0.5,325,117,1,5.0,0,False,1.5,334,121,641,False,4.4,340,130,,18,,None,45,477,114,p437497,0,0,None,0,,437497.jpg,1.0,302,117,False,0,None,0.0,"[{'offset': 0, 'projected_percent': '0.0', 'likelihood': 0}, {'offset': 1, 'projected_percent': '0.0', 'likelihood': 0}, {'offset': 2, 'projected_percent': '0.0', 'likelihood': 0}]",2,0,73,False,0,0.0,,[],Bard,0.0,617,209,False,None,0,0.0,a,1,13,2,2026-09-01,0.0,426,177,1,818,319,259,126,0.1,0.2,Bard,0
0,2005-05-07,0,0,True,True,None,None,0,0,0,587982,None,,0,0,0,0,0.0,609,262,0,0,None,,0,3,0.0,0.0,0,0.00,0,0.00,0,0.00,0.00,0,0,Jean-Mattéo,0.0,612,261,0,0,0,False,0.0,607,259,648,False,0.0,602,257,,0,,None,50,329,198,p587982,0,0,None,0,,587982.jpg,0.0,612,261,False,1,None,-6.4,"[{'offset': 0, 'projected_percent': '0.0', 'likelihood': 0}, {'offset': 1, 'projected_percent': '0.0', 'likelihood': 0}, {'offset': 2, 'projected_percent': '0.0', 'likelihood': 0}]",0,0,73,False,0,0,,[],Bahoya,0.0,589,245,False,None,0,0,a,0,13,2,2026-09-01,0.0,586,249,0,2095,326,904,346,0.0,0.0,Bahoya,0
0,1992-10-02,3,66,True,True,None,None,2,0.5,6,116535,None,,0,0,0,0,0.0,631,70,0,0.0,None,,0,1,4.8,4.8,9,0.00,0.0,0.00,0.0,0.00,5.33,1.33,0.0,Alisson,4.8,47,3,4,1.0,0,False,7.7,208,16,350,False,76.8,80,16,Alisson Becker,360,,None,55,125,3,p116535,0,0,None,0,,116535.jpg,4.8,55,3,False,-83,None,2.1,"[{'offset': 0, 'projected_percent': '1.5', 'likelihood': 1}, {'offset': 1, 'projected_percent': '0.4', 'likelihood': 1}, {'offset': 2, 'projected_percent': '-1.9', 'likelihood': -1}]",38,0,30,False,12,3.0,,[],Becker,3.9,86,14,False,None,4,1.0,a,0,14,14,2018-07-19,0.0,618,69,19,130743,17494,128885,19843,0.9,3.5,A.Becker,1
0,2000-09-29,0,0,True,True,None,None,0,0,0,449027,None,,0,0,-1,1,0.0,550,57,0,0,None,,0,1,0.0,0.0,0,0.00,0,0.00,0,0.00,0.00,0,0,Giorgi,0.0,563,68,0,0,0,False,0.0,556,68,351,False,0.0,551,68,,0,,None,49,380,19,p449027,0,0,None,0,,449027.jpg,0.0,563,68,False,-2,None,-73.5,"[{'offset': 0, 'projected_percent': '-74.6', 'likelihood': -3}, {'offset': 1, 'projected_percent': '-76.8', 'likelihood': -3}, {'offset': 2, 'projected_percent': '-79.0', 'likelihood': -3}]",0,0,79,False,0,0,,[],Mamardashvili,0.1,382,42,False,None,0,0,a,0,14,14,2024-08-27,0.0,513,55,0,2559,386,7897,1164,0.0,0.0,Mamardashvili,0
0,1997-03-04,0,0,True,True,None,None,0,0,0,155503,None,,0,0,0,0,0.0,395,15,0,0,None,,0,1,0.0,0.0,0,0.00,0,0.00,0,0.00,0.00,0,0,Freddie,0.0,420,34,0,0,0,False,0.0,407,34,352,False,0.0,403,34,,0,,None,40,596,59,p155503,0,0,None,0,,155503.jpg,0.0,420,34,False,-11,None,-21.3,"[{'offset': 0, 'projected_percent': '-22.1', 'likelihood': -2}, {'offset': 1, 'projected_percent': '-23.5', 'likelihood': -2}, {'offset': 2, 'projected_percent': '-25.0', 'likelihood': -2}]",0,0,241,False,0,0,,[],Woodman,1.0,178,27,False,None,0,0,a,0,14,14,2025-07-01,0.0,335,11,0,17185,2186,24241,3839,0.0,0.0,Woodman,0
0,None,0,0,False,True,0,0,0,0,0,586268,None,,0,0,0,0,0.0,433,27,0,0,None,,0,1,0.0,0.0,0,0.00,0,0.00,0,0.00,0.00,0,0,Armin,0.0,456,46,0,0,0,False,0.0,444,46,353,False,0.0,439,46,,0,Has joined TSV Hartberg on loan for the rest of the season,2026-08-18T14:11:18.638344Z,40,649,71,p586268,0,0,None,0,,586268.jpg,0.0,456,46,False,0,None,0.0,"[{'offset': 0, 'projected_percent': '0.0', 'likelihood': 0}, {'offset': 1, 'projected_percent': '0.0', 'likelihood': 0}, {'offset': 2, 'projected_percent': '0.0', 'likelihood': 0}]",0,0,None,False,0,0,,[],Pecsi,0.0,572,67,False,None,0,0,u,0,14,14,None,0.0,375,23,0,0,0,1013,95,0.0,0.0,Pecsi,0
0,2001-07-23,0,0,True,True,0,0,0,0,0,432987,None,,0,0,0,0,0.0,406,20,0,0,None,,0,1,0.0,0.0,0,0.00,0,0.00,0,0.00,0.00,0,0,Vitezslav,0.0,429,39,0,0,0,False,0.0,417,39,354,False,0.0,412,39,,0,Knee injury - Unknown return date,2026-07-29T18:00:10.351066Z,40,613,64,p432987,0,0,None,0,,432987.jpg,0.0,429,39,False,0,None,0.0,"[{'offset': 0, 'projected_percent': '0.0', 'likelihood': 0}, {'offset': 1, 'projected_percent': '0.0', 'likelihood': 0}, {'offset': 2, 'projected_percent': '0.0', 'likelihood': 0}]",0,0,57,False,0,0,https://www.liverpoolfc.com/news/ajax-issue-vitezslav-jaros-injury-update,[],Jaros,0.0,569,66,False,None,0,0,i,0,14,14,2019-07-10,0.0,346,16,0,1477,198,1040,115,0.0,0.0,Jaros,0
0,2003-09-03,0,0,True,True,None,None,0,0,0,464353,None,,0,0,0,0,0.0,411,23,0,0,None,,0,1,0.0,0.0,0,0.00,0,0.00,0,0.00,0.00,0,0,Harvey,0.0,434,42,0,0,0,False,0.0,422,42,355,False,0.0,417,42,,0,,None,40,623,67,p464353,0,0,None,0,,464353.jpg,0.0,434,42,False,0,None,0.1,"[{'offset': 0, 'projected_percent': '0.1', 'likelihood': 1}, {'offset': 1, 'projected_percent': '0.1', 'likelihood': 1}, {'offset': 2, 'projected_percent': '0.1', 'likelihood': 1}]",0,0,241,False,0,0,,[],Davies,0.2,360,40,False,None,0,0,a,0,14,14,2021-03-09,0.0,351,19,0,4306,750,3670,690,0.0,0.0,Davies,0
0,1991-07-08,0,70,True,True,None,None,2,0.5,30,97032,None,,0,0,0,0,20.5,192,63,35,8.75,None,,0,2,4.2,4.2,8,0.07,0.02,0.32,0.08,0.25,5.33,1.33,0.06,Virgil,4.2,71,29,4,1.0,0,False,14.6,107,37,356,False,99.2,47,18,,360,,None,65,33,2,p97032,0,0,None,0,,97032.jpg,4.2,80,34,False,-519,None,-47.1,"[{'offset': 0, 'projected_percent': '-49.4', 'likelihood': -3}, {'offset': 1, 'projected_percent': '-53.8', 'likelihood': -3}, {'offset': 2, 'projected_percent': '-58.2', 'likelihood': -3}]",16,0,152,False,0,0.0,,[],van Dijk,16.5,24,7,False,None,4,1.0,a,5,14,14,2018-01-01,26.0,132,40,17,252823,30784,553281,72646,0.6,2.6,Virgil,1
0,2000-12-10,0,24,True,True,None,None,0,0.0,8,216094,None,,-1,1,-2,2,76.5,47,7,12,6.07,None,,0,2,0.5,0.5,1,0.23,0.12,0.24,0.13,0.01,3.91,1.98,0.01,Jeremie,0.5,344,125,4,2.02,0,False,13.2,127,46,357,False,39.4,188,79,,178,,None,53,226,30,p216094,0,0,None,0,,216094.jpg,0.7,396,140,False,-351,None,-3.4,"[{'offset': 0, 'projected_percent': '-11.4', 'likelihood': -1}, {'offset': 1, 'projected_percent': '-26.3', 'likelihood': -2}, {'offset': 2, 'projected_percent': '-41.2', 'likelihood': -3}]",7,0,152,False,0,0.0,,[],Frimpong,1.9,131,53,False,None,2,1.01,a,4,14,14,2025-06-01,16.0,173,54,2,56993,2650,225280,34700,0.1,0.4,Frimpong,1
0,2003-11-07,0,41,True,True,None,None,1,0.31,16,544877,None,,0,0,-1,1,45.0,106,27,23,7.02,None,,0,2,1.8,1.8,1,0.07,0.02,0.09,0.03,0.02,4.86,1.48,0.01,Milos,1.8,214,81,4,1.22,0,False,12.3,139,51,358,False,65.6,107,49,,295,,None,54,218,27,p544877,0,0,None,0,,544877.jpg,1.8,241,88,False,-317,None,-64.2,"[{'offset': 0, 'projected_percent': '-74.3', 'likelihood': -3}, {'offset': 1, 'projected_percent': '-93.0', 'likelihood': -3}, {'offset': 2, 'projected_percent': '-111.7', 'likelihood': -5}]",8,0,98,False,0,0.0,,[],Kerkez,2.4,119,48,False,None,3,0.92,a,7,14,14,2025-06-26,12.0,207,70,7,44386,2404,169247,35347,0.3,1.3,Kerkez,2
0,1997-05-23,0,0,True,True,100,0,0,0,0,171287,None,,-1,1,-1,1,0.0,538,201,0,0,None,,0,2,0.0,0.0,0,0.00,0,0.00,0,0.00,0.00,0,0,Joe,0.0,553,202,0,0,0,False,0.0,543,201,359,False,0.0,538,201,,0,,2026-07-26T08:30:10.078473Z,49,354,62,p171287,0,0,None,0,,171287.jpg,0.0,553,202,False,0,2026-09-22T14:30:07.295674Z,0.0,"[{'offset': 0, 'projected_percent': '0.0', 'likelihood': 0}, {'offset': 1, 'projected_percent': '0.0', 'likelihood': 0}, {'offset': 2, 'projected_percent': '0.0', 'likelihood': 0}]",0,0,241,False,0,0,,[],Gomez,0.0,587,201,False,None,0,0,a,0,14,14,2015-06-20,0.0,498,196,0,363,140,1044,99,0.0,0.0,Gomez,0
0,2003-07-09,0,0,True,True,0,0,0,0,0,492777,None,,0,0,0,0,0.0,596,210,0,0,None,,0,2,0.0,0.0,0,0.00,0,0.00,0,0.00,0.00,0,0,Conor,0.0,599,210,0,0,0,False,0.0,594,210,360,False,0.0,589,210,,0,Knee injury - Unknown return date,2026-07-23T12:01:23.565711Z,50,305,53,p492777,0,0,None,0,,492777.jpg,0.0,599,210,False,0,None,-73.6,"[{'offset': 0, 'projected_percent': '-73.6', 'likelihood': -3}, {'offset': 1, 'projected_percent': '-73.6', 'likelihood': -3}, {'offset': 2, 'projected_percent': '-73.6', 'likelihood': -3}]",0,0,242,False,0,0,https://www.liverpoolfc.com/news/fitness-latest-joe-gomez-return-update-conor-bradley,[],Bradley,0.0,608,206,False,None,0,0,i,0,14,14,2023-09-25,0.0,571,207,0,309,49,698,100,0.0,0.0,Bradley,0
0,None,0,0,True,True,None,None,0,0,0,519440,None,,0,0,0,0,0.0,420,158,0,0,None,,0,2,0.0,0.0,0,0.00,0,0.00,0,0.00,0.00,0,0,Wellity,0.0,443,160,0,0,0,False,0.0,431,158,361,False,0.0,426,158,,0,,None,40,633,190,p519440,0,0,None,0,,519440.jpg,0.0,443,160,False,-3,None,-34.7,"[{'offset': 0, 'projected_percent': '-36.3', 'likelihood': -2}, {'offset': 1, 'projected_percent': '-39.1', 'likelihood': -2}, {'offset': 2, 'projected_percent': '-42.0', 'likelihood': -3}]",0,0,None,False,0,0,,[],Lucky,0.1,390,147,False,None,0,0,a,0,14,14,None,0.0,360,139,0,3512,652,5055,1013,0.0,0.0,Lucky,0
0,2005-07-13,3,86,True,True,100,100,2,0.55,20,606702,None,,0,0,0,0,42.8,119,33,28,7.75,None,,0,2,4.5,4.5,9,0.12,0.03,0.12,0.03,0.00,4.72,1.31,0.0,Jeremy,4.5,57,24,4,1.11,0,False,13.3,125,45,362,False,86.2,65,28,,325,,2026-07-23T12:01:23.581126Z,50,330,57,p606702,0,0,None,0,,606702.jpg,4.5,66,28,False,265,None,39.9,"[{'offset': 0, 'projected_percent': '41.8', 'likelihood': 3}, {'offset': 1, 'projected_percent': '45.3', 'likelihood': 3}, {'offset': 2, 'projected_percent': '48.9', 'likelihood': 3}]",15,0,73,False,0,0.0,,[],Jacquet,3.2,98,36,False,None,4,1.11,a,8,14,14,2026-07-01,4.0,287,107,18,189212,61084,106518,15496,0.9,3.6,Jacquet,1
0,2006-12-21,0,0,True,True,0,0,0,0,0,647681,None,,0,0,0,0,0.0,438,175,0,0,None,,0,2,0.0,0.0,0,0.00,0,0.00,0,0.00,0.00,0,0,Giovanni,0.0,461,177,0,0,0,False,0.0,449,175,363,False,0.0,444,175,,0,Knee injury - Unknown return date,2026-07-23T12:01:23.596909Z,40,655,211,p647681,0,0,None,0,,647681.jpg,0.0,461,177,False,-2,None,-46.0,"[{'offset': 0, 'projected_percent': '-47.7', 'likelihood': -3}, {'offset': 1, 'projected_percent': '-51.0', 'likelihood': -3}, {'offset': 2, 'projected_percent': '-54.2', 'likelihood': -3}]",0,0,106,False,0,0,https://www.liverpoolfc.com/news/liverpools-injury-list-suspensions-and-availability?utm_source=premier-league-web&utm_medium=referral&utm_campaign=pl-referral-always-on&utm_term=injuries&utm_content=club-injury-article,[],Leoni,0.0,527,184,False,None,0,0,i,0,14,14,2025-08-15,0.0,381,159,0,784,109,1891,297,0.0,0.0,Leoni,0
0,1996-05-12,0,6,True,True,None,None,0,0.0,2,214285,None,,0,0,-1,1,2.9,299,107,3,4.22,None,,0,2,0.5,0.5,1,0.02,0.03,0.06,0.09,0.04,0.47,0.66,0.06,Kostas,0.5,329,119,0,0.0,0,False,1.8,328,118,364,False,6.4,326,125,,64,,None,49,362,64,p214285,0,0,None,0,,214285.jpg,1.0,316,124,False,-11,None,-25.3,"[{'offset': 0, 'projected_percent': '-36.3', 'likelihood': -2}, {'offset': 1, 'projected_percent': '-56.9', 'likelihood': -3}, {'offset': 2, 'projected_percent': '-77.4', 'likelihood': -3}]",3,0,83,False,0,0.0,,[],Tsimikas,0.1,461,165,False,None,1,1.41,a,1,14,14,2020-08-10,9.0,229,81,2,1463,275,3946,581,0.1,0.4,Tsimikas,0
0,2003-07-31,0,0,False,True,0,0,0,0,0,489580,None,,0,0,0,0,0.0,415,155,0,0,None,,0,2,0.0,0.0,0,0.00,0,0.00,0,0.00,0.00,0,0,Calvin,0.0,438,157,0,0,0,False,0.0,426,155,365,False,0.0,421,155,,0,Has joined St Mirren on loan for the rest of the season,2026-08-26T14:05:26.748768Z,40,627,186,p489580,0,0,None,0,,489580.jpg,0.0,438,157,False,-12,None,0.0,"[{'offset': 0, 'projected_percent': '0.0', 'likelihood': 0}, {'offset': 1, 'projected_percent': '0.0', 'likelihood': 0}, {'offset': 2, 'projected_percent': '0.0', 'likelihood': 0}]",0,0,243,False,0,0,,[],Ramsay,0.1,427,154,False,None,0,0,u,0,14,14,2022-06-19,0.0,355,136,0,638,0,12038,1004,0.0,0.0,Ramsay,0
1,2003-05-03,0,67,True,True,None,None,2,0.54,2,494595,3,,-1,1,-2,2,108.0,23,21,28,7.59,2,,0,3,3.0,3.0,3,0.35,0.09,1.13,0.3,0.78,4.16,1.13,0.21,Florian,3.0,129,56,4,1.08,0,False,24.5,30,21,366,False,51.8,149,54,,332,,None,73,22,14,p494595,0,0,4,0,,494595.jpg,3.0,156,65,False,-1673,None,-5.3,"[{'offset': 0, 'projected_percent': '-16.7', 'likelihood': -1}, {'offset': 1, 'projected_percent': '-37.9', 'likelihood': -2}, {'offset': 2, 'projected_percent': '-59.2', 'likelihood': -3}]",21,0,80,False,0,0.0,,[],Wirtz,6.4,61,20,False,None,4,1.08,a,5,14,14,2025-06-20,85.0,32,18,12,129232,4701,684389,140578,0.4,1.6,Wirtz,1
3,1999-05-07,5,100,True,True,100,75,1,0.32,7,243298,2,,0,0,2,-2,105.8,25,23,27,8.68,None,,2,3,7.2,5.4,1,1.22,0.39,1.66,0.53,0.44,4.72,1.52,0.14,Cody,7.2,12,5,4,1.29,1,False,28.6,22,15,367,False,117.6,19,12,,280,,2026-09-09T18:30:08.772955Z,72,24,15,p243298,0,0,3,0,,243298.jpg,7.2,14,6,False,900,None,8.0,"[{'offset': 0, 'projected_percent': '14.5', 'likelihood': 1}, {'offset': 1, 'projected_percent': '26.5', 'likelihood': 2}, {'offset': 2, 'projected_percent': '38.5', 'likelihood': 2}]",14,0,152,False,0,0.0,,[],Gakpo,12.5,33,13,False,None,3,0.96,a,6,14,14,2023-01-01,63.0,55,35,29,1247045,136309,607456,135992,1.0,4.0,Gakpo,0
0,2000-10-25,1,98,True,True,None,None,2,0.5,11,424876,1,,0,0,0,0,173.4,3,3,35,8.75,1,,0,3,4.5,4.5,3,0.80,0.2,2.09,0.52,1.29,5.33,1.33,0.32,Dominik,4.5,63,28,4,1.0,1,False,33.6,12,10,368,False,107.2,36,15,,360,,None,70,26,17,p424876,0,0,1,0,,424876.jpg,4.5,71,30,False,-3285,None,-55.6,"[{'offset': 0, 'projected_percent': '-62.7', 'likelihood': -3}, {'offset': 1, 'projected_percent': '-75.7', 'likelihood': -3}, {'offset': 2, 'projected_percent': '-88.7', 'likelihood': -3}]",20,0,98,False,0,0.0,,[],Szoboszlai,35.0,7,3,False,None,4,1.0,a,4,14,14,2023-07-02,55.0,66,42,18,873559,72895,1367027,396390,0.6,2.6,Szoboszlai,0
0,2008-08-29,0,13,True,True,None,None,0,0.0,1,611922,None,,0,0,-2,2,8.1,255,132,4,3.64,None,,0,3,1.0,1.0,1,0.05,0.05,0.20,0.19,0.15,0.68,0.62,0.14,Rio,1.0,274,127,2,1.82,0,False,2.1,322,147,369,False,4.4,343,156,,99,,None,58,116,75,p611922,0,0,None,0,,611922.jpg,1.3,271,125,False,-82,None,-95.7,"[{'offset': 0, 'projected_percent': '-107.8', 'likelihood': -5}, {'offset': 1, 'projected_percent': '-130.4', 'likelihood': -5}, {'offset': 2, 'projected_percent': '-153.0', 'likelihood': -5}]",2,0,241,False,0,0.0,,[],Ngumoha,0.5,252,82,False,None,1,0.91,a,1,14,14,2024-12-17,11.0,218,110,4,13542,1500,82789,9090,0.2,0.7,Ngumoha,0
0,1997-10-25,0,0,True,True,0,0,0,0,0,223541,None,,0,0,-1,1,0.0,622,270,0,0,None,,0,3,0.0,0.0,0,0.00,0,0.00,0,0.00,0.00,0,0,Federico,0.0,625,269,0,0,0,False,0.0,623,269,370,False,0.0,618,267,,0,Back injury - Unknown return date,2026-08-27T13:30:07.598926Z,54,187,119,p223541,0,0,None,0,,223541.jpg,0.0,625,269,False,0,None,-95.0,"[{'offset': 0, 'projected_percent': '-95.0', 'likelihood': -4}, {'offset': 1, 'projected_percent': '-95.0', 'likelihood': -4}, {'offset': 2, 'projected_percent': '-95.0', 'likelihood': -4}]",0,0,106,False,0,0,https://www.liverpoolfc.com/news/federico-chiesa-injury-update-0,[],Chiesa,0.0,498,197,False,None,0,0,i,0,14,14,2024-08-29,0.0,607,262,0,665,16,9755,579,0.0,0.0,Chiesa,0
1,2002-05-16,0,48,True,True,None,None,0,0.0,10,441266,None,,0,0,-1,1,41.2,125,78,24,11.93,None,,0,3,2.0,2.0,1,0.07,0.03,0.17,0.08,0.10,1.88,0.93,0.05,Ryan,2.0,188,87,2,0.99,0,False,9.8,176,85,371,False,50.6,156,57,,181,,None,59,88,57,p441266,0,0,None,0,,441266.jpg,2.0,224,98,False,-151,None,-91.5,"[{'offset': 0, 'projected_percent': '-101.1', 'likelihood': -5}, {'offset': 1, 'projected_percent': '-118.9', 'likelihood': -5}, {'offset': 2, 'projected_percent': '-136.7', 'likelihood': -5}]",10,0,152,False,0,0.0,,[],Gravenberch,1.2,167,53,False,None,2,0.99,a,4,14,14,2023-09-01,6.0,266,133,8,34147,3213,117812,19387,0.3,1.4,Gravenberch,0
0,1998-12-24,0,40,True,True,None,None,1,0.42,7,243016,None,,0,0,-1,1,44.3,110,70,28,11.67,None,,0,3,1.5,1.5,1,0.44,0.18,0.54,0.22,0.10,4.06,1.69,0.04,Alexis,1.5,234,106,2,0.83,0,False,11.0,157,76,372,False,44.2,170,66,,216,,None,54,191,122,p243016,0,0,5,0,,243016.jpg,1.5,260,115,False,-36,None,-24.8,"[{'offset': 0, 'projected_percent': '-26.8', 'likelihood': -2}, {'offset': 1, 'projected_percent': '-30.6', 'likelihood': -2}, {'offset': 2, 'projected_percent': '-34.4', 'likelihood': -2}]",12,0,10,False,0,0.0,,[],Mac Allister,1.3,159,49,False,None,2,0.83,a,9,14,14,2023-06-14,22.0,147,75,6,39773,9588,86851,16472,0.3,1.1,Mac Allister,1
0,2001-01-30,0,0,False,True,0,0,0,0,0,206915,None,,0,0,0,0,0.0,636,276,0,0,None,,0,3,0.0,0.0,0,0.00,0,0.00,0,0.00,0.00,0,0,Curtis,0.0,635,275,0,0,0,False,0.0,634,275,373,False,0.0,630,274,,0,Has joined Internazionale permanently,2026-08-16T18:30:07.426408Z,55,136,82,p206915,0,0,None,0,,206915.jpg,0.0,635,275,False,0,None,0.0,"[{'offset': 0, 'projected_percent': '0.0', 'likelihood': 0}, {'offset': 1, 'projected_percent': '0.0', 'likelihood': 0}, {'offset': 2, 'projected_percent': '0.0', 'likelihood': 0}]",0,0,241,False,0,0,,[],Jones,0.0,560,233,False,None,0,0,u,0,14,14,2018-04-06,0.0,623,269,0,34,0,2559,129,0.0,0.0,C.Jones,0
0,1993-02-09,0,0,True,True,100,100,0,0,0,158983,None,,0,0,-1,1,0.0,537,222,0,0,None,,0,3,0.0,0.0,0,0.00,0,0.00,0,0.00,0.00,0,0,Endo,0.0,552,223,0,0,0,False,0.0,542,217,374,False,0.0,537,215,,0,,2026-07-23T12:01:23.612529Z,49,352,210,p158983,0,0,None,0,,158983.jpg,0.0,552,223,False,-2,None,-29.8,"[{'offset': 0, 'projected_percent': '-32.1', 'likelihood': -2}, {'offset': 1, 'projected_percent': '-36.6', 'likelihood': -2}, {'offset': 2, 'projected_percent': '-41.0', 'likelihood': -3}]",0,0,108,False,0,0,,[],Wataru,0.1,478,188,False,None,0,0,a,0,14,14,2023-08-18,0.0,497,195,0,2130,316,4267,737,0.0,0.0,Endo,0
0,2007-06-30,0,6,True,True,None,None,0,0.0,1,591386,None,,0,0,-1,1,2.3,308,156,5,23.68,None,,0,3,0.5,0.5,0,0.00,0.0,0.00,0.0,0.00,0.22,1.04,0.0,Trey,0.5,335,154,0,0.0,0,False,0.9,351,161,375,False,6.6,322,145,,19,,None,49,410,248,p591386,0,0,None,0,,591386.jpg,1.0,328,143,False,3,None,-44.6,"[{'offset': 0, 'projected_percent': '-38.8', 'likelihood': -2}, {'offset': 1, 'projected_percent': '-28.2', 'likelihood': -2}, {'offset': 2, 'projected_percent': '-17.5', 'likelihood': -1}]",2,0,241,False,0,0.0,,[],Nyoni,0.0,512,206,False,None,0,0.0,a,2,14,14,2023-11-11,0.0,529,217,2,1226,157,2674,467,0.1,0.4,Nyoni,0
0,2004-10-22,0,0,False,True,0,0,0,0,0,535928,None,,0,0,0,0,0.0,604,258,0,0,None,,0,3,0.0,0.0,0,0.00,0,0.00,0,0.00,0.00,0,0,Stefan,0.0,607,257,0,0,0,False,0.0,602,255,376,False,0.0,597,253,,0,Has joined Celta Vigo permanently,2026-07-23T12:01:23.628373Z,50,320,191,p535928,0,0,None,0,,535928.jpg,0.0,607,257,False,-1,None,0.0,"[{'offset': 0, 'projected_percent': '0.0', 'likelihood': 0}, {'offset': 1, 'projected_percent': '0.0', 'likelihood': 0}, {'offset': 2, 'projected_percent': '0.0', 'likelihood': 0}]",0,0,200,False,0,0,https://www.liverpoolfc.com/news/liverpools-injury-list-suspensions-and-availability?utm_source=premier-league-web&utm_medium=referral&utm_campaign=pl-referral-always-on&utm_term=injuries&utm_content=club-injury-article,[],Bajčetić Maquieira,0.0,655,292,False,None,0,0,u,0,14,14,2022-07-11,0.0,580,244,0,19,0,104,9,0.0,0.0,Bajcetic,0
1,2003-07-13,0,53,True,True,None,None,1,0.38,4,551499,None,,0,0,0,0,31.4,155,94,13,4.9,None,,0,3,3.5,3.5,1,0.25,0.09,0.77,0.29,0.52,4.49,1.69,0.2,Victor,3.5,99,41,2,0.75,1,False,16.8,79,47,377,False,50.4,158,59,,239,,None,65,43,29,p551499,0,0,None,0,,551499.jpg,3.5,120,48,False,-221,None,12.6,"[{'offset': 0, 'projected_percent': '11.1', 'likelihood': 1}, {'offset': 1, 'projected_percent': '8.1', 'likelihood': 1}, {'offset': 2, 'projected_percent': '5.2', 'likelihood': 1}]",7,0,200,False,0,0.0,,[],Munoz,1.0,180,58,False,None,3,1.13,a,2,14,14,2026-06-18,86.0,31,17,14,115147,4786,84791,25060,0.5,2.2,Munoz,1
0,2004-09-13,0,0,True,True,None,None,0,0,0,491501,None,,-1,1,-1,1,0.0,445,189,0,0,None,,0,3,0.0,0.0,0,0.00,0,0.00,0,0.00,0.00,0,0,James,0.0,468,190,0,0,0,False,0.0,456,184,378,False,0.0,451,182,,0,,None,44,572,292,p491501,0,0,None,0,,491501.jpg,0.0,468,190,False,-4,None,0.3,"[{'offset': 0, 'projected_percent': '0.3', 'likelihood': 1}, {'offset': 1, 'projected_percent': '0.3', 'likelihood': 1}, {'offset': 2, 'projected_percent': '0.2', 'likelihood': 1}]",0,0,241,False,0,0,,[],McConnell,0.2,315,111,False,None,0,0,a,0,14,14,2023-07-18,0.0,392,160,0,5472,2315,11013,2176,0.0,0.0,McConnell,0
0,1999-09-21,5,102,True,True,None,None,2,0.54,2,219168,None,,0,0,1,-1,34.1,142,13,6,1.62,None,,1,4,6.2,6.2,2,0.06,0.02,2.85,0.77,2.79,5.16,1.39,0.75,Alexander,6.2,29,3,4,1.08,3,False,32.3,14,3,379,False,113.6,22,3,,333,,None,91,5,2,p219168,0,0,2,0,,219168.jpg,6.2,31,3,False,-150,None,-5.4,"[{'offset': 0, 'projected_percent': '-6.5', 'likelihood': -1}, {'offset': 1, 'projected_percent': '-8.5', 'likelihood': -1}, {'offset': 2, 'projected_percent': '-10.5', 'likelihood': -1}]",3,0,206,False,0,0.0,,[],Isak,21.8,15,4,False,None,4,1.08,a,1,14,14,2025-09-01,176.0,4,3,25,1093726,106463,614294,197257,0.7,2.7,Isak,0
0,2002-06-20,0,0,True,True,0,0,0,0,0,510663,None,,0,0,-1,1,0.0,657,77,0,0,None,,0,4,0.0,0.0,0,0.00,0,0.00,0,0.00,0.00,0,0,Hugo,0.0,656,77,0,0,0,False,0.0,657,77,380,False,0.0,657,77,,0,Achilles injury - Unknown return date,2026-07-23T12:01:23.643771Z,74,20,7,p510663,0,0,None,0,,510663.jpg,0.0,656,77,False,-4,None,-15.7,"[{'offset': 0, 'projected_percent': '-16.7', 'likelihood': -1}, {'offset': 1, 'projected_percent': '-18.5', 'likelihood': -1}, {'offset': 2, 'projected_percent': '-20.4', 'likelihood': -2}]",0,0,73,False,0,0,https://www.liverpoolfc.com/news/lfc-fitness-update-bajcetic-bradley-ekitike-endo-and-leoni?utm_source=premier-league-web&utm_medium=referral&utm_campaign=pl-referral-always-on&utm_content=injuries-flag&utm_term=injury-news,[],Ekitiké,0.1,407,60,False,None,0,0,i,0,14,14,2025-07-23,0.0,657,77,0,2229,350,10357,1077,0.0,0.0,Ekitiké,0
0,2005-09-19,0,7,True,True,None,None,0,0.0,0,514514,None,,0,0,0,0,0.5,355,175,1,6.92,None,,0,3,0.5,0.5,0,0.00,0.0,0.03,0.21,0.03,0.58,4.02,0.21,Lewis,0.5,340,157,0,0.0,0,False,0.9,352,162,381,False,1.2,375,173,,13,,None,50,315,188,p514514,0,0,None,0,,514514.jpg,1.0,337,150,False,2,None,-82.6,"[{'offset': 0, 'projected_percent': '-76.2', 'likelihood': -3}, {'offset': 1, 'projected_percent': '-64.1', 'likelihood': -3}, {'offset': 2, 'projected_percent': '-52.1', 'likelihood': -3}]",1,0,244,False,0,0.0,,[],Koumas,0.0,546,225,False,None,0,0.0,a,0,14,14,2026-08-22,7.0,248,125,2,644,172,1162,256,0.1,0.4,Koumas,0
0,2006-01-16,0,0,True,True,100,100,0,0,0,500058,None,,0,0,0,0,0.0,484,51,0,0,None,,0,4,0.0,0.0,0,0.00,0,0.00,0,0.00,0.00,0,0,Jayden,0.0,501,52,0,0,0,False,0.0,489,48,382,False,0.0,484,45,,0,,2026-07-23T12:01:23.659279Z,45,496,67,p500058,0,0,None,0,,500058.jpg,0.0,501,52,False,44,None,2.3,"[{'offset': 0, 'projected_percent': '2.7', 'likelihood': 1}, {'offset': 1, 'projected_percent': '3.2', 'likelihood': 1}, {'offset': 2, 'projected_percent': '3.8', 'likelihood': 1}]",0,0,241,False,0,0,,[],Danns,0.2,322,51,False,None,0,0,a,0,14,14,2024-02-20,0.0,440,44,0,18084,7844,6706,2768,0.0,0.0,Danns,0
0,2003-04-04,0,0,False,True,0,0,0,0,0,444884,None,,0,0,-1,1,0.0,623,271,0,0,None,,0,3,0.0,0.0,0,0.00,0,0.00,0,0.00,0.00,0,0,Harvey,0.0,626,270,0,0,0,False,0.0,624,270,383,False,0.0,619,268,,0,Has joined Valencia on loan for the rest of the season,2026-09-02T16:05:49.104326Z,54,202,129,p444884,0,0,None,0,,444884.jpg,0.0,626,270,False,-2,None,0.0,"[{'offset': 0, 'projected_percent': '0.0', 'likelihood': 0}, {'offset': 1, 'projected_percent': '0.0', 'likelihood': 0}, {'offset': 2, 'projected_percent': '0.0', 'likelihood': 0}]",0,0,241,False,0,0,,[],Elliott,0.0,521,209,False,None,0,0,u,0,14,14,2019-07-28,0.0,609,264,0,907,0,5872,528,0.0,0.0,Elliott,0
0,1999-03-07,0,53,True,True,None,None,2,0.93,16,445087,None,,0,0,-1,1,7.7,256,90,19,8.81,None,,0,2,3.8,3.8,6,0.05,0.02,0.05,0.02,0.00,1.96,0.91,0.0,Ronald,3.8,87,35,0,0.0,0,False,6.0,240,88,579,False,48.8,161,69,,194,,None,54,203,26,p445087,0,0,None,0,,445087.jpg,3.8,103,42,False,96,None,26.5,"[{'offset': 0, 'projected_percent': '27.2', 'likelihood': 2}, {'offset': 1, 'projected_percent': '28.5', 'likelihood': 2}, {'offset': 2, 'projected_percent': '29.7', 'likelihood': 2}]",9,0,230,False,0,0.0,,[],Araujo,2.9,105,40,False,None,2,0.93,a,3,14,14,2026-08-10,4.0,288,108,15,127786,32643,146614,14413,0.7,2.8,Araujo,1
0,2002-09-02,0,14,True,True,None,None,1,0.93,0,482616,None,,0,0,0,0,24.1,176,101,5,4.64,None,,0,3,2.0,2.0,3,0.10,0.09,0.31,0.28,0.21,0.77,0.71,0.19,Bradley,2.0,194,92,0,0.0,0,False,4.3,272,119,627,False,8.6,309,137,,97,,None,80,9,6,p482616,0,0,None,0,,482616.jpg,2.0,232,103,False,-282,None,-27.2,"[{'offset': 0, 'projected_percent': '-38.2', 'likelihood': -2}, {'offset': 1, 'projected_percent': '-58.6', 'likelihood': -3}, {'offset': 2, 'projected_percent': '-79.1', 'likelihood': -3}]",2,0,73,False,0,0.0,,[],Barcola,1.9,130,40,False,None,1,0.93,a,3,14,14,2026-08-31,10.0,227,112,4,273602,21010,103451,37972,0.2,0.5,Barcola,0
0,2001-01-17,0,40,True,True,None,None,2,0.99,5,448047,None,,0,0,-1,1,51.6,91,61,16,7.96,None,,0,3,1.5,1.5,2,0.27,0.13,0.58,0.28,0.31,1.78,0.89,0.15,Enzo,1.5,241,113,0,0.0,0,False,10.8,163,79,155,False,24.0,244,102,,181,,None,69,30,19,p448047,0,0,None,0,,448047.jpg,2.0,228,101,False,263,None,-26.7,"[{'offset': 0, 'projected_percent': '-20.9', 'likelihood': -2}, {'offset': 1, 'projected_percent': '-10.3', 'likelihood': -1}, {'offset': 2, 'projected_percent': '0.1', 'likelihood': 1}]",8,0,10,False,0,0.0,,[],Fernández,3.4,95,33,False,None,2,0.99,a,3,15,43,2026-09-01,33.0,118,62,6,130336,45220,301278,27295,0.2,0.9,Enzo,1
1,2000-03-06,1,79,True,True,None,None,2,0.58,9,440993,None,,0,0,-1,1,74.0,50,41,40,11.58,None,,0,3,4.2,4.2,1,0.44,0.13,0.72,0.21,0.28,6.27,1.81,0.08,Iliman,4.2,70,29,1,0.29,0,False,21.5,45,34,237,False,70.2,93,30,Iliman Ndiaye,311,,None,59,87,56,p440993,0,0,None,0,,440993.jpg,4.2,79,31,False,-1176,None,-104.9,"[{'offset': 0, 'projected_percent': '-116.6', 'likelihood': -5}, {'offset': 1, 'projected_percent': '-138.2', 'likelihood': -5}, {'offset': 2, 'projected_percent': '-159.9', 'likelihood': -5}]",23,0,189,False,0,0.0,,[],Ndiaye,7.5,51,17,False,None,3,0.87,a,8,15,43,2026-09-01,70.0,48,29,17,280737,33356,1028235,151372,0.7,2.9,Ndiaye,0
0,1999-02-25,0,75,True,True,None,None,2,0.5,2,204936,None,,0,0,0,0,0.0,635,71,0,0.0,None,,0,1,4.2,4.2,7,0.00,0.0,0.00,0.0,0.00,3.68,0.92,0.0,Gianluigi,4.2,69,7,2,0.5,0,False,8.2,205,14,384,False,81.0,75,13,,360,,None,55,134,4,p204936,1,0,None,0,,204936.jpg,4.2,78,8,False,341,None,-39.8,"[{'offset': 0, 'projected_percent': '-36.5', 'likelihood': -2}, {'offset': 1, 'projected_percent': '-30.5', 'likelihood': -2}, {'offset': 2, 'projected_percent': '-24.4', 'likelihood': -2}]",24,0,106,False,10,2.5,,[],Donnarumma,7.8,49,8,False,None,4,1.0,a,0,15,43,2025-09-01,0.0,622,70,17,181567,44185,279420,35927,0.8,3.1,Donnarumma,0
0,1992-05-24,0,0,True,True,None,None,0,0,0,122074,None,,0,0,0,0,0.0,458,37,0,0,None,,0,1,0.0,0.0,0,0.00,0,0.00,0,0.00,0.00,0,0,Marcus,0.0,478,53,0,0,0,False,0.0,466,53,386,False,0.0,461,53,,0,,None,45,437,29,p122074,0,0,None,0,,122074.jpg,0.0,478,53,False,0,None,-71.4,"[{'offset': 0, 'projected_percent': '-71.4', 'likelihood': -3}, {'offset': 1, 'projected_percent': '-71.4', 'likelihood': -3}, {'offset': 2, 'projected_percent': '-71.4', 'likelihood': -3}]",0,0,241,False,0,0,,[],Bettinelli,0.0,548,62,False,None,0,0,a,0,15,43,2025-06-10,0.0,407,33,0,504,69,1014,164,0.0,0.0,Bettinelli,0
0,2005-03-21,0,19,True,True,100,100,0,0.0,1,472769,None,,0,0,-1,1,38.7,132,37,3,1.71,None,,0,2,1.2,1.2,1,0.43,0.24,0.52,0.29,0.09,1.71,0.97,0.05,Nico,1.2,256,92,2,1.14,0,False,6.7,228,83,387,False,12.4,283,114,,158,,2026-09-05T18:00:06.379802Z,64,45,4,p472769,0,0,None,0,,472769.jpg,1.7,247,91,False,-1594,None,-61.0,"[{'offset': 0, 'projected_percent': '-71.1', 'likelihood': -3}, {'offset': 1, 'projected_percent': '-89.7', 'likelihood': -3}, {'offset': 2, 'projected_percent': '-108.3', 'likelihood': -5}]",8,0,241,False,0,0.0,,[],O'Reilly,11.9,35,12,False,None,2,1.14,a,2,15,43,2022-12-16,16.0,176,56,5,185192,10666,1092825,147375,0.2,0.8,O'Reilly,0
0,2000-07-13,4,101,True,True,None,None,2,0.5,22,209036,None,,0,0,0,0,43.5,117,32,25,6.25,None,,0,2,6.5,6.5,6,0.38,0.1,1.27,0.32,0.89,3.68,0.92,0.22,Marc,6.5,22,8,2,0.5,1,False,18.8,64,11,388,False,113.2,23,5,,360,,None,60,66,6,p209036,0,0,None,0,,209036.jpg,6.5,24,9,False,363,None,62.4,"[{'offset': 0, 'projected_percent': '65.0', 'likelihood': 3}, {'offset': 1, 'projected_percent': '69.9', 'likelihood': 3}, {'offset': 2, 'projected_percent': '74.7', 'likelihood': 3}]",17,0,241,False,0,0.0,,[],Guéhi,18.5,21,6,False,None,4,1.0,a,3,15,43,2026-01-19,32.0,119,32,26,466817,70946,400467,61203,1.1,4.3,Guéhi,0
0,1998-08-27,1,38,True,True,100,100,1,0.73,10,465351,None,,0,0,-1,1,3.0,298,106,12,8.78,None,,0,2,2.5,2.5,9,0.05,0.04,0.05,0.04,0.00,1.10,0.8,0.0,Matheus,2.5,150,55,0,0.0,0,False,4.2,275,103,389,False,35.0,205,86,Matheus Nunes,123,,2026-08-27T11:30:08.171622Z,59,93,9,p465351,0,0,4,0,,465351.jpg,5.0,50,22,False,33,None,-28.8,"[{'offset': 0, 'projected_percent': '-26.2', 'likelihood': -2}, {'offset': 1, 'projected_percent': '-21.5', 'likelihood': -2}, {'offset': 2, 'projected_percent': '-16.9', 'likelihood': -1}]",10,0,173,False,0,0.0,,[],Nunes,1.0,185,70,False,None,1,0.73,a,2,15,43,2023-09-01,4.0,291,110,10,11673,5762,70391,3472,0.4,1.7,Matheus N.,0
0,1997-05-14,0,79,True,True,None,None,2,0.5,21,171314,None,,0,0,0,0,47.0,100,25,22,5.5,None,,0,2,4.0,4.0,6,0.74,0.18,0.83,0.2,0.09,3.68,0.92,0.02,Rúben,4.0,79,32,2,0.5,0,False,17.5,72,17,390,False,89.4,62,25,Rúben Dias,360,,None,55,128,13,p171314,0,0,None,0,,171314.jpg,4.0,92,39,False,115,None,3.7,"[{'offset': 0, 'projected_percent': '4.5', 'likelihood': 1}, {'offset': 1, 'projected_percent': '6.1', 'likelihood': 1}, {'offset': 2, 'projected_percent': '7.6', 'likelihood': 1}]",16,0,173,False,0,0.0,,[],dos Santos Gato Alves Dias,1.9,132,54,False,None,4,1.0,a,1,15,43,2020-09-29,39.0,102,26,16,59003,17697,63195,9141,0.7,2.9,Rúben,0
2,2002-01-23,6,113,True,True,None,None,2,0.52,13,477424,None,,1,-1,2,-2,52.1,89,22,24,6.28,None,,0,2,8.2,8.2,11,0.11,0.03,0.33,0.09,0.22,3.68,0.96,0.06,Joško,8.2,3,2,2,0.52,1,False,19.3,61,9,391,True,110.4,26,8,,344,,None,57,118,12,p477424,0,0,None,0,,477424.jpg,8.2,4,2,False,4976,None,44.0,"[{'offset': 0, 'projected_percent': '57.1', 'likelihood': 3}, {'offset': 1, 'projected_percent': '81.6', 'likelihood': 3}, {'offset': 2, 'projected_percent': '106.1', 'likelihood': 5}]",15,0,97,False,0,0.0,,[],Gvardiol,25.1,10,2,False,None,4,1.05,a,11,15,43,2023-08-05,30.0,123,34,33,1550166,457674,352512,33385,1.4,5.8,Gvardiol,1
0,2001-06-06,0,0,True,True,None,None,0,0,0,448514,None,,0,0,-2,2,0.0,615,212,0,0,None,,0,2,0.0,0.0,0,0.00,0,0.00,0,0.00,0.00,0,0,Rayan,0.0,618,212,0,0,0,False,0.0,614,212,392,False,0.0,609,212,,0,,None,53,229,32,p448514,0,0,None,0,,448514.jpg,0.0,618,212,False,-33,None,-57.5,"[{'offset': 0, 'projected_percent': '-63.3', 'likelihood': -3}, {'offset': 1, 'projected_percent': '-74.0', 'likelihood': -3}, {'offset': 2, 'projected_percent': '-84.7', 'likelihood': -3}]",0,0,3,False,0,0,,[],Aït-Nouri,0.4,264,97,False,None,0,0,a,0,15,43,2025-06-09,0.0,594,209,0,7144,1153,58422,5243,0.0,0.0,Aït-Nouri,0
0,2004-02-29,0,53,True,True,None,None,1,0.34,9,578153,None,,-1,1,-1,1,12.6,232,82,17,5.71,None,,0,2,2.2,2.2,0,0.06,0.02,0.06,0.02,0.00,2.68,0.9,0.0,Abdukodir,2.2,162,60,2,0.67,0,False,6.8,225,82,393,False,51.6,151,68,,268,,None,54,223,29,p578153,0,0,None,0,,578153.jpg,3.0,147,59,False,-117,None,-6.5,"[{'offset': 0, 'projected_percent': '-10.0', 'likelihood': -1}, {'offset': 1, 'projected_percent': '-16.6', 'likelihood': -1}, {'offset': 2, 'projected_percent': '-23.2', 'likelihood': -2}]",13,0,231,False,0,0.0,,[],Khusanov,1.4,153,62,False,None,3,1.01,a,8,15,43,2025-01-20,4.0,289,109,9,24906,2913,69117,16127,0.4,1.7,Khusanov,1
0,2005-07-21,0,0,False,True,0,0,0,0,0,494307,None,,0,0,0,0,0.0,598,211,0,0,None,,0,2,0.0,0.0,0,0.00,0,0.00,0,0.00,0.00,0,0,Max,0.0,601,211,0,0,0,False,0.0,596,211,394,False,0.0,591,211,,0,Has joined Burnley on loan for the rest of the season,2026-08-18T14:11:56.324656Z,50,307,54,p494307,0,0,None,0,,494307.jpg,0.0,601,211,False,-1,None,0.0,"[{'offset': 0, 'projected_percent': '0.0', 'likelihood': 0}, {'offset': 1, 'projected_percent': '0.0', 'likelihood': 0}, {'offset': 2, 'projected_percent': '0.0', 'likelihood': 0}]",0,0,241,False,0,0,,[],Alleyne,0.0,636,212,False,None,0,0,u,0,15,43,2022-12-16,0.0,573,208,0,0,0,591,32,0.0,0.0,Alleyne,0
0,2004-11-21,0,-1,True,True,None,None,0,0.0,2,477064,None,,0,0,-1,1,3.8,286,101,2,3.21,None,,0,2,0.2,0.2,0,0.02,0.03,0.19,0.3,0.17,0.55,0.88,0.27,Rico,0.2,367,135,1,1.61,0,False,4.7,266,100,395,False,3.8,347,132,,56,,None,44,569,153,p477064,0,0,None,0,,477064.jpg,1.0,297,113,False,-10,None,-30.5,"[{'offset': 0, 'projected_percent': '-34.3', 'likelihood': -2}, {'offset': 1, 'projected_percent': '-41.5', 'likelihood': -3}, {'offset': 2, 'projected_percent': '-48.6', 'likelihood': -3}]",0,0,241,False,0,0.0,,[],Lewis,0.2,333,123,False,None,1,1.61,a,0,15,43,2022-07-16,39.0,101,25,1,7804,995,14657,2322,0.0,0.2,Lewis,0
0,2006-01-12,0,3,True,True,None,None,0,0.0,0,616222,None,,0,0,0,0,0.9,338,126,0,0.0,None,,0,2,0.2,0.2,0,0.00,0.0,0.00,0.0,0.00,0.00,0.0,0.0,Vitor,0.2,373,139,0,0.0,0,False,0.2,382,138,396,False,1.2,374,138,Vitor Reis,1,,None,45,537,136,p616222,0,0,None,0,,616222.jpg,1.0,308,121,False,-2,None,-69.7,"[{'offset': 0, 'projected_percent': '-74.4', 'likelihood': -3}, {'offset': 1, 'projected_percent': '-83.1', 'likelihood': -3}, {'offset': 2, 'projected_percent': '-91.9', 'likelihood': -3}]",0,0,30,False,0,0.0,,[],de Oliveira Nunes dos Reis,0.0,530,185,False,None,0,0.0,a,0,15,43,2025-01-21,0.0,474,190,1,460,136,1008,223,0.0,0.2,Vitor Reis,0
2,2000-01-07,0,82,True,True,None,None,2,0.5,0,437730,None,,0,0,-1,1,113.9,19,18,15,3.75,None,,0,3,4.0,4.0,3,0.99,0.25,1.16,0.29,0.17,3.68,0.92,0.04,Antoine,4.0,83,35,2,0.5,0,False,26.2,25,18,397,False,59.8,124,39,,360,,None,84,6,4,p437730,0,0,2,0,,437730.jpg,4.0,100,40,False,-887,None,-44.0,"[{'offset': 0, 'projected_percent': '-48.5', 'likelihood': -3}, {'offset': 1, 'projected_percent': '-56.7', 'likelihood': -3}, {'offset': 2, 'projected_percent': '-64.9', 'likelihood': -3}]",11,0,81,False,0,0.0,,[],Semenyo,15.0,25,9,False,None,4,1.0,a,4,15,43,2026-01-09,88.0,28,16,16,182513,29021,1105326,139463,0.5,1.9,Semenyo,0
2,2000-05-28,1,52,True,True,0,None,0,0.0,2,209244,2,,-1,1,-1,1,122.3,12,11,14,5.81,2,,0,3,0.0,2.2,-2,0.88,0.36,2.49,1.03,1.61,1.91,0.79,0.67,Phil,2.2,166,76,2,0.83,0,False,22.3,40,29,398,False,57.6,133,45,,217,Suspended until 17 Oct,2026-09-13T17:00:09.433455Z,69,29,18,p209244,0,0,None,0,,209244.jpg,2.2,198,86,False,-2328,None,-6.7,"[{'offset': 0, 'projected_percent': '-21.8', 'likelihood': -2}, {'offset': 1, 'projected_percent': '-50.0', 'likelihood': -3}, {'offset': 2, 'projected_percent': '-78.1', 'likelihood': -3}]",8,1,241,False,0,0.0,,[],Foden,2.4,118,36,False,None,3,1.24,s,4,15,43,2016-12-05,45.0,89,49,9,303214,2024,489699,158612,0.3,1.3,Foden,1
2,2003-08-17,4,115,True,True,None,None,1,0.41,1,466052,1,,0,0,3,-3,155.4,5,5,7,2.89,1,,1,3,6.5,6.5,1,1.41,0.58,2.00,0.82,0.59,1.82,0.75,0.24,Rayan,6.5,23,11,1,0.41,2,False,36.0,9,7,399,False,123.0,15,10,,218,,None,78,13,9,p466052,0,0,None,0,,466052.jpg,6.5,25,12,False,-464,None,-62.1,"[{'offset': 0, 'projected_percent': '-65.4', 'likelihood': -3}, {'offset': 1, 'projected_percent': '-71.6', 'likelihood': -3}, {'offset': 2, 'projected_percent': '-77.8', 'likelihood': -3}]",6,0,73,False,0,0.0,,[],Cherki,28.1,8,4,False,None,3,1.24,a,0,15,43,2025-06-10,81.0,36,20,26,2507692,123535,816077,238370,0.8,3.3,Cherki,1
0,2002-05-27,0,0,True,True,0,0,0,0,0,248875,None,,0,0,-1,1,0.0,656,294,0,0,None,,0,3,0.0,0.0,0,0.00,0,0.00,0,0.00,0.00,0,0,Jérémy,0.0,655,293,0,0,0,False,0.0,656,294,400,False,0.0,656,294,,0,Calf injury - Expected back 20 Sep,2026-08-18T17:00:08.385597Z,74,19,12,p248875,0,0,3,0,,248875.jpg,0.0,655,293,False,-52,None,-78.2,"[{'offset': 0, 'projected_percent': '-80.3', 'likelihood': -3}, {'offset': 1, 'projected_percent': '-84.2', 'likelihood': -3}, {'offset': 2, 'projected_percent': '-88.1', 'likelihood': -3}]",0,0,21,False,0,0,https://www.mancity.com/news/mens/enzo-maresca-manchester-united-v-city-team-news-update-63924715,[],Doku,0.7,226,70,False,None,0,0,i,0,15,43,2023-08-24,0.0,656,294,0,1407,211,125268,6153,0.0,0.0,Doku,0
0,1996-06-22,0,0,False,True,0,0,0,0,0,220566,None,,0,0,0,0,0.0,654,292,0,0,None,,0,3,0.0,0.0,0,0.00,0,0.00,0,0.00,0.00,0,0,Rodrigo 'Rodri',0.0,653,291,0,0,0,False,0.0,653,292,402,False,0.0,653,292,Rodri,0,Has joined Barcelona permanently,2026-07-23T12:01:23.675537Z,65,36,24,p220566,0,0,None,0,,220566.jpg,0.0,653,291,False,0,None,0.0,"[{'offset': 0, 'projected_percent': '0.0', 'likelihood': 0}, {'offset': 1, 'projected_percent': '0.0', 'likelihood': 0}, {'offset': 2, 'projected_percent': '0.0', 'likelihood': 0}]",0,0,200,False,0,0,,[],Hernandez Cascante,0.0,602,254,False,None,0,0,u,0,15,43,2019-07-04,0.0,652,292,0,0,0,1199,47,0.0,0.0,Rodrigo,0
0,1998-07-29,0,0,False,True,0,0,0,0,0,433036,None,,0,0,0,0,0.0,650,288,0,0,None,,0,3,0.0,0.0,0,0.00,0,0.00,0,0.00,0.00,0,0,Tijjani,0.0,649,287,0,0,0,False,0.0,649,288,404,False,0.0,647,288,,0,Has joined Al Qadsiah permanently,2026-08-20T14:02:58.154273Z,60,70,48,p433036,0,0,None,0,,433036.jpg,0.0,649,287,False,0,None,0.0,"[{'offset': 0, 'projected_percent': '0.0', 'likelihood': 0}, {'offset': 1, 'projected_percent': '0.0', 'likelihood': 0}, {'offset': 2, 'projected_percent': '0.0', 'likelihood': 0}]",0,0,152,False,0,0,,[],Reijnders,0.0,518,208,False,None,0,0,u,0,15,43,2025-06-10,0.0,646,287,0,0,0,8063,202,0.0,0.0,Reijnders,0
0,1994-05-06,0,12,True,True,None,None,0,0.0,0,91651,None,,0,0,-1,1,5.2,269,140,2,4.29,None,,0,3,0.5,0.5,0,0.02,0.04,0.02,0.04,0.00,0.10,0.21,0.0,Mateo,0.5,346,159,0,0.0,0,False,0.9,353,163,406,False,4.2,346,158,,42,,None,54,173,108,p91651,0,0,None,0,,91651.jpg,1.0,351,160,False,-7,None,-56.2,"[{'offset': 0, 'projected_percent': '-62.5', 'likelihood': -3}, {'offset': 1, 'projected_percent': '-74.4', 'likelihood': -3}, {'offset': 2, 'projected_percent': '-86.2', 'likelihood': -3}]",2,0,97,False,0,0.0,,[],Kovačić,0.1,448,172,False,None,0,0.0,a,0,15,43,2023-06-27,0.0,600,256,2,2118,217,5704,847,0.1,0.4,Kovačić,0
0,2006-01-02,0,0,False,True,0,0,0,0,0,575204,None,,0,0,-1,1,0.0,563,240,0,0,None,,0,3,0.0,0.0,0,0.00,0,0.00,0,0.00,0.00,0,0,Claudio,0.0,572,239,0,0,0,False,0.0,567,237,407,False,0.0,562,235,,0,Has joined Benfica on loan for the rest of the season,2026-09-03T15:41:24.710479Z,49,407,245,p575204,0,0,None,0,,575204.jpg,0.0,572,239,False,0,None,0.0,"[{'offset': 0, 'projected_percent': '0.0', 'likelihood': 0}, {'offset': 1, 'projected_percent': '0.0', 'likelihood': 0}, {'offset': 2, 'projected_percent': '0.0', 'likelihood': 0}]",0,0,10,False,0,0,,[],Echeverri,0.0,609,259,False,None,0,0,u,0,15,43,2024-01-25,0.0,527,215,0,250,0,1275,122,0.0,0.0,Echeverri,0
0,1995-12-02,0,0,False,True,0,0,0,0,0,155405,None,,0,0,0,0,0.0,569,243,0,0,None,,0,3,0.0,0.0,0,0.00,0,0.00,0,0.00,0.00,0,0,Kalvin,0.0,577,242,0,0,0,False,0.0,572,240,408,False,0.0,567,238,,0,Has joined Sheffield United on loan for the rest of the season,2026-08-18T14:11:56.348781Z,50,248,154,p155405,0,0,None,0,,155405.jpg,0.0,577,242,False,0,None,0.0,"[{'offset': 0, 'projected_percent': '0.0', 'likelihood': 0}, {'offset': 1, 'projected_percent': '0.0', 'likelihood': 0}, {'offset': 2, 'projected_percent': '0.0', 'likelihood': 0}]",0,0,241,False,0,0,,[],Phillips,0.0,634,275,False,None,0,0,u,0,15,43,2022-07-04,0.0,540,224,0,0,0,555,35,0.0,0.0,Phillips,0
0,2007-08-22,0,0,False,True,0,0,0,0,0,590039,None,,0,0,0,0,0.0,507,205,0,0,None,,0,3,0.0,0.0,0,0.00,0,0.00,0,0.00,0.00,0,0,Divine,0.0,524,206,0,0,0,False,0.0,513,200,409,False,0.0,508,198,,0,has joined West Ham on loan for the rest of the seaon.,2026-09-03T10:34:10.733520Z,45,525,274,p590039,0,0,None,0,,590039.jpg,0.0,524,206,False,-7,None,0.0,"[{'offset': 0, 'projected_percent': '0.0', 'likelihood': 0}, {'offset': 1, 'projected_percent': '0.0', 'likelihood': 0}, {'offset': 2, 'projected_percent': '0.0', 'likelihood': 0}]",0,0,241,False,0,0,,[],Mukasa,0.1,429,164,False,None,0,0,u,0,15,43,2025-08-07,0.0,464,177,0,1621,0,11294,1425,0.0,0.0,Mukasa,0
0,2009-07-10,0,0,False,True,0,0,0,0,0,649208,None,,0,0,-1,1,0.0,565,241,0,0,None,,0,3,0.0,0.0,0,0.00,0,0.00,0,0.00,0.00,0,0,Jeremy,0.0,574,240,0,0,0,False,0.0,569,238,410,False,0.0,564,236,,0,Has joined Swansea City on loan for the rest of the season,2026-09-02T16:02:01.136760Z,49,415,252,p649208,0,0,None,0,,649208.jpg,0.0,574,240,False,0,None,0.0,"[{'offset': 0, 'projected_percent': '0.0', 'likelihood': 0}, {'offset': 1, 'projected_percent': '0.0', 'likelihood': 0}, {'offset': 2, 'projected_percent': '0.0', 'likelihood': 0}]",0,0,241,False,0,0,,[],Monga,0.0,612,261,False,None,0,0,u,0,15,43,2026-07-11,0.0,534,221,0,219,0,1201,103,0.0,0.0,Monga,0
0,2000-07-21,9,142,True,True,None,None,2,0.5,8,223094,None,,1,-1,1,-1,20.5,193,23,18,4.5,None,,2,4,8.2,8.2,9,0.51,0.13,3.84,0.96,3.33,3.68,0.92,0.83,Erling,8.2,5,2,2,0.5,4,False,37.7,6,1,411,True,155.6,3,2,,360,,None,156,1,1,p223094,0,0,1,0,,223094.jpg,8.2,6,2,False,1274,None,1.5,"[{'offset': 0, 'projected_percent': '4.9', 'likelihood': 1}, {'offset': 1, 'projected_percent': '11.2', 'likelihood': 1}, {'offset': 2, 'projected_percent': '17.4', 'likelihood': 1}]",10,0,161,False,0,0.0,,[],Haaland,73.0,1,1,False,None,4,1.0,a,0,15,43,2022-07-01,201.0,2,1,33,802289,153924,298433,21196,0.5,2.1,Haaland,0
0,2002-11-06,0,80,True,True,100,100,2,0.56,14,215379,3,,0,0,-2,2,72.4,51,42,45,12.54,None,,0,3,3.2,3.2,5,0.65,0.18,0.74,0.21,0.09,3.58,1.0,0.03,Elliot,3.2,110,46,2,0.56,0,False,16.5,82,50,481,False,74.0,87,26,,323,,2026-08-23T17:00:07.952697Z,63,48,33,p215379,0,0,None,0,,215379.jpg,3.2,132,53,False,-77,None,-15.6,"[{'offset': 0, 'projected_percent': '-17.0', 'likelihood': -1}, {'offset': 1, 'projected_percent': '-19.5', 'likelihood': -1}, {'offset': 2, 'projected_percent': '-22.0', 'likelihood': -2}]",20,0,241,False,0,0.0,,[],Anderson,4.2,80,27,False,None,4,1.11,a,11,15,43,2026-07-02,18.0,167,87,13,92721,24976,410564,31235,0.5,2.1,Anderson,1
0,1992-05-20,0,0,True,True,None,None,0,0,0,106921,None,,0,0,0,0,0.0,567,61,0,0,None,,0,1,0.0,0.0,0,0.00,0,0.00,0,0.00,0.00,0,0,Gerónimo,0.0,575,69,0,0,0,False,0.0,570,69,587,False,0.0,565,69,,0,,None,50,243,7,p106921,0,0,None,0,,106921.jpg,0.0,575,69,False,0,None,-77.1,"[{'offset': 0, 'projected_percent': '-77.1', 'likelihood': -3}, {'offset': 1, 'projected_percent': '-77.1', 'likelihood': -3}, {'offset': 2, 'projected_percent': '-77.1', 'likelihood': -3}]",0,0,10,False,0,0,,[],Rulli,0.0,565,65,False,None,0,0,a,0,15,43,2026-08-12,0.0,538,60,0,511,141,991,171,0.0,0.0,Rulli,0
0,2007-10-02,0,8,True,True,None,None,0,0.0,3,637238,None,,0,0,0,0,4.8,278,145,6,24.55,None,,0,3,0.7,0.7,0,0.12,0.49,0.12,0.49,0.00,0.37,1.51,0.0,Ayyoub,0.7,316,149,0,0.0,0,False,1.8,329,150,616,False,13.0,280,118,,22,,None,55,171,107,p637238,0,0,None,0,,637238.jpg,1.0,370,172,False,4,None,0.2,"[{'offset': 0, 'projected_percent': '0.2', 'likelihood': 1}, {'offset': 1, 'projected_percent': '0.2', 'likelihood': 1}, {'offset': 2, 'projected_percent': '0.3', 'likelihood': 1}]",3,0,145,False,0,0.0,,[],Bouaddi,0.2,352,127,False,None,0,0.0,a,0,15,43,2026-08-26,0.0,631,277,2,19845,2592,11041,3472,0.1,0.4,Bouaddi,0
0,2008-06-24,0,8,True,True,None,None,0,0.0,0,616288,None,,0,0,0,0,0.5,354,174,4,32.73,None,,0,3,0.7,0.7,0,0.00,0.0,0.10,0.82,0.10,0.02,0.16,0.82,Ryan,0.7,315,148,0,0.0,0,False,0.8,359,166,621,False,5.2,334,152,,11,,None,45,538,281,p616288,0,0,None,0,,616288.jpg,1.0,309,131,False,-18,None,-31.8,"[{'offset': 0, 'projected_percent': '-43.9', 'likelihood': -3}, {'offset': 1, 'projected_percent': '-66.4', 'likelihood': -3}, {'offset': 2, 'projected_percent': '-88.8', 'likelihood': -3}]",2,0,241,False,0,0.0,,[],McAidoo,0.1,404,148,False,None,0,0.0,a,2,15,43,2025-09-26,3.0,294,144,2,11086,822,5858,1707,0.2,0.4,McAidoo,0
0,2008-02-08,0,3,True,True,None,None,0,0.0,0,554054,None,,0,0,0,0,0.8,341,128,0,0.0,None,,0,2,0.3,0.3,0,0.00,0.0,0.00,0.0,0.00,0.00,0.0,0.0,Kaden,0.3,359,127,0,0.0,0,False,0.1,386,139,622,False,0.6,381,140,,1,,None,40,641,198,p554054,0,0,None,0,,554054.jpg,1.0,287,104,False,0,None,-2.3,"[{'offset': 0, 'projected_percent': '-2.3', 'likelihood': -1}, {'offset': 1, 'projected_percent': '-2.3', 'likelihood': -1}, {'offset': 2, 'projected_percent': '-2.3', 'likelihood': -1}]",1,0,241,False,0,0.0,,[],Braithwaite,0.2,353,132,False,None,0,0.0,a,0,15,43,2024-09-23,0.0,367,146,1,15980,2076,7305,2379,0.1,0.2,Braithwaite,0
0,2004-04-19,0,0,True,True,None,None,0,0,0,624777,None,,0,0,0,0,0.0,651,289,0,0,None,,0,3,0.0,0.0,0,0.00,0,0.00,0,0.00,0.00,0,0,Allan,0.0,650,288,0,0,0,False,0.0,650,289,628,False,0.0,650,289,Allan,0,,None,60,78,50,p624777,0,0,None,0,,624777.jpg,0.0,650,288,False,2,None,0.0,"[{'offset': 0, 'projected_percent': '0.0', 'likelihood': 0}, {'offset': 1, 'projected_percent': '0.1', 'likelihood': 1}, {'offset': 2, 'projected_percent': '0.1', 'likelihood': 1}]",0,0,30,False,0,0,,[],Andrade Elias,0.0,613,262,False,None,0,0,a,0,15,43,2026-08-31,0.0,648,288,0,886,277,496,217,0.0,0.0,Allan,0
0,2009-01-15,0,0,True,True,None,None,0,0,0,595480,None,,0,0,0,0,0.0,510,207,0,0,None,,0,3,0.0,0.0,0,0.00,0,0.00,0,0.00,0.00,0,0,Floyd,0.0,527,208,0,0,0,False,0.0,516,202,653,False,0.0,511,200,Floyd Samba,0,,None,45,528,276,p595480,0,0,None,0,,595480.jpg,0.0,527,208,False,0,2026-09-18T19:49:28.106817Z,0.0,"[{'offset': 0, 'projected_percent': '0.0', 'likelihood': 0}, {'offset': 1, 'projected_percent': '0.0', 'likelihood': 0}, {'offset': 2, 'projected_percent': '0.0', 'likelihood': 0}]",0,0,241,False,0,0,,[],Samba,0.0,517,207,False,None,0,0,a,0,15,43,2026-02-13,0.0,467,179,0,3515,617,1612,804,0.0,0.0,Samba,0
0,1997-05-07,0,71,True,True,100,100,0,0.0,9,166989,None,,-1,1,-2,2,90.3,32,28,30,8.65,None,,0,3,2.5,2.5,2,0.32,0.09,0.88,0.25,0.56,4.54,1.31,0.16,Youri,2.5,149,65,7,2.02,0,False,19.7,54,39,43,False,69.0,100,33,,312,,2026-07-23T12:01:23.321726Z,58,102,65,p166989,0,0,3,0,,166989.jpg,2.5,176,74,False,-174,None,-10.8,"[{'offset': 0, 'projected_percent': '-15.6', 'likelihood': -1}, {'offset': 1, 'projected_percent': '-24.7', 'likelihood': -2}, {'offset': 2, 'projected_percent': '-33.8', 'likelihood': -2}]",17,0,21,False,0,0.0,,[],Tielemans,1.6,148,47,False,None,4,1.15,a,4,16,1,2026-07-14,37.0,109,59,10,40478,7201,146265,20818,0.4,1.7,Tielemans,0
0,2004-01-03,0,0,True,True,0,0,0,0,0,535301,None,,-1,1,-1,1,0.0,558,235,0,0,None,,0,3,0.0,0.0,0,0.00,0,0.00,0,0.00,0.00,0,0,Carlos,0.0,568,235,0,0,0,False,0.0,561,231,131,False,0.0,556,229,,0,Ankle injury - Expected back 19 Sep,2026-08-06T16:00:10.997714Z,49,399,238,p535301,0,0,None,0,,535301.jpg,0.0,568,235,False,-7,None,-4.4,"[{'offset': 0, 'projected_percent': '-5.3', 'likelihood': -1}, {'offset': 1, 'projected_percent': '-7.1', 'likelihood': -1}, {'offset': 2, 'projected_percent': '-8.8', 'likelihood': -1}]",0,0,38,False,0,0,,[],Baleba,0.1,394,145,False,None,0,0,i,0,16,1,2026-08-25,0.0,521,209,0,5346,543,13430,1505,0.0,0.0,Baleba,0
0,2004-05-03,0,23,True,True,None,None,0,0.0,7,532605,None,,-1,1,-2,2,5.5,266,138,18,19.76,None,,0,3,1.0,1.0,0,0.24,0.26,0.24,0.26,0.00,2.03,2.23,0.0,Andrey,1.0,262,119,4,4.39,0,False,3.9,281,123,162,False,24.8,238,99,Andrey Santos,82,,None,48,422,257,p532605,0,0,None,0,,532605.jpg,1.3,267,122,False,-81,None,-18.9,"[{'offset': 0, 'projected_percent': '-24.7', 'likelihood': -2}, {'offset': 1, 'projected_percent': '-35.5', 'likelihood': -2}, {'offset': 2, 'projected_percent': '-46.3', 'likelihood': -3}]",7,0,30,False,0,0.0,,[],Nascimento dos Santos,0.6,233,74,False,None,1,1.1,a,4,16,1,2026-07-13,8.0,238,119,4,20865,2536,66702,10544,0.2,0.8,Andrey Santos,0
0,1990-10-08,0,0,True,True,100,100,0,0,0,59735,None,,0,0,0,0,0.0,451,31,0,0,None,,0,1,0.0,0.0,0,0.00,0,0.00,0,0.00,0.00,0,0,Karl,0.0,474,50,0,0,0,False,0.0,462,50,325,False,0.0,457,50,,0,,2026-07-23T12:01:23.549136Z,45,427,23,p59735,0,0,None,0,,59735.jpg,0.0,474,50,False,-2,None,-18.0,"[{'offset': 0, 'projected_percent': '-21.8', 'likelihood': -2}, {'offset': 1, 'projected_percent': '-28.8', 'likelihood': -2}, {'offset': 2, 'projected_percent': '-35.7', 'likelihood': -2}]",0,0,244,False,0,0,,[],Darlow,0.0,507,57,False,None,0,0,a,0,16,1,2026-06-14,0.0,399,27,0,988,150,1338,274,0.0,0.0,Darlow,0
0,2002-07-07,0,36,True,True,None,None,0,0.0,5,465247,None,,-1,1,-1,1,0.0,553,58,0,0.0,None,,0,1,1.8,1.8,2,0.00,0.0,0.00,0.0,0.00,5.18,1.3,0.0,Senne,1.8,207,17,7,1.75,0,False,8.6,195,11,412,False,85.6,67,10,,360,,None,49,385,20,p465247,0,0,None,0,,465247.jpg,1.8,237,20,False,-569,None,-11.2,"[{'offset': 0, 'projected_percent': '-13.6', 'likelihood': -1}, {'offset': 1, 'projected_percent': '-18.0', 'likelihood': -1}, {'offset': 2, 'projected_percent': '-22.4', 'likelihood': -2}]",33,0,21,False,10,2.5,,[],Lammens,10.4,38,6,False,None,4,1.0,a,0,16,1,2025-09-01,0.0,516,56,7,90473,12180,616070,97803,0.4,1.4,Lammens,0
0,1998-04-14,0,0,False,True,0,0,0,0,0,451302,None,,0,0,0,0,0.0,476,45,0,0,None,,0,1,0.0,0.0,0,0.00,0,0.00,0,0.00,0.00,0,0,Altay,0.0,495,60,0,0,0,False,0.0,483,60,413,False,0.0,478,60,,0,Has joined Celta Vigo on loan for the rest of the season,2026-08-10T14:02:28.608415Z,45,481,37,p451302,0,0,None,0,,451302.jpg,0.0,495,60,False,0,None,0.0,"[{'offset': 0, 'projected_percent': '0.0', 'likelihood': 0}, {'offset': 1, 'projected_percent': '0.0', 'likelihood': 0}, {'offset': 2, 'projected_percent': '0.0', 'likelihood': 0}]",0,0,219,False,0,0,,[],Bayındır,0.0,601,69,False,None,0,0,u,0,16,1,2023-09-01,0.0,429,41,0,0,0,1105,88,0.0,0.0,Bayindir,0
0,1986-04-15,0,0,True,True,0,0,0,0,0,21205,None,,0,0,0,0,0.0,382,5,0,0,None,,0,1,0.0,0.0,0,0.00,0,0.00,0,0.00,0.00,0,0,Tom,0.0,407,24,0,0,0,False,0.0,394,24,414,False,0.0,390,24,,0,Hamstring injury - Unknown return date,2026-08-15T16:00:07.854151Z,40,583,49,p21205,0,0,None,0,,21205.jpg,0.0,407,24,False,-1,None,-28.8,"[{'offset': 0, 'projected_percent': '-29.2', 'likelihood': -2}, {'offset': 1, 'projected_percent': '-29.9', 'likelihood': -2}, {'offset': 2, 'projected_percent': '-30.6', 'likelihood': -2}]",0,0,241,False,0,0,,[],Heaton,0.1,442,49,False,None,0,0,i,0,16,1,2021-07-02,0.0,322,1,0,1847,302,3187,391,0.0,0.0,Heaton,0
0,2004-10-26,0,15,True,True,None,None,0,0.0,6,596777,None,,0,0,-2,2,32.9,148,91,18,9.82,None,,0,3,1.5,1.5,4,0.08,0.04,0.73,0.39,0.65,3.38,1.84,0.35,Patrick,1.5,237,109,6,3.27,0,False,11.5,148,72,415,False,30.8,220,85,,165,,None,58,114,73,p596777,0,0,None,0,,596777.jpg,1.5,264,119,False,-72,None,-52.7,"[{'offset': 0, 'projected_percent': '-62.4', 'likelihood': -3}, {'offset': 1, 'projected_percent': '-80.4', 'likelihood': -3}, {'offset': 2, 'projected_percent': '-98.4', 'likelihood': -4}]",4,0,58,False,0,0.0,,[],Dorgu,0.6,242,78,False,None,2,1.09,a,8,16,1,2025-02-02,61.0,57,37,6,12665,2564,91742,7350,0.3,1.0,Dorgu,1
0,1999-08-12,0,0,True,True,0,0,0,0,0,209365,None,,0,0,0,0,0.0,573,205,0,0,None,,0,2,0.0,0.0,0,0.00,0,0.00,0,0.00,0.00,0,0,Matthijs,0.0,579,205,0,0,0,False,0.0,574,205,416,False,0.0,569,205,,0,Back injury - Unknown return date,2026-07-23T12:01:23.690880Z,50,259,38,p209365,0,0,None,0,,209365.jpg,0.0,579,205,False,0,None,-83.2,"[{'offset': 0, 'projected_percent': '-83.2', 'likelihood': -3}, {'offset': 1, 'projected_percent': '-83.2', 'likelihood': -3}, {'offset': 2, 'projected_percent': '-83.2', 'likelihood': -3}]",0,0,152,False,0,0,https://www.manutd.com/en/news/team-news-for-man-utd-hull-opener-aug-2026,[],de Ligt,0.0,559,190,False,None,0,0,i,0,16,1,2024-08-13,0.0,545,202,0,369,69,1409,184,0.0,0.0,De Ligt,0
0,1999-03-18,0,35,True,True,None,None,0,0.0,9,216051,None,,0,0,-1,1,92.7,30,4,14,4.92,None,,0,2,1.5,1.5,2,0.18,0.06,0.36,0.12,0.18,3.08,1.08,0.06,Diogo,1.5,223,86,3,1.05,0,False,17.1,74,19,417,False,35.0,203,85,Diogo Dalot,256,,None,49,364,65,p216051,0,0,None,0,,216051.jpg,1.5,252,93,False,-160,None,-43.9,"[{'offset': 0, 'projected_percent': '-50.9', 'likelihood': -3}, {'offset': 1, 'projected_percent': '-63.9', 'likelihood': -3}, {'offset': 2, 'projected_percent': '-76.9', 'likelihood': -3}]",14,0,173,False,0,0.0,,[],Dalot Teixeira,1.7,142,57,False,None,3,1.05,a,5,16,1,2018-06-08,42.0,95,21,6,24302,3219,124179,15860,0.3,1.2,Dalot,1
1,1993-03-05,0,33,True,True,None,None,0,0.0,24,95658,None,,0,0,-1,1,33.0,146,44,26,6.5,None,,0,2,2.0,2.0,1,0.43,0.11,0.62,0.16,0.19,5.18,1.3,0.05,Harry,2.0,174,67,7,1.75,0,False,14.0,113,41,418,False,68.8,102,46,,360,,None,49,346,60,p95658,0,0,None,0,,95658.jpg,2.0,206,81,False,-1471,None,-57.4,"[{'offset': 0, 'projected_percent': '-68.8', 'likelihood': -3}, {'offset': 1, 'projected_percent': '-90.1', 'likelihood': -3}, {'offset': 2, 'projected_percent': '-111.3', 'likelihood': -5}]",17,0,241,False,0,0.0,,[],Maguire,9.6,40,14,False,None,4,1.0,a,2,16,1,2019-08-05,38.0,103,27,8,132167,12147,886691,113456,0.4,1.6,Maguire,2
0,1998-01-18,0,23,True,True,100,100,0,0.0,13,221820,None,,0,0,0,0,5.5,267,95,16,5.33,None,,0,2,1.5,1.5,2,0.14,0.05,0.20,0.07,0.06,4.17,1.39,0.02,Lisandro,1.5,229,87,5,1.67,0,False,7.0,218,80,419,False,54.0,141,64,Lisandro Martínez,270,,2026-07-24T20:00:10.337107Z,50,269,42,p221820,0,0,None,0,,221820.jpg,2.0,216,83,False,-1,None,-76.0,"[{'offset': 0, 'projected_percent': '-76.0', 'likelihood': -3}, {'offset': 1, 'projected_percent': '-76.2', 'likelihood': -3}, {'offset': 2, 'projected_percent': '-76.3', 'likelihood': -3}]",13,0,10,False,0,0.0,,[],Martínez,1.3,160,64,False,None,3,1.0,a,3,16,1,2022-07-17,10.0,224,78,6,31885,9475,59174,8014,0.3,1.2,Martinez,0
0,2005-11-13,0,-1,True,True,None,None,0,0.0,3,550864,None,,0,0,-1,1,2.4,307,111,5,20.45,None,,0,2,0.5,0.5,0,0.02,0.08,0.02,0.08,0.00,1.09,4.46,0.0,Leny,0.5,333,122,2,8.18,0,False,1.3,341,124,420,False,7.8,315,121,,22,,None,49,404,76,p550864,0,0,None,0,,550864.jpg,1.0,324,128,False,-28,None,-101.7,"[{'offset': 0, 'projected_percent': '-106.1', 'likelihood': -5}, {'offset': 1, 'projected_percent': '-114.3', 'likelihood': -5}, {'offset': 2, 'projected_percent': '-122.5', 'likelihood': -5}]",1,0,73,False,0,0.0,,[],Yoro,0.5,260,96,False,None,0,0.0,a,2,16,1,2024-07-19,2.0,303,114,2,4730,565,33105,4202,0.1,0.4,Yoro,0
0,2006-09-22,0,5,True,True,None,None,0,0.0,1,606745,None,,0,0,-1,1,2.6,303,108,2,2.0,None,,0,2,0.2,0.2,0,0.04,0.04,0.16,0.16,0.12,1.01,1.01,0.12,Ayden,0.2,369,137,2,2.0,0,False,2.0,324,117,421,False,6.8,320,122,,90,,None,44,578,158,p606745,0,0,None,0,,606745.jpg,1.0,299,115,False,-32,None,-58.8,"[{'offset': 0, 'projected_percent': '-67.4', 'likelihood': -3}, {'offset': 1, 'projected_percent': '-83.5', 'likelihood': -3}, {'offset': 2, 'projected_percent': '-99.6', 'likelihood': -4}]",4,0,241,False,0,0.0,,[],Heaven,0.3,301,110,False,None,1,1.0,a,1,16,1,2025-02-01,11.0,213,72,1,5693,536,21975,3025,0.0,0.2,Heaven,0
0,1997-11-14,0,6,True,True,None,None,0,0.0,4,230001,None,,0,0,-1,1,31.2,156,47,6,5.57,None,,0,2,0.8,0.8,0,0.06,0.06,0.28,0.26,0.22,2.08,1.93,0.2,Noussair,0.8,281,103,4,3.71,0,False,6.4,231,85,422,False,21.0,255,106,,97,,None,44,564,148,p230001,0,0,None,0,,230001.jpg,1.0,294,110,False,-26,None,-38.5,"[{'offset': 0, 'projected_percent': '-42.2', 'likelihood': -3}, {'offset': 1, 'projected_percent': '-49.1', 'likelihood': -3}, {'offset': 2, 'projected_percent': '-56.0', 'likelihood': -3}]",3,0,145,False,0,0.0,,[],Mazraoui,0.5,248,94,False,None,1,0.93,a,2,16,1,2024-08-13,11.0,212,71,3,13456,2256,36865,6694,0.2,0.7,Mazraoui,0
1,1995-07-12,0,47,True,True,75,75,0,0.0,14,106760,3,,0,0,-1,1,85.6,37,5,20,7.14,None,,0,2,1.4,1.4,0,0.51,0.18,0.53,0.19,0.02,3.01,1.08,0.01,Luke,1.8,195,71,4,1.43,0,False,18.4,68,13,423,False,86.0,66,29,,252,Unspecified injury - 75% chance of playing,2026-09-11T13:00:09.030120Z,44,551,139,p106760,0,0,None,0,,106760.jpg,2.3,178,69,False,-3703,None,-78.7,"[{'offset': 0, 'projected_percent': '-94.9', 'likelihood': -3}, {'offset': 1, 'projected_percent': '-125.0', 'likelihood': -5}, {'offset': 2, 'projected_percent': '-155.1', 'likelihood': -5}]",6,0,241,False,0,0.0,https://www.manutd.com/en/news/team-news-for-united-v-brighton-carabao-cup-third-round,[],Shaw,9.2,41,15,False,None,3,1.07,d,6,16,1,2014-07-01,13.0,199,66,7,97314,2057,1124353,255334,0.4,1.6,Shaw,1
0,2007-03-16,0,0,True,True,None,None,0,0,0,577974,None,,0,0,0,0,0.0,431,169,0,0,None,,0,2,0.0,0.0,0,0.00,0,0.00,0,0.00,0.00,0,0,Harry,0.0,454,171,0,0,0,False,0.0,442,169,424,False,0.0,437,169,,0,,None,40,647,204,p577974,0,0,None,0,,577974.jpg,0.0,454,171,False,1,None,-31.5,"[{'offset': 0, 'projected_percent': '-31.0', 'likelihood': -2}, {'offset': 1, 'projected_percent': '-30.2', 'likelihood': -2}, {'offset': 2, 'projected_percent': '-29.4', 'likelihood': -2}]",0,0,241,False,0,0,,[],Amass,0.2,336,126,False,None,0,0,a,0,16,1,2024-04-06,0.0,373,152,0,5718,1208,7760,1443,0.0,0.0,Amass,0
0,2005-02-23,0,0,False,True,0,0,0,0,0,547676,None,,0,0,0,0,0.0,423,161,0,0,None,,0,2,0.0,0.0,0,0.00,0,0.00,0,0.00,0.00,0,0,Tyler,0.0,446,163,0,0,0,False,0.0,434,161,425,False,0.0,429,161,,0,Has joined Lausanne-Sport permanently,2026-08-18T14:12:31.904433Z,40,637,194,p547676,0,0,None,0,,547676.jpg,0.0,446,163,False,0,None,0.0,"[{'offset': 0, 'projected_percent': '0.0', 'likelihood': 0}, {'offset': 1, 'projected_percent': '0.0', 'likelihood': 0}, {'offset': 2, 'projected_percent': '0.0', 'likelihood': 0}]",0,0,241,False,0,0,,[],Fredricson,0.0,597,203,False,None,0,0,u,0,16,1,2022-09-07,0.0,363,142,0,0,0,1260,99,0.0,0.0,Fredricson,0
1,1994-09-08,3,133,True,True,None,None,0,0.0,3,141746,1,,0,0,0,0,182.9,2,2,23,5.75,1,,1,3,7.2,7.2,2,1.13,0.28,3.41,0.85,2.28,5.18,1.3,0.57,Bruno,7.2,13,6,7,1.75,3,False,46.0,1,1,426,True,173.0,1,1,Bruno Fernandes,360,,None,120,2,1,p141746,0,0,1,0,,141746.jpg,7.2,15,7,False,-2376,None,-80.9,"[{'offset': 0, 'projected_percent': '-85.3', 'likelihood': -3}, {'offset': 1, 'projected_percent': '-93.4', 'likelihood': -3}, {'offset': 2, 'projected_percent': '-101.6', 'likelihood': -5}]",16,0,173,False,0,0.0,,[],Borges Fernandes,40.6,5,1,False,None,4,1.0,a,4,16,1,2020-01-30,104.0,21,11,29,600837,57465,1563524,261033,0.6,2.4,B.Fernandes,0
1,1999-08-07,3,87,True,True,None,None,0,0.0,5,446008,2,,0,0,-1,1,117.9,15,14,22,5.5,2,,0,3,5.8,5.8,2,0.55,0.14,3.35,0.84,2.80,5.18,1.3,0.7,Bryan,5.8,35,15,7,1.75,2,False,35.1,11,9,427,False,106.2,38,17,,360,,None,79,11,8,p446008,0,0,2,0,,446008.jpg,5.8,40,18,False,-2219,None,-39.7,"[{'offset': 0, 'projected_percent': '-47.2', 'likelihood': -3}, {'offset': 1, 'projected_percent': '-61.2', 'likelihood': -3}, {'offset': 2, 'projected_percent': '-75.1', 'likelihood': -3}]",13,0,38,False,0,0.0,,[],Mbeumo,22.0,14,6,False,None,4,1.0,a,4,16,1,2025-07-21,126.0,10,5,23,408313,76810,1806736,222241,0.7,2.9,Mbeumo,1
2,1999-05-27,1,63,True,True,None,None,1,0.28,0,430871,None,,0,0,-1,1,76.3,48,39,10,2.84,None,,0,3,4.0,4.0,2,0.44,0.12,1.02,0.28,0.58,3.82,1.08,0.16,Matheus,4.0,82,34,4,1.14,0,False,19.6,55,40,428,False,30.6,222,86,Matheus Cunha,317,,None,79,10,7,p430871,0,0,None,0,,430871.jpg,4.0,99,39,False,-740,None,-71.6,"[{'offset': 0, 'projected_percent': '-81.0', 'likelihood': -3}, {'offset': 1, 'projected_percent': '-98.5', 'likelihood': -4}, {'offset': 2, 'projected_percent': '-116.0', 'likelihood': -5}]",7,0,30,False,0,0.0,,[],Santos Carneiro da Cunha,5.9,67,23,False,None,4,1.14,a,3,16,1,2025-06-01,88.0,27,15,16,72087,9898,470193,69213,0.5,2.0,Cunha,0
0,1997-10-31,0,43,True,True,None,None,1,0.33,2,176297,None,,0,0,0,0,109.5,21,19,16,5.24,3,,0,3,2.0,2.0,2,0.29,0.09,0.67,0.21,0.38,2.88,0.94,0.12,Marcus,2.0,192,91,2,0.65,0,False,24.5,29,20,429,False,36.8,197,80,,275,,None,70,25,16,p176297,0,0,None,0,,176297.jpg,2.0,229,102,False,-100,None,-77.2,"[{'offset': 0, 'projected_percent': '-81.9', 'likelihood': -3}, {'offset': 1, 'projected_percent': '-90.6', 'likelihood': -3}, {'offset': 2, 'projected_percent': '-99.4', 'likelihood': -4}]",10,0,241,False,0,0.0,,[],Rashford,1.6,146,46,False,None,3,0.98,a,4,16,1,2015-07-01,99.0,22,12,8,78456,15817,106891,18715,0.3,1.1,Rashford,0
0,1999-01-10,0,0,True,True,100,100,0,0,0,184341,None,,0,0,-1,1,0.0,620,268,0,0,4,,0,3,0.0,0.0,0,0.00,0,0.00,0,0.00,0.00,0,0,Mason,0.0,623,267,0,0,0,False,0.0,621,267,430,False,0.0,616,265,,0,,2026-08-15T16:00:07.879135Z,54,179,112,p184341,0,0,None,0,,184341.jpg,0.0,623,267,False,3,None,0.1,"[{'offset': 0, 'projected_percent': '0.1', 'likelihood': 1}, {'offset': 1, 'projected_percent': '0.1', 'likelihood': 1}, {'offset': 2, 'projected_percent': '0.2', 'likelihood': 1}]",0,0,241,False,0,0,,[],Mount,0.0,542,222,False,None,0,0,a,0,16,1,2023-07-05,0.0,603,258,0,681,314,1747,244,0.0,0.0,Mount,0
0,2002-07-11,0,0,True,True,0,0,0,0,0,493250,4,,-1,1,-3,3,0.0,642,282,0,0,None,,0,3,0.0,0.0,0,0.00,0,0.00,0,0.00,0.00,0,0,Amad,0.0,641,281,0,0,0,False,0.0,640,281,431,False,0.0,637,281,,0,Unspecified injury - Unknown return date,2026-08-22T11:00:08.617283Z,57,119,77,p493250,0,0,None,0,,493250.jpg,0.0,641,281,False,-54,None,-4.7,"[{'offset': 0, 'projected_percent': '-7.4', 'likelihood': -1}, {'offset': 1, 'projected_percent': '-12.3', 'likelihood': -1}, {'offset': 2, 'projected_percent': '-17.2', 'likelihood': -1}]",0,0,54,False,0,0,https://www.manutd.com/en/news/team-news-for-ipswich-visit-30-august,[],Diallo,0.3,284,95,False,None,0,0,i,0,16,1,2021-01-07,0.0,632,278,0,2033,66,120523,4681,0.0,0.0,Amad,0
1,2005-04-19,2,84,True,True,None,None,0,0.0,9,516895,None,,0,0,0,0,71.4,53,44,44,14.4,None,,0,3,4.5,4.5,4,0.42,0.14,0.66,0.22,0.24,3.15,1.03,0.08,Kobbie,4.5,59,25,3,0.98,0,False,15.5,95,53,432,False,72.0,90,29,,275,,None,55,161,99,p516895,0,0,None,0,,516895.jpg,4.5,68,28,False,91,None,15.2,"[{'offset': 0, 'projected_percent': '15.8', 'likelihood': 1}, {'offset': 1, 'projected_percent': '17.0', 'likelihood': 1}, {'offset': 2, 'projected_percent': '18.2', 'likelihood': 1}]",30,0,241,False,0,0.0,,[],Mainoo,1.6,145,45,False,None,3,0.98,a,5,16,1,2022-10-15,12.0,209,106,18,82674,29575,50123,11111,0.8,3.3,Mainoo,0
0,2001-04-11,0,0,True,True,0,0,0,0,0,232112,None,,0,0,0,0,0.0,579,247,0,0,None,,0,3,0.0,0.0,0,0.00,0,0.00,0,0.00,0.00,0,0,Manuel,0.0,585,246,0,0,0,False,0.0,580,244,433,False,0.0,575,242,,0,Knee injury - Unknown return date,2026-07-23T12:01:23.706702Z,50,274,168,p232112,0,0,None,0,,232112.jpg,0.0,585,246,False,0,None,-62.5,"[{'offset': 0, 'projected_percent': '-62.5', 'likelihood': -3}, {'offset': 1, 'projected_percent': '-62.5', 'likelihood': -3}, {'offset': 2, 'projected_percent': '-62.5', 'likelihood': -3}]",0,0,230,False,0,0,https://www.manutd.com/en/news/an-official-update-on-manuel-ugarte,[],Ugarte Ribeiro,0.0,638,278,False,None,0,0,i,0,16,1,2024-08-30,0.0,551,229,0,95,14,238,34,0.0,0.0,Ugarte,0
0,2007-03-19,0,0,True,True,None,None,0,0,0,547037,None,,0,0,-1,1,0.0,561,238,0,0,None,,0,3,0.0,0.0,0,0.00,0,0.00,0,0.00,0.00,0,0,Jack,0.0,571,238,0,0,0,False,0.0,564,234,434,False,0.0,559,232,Jack Fletcher,0,,None,49,402,241,p547037,0,0,None,0,,547037.jpg,0.0,571,238,False,-1,None,-26.7,"[{'offset': 0, 'projected_percent': '-34.9', 'likelihood': -2}, {'offset': 1, 'projected_percent': '-50.2', 'likelihood': -3}, {'offset': 2, 'projected_percent': '-65.5', 'likelihood': -3}]",0,0,241,False,0,0,,[],Fletcher,0.0,603,255,False,None,0,0,a,0,16,1,2024-07-12,0.0,524,212,0,275,49,631,108,0.0,0.0,J.Fletcher,0
0,2007-04-14,0,3,True,True,None,None,0,0.0,0,576628,None,,0,0,-1,1,0.6,350,172,1,9.0,None,,0,3,0.2,0.2,0,0.00,0.0,0.00,0.0,0.00,0.00,0.0,0.0,Shea,0.2,384,174,0,0.0,0,False,0.1,388,181,435,False,0.2,385,179,,10,,None,49,408,246,p576628,0,0,None,0,,576628.jpg,1.0,327,142,False,8,None,-15.5,"[{'offset': 0, 'projected_percent': '-4.2', 'likelihood': -1}, {'offset': 1, 'projected_percent': '0.1', 'likelihood': 1}, {'offset': 2, 'projected_percent': '0.2', 'likelihood': 1}]",1,0,241,False,0,0.0,,[],Lacey,0.1,492,195,False,None,0,0.0,a,0,16,1,2025-05-26,0.0,528,216,1,1210,388,2897,495,0.0,0.2,Lacey,0
0,2004-01-03,0,0,False,True,0,0,0,0,0,490881,None,,0,0,0,0,0.0,595,254,0,0,None,,0,3,0.0,0.0,0,0.00,0,0.00,0,0.00,0.00,0,0,Toby,0.0,598,253,0,0,0,False,0.0,593,251,436,False,0.0,588,249,,0,Has joined West Brom permanently,2026-09-01T13:16:48.584385Z,50,302,181,p490881,0,0,None,0,,490881.jpg,0.0,598,253,False,0,None,0.0,"[{'offset': 0, 'projected_percent': '0.0', 'likelihood': 0}, {'offset': 1, 'projected_percent': '0.0', 'likelihood': 0}, {'offset': 2, 'projected_percent': '0.0', 'likelihood': 0}]",0,0,241,False,0,0,,[],Collyer,0.0,605,257,False,None,0,0,u,0,16,1,2023-07-01,0.0,570,239,0,150,0,993,121,0.0,0.0,Collyer,0
0,None,0,0,True,True,None,None,0,0,0,576620,None,,0,0,0,0,0.0,505,204,0,0,None,,0,3,0.0,0.0,0,0.00,0,0.00,0,0.00,0.00,0,0,Bendito,0.0,522,205,0,0,0,False,0.0,511,199,437,False,0.0,506,197,,0,,None,45,521,272,p576620,0,0,None,0,,576620.jpg,0.0,522,205,False,-2,None,-78.3,"[{'offset': 0, 'projected_percent': '-79.2', 'likelihood': -3}, {'offset': 1, 'projected_percent': '-80.8', 'likelihood': -3}, {'offset': 2, 'projected_percent': '-82.5', 'likelihood': -3}]",0,0,None,False,0,0,,[],Mantato,0.2,356,128,False,None,0,0,a,0,16,1,None,0.0,462,176,0,4602,562,8560,1482,0.0,0.0,Bendito Mantato,0
0,2007-03-19,0,0,True,True,None,None,0,0,0,519913,None,,-1,1,-1,1,0.0,448,191,0,0,None,,0,3,0.0,0.0,0,0.00,0,0.00,0,0.00,0.00,0,0,Tyler,0.0,471,192,0,0,0,False,0.0,459,186,438,False,0.0,454,184,Tyler Fletcher,0,,None,44,576,294,p519913,0,0,None,0,,519913.jpg,0.0,471,192,False,12,None,0.3,"[{'offset': 0, 'projected_percent': '0.4', 'likelihood': 1}, {'offset': 1, 'projected_percent': '0.6', 'likelihood': 1}, {'offset': 2, 'projected_percent': '0.7', 'likelihood': 1}]",0,0,243,False,0,0,,[],Fletcher,0.3,285,96,False,None,0,0,a,0,16,1,2025-05-26,0.0,396,162,0,7024,2492,14199,2717,0.0,0.0,Fletcher,0
0,2003-05-31,0,39,True,True,100,100,0,0.0,0,485711,None,,0,0,0,0,11.9,237,27,5,5.92,None,,0,4,2.0,2.0,1,0.01,0.01,0.40,0.47,0.39,2.00,2.37,0.46,Benjamin,2.0,193,18,3,3.55,1,False,8.2,206,22,439,False,34.6,209,18,,76,,2026-07-23T12:01:23.722029Z,70,28,10,p485711,0,0,None,0,,485711.jpg,2.0,231,27,False,22,None,-16.0,"[{'offset': 0, 'projected_percent': '-15.1', 'likelihood': -1}, {'offset': 1, 'projected_percent': '-13.4', 'likelihood': -1}, {'offset': 2, 'projected_percent': '-11.7', 'likelihood': -1}]",5,0,195,False,0,0.0,,[],Sesko,1.8,138,21,False,None,0,0.0,a,0,16,1,2025-08-09,36.0,113,24,8,92873,20393,105883,19539,0.3,1.1,Šeško,0
0,2001-05-22,0,4,True,True,None,None,0,0.0,1,458249,None,,0,0,-1,1,4.8,277,34,3,38.57,None,,0,4,0.2,0.2,1,0.01,0.13,0.01,0.13,0.00,0.02,0.26,0.0,Joshua,0.2,395,47,0,0.0,0,False,0.9,354,39,440,False,4.4,341,33,,7,,None,54,204,45,p458249,0,0,None,0,,458249.jpg,1.0,358,39,False,-45,None,-98.3,"[{'offset': 0, 'projected_percent': '-106.6', 'likelihood': -5}, {'offset': 1, 'projected_percent': '-121.9', 'likelihood': -5}, {'offset': 2, 'projected_percent': '-137.3', 'likelihood': -5}]",2,0,152,False,0,0.0,,[],Zirkzee,0.4,268,47,False,None,0,0.0,a,0,16,1,2024-07-17,0.0,610,68,1,13549,2275,39572,5072,0.0,0.2,Zirkzee,0
0,2007-11-29,0,0,False,True,0,None,0,0,0,596047,None,,0,0,0,0,0.0,511,58,0,0,None,,0,4,0.0,0.0,0,0.00,0,0.00,0,0.00,0.00,0,0,Chido,0.0,528,59,0,0,0,False,0.0,517,56,441,False,0.0,512,53,,0,Has joined Willem II on loan for the rest of the season,2026-09-14T16:12:42.090874Z,45,529,75,p596047,0,0,None,0,,596047.jpg,0.0,528,59,False,-197,None,0.0,"[{'offset': 0, 'projected_percent': '0.0', 'likelihood': 0}, {'offset': 1, 'projected_percent': '0.0', 'likelihood': 0}, {'offset': 2, 'projected_percent': '0.0', 'likelihood': 0}]",0,0,58,False,0,0,,[],Obi,1.1,175,27,False,None,0,0,u,0,16,1,2025-02-15,0.0,468,52,0,45543,5061,59772,18092,0.0,0.0,Obi,0
0,2002-01-03,0,23,True,True,0,None,1,0.55,3,465694,None,,0,0,0,0,42.0,122,76,12,6.59,None,,0,3,0.0,1.2,1,0.21,0.12,0.21,0.12,0.00,2.34,1.28,0.0,Nico,1.2,252,116,2,1.1,0,False,5.8,244,109,405,False,13.4,278,117,,164,Concussion - Expected back 12 Oct,2026-09-14T21:30:07.343728Z,55,151,91,p465694,0,0,None,0,,465694.jpg,1.7,246,107,False,-97,None,1.9,"[{'offset': 0, 'projected_percent': '1.2', 'likelihood': 1}, {'offset': 1, 'projected_percent': '-0.9', 'likelihood': -1}, {'offset': 2, 'projected_percent': '-24.1', 'likelihood': -2}]",9,0,200,False,0,0.0,,[],González Iglesias,0.2,325,115,False,None,3,1.65,i,0,17,4,2026-08-26,2.0,314,155,5,17455,1098,13668,5334,0.2,0.9,N.Gonzalez,1
0,1992-04-19,0,0,True,True,None,None,0,0,0,98747,None,,0,0,-1,1,0.0,533,53,0,0,None,,0,1,0.0,0.0,0,0.00,0,0.00,0,0.00,0.00,0,0,Nick,0.0,549,65,0,0,0,False,0.0,538,65,442,False,0.0,533,65,,0,,None,49,347,15,p98747,0,0,None,0,,98747.jpg,0.0,549,65,False,-32,None,-25.5,"[{'offset': 0, 'projected_percent': '-27.9', 'likelihood': -2}, {'offset': 1, 'projected_percent': '-32.5', 'likelihood': -2}, {'offset': 2, 'projected_percent': '-37.0', 'likelihood': -2}]",0,0,241,False,0,0,,[],Pope,1.0,186,29,False,None,0,0,a,0,17,4,2022-06-23,0.0,492,51,0,12192,1530,49633,6145,0.0,0.0,Pope,0
0,1992-03-27,0,0,True,True,None,None,0,0,0,81441,None,,0,0,0,0,0.0,454,34,0,0,None,,0,1,0.0,0.0,0,0.00,0,0.00,0,0.00,0.00,0,0,Mark,0.0,475,51,0,0,0,False,0.0,463,51,443,False,0.0,458,51,,0,,None,45,430,26,p81441,0,0,None,0,,81441.jpg,0.0,475,51,False,0,None,-30.5,"[{'offset': 0, 'projected_percent': '-30.5', 'likelihood': -2}, {'offset': 1, 'projected_percent': '-30.5', 'likelihood': -2}, {'offset': 2, 'projected_percent': '-30.5', 'likelihood': -2}]",0,0,241,False,0,0,,[],Gillespie,0.0,522,60,False,None,0,0,a,0,17,4,2020-07-27,0.0,402,30,0,696,154,1090,186,0.0,0.0,Gillespie,0
0,2005-12-29,0,0,True,True,50,50,0,0,0,554578,None,,0,0,0,0,0.0,498,51,0,0,None,,0,1,0.0,0.0,0,0.00,0,0.00,0,0.00,0.00,0,0,Ewen,0.0,515,64,0,0,0,False,0.0,503,64,444,False,0.0,498,64,,0,Ankle injury - 50% chance of playing,2026-09-10T16:00:09.127466Z,45,512,45,p554578,0,0,None,0,,554578.jpg,0.0,515,64,False,0,None,-95.2,"[{'offset': 0, 'projected_percent': '-95.2', 'likelihood': -4}, {'offset': 1, 'projected_percent': '-95.2', 'likelihood': -4}, {'offset': 2, 'projected_percent': '-95.2', 'likelihood': -4}]",0,0,73,False,0,0,https://www.newcastleunited.com/en/video/1001979?utm_source=premier-league-web&utm_medium=referral&utm_campaign=pl-referral-always-on&utm_term=injury-news,[],Jaouen,0.0,563,64,False,None,0,0,d,0,17,4,2026-06-15,0.0,454,49,0,427,24,1370,220,0.0,0.0,Jaouen,0
0,2001-08-08,0,19,True,True,None,None,1,0.25,32,465642,None,,0,0,0,0,14.9,213,70,32,8.0,None,,0,2,2.5,2.5,2,0.07,0.02,0.07,0.02,0.00,7.55,1.89,0.0,Malick,2.5,143,52,8,2.0,0,False,9.2,185,70,445,False,74.8,84,38,,360,,None,50,290,48,p465642,1,0,None,0,,465642.jpg,2.5,169,65,False,72,None,14.9,"[{'offset': 0, 'projected_percent': '15.4', 'likelihood': 1}, {'offset': 1, 'projected_percent': '16.3', 'likelihood': 1}, {'offset': 2, 'projected_percent': '17.3', 'likelihood': 1}]",7,0,80,False,0,0.0,,[],Thiaw,2.2,124,50,False,None,4,1.0,a,0,17,4,2025-08-12,2.0,307,116,10,161865,21533,108784,20621,0.5,2.0,Thiaw,0
0,1991-12-20,0,-1,True,True,100,100,0,0.0,0,119471,None,,-1,1,-1,1,0.0,535,200,0,0.0,2,,0,2,0.2,0.2,0,0.00,0.0,0.00,0.0,0.00,0.79,71.1,0.0,Fabian,0.2,375,140,1,90.0,0,False,0.0,540,200,446,False,0.0,535,200,,1,,2026-08-15T16:30:07.209742Z,49,349,61,p119471,0,0,None,0,,119471.jpg,1.0,311,122,False,-21,None,-4.9,"[{'offset': 0, 'projected_percent': '-9.3', 'likelihood': -1}, {'offset': 1, 'projected_percent': '-17.4', 'likelihood': -1}, {'offset': 2, 'projected_percent': '-25.5', 'likelihood': -2}]",0,0,207,False,0,0.0,,[],Schär,0.2,324,121,False,None,0,0.0,a,0,17,4,2018-07-26,0.0,494,195,1,6360,970,12549,2115,0.0,0.2,Schär,0
0,2000-01-12,0,31,True,True,None,None,1,0.25,37,220237,None,,0,0,0,0,3.3,294,104,41,10.25,None,,0,2,2.8,2.8,2,0.17,0.04,0.18,0.04,0.01,7.55,1.89,0.0,Sven,2.8,134,49,8,2.0,0,False,11.1,152,57,447,False,100.8,45,17,,360,,None,50,266,40,p220237,0,0,None,0,,220237.jpg,2.8,160,62,False,50,None,7.2,"[{'offset': 0, 'projected_percent': '7.5', 'likelihood': 1}, {'offset': 1, 'projected_percent': '8.2', 'likelihood': 1}, {'offset': 2, 'projected_percent': '8.9', 'likelihood': 1}]",13,0,152,False,0,0.0,,[],Botman,0.7,221,84,False,None,4,1.0,a,4,17,4,2022-06-28,6.0,259,94,11,40310,6001,24364,5477,0.6,2.2,Botman,1
0,1992-05-09,0,0,True,True,0,0,0,0,0,78916,None,,0,0,-1,1,0.0,532,199,0,0,None,,0,2,0.0,0.0,0,0.00,0,0.00,0,0.00,0.00,0,0,Dan,0.0,548,201,0,0,0,False,0.0,537,199,448,False,0.0,532,199,,0,Ankle injury - Expected back 19 Sep,2026-08-23T18:00:08.367241Z,49,345,59,p78916,0,0,None,0,,78916.jpg,0.0,548,201,False,-93,None,-83.3,"[{'offset': 0, 'projected_percent': '-86.4', 'likelihood': -3}, {'offset': 1, 'projected_percent': '-92.1', 'likelihood': -3}, {'offset': 2, 'projected_percent': '-97.9', 'likelihood': -4}]",0,0,241,False,0,0,https://www.newcastleunited.com/en/news/confimed-line-up-opening-day-debuts-for-hornicek-dedic-and-steur-against-liverpool,[],Burn,0.8,205,79,False,None,0,0,i,0,17,4,2022-01-31,0.0,491,194,0,7194,159,152722,9887,0.0,0.0,Burn,0
1,2004-09-08,3,89,True,True,None,None,1,0.25,24,487838,1,,0,0,2,-2,59.8,69,13,36,9.03,1,,1,2,4.5,4.5,0,0.68,0.17,0.74,0.19,0.06,7.53,1.89,0.02,Lewis,4.5,58,25,8,2.01,0,False,18.3,69,14,449,False,110.0,27,9,,359,,None,52,238,35,p487838,0,0,None,0,,487838.jpg,4.5,67,29,False,1374,None,34.9,"[{'offset': 0, 'projected_percent': '44.8', 'likelihood': 3}, {'offset': 1, 'projected_percent': '63.1', 'likelihood': 3}, {'offset': 2, 'projected_percent': '81.4', 'likelihood': 3}]",31,0,241,False,0,0.0,,[],Hall,14.6,27,8,False,None,4,1.0,a,12,17,4,2024-07-01,14.0,197,65,18,1361945,168836,310756,95628,0.9,3.5,Hall,0
1,2002-11-12,0,12,True,True,100,100,0,0.0,1,441191,None,,0,0,-1,1,3.8,287,102,3,8.18,None,,0,2,1.0,1.0,3,0.01,0.03,0.01,0.03,0.00,0.18,0.49,0.0,Tino,1.0,263,97,1,2.73,0,False,1.3,340,123,450,False,5.0,336,129,,33,,2026-07-23T12:01:23.753221Z,49,378,68,p441191,0,0,None,0,,441191.jpg,2.0,211,82,False,117,None,1.0,"[{'offset': 0, 'projected_percent': '1.8', 'likelihood': 1}, {'offset': 1, 'projected_percent': '3.3', 'likelihood': 1}, {'offset': 2, 'projected_percent': '4.9', 'likelihood': 1}]",4,0,241,False,0,0.0,,[],Livramento,0.1,430,156,False,None,0,0.0,a,2,17,4,2023-08-08,4.0,283,105,4,7370,3671,4137,1008,0.2,0.8,Livramento,1
0,2004-06-25,0,0,False,True,0,0,0,0,0,545477,None,,0,0,0,0,0.0,422,160,0,0,None,,0,2,0.0,0.0,0,0.00,0,0.00,0,0.00,0.00,0,0,Alex,0.0,445,162,0,0,0,False,0.0,433,160,451,False,0.0,428,160,,0,Has joined FC Kaiserslautern on loan for the rest of the season,2026-08-12T14:05:29.224600Z,40,636,193,p545477,0,0,None,0,,545477.jpg,0.0,445,162,False,-1,None,0.0,"[{'offset': 0, 'projected_percent': '0.0', 'likelihood': 0}, {'offset': 1, 'projected_percent': '0.0', 'likelihood': 0}, {'offset': 2, 'projected_percent': '0.0', 'likelihood': 0}]",0,0,104,False,0,0,,[],Murphy,0.1,485,173,False,None,0,0,u,0,17,4,2023-07-19,0.0,362,141,0,0,0,6606,547,0.0,0.0,A.Murphy,0
1,1997-12-09,2,71,True,True,None,None,1,0.25,10,201666,3,,0,0,0,0,44.1,112,72,24,6.0,None,,1,3,4.8,4.8,2,0.37,0.09,0.88,0.22,0.51,7.55,1.89,0.13,Harvey,4.8,51,22,8,2.0,1,False,17.1,75,45,453,False,57.6,132,44,,360,,None,60,65,45,p201666,0,0,None,0,,201666.jpg,4.8,59,25,False,2989,None,100.8,"[{'offset': 0, 'projected_percent': '122.3', 'likelihood': 5}, {'offset': 1, 'projected_percent': '162.1', 'likelihood': 5}, {'offset': 2, 'projected_percent': '202.0', 'likelihood': 5}]",11,0,241,False,0,0.0,,[],Barnes,3.8,88,31,False,None,4,1.0,a,3,17,4,2023-07-23,69.0,50,31,19,398634,147925,123555,32625,0.8,3.2,Barnes,0
0,2002-04-27,2,71,True,True,0,None,1,0.39,2,449434,2,,0,0,2,-2,50.6,93,63,9,3.49,None,,0,3,0.0,4.5,0,0.34,0.13,0.76,0.29,0.42,4.01,1.56,0.16,Anthony,4.5,62,27,3,1.16,2,False,19.4,60,42,454,False,82.6,74,24,,232,Unspecified injury - Unknown return date,2026-09-14T20:00:09.505598Z,62,58,41,p449434,0,0,None,0,,449434.jpg,6.0,37,17,False,-8573,None,-104.1,"[{'offset': 0, 'projected_percent': '-136.1', 'likelihood': -5}, {'offset': 1, 'projected_percent': '-195.4', 'likelihood': -5}, {'offset': 2, 'projected_percent': '-254.8', 'likelihood': -5}]",3,0,206,False,0,0.0,https://www.newcastleunited.com/en/news/matthias-jaissles-team-news-update-elanga-latest-ahead-of-hull-visit,[],Elanga,7.2,53,18,False,None,3,1.16,i,4,17,4,2025-07-11,61.0,58,38,18,1285711,53527,767946,466261,0.7,2.9,Elanga,1
0,2001-05-28,0,26,True,True,0,None,0,0.0,3,232653,None,,0,0,-1,1,6.3,262,135,11,14.35,None,,0,3,0.0,1.8,0,0.16,0.21,0.33,0.43,0.17,1.92,2.5,0.22,Jacob,1.8,206,93,1,1.3,1,False,6.7,226,103,456,False,40.4,181,71,,69,Thigh injury - Unknown return date,2026-09-15T09:00:08.191022Z,49,370,221,p232653,0,0,None,0,,232653.jpg,2.3,183,75,False,-150,None,-22.5,"[{'offset': 0, 'projected_percent': '-35.8', 'likelihood': -2}, {'offset': 1, 'projected_percent': '-60.5', 'likelihood': -3}, {'offset': 2, 'projected_percent': '-85.2', 'likelihood': -3}]",6,0,241,False,0,0.0,https://www.newcastleunited.com/en/news/matthias-jaissles-team-news-update-elanga-latest-ahead-of-hull-visit,[],Ramsey,0.3,291,99,False,None,0,0.0,i,2,17,4,2025-08-17,21.0,149,76,7,16542,1785,23770,7562,0.4,1.4,J.Ramsey,1
0,1995-02-24,0,9,True,True,None,None,0,0.0,1,114243,4,,0,0,-1,1,7.2,259,133,10,9.89,None,,0,3,0.5,0.5,0,0.34,0.34,0.34,0.34,0.00,3.37,3.33,0.0,Jacob,0.5,352,163,4,3.96,0,False,1.6,332,152,457,False,3.6,350,161,Jacob Murphy,91,,None,59,81,52,p114243,0,0,None,0,,114243.jpg,0.5,402,188,False,30,None,-38.0,"[{'offset': 0, 'projected_percent': '-20.8', 'likelihood': -2}, {'offset': 1, 'projected_percent': '0.1', 'likelihood': 1}, {'offset': 2, 'projected_percent': '0.5', 'likelihood': 1}]",7,0,241,False,0,0.0,,[],Murphy,0.1,378,137,False,None,1,0.99,a,2,17,4,2017-07-19,6.0,265,132,2,4499,1605,9833,1514,0.1,0.3,J.Murphy,2
0,1996-08-14,0,0,True,True,0,0,0,0,0,180974,None,,0,0,-1,1,0.0,619,267,0,0,None,,0,3,0.0,0.0,0,0.00,0,0.00,0,0.00,0.00,0,0,Joelinton Cássio,0.0,622,266,0,0,0,False,0.0,620,266,458,False,0.0,615,264,Joelinton,0,Unspecified injury - Unknown return date,2026-08-16T08:00:08.074045Z,54,178,111,p180974,0,0,None,0,,180974.jpg,0.0,622,266,False,0,None,-45.0,"[{'offset': 0, 'projected_percent': '-45.0', 'likelihood': -3}, {'offset': 1, 'projected_percent': '-45.0', 'likelihood': -3}, {'offset': 2, 'projected_percent': '-45.0', 'likelihood': -3}]",0,0,30,False,0,0,https://www.newcastleunited.com/en/news/matthias-jaissles-team-news-update-livramento-and-joelinton-latest-ahead-of-premier-league-opener,[],Apolinário de Lira,0.0,571,236,False,None,0,0,i,0,17,4,2019-07-24,0.0,602,257,0,206,39,2141,159,0.0,0.0,Joelinton,0
0,2006-05-01,0,49,True,True,100,100,1,0.29,13,547719,5,,0,0,0,0,41.7,123,77,36,10.59,None,,0,3,2.0,2.0,0,0.10,0.03,0.15,0.04,0.05,6.36,1.87,0.01,Lewis,2.0,185,84,7,2.06,0,False,8.3,202,94,459,False,36.6,198,81,,306,,2026-07-23T12:01:23.785456Z,55,164,101,p547719,1,0,None,0,,547719.jpg,2.0,221,96,False,9,None,0.5,"[{'offset': 0, 'projected_percent': '0.6', 'likelihood': 1}, {'offset': 1, 'projected_percent': '0.7', 'likelihood': 1}, {'offset': 2, 'projected_percent': '0.8', 'likelihood': 1}]",21,0,241,False,0,0.0,,[],Miley,0.1,447,171,False,None,4,1.18,a,2,17,4,2023-02-01,5.0,274,138,8,5592,945,4792,1103,0.4,1.5,L.Miley,1
0,1999-08-20,0,42,True,True,None,None,1,0.45,3,200089,None,,0,0,0,0,33.7,143,88,12,5.45,None,,0,3,3.0,3.0,1,0.26,0.12,0.90,0.41,0.64,3.73,1.7,0.29,Joe,3.0,114,48,4,1.82,1,False,12.4,136,68,460,False,52.0,147,52,,198,,None,50,254,158,p200089,0,0,None,0,,200089.jpg,3.0,140,55,False,-22,None,10.7,"[{'offset': 0, 'projected_percent': '10.5', 'likelihood': 1}, {'offset': 1, 'projected_percent': '10.2', 'likelihood': 1}, {'offset': 2, 'projected_percent': '9.9', 'likelihood': 1}]",5,0,241,False,0,0.0,,[],Willock,0.5,259,84,False,None,2,0.91,a,4,17,4,2021-08-13,46.0,83,46,12,53060,5539,26478,6913,0.6,2.4,Willock,0
0,2006-03-02,0,27,True,True,None,None,0,0.0,0,611665,None,,0,0,-2,2,5.3,268,139,2,5.29,None,,0,3,1.8,1.8,6,0.01,0.03,0.29,0.77,0.28,0.16,0.42,0.74,Bazoumana,1.8,217,98,1,2.65,1,False,6.3,234,105,461,False,36.6,200,82,,34,,None,58,115,74,p611665,0,0,None,0,,611665.jpg,3.5,118,46,False,10,None,-3.0,"[{'offset': 0, 'projected_percent': '0.0', 'likelihood': 0}, {'offset': 1, 'projected_percent': '0.2', 'likelihood': 1}, {'offset': 2, 'projected_percent': '0.3', 'likelihood': 1}]",2,0,54,False,0,0.0,,[],Touré,0.1,380,138,False,None,0,0.0,a,0,17,4,2026-07-05,21.0,153,79,7,2936,1390,15400,1305,0.3,1.2,Touré,0
0,2008-01-11,0,24,True,True,None,None,0,0.0,7,636852,None,,0,0,-1,1,21.9,187,106,14,7.97,None,,0,3,1.2,1.2,2,0.03,0.02,0.03,0.02,0.00,3.71,2.11,0.0,Sean,1.2,246,114,5,2.85,0,False,4.2,273,120,462,False,19.4,260,109,,158,,None,49,414,251,p636852,0,0,None,0,,636852.jpg,1.2,275,126,False,0,None,-38.4,"[{'offset': 0, 'projected_percent': '-38.4', 'likelihood': -2}, {'offset': 1, 'projected_percent': '-38.4', 'likelihood': -2}, {'offset': 2, 'projected_percent': '-38.4', 'likelihood': -2}]",5,0,152,False,0,0.0,,[],Steur,0.1,457,179,False,None,1,0.57,a,2,17,4,2026-07-09,0.0,533,220,5,2073,337,5645,844,0.2,1.0,Steur,0
1,2002-02-14,0,18,False,True,0,0,0,0.0,0,470313,None,,0,0,-1,1,10.5,245,31,0,0.0,None,,0,4,0.0,0.0,0,0.01,0.05,0.03,0.14,0.02,0.38,1.8,0.09,Nick,1.0,275,28,0,0.0,0,False,4.0,279,32,463,False,18.2,267,25,,19,Has joined Juventus on loan for the rest of the season,2026-09-02T16:07:16.549304Z,59,94,24,p470313,0,0,None,0,,470313.jpg,4.0,95,9,False,-91,None,0.0,"[{'offset': 0, 'projected_percent': '0.0', 'likelihood': 0}, {'offset': 1, 'projected_percent': '0.0', 'likelihood': 0}, {'offset': 2, 'projected_percent': '0.0', 'likelihood': 0}]",0,0,80,False,0,0.0,,[],Woltemade,0.5,247,41,False,None,0,0.0,u,0,17,4,2025-08-30,11.0,219,34,4,14520,0,136975,10075,0.2,0.7,Woltemade,0
1,1996-09-03,2,54,True,True,None,None,1,0.26,4,216646,None,,0,0,2,-2,55.4,80,6,22,5.64,None,,0,4,3.8,3.8,2,0.05,0.01,1.56,0.4,1.51,6.38,1.64,0.39,Yoane,3.8,90,9,7,1.79,1,False,19.9,51,8,464,False,57.8,130,8,,351,,None,62,55,13,p216646,0,0,2,0,,216646.jpg,3.8,106,12,False,2645,None,46.9,"[{'offset': 0, 'projected_percent': '65.9', 'likelihood': 3}, {'offset': 1, 'projected_percent': '101.1', 'likelihood': 5}, {'offset': 2, 'projected_percent': '136.4', 'likelihood': 5}]",12,0,50,False,0,0.0,,[],Wissa,18.6,19,5,False,None,4,1.03,a,6,17,4,2025-09-01,86.0,30,12,15,2086565,229963,547162,174576,0.6,2.4,Wissa,2
1,2003-08-04,0,18,True,True,0,0,0,0.0,2,538207,None,,0,0,-1,1,13.7,222,25,5,8.18,4,,0,4,0.0,0.0,0,0.14,0.23,0.20,0.33,0.06,1.48,2.42,0.1,William,1.0,276,29,1,1.64,0,False,5.0,262,29,465,False,28.2,231,21,,55,Foot injury - Unknown return date,2026-08-25T19:00:08.004915Z,59,97,25,p538207,0,0,1,0,,538207.jpg,4.0,96,10,False,-59,None,-103.6,"[{'offset': 0, 'projected_percent': '-108.4', 'likelihood': -5}, {'offset': 1, 'projected_percent': '-117.1', 'likelihood': -5}, {'offset': 2, 'projected_percent': '-125.9', 'likelihood': -5}]",2,0,58,False,0,0.0,,[],Osula,0.3,281,48,False,None,1,1.64,i,1,17,4,2024-08-08,8.0,241,37,4,21302,167,83089,5447,0.2,0.7,Osula,0
0,2007-05-27,0,0,False,True,0,0,0,0,0,599303,None,,0,0,0,0,0.0,513,59,0,0,None,,0,4,0.0,0.0,0,0.00,0,0.00,0,0.00,0.00,0,0,Sean,0.0,530,60,0,0,0,False,0.0,519,57,466,False,0.0,514,54,,0,Has joined Wolves on loan for the rest of the season,2026-09-04T12:37:43.515176Z,45,531,76,p599303,0,0,None,0,,599303.jpg,0.0,530,60,False,-79,None,0.0,"[{'offset': 0, 'projected_percent': '0.0', 'likelihood': 0}, {'offset': 1, 'projected_percent': '0.0', 'likelihood': 0}, {'offset': 2, 'projected_percent': '0.0', 'likelihood': 0}]",0,0,241,False,0,0,,[],Neave,0.6,243,39,False,None,0,0,u,0,17,4,2025-02-07,0.0,470,53,0,23805,0,47145,7767,0.0,0.0,Neave,0
0,2006-07-14,0,9,True,True,None,None,0,0.0,1,632794,None,,0,0,-1,1,0.3,365,179,4,15.0,None,,0,3,0.5,0.5,1,0.00,0.0,0.00,0.0,0.00,1.15,4.31,0.0,Aladji,0.5,336,155,1,3.75,0,False,0.6,366,170,559,False,5.4,330,149,,24,,None,49,413,250,p632794,0,0,None,0,,632794.jpg,1.0,330,145,False,-8,None,-37.3,"[{'offset': 0, 'projected_percent': '-43.4', 'likelihood': -3}, {'offset': 1, 'projected_percent': '-54.6', 'likelihood': -3}, {'offset': 2, 'projected_percent': '-65.9', 'likelihood': -3}]",1,0,73,False,0,0.0,,[],Bamba,0.1,418,158,False,None,0,0.0,a,2,17,4,2026-07-24,0.0,532,219,2,2382,319,6867,941,0.1,0.4,Bamba,0
0,2002-07-13,0,58,True,True,None,None,1,0.25,8,470551,None,,0,0,0,0,0.0,589,67,0,0.0,None,,0,1,2.8,2.8,1,0.00,0.0,0.00,0.0,0.00,7.55,1.89,0.0,Lukás,2.8,135,14,8,2.0,0,False,13.8,116,2,567,False,138.6,9,1,,360,,None,50,293,13,p470551,0,0,None,0,,470551.jpg,2.8,161,14,False,91,None,19.6,"[{'offset': 0, 'projected_percent': '20.2', 'likelihood': 2}, {'offset': 1, 'projected_percent': '21.5', 'likelihood': 2}, {'offset': 2, 'projected_percent': '22.7', 'likelihood': 2}]",19,0,57,False,16,4.0,,[],Hornícek,1.5,150,22,False,None,4,1.0,a,0,17,4,2026-08-03,0.0,563,66,11,140053,18172,64243,12261,0.6,2.2,Horníček,1
1,2002-08-18,2,36,True,True,0,75,1,0.28,16,463726,None,,0,0,0,0,40.7,127,36,24,6.61,3,,1,2,0.0,2.4,0,0.08,0.02,0.22,0.06,0.14,7.38,2.03,0.04,Amar,3.2,104,40,7,1.93,0,False,12.6,135,49,593,False,70.0,94,41,,327,Unspecified injury - Unknown return date,2026-09-17T14:30:09.823731Z,45,485,119,p463726,0,0,None,0,,463726.jpg,3.2,127,53,False,-2337,None,28.8,"[{'offset': 0, 'projected_percent': '12.1', 'likelihood': 1}, {'offset': 1, 'projected_percent': '-29.3', 'likelihood': -2}, {'offset': 2, 'projected_percent': '-77.0', 'likelihood': -3}]",15,0,27,False,0,0.0,https://www.newcastleunited.com/en/news/matthias-jaissles-team-news-update-elanga-latest-ahead-of-hull-visit,[],Dedic,2.4,116,46,False,None,4,1.1,i,8,17,4,2026-08-18,15.0,180,60,13,447554,11028,231297,64867,0.7,2.9,Dedić,0
0,2007-03-18,0,0,False,True,0,0,0,0,0,553746,None,,0,0,0,0,0.0,426,164,0,0,None,,0,2,0.0,0.0,0,0.00,0,0.00,0,0.00,0.00,0,0,Leo,0.0,449,166,0,0,0,False,0.0,437,164,609,False,0.0,432,164,,0,has joined Arouca on loan for the rest of the seaon.,2026-09-11T14:41:57.406766Z,40,640,197,p553746,0,0,None,0,,553746.jpg,0.0,449,166,False,-30,None,0.0,"[{'offset': 0, 'projected_percent': '0.0', 'likelihood': 0}, {'offset': 1, 'projected_percent': '0.0', 'likelihood': 0}, {'offset': 2, 'projected_percent': '0.0', 'likelihood': 0}]",0,0,241,False,0,0,,[],Shahar,0.2,340,129,False,None,0,0,u,0,17,4,2024-08-08,0.0,366,145,0,18236,0,13403,5026,0.0,0.0,Shahar,0
0,2005-02-03,0,9,True,True,None,None,0,0.0,0,613221,None,,0,0,0,0,11.7,238,28,3,3.21,None,,0,4,1.0,1.0,1,0.01,0.01,0.01,0.01,0.00,1.95,2.09,0.0,Matias,1.0,277,30,3,3.21,0,False,2.4,315,37,634,False,2.2,366,40,,84,,None,60,77,20,p613221,0,0,None,0,,613221.jpg,1.0,377,47,False,22,None,0.2,"[{'offset': 0, 'projected_percent': '0.3', 'likelihood': 1}, {'offset': 1, 'projected_percent': '0.6', 'likelihood': 1}, {'offset': 2, 'projected_percent': '0.9', 'likelihood': 1}]",2,0,21,False,0,0.0,,[],Fernandez-Pardo,0.1,403,59,False,None,1,1.07,a,1,17,4,2026-09-01,10.0,226,36,2,14279,2778,4491,1956,0.2,0.3,Fernandez-Pardo,0
0,2008-09-29,0,0,True,True,None,None,0,0,0,665243,None,,0,0,0,0,0.0,525,216,0,0,None,,0,3,1.1,1.1,0,0.00,0,0.00,0,0.00,0.00,0,0,Mason,0.0,542,217,0,0,0,False,0.0,531,211,659,False,0.0,526,209,,0,,None,45,548,287,p665243,0,0,None,0,,665243.jpg,0.0,542,217,False,0,2026-09-27T21:39:41.033165Z,0.0,"[{'offset': 0, 'projected_percent': '0.0', 'likelihood': 0}, {'offset': 1, 'projected_percent': '0.0', 'likelihood': 0}, {'offset': 2, 'projected_percent': '0.0', 'likelihood': 0}]",0,0,241,False,0,0,,[],Miley,0.0,533,217,False,None,0,0,a,0,17,4,2026-07-24,0.0,484,188,0,2565,2565,449,449,0.0,0.0,Miley,0
0,2003-02-08,0,40,True,True,None,None,1,0.48,3,463034,None,,0,0,0,0,43.5,116,12,9,4.33,None,,0,4,2.0,2.0,5,0.14,0.07,0.90,0.44,0.76,1.95,0.94,0.37,Liam,2.0,182,17,2,0.96,1,False,12.8,132,17,167,False,35.0,204,16,,187,,None,55,149,39,p463034,0,0,3,0,,463034.jpg,2.7,167,21,False,3454,None,68.8,"[{'offset': 0, 'projected_percent': '93.6', 'likelihood': 3}, {'offset': 1, 'projected_percent': '139.7', 'likelihood': 5}, {'offset': 2, 'projected_percent': '185.7', 'likelihood': 5}]",5,0,241,False,0,0.0,,[],Delap,2.3,121,18,False,None,2,0.96,a,1,18,17,2026-08-27,50.0,77,20,8,204853,140070,48170,16203,0.4,1.5,Delap,1
0,1996-05-26,0,24,True,True,None,None,0,0.0,6,247348,None,,0,0,-1,1,58.5,74,16,12,6.17,None,,0,2,0.8,0.8,2,0.19,0.1,0.67,0.35,0.48,1.92,0.99,0.25,Daniel,0.8,302,109,3,1.54,0,False,15.8,92,27,201,False,35.2,202,84,,175,,None,54,193,23,p247348,0,0,None,0,,247348.jpg,1.0,357,132,False,945,None,-52.3,"[{'offset': 0, 'projected_percent': '-40.5', 'likelihood': -3}, {'offset': 1, 'projected_percent': '-18.5', 'likelihood': -1}, {'offset': 2, 'projected_percent': '2.0', 'likelihood': 1}]",5,0,48,False,0,0.0,,[],Muñoz Mejía,6.0,65,27,False,None,2,1.03,a,6,18,17,2026-08-31,64.0,54,6,3,111017,60890,444290,42450,0.1,0.6,Muñoz,0
0,1992-02-26,0,57,True,True,None,None,1,0.25,6,85633,None,,0,0,0,0,0.0,566,60,0,0.0,None,,0,1,3.0,3.0,3,0.01,0.0,0.01,0.0,0.00,4.10,1.02,0.0,Matz,3.0,113,12,4,1.0,0,False,6.8,223,18,467,False,68.2,104,18,,360,,None,50,240,5,p85633,0,0,None,0,,85633.jpg,3.0,138,12,False,308,None,2.6,"[{'offset': 0, 'projected_percent': '4.8', 'likelihood': 1}, {'offset': 1, 'projected_percent': '8.9', 'likelihood': 1}, {'offset': 2, 'projected_percent': '13.0', 'likelihood': 1}]",37,0,21,False,9,2.25,,[],Sels,1.7,140,20,False,None,4,1.0,a,0,18,17,2024-02-01,0.0,536,58,12,56076,29209,53073,10202,0.6,2.4,Sels,0
0,1996-02-13,0,0,True,True,None,None,0,0,0,221389,None,,0,0,0,0,0.0,465,41,0,0,None,,0,1,0.0,0.0,0,0.00,0,0.00,0,0.00,0.00,0,0,John Victor,0.0,485,57,0,0,0,False,0.0,473,57,468,False,0.0,468,57,John Victor,0,,None,45,458,33,p221389,0,0,None,0,,221389.jpg,0.0,485,57,False,-6,None,-59.5,"[{'offset': 0, 'projected_percent': '-66.6', 'likelihood': -3}, {'offset': 1, 'projected_percent': '-80.0', 'likelihood': -3}, {'offset': 2, 'projected_percent': '-93.3', 'likelihood': -3}]",0,0,30,False,0,0,,[],Maciel Furtado,0.1,486,55,False,None,0,0,a,0,18,17,2025-08-31,0.0,415,37,0,773,163,1823,295,0.0,0.0,John,0
1,2001-04-13,1,66,True,True,None,None,1,0.25,14,215136,2,,0,0,0,0,61.9,64,11,27,6.75,3,,0,2,4.2,4.2,2,0.40,0.1,0.72,0.18,0.32,4.10,1.02,0.08,Neco,4.2,67,28,4,1.0,0,False,15.8,91,26,469,False,69.8,96,43,,360,,None,50,263,39,p215136,0,0,None,0,,215136.jpg,4.2,76,33,False,1498,None,9.9,"[{'offset': 0, 'projected_percent': '20.7', 'likelihood': 2}, {'offset': 1, 'projected_percent': '40.7', 'likelihood': 3}, {'offset': 2, 'projected_percent': '60.6', 'likelihood': 3}]",20,0,244,False,0,0.0,,[],Williams,9.1,42,16,False,None,4,1.0,a,13,18,17,2022-07-11,26.0,131,39,17,261478,101924,295350,40024,0.8,3.4,N.Williams,0
0,2001-06-30,0,0,False,True,0,0,0,0,0,485047,None,,0,0,0,0,0.0,590,209,0,0,None,,0,2,0.0,0.0,0,0.00,0,0.00,0,0.00,0.00,0,0,Felipe,0.0,593,209,0,0,0,False,0.0,588,209,470,False,0.0,583,209,Morato,0,Has joined West Ham on loan for the rest of the season,2026-09-02T16:19:54.503286Z,50,296,51,p485047,0,0,None,0,,485047.jpg,0.0,593,209,False,-1,None,0.0,"[{'offset': 0, 'projected_percent': '0.0', 'likelihood': 0}, {'offset': 1, 'projected_percent': '0.0', 'likelihood': 0}, {'offset': 2, 'projected_percent': '0.0', 'likelihood': 0}]",0,0,30,False,0,0,,[],Rodrigues da Silva,0.0,567,193,False,None,0,0,u,0,18,17,2024-08-30,0.0,564,206,0,424,0,3521,366,0.0,0.0,Morato,0
0,1997-10-12,0,34,True,True,0,None,1,0.33,26,227444,None,,0,0,0,0,1.4,327,120,31,10.33,None,,0,2,0.0,3.0,0,0.03,0.01,0.14,0.05,0.11,3.28,1.09,0.04,Nikola,3.0,123,46,3,1.0,0,False,7.0,220,81,471,False,53.2,143,66,,270,Hamstring injury - Expected back 11 Oct,2026-09-12T14:00:09.705107Z,55,138,16,p227444,0,0,None,0,,227444.jpg,4.0,93,40,False,-587,None,-83.7,"[{'offset': 0, 'projected_percent': '-96.7', 'likelihood': -4}, {'offset': 1, 'projected_percent': '-121.0', 'likelihood': -5}, {'offset': 2, 'projected_percent': '-145.3', 'likelihood': -5}]",12,0,190,False,0,0.0,https://www.nottinghamforest.co.uk/news/2026/september/14/glasner-s-update-on-milenkovi----jair-cunha/,[],Milenković,1.2,165,65,False,None,3,1.0,i,5,18,17,2024-07-18,16.0,174,55,12,17912,236,84320,39627,0.5,2.2,Milenković,1
1,2002-07-04,0,60,True,True,100,100,1,0.25,34,575476,None,,0,0,0,0,38.3,135,38,42,10.53,2,,0,2,4.8,4.8,6,0.29,0.07,0.64,0.16,0.35,4.10,1.03,0.09,Murillo,4.8,50,21,4,1.0,0,False,15.1,99,32,472,False,94.2,53,20,Murillo,359,,2026-07-23T12:01:23.801183Z,55,168,20,p575476,0,0,None,0,,575476.jpg,4.8,58,25,False,611,None,15.2,"[{'offset': 0, 'projected_percent': '19.6', 'likelihood': 1}, {'offset': 1, 'projected_percent': '27.7', 'likelihood': 2}, {'offset': 2, 'projected_percent': '35.9', 'likelihood': 2}]",16,0,30,False,0,0.0,,[],Costa dos Santos,2.2,126,51,False,None,4,1.0,a,8,18,17,2023-08-31,18.0,166,51,19,79220,45253,50754,8906,0.9,3.5,Murillo,1
0,1996-10-08,0,45,True,True,None,None,1,0.29,12,159506,None,,0,0,0,0,53.3,82,19,22,6.47,None,,0,2,2.0,2.0,2,0.53,0.16,0.57,0.17,0.04,3.72,1.09,0.01,Ola,2.0,170,64,3,0.88,0,False,12.7,133,48,473,False,58.2,128,60,,306,,None,45,441,88,p159506,0,0,None,0,,159506.jpg,2.0,202,78,False,129,None,-82.5,"[{'offset': 0, 'projected_percent': '-78.7', 'likelihood': -3}, {'offset': 1, 'projected_percent': '-71.7', 'likelihood': -3}, {'offset': 2, 'projected_percent': '-64.7', 'likelihood': -3}]",14,0,157,False,0,0.0,,[],Aina,2.6,114,45,False,None,4,1.18,a,10,18,17,2023-07-22,15.0,179,59,8,62267,15572,145175,20005,0.4,1.8,Aina,2
0,2005-03-07,0,35,True,True,75,None,1,0.33,23,575458,None,,0,0,0,0,2.4,306,110,28,9.33,None,,0,2,1.9,2.5,0,0.01,0.0,0.04,0.01,0.03,3.28,1.09,0.01,Jair,2.5,142,51,3,1.0,0,False,5.9,242,90,474,False,55.4,137,63,Jair Cunha,270,Hamstring injury - 75% chance of playing,2026-09-12T14:00:09.724349Z,45,520,131,p575458,0,0,None,0,,575458.jpg,3.3,121,48,False,-32,None,-7.6,"[{'offset': 0, 'projected_percent': '-14.4', 'likelihood': -1}, {'offset': 1, 'projected_percent': '-27.0', 'likelihood': -2}, {'offset': 2, 'projected_percent': '-39.6', 'likelihood': -2}]",5,0,30,False,0,0.0,https://www.nottinghamforest.co.uk/news/2026/september/17/live-blog---pre-coventry-press-conference/,[],Paula da Cunha Filho,0.2,339,128,False,None,3,1.0,d,5,18,17,2025-07-11,1.0,317,119,10,9459,178,11741,3975,0.6,2.2,Jair Cunha,1
0,2003-03-19,0,0,True,True,0,0,0,0,0,500151,None,,0,0,0,0,0.0,485,188,0,0,None,,0,2,0.0,0.0,0,0.00,0,0.00,0,0.00,0.00,0,0,Nicolò,0.0,502,190,0,0,0,False,0.0,490,188,475,False,0.0,485,188,,0,Knee injury - Unknown return date,2026-07-23T12:01:23.816304Z,45,497,122,p500151,0,0,None,0,,500151.jpg,0.0,502,190,False,0,None,-12.9,"[{'offset': 0, 'projected_percent': '-12.9', 'likelihood': -1}, {'offset': 1, 'projected_percent': '-12.9', 'likelihood': -1}, {'offset': 2, 'projected_percent': '-12.9', 'likelihood': -1}]",0,0,106,False,0,0,https://www.nottinghamforest.co.uk/news/2026/september/10/live-blog---pre-aston-villa-press-conference/,[],Savona,0.0,645,213,False,None,0,0,i,0,18,17,2025-08-30,0.0,441,181,0,216,13,246,27,0.0,0.0,Savona,0
0,1998-02-15,0,0,True,True,None,None,0,0,0,204822,None,,0,0,0,0,0.0,401,148,0,0,None,,0,2,0.0,0.0,0,0.00,0,0.00,0,0.00,0.00,0,0,Omar,0.0,424,150,0,0,0,False,0.0,412,148,476,False,0.0,407,148,,0,,None,40,605,171,p204822,0,0,None,0,,204822.jpg,0.0,424,150,False,-9,None,-49.7,"[{'offset': 0, 'projected_percent': '-52.7', 'likelihood': -3}, {'offset': 1, 'projected_percent': '-58.4', 'likelihood': -3}, {'offset': 2, 'projected_percent': '-64.1', 'likelihood': -3}]",0,0,241,False,0,0,,[],Richards,0.2,323,120,False,None,0,0,a,0,18,17,2022-07-10,0.0,341,129,0,3551,873,7240,1360,0.0,0.0,O.Richards,0
0,2006-05-13,0,0,False,True,0,0,0,0,0,549067,None,,0,0,0,0,0.0,425,163,0,0,None,,0,2,0.0,0.0,0,0.00,0,0.00,0,0.00,0.00,0,0,Zach,0.0,448,165,0,0,0,False,0.0,436,163,477,False,0.0,431,163,,0,Has joined Southampton on loan for the rest of the season,2026-09-02T16:19:54.536676Z,40,639,196,p549067,0,0,None,0,,549067.jpg,0.0,448,165,False,-20,None,0.0,"[{'offset': 0, 'projected_percent': '0.0', 'likelihood': 0}, {'offset': 1, 'projected_percent': '0.0', 'likelihood': 0}, {'offset': 2, 'projected_percent': '0.0', 'likelihood': 0}]",0,0,241,False,0,0,,[],Abbott,0.2,367,140,False,None,0,0,u,0,18,17,2022-08-22,0.0,365,144,0,2459,0,12692,1882,0.0,0.0,Abbott,0
0,2003-05-15,0,3,True,True,None,None,0,0.0,0,470315,None,,-1,1,-1,1,0.9,337,125,1,4.5,None,,0,2,0.5,0.5,0,0.00,0.0,0.00,0.0,0.00,0.13,0.58,0.0,Luca,0.5,322,115,1,4.5,0,False,0.3,375,137,478,False,2.0,367,136,,20,,None,44,568,152,p470315,0,0,None,0,,470315.jpg,1.0,296,112,False,0,None,-1.9,"[{'offset': 0, 'projected_percent': '-1.9', 'likelihood': -1}, {'offset': 1, 'projected_percent': '-1.9', 'likelihood': -1}, {'offset': 2, 'projected_percent': '-1.9', 'likelihood': -1}]",1,0,80,False,0,0.0,,[],Netz,0.0,534,186,False,None,0,0.0,a,1,18,17,2026-02-02,0.0,391,165,2,581,197,1431,303,0.1,0.5,Netz,0
0,2005-01-27,0,0,False,True,0,0,0,0,0,538638,None,,0,0,0,0,0.0,421,159,0,0,None,,0,2,0.0,0.0,0,0.00,0,0.00,0,0.00,0.00,0,0,Tyler,0.0,444,161,0,0,0,False,0.0,432,159,479,False,0.0,427,159,,0,Has joined Charlton Athletic on loan for the rest of the season,2026-09-01T13:16:05.383880Z,40,634,191,p538638,0,0,None,0,,538638.jpg,0.0,444,161,False,-15,None,0.0,"[{'offset': 0, 'projected_percent': '0.0', 'likelihood': 0}, {'offset': 1, 'projected_percent': '0.0', 'likelihood': 0}, {'offset': 2, 'projected_percent': '0.0', 'likelihood': 0}]",0,0,154,False,0,0,,[],Bindon,0.1,400,150,False,None,0,0,u,0,18,17,2025-02-03,0.0,361,140,0,799,0,7864,1131,0.0,0.0,Bindon,0
2,2000-01-27,6,91,True,True,100,100,1,0.25,2,222531,None,,1,-1,0,0,123.3,11,10,19,4.75,1,,1,3,6.5,6.5,8,1.02,0.26,2.58,0.65,1.56,4.10,1.02,0.39,Morgan,6.5,24,12,4,1.0,1,False,29.6,18,14,480,False,101.0,44,19,,360,,2026-08-24T15:30:08.350159Z,80,7,5,p222531,0,0,1,0,,222531.jpg,6.5,26,13,False,9518,None,32.7,"[{'offset': 0, 'projected_percent': '57.9', 'likelihood': 3}, {'offset': 1, 'projected_percent': '104.7', 'likelihood': 5}, {'offset': 2, 'projected_percent': '151.5', 'likelihood': 5}]",12,0,241,False,0,0.0,,[],Gibbs-White,14.9,26,10,False,None,4,1.0,a,5,18,17,2022-08-19,72.0,45,27,26,914185,515107,575041,31037,0.8,3.2,Gibbs-White,0
0,2000-11-07,0,2,True,True,100,100,0,0.0,0,209046,None,,-1,1,-2,2,0.3,369,182,0,0.0,4,,0,3,0.2,0.2,0,0.00,0.0,0.00,0.0,0.00,0.00,0.0,0.0,Callum,0.2,400,187,0,0.0,0,False,0.0,641,282,482,False,0.0,638,282,,1,,2026-07-23T12:01:23.832709Z,58,104,67,p209046,0,0,None,0,,209046.jpg,1.0,372,173,False,-6,None,-6.1,"[{'offset': 0, 'projected_percent': '-7.6', 'likelihood': -1}, {'offset': 1, 'projected_percent': '-10.5', 'likelihood': -1}, {'offset': 2, 'projected_percent': '-13.3', 'likelihood': -1}]",0,0,241,False,0,0.0,,[],Hudson-Odoi,0.2,363,130,False,None,0,0.0,a,0,18,17,2023-09-01,0.0,633,279,1,4651,1542,15950,2182,0.0,0.2,Hudson-Odoi,0
0,2000-10-25,2,41,True,True,None,None,1,0.35,2,456512,None,,0,0,0,0,38.3,134,85,19,6.63,None,,0,3,3.5,3.5,1,0.88,0.31,1.93,0.68,1.05,3.21,1.12,0.37,Dan,3.5,96,39,2,0.7,1,False,14.7,103,54,483,False,37.6,194,78,,258,,None,55,148,90,p456512,0,0,None,0,,456512.jpg,3.5,116,45,False,274,None,11.9,"[{'offset': 0, 'projected_percent': '13.9', 'likelihood': 1}, {'offset': 1, 'projected_percent': '17.5', 'likelihood': 1}, {'offset': 2, 'projected_percent': '21.2', 'likelihood': 2}]",15,0,207,False,0,0.0,,[],Ndoye,0.8,211,66,False,None,4,1.4,a,2,18,17,2025-07-31,74.0,42,25,14,64143,19092,39042,9469,0.6,2.5,Ndoye,1
0,2003-10-30,0,0,False,True,0,0,0,0,0,503301,None,,0,0,-1,1,0.0,627,274,0,0,None,,0,3,0.0,0.0,0,0.00,0,0.00,0,0.00,0.00,0,0,Omari,0.0,629,273,0,0,0,False,0.0,628,273,484,False,0.0,624,272,,0,Has joined AC Milan on loan for the rest of the season,2026-09-01T13:23:52.340206Z,54,214,136,p503301,0,0,None,0,,503301.jpg,0.0,629,273,False,-4,None,0.0,"[{'offset': 0, 'projected_percent': '0.0', 'likelihood': 0}, {'offset': 1, 'projected_percent': '0.0', 'likelihood': 0}, {'offset': 2, 'projected_percent': '0.0', 'likelihood': 0}]",0,0,241,False,0,0,,[],Hutchinson,0.1,450,174,False,None,0,0,u,0,18,17,2025-08-16,0.0,614,267,0,427,0,10445,910,0.0,0.0,Hutchinson,0
0,2002-08-26,0,0,False,True,0,0,0,0,0,476887,None,,0,0,0,0,0.0,640,280,0,0,None,,0,3,0.0,0.0,0,0.00,0,0.00,0,0.00,0.00,0,0,Dilane,0.0,639,279,0,0,0,False,0.0,638,279,485,False,0.0,634,278,,0,Has joined Lille on loan for the rest of the season,2026-08-27T14:53:03.381941Z,55,154,94,p476887,0,0,None,0,,476887.jpg,0.0,639,279,False,0,None,0.0,"[{'offset': 0, 'projected_percent': '0.0', 'likelihood': 0}, {'offset': 1, 'projected_percent': '0.0', 'likelihood': 0}, {'offset': 2, 'projected_percent': '0.0', 'likelihood': 0}]",0,0,73,False,0,0,,[],Bakwa,0.0,631,273,False,None,0,0,u,0,18,17,2025-09-01,0.0,628,274,0,107,0,1137,55,0.0,0.0,Bakwa,0
0,2002-10-18,0,74,True,True,None,None,2,0.54,8,432714,1,,0,0,0,0,147.8,7,7,35,9.43,None,,0,3,2.5,2.5,3,0.92,0.25,1.08,0.29,0.16,3.88,1.05,0.04,James,2.5,146,62,3,0.81,0,False,21.7,44,33,486,False,48.8,162,61,,334,,None,55,144,87,p432714,0,0,None,0,,432714.jpg,2.5,173,71,False,19,None,2.0,"[{'offset': 0, 'projected_percent': '2.1', 'likelihood': 1}, {'offset': 1, 'projected_percent': '2.4', 'likelihood': 1}, {'offset': 2, 'projected_percent': '2.6', 'likelihood': 1}]",19,0,241,False,0,0.0,,[],McAtee,0.1,409,151,False,None,4,1.08,a,8,18,17,2025-08-16,20.0,156,82,10,8800,2777,4753,1340,0.5,1.8,McAtee,2
0,1998-06-28,0,3,True,True,None,None,0,0.0,0,250199,None,,0,0,-1,1,0.0,545,228,0,0.0,None,,0,3,0.2,0.2,0,0.00,0.0,0.00,0.0,0.00,0.00,0.0,0.0,Nicolás,0.2,379,170,0,0.0,0,False,0.0,551,224,487,False,0.2,384,178,,1,,None,49,373,224,p250199,0,0,None,0,,250199.jpg,1.0,319,137,False,-5,None,-36.1,"[{'offset': 0, 'projected_percent': '-41.8', 'likelihood': -3}, {'offset': 1, 'projected_percent': '-52.4', 'likelihood': -3}, {'offset': 2, 'projected_percent': '-63.0', 'likelihood': -3}]",0,0,10,False,0,0.0,,[],Domínguez,0.1,483,190,False,None,0,0.0,a,0,18,17,2023-09-01,0.0,508,202,1,1099,215,3701,612,0.0,0.2,Dominguez,0
0,1997-12-02,0,12,True,True,100,100,0,0.0,4,210462,None,,0,0,-1,1,13.4,226,121,8,7.35,None,,0,3,0.8,0.8,1,0.02,0.02,0.11,0.1,0.09,0.56,0.51,0.08,Ibrahim,0.8,287,130,1,0.92,0,False,3.9,282,124,488,False,20.2,258,108,,98,,2026-08-28T09:30:07.471668Z,49,361,217,p210462,0,0,None,0,,210462.jpg,1.5,251,110,False,-76,None,-44.3,"[{'offset': 0, 'projected_percent': '-56.5', 'likelihood': -3}, {'offset': 1, 'projected_percent': '-79.2', 'likelihood': -3}, {'offset': 2, 'projected_percent': '-101.8', 'likelihood': -5}]",3,0,54,False,0,0.0,,[],Sangaré,0.5,261,85,False,None,1,0.92,a,1,18,17,2023-09-01,5.0,269,135,3,8612,1280,63274,4700,0.2,0.6,I.Sangaré,0
0,1997-11-21,0,0,True,True,100,100,0,0,0,204968,None,,0,0,0,0,0.0,463,194,0,0,None,,0,3,0.0,0.0,0,0.00,0,0.00,0,0.00,0.00,0,0,Ryan,0.0,483,195,0,0,0,False,0.0,471,189,489,False,0.0,466,187,,0,,2026-08-17T20:30:08.195072Z,45,453,260,p204968,0,0,None,0,,204968.jpg,0.0,483,195,False,-101,None,-47.0,"[{'offset': 0, 'projected_percent': '-53.1', 'likelihood': -3}, {'offset': 1, 'projected_percent': '-64.4', 'likelihood': -3}, {'offset': 2, 'projected_percent': '-75.7', 'likelihood': -3}]",0,0,241,False,0,0,,[],Yates,1.2,162,51,False,None,0,0,a,0,18,17,2018-08-01,0.0,412,166,0,29348,2641,84192,12933,0.0,0.0,Yates,0
0,1991-12-07,0,9,True,True,None,None,0,0.0,0,60689,None,,-1,1,-2,2,2.5,305,38,1,2.0,None,,0,4,0.8,0.8,1,0.01,0.02,0.13,0.26,0.12,0.49,0.98,0.24,Chris,0.8,307,37,1,2.0,0,False,0.4,372,42,490,False,0.2,387,43,,45,,None,58,100,26,p60689,0,0,2,0,,60689.jpg,1.0,371,44,False,-72,None,-18.3,"[{'offset': 0, 'projected_percent': '-21.6', 'likelihood': -2}, {'offset': 1, 'projected_percent': '-27.8', 'likelihood': -2}, {'offset': 2, 'projected_percent': '-34.0', 'likelihood': -2}]",1,0,154,False,0,0.0,,[],Wood,0.9,188,29,False,None,0,0.0,a,0,18,17,2023-07-01,3.0,297,41,3,21362,4449,107105,12852,0.1,0.5,Wood,0
0,2001-02-25,2,49,True,True,None,None,0,0.0,5,482973,None,,-1,1,-2,2,31.5,154,15,12,4.78,None,,0,4,2.8,2.8,7,0.07,0.03,1.16,0.46,1.09,2.57,1.02,0.43,Igor Jesus,2.8,140,16,3,1.19,1,False,16.9,78,12,491,False,51.4,153,11,Igor Jesus,226,,None,58,109,29,p482973,0,0,4,0,,482973.jpg,2.8,165,20,False,741,None,14.7,"[{'offset': 0, 'projected_percent': '20.0', 'likelihood': 2}, {'offset': 1, 'projected_percent': '29.9', 'likelihood': 2}, {'offset': 2, 'projected_percent': '39.8', 'likelihood': 2}]",5,0,30,False,0,0.0,,[],Maciel da Cruz,2.7,108,16,False,None,2,0.8,a,2,18,17,2025-07-05,86.0,29,11,11,100486,52027,239914,25421,0.5,1.9,Igor Jesus,1
0,2002-01-20,0,3,True,True,None,None,0,0.0,0,465680,None,,0,0,-1,1,0.0,624,72,0,0.0,None,,0,4,0.2,0.2,0,0.00,0.0,0.00,0.0,0.00,0.00,0.0,0.0,Arnaud,0.2,396,48,0,0.0,0,False,0.0,625,71,493,False,0.0,620,68,,1,,None,54,206,47,p465680,0,0,None,0,,465680.jpg,1.0,359,40,False,-12,None,0.1,"[{'offset': 0, 'projected_percent': '0.1', 'likelihood': 1}, {'offset': 1, 'projected_percent': '-18.4', 'likelihood': -1}, {'offset': 2, 'projected_percent': '-49.0', 'likelihood': -3}]",0,0,73,False,0,0.0,,[],Kalimuendo,0.1,494,70,False,None,0,0.0,a,0,18,17,2025-08-18,0.0,611,69,1,2760,433,3583,708,0.0,0.2,Kalimuendo,0
0,1997-09-28,0,54,True,True,None,None,1,0.31,9,204561,3,,0,0,0,0,19.2,199,111,42,13.22,None,,0,3,2.8,2.8,3,0.08,0.03,0.22,0.07,0.14,3.76,1.18,0.04,Xaver,2.8,133,57,4,1.26,0,False,10.2,171,81,558,False,54.8,139,48,Xaver Schlager,286,,None,50,257,160,p204561,0,0,None,0,,204561.jpg,2.8,159,66,False,21,None,0.4,"[{'offset': 0, 'projected_percent': '0.5', 'likelihood': 1}, {'offset': 1, 'projected_percent': '0.8', 'likelihood': 1}, {'offset': 2, 'projected_percent': '1.1', 'likelihood': 1}]",18,0,14,False,0,0.0,,[],Schlager,0.1,401,147,False,None,3,0.94,a,15,18,17,2026-07-23,27.0,129,66,11,5049,2432,4761,1033,0.6,2.2,Schlager,1
0,2003-12-04,0,13,True,True,None,None,0,0.0,13,568420,None,,0,0,-1,1,0.4,361,137,14,13.85,None,,0,2,1.2,1.2,4,0.00,0.0,0.11,0.11,0.11,0.82,0.81,0.11,Ousmane,1.2,251,91,1,0.99,0,False,3.6,290,110,581,False,24.6,242,100,,91,,None,54,220,28,p568420,0,0,None,0,,568420.jpg,2.5,172,67,False,13,None,-45.2,"[{'offset': 0, 'projected_percent': '-43.5', 'likelihood': -3}, {'offset': 1, 'projected_percent': '-40.3', 'likelihood': -3}, {'offset': 2, 'projected_percent': '-37.0', 'likelihood': -2}]",3,0,54,False,0,0.0,,[],Diomande,0.5,244,92,False,None,1,0.99,a,1,18,17,2026-08-11,11.0,217,75,5,11319,3207,38918,2844,0.2,0.9,Diomande,0
0,1998-10-01,0,0,True,True,None,None,0,0,0,428971,None,,0,0,0,0,0.0,474,44,0,0,None,,0,1,0.0,0.0,0,0.00,0,0.00,0,0.00,0.00,0,0,Steven,0.0,493,59,0,0,0,False,0.0,481,59,590,False,0.0,476,59,,0,,None,45,475,36,p428971,0,0,None,0,,428971.jpg,0.0,493,59,False,-5,None,0.1,"[{'offset': 0, 'projected_percent': '0.0', 'likelihood': 0}, {'offset': 1, 'projected_percent': '-4.7', 'likelihood': -1}, {'offset': 2, 'projected_percent': '-14.9', 'likelihood': -1}]",0,0,80,False,0,0,,[],Benda,0.1,463,52,False,None,0,0,a,0,18,17,2026-08-15,0.0,425,40,0,2476,358,2506,468,0.0,0.0,Benda,0
0,2000-06-08,2,68,True,True,None,None,2,0.5,27,469142,None,,0,0,-1,1,44.5,108,29,34,8.5,None,,0,2,4.5,4.5,8,0.12,0.03,0.46,0.11,0.34,6.62,1.66,0.08,Jan Paul,4.5,54,23,5,1.25,0,False,20.7,46,5,112,False,109.8,28,10,,360,,None,49,388,73,p469142,0,0,None,0,,469142.jpg,4.5,63,27,False,83,None,-19.7,"[{'offset': 0, 'projected_percent': '-18.8', 'likelihood': -1}, {'offset': 1, 'projected_percent': '-17.1', 'likelihood': -1}, {'offset': 2, 'projected_percent': '-15.4', 'likelihood': -1}]",13,0,152,False,0,0.0,,[],van Hecke,6.7,59,24,False,None,4,1.0,a,7,19,6,2026-06-18,53.0,69,12,18,127892,32526,435614,34171,0.9,3.7,Van Hecke,0
0,1997-09-24,0,5,True,True,None,None,0,0.0,2,109646,None,,0,0,-1,1,0.2,370,139,4,72.0,None,,0,2,0.2,0.2,1,0.00,0.0,0.00,0.0,0.00,0.03,0.54,0.0,Tosin,0.2,365,133,0,0.0,0,False,0.9,349,128,147,False,9.0,304,120,,5,,None,44,554,140,p109646,0,0,None,0,,109646.jpg,1.0,291,107,False,-2,None,-17.6,"[{'offset': 0, 'projected_percent': '-18.6', 'likelihood': -1}, {'offset': 1, 'projected_percent': '-20.4', 'likelihood': -2}, {'offset': 2, 'projected_percent': '-22.2', 'likelihood': -2}]",1,0,241,False,0,0.0,,[],Adarabioyo,0.2,365,139,False,None,0,0.0,a,2,19,6,2026-09-01,0.0,385,161,1,1818,363,7156,841,0.0,0.2,Tosin,0
0,1999-02-07,0,29,True,True,None,None,2,0.72,0,438234,None,,0,0,0,0,49.1,98,9,9,3.25,5,,0,4,1.5,1.5,2,0.11,0.04,0.47,0.17,0.36,2.68,0.97,0.13,Omar,1.5,242,23,2,0.72,0,False,11.1,155,20,401,False,12.4,285,28,Omar Marmoush,249,,None,70,27,9,p438234,0,0,2,0,,438234.jpg,2.0,230,26,False,267,None,36.3,"[{'offset': 0, 'projected_percent': '38.3', 'likelihood': 2}, {'offset': 1, 'projected_percent': '41.8', 'likelihood': 3}, {'offset': 2, 'projected_percent': '45.4', 'likelihood': 3}]",8,0,63,False,0,0.0,,"[{'property': 'loan_ineligible', 'notes': 'This player will not be available to face their parent club in Gameweek 25 as part of their loan conditions.', 'gameweek': 25, 'url': None}, {'property': 'loan_ineligible', 'notes': 'This player will not be available to face their parent club in Gameweek 19 as part of their loan conditions.', 'gameweek': 19, 'url': None}]",Marmoush,2.2,125,19,False,None,3,1.08,a,1,19,6,2026-08-27,52.0,71,17,6,211638,24379,134111,38319,0.2,0.9,Marmoush,0
0,2004-04-10,0,37,True,True,100,100,2,1.2,1,510281,4,,0,0,0,0,71.0,54,45,6,3.6,None,,0,3,1.5,1.5,3,0.53,0.32,0.65,0.39,0.12,1.60,0.96,0.07,Sávio,1.5,240,112,0,0.0,0,False,14.2,110,58,403,False,27.0,232,94,Sávio,150,,2026-08-29T16:30:08.380416Z,65,41,28,p510281,0,0,None,0,,510281.jpg,3.0,155,64,False,103,None,11.1,"[{'offset': 0, 'projected_percent': '11.9', 'likelihood': 1}, {'offset': 1, 'projected_percent': '13.2', 'likelihood': 1}, {'offset': 2, 'projected_percent': '14.6', 'likelihood': 1}]",5,0,30,False,0,0.0,,[],Moreira de Oliveira,0.7,220,68,False,None,2,1.2,a,0,19,6,2026-08-25,43.0,94,53,6,93885,9777,70035,10557,0.2,0.9,Sávio,0
0,2000-05-08,0,68,True,True,75,None,2,0.52,10,432422,None,,0,0,-1,1,71.4,52,43,31,8.11,None,,0,3,2.2,3.0,3,0.40,0.1,0.58,0.15,0.18,6.62,1.73,0.05,Sandro,3.0,120,52,5,1.31,0,False,13.6,118,60,455,False,46.2,166,63,,344,Knock - 75% chance of playing,2026-09-14T14:30:07.387706Z,54,195,124,p432422,0,0,None,0,,432422.jpg,3.0,145,60,False,-858,None,-106.3,"[{'offset': 0, 'projected_percent': '-123.4', 'likelihood': -5}, {'offset': 1, 'projected_percent': '-155.3', 'likelihood': -5}, {'offset': 2, 'projected_percent': '-187.1', 'likelihood': -5}]",16,0,106,False,0,0.0,https://www.tottenhamhotspur.com/news/1090050/team-news-udogie-back-porro-and-tonali-out-of-anfield-clash,[],Tonali,2.0,127,39,False,None,4,1.05,d,5,19,6,2026-07-06,18.0,165,86,12,44239,3190,244941,51244,0.6,2.2,Tonali,0
0,1996-10-07,0,0,False,True,0,0,0,0,0,184254,None,,0,0,0,0,0.0,461,39,0,0,None,,0,1,0.0,0.0,0,0.00,0,0.00,0,0.00,0.00,0,0,Guglielmo,0.0,481,55,0,0,0,False,0.0,469,55,494,False,0.0,464,55,,0,Has joined Juventus on loan for the rest of the season,2026-08-19T13:55:33.193962Z,45,447,31,p184254,0,0,None,0,,184254.jpg,0.0,481,55,False,-12,None,0.0,"[{'offset': 0, 'projected_percent': '0.0', 'likelihood': 0}, {'offset': 1, 'projected_percent': '0.0', 'likelihood': 0}, {'offset': 2, 'projected_percent': '0.0', 'likelihood': 0}]",0,0,106,False,0,0,,[],Vicario,0.1,374,41,False,None,0,0,u,0,19,6,2023-07-01,0.0,410,35,0,0,0,21195,1501,0.0,0.0,Vicario,0
0,1999-01-08,0,0,True,True,None,None,0,0,0,214572,None,,0,0,0,0,0.0,402,18,0,0,None,,0,1,0.0,0.0,0,0.00,0,0.00,0,0.00,0.00,0,0,Brandon,0.0,425,37,0,0,0,False,0.0,413,37,495,False,0.0,408,37,,0,,None,40,606,62,p214572,0,0,None,0,,214572.jpg,0.0,425,37,False,1,None,2.0,"[{'offset': 0, 'projected_percent': '2.0', 'likelihood': 1}, {'offset': 1, 'projected_percent': '2.0', 'likelihood': 1}, {'offset': 2, 'projected_percent': '2.0', 'likelihood': 1}]",0,0,241,False,0,0,,[],Austin,1.0,181,28,False,None,0,0,a,0,19,6,2017-07-22,0.0,342,14,0,26665,5153,18987,3882,0.0,0.0,Austin,0
0,2003-03-13,0,72,True,True,None,None,2,0.5,10,485055,None,,0,0,0,0,10.0,248,2,0,0.0,None,,0,1,4.0,4.0,7,0.00,0.0,0.00,0.0,0.00,6.62,1.66,0.0,Antonín,4.0,76,8,5,1.25,0,False,8.8,194,10,496,False,77.6,77,15,,360,,None,45,490,40,p485055,0,0,None,0,,485055.jpg,4.0,85,9,False,282,None,-36.0,"[{'offset': 0, 'projected_percent': '-34.8', 'likelihood': -2}, {'offset': 1, 'projected_percent': '-32.7', 'likelihood': -2}, {'offset': 2, 'projected_percent': '-30.5', 'likelihood': -2}]",29,0,57,False,9,2.25,,[],Kinský,18.2,22,3,False,None,4,1.0,a,0,19,6,2025-01-05,0.0,434,44,16,309628,76184,659773,74571,0.9,3.6,Kinsky,0
0,1989-01-15,0,0,True,True,None,None,0,0,0,67089,None,,0,0,0,0,0.0,386,9,0,0,None,,0,1,0.0,0.0,0,0.00,0,0.00,0,0.00,0.00,0,0,Martin,0.0,411,28,0,0,0,False,0.0,398,28,497,False,0.0,394,28,,0,,None,40,587,53,p67089,0,0,None,0,,67089.jpg,0.0,411,28,False,-208,None,-17.3,"[{'offset': 0, 'projected_percent': '-18.2', 'likelihood': -1}, {'offset': 1, 'projected_percent': '-19.8', 'likelihood': -1}, {'offset': 2, 'projected_percent': '-21.5', 'likelihood': -2}]",0,0,194,False,0,0,,[],Dubravka,17.6,23,4,False,None,0,0,a,0,19,6,2026-07-01,0.0,326,5,0,358186,47380,376815,69004,0.0,0.0,Dubravka,0
0,1997-05-10,0,10,True,True,None,None,0,0.0,11,221466,None,,-1,1,-2,2,2.2,309,112,16,16.0,None,,0,2,0.8,0.8,0,0.02,0.02,0.02,0.02,0.00,3.87,3.87,0.0,Marcos,0.8,309,110,3,3.0,0,False,3.9,284,107,498,False,36.6,199,83,,90,,None,58,105,10,p221466,0,0,None,0,,221466.jpg,3.0,151,60,False,-575,None,-34.3,"[{'offset': 0, 'projected_percent': '-40.8', 'likelihood': -3}, {'offset': 1, 'projected_percent': '-53.0', 'likelihood': -3}, {'offset': 2, 'projected_percent': '-65.1', 'likelihood': -3}]",2,0,10,False,0,0.0,,[],Senesi Barón,3.8,89,34,False,None,1,1.0,a,5,19,6,2026-07-01,0.0,634,213,3,27807,2172,423627,59862,0.1,0.5,Senesi,0
0,1999-09-13,1,29,True,True,75,75,1,0.5,6,441164,3,,-1,1,-1,1,43.7,114,30,8,4.0,1,,0,2,1.5,1.5,0,0.16,0.08,0.52,0.26,0.36,1.64,0.82,0.18,Pedro,2.0,181,68,2,1.0,0,False,9.3,184,69,499,False,22.6,248,103,,180,Unspecified injury - 75% chance of playing,2026-09-11T18:00:09.076279Z,54,199,25,p441164,0,0,None,0,,441164.jpg,4.0,90,38,False,-2658,None,-3.1,"[{'offset': 0, 'projected_percent': '-10.6', 'likelihood': -1}, {'offset': 1, 'projected_percent': '-24.5', 'likelihood': -2}, {'offset': 2, 'projected_percent': '-38.4', 'likelihood': -2}]",5,0,200,False,0,0.0,https://www.tottenhamhotspur.com/news/1090050/team-news-udogie-back-porro-and-tonali-out-of-anfield-clash,[],Porro Sauceda,8.4,46,18,False,None,2,1.0,d,2,19,6,2023-07-01,27.0,130,38,8,119154,1713,894473,219590,0.4,1.5,Pedro Porro,0
0,1998-04-27,0,0,False,True,0,0,0,0,0,221632,None,,0,0,0,0,0.0,576,206,0,0,None,,0,2,0.0,0.0,0,0.00,0,0.00,0,0.00,0.00,0,0,Cristian,0.0,582,206,0,0,0,False,0.0,577,206,500,False,0.0,572,206,,0,Has joined Atletico Madrid permanently,2026-08-17T13:49:05.465401Z,50,268,41,p221632,0,0,None,0,,221632.jpg,0.0,582,206,False,-3,None,0.0,"[{'offset': 0, 'projected_percent': '0.0', 'likelihood': 0}, {'offset': 1, 'projected_percent': '0.0', 'likelihood': 0}, {'offset': 2, 'projected_percent': '0.0', 'likelihood': 0}]",0,0,10,False,0,0,,[],Romero,0.1,436,159,False,None,0,0,u,0,19,6,2022-08-30,0.0,548,203,0,0,0,16465,561,0.0,0.0,Romero,0
0,1994-03-11,1,53,True,True,None,None,1,0.33,14,122798,1,,0,0,-1,1,67.8,56,8,17,5.54,None,,0,2,3.2,3.2,7,0.17,0.06,0.30,0.1,0.13,5.89,1.92,0.04,Andrew,3.2,101,38,4,1.3,0,False,16.2,85,22,502,False,59.8,123,59,,276,,None,44,556,141,p122798,0,0,None,0,,122798.jpg,3.2,124,51,False,29,None,1.5,"[{'offset': 0, 'projected_percent': '1.7', 'likelihood': 1}, {'offset': 1, 'projected_percent': '2.1', 'likelihood': 1}, {'offset': 2, 'projected_percent': '2.4', 'likelihood': 1}]",8,0,243,False,0,0.0,,[],Robertson,2.6,112,44,False,None,3,0.98,a,3,19,6,2026-07-01,35.0,114,30,13,57908,16385,165370,17401,0.7,3.0,Robertson,0
0,2001-04-19,3,62,True,True,100,100,2,0.67,19,491279,None,,0,0,0,0,6.4,261,93,23,7.67,None,,0,2,3.8,3.8,6,0.04,0.01,0.61,0.2,0.57,2.75,0.92,0.19,Micky,3.8,86,34,2,0.67,0,False,7.2,215,79,503,False,51.6,150,67,,270,,2026-08-21T15:00:07.610517Z,50,304,52,p491279,0,0,None,0,,491279.jpg,5.0,48,21,False,151,None,-5.7,"[{'offset': 0, 'projected_percent': '-2.8', 'likelihood': -1}, {'offset': 1, 'projected_percent': '0.9', 'likelihood': 1}, {'offset': 2, 'projected_percent': '2.9', 'likelihood': 1}]",12,0,152,False,0,0.0,,[],van de Ven,3.9,85,33,False,None,3,1.0,a,4,19,6,2023-08-08,14.0,196,64,15,84338,25534,243622,17150,0.8,3.0,Van de Ven,1
0,2000-08-09,0,0,False,True,0,0,0,0,0,232859,None,,0,0,0,0,0.0,469,183,0,0,None,,0,2,0.0,0.0,0,0.00,0,0.00,0,0.00,0.00,0,0,Djed,0.0,489,185,0,0,0,False,0.0,477,183,505,False,0.0,472,183,,0,Has joined Internazionale permanently,2026-08-18T14:13:08.454214Z,45,464,104,p232859,0,0,None,0,,232859.jpg,0.0,489,185,False,-10,None,0.0,"[{'offset': 0, 'projected_percent': '0.0', 'likelihood': 0}, {'offset': 1, 'projected_percent': '0.0', 'likelihood': 0}, {'offset': 2, 'projected_percent': '0.0', 'likelihood': 0}]",0,0,241,False,0,0,,[],Spence,0.2,316,118,False,None,0,0,u,0,19,6,2022-07-19,0.0,419,172,0,0,0,67779,2346,0.0,0.0,Spence,0
0,2002-11-28,0,21,True,True,100,75,1,1.05,3,487053,None,,-1,1,-1,1,13.5,223,77,4,4.19,None,,0,2,1.8,1.4,0,0.23,0.24,0.23,0.24,0.00,1.17,1.22,0.0,Destiny,1.8,198,74,1,1.05,0,False,2.7,301,112,506,False,9.8,302,119,,86,,2026-09-11T18:00:09.092110Z,44,570,154,p487053,0,0,None,0,,487053.jpg,2.3,180,71,False,-10,None,-3.6,"[{'offset': 0, 'projected_percent': '-4.8', 'likelihood': -1}, {'offset': 1, 'projected_percent': '-7.2', 'likelihood': -1}, {'offset': 2, 'projected_percent': '-9.5', 'likelihood': -1}]",4,0,106,False,0,0.0,,[],Udogie,0.3,279,102,False,None,1,1.05,a,1,19,6,2022-08-16,4.0,279,101,7,4996,706,20324,4453,0.4,1.6,Udogie,1
0,2005-06-26,0,0,False,True,0,0,0,0,0,548308,None,,0,0,0,0,0.0,494,191,0,0,None,,0,2,0.0,0.0,0,0.00,0,0.00,0,0.00,0.00,0,0,Ashley,0.0,511,193,0,0,0,False,0.0,499,191,507,False,0.0,494,191,,0,Has joined Middlesbrough permanently,2026-08-18T14:13:08.474144Z,45,507,126,p548308,0,0,None,0,,548308.jpg,0.0,511,193,False,0,None,0.0,"[{'offset': 0, 'projected_percent': '0.0', 'likelihood': 0}, {'offset': 1, 'projected_percent': '0.0', 'likelihood': 0}, {'offset': 2, 'projected_percent': '0.0', 'likelihood': 0}]",0,0,241,False,0,0,,[],Phillips,0.0,593,202,False,None,0,0,u,0,19,6,2023-08-05,0.0,450,184,0,0,0,1202,93,0.0,0.0,Phillips,0
0,1993-04-24,0,0,True,True,None,None,0,0,0,115556,None,,0,0,0,0,0.0,393,144,0,0,None,,0,2,0.0,0.0,0,0.00,0,0.00,0,0.00,0.00,0,0,Ben,0.0,418,148,0,0,0,False,0.0,405,145,508,False,0.0,401,146,,0,,None,40,594,164,p115556,0,0,None,0,,115556.jpg,0.0,418,148,False,-41,None,-98.7,"[{'offset': 0, 'projected_percent': '-102.4', 'likelihood': -5}, {'offset': 1, 'projected_percent': '-109.3', 'likelihood': -5}, {'offset': 2, 'projected_percent': '-116.3', 'likelihood': -5}]",0,0,244,False,0,0,,[],Davies,0.8,203,78,False,None,0,0,a,0,19,6,2014-07-23,0.0,333,125,0,11486,1734,35992,6287,0.0,0.0,Davies,0
0,None,0,0,True,True,None,None,0,0,0,640419,None,,0,0,0,0,0.0,436,173,0,0,None,,0,2,0.0,0.0,0,0.00,0,0.00,0,0.00,0.00,0,0,Jun'ai,0.0,459,175,0,0,0,False,0.0,447,173,509,False,0.0,442,173,,0,,None,40,653,209,p640419,0,0,None,0,,640419.jpg,0.0,459,175,False,-10,None,0.0,"[{'offset': 0, 'projected_percent': '-8.8', 'likelihood': -1}, {'offset': 1, 'projected_percent': '-31.5', 'likelihood': -2}, {'offset': 2, 'projected_percent': '-54.3', 'likelihood': -3}]",0,0,None,False,0,0,,[],Byfield,0.1,479,171,False,None,0,0,a,0,19,6,None,0.0,379,157,0,2128,469,2259,488,0.0,0.0,Byfield,0
0,None,0,0,True,True,None,None,0,0,0,499716,None,,0,0,0,0,0.0,418,157,0,0,None,,0,2,0.0,0.0,0,0.00,0,0.00,0,0.00,0.00,0,0,James,0.0,441,159,0,0,0,False,0.0,429,157,510,False,0.0,424,157,,0,,None,40,631,189,p499716,0,0,None,0,,499716.jpg,0.0,441,159,False,0,None,-6.1,"[{'offset': 0, 'projected_percent': '-6.1', 'likelihood': -1}, {'offset': 1, 'projected_percent': '-6.1', 'likelihood': -1}, {'offset': 2, 'projected_percent': '-6.1', 'likelihood': -1}]",0,0,None,False,0,0,,[],Rowswell,0.1,434,158,False,None,0,0,a,0,19,6,None,0.0,358,138,0,2613,556,3006,628,0.0,0.0,Rowswell,0
0,2006-06-16,0,0,False,True,0,0,0,0,0,616221,None,,0,0,0,0,0.0,435,172,0,0,None,,0,2,0.0,0.0,0,0.00,0,0.00,0,0.00,0.00,0,0,João Victor,0.0,458,174,0,0,0,False,0.0,446,172,511,False,0.0,441,172,Souza,0,Has joined FC Porto on loan for the rest of the season,2026-09-01T13:24:26.858636Z,40,652,208,p616221,0,0,None,0,,616221.jpg,0.0,458,174,False,-12,None,0.0,"[{'offset': 0, 'projected_percent': '0.0', 'likelihood': 0}, {'offset': 1, 'projected_percent': '0.0', 'likelihood': 0}, {'offset': 2, 'projected_percent': '0.0', 'likelihood': 0}]",0,0,30,False,0,0,,[],de Souza Menezes,0.2,354,133,False,None,0,0,u,0,19,6,2026-01-22,0.0,378,156,0,2555,0,15592,1997,0.0,0.0,Souza,0
0,2000-08-02,0,25,True,True,100,100,0,0.0,0,460842,6,,0,0,0,0,31.2,157,95,7,8.08,3,,0,3,0.8,0.8,1,0.22,0.25,0.26,0.3,0.04,1.11,1.28,0.05,Mohammed,0.8,314,147,1,1.15,0,False,6.3,235,106,512,False,12.4,284,120,,78,,2026-07-23T12:01:23.848657Z,65,40,27,p460842,0,0,3,0,,460842.jpg,1.0,385,182,False,13,None,1.3,"[{'offset': 0, 'projected_percent': '1.4', 'likelihood': 1}, {'offset': 1, 'projected_percent': '1.6', 'likelihood': 1}, {'offset': 2, 'projected_percent': '1.7', 'likelihood': 1}]",6,0,81,False,0,0.0,,[],Kudus,0.1,375,134,False,None,0,0.0,a,1,19,6,2025-07-10,19.0,162,85,3,10163,2097,9511,2379,0.1,0.5,Kudus,0
0,2003-04-21,0,0,True,True,0,0,0,0,0,493362,None,,0,0,-1,1,0.0,648,286,0,0,2,,0,3,0.0,0.0,0,0.00,0,0.00,0,0.00,0.00,0,0,Xavi,0.0,647,285,0,0,0,False,0.0,647,286,513,False,0.0,645,286,,0,Knee injury - Unknown return date,2026-07-23T12:01:23.864304Z,59,95,61,p493362,0,0,4,0,,493362.jpg,0.0,647,285,False,0,None,-9.7,"[{'offset': 0, 'projected_percent': '-9.7', 'likelihood': -1}, {'offset': 1, 'projected_percent': '-9.7', 'likelihood': -1}, {'offset': 2, 'projected_percent': '-9.7', 'likelihood': -1}]",0,0,152,False,0,0,,[],Simons,0.0,598,252,False,None,0,0,i,0,19,6,2025-08-29,0.0,642,284,0,290,49,1032,113,0.0,0.0,Xavi,0
0,2005-04-27,0,41,True,True,None,None,1,0.35,1,511499,5,,0,0,-2,2,52.7,86,58,13,4.55,4,,0,3,2.0,2.0,1,0.23,0.08,0.44,0.15,0.21,5.55,1.94,0.07,Mathys,2.0,187,86,4,1.4,0,False,14.6,106,56,514,False,21.6,253,106,,257,,None,58,112,71,p511499,0,0,None,0,,511499.jpg,2.0,222,97,False,-47,None,-106.6,"[{'offset': 0, 'projected_percent': '-123.4', 'likelihood': -5}, {'offset': 1, 'projected_percent': '-154.7', 'likelihood': -5}, {'offset': 2, 'projected_percent': '-185.9', 'likelihood': -5}]",11,0,73,False,0,0.0,,[],Tel,0.2,326,116,False,None,3,1.05,a,1,19,6,2025-07-01,72.0,44,26,8,8785,750,43320,4720,0.3,1.4,Tel,0
0,1996-11-23,0,9,True,True,100,100,0,0.0,3,172780,None,,0,0,-2,2,12.1,235,125,5,12.86,None,,0,3,0.5,0.5,1,0.02,0.05,0.02,0.05,0.00,0.88,2.26,0.0,James,0.5,357,166,0,0.0,0,False,3.2,296,133,515,False,11.2,292,122,,35,,2026-08-25T14:30:07.623508Z,63,47,32,p172780,0,0,None,0,,172780.jpg,1.0,380,178,False,-23,None,-41.1,"[{'offset': 0, 'projected_percent': '-45.2', 'likelihood': -3}, {'offset': 1, 'projected_percent': '-52.9', 'likelihood': -3}, {'offset': 2, 'projected_percent': '-60.6', 'likelihood': -3}]",2,0,241,False,0,0.0,,[],Maddison,0.4,267,89,False,None,0,0.0,a,0,19,6,2023-06-28,8.0,242,120,2,4656,1348,93306,3719,0.1,0.3,Maddison,0
0,1997-06-25,0,54,True,True,None,None,2,0.63,19,202993,None,,0,0,0,0,33.0,147,90,43,13.48,None,,0,3,2.8,2.8,3,0.08,0.03,0.10,0.04,0.02,4.49,1.41,0.01,Rodrigo,2.8,139,61,3,0.94,0,False,9.9,175,84,516,False,58.4,127,41,,287,,None,55,133,81,p202993,0,0,None,0,,202993.jpg,2.8,164,69,False,22,None,-60.0,"[{'offset': 0, 'projected_percent': '-50.5', 'likelihood': -3}, {'offset': 1, 'projected_percent': '-33.0', 'likelihood': -2}, {'offset': 2, 'projected_percent': '-15.4', 'likelihood': -1}]",15,0,230,False,0,0.0,,[],Bentancur,0.2,350,126,False,None,3,0.94,a,9,19,6,2022-01-31,6.0,261,130,11,4369,1711,7357,1309,0.5,2.0,Bentancur,0
0,2004-11-28,0,0,True,True,0,0,0,0,0,550839,None,,0,0,0,0,0.0,641,281,0,0,None,,0,3,0.0,0.0,0,0.00,0,0.00,0,0.00,0.00,0,0,Wilson,0.0,640,280,0,0,0,False,0.0,639,280,517,False,0.0,636,280,,0,Knee injury - Unknown return date,2026-07-23T12:01:23.879434Z,55,167,104,p550839,0,0,None,0,,550839.jpg,0.0,640,280,False,0,None,0.0,"[{'offset': 0, 'projected_percent': '0.0', 'likelihood': 0}, {'offset': 1, 'projected_percent': '0.0', 'likelihood': 0}, {'offset': 2, 'projected_percent': '0.0', 'likelihood': 0}]",0,0,73,False,0,0,https://www.tottenhamhotspur.com/news/1008505/odobert-suffers-acl-injury,[],Odobert,0.0,653,291,False,None,0,0,i,0,19,6,2024-08-16,0.0,630,276,0,99,20,92,17,0.0,0.0,Odobert,0
0,2002-09-14,0,0,False,True,0,0,0,0,0,482442,None,,0,0,-1,1,0.0,554,233,0,0,None,,0,3,0.0,0.0,0,0.00,0,0.00,0,0.00,0.00,0,0,Pape Matar,0.0,566,233,0,0,0,False,0.0,559,229,518,False,0.0,554,227,Pape Matar Sarr,0,Has joined Juventus on loan for the rest of the season,2026-09-02T16:02:43.386849Z,49,390,232,p482442,0,0,None,0,,482442.jpg,0.0,566,233,False,-20,None,0.0,"[{'offset': 0, 'projected_percent': '0.0', 'likelihood': 0}, {'offset': 1, 'projected_percent': '0.0', 'likelihood': 0}, {'offset': 2, 'projected_percent': '0.0', 'likelihood': 0}]",0,0,189,False,0,0,,[],Sarr,0.1,444,170,False,None,0,0,u,0,19,6,2021-08-27,0.0,517,207,0,4138,0,22737,1818,0.0,0.0,P.M.Sarr,0
0,2000-02-06,0,24,True,True,None,None,1,0.7,1,232787,None,,-1,1,-2,2,9.9,249,130,14,9.84,None,,0,3,0.8,0.8,0,0.12,0.08,0.14,0.09,0.02,2.58,1.81,0.01,Conor,0.8,295,136,2,1.41,0,False,2.2,319,146,519,False,10.2,299,129,,128,,None,53,227,143,p232787,0,0,None,0,,232787.jpg,1.5,259,114,False,-10,None,-0.4,"[{'offset': 0, 'projected_percent': '-2.7', 'likelihood': -1}, {'offset': 1, 'projected_percent': '-7.1', 'likelihood': -1}, {'offset': 2, 'projected_percent': '-11.4', 'likelihood': -1}]",8,0,241,False,0,0.0,,[],Gallagher,0.2,345,122,False,None,2,1.41,a,5,19,6,2026-01-14,3.0,295,145,3,3620,576,15928,2138,0.2,0.6,Gallagher,1
0,2006-02-02,0,10,True,True,None,None,0,0.0,1,570526,None,,0,0,-1,1,9.9,250,131,12,15.0,None,,0,3,0.5,0.5,1,0.26,0.32,0.32,0.4,0.06,2.14,2.68,0.08,Lucas,0.5,349,161,2,2.5,0,False,2.3,317,145,520,False,8.0,314,142,,72,,None,54,221,141,p570526,0,0,None,0,,570526.jpg,1.0,364,168,False,-5,None,-76.9,"[{'offset': 0, 'projected_percent': '-79.6', 'likelihood': -3}, {'offset': 1, 'projected_percent': '-84.4', 'likelihood': -3}, {'offset': 2, 'projected_percent': '-89.3', 'likelihood': -3}]",9,0,206,False,0,0.0,,[],Bergvall,0.1,369,132,False,None,1,1.25,a,2,19,6,2024-07-01,9.0,234,117,2,1725,289,8714,1038,0.1,0.4,Bergvall,0
0,2000-04-25,0,0,True,True,0,0,0,0,0,445044,None,,0,0,0,0,0.0,655,293,0,0,None,,0,3,0.0,0.0,0,0.00,0,0.00,0,0.00,0.00,0,0,Dejan,0.0,654,292,0,0,0,False,0.0,654,293,521,False,0.0,654,293,,0,Knee injury - Unknown return date,2026-07-23T12:01:23.895175Z,65,38,26,p445044,0,0,None,0,,445044.jpg,0.0,654,292,False,1,None,-79.5,"[{'offset': 0, 'projected_percent': '-75.7', 'likelihood': -3}, {'offset': 1, 'projected_percent': '-68.7', 'likelihood': -3}, {'offset': 2, 'projected_percent': '-61.7', 'likelihood': -3}]",0,0,206,False,0,0,https://www.tottenhamhotspur.com/news/1089549/team-news-mudryk-injured-kulusevski-still-out,[],Kulusevski,0.0,610,260,False,None,0,0,i,0,19,6,2023-07-01,0.0,653,293,0,301,58,653,81,0.0,0.0,Kulusevski,0
0,2006-03-12,0,37,True,True,None,None,1,0.38,9,547701,None,,-1,1,-1,1,11.5,239,126,22,8.39,None,,0,3,1.8,1.8,3,0.04,0.02,0.13,0.05,0.09,4.99,1.9,0.03,Archie,1.8,209,94,4,1.53,0,False,3.9,283,125,522,False,17.6,268,112,,236,,None,49,403,242,p547701,0,0,None,0,,547701.jpg,2.3,184,76,False,-1,None,-2.2,"[{'offset': 0, 'projected_percent': '-2.4', 'likelihood': -1}, {'offset': 1, 'projected_percent': '-2.7', 'likelihood': -1}, {'offset': 2, 'projected_percent': '-3.0', 'likelihood': -1}]",10,0,241,False,0,0.0,,[],Gray,0.2,346,123,False,None,3,1.14,a,3,19,6,2024-07-02,10.0,223,111,7,6147,1399,11778,1873,0.4,1.4,Gray,0
0,2007-08-11,0,11,False,True,0,0,0,0.0,0,499721,None,,0,0,0,0,6.3,263,136,3,3.03,None,,0,3,0.0,0.0,0,0.02,0.02,0.42,0.42,0.40,3.26,3.3,0.4,Mikey,0.8,293,134,4,4.04,0,False,7.5,211,96,523,False,14.2,274,115,,89,Has joined FC Köln on loan for the rest of the season,2026-09-04T12:39:48.098158Z,50,309,184,p499721,0,0,None,0,,499721.jpg,1.5,258,113,False,-19,None,0.0,"[{'offset': 0, 'projected_percent': '0.0', 'likelihood': 0}, {'offset': 1, 'projected_percent': '0.0', 'likelihood': 0}, {'offset': 2, 'projected_percent': '0.0', 'likelihood': 0}]",2,0,241,False,0,0.0,,[],Moore,0.1,476,186,False,None,1,1.01,u,1,19,6,2024-05-01,56.0,64,41,3,3258,0,16086,1581,0.2,0.6,Moore,0
0,None,0,0,True,True,None,None,0,0,0,499726,None,,0,0,-1,1,0.0,447,190,0,0,None,,0,3,0.0,0.0,0,0.00,0,0.00,0,0.00,0.00,0,0,Callum,0.0,470,191,0,0,0,False,0.0,458,185,524,False,0.0,453,183,,0,,None,44,574,293,p499726,0,0,None,0,,499726.jpg,0.0,470,191,False,13,None,7.7,"[{'offset': 0, 'projected_percent': '7.8', 'likelihood': 1}, {'offset': 1, 'projected_percent': '8.0', 'likelihood': 1}, {'offset': 2, 'projected_percent': '8.2', 'likelihood': 1}]",0,0,None,False,0,0,,[],Olusesi,1.1,177,57,False,None,0,0,a,0,19,6,None,0.0,394,161,0,47372,29982,39572,12707,0.0,0.0,Olusesi,0
0,2004-07-10,0,48,True,True,None,None,1,0.44,0,551226,2,,0,0,-2,2,86.9,35,30,14,6.18,None,,0,3,1.5,1.5,3,0.26,0.11,0.38,0.16,0.12,3.61,1.59,0.05,Mateus,1.5,236,108,3,1.32,0,False,13.5,122,62,525,False,24.2,243,101,Mateus Fernandes,204,,None,58,113,72,p551226,0,0,None,0,,551226.jpg,1.5,263,118,False,-57,None,-64.7,"[{'offset': 0, 'projected_percent': '-69.8', 'likelihood': -3}, {'offset': 1, 'projected_percent': '-79.2', 'likelihood': -3}, {'offset': 2, 'projected_percent': '-88.6', 'likelihood': -3}]",8,0,173,False,0,0.0,,[],Fernandes,0.8,200,63,False,None,2,0.88,a,6,19,6,2026-07-02,25.0,136,70,6,13323,2013,115472,11330,0.3,1.0,Fernandes,1
0,1997-09-14,0,12,True,True,None,None,1,0.86,1,154566,None,,-1,1,-2,2,4.9,276,33,3,2.57,None,,0,4,1.2,1.2,2,0.01,0.01,0.45,0.39,0.44,1.56,1.34,0.38,Dominic,1.2,253,26,0,0.0,0,False,2.7,305,33,526,False,3.2,357,38,,105,,None,58,101,27,p154566,0,0,1,0,,154566.jpg,1.2,277,32,False,-42,None,-7.1,"[{'offset': 0, 'projected_percent': '-9.2', 'likelihood': -1}, {'offset': 1, 'projected_percent': '-13.2', 'likelihood': -1}, {'offset': 2, 'projected_percent': '-17.2', 'likelihood': -1}]",2,0,241,False,0,0.0,,[],Solanke-Mitchell,0.9,199,32,False,None,1,0.86,a,0,19,6,2024-08-10,21.0,152,28,5,26111,4611,86740,10769,0.2,0.9,Solanke,0
0,1997-05-10,0,6,False,True,0,0,0,0.0,1,212319,None,,0,0,-1,1,2.2,310,39,1,1.34,None,,0,4,0.0,0.0,0,0.00,0.0,0.00,0.0,0.00,3.02,4.06,0.0,Richarlison,0.5,353,42,3,4.03,0,False,0.2,385,44,527,False,0.0,641,73,Richarlison,67,not included in squad.,2026-09-04T12:32:39.183614Z,59,85,23,p212319,0,0,None,0,,212319.jpg,2.0,223,24,False,-209,None,0.0,"[{'offset': 0, 'projected_percent': '0.0', 'likelihood': 0}, {'offset': 1, 'projected_percent': '0.0', 'likelihood': 0}, {'offset': 2, 'projected_percent': '0.0', 'likelihood': 0}]",0,0,30,False,0,0.0,,[],de Andrade,0.7,213,34,False,None,1,1.34,u,0,19,6,2022-07-01,0.0,638,74,2,21439,0,257767,17699,0.1,0.3,Richarlison,0
0,2004-03-24,0,0,False,True,0,0,0,0,0,490145,None,,0,0,0,0,0.0,481,50,0,0,None,,0,4,0.0,0.0,0,0.00,0,0.00,0,0.00,0.00,0,0,Dane,0.0,498,51,0,0,0,False,0.0,486,47,528,False,0.0,481,44,,0,Has joined Leyton Orient permanently,2026-09-02T16:02:43.413625Z,45,493,66,p490145,0,0,None,0,,490145.jpg,0.0,498,51,False,-118,None,0.0,"[{'offset': 0, 'projected_percent': '0.0', 'likelihood': 0}, {'offset': 1, 'projected_percent': '0.0', 'likelihood': 0}, {'offset': 2, 'projected_percent': '0.0', 'likelihood': 0}]",0,0,241,False,0,0,,[],Scarlett,1.2,166,25,False,None,0,0,u,0,19,6,2020-08-21,0.0,437,43,0,42525,0,98595,15567,0.0,0.0,Scarlett,0
0,2001-01-05,0,3,True,True,0,0,0,0.0,0,465920,None,,0,0,-1,1,0.1,378,187,0,0.0,None,,0,3,0.0,0.0,0,0.00,0.0,0.00,0.0,0.00,0.16,0.9,0.0,Mykhailo,0.2,397,184,0,0.0,0,False,0.1,390,182,578,False,0.0,621,269,,16,Ankle injury - Unknown return date,2026-09-11T18:00:09.154412Z,54,207,130,p465920,0,0,None,0,,465920.jpg,1.0,360,165,False,-13,None,-83.1,"[{'offset': 0, 'projected_percent': '-90.6', 'likelihood': -3}, {'offset': 1, 'projected_percent': '-104.5', 'likelihood': -5}, {'offset': 2, 'projected_percent': '-118.5', 'likelihood': -5}]",0,0,225,False,0,0.0,https://www.tottenhamhotspur.com/news/1089549/team-news-mudryk-injured-kulusevski-still-out,"[{'property': 'loan_ineligible', 'notes': 'This player will not be available to face their parent club in Gameweek 35 as part of their loan conditions.', 'gameweek': 35, 'url': None}, {'property': 'loan_ineligible', 'notes': 'This player will not be available to face their parent club in Gameweek 8 as part of their loan conditions.', 'gameweek': 8, 'url': None}]",Mudryk,0.0,500,199,False,None,0,0.0,i,0,19,6,2026-09-01,2.0,311,153,1,5419,31,6817,1909,0.0,0.2,Mudryk,0
0,2008-10-01,0,0,True,True,None,None,0,0,0,611917,None,,0,0,0,0,0.0,514,209,0,0,None,,0,3,0.0,0.0,0,0.00,0,0.00,0,0.00,0.00,0,0,Luca,0.0,531,210,0,0,0,False,0.0,520,204,601,False,0.0,515,202,,0,,None,45,534,279,p611917,0,0,None,0,,611917.jpg,0.0,531,210,False,-2,None,-19.7,"[{'offset': 0, 'projected_percent': '-20.8', 'likelihood': -2}, {'offset': 1, 'projected_percent': '-23.0', 'likelihood': -2}, {'offset': 2, 'projected_percent': '-25.2', 'likelihood': -2}]",0,0,241,False,0,0,,[],Williams-Barnett,0.1,381,139,False,None,0,0,a,0,19,6,2025-07-25,0.0,471,181,0,9999,572,6103,1432,0.0,0.0,Williams-Barnett,0
0,1998-09-19,0,15,True,True,None,None,0,0.0,11,135720,None,,0,0,0,0,21.9,188,61,12,6.0,None,,0,2,0.8,0.8,1,0.16,0.08,0.16,0.08,0.00,3.09,1.54,0.0,Kevin,0.8,289,107,3,1.5,0,False,6.2,237,87,501,False,37.6,193,81,,180,,None,50,245,36,p135720,0,0,None,0,,135720.jpg,1.5,254,94,False,5,None,-87.2,"[{'offset': 0, 'projected_percent': '-85.0', 'likelihood': -3}, {'offset': 1, 'projected_percent': '-81.1', 'likelihood': -3}, {'offset': 2, 'projected_percent': '-77.2', 'likelihood': -3}]",6,0,14,False,0,0.0,,"[{'property': 'loan_ineligible', 'notes': 'This player will not be available to face their parent club in Gameweek 23 as part of their loan conditions.', 'gameweek': 23, 'url': None}, {'property': 'loan_ineligible', 'notes': 'This player will not be available to face their parent club in Gameweek 12 as part of their loan conditions.', 'gameweek': 12, 'url': None}]",Danso,0.2,362,138,False,None,2,1.0,a,1,20,56,2026-09-01,2.0,305,115,3,5229,1334,8780,1289,0.2,0.6,Danso,0
0,2003-01-17,0,49,True,True,None,None,1,0.25,5,498016,None,,-1,1,-1,1,0.0,556,59,0,0.0,None,,0,1,2.8,2.8,2,0.00,0.0,0.00,0.0,0.00,5.84,1.46,0.0,Robin,2.8,132,13,5,1.25,0,False,5.9,243,20,529,False,59.0,126,20,,360,,None,49,393,21,p498016,0,0,None,0,,498016.jpg,2.8,158,13,False,-202,None,-10.1,"[{'offset': 0, 'projected_percent': '-13.5', 'likelihood': -1}, {'offset': 1, 'projected_percent': '-19.8', 'likelihood': -1}, {'offset': 2, 'projected_percent': '-26.2', 'likelihood': -2}]",31,0,152,False,5,1.25,,[],Roefs,2.6,113,18,False,None,4,1.0,a,0,20,56,2025-08-01,0.0,519,57,11,19404,2114,158909,29103,0.6,2.2,Roefs,0
0,2000-05-10,0,0,False,True,0,0,0,0,0,232571,None,,0,0,0,0,0.0,405,19,0,0,None,,0,1,0.0,0.0,0,0.00,0,0.00,0,0.00,0.00,0,0,Anthony,0.0,428,38,0,0,0,False,0.0,416,38,530,False,0.0,411,38,,0,Has joined Wrexham permanently,2026-08-12T14:08:03.064533Z,40,612,63,p232571,0,0,None,0,,232571.jpg,0.0,428,38,False,-4,None,0.0,"[{'offset': 0, 'projected_percent': '0.0', 'likelihood': 0}, {'offset': 1, 'projected_percent': '0.0', 'likelihood': 0}, {'offset': 2, 'projected_percent': '0.0', 'likelihood': 0}]",0,0,241,False,0,0,,[],Patterson,0.1,392,45,False,None,0,0,u,0,20,56,2018-10-09,0.0,345,15,0,0,0,5578,669,0.0,0.0,Patterson,0
0,2003-05-22,0,0,True,True,None,None,0,0,0,515046,None,,0,0,0,0,0.0,489,49,0,0,None,,0,1,0.0,0.0,0,0.00,0,0.00,0,0.00,0.00,0,0,Melker,0.0,506,62,0,0,0,False,0.0,494,62,531,False,0.0,489,62,,0,,None,45,502,43,p515046,0,0,None,0,,515046.jpg,0.0,506,62,False,-3,None,-84.1,"[{'offset': 0, 'projected_percent': '-86.6', 'likelihood': -3}, {'offset': 1, 'projected_percent': '-91.2', 'likelihood': -3}, {'offset': 2, 'projected_percent': '-95.8', 'likelihood': -4}]",0,0,206,False,0,0,,[],Ellborg,0.1,446,50,False,None,0,0,a,0,20,56,2026-02-01,0.0,445,47,0,1003,154,2985,454,0.0,0.0,Ellborg,0
0,1999-09-22,0,43,True,True,None,None,1,0.25,29,223827,None,,0,0,-1,1,23.5,178,57,35,8.75,None,,0,2,3.0,3.0,0,0.16,0.04,0.33,0.08,0.17,5.84,1.46,0.04,Daniel,3.0,111,43,5,1.25,0,False,12.3,138,50,532,False,75.8,83,37,,360,,None,49,367,67,p223827,0,0,None,0,,223827.jpg,3.0,136,58,False,-447,None,-54.3,"[{'offset': 0, 'projected_percent': '-66.6', 'likelihood': -3}, {'offset': 1, 'projected_percent': '-89.4', 'likelihood': -3}, {'offset': 2, 'projected_percent': '-112.2', 'likelihood': -5}]",9,0,242,False,0,0.0,,[],Ballard,2.7,109,43,False,None,4,1.0,a,6,20,56,2022-07-01,24.0,137,41,12,41066,5470,286742,38967,0.6,2.4,Ballard,2
0,1997-11-01,1,39,True,True,100,100,1,0.33,30,200834,None,,-1,1,-1,1,17.9,201,65,39,13.0,None,,0,2,3.2,3.2,0,0.05,0.02,0.75,0.25,0.70,4.04,1.35,0.23,Nordi,3.2,106,42,3,1.0,0,False,15.1,98,31,533,False,85.4,68,30,,270,,2026-08-09T08:30:05.954750Z,54,182,21,p200834,0,0,None,0,,200834.jpg,4.3,72,30,False,-171,None,-13.3,"[{'offset': 0, 'projected_percent': '-17.1', 'likelihood': -1}, {'offset': 1, 'projected_percent': '-24.2', 'likelihood': -2}, {'offset': 2, 'projected_percent': '-31.2', 'likelihood': -2}]",13,0,73,False,0,0.0,,[],Mukiele,2.0,129,52,False,None,3,1.0,a,9,20,56,2025-08-17,48.0,82,16,13,38552,4634,115038,22882,0.6,2.4,Mukiele,1
0,2002-03-18,0,46,True,True,None,None,1,0.46,3,487676,3,,0,0,-1,1,58.6,73,15,12,5.54,None,,0,2,2.2,2.2,0,0.28,0.13,0.32,0.15,0.04,3.09,1.43,0.02,Trai,2.2,152,57,1,0.46,0,False,10.6,166,64,534,False,31.8,219,96,,195,,None,44,571,155,p487676,0,0,None,0,,487676.jpg,3.0,133,55,False,-751,None,-78.4,"[{'offset': 0, 'projected_percent': '-95.8', 'likelihood': -4}, {'offset': 1, 'projected_percent': '-128.3', 'likelihood': -5}, {'offset': 2, 'projected_percent': '-160.8', 'likelihood': -5}]",12,0,242,False,0,0.0,,[],Hume,3.2,99,37,False,None,2,0.92,a,9,20,56,2022-01-04,15.0,178,58,9,36402,1586,344734,67500,0.5,2.0,Hume,0
0,1996-12-26,0,2,True,True,100,100,0,0.0,0,201895,None,,0,0,-1,1,0.6,349,132,0,0.0,None,,0,2,0.2,0.2,0,0.01,0.04,0.01,0.04,0.00,0.10,0.39,0.0,Omar,0.2,377,141,1,3.91,0,False,0.0,546,202,535,False,0.0,542,202,,23,,2026-08-09T08:30:05.962393Z,49,358,63,p201895,0,0,None,0,,201895.jpg,1.0,315,123,False,-34,None,-79.9,"[{'offset': 0, 'projected_percent': '-90.3', 'likelihood': -3}, {'offset': 1, 'projected_percent': '-109.6', 'likelihood': -5}, {'offset': 2, 'projected_percent': '-128.9', 'likelihood': -5}]",2,0,168,False,0,0.0,,[],Alderete,0.2,311,117,False,None,0,0.0,a,0,20,56,2025-08-12,0.0,501,197,1,4709,235,25369,3309,0.0,0.2,Alderete,0
0,1994-01-21,0,37,True,True,0,None,1,0.25,21,434399,None,,0,0,0,0,36.4,139,40,29,7.25,None,,0,2,0.0,1.8,-2,0.32,0.08,0.32,0.08,0.00,5.05,1.26,0.0,Reinildo,1.8,203,78,5,1.25,0,False,9.5,180,66,536,False,53.8,142,65,Reinildo Mandava,360,Suspended until 10 Oct,2026-09-12T21:30:09.421687Z,45,476,113,p434399,0,0,None,0,,434399.jpg,1.8,235,87,False,-85,None,-79.9,"[{'offset': 0, 'projected_percent': '-87.9', 'likelihood': -3}, {'offset': 1, 'projected_percent': '-102.9', 'likelihood': -5}, {'offset': 2, 'projected_percent': '-117.8', 'likelihood': -5}]",18,1,146,False,0,0.0,,[],Mandava,0.3,298,107,False,None,4,1.0,s,8,20,56,2025-07-08,6.0,254,91,7,3851,124,20741,7708,0.4,1.6,Reinildo,0
0,2003-05-23,0,0,False,True,0,0,0,0,0,519634,None,,0,0,0,0,0.0,490,190,0,0,None,,0,2,0.0,0.0,0,0.00,0,0.00,0,0.00,0.00,0,0,Jenson,0.0,507,192,0,0,0,False,0.0,495,190,537,False,0.0,490,190,,0,Has joined Swansea City on loan for the rest of the season,2026-08-29T00:34:52.425076Z,45,503,125,p519634,0,0,None,0,,519634.jpg,0.0,507,192,False,-2,None,0.0,"[{'offset': 0, 'projected_percent': '0.0', 'likelihood': 0}, {'offset': 1, 'projected_percent': '0.0', 'likelihood': 0}, {'offset': 2, 'projected_percent': '0.0', 'likelihood': 0}]",0,0,152,False,0,0,,[],Seelt,0.0,632,211,False,None,0,0,u,0,20,56,2023-07-01,0.0,446,183,0,61,0,631,44,0.0,0.0,Seelt,0
0,2003-08-26,0,0,False,True,0,0,0,0,0,477547,None,,0,0,0,0,0.0,413,154,0,0,None,,0,2,0.0,0.0,0,0.00,0,0.00,0,0.00,0.00,0,0,Leo Fuhr,0.0,436,156,0,0,0,False,0.0,424,154,538,False,0.0,419,154,,0,Has joined KV Mechelen on loan for the rest of the season,2026-08-12T14:08:03.081789Z,40,625,185,p477547,0,0,None,0,,477547.jpg,0.0,436,156,False,0,None,0.0,"[{'offset': 0, 'projected_percent': '0.0', 'likelihood': 0}, {'offset': 1, 'projected_percent': '0.0', 'likelihood': 0}, {'offset': 2, 'projected_percent': '0.0', 'likelihood': 0}]",0,0,161,False,0,0,,[],Hjelde,0.0,516,182,False,None,0,0,u,0,20,56,2024-01-30,0.0,353,135,0,0,0,2333,260,0.0,0.0,Hjelde,0
0,1994-11-21,0,1,True,True,None,None,0,0.0,4,167512,None,,0,0,0,0,1.4,324,117,5,6.82,None,,0,2,0.2,0.2,0,0.01,0.01,0.02,0.02,0.01,1.69,2.3,0.01,Luke,0.2,363,131,1,1.36,0,False,1.7,330,119,539,False,11.4,288,116,,66,,None,40,598,166,p167512,0,0,None,0,,167512.jpg,1.0,283,100,False,-194,None,-102.3,"[{'offset': 0, 'projected_percent': '-108.2', 'likelihood': -5}, {'offset': 1, 'projected_percent': '-119.2', 'likelihood': -5}, {'offset': 2, 'projected_percent': '-130.3', 'likelihood': -5}]",4,0,241,False,0,0.0,,[],O'Nien,2.4,117,47,False,None,1,1.36,a,1,20,56,2018-07-30,4.0,276,98,1,14457,1871,104234,19528,0.0,0.2,O'Nien,1
0,1993-11-07,0,0,False,True,0,0,0,0,0,105717,None,,0,0,0,0,0.0,391,143,0,0,None,,0,2,0.0,0.0,0,0.00,0,0.00,0,0.00,0.00,0,0,Arthur,0.0,416,147,0,0,0,False,0.0,403,144,540,False,0.0,399,145,,0,Has joined Konyaspor permanently,2026-08-12T14:08:03.097784Z,40,592,163,p105717,0,0,None,0,,105717.jpg,0.0,416,147,False,-6,None,0.0,"[{'offset': 0, 'projected_percent': '0.0', 'likelihood': 0}, {'offset': 1, 'projected_percent': '0.0', 'likelihood': 0}, {'offset': 2, 'projected_percent': '0.0', 'likelihood': 0}]",0,0,50,False,0,0,,[],Masuaku,0.1,372,143,False,None,0,0,u,0,20,56,2025-08-10,0.0,331,124,0,0,0,10779,1122,0.0,0.0,Masuaku,0
0,1991-09-12,0,37,True,True,100,100,1,0.28,14,93605,None,,0,0,0,0,28.6,161,49,16,4.53,None,,0,2,2.8,2.8,2,0.13,0.04,0.47,0.14,0.34,4.60,1.3,0.1,Thomas,2.8,130,47,4,1.13,0,False,11.8,146,55,541,False,47.4,164,70,,318,,2026-08-16T08:30:07.830062Z,45,432,84,p93605,0,0,None,0,,93605.jpg,2.8,157,61,False,-4,None,-33.9,"[{'offset': 0, 'projected_percent': '-35.1', 'likelihood': -2}, {'offset': 1, 'projected_percent': '-37.2', 'likelihood': -2}, {'offset': 2, 'projected_percent': '-39.3', 'likelihood': -2}]",12,0,21,False,0,0.0,,[],Meunier,0.3,309,116,False,None,4,1.13,a,2,20,56,2026-07-15,41.0,97,23,11,5252,822,8316,1694,0.6,2.4,Meunier,0
0,2000-02-03,1,57,True,True,None,None,1,0.26,1,484420,1,,0,0,-2,2,64.5,59,48,18,4.66,3,,0,3,3.2,3.2,0,0.82,0.21,2.88,0.74,2.06,5.64,1.46,0.53,Enzo,3.2,109,45,4,1.03,1,False,20.1,49,36,542,False,54.8,140,49,,348,,None,58,110,69,p484420,0,1,2,0,,484420.jpg,3.2,131,52,False,-980,None,-81.9,"[{'offset': 0, 'projected_percent': '-101.9', 'likelihood': -5}, {'offset': 1, 'projected_percent': '-139.0', 'likelihood': -5}, {'offset': 2, 'projected_percent': '-176.1', 'likelihood': -5}]",11,0,73,False,0,0.0,,[],Le Fée,3.7,90,32,False,None,4,1.03,a,6,20,56,2025-07-01,80.0,38,22,13,32607,4776,600109,74591,0.6,2.2,E.Le Fée,0
1,2004-01-03,0,18,True,True,0,0,0,0.0,0,547027,None,,0,0,-1,1,10.9,242,128,0,0.0,None,,0,3,0.0,0.0,0,0.16,0.51,0.19,0.61,0.03,0.12,0.39,0.1,Habib,1.2,250,115,1,3.21,0,False,2.9,298,135,543,False,15.6,272,114,,28,Hamstring injury - Unknown return date,2026-08-30T16:30:08.428960Z,54,219,140,p547027,0,0,1,0,,547027.jpg,2.5,171,70,False,-11,None,-60.8,"[{'offset': 0, 'projected_percent': '-72.2', 'likelihood': -3}, {'offset': 1, 'projected_percent': '-93.4', 'likelihood': -3}, {'offset': 2, 'projected_percent': '-114.6', 'likelihood': -5}]",0,0,189,False,0,0.0,https://www.safc.com/news/2026/september/10/le-bris-on-mundle-and-diarra-injuries/,[],Diarra,0.0,550,227,False,None,0,0.0,i,0,20,56,2025-07-01,2.0,312,154,5,536,10,5562,551,0.2,0.9,Diarra,0
1,1992-09-27,5,91,True,True,None,None,1,0.25,9,84450,2,,0,0,0,0,153.8,6,6,46,11.5,2,,0,3,4.8,4.8,1,0.94,0.24,1.00,0.26,0.06,5.84,1.46,0.02,Granit,4.8,46,20,5,1.25,0,False,22.6,38,27,544,False,69.0,99,32,,360,,None,55,123,79,p84450,0,0,None,0,,84450.jpg,4.8,54,23,False,-406,None,-34.1,"[{'offset': 0, 'projected_percent': '-42.0', 'likelihood': -3}, {'offset': 1, 'projected_percent': '-56.6', 'likelihood': -3}, {'offset': 2, 'projected_percent': '-71.3', 'likelihood': -3}]",31,0,207,False,0,0.0,,[],Xhaka,3.8,87,30,False,None,4,1.0,a,6,20,56,2025-07-30,3.0,296,146,19,122850,11440,173843,47269,0.9,3.5,Xhaka,2
0,2004-12-17,0,66,True,True,None,None,1,0.26,10,577669,None,,0,0,-1,1,56.2,77,56,26,6.82,None,,0,3,2.0,2.0,2,0.23,0.06,0.63,0.16,0.40,5.45,1.43,0.1,Noah,2.0,178,81,5,1.31,0,False,18.9,63,43,545,False,52.8,146,51,,343,,None,49,409,247,p577669,0,0,None,0,,577669.jpg,2.0,214,93,False,-21,None,-36.2,"[{'offset': 0, 'projected_percent': '-43.2', 'likelihood': -3}, {'offset': 1, 'projected_percent': '-56.1', 'likelihood': -3}, {'offset': 2, 'projected_percent': '-69.0', 'likelihood': -3}]",10,0,50,False,0,0.0,,[],Sadiki,0.2,318,113,False,None,4,1.05,a,6,20,56,2025-07-04,80.0,37,21,8,5149,1007,16247,2891,0.4,1.6,Sadiki,1
0,2002-01-01,0,0,False,True,0,0,0,0,0,535818,None,,0,0,-1,1,0.0,559,236,0,0,None,,0,3,0.0,0.0,0,0.00,0,0.00,0,0.00,0.00,0,0,Simon,0.0,569,236,0,0,0,False,0.0,562,232,546,False,0.0,557,230,,0,Has joined Ajax on loan for the rest of the season,2026-08-20T14:00:08.416985Z,49,400,239,p535818,0,0,None,0,,535818.jpg,0.0,569,236,False,-11,None,0.0,"[{'offset': 0, 'projected_percent': '0.0', 'likelihood': 0}, {'offset': 1, 'projected_percent': '0.0', 'likelihood': 0}, {'offset': 2, 'projected_percent': '0.0', 'likelihood': 0}]",0,0,54,False,0,0,https://www.safc.com/news/2026/august/20/le-bris-provides-latest-team-news-ahead-of-ipswich/,[],Adingra,0.0,551,228,False,None,0,0,u,0,20,56,2025-07-10,0.0,522,210,0,240,0,7136,553,0.0,0.0,Adingra,0
0,2003-04-24,0,2,True,True,0,0,0,0.0,1,461199,None,,0,0,-1,1,0.1,376,185,1,90.0,None,,0,3,0.0,0.0,0,0.00,0.0,0.17,15.3,0.17,0.09,8.1,15.3,Romaine,0.2,380,171,0,0.0,0,False,2.5,308,139,547,False,8.0,313,141,,1,Knee injury - Unknown return date,2026-09-09T14:00:08.462705Z,49,384,230,p461199,0,0,None,0,,461199.jpg,1.0,320,138,False,-1,None,-43.3,"[{'offset': 0, 'projected_percent': '-48.9', 'likelihood': -3}, {'offset': 1, 'projected_percent': '-59.4', 'likelihood': -3}, {'offset': 2, 'projected_percent': '-69.8', 'likelihood': -3}]",0,0,241,False,0,0.0,https://www.safc.com/news/2026/september/10/le-bris-on-mundle-and-diarra-injuries/,[],Mundle,0.0,630,272,False,None,0,0.0,i,0,20,56,2024-02-01,17.0,171,89,1,190,14,598,115,0.0,0.2,Mundle,0
0,2007-06-18,0,6,True,True,None,None,0,0.0,0,554197,None,,0,0,-1,1,0.3,364,178,1,5.29,None,,0,3,0.5,0.5,0,0.00,0.0,0.00,0.0,0.00,0.44,2.33,0.0,Chris,0.5,334,153,1,5.29,0,False,0.0,566,236,548,False,0.0,561,234,,17,,None,49,406,244,p554197,0,0,None,0,,554197.jpg,1.0,326,141,False,-2,None,-39.2,"[{'offset': 0, 'projected_percent': '-41.9', 'likelihood': -3}, {'offset': 1, 'projected_percent': '-46.8', 'likelihood': -3}, {'offset': 2, 'projected_percent': '-51.7', 'likelihood': -3}]",1,0,241,False,0,0.0,,[],Rigg,0.0,499,198,False,None,0,0.0,a,0,20,56,2022-12-31,0.0,526,214,2,426,54,2524,408,0.1,0.4,Rigg,0
0,2005-05-09,0,1,True,True,None,None,0,0.0,0,549912,None,,-1,1,-2,2,0.9,340,169,2,5.81,None,,0,3,0.2,0.2,0,0.00,0.0,0.00,0.0,0.00,0.14,0.41,0.0,Chemsdine,0.2,392,181,1,2.9,0,False,0.0,616,264,549,False,0.0,611,262,,31,,None,53,233,146,p549912,0,0,None,0,,549912.jpg,1.0,348,157,False,-16,None,-11.6,"[{'offset': 0, 'projected_percent': '-16.7', 'likelihood': -1}, {'offset': 1, 'projected_percent': '-26.2', 'likelihood': -2}, {'offset': 2, 'projected_percent': '-35.7', 'likelihood': -2}]",2,0,145,False,0,0.0,,[],Talbi,0.1,377,136,False,None,0,0.0,a,0,20,56,2025-07-09,0.0,597,254,1,1201,276,10879,1356,0.0,0.2,Talbi,0
0,2005-02-09,0,0,True,True,None,None,0,0,0,699989,None,,0,0,0,0,0.0,614,265,0,0,None,,0,3,0.0,0.0,0,0.00,0,0.00,0,0.00,0.00,0,0,Djiamgone Jocelin Ta,0.0,617,264,0,0,0,False,0.0,613,262,550,False,0.0,608,260,,0,,None,50,342,205,p699989,0,0,None,0,,699989.jpg,0.0,617,264,False,0,None,-68.8,"[{'offset': 0, 'projected_percent': '-68.8', 'likelihood': -3}, {'offset': 1, 'projected_percent': '-68.8', 'likelihood': -3}, {'offset': 2, 'projected_percent': '-68.8', 'likelihood': -3}]",0,0,54,False,0,0,,[],Bi,0.0,629,271,False,None,0,0,a,0,20,56,2026-01-16,0.0,593,252,0,266,56,367,74,0.0,0.0,Jocelin.T,0
0,2003-06-19,0,54,True,True,None,None,1,0.35,2,536661,None,,0,0,0,0,26.6,169,98,20,7.09,1,,0,3,3.0,3.0,2,0.12,0.04,0.27,0.09,0.15,3.81,1.35,0.05,Nilson,3.0,118,51,3,1.06,1,False,11.1,153,74,551,False,50.8,155,56,,254,,None,50,321,192,p536661,0,0,None,0,,536661.jpg,3.0,144,59,False,-19,None,1.4,"[{'offset': 0, 'projected_percent': '1.3', 'likelihood': 1}, {'offset': 1, 'projected_percent': '1.0', 'likelihood': 1}, {'offset': 2, 'projected_percent': '0.8', 'likelihood': 1}]",13,0,62,False,0,0.0,,[],Angulo,0.1,391,144,False,None,4,1.42,a,5,20,56,2026-02-02,34.0,116,61,12,12194,633,9411,1770,0.6,2.4,N.Angulo,1
0,2002-02-01,0,21,True,True,None,None,1,0.29,1,441264,None,,0,0,-2,2,52.9,84,7,11,3.2,None,,0,4,1.8,1.8,1,0.07,0.02,0.66,0.19,0.59,5.36,1.56,0.17,Brian,1.8,216,20,4,1.17,0,False,11.3,150,19,552,False,4.4,342,34,,309,,None,58,107,28,p441264,0,0,None,0,,441264.jpg,1.8,242,28,False,-1530,None,-88.8,"[{'offset': 0, 'projected_percent': '-108.9', 'likelihood': -5}, {'offset': 1, 'projected_percent': '-146.3', 'likelihood': -5}, {'offset': 2, 'projected_percent': '-183.7', 'likelihood': -5}]",10,0,152,False,0,0.0,,[],Brobbey,5.7,70,10,False,None,4,1.17,a,0,20,56,2025-09-01,58.0,61,15,7,89569,10121,848379,119354,0.3,1.2,Brobbey,1
1,2000-08-27,3,48,True,True,None,None,0,0.0,0,437505,None,,0,0,0,0,0.7,347,43,3,2.84,None,,0,4,3.5,3.5,1,0.01,0.01,1.50,1.42,1.49,1.99,1.89,1.41,Wilson,3.5,95,10,2,1.89,1,False,6.6,229,25,553,False,30.6,221,20,,95,,None,55,145,38,p437505,0,0,None,0,,437505.jpg,3.5,115,13,False,-239,None,8.5,"[{'offset': 0, 'projected_percent': '6.8', 'likelihood': 1}, {'offset': 1, 'projected_percent': '3.6', 'likelihood': 1}, {'offset': 2, 'projected_percent': '0.4', 'likelihood': 1}]",2,0,92,False,0,0.0,,[],Isidor,1.4,157,23,False,None,0,0.0,a,1,20,56,2025-02-01,35.0,115,25,14,91452,5595,70448,20725,0.6,2.5,Isidor,0
0,2006-02-15,0,0,True,True,100,100,0,0,0,638411,None,,0,0,0,0,0.0,521,197,0,0,None,,0,2,0.0,0.0,0,0.00,0,0.00,0,0.00,0.00,0,0,Dayann,0.0,538,199,0,0,0,False,0.0,527,197,612,False,0.0,522,197,,0,,2026-08-28T13:00:08.950445Z,45,544,138,p638411,0,0,None,0,,638411.jpg,0.0,538,199,False,0,None,-3.1,"[{'offset': 0, 'projected_percent': '-3.1', 'likelihood': -1}, {'offset': 1, 'projected_percent': '-3.1', 'likelihood': -1}, {'offset': 2, 'projected_percent': '-3.1', 'likelihood': -1}]",0,0,73,False,0,0,,[],Méthalie,0.0,619,210,False,None,0,0,a,0,20,56,2026-08-21,0.0,480,192,0,763,119,415,85,0.0,0.0,Methalie,0
0,2006-05-08,0,0,True,True,None,None,0,0,0,696104,None,,0,0,0,0,0.0,527,218,0,0,None,,0,3,0.0,0.0,0,0.00,0,0.00,0,0.00,0.00,0,0,Jules,0.0,544,219,0,0,0,False,0.0,533,213,613,False,0.0,528,211,,0,,None,45,550,289,p696104,0,0,None,0,,696104.jpg,0.0,544,219,False,-12,None,-14.4,"[{'offset': 0, 'projected_percent': '-18.0', 'likelihood': -1}, {'offset': 1, 'projected_percent': '-24.6', 'likelihood': -2}, {'offset': 2, 'projected_percent': '-31.2', 'likelihood': -2}]",0,0,50,False,0,0,,[],Ahoka,0.2,314,110,False,None,0,0,a,0,20,56,2026-08-24,0.0,486,190,0,24554,1964,12247,3168,0.0,0.0,Ahoka,0
0,2005-03-31,0,5,True,True,None,None,0,0.0,0,549940,None,,0,0,0,0,1.3,330,165,0,0.0,None,,0,3,1.0,1.0,1,0.00,0.0,0.00,0.0,0.00,1.18,3.54,0.0,Malick,1.0,273,126,1,3.0,0,False,0.7,363,168,646,False,0.0,635,279,,30,,None,55,165,102,p549940,0,0,None,0,,549940.jpg,1.0,369,171,False,2,None,-9.6,"[{'offset': 0, 'projected_percent': '-5.8', 'likelihood': -1}, {'offset': 1, 'projected_percent': '0.0', 'likelihood': 0}, {'offset': 2, 'projected_percent': '0.0', 'likelihood': 0}]",0,0,21,False,0,0.0,,[],Fofana,0.0,538,219,False,None,0,0.0,a,0,20,56,2026-09-01,6.0,263,131,2,3684,420,1338,542,0.2,0.4,Fofana,0
0,2008-01-12,0,0,True,True,None,None,0,0,0,661313,None,,0,0,0,0,0.0,524,61,0,0,None,,0,4,0.0,0.0,0,0.00,0,0.00,0,0.00,0.00,0,0,Juan,0.0,541,62,0,0,0,False,0.0,530,59,651,False,0.0,525,56,,0,,None,45,547,78,p661313,0,0,None,0,,661313.jpg,0.0,541,62,False,158,None,2.7,"[{'offset': 0, 'projected_percent': '3.8', 'likelihood': 1}, {'offset': 1, 'projected_percent': '5.9', 'likelihood': 1}, {'offset': 2, 'projected_percent': '8.0', 'likelihood': 1}]",0,0,62,False,0,0,,[],Angulo,0.7,214,35,False,None,0,0,a,0,20,56,2026-09-01,0.0,483,55,0,76211,27887,21052,9680,0.0,0.0,J.Angulo,0
