player_code,web_name,team,position,season_minutes,season_starts,fbref_subs,fbref_unused_subs,long_form_minutes,long_form_unweighted_minutes,long_form_expected_goals_90,long_form_expected_assists_90,long_form_expected_goals_conceded_90,long_form_defensive_contribution_90,long_form_bonus_90,short_form_minutes,short_form_expected_goals_90,short_form_expected_assists_90,short_form_expected_goals_conceded_90,short_form_defensive_contribution_90,short_form_bonus_90,team_long_form_xg90,team_long_form_xgc90,team_short_form_xg90,team_short_form_xgc90,long_form_expected_goals,long_form_expected_assists,long_form_expected_goals_conceded,long_form_defensive_contribution,long_form_bonus,long_form_bps,long_form_unweighted_expected_goals,long_form_unweighted_expected_assists,long_form_unweighted_expected_goals_conceded,long_form_unweighted_defensive_contribution,long_form_unweighted_bonus,long_form_unweighted_bps,long_form_bps_90,short_form_expected_goals,short_form_expected_assists,short_form_expected_goals_conceded,short_form_defensive_contribution,short_form_bonus,short_form_bps,short_form_unweighted_minutes,short_form_bps_90,now_cost,status,season_subs,fbref_starts,fbref_squads_made,c1_app_1_60,c2_app_60_plus,c3_saves,c4_yellow_cards,c5_red_cards,c6_bonus,c7_assists,c8_goals,c9_clean_sheets,c10_goals_conceded,c11_defensive_contributions,expected_points,p_start,p_sub,p_app,p_60_plus,expected_minutes,active_ratio
154561,Raya,Arsenal,GK,450,5,0,0,436.9,3420,0.0,0.0014,0.8885,0.0,0.3868,450,0.0,0.002,0.804,0.0,1.0,1.7823,0.9115,1.735,0.8333,0.0,0.007,4.3134,0.0,1.8775,77.8792,0.0,0.07,28.87,0,11,639,16.0429,0.0,0.01,4.02,0,5,108,450,21.6,61,a,0,1,1,1.0,0.995,1.0,-0.12,-0.03,0.3695,0.0038,0.0,1.7036,-0.2566,0.0,4.6652,1.0,0.0,1.0,0.995,89.81,1.0
109745,Arrizabalaga,Arsenal,GK,0,0,0,0,34.7,90,0.0,0.0,0.9799,0.0,0.0,90,0.0,0.0,0.98,0.0,0.0,1.7823,0.9115,1.735,0.8333,0.0,0.0,0.3778,0.0,0.0,4.2411,0.0,0.0,0.98,0,0,11,11.0,0.0,0.0,0.98,0,0,11,90,11.0,49,a,0,0,0,0.0,0.0,0.0,0.0,0.0,0.0,0.0,0.0,0.0,0.0,0.0,0.0,0.0,0.0,0.0,0.0,0.0,0.0
437495,Meslier,Arsenal,GK,0,0,0,0,0.0,0,0.0,0.0,0.0,0.0,0.0,0,0.0,0.0,0.0,0.0,0.0,1.7823,0.9115,1.735,0.8333,0.0,0.0,0.0,0.0,0.0,0.0,0.0,0.0,0.0,0,0,0,0.0,0.0,0.0,0.0,0,0,0,0,0.0,49,a,0,0,0,0.0,0.0,0.0,0.0,0.0,0.0,0.0,0.0,0.0,0.0,0.0,0.0,0.0,0.0,0.0,0.0,0.0,0.0
226597,Gabriel,Arsenal,DEF,450,5,0,0,420.9,2840,0.0924,0.0673,0.9162,9.0188,0.7505,495,0.1709,0.04,0.9,8.5455,0.9091,1.7823,0.9115,1.735,0.8333,0.4321,0.3146,4.2848,42.1781,3.5098,92.297,2.94,1.89,23.32,286,30,730,19.7356,0.94,0.22,4.95,47,5,123,495,22.3636,80,a,0,1,1,1.0,0.9732,0.0,-0.12,-0.03,0.7011,0.1962,0.5265,1.6662,-0.2566,0.4271,4.6566,1.0,0.0,1.0,0.9732,88.98,1.0
445122,J.Timber,Arsenal,DEF,104,1,0,0,229.5,2511,0.096,0.0542,0.7632,4.9167,0.1952,59,0.0,0.0305,0.9305,3.0508,0.0,1.7823,0.9115,1.735,0.8333,0.2447,0.1382,1.9462,12.5375,0.4978,31.6917,4.71,1.55,18.06,150,9,526,12.4281,0.0,0.02,0.61,2,0,-6,59,-9.1525,65,a,0,1,1,0.908,0.8808,0.0,-0.109,-0.0272,0.1872,0.1485,0.4998,1.508,-0.2311,0.0439,3.765,0.9,0.008,0.908,0.8808,82.19,0.9218
462424,Saliba,Arsenal,DEF,0,0,0,0,314.1,2614,0.0273,0.0615,0.7621,6.9837,0.6244,360,0.0,0.1225,0.6775,6.75,0.75,1.7823,0.9115,1.735,0.8333,0.0953,0.2148,2.6599,24.3731,2.1791,74.2528,0.88,1.21,20.41,193,12,581,21.2759,0.0,0.49,2.71,27,3,108,360,27.0,59,i,0,0,0,0.0,0.0,0.0,0.0,0.0,0.0,0.0,0.0,0.0,0.0,0.0,0.0,0.0,0.0,0.0,0.0,0.0,0.0
499169,Lewis-Skelly,Arsenal,MID,271,4,0,0,135.7,697,0.0095,0.0302,0.9616,2.4406,0.0,296,0.0,0.0365,0.7784,1.8243,0.0,1.7823,0.9115,1.735,0.8333,0.0143,0.0456,1.4499,3.6799,0.0,25.0175,0.1,0.2,9.01,25,0,110,16.5923,0.0,0.12,2.56,6,0,69,296,20.9797,54,a,0,0,0,1.0,0.5658,0.0,-0.12,-0.03,0.1671,0.1586,0.2125,0.2955,0.0,0.0001,2.2496,1.0,0.0,1.0,0.5658,60.91,0.7528
466075,Calafiori,Arsenal,DEF,416,5,0,0,231.2,1787,0.1227,0.061,0.7371,4.2468,0.3128,341,0.1346,0.0792,0.5463,3.1672,0.5279,1.7823,0.9115,1.735,0.8333,0.3153,0.1567,1.8936,10.9096,0.8036,31.7281,3.43,0.79,11.03,107,6,386,12.3509,0.51,0.3,2.0700000000000003,12,2,47,341,12.4047,59,a,0,1,1,1.0,0.9433,0.0,-0.12,-0.03,0.3107,0.1642,0.6145,1.7151,-0.2279,0.0161,4.3698,1.0,0.0,1.0,0.9433,81.43,0.9244
448104,Hincapie,Arsenal,DEF,32,0,0,0,228.9,1787,0.0223,0.0838,0.902,8.7897,0.3866,198,0.0136,0.1227,0.9,9.5455,0.4545,1.7823,0.9115,1.735,0.8333,0.0568,0.2132,2.2941,22.3552,0.9833,44.7368,0.36,1.67,17.53,171,7,335,17.5898,0.03,0.27,1.98,21,1,46,198,20.9091,52,a,0,0,0,0.0903,0.0066,0.0,-0.0108,-0.0027,0.0042,0.0054,0.0037,0.0148,-0.0025,0.0005,0.1089,0.0112,0.0791,0.0903,0.0066,2.12,0.0232
198869,White,Arsenal,DEF,315,4,0,0,103.3,699,0.0255,0.0745,0.8843,5.5064,0.126,199,0.0,0.0814,0.6196,3.1658,0.0,1.7823,0.9115,1.735,0.8333,0.0293,0.0855,1.015,6.3201,0.1446,24.8548,0.45,0.6900000000000001,8.68,53,3,181,21.6547,0.0,0.18,1.37,7,0,53,199,23.9698,54,a,0,0,0,1.0,0.9098,0.0,-0.12,-0.03,0.1841,0.1741,0.1768,1.7211,-0.2095,0.0517,3.8063,1.0,0.0,1.0,0.9098,76.34,0.875
500040,Mosquera,Arsenal,DEF,168,2,0,0,155.5,986,0.0145,0.0436,0.9432,8.5944,0.0117,232,0.0,0.0466,0.8457,6.9828,0.0,1.7823,0.9115,1.735,0.8333,0.025,0.0754,1.6297,14.8492,0.0203,28.3272,0.1,0.63,9.04,95,1,195,16.3952,0.0,0.12,2.18,18,0,37,232,14.3534,53,a,0,0,0,0.862,0.8058,0.0,-0.1034,-0.0259,0.0741,0.1081,0.1137,1.4547,-0.1968,0.2283,3.0923,0.85,0.012,0.862,0.8058,70.22,0.796
223340,Saka,Arsenal,MID,416,5,0,0,290.1,2298,0.2949,0.3926,0.7561,6.5662,0.7336,303,0.2733,0.5822,0.6564,6.8317,1.1881,1.7823,0.9115,1.735,0.8333,0.9504,1.2654,2.4371,21.1649,2.3645,70.8968,7.91,7.71,16.57,186,18,584,21.9949,0.92,1.96,2.21,23,4,87,303,25.8416,96,a,0,1,1,1.0,0.8969,0.0,-0.12,-0.03,0.7027,0.9999,1.2746,0.4077,0.0,0.062,5.1317,1.0,0.0,1.0,0.8969,79.98,0.9244
204480,Rice,Arsenal,MID,411,5,0,0,417.2,3183,0.0473,0.1684,0.8714,10.5771,0.3637,423,0.0043,0.117,0.8191,10.4255,0.0,1.7823,0.9115,1.735,0.8333,0.2193,0.7805,4.0392,49.0308,1.6858,88.1635,3.17,7.38,25.18,384,23,803,19.019,0.02,0.55,3.85,49,0,69,423,14.6809,74,a,0,1,1,1.0,0.8853,0.0,-0.12,-0.03,0.3772,0.4564,0.2625,0.406,0.0,0.4115,3.2374,1.0,0.0,1.0,0.8853,78.74,0.9133
232413,Eze,Arsenal,MID,85,0,1,0,240.9,1902,0.2679,0.109,0.928,5.2443,0.1915,299,0.3672,0.0512,0.7826,3.913,0.0,1.7823,0.9115,1.735,0.8333,0.7171,0.2918,2.484,14.0373,0.5126,53.0257,5.18,2.68,14.75,120,8,444,19.8103,1.22,0.17,2.6,13,0,74,299,22.2742,62,a,1,0,1,0.8212,0.5163,0.0,-0.0985,-0.0246,0.1616,0.2059,0.7425,0.2525,0.0,0.0058,2.5769,0.675,0.1462,0.8212,0.5163,49.88,0.595
184029,Ødegaard,Arsenal,MID,377,5,0,0,217.2,1435,0.0859,0.1713,1.0184,5.1936,0.1519,275,0.1015,0.1342,0.8902,4.9091,0.0,1.7823,0.9115,1.735,0.8333,0.2074,0.4133,2.4577,12.5338,0.3666,41.8293,1.32,3.67,16.97,104,5,316,17.3326,0.31,0.41,2.72,15,0,51,275,16.6909,68,a,0,1,1,1.0,0.7725,0.0,-0.12,-0.03,0.2202,0.42,0.4125,0.3765,0.0,0.0081,3.0516,1.0,0.0,1.0,0.7725,70.08,0.8378
248857,Madueke,Arsenal,MID,23,0,0,0,163.0,1205,0.0895,0.2156,0.903,5.5887,1.0543,218,0.0826,0.2972,0.7183,4.9541,1.2385,1.7823,0.9115,1.735,0.8333,0.1621,0.3904,1.6355,10.1218,1.9095,41.2921,1.23,2.86,12.77,70,9,254,22.7993,0.2,0.72,1.74,12,3,59,218,24.3578,62,a,0,0,0,0.4545,0.0067,0.0,-0.0545,-0.0136,0.0075,0.0622,0.0532,0.0038,0.0,0.0,0.5198,0.0081,0.4464,0.4545,0.0067,9.32,0.1032
195384,Merino,Arsenal,MID,81,0,1,0,81.9,1054,0.3443,0.2169,1.3134,10.5841,0.3186,58,0.5741,0.2017,2.281,9.3103,0.0,1.7823,0.9115,1.735,0.8333,0.3133,0.1974,1.1952,9.6315,0.2899,14.3162,3.3600000000000003,1.5799999999999998,8.06,117,5,240,15.7321,0.37,0.13,1.47,6,0,2,58,3.1034,57,a,1,0,1,0.7594,0.4306,0.0,-0.0911,-0.0228,0.2046,0.3078,0.7582,0.2106,0.0,0.0981,2.5573,0.5625,0.1969,0.7594,0.4306,43.07,0.5125
444145,Martinelli,Arsenal,MID,0,0,0,0,139.1,1065,0.2951,0.1386,0.9488,6.4881,0.5132,128,0.1758,0.1758,1.1391,6.3281,1.4062,1.7823,0.9115,1.735,0.8333,0.4561,0.2142,1.4665,10.0277,0.7932,26.6118,4.12,1.27,10.51,77,3,195,17.2183,0.25,0.25,1.62,9,2,32,128,22.5,63,u,0,0,0,0.0,0.0,0.0,0.0,0.0,0.0,0.0,0.0,0.0,0.0,0.0,0.0,0.0,0.0,0.0,0.0,0.0,0.0
481655,Zubimendi,Arsenal,MID,89,0,1,0,331.5,3021,0.0953,0.0534,1.0074,9.0721,0.1769,266,0.0677,0.0237,1.0759,9.812,0.0,1.7823,0.9115,1.735,0.8333,0.351,0.1968,3.7106,33.4155,0.6515,61.436,2.97,2.27,26.79,308,9,606,16.6795,0.2,0.07,3.18,29,0,50,266,16.9173,53,a,1,0,1,0.8212,0.5163,0.0,-0.0985,-0.0246,0.1421,0.1132,0.3004,0.2525,0.0,0.0974,2.0225,0.675,0.1462,0.8212,0.5163,49.88,0.595
616077,Dowman,Arsenal,MID,9,0,1,0,46.5,161,0.4128,0.3021,0.9054,7.6243,0.0,82,0.0878,0.2634,0.5707,9.878,0.0,1.7823,0.9115,1.735,0.8333,0.2133,0.1561,0.4678,3.9392,0.0,12.2457,1.19,0.38,1.19,16,0,55,23.7014,0.08,0.24,0.52,9,0,12,82,13.1707,53,a,1,0,1,0.7594,0.4306,0.0,-0.0911,-0.0228,0.1926,0.3043,0.5966,0.2106,0.0,0.0055,2.3802,0.5625,0.1969,0.7594,0.4306,43.07,0.5125
499175,Nwaneri,Arsenal,MID,0,0,0,0,3.6,165,0.1325,0.045,0.5275,7.69,0.0,0,0.0,0.0,0.0,0.0,0.0,1.7823,0.9115,1.735,0.8333,0.0053,0.0018,0.0211,0.3076,0.0,0.4955,0.2299999999999999,0.08,0.73,13,0,20,12.3875,0.0,0.0,0.0,0,0,0,0,0.0,54,u,0,0,0,0.0,0.0,0.0,0.0,0.0,0.0,0.0,0.0,0.0,0.0,0.0,0.0,0.0,0.0,0.0,0.0,0.0,0.0
438098,Fábio Vieira,Arsenal,MID,0,0,0,0,0.0,0,0.0,0.0,0.0,0.0,0.0,0,0.0,0.0,0.0,0.0,0.0,1.7823,0.9115,1.735,0.8333,0.0,0.0,0.0,0.0,0.0,0.0,0.0,0.0,0.0,0,0,0,0.0,0.0,0.0,0.0,0,0,0,0,0.0,55,u,0,0,0,0.0,0.0,0.0,0.0,0.0,0.0,0.0,0.0,0.0,0.0,0.0,0.0,0.0,0.0,0.0,0.0,0.0,0.0
200641,Nelson,Arsenal,MID,0,0,0,0,19.0,118,0.3259,0.0644,3.0008,11.0037,0.0,18,0.0,0.1,5.05,5.0,0.0,1.7823,0.9115,1.735,0.8333,0.0688,0.0136,0.6335,2.323,0.0,6.49,0.71,0.11,3.02,23,0,39,30.7421,0.0,0.02,1.01,1,0,16,18,80.0,55,u,0,0,0,0.0,0.0,0.0,0.0,0.0,0.0,0.0,0.0,0.0,0.0,0.0,0.0,0.0,0.0,0.0,0.0,0.0,0.0
224117,Gyökeres,Arsenal,FWD,29,0,1,0,244.1,2234,0.5581,0.1519,1.0071,3.5763,0.8537,250,0.7236,0.144,1.1916,4.32,1.08,1.7823,0.9115,1.735,0.8333,1.5136,0.4121,2.7315,9.6998,2.3153,66.115,12.26,2.17,18.35,85,16,479,24.3767,2.01,0.4,3.31,12,3,88,250,31.68,71,a,1,0,1,0.8212,0.5163,0.0,-0.0985,-0.0246,0.5531,0.2707,1.2612,0.0,0.0,0.0003,3.2992,0.675,0.1462,0.8212,0.5163,49.88,0.595
219847,Havertz,Arsenal,FWD,437,5,0,0,204.5,667,0.6709,0.0992,1.1692,4.0579,0.4668,263,0.5373,0.1916,1.2046,3.7643,1.0266,1.7823,0.9115,1.735,0.8333,1.5245,0.2254,2.6567,9.2204,1.0607,39.8797,4.09,0.66,7.99,35,3,148,17.551,1.57,0.56,3.5200000000000005,11,3,75,263,25.6654,76,a,0,1,1,1.0,0.9348,0.0,-0.12,-0.03,0.5126,0.3399,2.1771,0.0,0.0,0.0019,4.8145,1.0,0.0,1.0,0.9348,85.09,0.9711
205651,G.Jesus,Arsenal,FWD,0,0,0,0,69.6,418,0.6841,0.0512,0.5701,4.9416,0.0,100,0.792,0.027,0.36,3.6,0.0,1.7823,0.9115,1.735,0.8333,0.529,0.0396,0.4409,3.8215,0.0,14.6292,2.71,0.26,3.97,30,0,92,18.9171,0.88,0.03,0.4,4,0,19,100,17.1,59,u,0,0,0,0.0,0.0,0.0,0.0,0.0,0.0,0.0,0.0,0.0,0.0,0.0,0.0,0.0,0.0,0.0,0.0,0.0,0.0
199798,Konsa,Arsenal,DEF,281,3,0,0,394.2,3125,0.0795,0.0141,1.4429,5.2874,0.0404,360,0.0575,0.01,1.4275,4.75,0.0,1.7823,0.9115,1.735,0.8333,0.3484,0.0616,6.3199,23.1587,0.1768,47.2378,1.5,0.6,50.24,200,3,499,10.7849,0.23,0.04,5.71,19,0,34,360,8.5,46,a,0,1,1,1.0,0.9786,0.0,-0.12,-0.03,0.0665,0.0531,0.4592,1.6755,-0.2566,0.0633,3.8263,1.0,0.0,1.0,0.9786,91.14,1.0
208706,Bruno G.,Arsenal,MID,123,1,0,0,297.8,2515,0.1689,0.2094,1.1782,9.7383,0.6056,468,0.1154,0.2231,1.1077,10.1923,0.5769,1.7823,0.9115,1.735,0.8333,0.5589,0.6929,3.8986,32.2231,2.0037,74.5,5.59,4.97,32.6,257,22,693,22.5151,0.6,1.16,5.76,53,3,101,468,19.4231,67,a,0,1,1,0.945,0.8652,0.0,-0.1134,-0.0284,0.5334,0.564,0.7746,0.3703,0.0,0.4271,3.9108,0.9,0.045,0.945,0.8652,82.3,0.93
439509,Tzolis,Arsenal,MID,362,5,0,0,60.5,72,0.0,0.0876,0.9632,3.7528,0.0,72,0.0,0.0875,0.9625,3.75,0.0,1.7823,0.9115,1.735,0.8333,0.0,0.0589,0.6475,2.5227,0.0,7.5681,0.0,0.07,0.77,3,0,9,11.2583,0.0,0.07,0.77,3,0,9,72,11.25,63,i,0,1,1,0.0,0.0,0.0,0.0,0.0,0.0,0.0,0.0,0.0,0.0,0.0,0.0,0.0,0.0,0.0,0.0,0.0,0.0
72147,M.Bizot,Aston Villa,GK,90,1,0,0,71.9,585,0.0,0.0,1.4057,0.0,0.0,90,0.0,0.0,1.34,0.0,0.0,1.3845,1.4361,1.3133,1.3817,0.0,0.0,1.123,0.0,0.0,9.5329,0.0,0.0,11.02,0,0,75,11.9327,0.0,0.0,1.34,0,0,10,90,10.0,45,d,0,0,0,0.9257,0.9204,0.925,-0.1111,-0.0278,0.0693,0.0,0.0,1.016,-0.4551,0.0,3.2624,0.925,0.0007,0.9257,0.9204,83.09,0.9252
101188,Digne,Aston Villa,DEF,0,0,0,0,188.6,1842,0.0284,0.1737,1.3977,6.1224,0.248,196,0.0276,0.0872,1.2765,5.051,0.0,1.3845,1.4361,1.3133,1.3817,0.0595,0.364,2.929,12.8299,0.5196,36.8067,0.67,3.28,27.79,113,5,381,17.5642,0.06,0.19,2.78,11,0,21,196,9.6429,45,u,0,0,0,0.0,0.0,0.0,0.0,0.0,0.0,0.0,0.0,0.0,0.0,0.0,0.0,0.0,0.0,0.0,0.0,0.0,0.0
199796,Cash,Aston Villa,DEF,296,3,1,0,373.8,3061,0.0229,0.0695,1.3953,5.276,0.1174,439,0.0021,0.0451,1.2916,5.5353,0.205,1.3845,1.4361,1.3133,1.3817,0.0952,0.2886,5.7951,21.9131,0.4878,33.3436,1.14,2.94,46.37,189,7,443,8.0282,0.01,0.22,6.3,27,1,39,439,7.9954,44,a,1,0,1,1.0,0.9805,0.0,-0.12,-0.03,0.1361,0.2025,0.1541,1.0823,-0.492,0.0632,2.9136,1.0,0.0,1.0,0.9805,91.22,1.0
149484,Mings,Aston Villa,DEF,261,2,0,0,270.3,1412,0.0674,0.0195,1.5619,8.8899,0.1429,360,0.055,0.0075,1.42,8.5,0.0,1.3845,1.4361,1.3133,1.3817,0.2024,0.0586,4.6908,26.6992,0.4292,25.5272,1.3,0.42,24.93,120,4,179,8.4996,0.22,0.03,5.68,34,0,27,360,6.75,45,a,0,1,1,1.0,0.9805,0.0,-0.12,-0.03,0.1741,0.0767,0.3837,1.0823,-0.492,0.4303,3.0553,1.0,0.0,1.0,0.9805,91.22,1.0
244954,Pau,Aston Villa,DEF,187,3,0,0,177.1,1673,0.1558,0.0158,1.1711,5.2376,0.0318,197,0.3198,0.0091,1.2518,5.0254,0.0,1.3845,1.4361,1.3133,1.3817,0.3065,0.0311,2.3044,10.3064,0.0625,25.8789,1.33,0.39,22.81,112,2,280,13.1513,0.7000000000000001,0.02,2.74,11,0,19,197,8.6802,44,d,0,0,0,0.885,0.6051,0.0,-0.1062,-0.0266,0.0684,0.0396,0.5018,0.9643,-0.2561,0.0046,2.6754,0.875,0.01,0.885,0.6051,51.95,0.6082
515597,Bogarde,Aston Villa,MID,16,0,0,0,146.7,1042,0.0,0.0106,1.3069,5.2177,0.1209,245,0.0,0.0037,1.2453,4.4082,0.0,1.3845,1.4361,1.3133,1.3817,0.0,0.0172,2.1303,8.5049,0.1971,11.9527,0.0,0.2,15.38,60,4,121,7.3329,0.0,0.01,3.39,12,0,14,245,5.1429,49,a,0,0,0,0.4531,0.0053,0.0,-0.0544,-0.0136,0.0012,0.014,0.0193,0.0022,0.0,0.0,0.4271,0.0056,0.4475,0.4531,0.0053,9.22,0.1022
441302,Maatsen,Aston Villa,DEF,335,4,0,0,216.5,1590,0.0601,0.1292,1.4599,7.4838,0.1603,258,0.0209,0.0523,1.4756,8.7209,0.3488,1.3845,1.4361,1.3133,1.3817,0.1446,0.3107,3.5119,18.0026,0.3856,30.1365,1.26,2.39,26.64,128,1,242,12.5279,0.06,0.15,4.23,25,1,18,258,6.2791,44,i,0,0,0,0.0,0.0,0.0,0.0,0.0,0.0,0.0,0.0,0.0,0.0,0.0,0.0,0.0,0.0,0.0,0.0,0.0,0.0
184667,Lindelöf,Aston Villa,DEF,450,5,0,0,230.9,1032,0.0234,0.0061,1.4361,5.2336,0.0,370,0.0,0.0073,1.3597,5.3514,0.0,1.3845,1.4361,1.3133,1.3817,0.06,0.0156,3.6844,13.4271,0.0,17.4203,0.28,0.1,17.490000000000002,60,0,125,6.7901,0.0,0.03,5.59,22,0,26,370,6.3243,45,a,0,1,1,1.0,0.9755,0.0,-0.12,-0.03,0.076,0.0517,0.1808,1.0768,-0.492,0.0788,2.7188,1.0,0.0,1.0,0.9755,89.07,1.0
606798,A.García,Aston Villa,DEF,0,0,0,0,21.0,83,0.0,0.003,2.478,15.6977,0.0,45,0.0,0.0,2.38,18.0,0.0,1.3845,1.4361,1.3133,1.3817,0.0,0.0007,0.5782,3.6628,0.0,3.6298,0.0,0.01,2.74,10,0,12,15.5563,0.0,0.0,1.19,9,0,5,45,10.0,40,a,0,0,0,0.0,0.0,0.0,0.0,0.0,0.0,0.0,0.0,0.0,0.0,0.0,0.0,0.0,0.0,0.0,0.0,0.0,0.0
578545,Nedeljkovic,Aston Villa,DEF,0,0,0,0,0.0,0,0.0,0.0,0.0,0.0,0.0,0,0.0,0.0,0.0,0.0,0.0,1.3845,1.4361,1.3133,1.3817,0.0,0.0,0.0,0.0,0.0,0.0,0.0,0.0,0.0,0,0,0,0.0,0.0,0.0,0.0,0,0,0,0,0.0,40,u,0,0,0,0.0,0.0,0.0,0.0,0.0,0.0,0.0,0.0,0.0,0.0,0.0,0.0,0.0,0.0,0.0,0.0,0.0,0.0
195546,Buendía,Aston Villa,MID,401,5,0,0,302.3,1843,0.141,0.1015,1.4838,11.5842,1.0751,358,0.1031,0.093,1.3173,12.3184,1.257,1.3845,1.4361,1.3133,1.3817,0.4735,0.3409,4.9838,38.9101,3.6113,93.1094,3.52,2.3,29.59,212,13,432,27.7203,0.41,0.37,5.24,49,5,133,358,33.4358,59,a,0,1,1,1.0,0.8709,0.0,-0.12,-0.03,0.9833,0.292,0.6346,0.273,0.0,0.4308,3.9039,1.0,0.0,1.0,0.8709,76.56,0.8911
215711,Bailey,Aston Villa,MID,0,0,0,0,92.8,450,0.1131,0.2573,1.4554,9.9163,0.0,116,0.1474,0.194,1.2879,11.6379,0.0,1.3845,1.4361,1.3133,1.3817,0.1166,0.2653,1.5007,10.2248,0.0,15.7596,0.5,1.4600000000000002,7.03,48,0,69,15.2841,0.19,0.25,1.66,15,0,27,116,20.9483,54,u,0,0,0,0.0,0.0,0.0,0.0,0.0,0.0,0.0,0.0,0.0,0.0,0.0,0.0,0.0,0.0,0.0,0.0,0.0,0.0
122806,McGinn,Aston Villa,MID,434,5,0,0,282.9,2219,0.0889,0.2162,1.1752,5.3948,0.2252,333,0.0757,0.2162,1.2676,5.1351,0.0,1.3845,1.4361,1.3133,1.3817,0.2793,0.6797,3.6939,16.9577,0.7078,70.9094,3.0,4.15,33.86,156,6,462,22.5587,0.28,0.8,4.69,19,0,92,333,24.8649,54,a,0,1,1,1.0,0.9364,0.0,-0.12,-0.03,0.2626,0.5994,0.4688,0.2693,0.0,0.0307,3.3866,1.0,0.0,1.0,0.9364,84.59,0.9644
88894,Barkley,Aston Villa,MID,308,4,1,0,196.6,850,0.1535,0.1083,1.6879,8.1175,0.5616,315,0.22,0.0429,1.7314,6.2857,0.5714,1.3845,1.4361,1.3133,1.3817,0.3354,0.2366,3.6872,17.7322,1.2267,44.4784,1.58,1.26,13.98,78,5,224,20.3614,0.77,0.15,6.06,22,2,56,315,16.0,50,a,1,0,1,1.0,0.7176,0.0,-0.12,-0.03,0.5436,0.2891,0.6099,0.2508,0.0,0.0403,3.2611,1.0,0.0,1.0,0.7176,66.35,0.8
226944,Kamara,Aston Villa,MID,443,5,0,0,133.7,1493,0.0878,0.032,1.0967,7.9719,0.2102,83,0.1301,0.0108,0.8458,6.506,0.0,1.3845,1.4361,1.3133,1.3817,0.1305,0.0475,1.6292,11.8427,0.3123,33.9678,0.65,0.85,21.58,155,7,308,22.8654,0.12,0.01,0.78,6,0,26,83,28.1928,50,a,0,1,1,1.0,0.9479,0.0,-0.12,-0.03,0.2652,0.1607,0.4903,0.2663,0.0,0.1771,2.9805,1.0,0.0,1.0,0.9479,86.69,0.9844
449871,Onana,Aston Villa,MID,0,0,0,0,192.4,1755,0.1159,0.048,1.4516,10.5222,0.1697,17,0.0,0.0,0.6882,10.5882,0.0,1.3845,1.4361,1.3133,1.3817,0.2478,0.1026,3.1031,22.4941,0.3628,34.507,1.68,0.6900000000000001,28.53,219,4,353,16.1415,0.0,0.0,0.13,2,0,5,17,26.4706,49,i,0,0,0,0.0,0.0,0.0,0.0,0.0,0.0,0.0,0.0,0.0,0.0,0.0,0.0,0.0,0.0,0.0,0.0,0.0,0.0
469247,Iling Jr,Aston Villa,MID,0,0,0,0,0.0,0,0.0,0.0,0.0,0.0,0.0,0,0.0,0.0,0.0,0.0,0.0,1.3845,1.4361,1.3133,1.3817,0.0,0.0,0.0,0.0,0.0,0.0,0.0,0.0,0.0,0,0,0,0.0,0.0,0.0,0.0,0,0,0,0,0.0,50,u,0,0,0,0.0,0.0,0.0,0.0,0.0,0.0,0.0,0.0,0.0,0.0,0.0,0.0,0.0,0.0,0.0,0.0,0.0,0.0
645618,Burrowes,Aston Villa,MID,0,0,0,0,0.3,16,0.0,0.0,5.01,5.58,0.0,0,0.0,0.0,0.0,0.0,0.0,1.3845,1.4361,1.3133,1.3817,0.0,0.0,0.0167,0.0186,0.0,0.0557,0.0,0.0,0.9,1,0,3,16.71,0.0,0.0,0.0,0,0,0,0,0.0,45,a,0,0,0,0.0,0.0,0.0,0.0,0.0,0.0,0.0,0.0,0.0,0.0,0.0,0.0,0.0,0.0,0.0,0.0,0.0,0.0
577285,George Hemmings,Aston Villa,MID,297,4,1,0,17.4,43,0.0202,0.0036,4.0184,0.4986,0.0,18,0.0,0.0,4.35,0.0,0.0,1.3845,1.4361,1.3133,1.3817,0.0039,0.0007,0.7769,0.0964,0.0,2.0975,0.04,0.01,1.48,1,0,7,10.8491,0.0,0.0,0.87,0,0,2,18,10.0,45,a,1,0,1,1.0,0.6461,0.0,-0.12,-0.03,0.4453,0.3093,0.5224,0.2343,0.0,0.0004,3.0074,1.0,0.0,1.0,0.6461,63.15,0.7694
653481,Alysson,Aston Villa,MID,87,0,0,0,7.6,47,0.1042,0.0947,3.7895,7.7211,0.0,0,0.0,0.0,0.0,0.0,0.0,1.3845,1.4361,1.3133,1.3817,0.0088,0.008,0.32,0.652,0.0,1.7093,0.05,0.05,1.87,4,0,11,20.2417,0.0,0.0,0.0,0,0,0,0,0.0,50,d,0,0,0,0.4668,0.0261,0.0,-0.056,-0.014,0.0134,0.0527,0.0885,0.0088,0.0,0.0001,0.5862,0.0305,0.4363,0.4668,0.0261,10.86,0.1224
614071,Manzambi,Aston Villa,MID,98,1,0,0,59.7,71,0.5578,0.2028,0.862,8.8738,2.5354,71,0.5577,0.2028,0.862,8.8732,2.5352,1.3845,1.4361,1.3133,1.3817,0.37,0.1345,0.5718,5.8863,1.6818,37.8403,0.44,0.16,0.68,7,2,45,57.0457,0.44,0.16,0.68,7,2,45,71,57.0423,59,a,0,1,1,0.8969,0.7841,0.0,-0.1076,-0.0269,0.6852,0.4049,0.929,0.2164,0.0,0.0231,3.7819,0.8125,0.0844,0.8969,0.7841,75.28,0.8493
448089,Gomes,Aston Villa,MID,129,2,0,0,394.3,2919,0.0297,0.0631,1.6356,12.2994,0.2121,448,0.0201,0.0442,1.2757,12.4554,0.0,1.3845,1.4361,1.3133,1.3817,0.1299,0.2766,7.1657,53.8851,0.9292,72.522,1.29,2.11,50.16,400,6,542,16.5533,0.1,0.22,6.3500000000000005,62,0,70,448,14.0625,55,a,0,1,1,1.0,0.55,0.0,-0.12,-0.03,0.2429,0.1557,0.1526,0.2127,0.0,0.1794,2.1639,1.0,0.0,1.0,0.55,58.88,0.7167
178301,Watkins,Aston Villa,FWD,0,0,0,0,338.6,2833,0.6152,0.0279,1.3274,2.7019,1.3979,379,0.786,0.0142,1.3298,1.6623,2.1372,1.3845,1.4361,1.3133,1.3817,2.3146,0.1049,4.9938,10.165,5.2591,106.1299,15.4,1.18,43.39,94,26,623,28.2094,3.31,0.06,5.6,7,9,165,379,39.1821,78,u,0,0,0,0.0,0.0,0.0,0.0,0.0,0.0,0.0,0.0,0.0,0.0,0.0,0.0,0.0,0.0,0.0,0.0,0.0,0.0
173879,Abraham,Aston Villa,FWD,71,0,1,0,53.2,280,0.6415,0.1057,2.454,4.1931,0.503,71,0.3676,0.0,1.9775,2.5352,0.0,1.3845,1.4361,1.3133,1.3817,0.3792,0.0625,1.4506,2.4786,0.2973,20.4899,2.05,0.36,5.55,13,2,96,34.6634,0.29,0.0,1.56,2,0,5,71,6.338,55,a,1,0,1,0.7594,0.4422,0.0,-0.0911,-0.0228,0.3132,0.2004,0.9831,0.0,0.0,0.0001,2.5844,0.5625,0.1969,0.7594,0.4422,43.33,0.5125
493105,Garnacho,Aston Villa,MID,31,0,0,0,128.4,1261,0.2402,0.2261,1.3079,5.4925,0.176,1,0.0,0.0,4.5,270.0,0.0,1.3845,1.4361,1.3133,1.3817,0.3427,0.3225,1.8659,7.836,0.2511,21.7922,3.44,3.68,20.52,71,3,222,15.2749,0.0,0.0,0.05,3,0,5,1,450.0,58,a,0,0,0,0.456,0.0082,0.0,-0.0547,-0.0137,0.0027,0.0656,0.1151,0.0034,0.0,0.0,0.5826,0.0109,0.4451,0.456,0.0082,9.43,0.1044
517052,N.Jackson,Aston Villa,FWD,286,4,0,0,73.2,87,0.4549,0.0207,1.1683,4.1356,1.0339,87,0.4552,0.0207,1.169,4.1379,1.0345,1.3845,1.4361,1.3133,1.3817,0.37,0.0168,0.9502,3.3636,0.8409,26.0678,0.44,0.02,1.13,4,1,31,32.0506,0.44,0.02,1.13,4,1,31,87,32.069,65,a,0,1,1,1.0,0.7053,0.0,-0.12,-0.03,0.6864,0.2961,1.1786,0.0,0.0,0.0,3.7164,1.0,0.0,1.0,0.7053,65.75,0.7944
690838,Madjo,Aston Villa,FWD,0,0,0,0,0.0,0,0.0,0.0,0.0,0.0,0.0,0,0.0,0.0,0.0,0.0,0.0,1.3845,1.4361,1.3133,1.3817,0.0,0.0,0.0,0.0,0.0,0.0,0.0,0.0,0.0,0,0,0,0.0,0.0,0.0,0.0,0,0,0,0,0.0,54,d,0,0,0,0.0,0.0,0.0,0.0,0.0,0.0,0.0,0.0,0.0,0.0,0.0,0.0,0.0,0.0,0.0,0.0,0.0,0.0
487992,Ruggeri,Aston Villa,DEF,113,1,0,0,75.7,90,0.03,0.01,1.5596,12.9967,0.0,90,0.03,0.01,1.56,13.0,0.0,1.3845,1.4361,1.3133,1.3817,0.0252,0.0084,1.3118,10.9317,0.0,9.2499,0.03,0.01,1.56,13,0,11,10.9972,0.03,0.01,1.56,13,0,11,90,11.0,45,a,0,1,1,0.8275,0.7967,0.0,-0.0993,-0.0248,0.1939,0.1046,0.2297,0.8794,-0.4004,0.3912,2.5073,0.8125,0.015,0.8275,0.7967,74.42,0.8339
433969,Suzuki,Aston Villa,GK,360,4,0,0,75.7,90,0.0,0.0,1.5596,0.0,0.0,90,0.0,0.0,1.56,0.0,0.0,1.3845,1.4361,1.3133,1.3817,0.0,0.0,1.3118,0.0,0.0,14.2952,0.0,0.0,1.56,0,0,17,16.9956,0.0,0.0,1.56,0,0,17,90,17.0,50,a,0,1,1,1.0,0.995,1.0,-0.12,-0.03,0.1591,0.0,0.0,1.0983,-0.492,0.0,3.6104,1.0,0.0,1.0,0.995,89.81,1.0
569577,Rowe,Aston Villa,DEF,0,0,0,0,0.0,0,0.0,0.0,0.0,0.0,0.0,0,0.0,0.0,0.0,0.0,0.0,1.3845,1.4361,1.3133,1.3817,0.0,0.0,0.0,0.0,0.0,0.0,0.0,0.0,0.0,0,0,0,0.0,0.0,0.0,0.0,0,0,0,0,0.0,40,a,0,0,0,0.0,0.0,0.0,0.0,0.0,0.0,0.0,0.0,0.0,0.0,0.0,0.0,0.0,0.0,0.0,0.0,0.0,0.0
571380,Lynch,Aston Villa,MID,0,0,0,0,0.0,0,0.0,0.0,0.0,0.0,0.0,0,0.0,0.0,0.0,0.0,0.0,1.3845,1.4361,1.3133,1.3817,0.0,0.0,0.0,0.0,0.0,0.0,0.0,0.0,0.0,0,0,0,0.0,0.0,0.0,0.0,0,0,0,0,0.0,45,u,0,0,0,0.0,0.0,0.0,0.0,0.0,0.0,0.0,0.0,0.0,0.0,0.0,0.0,0.0,0.0,0.0,0.0,0.0,0.0
214590,Wan-Bissaka,Aston Villa,DEF,152,2,0,0,263.8,2125,0.0,0.0365,1.3852,7.6993,0.0,222,0.0,0.0324,1.2041,6.8919,0.0,1.3845,1.4361,1.3133,1.3817,0.0,0.1069,4.0601,22.5675,0.0,28.4688,0.0,1.01,36.08,180,0,209,9.7126,0.0,0.08,2.97,17,0,19,222,7.7027,45,a,0,1,1,1.0,0.8921,0.0,-0.12,-0.03,0.0424,0.0973,0.0358,1.1825,-0.389,0.1151,2.7112,1.0,0.0,1.0,0.8921,73.41,0.8444
119090,Goretzka,Aston Villa,MID,0,0,0,0,0.0,0,0.0,0.0,0.0,0.0,0.0,0,0.0,0.0,0.0,0.0,0.0,1.3845,1.4361,1.3133,1.3817,0.0,0.0,0.0,0.0,0.0,0.0,0.0,0.0,0.0,0,0,0,0.0,0.0,0.0,0.0,0,0,0,0,0.0,59,i,0,0,0,0.0,0.0,0.0,0.0,0.0,0.0,0.0,0.0,0.0,0.0,0.0,0.0,0.0,0.0,0.0,0.0,0.0,0.0
245719,Harwood-Bellis,Aston Villa,DEF,0,0,0,0,0.0,0,0.0,0.0,0.0,0.0,0.0,0,0.0,0.0,0.0,0.0,0.0,1.3845,1.4361,1.3133,1.3817,0.0,0.0,0.0,0.0,0.0,0.0,0.0,0.0,0.0,0,0,0,0.0,0.0,0.0,0.0,0,0,0,0,0.0,45,a,0,0,0,0.0,0.0,0.0,0.0,0.0,0.0,0.0,0.0,0.0,0.0,0.0,0.0,0.0,0.0,0.0,0.0,0.0,0.0
638987,Mbaye,Aston Villa,MID,33,0,1,0,5.0,6,0.0,0.0,11.8062,0.0,0.0,6,0.0,0.0,11.7,0.0,0.0,1.3845,1.4361,1.3133,1.3817,0.0,0.0,0.6559,0.0,0.0,1.6818,0.0,0.0,0.78,0,0,2,30.2724,0.0,0.0,0.78,0,0,2,6,30.0,60,a,1,0,1,0.7594,0.4422,0.0,-0.0911,-0.0228,0.2765,0.2267,0.3779,0.1485,0.0,0.0009,2.1173,0.5625,0.1969,0.7594,0.4422,43.33,0.5125
481283,Wright,Aston Villa,GK,0,0,0,0,0.0,0,0.0,0.0,0.0,0.0,0.0,0,0.0,0.0,0.0,0.0,0.0,1.3845,1.4361,1.3133,1.3817,0.0,0.0,0.0,0.0,0.0,0.0,0.0,0.0,0.0,0,0,0,0.0,0.0,0.0,0.0,0,0,0,0,0.0,40,a,0,0,0,0.0,0.0,0.0,0.0,0.0,0.0,0.0,0.0,0.0,0.0,0.0,0.0,0.0,0.0,0.0,0.0,0.0,0.0
457569,Petrović,Bournemouth,GK,450,5,0,0,476.2,3510,0.0,0.0,1.5425,0.0,0.1054,450,0.0,0.0,1.454,0.0,0.0,1.6138,1.5779,1.328,1.454,0.0,0.0,8.1617,0.0,0.5578,75.9893,0.0,0.0,58.37,0,5,524,14.3617,0.0,0.0,7.27,0,0,88,450,17.6,45,a,0,1,1,1.0,0.995,1.0,-0.12,-0.03,0.114,0.0,0.0,0.9806,-0.5587,0.0,3.3809,1.0,0.0,1.0,0.995,89.81,1.0
40383,Forster,Bournemouth,GK,0,0,0,0,0.0,0,0.0,0.0,0.0,0.0,0.0,0,0.0,0.0,0.0,0.0,0.0,1.6138,1.5779,1.328,1.454,0.0,0.0,0.0,0.0,0.0,0.0,0.0,0.0,0.0,0,0,0,0.0,0.0,0.0,0.0,0,0,0,0,0.0,40,a,0,0,0,0.0,0.0,0.0,0.0,0.0,0.0,0.0,0.0,0.0,0.0,0.0,0.0,0.0,0.0,0.0,0.0,0.0,0.0
444172,Dennis,Bournemouth,GK,0,0,0,0,0.0,0,0.0,0.0,0.0,0.0,0.0,0,0.0,0.0,0.0,0.0,0.0,1.6138,1.5779,1.328,1.454,0.0,0.0,0.0,0.0,0.0,0.0,0.0,0.0,0.0,0,0,0,0.0,0.0,0.0,0.0,0,0,0,0,0.0,40,u,0,0,0,0.0,0.0,0.0,0.0,0.0,0.0,0.0,0.0,0.0,0.0,0.0,0.0,0.0,0.0,0.0,0.0,0.0,0.0
463981,Hill,Bournemouth,DEF,450,5,0,0,425.3,2192,0.034,0.036,1.5206,11.7999,0.1835,450,0.02,0.016,1.454,11.2,0.4,1.6138,1.5779,1.328,1.454,0.1605,0.1699,7.1858,55.7611,0.8672,75.4629,0.89,1.18,35.07,275,4,401,15.9691,0.1,0.08,7.27,56,2,83,450,16.6,55,a,0,1,1,1.0,0.9767,0.0,-0.12,-0.03,0.1995,0.1138,0.2172,0.9626,-0.5587,0.8356,2.7611,1.0,0.0,1.0,0.9767,89.11,1.0
494521,Truffert,Bournemouth,DEF,450,5,0,0,474.2,3468,0.0583,0.0958,1.5243,7.5998,0.6258,450,0.078,0.102,1.454,6.0,1.0,1.6138,1.5779,1.328,1.454,0.3073,0.505,8.0313,40.0427,3.2972,93.3185,1.37,3.13,56.07,308,19,613,17.7112,0.39,0.51,7.27,30,5,113,450,22.6,54,a,0,1,1,1.0,0.9767,0.0,-0.12,-0.03,0.5959,0.2748,0.3452,0.9626,-0.5587,0.2455,3.4465,1.0,0.0,1.0,0.9767,89.11,1.0
242882,Diakité,Bournemouth,DEF,0,0,0,0,46.9,1275,0.0017,0.014,1.7349,8.0482,0.0654,0,0.0,0.0,0.0,0.0,0.0,1.6138,1.5779,1.328,1.454,0.0009,0.0073,0.9041,4.194,0.0341,5.3564,0.02,0.19,22.47,117,2,164,10.2788,0.0,0.0,0.0,0,0,0,0,0.0,49,a,0,0,0,0.0,0.0,0.0,0.0,0.0,0.0,0.0,0.0,0.0,0.0,0.0,0.0,0.0,0.0,0.0,0.0,0.0,0.0
620487,Milosavljević,Bournemouth,DEF,0,0,0,0,12.6,367,0.0514,0.0293,1.2057,9.6436,0.0,0,0.0,0.0,0.0,0.0,0.0,1.6138,1.5779,1.328,1.454,0.0072,0.0041,0.1688,1.3501,0.0,2.3438,0.15,0.19,4.42,39,0,63,16.7414,0.0,0.0,0.0,0,0,0,0,0.0,49,i,0,0,0,0.0,0.0,0.0,0.0,0.0,0.0,0.0,0.0,0.0,0.0,0.0,0.0,0.0,0.0,0.0,0.0,0.0,0.0
54469,Smith,Bournemouth,DEF,434,5,0,0,215.4,1147,0.0,0.0197,1.5584,4.5986,0.432,342,0.0,0.0132,1.4789,4.4737,0.5263,1.6138,1.5779,1.328,1.454,0.0,0.0472,3.7298,11.006,1.034,37.1739,0.0,0.25,19.58,70,4,188,15.5323,0.0,0.05,5.62,17,2,65,342,17.1053,45,a,0,1,1,1.0,0.9667,0.0,-0.12,-0.03,0.4011,0.0775,0.0676,0.9962,-0.5322,0.0388,2.8269,1.0,0.0,1.0,0.9667,85.64,0.9644
436893,J.Araujo,Bournemouth,DEF,0,0,0,0,0.0,0,0.0,0.0,0.0,0.0,0.0,0,0.0,0.0,0.0,0.0,0.0,1.6138,1.5779,1.328,1.454,0.0,0.0,0.0,0.0,0.0,0.0,0.0,0.0,0.0,0,0,0,0.0,0.0,0.0,0.0,0,0,0,0,0.0,44,i,0,0,0,0.0,0.0,0.0,0.0,0.0,0.0,0.0,0.0,0.0,0.0,0.0,0.0,0.0,0.0,0.0,0.0,0.0,0.0
575901,Soler,Bournemouth,DEF,0,0,0,0,1.9,34,0.0,0.0,5.0684,3.2305,0.0,0,0.0,0.0,0.0,0.0,0.0,1.6138,1.5779,1.328,1.454,0.0,0.0,0.107,0.0682,0.0,0.0405,0.0,0.0,1.62,1,0,2,1.9184,0.0,0.0,0.0,0,0,0,0,0.0,40,a,0,0,0,0.0,0.0,0.0,0.0,0.0,0.0,0.0,0.0,0.0,0.0,0.0,0.0,0.0,0.0,0.0,0.0,0.0,0.0
499604,Rayan,Bournemouth,MID,434,5,0,0,322.7,1197,0.1759,0.1785,1.4453,6.4811,0.1601,405,0.2311,0.1422,1.1378,7.7778,0.2222,1.6138,1.5779,1.328,1.454,0.6306,0.6399,5.1822,23.2385,0.5742,66.9292,2.67,2.19,20.54,86,3,255,18.6663,1.04,0.64,5.12,35,1,86,405,19.1111,63,a,0,1,1,1.0,0.9394,0.0,-0.12,-0.03,0.237,0.4978,0.82,0.242,0.0,0.0622,3.5862,1.0,0.0,1.0,0.9394,84.69,0.9644
201658,Tavernier,Bournemouth,MID,424,5,0,0,391.5,2806,0.2674,0.1787,1.3967,7.9607,0.4576,416,0.1298,0.1925,1.3284,7.3558,0.649,1.6138,1.5779,1.328,1.454,1.1633,0.7772,6.0756,34.6291,1.9904,84.2619,9.06,4.71,42.46,257,14,566,19.3706,0.6,0.89,6.14,34,3,99,416,21.4183,61,a,0,1,1,1.0,0.9246,0.0,-0.12,-0.03,0.4623,0.4961,1.1984,0.245,0.0,0.1709,4.1764,1.0,0.0,1.0,0.9246,82.33,0.9422
503139,Scott,Bournemouth,MID,446,5,0,0,423.0,2938,0.1179,0.117,1.5137,11.9892,0.2426,360,0.04,0.0975,1.3,12.0,0.0,1.6138,1.5779,1.328,1.454,0.554,0.5497,7.1143,56.3492,1.1403,88.3551,3.92,3.01,48.67,394,9,620,18.799,0.16,0.39,5.199999999999999,48,0,63,360,15.75,61,i,0,1,1,0.0,0.0,0.0,0.0,0.0,0.0,0.0,0.0,0.0,0.0,0.0,0.0,0.0,0.0,0.0,0.0,0.0,0.0
222683,Kluivert,Bournemouth,MID,294,4,0,0,55.4,945,0.2681,0.1207,2.0927,6.7316,0.2841,31,0.2032,0.029,3.4258,8.7097,0.0,1.6138,1.5779,1.328,1.454,0.165,0.0743,1.2882,4.1437,0.1749,7.507,2.31,1.55,17.96,65,3,147,12.1955,0.07,0.01,1.1800000000000002,3,0,0,31,0.0,59,i,0,0,0,0.0,0.0,0.0,0.0,0.0,0.0,0.0,0.0,0.0,0.0,0.0,0.0,0.0,0.0,0.0,0.0,0.0,0.0
155408,Cook,Bournemouth,MID,180,2,1,0,83.8,887,0.0039,0.049,1.5309,14.0753,0.0,17,0.0,0.0,4.0235,10.5882,0.0,1.6138,1.5779,1.328,1.454,0.0036,0.0456,1.4254,13.1057,0.0,19.3621,0.07,0.52,14.25,145,0,193,20.7946,0.0,0.0,0.76,2,0,9,17,47.6471,50,a,1,0,1,1.0,0.8745,0.0,-0.12,-0.03,0.1415,0.2069,0.2011,0.248,0.0,0.5435,2.5219,1.0,0.0,1.0,0.8745,76.49,0.8889
496208,Gannon-Doak,Bournemouth,MID,12,0,1,0,20.7,107,0.2943,0.143,4.0187,13.0374,0.0,39,0.3923,0.1154,3.4154,9.2308,0.0,1.6138,1.5779,1.328,1.454,0.0677,0.0329,0.9243,2.9986,0.0,6.5998,0.26,0.15,4.99,13,0,36,28.6948,0.17,0.05,1.48,4,0,10,39,23.0769,49,a,1,0,1,0.7594,0.448,0.0,-0.0911,-0.0228,0.2154,0.2281,0.471,0.1364,0.0,0.016,2.1444,0.5625,0.1969,0.7594,0.448,43.47,0.5125
200785,Adams,Bournemouth,MID,279,3,0,0,260.3,1856,0.0126,0.0428,1.4713,12.973,0.0424,382,0.0047,0.0377,1.3688,12.7225,0.0,1.6138,1.5779,1.328,1.454,0.0365,0.1238,4.2554,37.5207,0.1225,44.5742,0.63,0.67,28.58,245,3,359,15.4117,0.02,0.16,5.81,54,0,54,382,12.7225,50,a,0,1,1,1.0,0.9662,0.0,-0.12,-0.03,0.115,0.1794,0.172,0.2381,0.0,0.9188,2.5207,1.0,0.0,1.0,0.9662,90.65,1.0
111317,Brooks,Bournemouth,MID,45,0,1,0,107.1,1203,0.5303,0.2525,1.9421,8.0345,0.203,52,1.1769,0.3808,3.0115,13.8462,0.0,1.6138,1.5779,1.328,1.454,0.631,0.3005,2.3111,9.5611,0.2416,21.7493,5.81,3.46,20.5,96,4,219,18.2767,0.68,0.22,1.74,8,0,23,52,39.8077,50,a,1,0,1,0.7594,0.448,0.0,-0.0911,-0.0228,0.1518,0.3527,1.1393,0.1364,0.0,0.0363,2.8737,0.5625,0.1969,0.7594,0.448,43.47,0.5125
158499,Christie,Bournemouth,MID,102,1,0,0,208.5,1052,0.2529,0.0564,1.6503,9.8881,0.1815,136,0.3309,0.0265,1.7272,9.2647,0.0,1.6138,1.5779,1.328,1.454,0.5858,0.1307,3.8233,22.9075,0.4204,29.616,2.31,0.8,20.54,128,2,214,12.7839,0.5,0.04,2.61,14,0,6,136,3.9706,50,a,0,1,1,0.8969,0.7855,0.0,-0.1076,-0.0269,0.2121,0.2032,0.9649,0.1935,0.0,0.307,3.1216,0.8125,0.0844,0.8969,0.7855,75.34,0.8493
614574,Tóth.A,Bournemouth,MID,17,0,1,0,34.8,137,0.0678,0.1761,3.4153,10.3883,0.0,59,0.0763,0.122,2.4864,10.678,0.0,1.6138,1.5779,1.328,1.454,0.0262,0.0681,1.3206,4.0168,0.0,10.5651,0.11,0.33,5.15,17,0,35,27.3235,0.05,0.08,1.63,7,0,15,59,22.8814,49,a,1,0,1,0.7594,0.448,0.0,-0.0911,-0.0228,0.2021,0.2419,0.3251,0.1364,0.0,0.0118,1.9991,0.5625,0.1969,0.7594,0.448,43.47,0.5125
489888,Adli,Bournemouth,MID,0,0,0,0,113.9,1074,0.1969,0.1455,1.6711,9.431,0.4062,33,0.0,0.0,3.7909,10.9091,0.0,1.6138,1.5779,1.328,1.454,0.2492,0.1841,2.1149,11.9355,0.5141,24.436,2.6,1.62,18.22,123,4,241,19.3085,0.0,0.0,1.39,4,0,3,33,8.1818,49,i,0,0,0,0.0,0.0,0.0,0.0,0.0,0.0,0.0,0.0,0.0,0.0,0.0,0.0,0.0,0.0,0.0,0.0,0.0,0.0
560262,Kroupi.Jr,Bournemouth,MID,0,0,0,0,266.6,1826,0.4354,0.0978,1.2925,5.4395,0.7364,294,0.4439,0.0765,1.0592,4.2857,0.6122,1.6138,1.5779,1.328,1.454,1.2897,0.2898,3.8286,16.113,2.1814,67.2724,9.87,1.58,28.85,123,17,605,22.7101,1.45,0.25,3.46,14,2,65,294,19.898,74,i,0,0,0,0.0,0.0,0.0,0.0,0.0,0.0,0.0,0.0,0.0,0.0,0.0,0.0,0.0,0.0,0.0,0.0,0.0,0.0
444102,Evanilson,Bournemouth,FWD,424,5,0,0,409.9,2831,0.3235,0.0435,1.3753,5.2493,0.1077,371,0.3008,0.0558,1.1765,6.7925,0.0,1.6138,1.5779,1.328,1.454,1.4733,0.1979,6.2637,23.9078,0.4905,59.9773,10.8,1.49,40.67,140,6,424,13.169,1.24,0.23,4.85,28,0,56,371,13.5849,60,a,0,1,1,1.0,0.9246,0.0,-0.12,-0.03,0.1619,0.1561,1.2302,0.0,0.0,0.0184,3.3228,1.0,0.0,1.0,0.9246,82.33,0.9422
168636,Enes Ünal,Bournemouth,FWD,0,0,0,0,30.4,214,0.7845,0.0213,3.5917,14.424,0.1199,39,0.3462,0.0231,4.6154,18.4615,0.0,1.6138,1.5779,1.328,1.454,0.265,0.0072,1.2132,4.8721,0.0405,12.9926,2.0,0.07,6.16,23,1,83,38.4649,0.15,0.01,2.0,8,0,22,39,50.7692,55,u,0,0,0,0.0,0.0,0.0,0.0,0.0,0.0,0.0,0.0,0.0,0.0,0.0,0.0,0.0,0.0,0.0,0.0,0.0,0.0
561245,Rodríguez,Bournemouth,FWD,10,0,0,0,0.0,0,0.0,0.0,0.0,0.0,0.0,0,0.0,0.0,0.0,0.0,0.0,1.6138,1.5779,1.328,1.454,0.0,0.0,0.0,0.0,0.0,0.0,0.0,0.0,0.0,0,0,0,0.0,0.0,0.0,0.0,0,0,0,0,0.0,60,a,0,0,0,0.4519,0.0042,0.0,-0.0542,-0.0136,0.002,0.0444,0.138,0.0,0.0,0.0,0.5727,0.0035,0.4484,0.4519,0.0042,9.14,0.1014
483067,Silva,Bournemouth,DEF,450,5,0,0,75.7,90,0.0,0.02,1.6496,14.9961,0.0,90,0.0,0.02,1.65,15.0,0.0,1.6138,1.5779,1.328,1.454,0.0,0.0168,1.3875,12.6134,0.0,6.7272,0.0,0.02,1.65,15,0,8,7.998,0.0,0.02,1.65,15,0,8,90,8.0,50,a,0,1,1,1.0,0.9767,0.0,-0.12,-0.03,0.2386,0.1316,0.2386,0.9626,-0.5587,0.5141,2.8394,1.0,0.0,1.0,0.9767,89.11,1.0
494928,Sanchez,Bournemouth,DEF,0,0,0,0,0.0,0,0.0,0.0,0.0,0.0,0.0,0,0.0,0.0,0.0,0.0,0.0,1.6138,1.5779,1.328,1.454,0.0,0.0,0.0,0.0,0.0,0.0,0.0,0.0,0.0,0,0,0,0.0,0.0,0.0,0.0,0,0,0,0,0.0,44,a,0,0,0,0.0,0.0,0.0,0.0,0.0,0.0,0.0,0.0,0.0,0.0,0.0,0.0,0.0,0.0,0.0,0.0,0.0,0.0
523700,Jebbison,Bournemouth,FWD,31,0,1,0,12.6,15,0.0,0.0,1.5014,0.0,0.0,15,0.0,0.0,1.5,0.0,0.0,1.6138,1.5779,1.328,1.454,0.0,0.0,0.2102,0.0,0.0,2.5227,0.0,0.0,0.25,0,0,3,18.0193,0.0,0.0,0.25,0,0,3,15,18.0,50,a,1,0,1,0.7594,0.448,0.0,-0.0911,-0.0228,0.3236,0.2211,0.688,0.0,0.0,0.0,2.3263,0.5625,0.1969,0.7594,0.448,43.47,0.5125
230650,Di Gregorio,Bournemouth,GK,0,0,0,0,0.0,0,0.0,0.0,0.0,0.0,0.0,0,0.0,0.0,0.0,0.0,0.0,1.6138,1.5779,1.328,1.454,0.0,0.0,0.0,0.0,0.0,0.0,0.0,0.0,0.0,0,0,0,0.0,0.0,0.0,0.0,0,0,0,0,0.0,45,a,0,0,0,0.0,0.0,0.0,0.0,0.0,0.0,0.0,0.0,0.0,0.0,0.0,0.0,0.0,0.0,0.0,0.0,0.0,0.0
200720,Kelleher,Brentford,GK,450,5,0,0,463.6,3420,0.0,0.0071,1.4784,0.0,0.3972,540,0.0,0.0,1.7933,0.0,0.5,1.787,1.4629,1.6867,1.7933,0.0,0.0368,7.6156,0.0,2.0461,97.7077,0.0,0.22,54.31,0,11,597,18.9683,0.0,0.0,10.76,0,3,118,540,19.6667,50,a,0,1,1,1.0,0.995,1.0,-0.12,-0.03,0.3789,0.0193,0.0,1.0748,-0.5045,0.0,3.8135,1.0,0.0,1.0,0.995,89.81,1.0
507433,Valdimarsson,Brentford,GK,0,0,0,0,14.6,90,0.0,0.0,0.969,0.0,0.0,0,0.0,0.0,0.0,0.0,0.0,1.787,1.4629,1.6867,1.7933,0.0,0.0,0.1572,0.0,0.0,0.1621,0.0,0.0,0.97,0,0,1,0.9992,0.0,0.0,0.0,0,0,0,0,0.0,45,a,0,0,0,0.0,0.0,0.0,0.0,0.0,0.0,0.0,0.0,0.0,0.0,0.0,0.0,0.0,0.0,0.0,0.0,0.0,0.0
432830,Collins,Brentford,DEF,196,3,0,0,347.3,2971,0.0674,0.0645,1.6192,9.0722,0.1154,450,0.02,0.078,1.986,9.4,0.0,1.787,1.4629,1.6867,1.7933,0.2602,0.2489,6.2483,35.0088,0.4454,53.4398,2.24,1.71,47.52,319,7,450,13.8485,0.1,0.39,9.93,47,0,57,450,11.4,54,i,0,0,0,0.0,0.0,0.0,0.0,0.0,0.0,0.0,0.0,0.0,0.0,0.0,0.0,0.0,0.0,0.0,0.0,0.0,0.0
444765,Van den Berg,Brentford,DEF,0,0,0,0,303.7,2761,0.1099,0.095,1.4358,8.9229,0.1083,278,0.1586,0.1781,1.7029,9.7122,0.0,1.787,1.4629,1.6867,1.7933,0.3707,0.3207,4.8451,30.1097,0.3656,58.6896,3.36,1.45,41.59,272,3,435,17.3924,0.49,0.5499999999999999,5.26,30,0,66,278,21.3669,49,i,0,0,0,0.0,0.0,0.0,0.0,0.0,0.0,0.0,0.0,0.0,0.0,0.0,0.0,0.0,0.0,0.0,0.0,0.0,0.0
249231,Lewis-Potter,Brentford,MID,406,5,0,0,366.2,2040,0.139,0.1112,1.4295,4.6821,0.1922,528,0.0972,0.0733,1.6415,4.4318,0.3409,1.787,1.4629,1.6867,1.7933,0.5654,0.4526,5.8165,19.0511,0.7821,65.8511,3.16,2.52,34.44,83,5,371,16.184,0.5700000000000001,0.43,9.63,26,2,82,528,13.9773,55,a,0,1,1,1.0,0.8947,0.0,-0.12,-0.03,0.2373,0.3164,0.6343,0.2714,0.0,0.009,3.204,1.0,0.0,1.0,0.8947,78.13,0.9022
191866,Ajer,Brentford,DEF,450,5,0,0,274.8,1895,0.0109,0.0274,1.543,9.6728,0.2997,271,0.0,0.0199,1.8332,10.9594,0.3321,1.787,1.4629,1.6867,1.7933,0.0332,0.0836,4.7114,29.5343,0.9152,45.0497,0.69,0.78,32.34,201,2,240,14.7543,0.0,0.06,5.52,33,1,44,271,14.6125,45,a,0,1,1,1.0,0.9779,0.0,-0.12,-0.03,0.2997,0.0928,0.102,1.0564,-0.5045,0.5115,2.8743,1.0,0.0,1.0,0.9779,89.16,1.0
607464,Kayode,Brentford,DEF,294,4,0,0,442.6,3326,0.0531,0.0613,1.4933,5.0131,0.1769,518,0.0973,0.04,1.8208,3.8224,0.0,1.787,1.4629,1.6867,1.7933,0.2609,0.3013,7.3435,24.6535,0.8701,70.432,1.28,2.96,53.2,221,9,514,14.3219,0.56,0.23,10.48,22,0,47,518,8.166,46,a,0,1,1,1.0,0.8769,0.0,-0.12,-0.03,0.1886,0.1475,0.2587,1.1799,-0.3808,0.0118,3.1209,1.0,0.0,1.0,0.8769,70.85,0.8167
194010,Henry,Brentford,DEF,2,0,0,0,117.9,1322,0.005,0.0384,1.4176,4.5361,0.0,0,0.0,0.0,0.0,0.0,0.0,1.787,1.4629,1.6867,1.7933,0.0065,0.0503,1.8571,5.9423,0.0,13.4769,0.18,0.54,23.91,68,0,144,10.2877,0.0,0.0,0.0,0,0,0,0,0.0,44,a,0,0,0,0.0806,0.0008,0.0,-0.0097,-0.0024,0.0,0.0022,0.0016,0.0013,-0.0039,0.0,0.0705,0.0007,0.0799,0.0806,0.0008,1.63,0.0181
472713,Hickey,Brentford,DEF,152,1,1,0,82.1,700,0.0352,0.0158,1.699,9.9215,0.0,112,0.0321,0.008,2.2821,10.4464,0.0,1.787,1.4629,1.6867,1.7933,0.0321,0.0144,1.5499,9.0506,0.0,13.2447,0.44,0.18,9.31,55,0,110,14.5192,0.04,0.01,2.84,13,0,16,112,12.8571,45,a,1,0,1,0.8275,0.7982,0.0,-0.0993,-0.0248,0.0812,0.068,0.2008,0.8623,-0.4106,0.4278,2.3033,0.8125,0.015,0.8275,0.7982,74.48,0.8339
570241,Ji-soo,Brentford,DEF,0,0,0,0,0.0,0,0.0,0.0,0.0,0.0,0.0,0,0.0,0.0,0.0,0.0,0.0,1.787,1.4629,1.6867,1.7933,0.0,0.0,0.0,0.0,0.0,0.0,0.0,0.0,0.0,0,0,0,0.0,0.0,0.0,0.0,0,0,0,0,0.0,44,a,0,0,0,0.0,0.0,0.0,0.0,0.0,0.0,0.0,0.0,0.0,0.0,0.0,0.0,0.0,0.0,0.0,0.0,0.0,0.0
513086,Schuster,Brentford,DEF,253,2,0,0,75.7,90,0.0,0.5199,0.8297,15.9959,2.9992,90,0.0,0.52,0.83,16.0,3.0,1.787,1.4629,1.6867,1.7933,0.0,0.4373,0.6979,13.4543,2.5227,36.1585,0.0,0.52,0.83,16,3,43,42.989,0.0,0.52,0.83,16,3,43,90,43.0,45,a,0,1,1,1.0,0.9823,0.0,-0.12,-0.03,0.8521,0.4383,0.2386,1.0611,-0.5045,0.5884,3.918,1.0,0.0,1.0,0.9823,91.29,1.0
513418,Schade,Brentford,MID,447,5,0,0,389.0,2834,0.426,0.0429,1.3994,5.6751,0.0631,448,0.3335,0.006,1.8221,5.0223,0.0,1.787,1.4629,1.6867,1.7933,1.8411,0.1853,6.0486,24.5291,0.2729,60.2527,12.62,2.07,40.88,197,5,412,13.9402,1.66,0.03,9.07,25,0,58,448,11.6518,62,a,0,1,1,1.0,0.9569,0.0,-0.12,-0.03,0.1111,0.1629,1.9651,0.2605,0.0,0.0498,4.3065,1.0,0.0,1.0,0.9569,87.79,0.9933
533463,O.Dango,Brentford,MID,179,2,1,0,309.3,2280,0.3365,0.1913,1.5912,6.3444,0.6661,390,0.5054,0.0992,1.9292,5.5385,0.6923,1.787,1.4629,1.6867,1.7933,1.1566,0.6576,5.4683,21.8036,2.289,61.4105,7.94,4.12,34.88,185,16,431,17.8692,2.19,0.43,8.360000000000001,24,3,73,390,16.8462,63,a,1,0,1,1.0,0.8745,0.0,-0.12,-0.03,0.644,0.4924,1.3766,0.2713,0.0,0.0401,4.5088,1.0,0.0,1.0,0.8745,76.05,0.8833
440089,Damsgaard,Brentford,MID,283,3,0,0,318.9,2132,0.1181,0.2626,1.3248,11.3274,0.4128,431,0.1295,0.3237,1.5432,11.4849,0.6265,1.787,1.4629,1.6867,1.7933,0.4183,0.9304,4.6943,40.1366,1.4628,72.0411,2.65,5.71,32.25,251,9,482,20.3314,0.62,1.55,7.39,55,3,101,431,21.0905,54,d,0,1,1,1.0,0.9679,0.0,-0.12,-0.03,0.4251,0.7402,0.613,0.2614,0.0,0.696,3.8575,1.0,0.0,1.0,0.9679,90.72,1.0
207283,Jensen,Brentford,MID,66,1,0,0,346.4,2239,0.0618,0.2552,1.5348,9.3283,0.0708,414,0.0304,0.2826,1.9109,10.4348,0.2174,1.787,1.4629,1.6867,1.7933,0.238,0.9821,5.9074,35.9034,0.2726,67.5413,2.21,6.0600000000000005,35.72,220,1,465,17.5483,0.14,1.3,8.79,48,1,86,414,18.6957,54,i,0,0,0,0.0,0.0,0.0,0.0,0.0,0.0,0.0,0.0,0.0,0.0,0.0,0.0,0.0,0.0,0.0,0.0,0.0,0.0
204580,Janelt,Brentford,MID,450,5,0,0,246.9,1524,0.0338,0.116,1.7344,10.0023,0.2118,271,0.01,0.1428,2.4011,9.2989,0.0,1.787,1.4629,1.6867,1.7933,0.0928,0.3182,4.758,27.4396,0.5811,48.1137,0.85,2.31,27.45,192,6,347,17.5384,0.03,0.43,7.229999999999999,28,0,47,271,15.6089,50,a,0,1,1,1.0,0.9597,0.0,-0.12,-0.03,0.2656,0.3671,0.2775,0.2592,0.0,0.4172,2.9791,1.0,0.0,1.0,0.9597,88.47,1.0
543295,Milambo,Brentford,MID,0,0,0,0,0.7,45,0.0,0.0257,2.9957,8.0357,0.0,0,0.0,0.0,0.0,0.0,0.0,1.787,1.4629,1.6867,1.7933,0.0,0.0002,0.0233,0.0625,0.0,0.0781,0.0,0.01,1.49,4,0,5,10.0414,0.0,0.0,0.0,0,0,0,0,0.0,50,i,0,0,0,0.0,0.0,0.0,0.0,0.0,0.0,0.0,0.0,0.0,0.0,0.0,0.0,0.0,0.0,0.0,0.0,0.0,0.0
244858,Carvalho,Brentford,MID,3,0,1,0,4.2,103,8.0486,0.0107,3.0557,2.8179,0.435,3,12.9,0.0,3.9,0.0,0.0,1.787,1.4629,1.6867,1.7933,0.3756,0.0005,0.1426,0.1315,0.0203,20.2191,1.13,0.03,2.21,8,1,65,433.2664,0.43,0.0,0.13,0,0,23,3,690.0,50,a,1,0,1,0.7594,0.4537,0.0,-0.0911,-0.0228,0.2729,0.1819,4.9865,0.1495,0.0,0.0007,6.6901,0.5625,0.1969,0.7594,0.4537,43.6,0.5125
508395,Yarmoliuk,Brentford,MID,216,2,0,0,355.0,2720,0.0299,0.0458,1.2994,12.2285,0.0896,414,0.013,0.037,1.5304,13.913,0.2174,1.787,1.4629,1.6867,1.7933,0.1178,0.1807,5.1254,48.2347,0.3536,68.9384,1.25,1.45,40.86,348,1,467,17.4773,0.06,0.1699999999999999,7.04,64,1,91,414,19.7826,48,a,0,1,1,1.0,0.9679,0.0,-0.12,-0.03,0.1364,0.173,0.218,0.2614,0.0,0.8744,2.6067,1.0,0.0,1.0,0.9679,90.72,1.0
183656,Dasilva,Brentford,MID,0,0,0,0,0.7,2,3.6386,0.0,2.1343,45.4629,0.0,2,3.6,0.0,2.25,45.0,0.0,1.787,1.4629,1.6867,1.7933,0.0283,0.0,0.0166,0.3536,0.0,1.6553,0.08,0.0,0.05,1,0,5,212.8243,0.08,0.0,0.05,1,0,5,2,225.0,49,i,0,0,0,0.0,0.0,0.0,0.0,0.0,0.0,0.0,0.0,0.0,0.0,0.0,0.0,0.0,0.0,0.0,0.0,0.0,0.0
444180,Anthony,Brentford,MID,267,3,0,0,419.9,2797,0.3028,0.0773,1.7031,6.1988,0.4112,431,0.3529,0.0439,1.4116,5.0116,0.4176,1.787,1.4629,1.6867,1.7933,1.4126,0.3607,7.9461,28.921,1.9185,89.0079,6.07,2.87,59.7,234,8,544,19.0777,1.69,0.21,6.76,24,2,94,431,19.6288,59,a,0,1,1,1.0,0.9549,0.0,-0.12,-0.03,0.4211,0.2533,1.4132,0.2613,0.0,0.0741,4.1537,1.0,0.0,1.0,0.9549,87.33,0.9889
502500,Thiago,Brentford,FWD,442,5,0,0,473.0,3372,0.5312,0.0467,1.4696,5.7176,0.3331,540,0.365,0.0217,1.7933,4.8333,0.0,1.787,1.4629,1.6867,1.7933,2.7918,0.2453,7.7235,30.0493,1.7504,90.6854,21.32,1.86,54.0,217,22,736,17.2552,2.19,0.13,10.76,29,0,61,540,10.1667,78,a,0,1,1,1.0,0.9518,0.0,-0.12,-0.03,0.3582,0.1662,2.0201,0.0,0.0,0.0411,4.3463,1.0,0.0,1.0,0.9518,86.65,0.9822
593174,Furo,Brentford,FWD,0,0,0,0,0.3,1,0.0,0.0,1.77,0.0,0.0,1,0.0,0.0,1.8,0.0,0.0,1.787,1.4629,1.6867,1.7933,0.0,0.0,0.0059,0.0,0.0,0.5946,0.0,0.0,0.02,0,0,2,178.38,0.0,0.0,0.02,0,0,2,1,180.0,45,i,0,0,0,0.0,0.0,0.0,0.0,0.0,0.0,0.0,0.0,0.0,0.0,0.0,0.0,0.0,0.0,0.0,0.0,0.0,0.0
75115,Wilson,Brentford,FWD,13,0,0,0,138.4,1234,0.5964,0.0685,1.4587,2.817,0.1901,174,0.5793,0.0879,1.319,2.069,0.0,1.787,1.4629,1.6867,1.7933,0.9171,0.1053,2.2432,4.3319,0.2923,33.8482,7.6,0.54,21.49,41,7,296,22.0111,1.12,0.1699999999999999,2.55,4,0,66,174,34.1379,54,a,0,0,0,0.4525,0.0047,0.0,-0.0543,-0.0136,0.0013,0.0264,0.2208,0.0,0.0,0.0,0.6378,0.0046,0.4479,0.4525,0.0047,9.18,0.1018
513545,M.Sangaré,Brentford,MID,321,4,1,0,17.7,21,0.0,0.0,1.1975,12.8273,0.0,21,0.0,0.0,1.2,12.8571,0.0,1.787,1.4629,1.6867,1.7933,0.0,0.0,0.2355,2.5227,0.0,0.0,0.0,0.0,0.28,3,0,0,0.0,0.0,0.0,0.28,3,0,0,21,0.0,56,a,1,0,1,1.0,0.8094,0.0,-0.12,-0.03,0.4717,0.355,0.5916,0.2659,0.0,0.0044,3.3435,1.0,0.0,1.0,0.8094,70.82,0.8361
613804,Diouf,Brentford,DEF,39,0,1,0,349.3,2715,0.0147,0.0968,1.4141,6.3504,0.0753,442,0.0143,0.1038,1.6717,6.1086,0.0,1.787,1.4629,1.6867,1.7933,0.057,0.3758,5.4882,24.6465,0.2922,62.9012,0.5700000000000001,2.51,43.78,206,3,384,16.207,0.07,0.51,8.21,30,0,74,442,15.0679,45,a,1,0,1,0.701,0.6027,0.0,-0.0841,-0.021,0.0681,0.1559,0.0639,0.7947,-0.2657,0.0312,2.0154,0.675,0.026,0.701,0.6027,49.48,0.5683
626464,Nunes,Brentford,MID,0,0,0,0,0.0,0,0.0,0.0,0.0,0.0,0.0,0,0.0,0.0,0.0,0.0,0.0,1.787,1.4629,1.6867,1.7933,0.0,0.0,0.0,0.0,0.0,0.0,0.0,0.0,0.0,0,0,0,0.0,0.0,0.0,0.0,0,0,0,0,0.0,45,a,0,0,0,0.0,0.0,0.0,0.0,0.0,0.0,0.0,0.0,0.0,0.0,0.0,0.0,0.0,0.0,0.0,0.0,0.0,0.0
612534,Fredrick,Brentford,DEF,0,0,0,0,0.0,0,0.0,0.0,0.0,0.0,0.0,0,0.0,0.0,0.0,0.0,0.0,1.787,1.4629,1.6867,1.7933,0.0,0.0,0.0,0.0,0.0,0.0,0.0,0.0,0.0,0,0,0,0.0,0.0,0.0,0.0,0,0,0,0,0.0,40,a,0,0,0,0.0,0.0,0.0,0.0,0.0,0.0,0.0,0.0,0.0,0.0,0.0,0.0,0.0,0.0,0.0,0.0,0.0,0.0
235448,Balcombe,Brentford,GK,0,0,0,0,0.0,0,0.0,0.0,0.0,0.0,0.0,0,0.0,0.0,0.0,0.0,0.0,1.787,1.4629,1.6867,1.7933,0.0,0.0,0.0,0.0,0.0,0.0,0.0,0.0,0.0,0,0,0,0.0,0.0,0.0,0.0,0,0,0,0,0.0,40,a,0,0,0,0.0,0.0,0.0,0.0,0.0,0.0,0.0,0.0,0.0,0.0,0.0,0.0,0.0,0.0,0.0,0.0,0.0,0.0
489639,Verbruggen,Brighton,GK,450,5,0,0,476.2,3510,0.0,0.0014,1.2664,0.0,0.1374,450,0.0,0.0,1.466,0.0,0.0,1.5847,1.3109,1.662,1.466,0.0,0.0076,6.7008,0.0,0.7271,93.7992,0.0,0.06,50.69,0,6,643,17.7277,0.0,0.0,7.33,0,0,68,450,13.6,45,a,0,1,1,1.0,0.995,1.0,-0.12,-0.03,0.1431,0.0038,0.0,1.2161,-0.4338,0.0,3.7741,1.0,0.0,1.0,0.995,89.81,1.0
49262,Steele,Brighton,GK,0,0,0,0,0.0,0,0.0,0.0,0.0,0.0,0.0,0,0.0,0.0,0.0,0.0,0.0,1.5847,1.3109,1.662,1.466,0.0,0.0,0.0,0.0,0.0,0.0,0.0,0.0,0.0,0,0,0,0.0,0.0,0.0,0.0,0,0,0,0,0.0,40,a,0,0,0,0.0,0.0,0.0,0.0,0.0,0.0,0.0,0.0,0.0,0.0,0.0,0.0,0.0,0.0,0.0,0.0,0.0,0.0
231416,F.Kadıoğlu,Brighton,DEF,332,4,0,0,457.3,3205,0.0575,0.0951,1.1756,4.4615,0.2042,435,0.0207,0.1655,1.3634,2.6897,0.0,1.5847,1.3109,1.662,1.466,0.2923,0.4832,5.9732,22.6696,1.0374,80.8897,2.1,3.33,45.5,173,7,532,15.9197,0.1,0.8,6.59,13,0,51,435,10.5517,44,a,0,1,1,1.0,0.9421,0.0,-0.12,-0.03,0.2136,0.2508,0.3141,1.2527,-0.3873,0.0148,3.4361,1.0,0.0,1.0,0.9421,81.2,0.9222
204120,Boscagli,Brighton,DEF,437,5,0,0,216.2,889,0.0055,0.0381,1.4069,8.0583,0.2429,180,0.005,0.045,2.395,6.0,0.0,1.5847,1.3109,1.662,1.466,0.0132,0.0915,3.3796,19.3578,0.5835,49.0118,0.06,0.49,12.5,85,4,195,20.4027,0.01,0.09,4.79,12,0,32,180,16.0,45,a,0,1,1,1.0,0.9641,0.0,-0.12,-0.03,0.259,0.1208,0.1053,1.2156,-0.4165,0.2644,3.0984,1.0,0.0,1.0,0.9641,86.13,0.9711
465730,De Cuyper,Brighton,DEF,423,5,0,0,227.8,1494,0.0521,0.3709,1.456,5.1641,0.8199,321,0.0364,0.5776,1.3037,4.7664,1.1215,1.5847,1.3109,1.662,1.466,0.1319,0.9388,3.6854,13.071,2.0753,66.7731,1.68,4.31,25.72,71,10,348,26.3809,0.13,2.06,4.65,17,4,103,321,28.8785,50,a,0,1,1,1.0,0.9512,0.0,-0.12,-0.03,0.7212,0.8742,0.2916,1.2405,-0.3978,0.045,4.5309,1.0,0.0,1.0,0.9512,83.01,0.94
83299,Dunk,Brighton,DEF,360,4,0,0,285.4,2837,0.0881,0.0203,1.2399,6.8263,0.3868,272,0.1754,0.0165,1.1879,4.6324,0.6618,1.5847,1.3109,1.662,1.466,0.2793,0.0643,3.9319,21.6471,1.2267,50.3345,1.83,0.56,41.9,231,5,443,15.8728,0.53,0.05,3.59,14,2,54,272,17.8676,45,a,0,0,0,1.0,0.9732,0.0,-0.12,-0.03,0.3773,0.0707,0.5035,1.1894,-0.4338,0.1658,3.5302,1.0,0.0,1.0,0.9732,88.98,1.0
550090,Coppola,Brighton,DEF,0,0,0,0,11.9,193,0.0,0.0045,2.2001,7.4639,0.0,0,0.0,0.0,0.0,0.0,0.0,1.5847,1.3109,1.662,1.466,0.0,0.0006,0.2909,0.9869,0.0,1.7667,0.0,0.01,4.52,18,0,32,13.3616,0.0,0.0,0.0,0,0,0,0,0.0,45,a,0,0,0,0.0,0.0,0.0,0.0,0.0,0.0,0.0,0.0,0.0,0.0,0.0,0.0,0.0,0.0,0.0,0.0,0.0,0.0
223434,Igor,Brighton,DEF,0,0,0,0,4.1,103,0.0,0.0,4.0961,11.4915,0.0,0,0.0,0.0,0.0,0.0,0.0,1.5847,1.3109,1.662,1.466,0.0,0.0,0.1866,0.5235,0.0,0.34,0.0,0.0,4.66,13,0,10,7.4634,0.0,0.0,0.0,0,0,0,0,0.0,45,u,0,0,0,0.0,0.0,0.0,0.0,0.0,0.0,0.0,0.0,0.0,0.0,0.0,0.0,0.0,0.0,0.0,0.0,0.0,0.0
451490,Costinha,Brighton,DEF,68,0,1,0,11.8,14,0.0,0.8977,4.7464,6.4136,0.0,14,0.0,0.9,4.7571,6.4286,0.0,1.5847,1.3109,1.662,1.466,0.0,0.1177,0.6223,0.8409,0.0,1.6818,0.0,0.14,0.74,1,0,2,12.8273,0.0,0.14,0.74,1,0,2,14,12.8571,45,a,1,0,1,0.5975,0.4896,0.0,-0.0717,-0.0179,0.1623,0.1181,0.1375,0.7179,-0.1898,0.0667,1.9433,0.5625,0.035,0.5975,0.4896,41.21,0.4765
454490,Svoboda,Brighton,DEF,4,0,1,0,3.4,4,0.0,0.0,3.1156,22.2591,0.0,4,0.0,0.0,3.15,22.5,0.0,1.5847,1.3109,1.662,1.466,0.0,0.0,0.1177,0.8409,0.0,4.2045,0.0,0.0,0.14,1,0,5,111.2956,0.0,0.0,0.14,1,0,5,4,112.5,50,a,1,0,1,0.5975,0.4896,0.0,-0.0717,-0.0179,0.1668,0.0707,0.1413,0.7179,-0.1898,0.0756,1.9044,0.5625,0.035,0.5975,0.4896,41.21,0.4765
451340,Mitoma,Brighton,MID,0,0,0,0,199.0,1714,0.2489,0.1549,1.2496,6.4251,0.08,147,0.2449,0.0551,2.1306,4.2857,0.0,1.5847,1.3109,1.662,1.466,0.5503,0.3425,2.7629,14.2067,0.1768,30.8008,4.04,2.74,23.76,107,2,247,13.93,0.4,0.09,3.48,7,0,14,147,8.5714,59,i,0,0,0,0.0,0.0,0.0,0.0,0.0,0.0,0.0,0.0,0.0,0.0,0.0,0.0,0.0,0.0,0.0,0.0,0.0,0.0
592031,Minteh,Brighton,MID,0,0,0,0,269.3,2389,0.1149,0.2217,1.1599,6.7904,0.2994,315,0.1543,0.1629,1.2686,4.5714,0.2857,1.5847,1.3109,1.662,1.466,0.3439,0.6635,3.4708,20.3184,0.8958,51.8106,3.81,5.0600000000000005,34.09,185,9,466,17.3151,0.54,0.57,4.44,16,1,61,315,17.4286,58,i,0,0,0,0.0,0.0,0.0,0.0,0.0,0.0,0.0,0.0,0.0,0.0,0.0,0.0,0.0,0.0,0.0,0.0,0.0,0.0
532529,Hinshelwood,Brighton,MID,63,1,0,0,294.7,1736,0.3269,0.1499,1.1827,4.6128,0.0394,328,0.3293,0.1125,1.2128,3.5671,0.0,1.5847,1.3109,1.662,1.466,1.0705,0.4907,3.8726,15.1044,0.1289,52.2853,4.94,2.34,27.83,114,2,317,15.9677,1.2,0.41,4.42,13,0,74,328,20.3049,59,d,0,0,0,0.8969,0.4473,0.0,-0.1076,-0.0269,0.0948,0.2642,0.8731,0.1904,0.0,0.0007,2.6322,0.8125,0.0844,0.8969,0.4473,48.85,0.5875
60307,Groß,Brighton,MID,450,5,0,0,405.1,1726,0.0852,0.226,1.2103,7.1278,1.0145,450,0.132,0.22,1.466,6.0,0.8,1.5847,1.3109,1.662,1.466,0.3835,1.0171,5.4479,32.0832,4.5665,118.8106,1.5,4.2,21.99,150,13,436,26.3958,0.66,1.1,7.33,30,4,119,450,23.8,59,a,0,1,1,1.0,0.9513,0.0,-0.12,-0.03,0.9278,0.6396,0.4806,0.2907,0.0,0.1282,4.1399,1.0,0.0,1.0,0.9513,88.15,1.0
463067,Georginio,Brighton,FWD,104,1,1,0,157.7,1790,0.2441,0.1937,1.2995,7.9682,0.0463,79,0.581,0.6722,2.4266,7.9747,0.0,1.5847,1.3109,1.662,1.466,0.4277,0.3394,2.277,13.962,0.0812,30.5113,2.99,2.91,22.33,133,2,292,17.4129,0.51,0.59,2.13,7,0,17,79,19.3671,53,a,1,0,1,0.8969,0.736,0.0,-0.1076,-0.0269,0.1112,0.4349,0.8126,0.0,0.0,0.0941,2.8571,0.8125,0.0844,0.8969,0.736,67.48,0.7771
219249,O'Riley,Brighton,MID,10,0,1,0,11.4,206,2.0132,0.0308,1.7747,16.4282,0.2463,4,6.3,0.0,3.15,45.0,0.0,1.5847,1.3109,1.662,1.466,0.255,0.0039,0.2248,2.0809,0.0312,4.6468,1.49,0.18,2.67,12,2,50,36.6853,0.28,0.0,0.14,2,0,2,4,45.0,54,a,1,0,1,0.7594,0.4306,0.0,-0.0911,-0.0228,0.2284,0.1627,2.1533,0.1578,0.0,0.0836,3.7784,0.5625,0.1969,0.7594,0.4306,43.07,0.5125
514254,Gomez,Brighton,MID,433,5,0,0,289.3,2202,0.2281,0.06,1.2882,11.771,0.2676,168,0.4982,0.0214,1.6875,13.3929,0.0,1.5847,1.3109,1.662,1.466,0.7331,0.1928,4.141,37.8372,0.8601,49.2012,6.24,1.74,30.83,251,9,380,15.3063,0.93,0.04,3.15,25,0,20,168,10.7143,50,a,0,1,1,1.0,0.9288,0.0,-0.12,-0.03,0.2995,0.2088,1.0459,0.2956,0.0,0.6308,3.6286,1.0,0.0,1.0,0.9288,84.14,0.9622
536916,Buonanotte,Brighton,MID,0,0,0,0,8.2,81,0.1306,0.7935,4.5209,7.2066,0.0,12,0.15,1.35,4.875,7.5,0.0,1.5847,1.3109,1.662,1.466,0.0119,0.0723,0.4119,0.6566,0.0,1.7379,0.06,0.2799999999999999,2.51,6,0,9,19.0745,0.02,0.18,0.65,1,0,4,12,30.0,50,u,0,0,0,0.0,0.0,0.0,0.0,0.0,0.0,0.0,0.0,0.0,0.0,0.0,0.0,0.0,0.0,0.0,0.0,0.0,0.0
509416,Ayari,Brighton,MID,333,4,0,0,214.0,2011,0.1105,0.06,1.3508,9.3089,0.2207,112,0.0884,0.0643,1.4545,7.2321,0.0,1.5847,1.3109,1.662,1.466,0.2628,0.1427,3.2119,22.1346,0.5247,38.4551,2.81,1.23,28.48,232,7,413,16.1727,0.11,0.08,1.81,9,0,12,112,9.6429,54,a,0,1,1,1.0,0.8974,0.0,-0.12,-0.03,0.2621,0.2035,0.5381,0.2974,0.0,0.2551,3.0486,1.0,0.0,1.0,0.8974,80.04,0.925
467779,Wieffer,Brighton,DEF,156,2,0,0,209.7,1901,0.089,0.0575,1.1003,10.6547,0.3451,107,0.0,0.0168,1.7411,5.8879,0.0,1.5847,1.3109,1.662,1.466,0.2073,0.134,2.5637,24.8255,0.8041,42.0725,1.92,1.86,23.95,269,6,398,18.0569,0.0,0.02,2.07,7,0,15,107,12.6168,49,i,0,0,0,0.0,0.0,0.0,0.0,0.0,0.0,0.0,0.0,0.0,0.0,0.0,0.0,0.0,0.0,0.0,0.0,0.0,0.0
597320,Howell,Brighton,MID,0,0,0,0,12.3,92,0.0,0.0285,0.9834,7.6215,0.0,0,0.0,0.0,0.0,0.0,0.0,1.5847,1.3109,1.662,1.466,0.0,0.0039,0.1344,1.0416,0.0,1.5125,0.0,0.03,1.04,7,0,11,11.0671,0.0,0.0,0.0,0,0,0,0,0.0,45,u,0,0,0,0.0,0.0,0.0,0.0,0.0,0.0,0.0,0.0,0.0,0.0,0.0,0.0,0.0,0.0,0.0,0.0,0.0,0.0
549074,Watson,Brighton,MID,0,0,0,0,2.6,57,0.0415,0.0588,3.4096,9.3635,0.0,0,0.0,0.0,0.0,0.0,0.0,1.5847,1.3109,1.662,1.466,0.0012,0.0017,0.0985,0.2705,0.0,0.6642,0.04,0.03,1.7200000000000002,5,0,15,22.9915,0.0,0.0,0.0,0,0,0,0,0.0,50,u,0,0,0,0.0,0.0,0.0,0.0,0.0,0.0,0.0,0.0,0.0,0.0,0.0,0.0,0.0,0.0,0.0,0.0,0.0,0.0
556637,Oriola,Brighton,MID,0,0,0,0,0.0,1,0.0,0.0,0.0,0.0,0.0,0,0.0,0.0,0.0,0.0,0.0,1.5847,1.3109,1.662,1.466,0.0,0.0,0.0,0.0,0.0,0.1022,0.0,0.0,0.0,0,0,3,0.0,0.0,0.0,0.0,0,0,0,0,0.0,44,a,0,0,0,0.0,0.0,0.0,0.0,0.0,0.0,0.0,0.0,0.0,0.0,0.0,0.0,0.0,0.0,0.0,0.0,0.0,0.0
700308,Yohanna,Brighton,MID,12,0,0,0,0.0,0,0.0,0.0,0.0,0.0,0.0,0,0.0,0.0,0.0,0.0,0.0,1.5847,1.3109,1.662,1.466,0.0,0.0,0.0,0.0,0.0,0.0,0.0,0.0,0.0,0,0,0,0.0,0.0,0.0,0.0,0,0,0,0,0.0,48,i,0,0,0,0.0,0.0,0.0,0.0,0.0,0.0,0.0,0.0,0.0,0.0,0.0,0.0,0.0,0.0,0.0,0.0,0.0,0.0
608181,Tzimas,Brighton,FWD,0,0,0,0,4.5,132,0.254,0.072,1.594,10.326,0.0,0,0.0,0.0,0.0,0.0,0.0,1.5847,1.3109,1.662,1.466,0.0127,0.0036,0.0797,0.5163,0.0,1.9886,0.44,0.11,2.59,15,0,55,39.772,0.0,0.0,0.0,0,0,0,0,0.0,54,i,0,0,0,0.0,0.0,0.0,0.0,0.0,0.0,0.0,0.0,0.0,0.0,0.0,0.0,0.0,0.0,0.0,0.0,0.0,0.0
647850,Kostoulas,Brighton,FWD,353,4,0,0,109.2,426,0.3452,0.1083,1.289,6.128,1.6245,126,0.3571,0.1929,1.6214,5.0,1.4286,1.5847,1.3109,1.662,1.466,0.4188,0.1314,1.564,7.4353,1.971,48.6361,2.3000000000000003,0.55,6.93,45,5,180,40.0847,0.5,0.27,2.27,7,2,57,126,40.7143,56,a,0,1,1,1.0,0.9407,0.0,-0.12,-0.03,1.1624,0.3739,1.3624,0.0,0.0,0.0102,4.6895,1.0,0.0,1.0,0.9407,86.1,0.9806
487117,Ferguson,Brighton,FWD,0,0,0,0,0.0,0,0.0,0.0,0.0,0.0,0.0,0,0.0,0.0,0.0,0.0,0.0,1.5847,1.3109,1.662,1.466,0.0,0.0,0.0,0.0,0.0,0.0,0.0,0.0,0.0,0,0,0,0.0,0.0,0.0,0.0,0,0,0,0,0.0,50,i,0,0,0,0.0,0.0,0.0,0.0,0.0,0.0,0.0,0.0,0.0,0.0,0.0,0.0,0.0,0.0,0.0,0.0,0.0,0.0
222694,Struijk,Brighton,DEF,98,1,0,0,405.9,3020,0.0939,0.0207,1.3633,8.3543,0.0803,320,0.0703,0.0113,1.5553,4.7812,0.0,1.5847,1.3109,1.662,1.466,0.4234,0.0935,6.1485,37.6781,0.3623,68.6685,3.22,0.76,44.4,303,4,436,15.2258,0.25,0.04,5.529999999999999,17,0,35,320,9.8438,49,d,0,1,1,0.908,0.8808,0.0,-0.109,-0.0272,0.0928,0.0657,0.4941,1.0765,-0.3908,0.3301,2.9909,0.9,0.008,0.908,0.8808,82.19,0.9218
610799,Vuskovic,Brighton,DEF,437,5,0,0,75.7,90,0.0,0.0,1.6296,11.997,0.0,90,0.0,0.0,1.63,12.0,0.0,1.5847,1.3109,1.662,1.466,0.0,0.0,1.3707,10.0908,0.0,22.7042,0.0,0.0,1.63,12,0,27,26.9931,0.0,0.0,1.63,12,0,27,90,27.0,50,a,0,1,1,1.0,0.9641,0.0,-0.12,-0.03,0.2386,0.1159,0.2317,1.2156,-0.4165,0.3704,3.1995,1.0,0.0,1.0,0.9641,86.13,0.9711
538007,David,Brighton,FWD,23,0,0,0,0.0,0,0.0,0.0,0.0,0.0,0.0,0,0.0,0.0,0.0,0.0,0.0,1.5847,1.3109,1.662,1.466,0.0,0.0,0.0,0.0,0.0,0.0,0.0,0.0,0.0,0,0,0,0.0,0.0,0.0,0.0,0,0,0,0,0.0,59,a,0,0,0,0.4545,0.0067,0.0,-0.0545,-0.0136,0.0046,0.0436,0.1356,0.0,0.0,0.0,0.5768,0.0081,0.4464,0.4545,0.0067,9.32,0.1032
612855,Osman,Brighton,MID,40,0,0,0,0.0,0,0.0,0.0,0.0,0.0,0.0,0,0.0,0.0,0.0,0.0,0.0,1.5847,1.3109,1.662,1.466,0.0,0.0,0.0,0.0,0.0,0.0,0.0,0.0,0.0,0,0,0,0.0,0.0,0.0,0.0,0,0,0,0,0.0,50,a,0,0,0,0.4577,0.0099,0.0,-0.0549,-0.0137,0.0063,0.0426,0.0711,0.0044,0.0,0.0,0.5233,0.014,0.4437,0.4577,0.0099,9.55,0.1056
611695,Yalcouyé,Brighton,MID,236,3,1,0,4.2,5,0.72,3.2443,2.5221,18.0193,0.0,5,0.72,3.24,2.52,18.0,0.0,1.5847,1.3109,1.662,1.466,0.0336,0.1514,0.1177,0.8409,0.0,7.5681,0.04,0.18,0.14,1,0,9,162.1736,0.04,0.18,0.14,1,0,9,5,162.0,45,a,1,0,1,1.0,0.6907,0.0,-0.12,-0.03,0.493,0.4646,0.6321,0.2627,0.0,0.0017,3.3931,1.0,0.0,1.0,0.6907,65.81,0.8
512123,Hadjam,Brighton,DEF,0,0,0,0,0.0,0,0.0,0.0,0.0,0.0,0.0,0,0.0,0.0,0.0,0.0,0.0,1.5847,1.3109,1.662,1.466,0.0,0.0,0.0,0.0,0.0,0.0,0.0,0.0,0.0,0,0,0,0.0,0.0,0.0,0.0,0,0,0,0,0.0,45,a,0,0,0,0.0,0.0,0.0,0.0,0.0,0.0,0.0,0.0,0.0,0.0,0.0,0.0,0.0,0.0,0.0,0.0,0.0,0.0
519324,Cozier-Duberry,Brighton,MID,0,0,0,0,0.0,0,0.0,0.0,0.0,0.0,0.0,0,0.0,0.0,0.0,0.0,0.0,1.5847,1.3109,1.662,1.466,0.0,0.0,0.0,0.0,0.0,0.0,0.0,0.0,0.0,0,0,0,0.0,0.0,0.0,0.0,0,0,0,0,0.0,50,u,0,0,0,0.0,0.0,0.0,0.0,0.0,0.0,0.0,0.0,0.0,0.0,0.0,0.0,0.0,0.0,0.0,0.0,0.0,0.0
592984,Andrés,Brighton,MID,109,1,0,0,70.6,84,0.3002,0.1179,1.5865,9.6477,0.0,84,0.3,0.1179,1.5857,9.6429,0.0,1.5847,1.3109,1.662,1.466,0.2355,0.0925,1.2445,7.5681,0.0,22.7042,0.28,0.11,1.48,9,0,27,28.943,0.28,0.11,1.48,9,0,27,84,28.9286,55,a,0,1,1,0.8969,0.7813,0.0,-0.1076,-0.0269,0.3276,0.3664,0.7604,0.2387,0.0,0.0315,3.2368,0.8125,0.0844,0.8969,0.7813,75.17,0.8493
471551,Azeez,Brighton,MID,0,0,0,0,0.0,0,0.0,0.0,0.0,0.0,0.0,0,0.0,0.0,0.0,0.0,0.0,1.5847,1.3109,1.662,1.466,0.0,0.0,0.0,0.0,0.0,0.0,0.0,0.0,0.0,0,0,0,0.0,0.0,0.0,0.0,0,0,0,0,0.0,55,i,0,0,0,0.0,0.0,0.0,0.0,0.0,0.0,0.0,0.0,0.0,0.0,0.0,0.0,0.0,0.0,0.0,0.0,0.0,0.0
661016,Ibrahim,Brighton,MID,0,0,0,0,0.0,0,0.0,0.0,0.0,0.0,0.0,0,0.0,0.0,0.0,0.0,0.0,1.5847,1.3109,1.662,1.466,0.0,0.0,0.0,0.0,0.0,0.0,0.0,0.0,0.0,0,0,0,0.0,0.0,0.0,0.0,0,0,0,0,0.0,45,a,0,0,0,0.0,0.0,0.0,0.0,0.0,0.0,0.0,0.0,0.0,0.0,0.0,0.0,0.0,0.0,0.0,0.0,0.0,0.0
98980,Martinez,Chelsea,GK,360,4,0,0,406.3,2925,0.0,0.0024,1.6445,0.0,0.2808,450,0.0,0.002,1.608,0.0,0.2,1.512,1.6814,1.0,1.764,0.0,0.0109,7.424,0.0,1.2677,65.0291,0.0,0.08,45.57,0,11,537,14.4047,0.0,0.01,8.04,0,1,75,450,15.0,50,a,0,1,1,1.0,0.995,1.0,-0.12,-0.03,0.2722,0.0064,0.0,0.904,-0.608,0.0,3.4196,1.0,0.0,1.0,0.995,89.81,1.0
244850,Rogers,Chelsea,MID,437,5,0,0,436.6,3370,0.2219,0.1193,1.6301,6.8682,0.4352,450,0.14,0.078,1.608,7.0,0.4,1.512,1.6814,1.0,1.764,1.0767,0.5789,7.908,33.3183,2.1113,85.0127,7.17,4.39,54.2,238,17,622,17.5244,0.7,0.39,8.04,35,2,79,450,15.8,78,a,0,1,1,1.0,0.932,0.0,-0.12,-0.03,0.4413,0.356,1.0446,0.2199,0.0,0.1094,3.8438,1.0,0.0,1.0,0.932,84.99,0.9711
56979,Henderson,Chelsea,MID,90,1,0,0,238.9,2001,0.0063,0.0869,1.8645,9.0158,0.0766,187,0.0,0.0674,2.339,7.2193,0.0,1.512,1.6814,1.0,1.764,0.0167,0.2306,4.9492,23.932,0.2032,40.0637,0.33,2.39,30.81,193,5,359,15.0931,0.0,0.14,4.859999999999999,15,0,27,187,12.9947,49,a,0,1,1,0.945,0.8544,0.0,-0.1134,-0.0284,0.1257,0.2629,0.126,0.1941,0.0,0.2901,2.3663,0.9,0.045,0.945,0.8544,80.16,0.91
50175,Welbeck,Chelsea,FWD,85,1,0,0,334.5,2319,0.3556,0.0613,1.3375,4.8368,0.5522,347,0.1478,0.0415,1.4706,4.928,0.0,1.512,1.6814,1.0,1.764,1.3217,0.2279,4.9709,17.9768,2.0523,68.2687,12.36,1.48,33.13,116,18,519,18.3683,0.57,0.16,5.67,19,0,46,347,11.9308,59,a,0,1,1,0.945,0.8205,0.0,-0.1134,-0.0284,0.5026,0.1882,1.2207,0.0,0.0,0.0094,3.5353,0.9,0.045,0.945,0.8205,74.77,0.86
215059,Sánchez,Chelsea,GK,90,1,0,0,339.1,3040,0.0,0.0008,1.5609,0.0,0.1228,246,0.0,0.0,2.0524,0.0,0.0,1.512,1.6814,1.0,1.764,0.0,0.0032,5.8812,0.0,0.4625,47.6272,0.0,0.04,48.64,0,7,509,12.6407,0.0,0.0,5.609999999999999,0,0,26,246,9.5122,49,u,0,0,0,0.0,0.0,0.0,0.0,0.0,0.0,0.0,0.0,0.0,0.0,0.0,0.0,0.0,0.0,0.0,0.0,0.0,0.0
508479,Jörgensen,Chelsea,GK,0,0,0,0,61.4,378,0.0,0.0,0.6438,0.0,0.0,114,0.0,0.0,0.4421,0.0,0.0,1.512,1.6814,1.0,1.764,0.0,0.0,0.4392,0.0,0.0,8.9838,0.0,0.0,4.12,0,0,50,13.1684,0.0,0.0,0.56,0,0,15,114,11.8421,50,u,0,0,0,0.0,0.0,0.0,0.0,0.0,0.0,0.0,0.0,0.0,0.0,0.0,0.0,0.0,0.0,0.0,0.0,0.0,0.0
225796,James,Chelsea,DEF,292,3,0,0,160.3,1957,0.0422,0.1494,1.1256,5.5147,0.4163,65,0.0277,0.0692,0.7062,5.5385,0.0,1.512,1.6814,1.0,1.764,0.0751,0.2661,2.0048,9.8223,0.7414,37.3223,1.04,3.2,28.75,128,11,493,20.9545,0.02,0.05,0.51,4,0,14,65,19.3846,53,a,0,0,0,0.908,0.88,0.0,-0.109,-0.0272,0.3588,0.3714,0.2399,0.7995,-0.5477,0.0765,2.8738,0.9,0.008,0.908,0.88,82.16,0.9218
180736,Chalobah,Chelsea,DEF,0,0,0,0,256.7,2780,0.0381,0.0262,1.419,8.0294,0.1039,131,0.0687,0.0069,1.745,6.8702,0.0,1.512,1.6814,1.0,1.764,0.1087,0.0746,4.0474,22.9017,0.2963,36.7004,1.44,1.03,40.83,265,7,516,12.8673,0.1,0.01,2.54,10,0,11,131,7.5573,55,u,0,0,0,0.0,0.0,0.0,0.0,0.0,0.0,0.0,0.0,0.0,0.0,0.0,0.0,0.0,0.0,0.0,0.0,0.0,0.0
482609,Gusto,Chelsea,DEF,272,3,0,0,285.3,2255,0.0359,0.1749,1.4599,4.8895,0.106,264,0.0341,0.2318,1.4932,4.7727,0.0,1.512,1.6814,1.0,1.764,0.1139,0.5545,4.6278,15.4998,0.336,36.7777,1.56,2.97,37.13,126,7,406,11.6018,0.1,0.68,4.38,14,0,13,264,4.4318,49,a,0,0,0,0.908,0.8767,0.0,-0.109,-0.0272,0.1189,0.4309,0.206,0.7965,-0.5477,0.0409,2.6531,0.9,0.008,0.908,0.8767,80.86,0.9085
444463,Fofana,Chelsea,DEF,312,4,0,0,308.6,1788,0.0305,0.0207,1.4802,11.7987,0.0488,301,0.0,0.0,1.5189,10.1661,0.0,1.512,1.6814,1.0,1.764,0.1045,0.0709,5.0753,40.4565,0.1672,38.4849,0.72,0.6,27.26,221,3,299,11.2237,0.0,0.0,5.08,34,0,32,301,9.5681,50,a,0,1,1,1.0,0.8986,0.0,-0.12,-0.03,0.0899,0.0663,0.1752,0.9752,-0.5018,0.5126,2.5533,1.0,0.0,1.0,0.8986,75.36,0.8667
242880,B.Badiashile,Chelsea,DEF,0,0,0,0,33.7,470,0.0,0.0109,1.326,10.2253,0.0,0,0.0,0.0,0.0,0.0,0.0,1.512,1.6814,1.0,1.764,0.0,0.0041,0.4965,3.8288,0.0,3.8276,0.0,0.06,7.41,48,0,48,10.2221,0.0,0.0,0.0,0,0,0,0,0.0,45,u,0,0,0,0.0,0.0,0.0,0.0,0.0,0.0,0.0,0.0,0.0,0.0,0.0,0.0,0.0,0.0,0.0,0.0,0.0,0.0
551210,Hato,Chelsea,DEF,258,4,0,0,221.1,1139,0.0132,0.0457,1.4682,7.8348,0.0,231,0.0,0.0351,1.426,7.7922,0.0,1.512,1.6814,1.0,1.764,0.0325,0.1123,3.607,19.2474,0.0,20.0813,0.3,0.61,18.5,99,0,93,8.1742,0.0,0.09,3.66,20,0,23,231,8.961,45,a,0,0,0,1.0,0.6894,0.0,-0.12,-0.03,0.0705,0.1004,0.094,0.9197,-0.3855,0.0429,2.3385,1.0,0.0,1.0,0.6894,60.62,0.7167
460028,Colwill,Chelsea,DEF,341,4,0,0,152.9,315,0.0,0.0313,2.0041,8.6893,0.0,315,0.0,0.0371,1.7171,9.1429,0.0,1.512,1.6814,1.0,1.764,0.0,0.0532,3.4048,14.7621,0.0,11.1957,0.0,0.13,6.01,32,0,31,6.59,0.0,0.13,6.01,32,0,31,315,8.8571,48,a,0,1,1,1.0,0.9526,0.0,-0.12,-0.03,0.1579,0.1169,0.1496,0.9279,-0.5657,0.2714,2.5892,1.0,0.0,1.0,0.9526,83.67,0.9472
574458,M.Sarr,Chelsea,DEF,0,0,0,0,17.9,100,0.2851,0.0,1.5109,6.5202,0.0,9,0.0,0.0,2.1,0.0,0.0,1.512,1.6814,1.0,1.764,0.0567,0.0,0.3005,1.2968,0.0,1.2362,0.35,0.0,1.63,8,0,4,6.2155,0.0,0.0,0.21,0,0,3,9,30.0,45,u,0,0,0,0.0,0.0,0.0,0.0,0.0,0.0,0.0,0.0,0.0,0.0,0.0,0.0,0.0,0.0,0.0,0.0,0.0,0.0
577016,Acheampong,Chelsea,DEF,221,2,1,0,78.0,676,0.0273,0.0232,2.7929,5.0848,0.1202,97,0.0186,0.0093,2.5794,3.7113,0.0,1.512,1.6814,1.0,1.764,0.0237,0.0201,2.4205,4.4068,0.1042,5.9311,0.62,0.14,16.86,45,5,114,6.8436,0.02,0.01,2.78,4,0,7,97,6.4948,45,a,1,0,1,1.0,0.9777,0.0,-0.12,-0.03,0.1815,0.097,0.2103,0.8882,-0.608,0.0992,2.5968,1.0,0.0,1.0,0.9777,91.11,1.0
620109,Palestra,Chelsea,DEF,0,0,0,0,0.0,0,0.0,0.0,0.0,0.0,0.0,0,0.0,0.0,0.0,0.0,0.0,1.512,1.6814,1.0,1.764,0.0,0.0,0.0,0.0,0.0,0.0,0.0,0.0,0.0,0,0,0,0.0,0.0,0.0,0.0,0,0,0,0,0.0,53,a,0,0,0,0.0,0.0,0.0,0.0,0.0,0.0,0.0,0.0,0.0,0.0,0.0,0.0,0.0,0.0,0.0,0.0,0.0,0.0
244851,Palmer,Chelsea,MID,442,5,0,0,393.6,2044,0.3653,0.1341,1.615,5.6574,0.4411,448,0.2953,0.1065,1.7618,4.4196,0.4018,1.512,1.6814,1.0,1.764,1.5977,0.5865,7.0631,24.7419,1.9289,80.6191,10.68,2.67,33.78,141,11,451,18.4342,1.47,0.53,8.77,22,2,71,448,14.2634,97,a,0,1,1,1.0,0.9391,0.0,-0.12,-0.03,0.4497,0.402,1.6394,0.2183,0.0,0.0426,4.4986,1.0,0.0,1.0,0.9391,86.18,0.9822
247632,Neto,Chelsea,MID,332,4,0,0,341.6,2715,0.1214,0.1942,1.6437,4.3724,0.2326,238,0.0908,0.0681,2.0609,4.916,0.3782,1.512,1.6814,1.0,1.764,0.4606,0.7372,6.2388,16.5955,0.8829,63.2223,4.75,6.89,39.76,128,9,556,16.6569,0.24,0.18,5.45,13,1,56,238,21.1765,65,a,0,1,1,1.0,0.8901,0.0,-0.12,-0.03,0.2631,0.5233,0.5748,0.2241,0.0,0.0072,3.3255,1.0,0.0,1.0,0.8901,79.59,0.9222
624773,Estêvão,Chelsea,MID,23,0,1,0,66.4,842,0.2052,0.0991,1.8224,5.0313,0.3562,3,0.0,0.0,12.9,0.0,0.0,1.512,1.6814,1.0,1.764,0.1514,0.0731,1.3445,3.712,0.2628,12.2406,2.91,2.14,10.72,56,4,175,16.5912,0.0,0.0,0.43,0,0,3,3,90.0,63,a,1,0,1,0.7594,0.4248,0.0,-0.0911,-0.0228,0.2241,0.1753,0.4843,0.1206,0.0,0.0031,2.0746,0.5625,0.1969,0.7594,0.4248,42.94,0.5125
463936,Gittens,Chelsea,MID,0,0,0,0,19.8,486,0.1341,0.1727,1.8064,4.8932,0.0,0,0.0,0.0,0.0,0.0,0.0,1.512,1.6814,1.0,1.764,0.0295,0.038,0.3974,1.0765,0.0,4.5855,0.81,0.94,8.89,29,0,99,20.8432,0.0,0.0,0.0,0,0,0,0,0.0,58,i,0,0,0,0.0,0.0,0.0,0.0,0.0,0.0,0.0,0.0,0.0,0.0,0.0,0.0,0.0,0.0,0.0,0.0,0.0,0.0
486672,Caicedo,Chelsea,MID,13,0,0,0,356.9,2796,0.0354,0.0761,1.4102,10.2596,0.0882,354,0.0102,0.0763,1.5508,8.8983,0.0,1.512,1.6814,1.0,1.764,0.1402,0.3018,5.5924,40.6851,0.3498,63.9923,1.45,2.38,42.54,366,10,580,16.137,0.04,0.3,6.1,35,0,59,354,15.0,53,a,0,0,0,0.4525,0.0047,0.0,-0.0543,-0.0136,0.0006,0.0258,0.0245,0.0017,0.0,0.0005,0.4419,0.0046,0.4479,0.4525,0.0047,9.18,0.1018
514356,Lavia,Chelsea,MID,258,4,0,0,66.1,374,0.0652,0.163,2.0663,8.4385,0.0,57,0.0316,0.1263,3.1421,4.7368,0.0,1.512,1.6814,1.0,1.764,0.0479,0.1197,1.5176,6.1976,0.0,14.59,0.21,0.55,8.53,37,0,81,19.8654,0.02,0.08,1.99,3,0,12,57,18.9474,50,a,0,0,0,1.0,0.55,0.0,-0.12,-0.03,0.2417,0.3369,0.3805,0.1834,0.0,0.0096,2.5426,1.0,0.0,1.0,0.55,58.88,0.7167
491007,D.Essugo,Chelsea,MID,0,0,0,0,6.4,26,0.0,0.0352,1.9308,31.327,0.0,1,0.0,0.0,4.5,270.0,0.0,1.512,1.6814,1.0,1.764,0.0,0.0025,0.1373,2.2277,0.0,1.75,0.0,0.01,0.55,8,0,7,24.6094,0.0,0.0,0.05,3,0,0,1,0.0,45,u,0,0,0,0.0,0.0,0.0,0.0,0.0,0.0,0.0,0.0,0.0,0.0,0.0,0.0,0.0,0.0,0.0,0.0,0.0,0.0
593117,Quenda,Chelsea,MID,27,0,1,0,16.0,19,0.1417,0.0472,5.6762,0.0,0.0,19,0.1421,0.0474,5.6842,0.0,0.0,1.512,1.6814,1.0,1.764,0.0252,0.0084,1.0091,0.0,0.0,2.5227,0.03,0.01,1.2,0,0,3,14.1902,0.03,0.01,1.2,0,0,3,19,14.2105,53,a,1,0,1,0.7594,0.4248,0.0,-0.0911,-0.0228,0.2668,0.2225,0.3833,0.1206,0.0,0.0007,2.0634,0.5625,0.1969,0.7594,0.4248,42.94,0.5125
475168,João Pedro,Chelsea,FWD,360,4,0,0,284.3,2658,0.575,0.05,1.3251,4.0725,0.8698,270,0.4067,0.0233,1.4833,3.6667,0.6667,1.512,1.6814,1.0,1.764,1.8165,0.1581,4.1857,12.8645,2.7475,70.9234,14.91,1.96,37.25,138,30,715,22.452,1.22,0.07,4.45,11,2,39,270,13.0,77,a,0,0,0,1.0,0.9491,0.0,-0.12,-0.03,0.8384,0.1849,2.1953,0.0,0.0,0.0058,5.0177,1.0,0.0,1.0,0.9491,88.07,1.0
499309,Marc Guiu,Chelsea,FWD,0,0,0,0,13.5,265,0.488,0.0793,1.6733,3.574,0.0,0,0.0,0.0,0.0,0.0,0.0,1.512,1.6814,1.0,1.764,0.0732,0.0119,0.251,0.5361,0.0,0.7333,1.54,0.29,5.890000000000001,8,0,19,4.8887,0.0,0.0,0.0,0,0,0,0,0.0,50,u,0,0,0,0.0,0.0,0.0,0.0,0.0,0.0,0.0,0.0,0.0,0.0,0.0,0.0,0.0,0.0,0.0,0.0,0.0,0.0
567119,Mheuka,Chelsea,FWD,0,0,0,0,0.4,1,0.0,0.0,3.9825,79.56,0.0,1,0.0,0.0,4.5,90.0,0.0,1.512,1.6814,1.0,1.764,0.0,0.0,0.0177,0.3536,0.0,1.0607,0.0,0.0,0.05,1,0,3,238.6575,0.0,0.0,0.05,1,0,3,1,270.0,45,a,0,0,0,0.0,0.0,0.0,0.0,0.0,0.0,0.0,0.0,0.0,0.0,0.0,0.0,0.0,0.0,0.0,0.0,0.0,0.0
503037,Emegha,Chelsea,FWD,0,0,0,0,0.0,0,0.0,0.0,0.0,0.0,0.0,0,0.0,0.0,0.0,0.0,0.0,1.512,1.6814,1.0,1.764,0.0,0.0,0.0,0.0,0.0,0.0,0.0,0.0,0.0,0,0,0,0.0,0.0,0.0,0.0,0,0,0,0,0.0,49,i,0,0,0,0.0,0.0,0.0,0.0,0.0,0.0,0.0,0.0,0.0,0.0,0.0,0.0,0.0,0.0,0.0,0.0,0.0,0.0
437499,Lacroix,Chelsea,DEF,364,4,0,0,408.2,3175,0.0881,0.0189,1.5426,11.1858,0.3166,510,0.0776,0.0141,1.6959,10.9412,0.0,1.512,1.6814,1.0,1.764,0.3994,0.0858,6.9967,50.734,1.436,48.903,2.58,0.8400000000000001,46.69,382,11,528,10.7821,0.44,0.08,9.61,62,0,36,510,6.3529,59,a,0,1,1,1.0,0.975,0.0,-0.12,-0.03,0.315,0.066,0.5059,0.8858,-0.608,0.7836,2.9896,1.0,0.0,1.0,0.975,90.03,1.0
549939,Penders,Chelsea,GK,0,0,0,0,0.0,0,0.0,0.0,0.0,0.0,0.0,0,0.0,0.0,0.0,0.0,0.0,1.512,1.6814,1.0,1.764,0.0,0.0,0.0,0.0,0.0,0.0,0.0,0.0,0.0,0,0,0,0.0,0.0,0.0,0.0,0,0,0,0,0.0,44,a,0,0,0,0.0,0.0,0.0,0.0,0.0,0.0,0.0,0.0,0.0,0.0,0.0,0.0,0.0,0.0,0.0,0.0,0.0,0.0
622758,Anselmino,Chelsea,DEF,0,0,0,0,0.0,0,0.0,0.0,0.0,0.0,0.0,0,0.0,0.0,0.0,0.0,0.0,1.512,1.6814,1.0,1.764,0.0,0.0,0.0,0.0,0.0,0.0,0.0,0.0,0.0,0,0,0,0.0,0.0,0.0,0.0,0,0,0,0,0.0,45,a,0,0,0,0.0,0.0,0.0,0.0,0.0,0.0,0.0,0.0,0.0,0.0,0.0,0.0,0.0,0.0,0.0,0.0,0.0,0.0
543158,Barco,Chelsea,MID,115,1,0,0,72.3,86,0.0314,0.0209,2.3238,9.4209,0.0,86,0.0314,0.0209,2.3233,9.4186,0.0,1.512,1.6814,1.0,1.764,0.0252,0.0168,1.8668,7.5681,0.0,17.6588,0.03,0.02,2.22,9,0,21,21.9819,0.03,0.02,2.22,9,0,21,86,21.9767,54,a,0,1,1,0.8969,0.78,0.0,-0.1076,-0.0269,0.3261,0.3173,0.5376,0.1772,0.0,0.0306,2.9006,0.8125,0.0844,0.8969,0.78,75.12,0.8493
498444,Chavarria,Chelsea,DEF,208,1,0,0,75.7,90,0.0399,0.0399,2.6494,8.9977,0.0,90,0.04,0.04,2.65,9.0,0.0,1.512,1.6814,1.0,1.764,0.0336,0.0336,2.2284,7.5681,0.0,5.8863,0.04,0.04,2.65,9,0,7,6.9982,0.04,0.04,2.65,9,0,7,90,7.0,49,a,0,1,1,0.8275,0.7945,0.0,-0.0993,-0.0248,0.1939,0.1199,0.2398,0.7218,-0.4949,0.2837,2.2784,0.8125,0.015,0.8275,0.7945,74.33,0.8339
636846,Nicoll-Jazuli,Chelsea,MID,3,0,1,0,2.5,3,0.0,0.0,13.0176,60.5448,0.0,3,0.0,0.0,12.9,60.0,0.0,1.512,1.6814,1.0,1.764,0.0,0.0,0.3616,1.6818,0.0,4.2045,0.0,0.0,0.43,2,0,5,151.362,0.0,0.0,0.43,2,0,5,3,150.0,45,a,1,0,1,0.7594,0.4248,0.0,-0.0911,-0.0228,0.2789,0.2287,0.3811,0.1206,0.0,0.0022,2.0795,0.5625,0.1969,0.7594,0.4248,42.94,0.5125
231065,Pinnock,Coventry City,DEF,282,3,0,0,101.4,408,0.0019,0.0016,1.0034,17.4864,0.3731,90,0.0,0.0,1.1,19.0,0.0,0.6798,1.0997,0.68,1.1,0.0021,0.0018,1.1305,19.7014,0.4204,27.8855,0.01,0.06,4.800000000000001,61,2,77,24.7504,0.0,0.0,1.1,19,0,24,90,24.0,45,a,0,1,1,1.0,0.9833,0.0,-0.12,-0.03,0.3393,0.0718,0.1447,1.4329,-0.3382,1.2044,3.4838,1.0,0.0,1.0,0.9833,91.33,1.0
428580,Onyeka,Coventry City,MID,314,4,0,0,77.4,178,0.0,0.0078,1.1259,9.0445,0.0,90,0.0,0.0,1.1,9.0,0.0,0.6798,1.0997,0.68,1.1,0.0,0.0067,0.9683,7.7783,0.0,9.2181,0.0,0.36,3.12,19,0,51,10.7187,0.0,0.0,1.1,9,0,10,90,10.0,49,a,0,1,1,1.0,0.8684,0.0,-0.12,-0.03,0.3314,0.2671,0.4336,0.3567,0.0,0.027,3.1072,1.0,0.0,1.0,0.8684,75.01,0.8722
472739,Rushworth,Coventry City,GK,450,5,0,0,75.7,90,0.0,0.0,1.0997,0.0,1.9995,90,0.0,0.0,1.1,0.0,2.0,0.6798,1.0997,0.68,1.1,0.0,0.0,0.925,0.0,1.6818,31.9541,0.0,0.0,1.1,0,2,38,37.9903,0.0,0.0,1.1,0,2,38,90,38.0,45,a,0,1,1,1.0,0.995,1.0,-0.12,-0.03,0.5681,0.0,0.0,1.4499,-0.3382,0.0,4.5248,1.0,0.0,1.0,0.995,89.81,1.0
484389,Dovin,Coventry City,GK,0,0,0,0,0.0,0,0.0,0.0,0.0,0.0,0.0,0,0.0,0.0,0.0,0.0,0.0,0.6798,1.0997,0.68,1.1,0.0,0.0,0.0,0.0,0.0,0.0,0.0,0.0,0.0,0,0,0,0.0,0.0,0.0,0.0,0,0,0,0,0.0,40,u,0,0,0,0.0,0.0,0.0,0.0,0.0,0.0,0.0,0.0,0.0,0.0,0.0,0.0,0.0,0.0,0.0,0.0,0.0,0.0
110690,Wilson,Coventry City,GK,0,0,0,0,0.0,0,0.0,0.0,0.0,0.0,0.0,0,0.0,0.0,0.0,0.0,0.0,0.6798,1.0997,0.68,1.1,0.0,0.0,0.0,0.0,0.0,0.0,0.0,0.0,0.0,0,0,0,0.0,0.0,0.0,0.0,0,0,0,0,0.0,44,a,0,0,0,0.0,0.0,0.0,0.0,0.0,0.0,0.0,0.0,0.0,0.0,0.0,0.0,0.0,0.0,0.0,0.0,0.0,0.0
461102,Thomas,Coventry City,DEF,437,5,0,0,75.7,90,0.06,0.0399,1.0997,12.9967,0.9997,90,0.06,0.04,1.1,13.0,1.0,0.6798,1.0997,0.68,1.1,0.0505,0.0336,0.925,10.9317,0.8409,31.1132,0.06,0.04,1.1,13,1,37,36.9906,0.06,0.04,1.1,13,1,37,90,37.0,40,a,0,1,1,1.0,0.9719,0.0,-0.12,-0.03,0.4431,0.1396,0.3033,1.4549,-0.3242,0.4038,3.8386,1.0,0.0,1.0,0.9719,86.41,0.9711
436761,Kitching,Coventry City,DEF,0,0,0,0,0.0,0,0.0,0.0,0.0,0.0,0.0,0,0.0,0.0,0.0,0.0,0.0,0.6798,1.0997,0.68,1.1,0.0,0.0,0.0,0.0,0.0,0.0,0.0,0.0,0.0,0,0,0,0.0,0.0,0.0,0.0,0,0,0,0,0.0,40,u,0,0,0,0.0,0.0,0.0,0.0,0.0,0.0,0.0,0.0,0.0,0.0,0.0,0.0,0.0,0.0,0.0,0.0,0.0,0.0
451284,van Ewijk,Coventry City,DEF,360,4,0,0,0.0,0,0.0,0.0,0.0,0.0,0.0,0,0.0,0.0,0.0,0.0,0.0,0.6798,1.0997,0.68,1.1,0.0,0.0,0.0,0.0,0.0,0.0,0.0,0.0,0.0,0,0,0,0.0,0.0,0.0,0.0,0,0,0,0,0.0,40,d,0,0,0,1.0,0.979,0.0,-0.12,-0.03,0.1479,0.0739,0.1479,1.4266,-0.3382,0.0073,3.2871,1.0,0.0,1.0,0.979,89.2,1.0
173878,Dasilva,Coventry City,DEF,444,5,0,0,75.7,90,0.3199,0.0399,1.0997,3.999,2.9992,90,0.32,0.04,1.1,4.0,3.0,0.6798,1.0997,0.68,1.1,0.2691,0.0336,0.925,3.3636,2.5227,33.6359,0.32,0.04,1.1,4,3,40,39.9898,0.32,0.04,1.1,4,3,40,90,40.0,40,a,0,1,1,1.0,0.976,0.0,-0.12,-0.03,0.8521,0.1419,0.6228,1.44,-0.3317,0.1802,4.5511,1.0,0.0,1.0,0.976,87.92,0.9867
465390,Kesler-Hayden,Coventry City,DEF,0,0,0,0,0.0,0,0.0,0.0,0.0,0.0,0.0,0,0.0,0.0,0.0,0.0,0.0,0.6798,1.0997,0.68,1.1,0.0,0.0,0.0,0.0,0.0,0.0,0.0,0.0,0.0,0,0,0,0.0,0.0,0.0,0.0,0,0,0,0,0.0,39,d,0,0,0,0.0,0.0,0.0,0.0,0.0,0.0,0.0,0.0,0.0,0.0,0.0,0.0,0.0,0.0,0.0,0.0,0.0,0.0
80178,Bidwell,Coventry City,DEF,0,0,0,0,0.0,0,0.0,0.0,0.0,0.0,0.0,0,0.0,0.0,0.0,0.0,0.0,0.6798,1.0997,0.68,1.1,0.0,0.0,0.0,0.0,0.0,0.0,0.0,0.0,0.0,0,0,0,0.0,0.0,0.0,0.0,0,0,0,0,0.0,40,a,0,0,0,0.0,0.0,0.0,0.0,0.0,0.0,0.0,0.0,0.0,0.0,0.0,0.0,0.0,0.0,0.0,0.0,0.0,0.0
204813,Latibeaudiere,Coventry City,DEF,1,0,1,0,0.8,1,0.0,0.0,1.89,189.2025,0.0,1,0.0,0.0,1.8,180.0,0.0,0.6798,1.0997,0.68,1.1,0.0,0.0,0.0168,1.6818,0.0,2.5227,0.0,0.0,0.02,2,0,3,283.8038,0.0,0.0,0.02,2,0,3,1,270.0,40,a,1,0,1,0.5975,0.5055,0.0,-0.0717,-0.0179,0.1683,0.0713,0.1426,0.8618,-0.1465,0.094,2.1107,0.5625,0.035,0.5975,0.5055,41.57,0.4765
220583,Woolfenden,Coventry City,DEF,0,0,0,0,0.0,0,0.0,0.0,0.0,0.0,0.0,0,0.0,0.0,0.0,0.0,0.0,0.6798,1.0997,0.68,1.1,0.0,0.0,0.0,0.0,0.0,0.0,0.0,0.0,0.0,0,0,0,0.0,0.0,0.0,0.0,0,0,0,0,0.0,39,i,0,0,0,0.0,0.0,0.0,0.0,0.0,0.0,0.0,0.0,0.0,0.0,0.0,0.0,0.0,0.0,0.0,0.0,0.0,0.0
577411,Brau,Coventry City,DEF,0,0,0,0,0.0,0,0.0,0.0,0.0,0.0,0.0,0,0.0,0.0,0.0,0.0,0.0,0.6798,1.0997,0.68,1.1,0.0,0.0,0.0,0.0,0.0,0.0,0.0,0.0,0.0,0,0,0,0.0,0.0,0.0,0.0,0,0,0,0,0.0,40,u,0,0,0,0.0,0.0,0.0,0.0,0.0,0.0,0.0,0.0,0.0,0.0,0.0,0.0,0.0,0.0,0.0,0.0,0.0,0.0
539142,Amenda,Coventry City,DEF,360,4,0,0,0.0,0,0.0,0.0,0.0,0.0,0.0,0,0.0,0.0,0.0,0.0,0.0,0.6798,1.0997,0.68,1.1,0.0,0.0,0.0,0.0,0.0,0.0,0.0,0.0,0.0,0,0,0,0.0,0.0,0.0,0.0,0,0,0,0,0.0,40,i,0,0,0,0.0,0.0,0.0,0.0,0.0,0.0,0.0,0.0,0.0,0.0,0.0,0.0,0.0,0.0,0.0,0.0,0.0,0.0
480457,Rudoni,Coventry City,MID,297,4,0,0,61.4,73,0.111,0.2465,1.0478,16.0237,0.0,73,0.111,0.2466,1.0479,16.0274,0.0,0.6798,1.0997,0.68,1.1,0.0757,0.1682,0.7148,10.9317,0.0,13.4543,0.09,0.2,0.85,13,0,16,19.7213,0.09,0.2,0.85,13,0,16,73,19.726,49,a,0,1,1,1.0,0.8019,0.0,-0.12,-0.03,0.4137,0.4125,0.591,0.3445,0.0,0.0261,3.4136,1.0,0.0,1.0,0.8019,69.84,0.825
168144,Grimes,Coventry City,MID,443,5,0,0,75.7,90,0.02,0.06,1.0997,9.9975,0.0,90,0.02,0.06,1.1,10.0,0.0,0.6798,1.0997,0.68,1.1,0.0168,0.0505,0.925,8.409,0.0,14.2952,0.02,0.06,1.1,10,0,17,16.9956,0.02,0.06,1.1,10,0,17,90,17.0,49,a,0,1,1,1.0,0.9554,0.0,-0.12,-0.03,0.3977,0.3886,0.6074,0.3531,0.0,0.036,3.5523,1.0,0.0,1.0,0.9554,86.97,0.9844
501459,Sakamoto,Coventry City,MID,31,0,0,0,0.0,0,0.0,0.0,0.0,0.0,0.0,0,0.0,0.0,0.0,0.0,0.0,0.6798,1.0997,0.68,1.1,0.0,0.0,0.0,0.0,0.0,0.0,0.0,0.0,0.0,0,0,0,0.0,0.0,0.0,0.0,0,0,0,0,0.0,48,a,0,0,0,0.456,0.0082,0.0,-0.0547,-0.0137,0.005,0.0431,0.0719,0.0041,0.0,0.0,0.52,0.0109,0.4451,0.456,0.0082,9.43,0.1044
241293,Mason-Clark,Coventry City,MID,231,4,0,0,37.8,45,0.04,0.1,1.2012,4.0043,0.0,45,0.04,0.1,1.2,4.0,0.0,0.6798,1.0997,0.68,1.1,0.0168,0.042,0.5045,1.6818,0.0,5.0454,0.02,0.05,0.6,2,0,6,12.0129,0.02,0.05,0.6,2,0,6,45,12.0,53,a,0,1,1,1.0,0.55,0.0,-0.12,-0.03,0.443,0.2778,0.441,0.2753,0.0,0.0003,2.8372,1.0,0.0,1.0,0.55,55.16,0.6417
439668,Eccles,Coventry City,MID,0,0,0,0,0.0,0,0.0,0.0,0.0,0.0,0.0,0,0.0,0.0,0.0,0.0,0.0,0.6798,1.0997,0.68,1.1,0.0,0.0,0.0,0.0,0.0,0.0,0.0,0.0,0.0,0,0,0,0.0,0.0,0.0,0.0,0,0,0,0,0.0,48,i,0,0,0,0.0,0.0,0.0,0.0,0.0,0.0,0.0,0.0,0.0,0.0,0.0,0.0,0.0,0.0,0.0,0.0,0.0,0.0
226965,Torp,Coventry City,MID,53,0,0,0,0.0,0,0.0,0.0,0.0,0.0,0.0,0,0.0,0.0,0.0,0.0,0.0,0.6798,1.0997,0.68,1.1,0.0,0.0,0.0,0.0,0.0,0.0,0.0,0.0,0.0,0,0,0,0.0,0.0,0.0,0.0,0,0,0,0,0.0,53,a,0,0,0,0.4602,0.0124,0.0,-0.0552,-0.0138,0.0081,0.0426,0.0711,0.0062,0.0,0.0,0.5315,0.0186,0.4416,0.4602,0.0124,9.81,0.1091
684268,Shepherd,Coventry City,MID,0,0,0,0,0.0,0,0.0,0.0,0.0,0.0,0.0,0,0.0,0.0,0.0,0.0,0.0,0.6798,1.0997,0.68,1.1,0.0,0.0,0.0,0.0,0.0,0.0,0.0,0.0,0.0,0,0,0,0.0,0.0,0.0,0.0,0,0,0,0,0.0,44,a,0,0,0,0.0,0.0,0.0,0.0,0.0,0.0,0.0,0.0,0.0,0.0,0.0,0.0,0.0,0.0,0.0,0.0,0.0,0.0
469272,Tchaouna,Coventry City,MID,211,2,1,0,213.0,1304,0.0818,0.057,1.7006,4.8318,0.0,380,0.0805,0.0521,1.5276,5.2105,0.0,0.6798,1.0997,0.68,1.1,0.1935,0.1348,4.0247,11.4352,0.0,35.8631,1.31,0.91,25.54,72,0,213,15.1534,0.34,0.22,6.45,22,0,72,380,17.0526,53,a,1,0,1,1.0,0.9696,0.0,-0.12,-0.03,0.1058,0.23,0.4812,0.3532,0.0,0.0233,2.9898,1.0,0.0,1.0,0.9696,90.78,1.0
492498,Borges Rodrigues,Coventry City,MID,0,0,0,0,0.0,0,0.0,0.0,0.0,0.0,0.0,0,0.0,0.0,0.0,0.0,0.0,0.6798,1.0997,0.68,1.1,0.0,0.0,0.0,0.0,0.0,0.0,0.0,0.0,0.0,0,0,0,0.0,0.0,0.0,0.0,0,0,0,0,0.0,45,u,0,0,0,0.0,0.0,0.0,0.0,0.0,0.0,0.0,0.0,0.0,0.0,0.0,0.0,0.0,0.0,0.0,0.0,0.0,0.0
629397,Andrews,Coventry City,MID,0,0,0,0,0.0,0,0.0,0.0,0.0,0.0,0.0,0,0.0,0.0,0.0,0.0,0.0,0.6798,1.0997,0.68,1.1,0.0,0.0,0.0,0.0,0.0,0.0,0.0,0.0,0.0,0,0,0,0.0,0.0,0.0,0.0,0,0,0,0,0.0,45,u,0,0,0,0.0,0.0,0.0,0.0,0.0,0.0,0.0,0.0,0.0,0.0,0.0,0.0,0.0,0.0,0.0,0.0,0.0,0.0
176412,Wright,Coventry City,FWD,0,0,0,0,0.0,0,0.0,0.0,0.0,0.0,0.0,0,0.0,0.0,0.0,0.0,0.0,0.6798,1.0997,0.68,1.1,0.0,0.0,0.0,0.0,0.0,0.0,0.0,0.0,0.0,0,0,0,0.0,0.0,0.0,0.0,0,0,0,0,0.0,53,i,0,0,0,0.0,0.0,0.0,0.0,0.0,0.0,0.0,0.0,0.0,0.0,0.0,0.0,0.0,0.0,0.0,0.0,0.0,0.0
230730,Thomas-Asante,Coventry City,FWD,227,2,0,0,75.7,90,0.1299,0.01,1.0997,15.9959,0.0,90,0.13,0.01,1.1,16.0,0.0,0.6798,1.0997,0.68,1.1,0.1093,0.0084,0.925,13.4543,0.0,13.4543,0.13,0.01,1.1,16,0,16,15.9959,0.13,0.01,1.1,16,0,16,90,16.0,50,a,0,1,1,1.0,0.9696,0.0,-0.12,-0.03,0.4773,0.3641,1.2199,0.0,0.0,0.0301,3.8809,1.0,0.0,1.0,0.9696,90.78,1.0
218997,Simms,Coventry City,FWD,104,1,1,0,13.5,16,0.0,0.0,1.3453,0.0,0.0,16,0.0,0.0,1.35,0.0,0.0,0.6798,1.0997,0.68,1.1,0.0,0.0,0.2018,0.0,0.0,2.5227,0.0,0.0,0.24,0,0,3,16.818,0.0,0.0,0.24,0,0,3,16,16.875,49,a,1,0,1,0.8969,0.7528,0.0,-0.1076,-0.0269,0.4662,0.3344,1.0404,0.0,0.0,0.0,3.3561,0.8125,0.0844,0.8969,0.7528,68.01,0.7771
551262,Markelo,Coventry City,FWD,0,0,0,0,0.0,0,0.0,0.0,0.0,0.0,0.0,0,0.0,0.0,0.0,0.0,0.0,0.6798,1.0997,0.68,1.1,0.0,0.0,0.0,0.0,0.0,0.0,0.0,0.0,0.0,0,0,0,0.0,0.0,0.0,0.0,0,0,0,0,0.0,50,u,0,0,0,0.0,0.0,0.0,0.0,0.0,0.0,0.0,0.0,0.0,0.0,0.0,0.0,0.0,0.0,0.0,0.0,0.0,0.0
549653,Bassette,Coventry City,FWD,0,0,0,0,0.0,0,0.0,0.0,0.0,0.0,0.0,0,0.0,0.0,0.0,0.0,0.0,0.6798,1.0997,0.68,1.1,0.0,0.0,0.0,0.0,0.0,0.0,0.0,0.0,0.0,0,0,0,0.0,0.0,0.0,0.0,0,0,0,0,0.0,45,u,0,0,0,0.0,0.0,0.0,0.0,0.0,0.0,0.0,0.0,0.0,0.0,0.0,0.0,0.0,0.0,0.0,0.0,0.0,0.0
210156,Awoniyi,Coventry City,FWD,232,3,0,0,90.8,480,0.8048,0.1595,2.2038,4.624,0.9882,212,0.6835,0.1613,2.2245,4.6698,1.2736,0.6798,1.0997,0.68,1.1,0.812,0.1609,2.2234,4.6651,0.997,35.128,3.68,0.77,10.35,26,4,170,34.8185,1.61,0.38,5.24,11,3,89,212,37.783,54,s,0,0,0,0.0,0.0,0.0,0.0,0.0,0.0,0.0,0.0,0.0,0.0,0.0,0.0,0.0,0.0,0.0,0.0,0.0,0.0
661888,Yirenkyi,Coventry City,MID,265,3,0,0,75.7,90,0.0,0.01,1.0798,4.9987,0.0,90,0.0,0.01,1.08,5.0,0.0,0.6798,1.0997,0.68,1.1,0.0,0.0084,0.9082,4.2045,0.0,8.409,0.0,0.01,1.08,5,0,10,9.9975,0.0,0.01,1.08,5,0,10,90,10.0,48,a,0,1,1,1.0,0.954,0.0,-0.12,-0.03,0.3977,0.3573,0.5855,0.3536,0.0,0.0095,3.4982,1.0,0.0,1.0,0.954,86.66,0.9814
196100,Hamer,Coventry City,MID,32,0,0,0,0.0,0,0.0,0.0,0.0,0.0,0.0,0,0.0,0.0,0.0,0.0,0.0,0.6798,1.0997,0.68,1.1,0.0,0.0,0.0,0.0,0.0,0.0,0.0,0.0,0.0,0,0,0,0.0,0.0,0.0,0.0,0,0,0,0,0.0,53,a,0,0,0,0.4561,0.0084,0.0,-0.0547,-0.0137,0.0051,0.0431,0.0718,0.0042,0.0,0.0,0.5203,0.0112,0.4449,0.4561,0.0084,9.44,0.1045
627221,Cherif,Coventry City,FWD,30,0,0,0,0.0,0,0.0,0.0,0.0,0.0,0.0,0,0.0,0.0,0.0,0.0,0.0,0.6798,1.0997,0.68,1.1,0.0,0.0,0.0,0.0,0.0,0.0,0.0,0.0,0.0,0,0,0,0.0,0.0,0.0,0.0,0,0,0,0,0.0,50,a,0,0,0,0.4558,0.008,0.0,-0.0547,-0.0137,0.0058,0.0432,0.1344,0.0,0.0,0.0,0.5788,0.0105,0.4453,0.4558,0.008,9.41,0.1042
79602,Bentley,Coventry City,GK,0,0,0,0,78.4,270,0.0,0.0,1.6374,0.0,0.0,180,0.0,0.0,1.14,0.0,0.0,0.6798,1.0997,0.68,1.1,0.0,0.0,1.4264,0.0,0.0,7.1409,0.0,0.0,5.1,0,0,24,8.1975,0.0,0.0,2.28,0,0,19,180,9.5,40,a,0,0,0,0.0,0.0,0.0,0.0,0.0,0.0,0.0,0.0,0.0,0.0,0.0,0.0,0.0,0.0,0.0,0.0,0.0,0.0
242893,Gboho,Coventry City,MID,0,0,0,0,0.0,0,0.0,0.0,0.0,0.0,0.0,0,0.0,0.0,0.0,0.0,0.0,0.6798,1.0997,0.68,1.1,0.0,0.0,0.0,0.0,0.0,0.0,0.0,0.0,0.0,0,0,0,0.0,0.0,0.0,0.0,0,0,0,0,0.0,55,a,0,0,0,0.8075,0.5306,0.0,-0.0969,-0.0242,0.325,0.2595,0.4325,0.2261,0.0,0.0013,2.4601,0.65,0.1575,0.8075,0.5306,49.14,0.5767
566213,Mfuni,Coventry City,DEF,90,1,0,0,75.7,90,0.0,0.01,1.0997,7.998,0.0,90,0.0,0.01,1.1,8.0,0.0,0.6798,1.0997,0.68,1.1,0.0,0.0084,0.925,6.7272,0.0,22.7042,0.0,0.01,1.1,8,0,27,26.9931,0.0,0.01,1.1,8,0,27,90,27.0,40,a,0,1,1,0.8275,0.7955,0.0,-0.0993,-0.0248,0.1939,0.1023,0.1947,1.1592,-0.2752,0.2391,2.8738,0.8125,0.015,0.8275,0.7955,72.78,0.8158
485337,Guessand,Crystal Palace,MID,54,0,0,0,82.0,909,0.1255,0.1095,1.768,7.4196,0.0,29,0.0,0.3103,5.4,6.2069,0.0,1.4885,1.4739,1.7017,1.7283,0.1143,0.0998,1.6108,6.7601,0.0,13.9981,1.56,0.8500000000000001,14.48,83,0,143,15.3638,0.0,0.1,1.74,2,0,6,29,18.6207,54,a,0,0,0,0.4604,0.0126,0.0,-0.0552,-0.0138,0.0026,0.0397,0.0724,0.0051,0.0,0.0002,0.5237,0.0189,0.4415,0.4604,0.0126,9.84,0.1095
220362,Disasi,Crystal Palace,DEF,139,2,0,0,291.8,1254,0.0581,0.0028,1.3994,6.2352,0.0771,444,0.0,0.0041,1.6662,5.8784,0.0,1.4885,1.4739,1.7017,1.7283,0.1883,0.009,4.5371,20.2158,0.25,41.2403,1.1,0.03,18.54,88,1,186,12.7198,0.0,0.02,8.22,29,0,41,444,8.3108,45,s,0,0,0,0.0,0.0,0.0,0.0,0.0,0.0,0.0,0.0,0.0,0.0,0.0,0.0,0.0,0.0,0.0,0.0,0.0,0.0
172649,Henderson,Crystal Palace,GK,270,3,0,0,395.5,3330,0.0,0.0019,1.5269,0.0,0.1753,540,0.0,0.0017,1.77,0.0,0.0,1.4885,1.4739,1.7017,1.7283,0.0,0.0083,6.71,0.0,0.7703,50.5643,0.0,0.11,51.4,0,7,538,11.5064,0.0,0.01,10.62,0,0,18,540,3.0,49,i,0,0,0,0.0,0.0,0.0,0.0,0.0,0.0,0.0,0.0,0.0,0.0,0.0,0.0,0.0,0.0,0.0,0.0,0.0,0.0
121709,Benitez,Crystal Palace,GK,180,2,0,0,93.0,180,0.0,0.0,1.275,0.0,0.0,90,0.0,0.0,1.31,0.0,0.0,1.4885,1.4739,1.7017,1.7283,0.0,0.0,1.3175,0.0,0.0,27.4538,0.0,0.0,2.43,0,0,55,26.5682,0.0,0.0,1.31,0,0,26,90,26.0,45,a,0,1,1,1.0,0.995,1.0,-0.12,-0.03,0.1321,0.0,0.0,1.0654,-0.5097,0.0,3.5328,1.0,0.0,1.0,0.995,89.81,1.0
427623,Richards,Crystal Palace,DEF,450,5,0,0,381.2,2915,0.1138,0.0301,1.3777,9.3923,0.1614,403,0.2859,0.0246,1.6012,8.4864,0.0,1.4885,1.4739,1.7017,1.7283,0.4819,0.1275,5.8354,39.7815,0.6837,63.1254,2.42,1.57,42.5,321,5,482,14.9037,1.28,0.11,7.17,38,0,33,403,7.3697,49,a,0,1,1,1.0,0.979,0.0,-0.12,-0.03,0.1763,0.0967,0.6418,1.0483,-0.5097,0.4841,3.2823,1.0,0.0,1.0,0.979,89.2,1.0
651426,Canvot,Crystal Palace,DEF,360,4,0,0,345.2,1421,0.0795,0.0399,1.5082,10.6038,0.3466,540,0.0517,0.0267,1.5667,9.3333,0.0,1.4885,1.4739,1.7017,1.7283,0.3048,0.1529,5.7846,40.6714,1.3294,57.738,1.48,0.45,25.15,179,9,242,15.0534,0.31,0.16,9.4,56,0,50,540,8.3333,48,a,0,1,1,1.0,0.979,0.0,-0.12,-0.03,0.3374,0.1257,0.442,1.0483,-0.5097,0.6279,3.2727,1.0,0.0,1.0,0.979,89.2,1.0
244723,Mitchell,Crystal Palace,DEF,419,5,0,0,442.5,3343,0.0518,0.0726,1.4464,6.9244,0.3127,495,0.0855,0.0509,1.6709,8.1818,0.1818,1.4885,1.4739,1.7017,1.7283,0.2547,0.357,7.1116,34.0448,1.5374,76.7002,1.59,2.5500000000000003,51.09,253,9,528,15.6,0.47,0.28,9.19,45,1,64,495,11.6364,45,a,0,1,1,1.0,0.9584,0.0,-0.12,-0.03,0.3115,0.1968,0.2884,1.114,-0.4623,0.124,3.2569,1.0,0.0,1.0,0.9584,82.48,0.9311
218364,Sosa,Crystal Palace,DEF,0,0,0,0,16.9,99,0.058,0.0346,0.4026,6.1413,0.0,45,0.08,0.02,0.14,4.0,0.0,1.4885,1.4739,1.7017,1.7283,0.0109,0.0065,0.0756,1.1532,0.0,0.4003,0.04,0.0699999999999999,0.9000000000000001,9,0,9,2.1318,0.04,0.01,0.07,2,0,-4,45,-8.0,45,u,0,0,0,0.0,0.0,0.0,0.0,0.0,0.0,0.0,0.0,0.0,0.0,0.0,0.0,0.0,0.0,0.0,0.0,0.0,0.0
515621,Chadi Riad,Crystal Palace,DEF,72,1,0,0,128.9,550,0.067,0.0235,1.6479,8.4985,0.0,238,0.0832,0.0303,1.8,10.2101,0.0,1.4885,1.4739,1.7017,1.7283,0.096,0.0336,2.3602,12.1717,0.0,17.2723,0.3299999999999999,0.13,9.09,45,0,84,12.0598,0.22,0.08,4.76,27,0,26,238,9.8319,43,i,0,0,0,0.0,0.0,0.0,0.0,0.0,0.0,0.0,0.0,0.0,0.0,0.0,0.0,0.0,0.0,0.0,0.0,0.0,0.0
242313,Mingueza,Crystal Palace,DEF,16,0,0,0,0.0,0,0.0,0.0,0.0,0.0,0.0,0,0.0,0.0,0.0,0.0,0.0,1.4885,1.4739,1.7017,1.7283,0.0,0.0,0.0,0.0,0.0,0.0,0.0,0.0,0.0,0,0,0,0.0,0.0,0.0,0.0,0,0,0,0,0.0,43,a,0,0,0,0.0852,0.0035,0.0,-0.0102,-0.0026,0.0016,0.0029,0.0059,0.0056,-0.0049,0.0001,0.0871,0.0056,0.0796,0.0852,0.0035,1.86,0.0205
232185,Sarr,Crystal Palace,MID,8,0,1,0,281.5,2181,0.5059,0.0592,1.327,4.9035,0.2149,398,0.6535,0.0905,1.4608,3.8442,0.0,1.4885,1.4739,1.7017,1.7283,1.5823,0.1853,4.1505,15.3371,0.6722,48.3544,10.93,1.18,31.31,137,9,362,15.4597,2.89,0.4,6.46,17,0,69,398,15.603,62,a,1,0,1,0.8212,0.551,0.0,-0.0985,-0.0246,0.1717,0.1281,1.3586,0.1802,0.0,0.0044,3.0876,0.675,0.1462,0.8212,0.551,50.68,0.595
496221,Wharton,Crystal Palace,MID,436,5,0,0,350.3,2642,0.0602,0.2798,1.3681,10.3205,0.3109,451,0.0519,0.3313,1.3949,10.9756,0.3991,1.4885,1.4739,1.7017,1.7283,0.2343,1.089,5.3251,40.1695,1.21,70.1341,1.59,7.69,40.39,310,8,524,18.019,0.26,1.66,6.99,55,2,105,451,20.9534,54,a,0,1,1,1.0,0.9478,0.0,-0.12,-0.03,0.333,0.7692,0.3425,0.2633,0.0,0.475,3.5058,1.0,0.0,1.0,0.9478,85.36,0.9689
488024,Yeremy,Crystal Palace,MID,307,4,0,0,284.2,2155,0.1752,0.2565,1.4249,6.8501,0.0739,306,0.1706,0.2294,1.6441,5.5882,0.0,1.4885,1.4739,1.7017,1.7283,0.5532,0.8099,4.4995,21.631,0.2333,45.8359,4.69,6.27,31.27,172,3,341,14.5152,0.5800000000000001,0.78,5.59,19,0,48,306,14.1176,55,a,0,1,1,1.0,0.8436,0.0,-0.12,-0.03,0.1334,0.6181,0.732,0.2695,0.0,0.046,3.4467,1.0,0.0,1.0,0.8436,72.88,0.8528
108413,Hughes,Crystal Palace,MID,29,0,0,0,178.3,1560,0.0471,0.1068,1.6692,8.1521,0.0,149,0.0,0.145,2.1081,7.8523,0.0,1.4885,1.4739,1.7017,1.7283,0.0933,0.2115,3.3068,16.1503,0.0,23.4195,1.11,1.94,25.35,148,0,217,11.8214,0.0,0.24,3.49,13,0,21,149,12.6846,44,a,0,0,0,0.4556,0.0078,0.0,-0.0547,-0.0137,0.0009,0.0358,0.0343,0.0031,0.0,0.0002,0.4693,0.0102,0.4454,0.4556,0.0078,9.4,0.1041
152551,Lerma,Crystal Palace,MID,51,0,1,0,278.6,1767,0.1523,0.0788,1.5919,13.282,0.0851,341,0.0765,0.0897,2.2196,13.9883,0.0,1.4885,1.4739,1.7017,1.7283,0.4713,0.244,4.9279,41.1152,0.2633,42.3241,2.1,1.48,25.88,231,3,299,13.6725,0.29,0.3399999999999999,8.41,53,0,41,341,10.8211,48,a,1,0,1,0.7594,0.4595,0.0,-0.0911,-0.0228,0.0865,0.1393,0.3893,0.1503,0.0,0.2704,1.8703,0.5625,0.1969,0.7594,0.4595,43.73,0.5125
209400,Kamada,Crystal Palace,MID,441,5,0,0,297.1,1989,0.1604,0.1566,1.4412,10.0523,0.0,465,0.1239,0.1974,1.7458,10.0645,0.0,1.4885,1.4739,1.7017,1.7283,0.5295,0.517,4.7576,33.1839,0.0,48.8946,2.06,3.27,27.35,218,0,343,14.8116,0.64,1.02,9.02,52,0,79,465,15.2903,50,a,0,1,1,1.0,0.9533,0.0,-0.12,-0.03,0.0748,0.4575,0.7783,0.2613,0.0,0.4272,3.3753,1.0,0.0,1.0,0.9533,86.51,0.98
489706,Devenny,Crystal Palace,MID,0,0,0,0,101.7,785,0.125,0.0252,2.0188,8.9549,0.0,180,0.0,0.015,2.305,11.5,0.0,1.4885,1.4739,1.7017,1.7283,0.1413,0.0285,2.2812,10.119,0.0,12.4574,2.38,0.39,14.71,72,0,108,11.0242,0.0,0.03,4.609999999999999,23,0,24,180,12.0,50,u,0,0,0,0.0,0.0,0.0,0.0,0.0,0.0,0.0,0.0,0.0,0.0,0.0,0.0,0.0,0.0,0.0,0.0,0.0,0.0
606921,Esse,Crystal Palace,MID,0,0,0,0,1.6,40,0.0,0.1406,6.6038,13.7644,0.0,0,0.0,0.0,0.0,0.0,0.0,1.4885,1.4739,1.7017,1.7283,0.0,0.0025,0.1174,0.2447,0.0,0.5493,0.0,0.04,1.7400000000000002,5,0,12,30.8981,0.0,0.0,0.0,0,0,0,0,0.0,50,u,0,0,0,0.0,0.0,0.0,0.0,0.0,0.0,0.0,0.0,0.0,0.0,0.0,0.0,0.0,0.0,0.0,0.0,0.0,0.0
536694,M.França,Crystal Palace,MID,0,0,0,0,0.0,0,0.0,0.0,0.0,0.0,0.0,0,0.0,0.0,0.0,0.0,0.0,1.4885,1.4739,1.7017,1.7283,0.0,0.0,0.0,0.0,0.0,0.0,0.0,0.0,0.0,0,0,0,0.0,0.0,0.0,0.0,0,0,0,0,0.0,49,u,0,0,0,0.0,0.0,0.0,0.0,0.0,0.0,0.0,0.0,0.0,0.0,0.0,0.0,0.0,0.0,0.0,0.0,0.0,0.0
438464,Doucouré,Crystal Palace,MID,0,0,0,0,0.0,0,0.0,0.0,0.0,0.0,0.0,0,0.0,0.0,0.0,0.0,0.0,1.4885,1.4739,1.7017,1.7283,0.0,0.0,0.0,0.0,0.0,0.0,0.0,0.0,0.0,0,0,0,0.0,0.0,0.0,0.0,0,0,0,0,0.0,48,a,0,0,0,0.0,0.0,0.0,0.0,0.0,0.0,0.0,0.0,0.0,0.0,0.0,0.0,0.0,0.0,0.0,0.0,0.0,0.0
450542,J.Rak-Sakyi,Crystal Palace,MID,0,0,0,0,0.0,0,0.0,0.0,0.0,0.0,0.0,0,0.0,0.0,0.0,0.0,0.0,1.4885,1.4739,1.7017,1.7283,0.0,0.0,0.0,0.0,0.0,0.0,0.0,0.0,0.0,0,0,0,0.0,0.0,0.0,0.0,0,0,0,0,0.0,49,u,0,0,0,0.0,0.0,0.0,0.0,0.0,0.0,0.0,0.0,0.0,0.0,0.0,0.0,0.0,0.0,0.0,0.0,0.0,0.0
590014,Cardines,Crystal Palace,DEF,0,0,0,0,34.7,90,0.02,0.16,2.5299,7.0,0.0,90,0.02,0.16,2.53,7.0,0.0,1.4885,1.4739,1.7017,1.7283,0.0077,0.0617,0.9754,2.6989,0.0,8.0966,0.02,0.16,2.53,7,0,21,20.9998,0.02,0.16,2.53,7,0,21,90,21.0,45,u,0,0,0,0.0,0.0,0.0,0.0,0.0,0.0,0.0,0.0,0.0,0.0,0.0,0.0,0.0,0.0,0.0,0.0,0.0,0.0
672492,Drakes-Thomas,Crystal Palace,MID,0,0,0,0,0.5,7,0.0,0.0,10.386,40.428,0.0,0,0.0,0.0,0.0,0.0,0.0,1.4885,1.4739,1.7017,1.7283,0.0,0.0,0.0577,0.2246,0.0,0.4307,0.0,0.0,0.73,3,0,6,77.526,0.0,0.0,0.0,0,0,0,0,0.0,44,a,0,0,0,0.0,0.0,0.0,0.0,0.0,0.0,0.0,0.0,0.0,0.0,0.0,0.0,0.0,0.0,0.0,0.0,0.0,0.0
247412,Strand Larsen,Crystal Palace,FWD,298,3,0,0,336.0,2382,0.1827,0.0899,1.4436,3.7134,0.1095,395,0.2301,0.1299,1.5699,3.1899,0.0,1.4885,1.4739,1.7017,1.7283,0.682,0.3357,5.3896,13.8635,0.4089,36.034,5.34,1.29,37.29,98,3,225,9.652,1.01,0.5700000000000001,6.89,14,0,35,395,7.9747,60,a,0,1,1,1.0,0.9696,0.0,-0.12,-0.03,0.1723,0.2928,0.8165,0.0,0.0,0.0037,3.1013,1.0,0.0,1.0,0.9696,90.78,1.0
231747,Mateta,Crystal Palace,FWD,62,1,0,0,178.4,2210,0.584,0.0401,1.5704,4.6466,0.7489,220,0.5523,0.0205,2.0455,3.2727,0.4091,1.4885,1.4739,1.7017,1.7283,1.1577,0.0794,3.1129,9.2106,1.4845,45.3454,14.42,1.32,31.77,125,13,397,22.876,1.35,0.05,5.0,8,1,63,220,25.7727,63,i,0,0,0,0.0,0.0,0.0,0.0,0.0,0.0,0.0,0.0,0.0,0.0,0.0,0.0,0.0,0.0,0.0,0.0,0.0,0.0
205533,Nketiah,Crystal Palace,FWD,175,3,1,0,26.3,422,0.2385,0.1064,1.6474,9.1509,0.5397,8,0.0,0.225,0.675,11.25,0.0,1.4885,1.4739,1.7017,1.7283,0.0697,0.0311,0.4814,2.6741,0.1577,5.9637,1.77,0.48,9.55,39,3,102,20.4081,0.0,0.02,0.06,1,0,2,8,22.5,55,a,1,0,1,1.0,0.55,0.0,-0.12,-0.03,0.567,0.2173,0.6638,0.0,0.0,0.0041,2.8481,1.0,0.0,1.0,0.55,51.82,0.5741
660392,Uche,Crystal Palace,FWD,0,0,0,0,12.9,159,0.2874,0.0056,2.3226,7.6577,0.0,0,0.0,0.0,0.0,0.0,0.0,1.4885,1.4739,1.7017,1.7283,0.0412,0.0008,0.3329,1.0976,0.0,2.677,0.49,0.01,4.63,13,0,42,18.6767,0.0,0.0,0.0,0,0,0,0,0.0,50,u,0,0,0,0.0,0.0,0.0,0.0,0.0,0.0,0.0,0.0,0.0,0.0,0.0,0.0,0.0,0.0,0.0,0.0,0.0,0.0
433154,McNeil,Crystal Palace,MID,84,1,0,0,161.2,1161,0.1144,0.2066,1.2859,8.8982,0.0905,66,0.0409,1.2955,1.35,10.9091,0.0,1.4885,1.4739,1.7017,1.7283,0.2049,0.37,2.3032,15.9376,0.1621,25.3457,1.37,1.91,18.8,111,1,186,14.1508,0.03,0.95,0.99,8,0,16,66,21.8182,53,a,0,0,0,0.8969,0.7528,0.0,-0.1076,-0.0269,0.1506,0.4511,0.4765,0.2182,0.0,0.1528,2.8115,0.8125,0.0844,0.8969,0.7528,68.01,0.7771
169593,Matthews,Crystal Palace,GK,0,0,0,0,0.0,0,0.0,0.0,0.0,0.0,0.0,0,0.0,0.0,0.0,0.0,0.0,1.4885,1.4739,1.7017,1.7283,0.0,0.0,0.0,0.0,0.0,0.0,0.0,0.0,0.0,0,0,0,0.0,0.0,0.0,0.0,0,0,0,0,0.0,40,a,0,0,0,0.0,0.0,0.0,0.0,0.0,0.0,0.0,0.0,0.0,0.0,0.0,0.0,0.0,0.0,0.0,0.0,0.0,0.0
223723,Tomiyasu,Crystal Palace,DEF,189,2,0,0,37.8,45,0.0,0.02,1.0812,6.0064,0.0,45,0.0,0.02,1.08,6.0,0.0,1.4885,1.4739,1.7017,1.7283,0.0,0.0084,0.4541,2.5227,0.0,3.3636,0.0,0.01,0.54,3,0,4,8.0086,0.0,0.01,0.54,3,0,4,45,8.0,44,i,0,1,1,0.0,0.0,0.0,0.0,0.0,0.0,0.0,0.0,0.0,0.0,0.0,0.0,0.0,0.0,0.0,0.0,0.0,0.0
570794,Khalaili,Crystal Palace,DEF,379,4,0,0,75.7,90,0.0,0.02,1.3097,5.9985,0.0,90,0.0,0.02,1.31,6.0,0.0,1.4885,1.4739,1.7017,1.7283,0.0,0.0168,1.1016,5.0454,0.0,19.3406,0.0,0.02,1.31,6,0,23,22.9941,0.0,0.02,1.31,6,0,23,90,23.0,50,a,0,1,1,1.0,0.9833,0.0,-0.12,-0.03,0.2386,0.1316,0.2386,1.0529,-0.5097,0.2631,2.9854,1.0,0.0,1.0,0.9833,91.33,1.0
559152,Gozo,Crystal Palace,MID,28,0,0,0,0.0,0,0.0,0.0,0.0,0.0,0.0,0,0.0,0.0,0.0,0.0,0.0,1.4885,1.4739,1.7017,1.7283,0.0,0.0,0.0,0.0,0.0,0.0,0.0,0.0,0.0,0,0,0,0.0,0.0,0.0,0.0,0,0,0,0,0.0,49,a,0,0,0,0.4554,0.0076,0.0,-0.0546,-0.0137,0.0045,0.0433,0.0722,0.0031,0.0,0.0,0.5178,0.0098,0.4456,0.4554,0.0076,9.38,0.1039
605972,Ahanor,Crystal Palace,DEF,90,1,0,0,0.0,0,0.0,0.0,0.0,0.0,0.0,0,0.0,0.0,0.0,0.0,0.0,1.4885,1.4739,1.7017,1.7283,0.0,0.0,0.0,0.0,0.0,0.0,0.0,0.0,0.0,0,0,0,0.0,0.0,0.0,0.0,0,0,0,0,0.0,45,a,0,0,0,0.8275,0.7955,0.0,-0.0993,-0.0248,0.1939,0.0973,0.1947,0.8518,-0.4148,0.0904,2.4217,0.8125,0.015,0.8275,0.7955,72.78,0.8158
172850,Chilwell,Crystal Palace,DEF,29,0,0,0,0.0,0,0.0,0.0,0.0,0.0,0.0,0,0.0,0.0,0.0,0.0,0.0,1.4885,1.4739,1.7017,1.7283,0.0,0.0,0.0,0.0,0.0,0.0,0.0,0.0,0.0,0,0,0,0.0,0.0,0.0,0.0,0,0,0,0,0.0,45,a,0,0,0,0.0894,0.006,0.0,-0.0107,-0.0027,0.0028,0.0031,0.0063,0.0097,-0.0057,0.0002,0.0982,0.0102,0.0792,0.0894,0.006,2.07,0.0227
450063,Timber,Crystal Palace,MID,253,3,0,0,75.7,90,0.12,0.03,1.3097,4.9987,0.0,90,0.12,0.03,1.31,5.0,0.0,1.4885,1.4739,1.7017,1.7283,0.1009,0.0252,1.1016,4.2045,0.0,10.9317,0.12,0.03,1.31,5,0,13,12.9967,0.12,0.03,1.31,5,0,13,90,13.0,50,a,0,1,1,1.0,0.9286,0.0,-0.12,-0.03,0.3977,0.3527,0.674,0.2679,0.0,0.0069,3.4709,1.0,0.0,1.0,0.9286,82.02,0.937
533646,Osorio,Crystal Palace,MID,1,0,0,0,0.0,0,0.0,0.0,0.0,0.0,0.0,0,0.0,0.0,0.0,0.0,0.0,1.4885,1.4739,1.7017,1.7283,0.0,0.0,0.0,0.0,0.0,0.0,0.0,0.0,0.0,0,0,0,0.0,0.0,0.0,0.0,0,0,0,0,0.0,55,a,0,0,0,0.4502,0.0024,0.0,-0.054,-0.0135,0.0002,0.0449,0.0749,0.001,0.0,0.0,0.5061,0.0004,0.4498,0.4502,0.0024,9.01,0.1002
128295,Nørgaard,Everton,MID,0,0,0,0,23.2,101,0.0516,0.0597,0.7309,10.9179,0.0,45,0.06,0.08,0.1,10.0,0.0,1.4402,1.4863,1.6017,1.4217,0.0133,0.0154,0.1884,2.8144,0.0,5.2191,0.08,0.04,2.28,16,0,28,20.2465,0.03,0.04,0.05,5,0,9,45,18.0,48,d,0,0,0,0.0,0.0,0.0,0.0,0.0,0.0,0.0,0.0,0.0,0.0,0.0,0.0,0.0,0.0,0.0,0.0,0.0,0.0
242898,Johnson,Everton,MID,238,3,0,0,290.8,1775,0.2961,0.0648,1.5023,7.4986,0.0106,411,0.2299,0.0766,1.6861,7.4453,0.0,1.4402,1.4863,1.6017,1.4217,0.9566,0.2093,4.8541,24.2287,0.0341,27.5334,3.27,1.31,29.35,129,2,223,8.5213,1.0499999999999998,0.35,7.7,34,0,35,411,7.6642,59,a,0,1,1,1.0,0.8858,0.0,-0.12,-0.03,0.0912,0.2085,1.1989,0.2708,0.0,0.0822,3.5052,1.0,0.0,1.0,0.8858,76.21,0.8814
111234,Pickford,Everton,GK,450,5,0,0,478.2,3510,0.0,0.005,1.4863,0.0,0.2746,540,0.0,0.0083,1.4217,0.0,0.1667,1.4402,1.4863,1.6017,1.4217,0.0,0.0268,7.8974,0.0,1.4591,79.6508,0.0,0.2,57.68,0,12,579,14.9907,0.0,0.05,8.53,0,1,67,540,11.1667,55,a,0,1,1,1.0,0.995,1.0,-0.12,-0.03,0.2678,0.0136,0.0,1.0548,-0.5155,0.0,3.6658,1.0,0.0,1.0,0.995,89.81,1.0
229600,Travers,Everton,GK,0,0,0,0,0.0,0,0.0,0.0,0.0,0.0,0.0,0,0.0,0.0,0.0,0.0,0.0,1.4402,1.4863,1.6017,1.4217,0.0,0.0,0.0,0.0,0.0,0.0,0.0,0.0,0.0,0,0,0,0.0,0.0,0.0,0.0,0,0,0,0,0.0,50,a,0,0,0,0.0,0.0,0.0,0.0,0.0,0.0,0.0,0.0,0.0,0.0,0.0,0.0,0.0,0.0,0.0,0.0,0.0,0.0
138001,King,Everton,GK,0,0,0,0,0.0,0,0.0,0.0,0.0,0.0,0.0,0,0.0,0.0,0.0,0.0,0.0,1.4402,1.4863,1.6017,1.4217,0.0,0.0,0.0,0.0,0.0,0.0,0.0,0.0,0.0,0,0,0,0.0,0.0,0.0,0.0,0,0,0,0,0.0,45,a,0,0,0,0.0,0.0,0.0,0.0,0.0,0.0,0.0,0.0,0.0,0.0,0.0,0.0,0.0,0.0,0.0,0.0,0.0,0.0
17761,Tarkowski,Everton,DEF,450,5,0,0,460.9,3420,0.0692,0.0632,1.4405,9.9346,0.8451,540,0.055,0.1317,1.4217,9.6667,1.0,1.4402,1.4863,1.6017,1.4217,0.3543,0.3236,7.3769,50.876,4.3278,98.7417,2.54,2.11,54.98,388,15,635,19.2813,0.33,0.79,8.53,58,6,97,540,16.1667,62,a,0,1,1,1.0,0.9802,0.0,-0.12,-0.03,0.7945,0.1859,0.4045,1.0392,-0.5155,0.5709,3.7388,1.0,0.0,1.0,0.9802,89.25,1.0
480455,Branthwaite,Everton,DEF,450,5,0,0,190.5,768,0.0259,0.0082,1.3705,11.2228,0.0,90,0.0,0.0,1.44,14.0,0.0,1.4402,1.4863,1.6017,1.4217,0.0549,0.0173,2.9009,23.7549,0.0,41.2281,0.3399999999999999,0.11,10.87,81,0,135,19.4778,0.0,0.0,1.44,14,0,27,90,27.0,55,a,0,1,1,1.0,0.9802,0.0,-0.12,-0.03,0.0939,0.0639,0.2007,1.0392,-0.5155,0.6505,2.7123,1.0,0.0,1.0,0.9802,89.25,1.0
106611,Keane,Everton,DEF,0,0,0,0,288.4,2588,0.0719,0.0375,1.545,10.3033,0.1139,450,0.066,0.058,1.418,8.4,0.0,1.4402,1.4863,1.6017,1.4217,0.2304,0.1202,4.9509,33.0164,0.365,36.8529,2.3,0.49,44.52,302,8,404,11.5006,0.33,0.29,7.09,42,0,24,450,4.8,48,a,0,0,0,0.0,0.0,0.0,0.0,0.0,0.0,0.0,0.0,0.0,0.0,0.0,0.0,0.0,0.0,0.0,0.0,0.0,0.0
512462,O'Brien,Everton,DEF,16,0,1,0,362.9,3119,0.0792,0.0287,1.5921,6.5472,0.0304,393,0.1672,0.0206,1.5298,5.2672,0.0,1.4402,1.4863,1.6017,1.4217,0.3193,0.1156,6.4198,26.3997,0.1227,34.5686,1.6700000000000002,1.0,53.65,232,2,371,8.5731,0.7300000000000001,0.09,6.68,23,0,4,393,0.916,48,a,1,0,1,0.701,0.6103,0.0,-0.0841,-0.021,0.0389,0.0526,0.26,0.7918,-0.2718,0.0358,2.0776,0.675,0.026,0.701,0.6103,49.65,0.5683
224967,Mykolenko,Everton,DEF,450,5,0,0,448.9,3049,0.0108,0.0529,1.4934,6.7528,0.0503,540,0.0067,0.025,1.4217,5.8333,0.0,1.4402,1.4863,1.6017,1.4217,0.0537,0.2641,7.4489,33.6815,0.2508,62.6524,0.32,2.48,49.85,237,2,379,12.5612,0.04,0.15,8.53,35,0,41,540,6.8333,46,d,0,1,1,1.0,0.9802,0.0,-0.12,-0.03,0.076,0.1578,0.089,1.0392,-0.5155,0.1594,2.6767,1.0,0.0,1.0,0.9802,89.25,1.0
243571,Patterson,Everton,DEF,0,0,0,0,22.1,238,0.0081,0.0171,1.4946,12.2636,0.0,1,0.0,0.0,10.8,90.0,0.0,1.4402,1.4863,1.6017,1.4217,0.002,0.0042,0.367,3.0114,0.0,5.6613,0.03,0.04,3.67,31,0,67,23.0551,0.0,0.0,0.12,1,0,-1,1,-90.0,45,u,0,0,0,0.0,0.0,0.0,0.0,0.0,0.0,0.0,0.0,0.0,0.0,0.0,0.0,0.0,0.0,0.0,0.0,0.0,0.0
499300,Aznou,Everton,DEF,0,0,0,0,0.0,0,0.0,0.0,0.0,0.0,0.0,0,0.0,0.0,0.0,0.0,0.0,1.4402,1.4863,1.6017,1.4217,0.0,0.0,0.0,0.0,0.0,0.0,0.0,0.0,0.0,0,0,0,0.0,0.0,0.0,0.0,0,0,0,0,0.0,40,u,0,0,0,0.0,0.0,0.0,0.0,0.0,0.0,0.0,0.0,0.0,0.0,0.0,0.0,0.0,0.0,0.0,0.0,0.0,0.0
215413,Dewsbury-Hall,Everton,MID,450,5,0,0,419.0,2719,0.1997,0.2012,1.4309,7.8778,0.4092,533,0.1705,0.1638,1.3914,7.4296,0.1689,1.4402,1.4863,1.6017,1.4217,0.9296,0.9369,6.6617,36.6757,1.9051,83.9302,4.72,5.68,41.66,237,18,608,18.028,1.01,0.97,8.24,44,1,88,533,14.8593,66,a,0,1,1,1.0,0.964,0.0,-0.12,-0.03,0.4196,0.5861,0.9702,0.2555,0.0,0.2177,4.0453,1.0,0.0,1.0,0.964,88.63,1.0
114283,Grealish,Everton,MID,135,1,0,0,138.0,1705,0.0573,0.2369,1.3421,7.5854,0.2979,78,0.0,0.3462,1.2231,8.0769,0.0,1.4402,1.4863,1.6017,1.4217,0.0878,0.3632,2.0579,11.6309,0.4568,32.6483,2.05,3.67,26.87,142,12,378,21.2924,0.0,0.3,1.06,7,0,22,78,25.3846,65,a,0,1,1,0.8969,0.7896,0.0,-0.1076,-0.0269,0.27,0.5659,0.3104,0.2093,0.0,0.1497,2.9075,0.8125,0.0844,0.8969,0.7896,75.5,0.8493
232928,Garner,Everton,MID,328,4,0,0,477.8,3503,0.0582,0.1642,1.4869,11.4635,0.1854,540,0.045,0.185,1.4217,9.8333,0.0,1.4402,1.4863,1.6017,1.4217,0.3091,0.8719,7.894,60.8584,0.9841,106.9692,2.26,6.22,57.62,467,13,832,20.1491,0.27,1.11,8.53,59,0,114,540,19.0,60,a,0,1,1,1.0,0.9134,0.0,-0.12,-0.03,0.214,0.4453,0.3031,0.2694,0.0,0.5435,2.9952,1.0,0.0,1.0,0.9134,79.4,0.9111
550615,George,Everton,MID,309,4,1,0,59.3,362,0.1518,0.5204,2.1869,9.4254,0.0,91,0.1286,1.0187,1.5824,7.9121,0.0,1.4402,1.4863,1.6017,1.4217,0.1,0.3429,1.4409,6.2103,0.0,17.8023,0.67,1.2,6.87,25,0,59,27.0187,0.13,1.03,1.6,8,0,34,91,33.6264,55,a,1,0,1,1.0,0.7763,0.0,-0.12,-0.03,0.2458,0.8148,0.6058,0.2615,0.0,0.0392,3.5541,1.0,0.0,1.0,0.7763,67.72,0.8028
502697,Alcaraz,Everton,MID,5,0,0,0,33.9,679,0.2708,0.1619,1.8473,13.3856,0.0,12,0.975,0.75,3.975,45.0,0.0,1.4402,1.4863,1.6017,1.4217,0.102,0.061,0.6958,5.0419,0.0,9.1434,1.17,0.54,13.56,70,0,121,24.2745,0.13,0.0999999999999999,0.53,6,0,10,12,75.0,49,a,0,0,0,0.451,0.0032,0.0,-0.0541,-0.0135,0.0003,0.0477,0.1157,0.0013,0.0,0.0005,0.5515,0.0018,0.4492,0.451,0.0032,9.07,0.1007
609873,Armstrong,Everton,MID,446,5,0,0,143.2,614,0.1292,0.2125,1.6727,6.1997,0.0,119,0.0908,0.2874,1.195,3.7815,0.0,1.4402,1.4863,1.6017,1.4217,0.2055,0.3381,2.6615,9.8644,0.0,22.2342,0.91,0.59,12.37,55,0,97,13.974,0.12,0.38,1.5799999999999998,5,0,19,119,14.3697,50,a,0,1,1,1.0,0.9606,0.0,-0.12,-0.03,0.1815,0.5644,0.6777,0.2573,0.0,0.0451,3.4915,1.0,0.0,1.0,0.9606,87.73,0.9911
496661,Dibling,Everton,MID,24,0,1,0,43.3,373,0.3276,0.3037,1.6792,5.072,0.0,24,0.6375,0.6,1.425,0.0,0.0,1.4402,1.4863,1.6017,1.4217,0.1576,0.1461,0.8079,2.4402,0.0,11.6866,0.37,0.3,7.03,40,0,59,24.2909,0.17,0.16,0.38,0,0,10,24,37.5,53,a,1,0,1,0.7594,0.4653,0.0,-0.0911,-0.0228,0.1362,0.3525,0.6192,0.1509,0.0,0.0027,2.3696,0.5625,0.1969,0.7594,0.4653,43.87,0.5125
513466,Röhl,Everton,MID,249,3,0,0,131.8,675,0.0578,0.0464,1.7165,7.1521,0.4828,317,0.0483,0.0397,1.4451,5.6782,0.5678,1.4402,1.4863,1.6017,1.4217,0.0846,0.0679,2.5137,10.4739,0.7071,21.4625,0.67,0.35,13.31,68,2,98,14.6557,0.17,0.14,5.09,20,2,50,317,14.1956,49,d,0,0,0,0.9313,0.8071,0.0,-0.1118,-0.0279,0.4276,0.201,0.3658,0.2348,0.0,0.0484,2.828,0.875,0.0563,0.9313,0.8071,71.64,0.8195
244860,Hackney,Everton,MID,137,1,1,0,0.8,1,0.0,0.0,15.1312,0.0,0.0,1,0.0,0.0,14.4,0.0,0.0,1.4402,1.4863,1.6017,1.4217,0.0,0.0,0.1345,0.0,0.0,2.5227,0.0,0.0,0.16,0,0,3,283.8038,0.0,0.0,0.16,0,0,3,1,270.0,54,a,1,0,1,0.8969,0.7896,0.0,-0.1076,-0.0269,0.4051,0.3811,0.6352,0.2093,0.0,0.0073,3.1826,0.8125,0.0844,0.8969,0.7896,75.5,0.8493
486385,Beto,Everton,FWD,31,0,0,0,197.4,1551,0.48,0.0104,1.2591,4.9632,1.3644,210,0.3,0.0043,1.2514,4.2857,0.8571,1.4402,1.4863,1.6017,1.4217,1.0528,0.0228,2.7616,10.886,2.9925,58.8894,8.9,0.23,24.16,89,15,343,26.8493,0.7,0.01,2.92,10,2,40,210,17.1429,54,u,0,0,0,0.0,0.0,0.0,0.0,0.0,0.0,0.0,0.0,0.0,0.0,0.0,0.0,0.0,0.0,0.0,0.0,0.0,0.0
586309,Barry,Everton,FWD,417,5,0,0,282.5,1988,0.4971,0.0195,1.669,4.5132,0.4546,326,0.7067,0.0166,1.5515,5.7975,0.5521,1.4402,1.4863,1.6017,1.4217,1.5603,0.0613,5.2387,14.1663,1.4269,64.9307,8.69,0.45,34.93,79,9,323,20.6859,2.5600000000000005,0.06,5.619999999999999,21,2,94,326,25.9509,57,a,0,1,1,1.0,0.9254,0.0,-0.12,-0.03,0.4764,0.1085,1.761,0.0,0.0,0.0057,4.1212,1.0,0.0,1.0,0.9254,81.06,0.9267
154043,Maitland-Niles,Everton,DEF,177,2,0,0,75.7,90,0.0,0.11,1.2796,7.998,1.9995,90,0.0,0.11,1.28,8.0,2.0,1.4402,1.4863,1.6017,1.4217,0.0,0.0925,1.0763,6.7272,1.6818,32.795,0.0,0.11,1.28,8,2,39,38.9901,0.0,0.11,1.28,8,2,39,90,39.0,45,a,0,1,1,1.0,0.9766,0.0,-0.12,-0.03,0.6476,0.1837,0.2347,1.0561,-0.5039,0.2754,3.4449,1.0,0.0,1.0,0.9766,87.64,0.9833
629068,Graham,Everton,MID,0,0,0,0,0.0,0,0.0,0.0,0.0,0.0,0.0,0,0.0,0.0,0.0,0.0,0.0,1.4402,1.4863,1.6017,1.4217,0.0,0.0,0.0,0.0,0.0,0.0,0.0,0.0,0.0,0,0,0,0.0,0.0,0.0,0.0,0,0,0,0,0.0,45,a,0,0,0,0.0,0.0,0.0,0.0,0.0,0.0,0.0,0.0,0.0,0.0,0.0,0.0,0.0,0.0,0.0,0.0,0.0,0.0
80201,Leno,Fulham,GK,450,5,0,0,478.2,3510,0.0,0.0013,1.3979,0.0,0.2507,540,0.0,0.0033,1.3817,0.0,0.1667,1.4154,1.3979,1.3317,1.3817,0.0,0.0071,7.4276,0.0,1.3322,91.5192,0.0,0.02,54.33,0,8,574,17.2244,0.0,0.02,8.29,0,1,119,540,19.8333,45,a,0,1,1,1.0,0.995,1.0,-0.12,-0.03,0.2461,0.0035,0.0,1.1328,-0.4741,0.0,3.7533,1.0,0.0,1.0,0.995,89.81,1.0
86873,Lecomte,Fulham,GK,0,0,0,0,0.0,0,0.0,0.0,0.0,0.0,0.0,0,0.0,0.0,0.0,0.0,0.0,1.4154,1.3979,1.3317,1.3817,0.0,0.0,0.0,0.0,0.0,0.0,0.0,0.0,0.0,0,0,0,0.0,0.0,0.0,0.0,0,0,0,0,0.0,40,a,0,0,0,0.0,0.0,0.0,0.0,0.0,0.0,0.0,0.0,0.0,0.0,0.0,0.0,0.0,0.0,0.0,0.0,0.0,0.0
505079,McNally,Fulham,GK,0,0,0,0,0.0,0,0.0,0.0,0.0,0.0,0.0,0,0.0,0.0,0.0,0.0,0.0,1.4154,1.3979,1.3317,1.3817,0.0,0.0,0.0,0.0,0.0,0.0,0.0,0.0,0.0,0,0,0,0.0,0.0,0.0,0.0,0,0,0,0,0.0,40,u,0,0,0,0.0,0.0,0.0,0.0,0.0,0.0,0.0,0.0,0.0,0.0,0.0,0.0,0.0,0.0,0.0,0.0,0.0,0.0
174874,Andersen,Fulham,DEF,190,2,1,0,297.1,2892,0.0404,0.0403,1.545,10.7505,0.3164,241,0.0187,0.0112,1.729,12.3237,1.1203,1.4154,1.3979,1.3317,1.3817,0.1335,0.1329,5.1002,35.4886,1.0446,40.5617,1.43,1.83,45.24,334,8,424,12.2873,0.05,0.03,4.63,33,3,31,241,11.5768,50,a,1,0,1,1.0,0.9614,0.0,-0.12,-0.03,0.3146,0.1172,0.2348,1.1661,-0.4381,0.5798,3.2059,1.0,0.0,1.0,0.9614,83.73,0.9444
169528,Robinson,Fulham,DEF,429,5,0,0,325.5,1577,0.0864,0.0779,1.4776,8.1045,0.3744,459,0.1667,0.0647,1.5039,7.6471,0.5882,1.4154,1.3979,1.3317,1.3817,0.3124,0.2817,5.344,29.3114,1.354,66.5197,1.07,1.67,25.72,143,7,299,18.3925,0.8500000000000001,0.33,7.67,39,3,104,459,20.3922,45,d,0,1,1,1.0,0.9647,0.0,-0.12,-0.03,0.3609,0.2083,0.4564,1.1582,-0.4439,0.2515,3.5546,1.0,0.0,1.0,0.9647,84.61,0.9533
246301,J.Cuenca,Fulham,DEF,90,1,0,0,74.6,935,0.0064,0.0694,1.5327,12.3966,0.0823,4,0.0,0.0,2.475,67.5,0.0,1.4154,1.3979,1.3317,1.3817,0.0053,0.0575,1.2704,10.2754,0.0682,11.6492,0.05,0.53,14.7,117,1,155,14.054,0.0,0.0,0.11,3,0,0,4,0.0,45,a,0,0,0,0.8275,0.7946,0.0,-0.0993,-0.0248,0.115,0.1569,0.0895,0.9046,-0.3859,0.6687,2.3781,0.8125,0.015,0.8275,0.7946,72.74,0.8158
167074,Tete,Fulham,DEF,27,0,0,0,124.5,1791,0.0705,0.0856,1.2502,8.151,0.1994,0,0.0,0.0,0.0,0.0,0.0,1.4154,1.3979,1.3317,1.3817,0.0975,0.1184,1.7294,11.2755,0.2759,21.5027,0.92,1.46,25.79,165,5,318,15.5441,0.0,0.0,0.0,0,0,0,0,0.0,44,a,0,0,0,0.0887,0.0056,0.0,-0.0106,-0.0027,0.0021,0.0053,0.009,0.0094,-0.0051,0.0003,0.1017,0.0095,0.0792,0.0887,0.0056,2.04,0.0224
232892,Bassey,Fulham,DEF,450,5,0,0,402.9,2622,0.054,0.0127,1.3672,6.8276,0.3578,540,0.01,0.015,1.3817,6.1667,0.1667,1.4154,1.3979,1.3317,1.3817,0.2416,0.0567,6.1207,30.5651,1.6016,82.9488,1.77,0.36,39.61,213,10,418,18.5291,0.06,0.09,8.29,37,1,122,540,20.3333,45,a,0,1,1,1.0,0.9779,0.0,-0.12,-0.03,0.351,0.0513,0.3212,1.1133,-0.4741,0.1677,3.1905,1.0,0.0,1.0,0.9779,89.16,1.0
166477,Castagne,Fulham,DEF,408,5,0,0,357.7,1928,0.0491,0.0834,1.4706,7.0185,0.2569,532,0.0491,0.115,1.3957,6.0902,0.3383,1.4154,1.3979,1.3317,1.3817,0.1951,0.3316,5.8448,27.8947,1.0211,60.5095,1.5,1.48,34.26,155,3,297,15.2246,0.29,0.68,8.25,36,2,104,532,17.594,45,a,0,1,1,1.0,0.9445,0.0,-0.12,-0.03,0.2635,0.2129,0.2679,1.1964,-0.4139,0.1186,3.3213,1.0,0.0,1.0,0.9445,79.96,0.9067
153133,Iwobi,Fulham,MID,408,5,0,0,314.2,2490,0.1361,0.2555,1.2174,7.8187,0.8491,226,0.2748,0.2748,0.8522,7.9646,0.7965,1.4154,1.3979,1.3317,1.3817,0.4753,0.892,4.2502,27.2959,2.9644,77.4279,2.1,5.11,36.82,195,15,535,22.1786,0.69,0.69,2.14,20,2,57,226,22.6991,54,a,0,1,1,1.0,0.899,0.0,-0.12,-0.03,0.8061,0.6596,0.6248,0.2847,0.0,0.1265,4.1241,1.0,0.0,1.0,0.899,78.61,0.9067
209289,Smith Rowe,Fulham,MID,38,0,0,0,261.8,1909,0.1597,0.0404,1.3676,7.011,0.0197,346,0.0754,0.0156,1.298,7.2832,0.0,1.4154,1.3979,1.3317,1.3817,0.4645,0.1175,3.9781,20.3943,0.0573,41.9157,4.71,1.12,31.27,148,1,351,14.4095,0.29,0.06,4.99,28,0,55,346,14.3064,53,a,0,0,0,0.4573,0.0096,0.0,-0.0549,-0.0137,0.0013,0.0181,0.0833,0.004,0.0,0.0001,0.505,0.0133,0.444,0.4573,0.0096,9.52,0.1053
560552,Kevin,Fulham,MID,61,0,1,0,122.3,1049,0.1095,0.085,1.3467,7.702,0.0,151,0.0775,0.0417,1.2219,7.7483,0.0,1.4154,1.3979,1.3317,1.3817,0.1488,0.1155,1.83,10.4662,0.0,24.5367,1.25,1.4700000000000002,15.06,88,0,189,18.0564,0.13,0.07,2.05,13,0,31,151,18.4768,53,a,1,0,1,0.7594,0.4537,0.0,-0.0911,-0.0228,0.0704,0.1557,0.3066,0.1565,0.0,0.0284,1.7883,0.5625,0.1969,0.7594,0.4537,43.6,0.5125
477555,Bobb,Fulham,MID,343,5,0,0,209.1,1100,0.1925,0.1598,1.2145,7.1074,0.0,287,0.1662,0.1976,1.0756,6.2718,0.0,1.4154,1.3979,1.3317,1.3817,0.4473,0.3713,2.8218,16.5128,0.0,31.2386,1.6900000000000002,2.19,13.83,82,0,188,13.4456,0.53,0.63,3.43,20,0,43,287,13.4843,55,a,0,1,1,1.0,0.6634,0.0,-0.12,-0.03,0.1207,0.36,0.6945,0.2488,0.0,0.0177,2.9374,1.0,0.0,1.0,0.6634,63.01,0.7622
207189,Berge,Fulham,MID,349,4,0,0,356.1,2980,0.056,0.047,1.2255,7.4414,0.067,301,0.0807,0.0598,0.8252,5.6811,0.0,1.4154,1.3979,1.3317,1.3817,0.2214,0.186,4.8488,29.4431,0.2652,62.9803,1.59,1.52,44.27,282,3,519,15.9175,0.27,0.2,2.76,19,0,43,301,12.8571,49,a,0,1,1,1.0,0.9452,0.0,-0.12,-0.03,0.1125,0.1682,0.3193,0.2785,0.0,0.1519,2.6737,1.0,0.0,1.0,0.9452,85.32,0.9694
76357,Cairney,Fulham,MID,0,0,0,0,106.8,756,0.1348,0.1391,1.1281,7.781,0.0626,131,0.1786,0.1374,0.6389,8.9313,0.0,1.4154,1.3979,1.3317,1.3817,0.16,0.1651,1.3387,9.2334,0.0743,30.4656,1.21,0.8099999999999999,11.67,61,1,181,25.6733,0.26,0.2,0.93,13,0,47,131,32.2901,49,i,0,0,0,0.0,0.0,0.0,0.0,0.0,0.0,0.0,0.0,0.0,0.0,0.0,0.0,0.0,0.0,0.0,0.0,0.0,0.0
577725,King,Fulham,MID,425,5,0,0,187.1,1369,0.2997,0.0479,1.4111,7.2645,0.3034,174,0.2741,0.0828,1.5879,8.2759,0.0,1.4154,1.3979,1.3317,1.3817,0.6231,0.0995,2.9336,15.1021,0.6307,37.3857,2.85,0.69,20.22,112,3,235,17.9835,0.53,0.16,3.0700000000000003,16,0,39,174,20.1724,56,a,0,1,1,1.0,0.9299,0.0,-0.12,-0.03,0.3434,0.1946,1.2713,0.282,0.0,0.0957,3.8712,1.0,0.0,1.0,0.9299,82.69,0.9444
184349,Sessegnon,Fulham,DEF,50,0,0,0,153.0,1816,0.1105,0.08,1.2165,11.2422,0.5722,80,0.2925,0.0113,0.6975,12.375,3.375,1.4154,1.3979,1.3317,1.3817,0.1878,0.136,2.068,19.1117,0.9727,30.7534,1.6,1.8,26.33,218,8,332,18.0902,0.26,0.01,0.62,11,3,36,80,40.5,43,a,0,0,0,0.0961,0.0103,0.0,-0.0115,-0.0029,0.0092,0.0061,0.0164,0.0173,-0.007,0.002,0.1342,0.0175,0.0786,0.0961,0.0103,2.46,0.0272
153366,Reed,Fulham,MID,0,0,0,0,21.7,89,0.0921,0.2895,3.8273,5.6654,0.6723,63,0.0,0.1286,4.1714,5.7143,0.0,1.4154,1.3979,1.3317,1.3817,0.0222,0.0698,0.9228,1.366,0.1621,5.9535,0.13,0.4499999999999999,3.43,6,2,48,24.6919,0.0,0.09,2.92,4,0,7,63,10.0,44,a,0,0,0,0.0,0.0,0.0,0.0,0.0,0.0,0.0,0.0,0.0,0.0,0.0,0.0,0.0,0.0,0.0,0.0,0.0,0.0
244042,Muniz,Fulham,FWD,38,0,1,0,182.0,997,0.3145,0.0165,1.1515,4.3793,0.0232,278,0.3658,0.0097,0.8903,3.2374,0.0,1.4154,1.3979,1.3317,1.3817,0.636,0.0333,2.3285,8.856,0.0469,11.4012,3.3,0.15,14.19,53,3,93,5.638,1.13,0.03,2.75,10,0,15,278,4.8561,54,a,1,0,1,0.7594,0.4537,0.0,-0.0911,-0.0228,0.0974,0.0787,0.6636,0.0,0.0,0.0007,1.9389,0.5625,0.1969,0.7594,0.4537,43.6,0.5125
631786,Kusi-Asare,Fulham,FWD,0,0,0,0,7.6,49,0.0,0.0497,2.0226,12.3608,0.0,19,0.0,0.0,1.6579,14.2105,0.0,1.4154,1.3979,1.3317,1.3817,0.0,0.0042,0.1708,1.0438,0.0,3.1623,0.0,0.07,1.1,5,0,19,37.4483,0.0,0.0,0.35,3,0,8,19,37.8947,45,a,0,0,0,0.0,0.0,0.0,0.0,0.0,0.0,0.0,0.0,0.0,0.0,0.0,0.0,0.0,0.0,0.0,0.0,0.0,0.0
551466,Gonzalo,Fulham,FWD,425,5,0,0,66.4,79,0.7864,0.3761,1.4247,2.2795,0.0,79,0.7861,0.3759,1.4241,2.2785,0.0,1.4154,1.3979,1.3317,1.3817,0.5802,0.2775,1.0511,1.6818,0.0,2.5227,0.69,0.33,1.25,2,0,3,3.4193,0.69,0.33,1.25,2,0,3,79,3.4177,61,a,0,1,1,1.0,0.9299,0.0,-0.12,-0.03,0.4895,0.543,1.6258,0.0,0.0,0.0,4.4382,1.0,0.0,1.0,0.9299,82.69,0.9444
571779,Palacios,Fulham,MID,226,3,1,0,16.0,19,0.0,0.0,2.3175,18.9202,0.0,19,0.0,0.0,2.3211,18.9474,0.0,1.4154,1.3979,1.3317,1.3817,0.0,0.0,0.412,3.3636,0.0,4.2045,0.0,0.0,0.49,4,0,5,23.6503,0.0,0.0,0.49,4,0,5,19,23.6842,54,a,1,0,1,1.0,0.6651,0.0,-0.12,-0.03,0.4743,0.3257,0.5428,0.2492,0.0,0.0029,3.107,1.0,0.0,1.0,0.6651,63.08,0.763
463210,Charles,Fulham,MID,303,3,0,0,75.7,90,0.0,0.02,1.5996,12.9967,0.0,90,0.0,0.02,1.6,13.0,0.0,1.4154,1.3979,1.3317,1.3817,0.0,0.0168,1.3454,10.9317,0.0,13.4543,0.0,0.02,1.6,13,0,16,15.9959,0.0,0.02,1.6,13,0,16,90,16.0,50,a,0,1,1,1.0,0.9679,0.0,-0.12,-0.03,0.3977,0.3702,0.5966,0.2755,0.0,0.0805,3.4579,1.0,0.0,1.0,0.9679,90.72,1.0
547686,De Fougerolles,Fulham,DEF,0,0,0,0,0.0,0,0.0,0.0,0.0,0.0,0.0,0,0.0,0.0,0.0,0.0,0.0,1.4154,1.3979,1.3317,1.3817,0.0,0.0,0.0,0.0,0.0,0.0,0.0,0.0,0.0,0,0,0,0.0,0.0,0.0,0.0,0,0,0,0,0.0,40,u,0,0,0,0.0,0.0,0.0,0.0,0.0,0.0,0.0,0.0,0.0,0.0,0.0,0.0,0.0,0.0,0.0,0.0,0.0,0.0
616069,Zepa,Fulham,MID,0,0,0,0,0.0,0,0.0,0.0,0.0,0.0,0.0,0,0.0,0.0,0.0,0.0,0.0,1.4154,1.3979,1.3317,1.3817,0.0,0.0,0.0,0.0,0.0,0.0,0.0,0.0,0.0,0,0,0,0.0,0.0,0.0,0.0,0,0,0,0,0.0,44,a,0,0,0,0.0,0.0,0.0,0.0,0.0,0.0,0.0,0.0,0.0,0.0,0.0,0.0,0.0,0.0,0.0,0.0,0.0,0.0
551050,Larsson,Fulham,MID,37,0,1,0,10.9,13,0.0,0.0,2.9163,27.7728,0.0,13,0.0,0.0,2.9077,27.6923,0.0,1.4154,1.3979,1.3317,1.3817,0.0,0.0,0.3532,3.3636,0.0,2.5227,0.0,0.0,0.42,4,0,3,20.8296,0.0,0.0,0.42,4,0,3,13,20.7692,50,a,1,0,1,0.7594,0.4537,0.0,-0.0911,-0.0228,0.2712,0.2224,0.3706,0.1565,0.0,0.004,2.1198,0.5625,0.1969,0.7594,0.4537,43.6,0.5125
500033,Ángel,Fulham,MID,0,0,0,0,0.0,0,0.0,0.0,0.0,0.0,0.0,0,0.0,0.0,0.0,0.0,0.0,1.4154,1.3979,1.3317,1.3817,0.0,0.0,0.0,0.0,0.0,0.0,0.0,0.0,0.0,0,0,0,0.0,0.0,0.0,0.0,0,0,0,0,0.0,50,a,0,0,0,0.0,0.0,0.0,0.0,0.0,0.0,0.0,0.0,0.0,0.0,0.0,0.0,0.0,0.0,0.0,0.0,0.0,0.0
442299,Affengruber,Fulham,DEF,180,2,0,0,75.7,90,0.0,0.02,1.5996,10.9972,0.0,90,0.0,0.02,1.6,11.0,0.0,1.4154,1.3979,1.3317,1.3817,0.0,0.0168,1.3454,9.2499,0.0,14.2952,0.0,0.02,1.6,11,0,17,16.9956,0.0,0.02,1.6,11,0,17,90,17.0,45,a,0,1,1,1.0,0.9779,0.0,-0.12,-0.03,0.2386,0.1316,0.2386,1.1133,-0.4741,0.3833,3.0759,1.0,0.0,1.0,0.9779,89.16,1.0
490094,Iroegbunam,Hull City,MID,70,0,1,0,239.1,1522,0.0635,0.0321,1.3576,11.5361,0.0333,405,0.0556,0.0244,1.3667,10.6667,0.0,1.5896,1.4396,1.59,1.44,0.1686,0.0852,3.6066,30.6477,0.0884,30.4324,0.66,0.72,24.89,196,1,231,11.4551,0.25,0.11,6.15,48,0,36,405,8.0,50,a,1,0,1,0.7594,0.4595,0.0,-0.0911,-0.0228,0.0678,0.0832,0.2042,0.1539,0.0,0.1678,1.6141,0.5625,0.1969,0.7594,0.4595,43.73,0.5125
167825,Phillips,Hull City,GK,0,0,0,0,0.0,0,0.0,0.0,0.0,0.0,0.0,0,0.0,0.0,0.0,0.0,0.0,1.5896,1.4396,1.59,1.44,0.0,0.0,0.0,0.0,0.0,0.0,0.0,0.0,0.0,0,0,0,0.0,0.0,0.0,0.0,0,0,0,0,0.0,40,a,0,0,0,0.0,0.0,0.0,0.0,0.0,0.0,0.0,0.0,0.0,0.0,0.0,0.0,0.0,0.0,0.0,0.0,0.0,0.0
105666,Butland,Hull City,GK,0,0,0,0,0.0,0,0.0,0.0,0.0,0.0,0.0,0,0.0,0.0,0.0,0.0,0.0,1.5896,1.4396,1.59,1.44,0.0,0.0,0.0,0.0,0.0,0.0,0.0,0.0,0.0,0,0,0,0.0,0.0,0.0,0.0,0,0,0,0,0.0,44,i,0,0,0,0.0,0.0,0.0,0.0,0.0,0.0,0.0,0.0,0.0,0.0,0.0,0.0,0.0,0.0,0.0,0.0,0.0,0.0
494950,Cartwright,Hull City,GK,0,0,0,0,0.0,0,0.0,0.0,0.0,0.0,0.0,0,0.0,0.0,0.0,0.0,0.0,1.5896,1.4396,1.59,1.44,0.0,0.0,0.0,0.0,0.0,0.0,0.0,0.0,0.0,0,0,0,0.0,0.0,0.0,0.0,0,0,0,0,0.0,40,u,0,0,0,0.0,0.0,0.0,0.0,0.0,0.0,0.0,0.0,0.0,0.0,0.0,0.0,0.0,0.0,0.0,0.0,0.0,0.0
444307,Lo-Tutala,Hull City,GK,0,0,0,0,0.0,0,0.0,0.0,0.0,0.0,0.0,0,0.0,0.0,0.0,0.0,0.0,1.5896,1.4396,1.59,1.44,0.0,0.0,0.0,0.0,0.0,0.0,0.0,0.0,0.0,0,0,0,0.0,0.0,0.0,0.0,0,0,0,0,0.0,40,u,0,0,0,0.0,0.0,0.0,0.0,0.0,0.0,0.0,0.0,0.0,0.0,0.0,0.0,0.0,0.0,0.0,0.0,0.0,0.0
108416,Egan,Hull City,DEF,437,5,0,0,64.7,77,0.0117,0.0,1.5324,4.6789,0.0,77,0.0117,0.0,1.5312,4.6753,0.0,1.5896,1.4396,1.59,1.44,0.0084,0.0,1.1016,3.3636,0.0,1.6818,0.01,0.0,1.31,4,0,2,2.3394,0.01,0.0,1.31,4,0,2,77,2.3377,41,a,0,1,1,1.0,0.9719,0.0,-0.12,-0.03,0.2459,0.1194,0.2511,1.1064,-0.4742,0.1907,3.0705,1.0,0.0,1.0,0.9719,86.41,0.9711
501902,Hughes,Hull City,DEF,0,0,0,0,0.0,0,0.0,0.0,0.0,0.0,0.0,0,0.0,0.0,0.0,0.0,0.0,1.5896,1.4396,1.59,1.44,0.0,0.0,0.0,0.0,0.0,0.0,0.0,0.0,0.0,0,0,0,0.0,0.0,0.0,0.0,0,0,0,0,0.0,39,i,0,0,0,0.0,0.0,0.0,0.0,0.0,0.0,0.0,0.0,0.0,0.0,0.0,0.0,0.0,0.0,0.0,0.0,0.0,0.0
146426,Ajayi,Hull City,DEF,423,5,0,0,75.7,90,0.01,0.01,1.4396,3.999,0.0,90,0.01,0.01,1.44,4.0,0.0,1.5896,1.4396,1.59,1.44,0.0084,0.0084,1.2109,3.3636,0.0,4.2045,0.01,0.01,1.44,4,0,5,4.9987,0.01,0.01,1.44,4,0,5,90,5.0,42,a,0,1,1,1.0,0.9618,0.0,-0.12,-0.03,0.2386,0.1179,0.2359,1.1355,-0.4534,0.1436,3.0863,1.0,0.0,1.0,0.9618,83.36,0.94
193278,Coyle,Hull City,DEF,348,5,0,0,75.7,90,0.0,0.0399,1.4396,1.9995,0.0,90,0.0,0.04,1.44,2.0,0.0,1.5896,1.4396,1.59,1.44,0.0,0.0336,1.2109,1.6818,0.0,2.5227,0.0,0.04,1.44,2,0,3,2.9992,0.0,0.04,1.44,2,0,3,90,3.0,40,a,0,1,1,1.0,0.8377,0.0,-0.12,-0.03,0.2386,0.1112,0.1845,1.2068,-0.3443,0.0349,3.0846,1.0,0.0,1.0,0.8377,66.74,0.7733
433590,Drameh,Hull City,DEF,65,0,0,0,0.0,0,0.0,0.0,0.0,0.0,0.0,0,0.0,0.0,0.0,0.0,0.0,1.5896,1.4396,1.59,1.44,0.0,0.0,0.0,0.0,0.0,0.0,0.0,0.0,0.0,0,0,0,0.0,0.0,0.0,0.0,0,0,0,0,0.0,40,u,0,0,0,0.0,0.0,0.0,0.0,0.0,0.0,0.0,0.0,0.0,0.0,0.0,0.0,0.0,0.0,0.0,0.0,0.0,0.0
232351,Giles,Hull City,DEF,444,5,0,0,75.7,90,0.0,0.08,1.4396,4.9987,0.0,90,0.0,0.08,1.44,5.0,0.0,1.5896,1.4396,1.59,1.44,0.0,0.0673,1.2109,4.2045,0.0,-0.8409,0.0,0.08,1.44,5,0,-1,-0.9997,0.0,0.08,1.44,5,0,-1,90,-1.0,40,a,0,1,1,1.0,0.976,0.0,-0.12,-0.03,0.2386,0.1662,0.2355,1.0911,-0.4846,0.2029,3.0727,1.0,0.0,1.0,0.976,87.92,0.9867
449428,Jacob,Hull City,DEF,0,0,0,0,0.0,0,0.0,0.0,0.0,0.0,0.0,0,0.0,0.0,0.0,0.0,0.0,1.5896,1.4396,1.59,1.44,0.0,0.0,0.0,0.0,0.0,0.0,0.0,0.0,0.0,0,0,0,0.0,0.0,0.0,0.0,0,0,0,0,0.0,40,u,0,0,0,0.0,0.0,0.0,0.0,0.0,0.0,0.0,0.0,0.0,0.0,0.0,0.0,0.0,0.0,0.0,0.0,0.0,0.0
661800,McCarthy,Hull City,DEF,0,0,0,0,0.0,0,0.0,0.0,0.0,0.0,0.0,0,0.0,0.0,0.0,0.0,0.0,1.5896,1.4396,1.59,1.44,0.0,0.0,0.0,0.0,0.0,0.0,0.0,0.0,0.0,0,0,0,0.0,0.0,0.0,0.0,0,0,0,0,0.0,40,a,0,0,0,0.0,0.0,0.0,0.0,0.0,0.0,0.0,0.0,0.0,0.0,0.0,0.0,0.0,0.0,0.0,0.0,0.0,0.0
160817,McNair,Hull City,DEF,26,0,0,0,0.0,0,0.0,0.0,0.0,0.0,0.0,0,0.0,0.0,0.0,0.0,0.0,1.5896,1.4396,1.59,1.44,0.0,0.0,0.0,0.0,0.0,0.0,0.0,0.0,0.0,0,0,0,0.0,0.0,0.0,0.0,0,0,0,0,0.0,40,a,0,0,0,0.0884,0.0055,0.0,-0.0106,-0.0027,0.0025,0.0031,0.0062,0.009,-0.0053,0.0002,0.0962,0.0091,0.0793,0.0884,0.0055,2.02,0.0222
540324,Belloumi,Hull City,MID,394,5,0,0,69.0,82,0.3839,0.34,1.4369,12.0651,0.0,82,0.3841,0.3402,1.4378,12.0732,0.0,1.5896,1.4396,1.59,1.44,0.2943,0.2607,1.1016,9.2499,0.0,18.4997,0.35,0.31,1.31,11,0,22,24.13,0.35,0.31,1.31,11,0,22,82,24.1463,51,a,0,1,1,1.0,0.8723,0.0,-0.12,-0.03,0.4051,0.4887,0.851,0.2778,0.0,0.0232,3.745,1.0,0.0,1.0,0.8723,75.38,0.8756
232905,Millar,Hull City,MID,50,0,0,0,0.0,0,0.0,0.0,0.0,0.0,0.0,0,0.0,0.0,0.0,0.0,0.0,1.5896,1.4396,1.59,1.44,0.0,0.0,0.0,0.0,0.0,0.0,0.0,0.0,0.0,0,0,0,0.0,0.0,0.0,0.0,0,0,0,0,0.0,50,u,0,0,0,0.0,0.0,0.0,0.0,0.0,0.0,0.0,0.0,0.0,0.0,0.0,0.0,0.0,0.0,0.0,0.0,0.0,0.0
171270,Dowell,Hull City,MID,0,0,0,0,0.0,0,0.0,0.0,0.0,0.0,0.0,0,0.0,0.0,0.0,0.0,0.0,1.5896,1.4396,1.59,1.44,0.0,0.0,0.0,0.0,0.0,0.0,0.0,0.0,0.0,0,0,0,0.0,0.0,0.0,0.0,0,0,0,0,0.0,44,a,0,0,0,0.0,0.0,0.0,0.0,0.0,0.0,0.0,0.0,0.0,0.0,0.0,0.0,0.0,0.0,0.0,0.0,0.0,0.0
101282,Crooks,Hull City,MID,203,3,0,0,37.8,45,0.0,0.2402,2.3826,4.0043,0.0,45,0.0,0.24,2.38,4.0,0.0,1.5896,1.4396,1.59,1.44,0.0,0.1009,1.0007,1.6818,0.0,5.0454,0.0,0.12,1.19,2,0,6,12.0129,0.0,0.12,1.19,2,0,6,45,12.0,44,a,0,1,1,1.0,0.6581,0.0,-0.12,-0.03,0.443,0.3615,0.4997,0.2433,0.0,0.0007,3.0556,1.0,0.0,1.0,0.6581,62.31,0.7519
243413,Slater,Hull City,MID,437,5,0,0,64.7,77,0.152,0.0351,1.5324,3.5092,0.0,77,0.1519,0.0351,1.5312,3.5065,0.0,1.5896,1.4396,1.59,1.44,0.1093,0.0252,1.1016,2.5227,0.0,7.5681,0.13,0.03,1.31,3,0,9,10.5275,0.13,0.03,1.31,3,0,9,77,10.5195,45,a,0,1,1,1.0,0.949,0.0,-0.12,-0.03,0.4098,0.3766,0.7301,0.2701,0.0,0.0055,3.5856,1.0,0.0,1.0,0.949,85.59,0.9711
465525,Matazo,Hull City,MID,0,0,0,0,0.0,0,0.0,0.0,0.0,0.0,0.0,0,0.0,0.0,0.0,0.0,0.0,1.5896,1.4396,1.59,1.44,0.0,0.0,0.0,0.0,0.0,0.0,0.0,0.0,0.0,0,0,0,0.0,0.0,0.0,0.0,0,0,0,0,0.0,45,i,0,0,0,0.0,0.0,0.0,0.0,0.0,0.0,0.0,0.0,0.0,0.0,0.0,0.0,0.0,0.0,0.0,0.0,0.0,0.0
208481,Ömür,Hull City,MID,0,0,0,0,0.0,0,0.0,0.0,0.0,0.0,0.0,0,0.0,0.0,0.0,0.0,0.0,1.5896,1.4396,1.59,1.44,0.0,0.0,0.0,0.0,0.0,0.0,0.0,0.0,0.0,0,0,0,0.0,0.0,0.0,0.0,0,0,0,0,0.0,49,a,0,0,0,0.0,0.0,0.0,0.0,0.0,0.0,0.0,0.0,0.0,0.0,0.0,0.0,0.0,0.0,0.0,0.0,0.0,0.0
490161,Kamara,Hull City,MID,0,0,0,0,0.0,0,0.0,0.0,0.0,0.0,0.0,0,0.0,0.0,0.0,0.0,0.0,1.5896,1.4396,1.59,1.44,0.0,0.0,0.0,0.0,0.0,0.0,0.0,0.0,0.0,0,0,0,0.0,0.0,0.0,0.0,0,0,0,0,0.0,50,u,0,0,0,0.0,0.0,0.0,0.0,0.0,0.0,0.0,0.0,0.0,0.0,0.0,0.0,0.0,0.0,0.0,0.0,0.0,0.0
553783,Zambrano,Hull City,MID,0,0,0,0,0.0,0,0.0,0.0,0.0,0.0,0.0,0,0.0,0.0,0.0,0.0,0.0,1.5896,1.4396,1.59,1.44,0.0,0.0,0.0,0.0,0.0,0.0,0.0,0.0,0.0,0,0,0,0.0,0.0,0.0,0.0,0,0,0,0,0.0,45,a,0,0,0,0.0,0.0,0.0,0.0,0.0,0.0,0.0,0.0,0.0,0.0,0.0,0.0,0.0,0.0,0.0,0.0,0.0,0.0
169432,McBurnie,Hull City,FWD,441,5,0,0,75.7,90,0.3599,0.02,1.4396,5.9985,0.0,90,0.36,0.02,1.44,6.0,0.0,1.5896,1.4396,1.59,1.44,0.3027,0.0168,1.2109,5.0454,0.0,4.2045,0.36,0.02,1.44,6,0,5,4.9987,0.36,0.02,1.44,6,0,5,90,5.0,55,a,0,1,1,1.0,0.9533,0.0,-0.12,-0.03,0.4773,0.3628,1.3799,0.0,0.0,0.0006,4.0233,1.0,0.0,1.0,0.9533,86.51,0.98
213292,Akintola,Hull City,MID,0,0,0,0,0.0,0,0.0,0.0,0.0,0.0,0.0,0,0.0,0.0,0.0,0.0,0.0,1.5896,1.4396,1.59,1.44,0.0,0.0,0.0,0.0,0.0,0.0,0.0,0.0,0.0,0,0,0,0.0,0.0,0.0,0.0,0,0,0,0,0.0,50,u,0,0,0,0.0,0.0,0.0,0.0,0.0,0.0,0.0,0.0,0.0,0.0,0.0,0.0,0.0,0.0,0.0,0.0,0.0,0.0
470294,Gyabi,Hull City,MID,0,0,0,0,0.0,0,0.0,0.0,0.0,0.0,0.0,0,0.0,0.0,0.0,0.0,0.0,1.5896,1.4396,1.59,1.44,0.0,0.0,0.0,0.0,0.0,0.0,0.0,0.0,0.0,0,0,0,0.0,0.0,0.0,0.0,0,0,0,0,0.0,44,i,0,0,0,0.0,0.0,0.0,0.0,0.0,0.0,0.0,0.0,0.0,0.0,0.0,0.0,0.0,0.0,0.0,0.0,0.0,0.0
500957,Destan,Hull City,FWD,0,0,0,0,0.0,0,0.0,0.0,0.0,0.0,0.0,0,0.0,0.0,0.0,0.0,0.0,1.5896,1.4396,1.59,1.44,0.0,0.0,0.0,0.0,0.0,0.0,0.0,0.0,0.0,0,0,0,0.0,0.0,0.0,0.0,0,0,0,0,0.0,45,u,0,0,0,0.0,0.0,0.0,0.0,0.0,0.0,0.0,0.0,0.0,0.0,0.0,0.0,0.0,0.0,0.0,0.0,0.0,0.0
534392,Burstow,Hull City,FWD,0,0,0,0,0.0,0,0.0,0.0,0.0,0.0,0.0,0,0.0,0.0,0.0,0.0,0.0,1.5896,1.4396,1.59,1.44,0.0,0.0,0.0,0.0,0.0,0.0,0.0,0.0,0.0,0,0,0,0.0,0.0,0.0,0.0,0,0,0,0,0.0,45,u,0,0,0,0.0,0.0,0.0,0.0,0.0,0.0,0.0,0.0,0.0,0.0,0.0,0.0,0.0,0.0,0.0,0.0,0.0,0.0
462635,Gelhardt,Hull City,MID,7,0,1,0,5.9,7,1.2829,0.2563,1.6673,12.8273,0.0,7,1.2857,0.2571,1.6714,12.8571,0.0,1.5896,1.4396,1.59,1.44,0.0841,0.0168,0.1093,0.8409,0.0,4.2045,0.1,0.02,0.13,1,0,5,64.1364,0.1,0.02,0.13,1,0,5,7,64.2857,50,a,1,0,1,0.7594,0.4595,0.0,-0.0911,-0.0228,0.2757,0.2338,0.4413,0.1539,0.0,0.0015,2.2098,0.5625,0.1969,0.7594,0.4595,43.73,0.5125
169359,Targett,Hull City,DEF,5,0,0,0,0.0,0,0.0,0.0,0.0,0.0,0.0,0,0.0,0.0,0.0,0.0,0.0,1.5896,1.4396,1.59,1.44,0.0,0.0,0.0,0.0,0.0,0.0,0.0,0.0,0.0,0,0,0,0.0,0.0,0.0,0.0,0,0,0,0,0.0,40,i,0,0,0,0.0,0.0,0.0,0.0,0.0,0.0,0.0,0.0,0.0,0.0,0.0,0.0,0.0,0.0,0.0,0.0,0.0,0.0
445028,Morita,Hull City,MID,45,1,0,0,0.0,0,0.0,0.0,0.0,0.0,0.0,0,0.0,0.0,0.0,0.0,0.0,1.5896,1.4396,1.59,1.44,0.0,0.0,0.0,0.0,0.0,0.0,0.0,0.0,0.0,0,0,0,0.0,0.0,0.0,0.0,0,0,0,0,0.0,49,a,0,0,0,0.8969,0.4473,0.0,-0.1076,-0.0269,0.36,0.1695,0.2824,0.1836,0.0,0.0001,2.2051,0.8125,0.0844,0.8969,0.4473,40.81,0.425
473284,Tzolakis,Hull City,GK,450,5,0,0,75.7,90,0.0,0.0,1.4396,0.0,0.0,90,0.0,0.0,1.44,0.0,0.0,1.5896,1.4396,1.59,1.44,0.0,0.0,1.2109,0.0,0.0,13.4543,0.0,0.0,1.44,0,0,16,15.9959,0.0,0.0,1.44,0,0,16,90,16.0,47,a,0,1,1,1.0,0.995,1.0,-0.12,-0.03,0.1591,0.0,0.0,1.0952,-0.4936,0.0,3.6057,1.0,0.0,1.0,0.995,89.81,1.0
552946,Hjertø-Dahl,Hull City,MID,8,0,0,0,0.0,0,0.0,0.0,0.0,0.0,0.0,0,0.0,0.0,0.0,0.0,0.0,1.5896,1.4396,1.59,1.44,0.0,0.0,0.0,0.0,0.0,0.0,0.0,0.0,0.0,0,0,0,0.0,0.0,0.0,0.0,0,0,0,0,0.0,49,a,0,0,0,0.4515,0.0038,0.0,-0.0542,-0.0135,0.0014,0.0445,0.0741,0.0016,0.0,0.0,0.5091,0.0028,0.4487,0.4515,0.0038,9.11,0.1011
608227,Stroud,Hull City,MID,249,4,0,0,0.0,0,0.0,0.0,0.0,0.0,0.0,0,0.0,0.0,0.0,0.0,0.0,1.5896,1.4396,1.59,1.44,0.0,0.0,0.0,0.0,0.0,0.0,0.0,0.0,0.0,0,0,0,0.0,0.0,0.0,0.0,0,0,0,0,0.0,50,a,0,0,0,1.0,0.55,0.0,-0.12,-0.03,0.2922,0.1819,0.3031,0.2189,0.0,0.0,2.396,1.0,0.0,1.0,0.55,57.64,0.6917
597462,Herrington,Hull City,DEF,197,1,0,0,75.7,90,0.02,0.03,1.4396,7.998,0.0,90,0.02,0.03,1.44,8.0,0.0,1.5896,1.4396,1.59,1.44,0.0168,0.0252,1.2109,6.7272,0.0,9.2499,0.02,0.03,1.44,8,0,11,10.9972,0.02,0.03,1.44,8,0,11,90,11.0,40,a,0,1,1,0.8275,0.799,0.0,-0.0993,-0.0248,0.1939,0.1148,0.2195,0.8795,-0.4017,0.2605,2.5083,0.8125,0.015,0.8275,0.799,74.51,0.8339
606930,Mendy,Hull City,DEF,249,4,0,0,0.0,0,0.0,0.0,0.0,0.0,0.0,0,0.0,0.0,0.0,0.0,0.0,1.5896,1.4396,1.59,1.44,0.0,0.0,0.0,0.0,0.0,0.0,0.0,0.0,0.0,0,0,0,0.0,0.0,0.0,0.0,0,0,0,0,0.0,41,a,0,0,0,1.0,0.7343,0.0,-0.12,-0.03,0.1753,0.0606,0.1212,1.1691,-0.2926,0.0014,2.8179,1.0,0.0,1.0,0.7343,59.53,0.6917
469266,Gourna-Douath,Hull City,MID,138,1,1,0,10.1,12,0.2246,0.0749,0.974,7.4932,0.0,12,0.225,0.075,0.975,7.5,0.0,1.5896,1.4396,1.59,1.44,0.0252,0.0084,0.1093,0.8409,0.0,4.2045,0.03,0.01,0.13,1,0,5,37.4658,0.03,0.01,0.13,1,0,5,12,37.5,50,a,1,0,1,0.8969,0.7882,0.0,-0.1076,-0.0269,0.3928,0.3758,0.6475,0.2169,0.0,0.0089,3.1836,0.8125,0.0844,0.8969,0.7882,75.45,0.8493
490884,Cho,Hull City,MID,72,0,1,0,22.7,27,0.9,0.6669,0.5333,0.0,0.0,27,0.9,0.6667,0.5333,0.0,0.0,1.5896,1.4396,1.59,1.44,0.227,0.1682,0.1345,0.0,0.0,21.0224,0.27,0.2,0.16,0,0,25,83.3487,0.27,0.2,0.16,0,0,25,27,83.3333,50,a,1,0,1,0.7594,0.4595,0.0,-0.0911,-0.0228,0.2611,0.2875,0.522,0.1539,0.0,0.0006,2.3296,0.5625,0.1969,0.7594,0.4595,43.73,0.5125
626751,Ansah,Hull City,FWD,0,0,0,0,0.0,0,0.0,0.0,0.0,0.0,0.0,0,0.0,0.0,0.0,0.0,0.0,1.5896,1.4396,1.59,1.44,0.0,0.0,0.0,0.0,0.0,0.0,0.0,0.0,0.0,0,0,0,0.0,0.0,0.0,0.0,0,0,0,0,0.0,50,i,0,0,0,0.0,0.0,0.0,0.0,0.0,0.0,0.0,0.0,0.0,0.0,0.0,0.0,0.0,0.0,0.0,0.0,0.0,0.0
631000,Vaz,Hull City,FWD,20,0,1,0,10.1,12,0.0,0.0749,0.974,7.4932,0.0,12,0.0,0.075,0.975,7.5,0.0,1.5896,1.4396,1.59,1.44,0.0,0.0084,0.1093,0.8409,0.0,4.2045,0.0,0.01,0.13,1,0,5,37.4658,0.0,0.01,0.13,1,0,5,12,37.5,50,a,1,0,1,0.7594,0.4595,0.0,-0.0911,-0.0228,0.3263,0.2268,0.6937,0.0,0.0,0.0,2.3518,0.5625,0.1969,0.7594,0.4595,43.73,0.5125
496181,Norton-Cuffy,Hull City,DEF,34,0,0,0,0.0,0,0.0,0.0,0.0,0.0,0.0,0,0.0,0.0,0.0,0.0,0.0,1.5896,1.4396,1.59,1.44,0.0,0.0,0.0,0.0,0.0,0.0,0.0,0.0,0.0,0,0,0,0.0,0.0,0.0,0.0,0,0,0,0,0.0,40,a,0,0,0,0.0909,0.007,0.0,-0.0109,-0.0027,0.0033,0.0032,0.0064,0.0115,-0.0058,0.0002,0.1029,0.0119,0.079,0.0909,0.007,2.15,0.0235
243951,Thomas,Hull City,MID,119,1,0,0,52.1,62,0.276,0.058,1.8593,4.3578,0.0,62,0.2758,0.0581,1.8581,4.3548,0.0,1.5896,1.4396,1.59,1.44,0.1598,0.0336,1.0763,2.5227,0.0,1.6818,0.19,0.04,1.28,3,0,2,2.9052,0.19,0.04,1.28,3,0,2,62,2.9032,55,a,0,1,1,0.8969,0.7882,0.0,-0.1076,-0.0269,0.3451,0.3469,0.7175,0.2169,0.0,0.0081,3.177,0.8125,0.0844,0.8969,0.7882,75.45,0.8493
647839,Mouzakitis,Hull City,MID,0,0,0,0,0.0,0,0.0,0.0,0.0,0.0,0.0,0,0.0,0.0,0.0,0.0,0.0,1.5896,1.4396,1.59,1.44,0.0,0.0,0.0,0.0,0.0,0.0,0.0,0.0,0.0,0,0,0,0.0,0.0,0.0,0.0,0,0,0,0,0.0,50,a,0,0,0,0.0,0.0,0.0,0.0,0.0,0.0,0.0,0.0,0.0,0.0,0.0,0.0,0.0,0.0,0.0,0.0,0.0,0.0
219924,Diop,Ipswich Town,DEF,450,5,0,0,207.7,902,0.153,0.0066,1.5105,7.417,0.5012,310,0.2439,0.0058,1.3094,6.6774,0.871,1.4396,2.2394,1.44,2.24,0.353,0.0152,3.486,17.1169,1.1567,36.458,0.8600000000000001,0.06,14.66,71,3,116,15.7979,0.8400000000000001,0.02,4.51,23,3,67,310,19.4516,40,a,0,1,1,1.0,0.979,0.0,-0.12,-0.03,0.445,0.0562,0.7452,0.584,-0.8782,0.2389,2.7811,1.0,0.0,1.0,0.979,89.2,1.0
212314,Lukić,Ipswich Town,MID,400,5,0,0,263.8,1802,0.0652,0.1418,1.6619,9.163,0.1673,432,0.0687,0.1062,1.6958,9.5833,0.2083,1.4396,2.2394,1.44,2.24,0.1912,0.4156,4.8713,26.8578,0.4904,47.5596,2.23,2.16,29.4,189,4,328,16.2258,0.3299999999999999,0.51,8.14,46,1,80,432,16.6667,49,a,0,1,1,1.0,0.887,0.0,-0.12,-0.03,0.2214,0.3817,0.3511,0.159,0.0,0.1963,2.8502,1.0,0.0,1.0,0.887,76.84,0.8889
108813,Walton,Ipswich Town,GK,90,1,0,0,75.7,90,0.0,0.01,2.2394,0.0,0.0,90,0.0,0.01,2.24,0.0,0.0,1.4396,2.2394,1.44,2.24,0.0,0.0084,1.8836,0.0,0.0,8.409,0.0,0.01,2.24,0,0,10,9.9975,0.0,0.01,2.24,0,0,10,90,10.0,44,a,0,1,1,0.9257,0.9204,0.925,-0.1111,-0.0278,0.1472,0.0057,0.0,0.549,-0.8124,0.0,2.5216,0.925,0.0007,0.9257,0.9204,83.09,0.9252
112520,Palmer,Ipswich Town,GK,0,0,0,0,0.0,0,0.0,0.0,0.0,0.0,0.0,0,0.0,0.0,0.0,0.0,0.0,1.4396,2.2394,1.44,2.24,0.0,0.0,0.0,0.0,0.0,0.0,0.0,0.0,0.0,0,0,0,0.0,0.0,0.0,0.0,0,0,0,0,0.0,40,a,0,0,0,0.0,0.0,0.0,0.0,0.0,0.0,0.0,0.0,0.0,0.0,0.0,0.0,0.0,0.0,0.0,0.0,0.0,0.0
50093,Button,Ipswich Town,GK,0,0,0,0,0.0,0,0.0,0.0,0.0,0.0,0.0,0,0.0,0.0,0.0,0.0,0.0,1.4396,2.2394,1.44,2.24,0.0,0.0,0.0,0.0,0.0,0.0,0.0,0.0,0.0,0,0,0,0.0,0.0,0.0,0.0,0,0,0,0,0.0,40,a,0,0,0,0.0,0.0,0.0,0.0,0.0,0.0,0.0,0.0,0.0,0.0,0.0,0.0,0.0,0.0,0.0,0.0,0.0,0.0
183015,Kipré,Ipswich Town,DEF,0,0,0,0,0.0,0,0.0,0.0,0.0,0.0,0.0,0,0.0,0.0,0.0,0.0,0.0,1.4396,2.2394,1.44,2.24,0.0,0.0,0.0,0.0,0.0,0.0,0.0,0.0,0.0,0,0,0,0.0,0.0,0.0,0.0,0,0,0,0,0.0,39,a,0,0,0,0.0,0.0,0.0,0.0,0.0,0.0,0.0,0.0,0.0,0.0,0.0,0.0,0.0,0.0,0.0,0.0,0.0,0.0
216616,O'Shea,Ipswich Town,DEF,450,5,0,0,75.7,90,0.0,0.0,2.2394,8.9977,0.0,90,0.0,0.0,2.24,9.0,0.0,1.4396,2.2394,1.44,2.24,0.0,0.0,1.8836,7.5681,0.0,10.0908,0.0,0.0,2.24,9,0,12,11.997,0.0,0.0,2.24,9,0,12,90,12.0,40,a,0,1,1,1.0,0.979,0.0,-0.12,-0.03,0.2386,0.1193,0.2386,0.584,-0.8782,0.3231,2.1313,1.0,0.0,1.0,0.979,89.2,1.0
455084,Davis,Ipswich Town,DEF,450,5,0,0,75.7,90,0.4199,0.02,2.2394,4.9987,0.0,90,0.42,0.02,2.24,5.0,0.0,1.4396,2.2394,1.44,2.24,0.3532,0.0168,1.8836,4.2045,0.0,1.6818,0.42,0.02,2.24,5,0,2,1.9995,0.42,0.02,2.24,5,0,2,90,2.0,40,a,0,1,1,1.0,0.979,0.0,-0.12,-0.03,0.2386,0.1316,0.754,0.584,-0.8782,0.2151,2.6589,1.0,0.0,1.0,0.979,89.2,1.0
449429,Greaves,Ipswich Town,DEF,357,4,0,0,0.0,0,0.0,0.0,0.0,0.0,0.0,0,0.0,0.0,0.0,0.0,0.0,1.4396,2.2394,1.44,2.24,0.0,0.0,0.0,0.0,0.0,0.0,0.0,0.0,0.0,0,0,0,0.0,0.0,0.0,0.0,0,0,0,0,0.0,39,a,0,0,0,1.0,0.9772,0.0,-0.12,-0.03,0.1485,0.0736,0.1473,0.5909,-0.8691,0.0071,1.9184,1.0,0.0,1.0,0.9772,88.4,0.9917
222018,Johnson,Ipswich Town,DEF,0,0,0,0,0.0,0,0.0,0.0,0.0,0.0,0.0,0,0.0,0.0,0.0,0.0,0.0,1.4396,2.2394,1.44,2.24,0.0,0.0,0.0,0.0,0.0,0.0,0.0,0.0,0.0,0,0,0,0.0,0.0,0.0,0.0,0,0,0,0,0.0,40,u,0,0,0,0.0,0.0,0.0,0.0,0.0,0.0,0.0,0.0,0.0,0.0,0.0,0.0,0.0,0.0,0.0,0.0,0.0,0.0
176420,Furlong,Ipswich Town,DEF,17,0,0,0,0.0,0,0.0,0.0,0.0,0.0,0.0,0,0.0,0.0,0.0,0.0,0.0,1.4396,2.2394,1.44,2.24,0.0,0.0,0.0,0.0,0.0,0.0,0.0,0.0,0.0,0,0,0,0.0,0.0,0.0,0.0,0,0,0,0,0.0,39,a,0,0,0,0.0855,0.0037,0.0,-0.0103,-0.0026,0.0017,0.003,0.0059,0.0039,-0.0099,0.0001,0.081,0.006,0.0795,0.0855,0.0037,1.88,0.0207
501390,Núñez,Ipswich Town,MID,140,2,0,0,0.0,0,0.0,0.0,0.0,0.0,0.0,0,0.0,0.0,0.0,0.0,0.0,1.4396,2.2394,1.44,2.24,0.0,0.0,0.0,0.0,0.0,0.0,0.0,0.0,0.0,0,0,0,0.0,0.0,0.0,0.0,0,0,0,0,0.0,49,a,0,0,0,0.9175,0.6074,0.0,-0.1101,-0.0275,0.3036,0.2173,0.3622,0.1316,0.0,0.0001,2.402,0.85,0.0675,0.9175,0.6074,56.48,0.6761
241117,Matusiwa,Ipswich Town,MID,0,0,0,0,0.0,0,0.0,0.0,0.0,0.0,0.0,0,0.0,0.0,0.0,0.0,0.0,1.4396,2.2394,1.44,2.24,0.0,0.0,0.0,0.0,0.0,0.0,0.0,0.0,0.0,0,0,0,0.0,0.0,0.0,0.0,0,0,0,0,0.0,49,a,0,0,0,0.0,0.0,0.0,0.0,0.0,0.0,0.0,0.0,0.0,0.0,0.0,0.0,0.0,0.0,0.0,0.0,0.0,0.0
149929,Burns,Ipswich Town,MID,0,0,0,0,0.0,0,0.0,0.0,0.0,0.0,0.0,0,0.0,0.0,0.0,0.0,0.0,1.4396,2.2394,1.44,2.24,0.0,0.0,0.0,0.0,0.0,0.0,0.0,0.0,0.0,0,0,0,0.0,0.0,0.0,0.0,0,0,0,0,0.0,50,u,0,0,0,0.0,0.0,0.0,0.0,0.0,0.0,0.0,0.0,0.0,0.0,0.0,0.0,0.0,0.0,0.0,0.0,0.0,0.0
231899,Taylor,Ipswich Town,MID,0,0,0,0,0.0,0,0.0,0.0,0.0,0.0,0.0,0,0.0,0.0,0.0,0.0,0.0,1.4396,2.2394,1.44,2.24,0.0,0.0,0.0,0.0,0.0,0.0,0.0,0.0,0.0,0,0,0,0.0,0.0,0.0,0.0,0,0,0,0,0.0,44,a,0,0,0,0.0,0.0,0.0,0.0,0.0,0.0,0.0,0.0,0.0,0.0,0.0,0.0,0.0,0.0,0.0,0.0,0.0,0.0
443261,Clarke,Ipswich Town,MID,170,2,0,0,54.7,65,0.0,0.4566,2.3244,5.5343,0.0,65,0.0,0.4569,2.3262,5.5385,0.0,1.4396,2.2394,1.44,2.24,0.0,0.2775,1.4127,3.3636,0.0,8.409,0.0,0.33,1.68,4,0,10,13.8356,0.0,0.33,1.68,4,0,10,65,13.8462,53,a,0,1,1,1.0,0.9336,0.0,-0.12,-0.03,0.4217,0.5611,0.5974,0.1525,0.0,0.0077,3.5163,1.0,0.0,1.0,0.9336,82.81,0.9444
229164,Ogbene,Ipswich Town,MID,0,0,0,0,0.0,0,0.0,0.0,0.0,0.0,0.0,0,0.0,0.0,0.0,0.0,0.0,1.4396,2.2394,1.44,2.24,0.0,0.0,0.0,0.0,0.0,0.0,0.0,0.0,0.0,0,0,0,0.0,0.0,0.0,0.0,0,0,0,0,0.0,49,u,0,0,0,0.0,0.0,0.0,0.0,0.0,0.0,0.0,0.0,0.0,0.0,0.0,0.0,0.0,0.0,0.0,0.0,0.0,0.0
531442,Fatawu,Ipswich Town,MID,352,5,0,0,55.5,66,0.1909,0.3819,2.2909,5.4545,0.0,66,0.1909,0.3818,2.2909,5.4545,0.0,1.4396,2.2394,1.44,2.24,0.1177,0.2355,1.4127,3.3636,0.0,3.3636,0.14,0.28,1.68,4,0,4,5.4545,0.14,0.28,1.68,4,0,4,66,5.4545,54,s,0,1,1,0.0,0.0,0.0,0.0,0.0,0.0,0.0,0.0,0.0,0.0,0.0,0.0,0.0,0.0,0.0,0.0,0.0,0.0
543968,Emersonn,Ipswich Town,FWD,317,5,0,0,67.3,80,0.1462,0.0112,2.3278,1.1245,0.0,80,0.1463,0.0113,2.3288,1.125,0.0,1.4396,2.2394,1.44,2.24,0.1093,0.0084,1.7407,0.8409,0.0,7.5681,0.13,0.01,2.07,1,0,9,10.1208,0.13,0.01,2.07,1,0,9,80,10.125,56,a,0,1,1,1.0,0.55,0.0,-0.12,-0.03,0.4884,0.2624,0.8794,0.0,0.0,0.0,3.0302,1.0,0.0,1.0,0.55,58.27,0.7044
222625,Hirst,Ipswich Town,FWD,0,0,0,0,0.0,0,0.0,0.0,0.0,0.0,0.0,0,0.0,0.0,0.0,0.0,0.0,1.4396,2.2394,1.44,2.24,0.0,0.0,0.0,0.0,0.0,0.0,0.0,0.0,0.0,0,0,0,0.0,0.0,0.0,0.0,0,0,0,0,0.0,50,u,0,0,0,0.0,0.0,0.0,0.0,0.0,0.0,0.0,0.0,0.0,0.0,0.0,0.0,0.0,0.0,0.0,0.0,0.0,0.0
481624,Philogene,Ipswich Town,MID,52,0,1,0,20.2,24,0.225,0.0374,2.0981,3.7466,0.0,24,0.225,0.0375,2.1,3.75,0.0,1.4396,2.2394,1.44,2.24,0.0505,0.0084,0.4709,0.8409,0.0,4.2045,0.06,0.01,0.56,1,0,5,18.7329,0.06,0.01,0.56,1,0,5,24,18.75,54,a,1,0,1,0.7594,0.4595,0.0,-0.0911,-0.0228,0.2632,0.2195,0.3967,0.0905,0.0,0.0011,2.0749,0.5625,0.1969,0.7594,0.4595,43.73,0.5125
172453,Szmodics,Ipswich Town,MID,0,0,0,0,0.0,0,0.0,0.0,0.0,0.0,0.0,0,0.0,0.0,0.0,0.0,0.0,1.4396,2.2394,1.44,2.24,0.0,0.0,0.0,0.0,0.0,0.0,0.0,0.0,0.0,0,0,0,0.0,0.0,0.0,0.0,0,0,0,0,0.0,50,u,0,0,0,0.0,0.0,0.0,0.0,0.0,0.0,0.0,0.0,0.0,0.0,0.0,0.0,0.0,0.0,0.0,0.0,0.0,0.0
147675,Akpom,Ipswich Town,FWD,78,0,1,0,7.6,9,1.6934,0.0,1.5928,0.0,0.0,9,1.7,0.0,1.6,0.0,0.0,1.4396,2.2394,1.44,2.24,0.143,0.0,0.1345,0.0,0.0,2.5227,0.17,0.0,0.16,0,0,3,29.8741,0.17,0.0,0.16,0,0,3,9,30.0,50,a,1,0,1,0.7594,0.4595,0.0,-0.0911,-0.0228,0.329,0.2248,0.7865,0.0,0.0,0.0,2.4454,0.5625,0.1969,0.7594,0.4595,43.73,0.5125
557012,Walle Egeli,Ipswich Town,FWD,10,0,0,0,0.0,0,0.0,0.0,0.0,0.0,0.0,0,0.0,0.0,0.0,0.0,0.0,1.4396,2.2394,1.44,2.24,0.0,0.0,0.0,0.0,0.0,0.0,0.0,0.0,0.0,0,0,0,0.0,0.0,0.0,0.0,0,0,0,0,0.0,45,a,0,0,0,0.4519,0.0042,0.0,-0.0542,-0.0136,0.002,0.0444,0.138,0.0,0.0,0.0,0.5727,0.0035,0.4484,0.4519,0.0042,9.14,0.1014
462387,Al-Hamadi,Ipswich Town,FWD,0,0,0,0,0.0,0,0.0,0.0,0.0,0.0,0.0,0,0.0,0.0,0.0,0.0,0.0,1.4396,2.2394,1.44,2.24,0.0,0.0,0.0,0.0,0.0,0.0,0.0,0.0,0.0,0,0,0,0.0,0.0,0.0,0.0,0,0,0,0,0.0,50,u,0,0,0,0.0,0.0,0.0,0.0,0.0,0.0,0.0,0.0,0.0,0.0,0.0,0.0,0.0,0.0,0.0,0.0,0.0,0.0
461587,McAteer,Ipswich Town,MID,42,0,0,0,0.0,0,0.0,0.0,0.0,0.0,0.0,0,0.0,0.0,0.0,0.0,0.0,1.4396,2.2394,1.44,2.24,0.0,0.0,0.0,0.0,0.0,0.0,0.0,0.0,0.0,0,0,0,0.0,0.0,0.0,0.0,0,0,0,0,0.0,44,a,0,0,0,0.4581,0.0103,0.0,-0.055,-0.0137,0.0066,0.0425,0.0709,0.0027,0.0,0.0,0.5224,0.0147,0.4434,0.4581,0.0103,9.58,0.1059
232457,Mehmeti,Ipswich Town,MID,0,0,0,0,0.0,0,0.0,0.0,0.0,0.0,0.0,0,0.0,0.0,0.0,0.0,0.0,1.4396,2.2394,1.44,2.24,0.0,0.0,0.0,0.0,0.0,0.0,0.0,0.0,0.0,0,0,0,0.0,0.0,0.0,0.0,0,0,0,0,0.0,48,a,0,0,0,0.0,0.0,0.0,0.0,0.0,0.0,0.0,0.0,0.0,0.0,0.0,0.0,0.0,0.0,0.0,0.0,0.0,0.0
546600,Van Oevelen,Ipswich Town,GK,0,0,0,0,0.0,0,0.0,0.0,0.0,0.0,0.0,0,0.0,0.0,0.0,0.0,0.0,1.4396,2.2394,1.44,2.24,0.0,0.0,0.0,0.0,0.0,0.0,0.0,0.0,0.0,0,0,0,0.0,0.0,0.0,0.0,0,0,0,0,0.0,45,u,0,0,0,0.0,0.0,0.0,0.0,0.0,0.0,0.0,0.0,0.0,0.0,0.0,0.0,0.0,0.0,0.0,0.0,0.0,0.0
442967,Maeda,Ipswich Town,MID,259,3,1,0,13.5,16,0.0,0.056,2.6907,5.606,0.0,16,0.0,0.0562,2.7,5.625,0.0,1.4396,2.2394,1.44,2.24,0.0,0.0084,0.4036,0.8409,0.0,4.2045,0.0,0.01,0.48,1,0,5,28.03,0.0,0.01,0.48,1,0,5,16,28.125,53,a,1,0,1,1.0,0.8831,0.0,-0.12,-0.03,0.4781,0.3874,0.6349,0.1593,0.0,0.0036,3.3928,1.0,0.0,1.0,0.8831,76.43,0.8852
240514,Scherpen,Ipswich Town,GK,360,4,0,0,0.0,0,0.0,0.0,0.0,0.0,0.0,0,0.0,0.0,0.0,0.0,0.0,1.4396,2.2394,1.44,2.24,0.0,0.0,0.0,0.0,0.0,0.0,0.0,0.0,0.0,0,0,0,0.0,0.0,0.0,0.0,0,0,0,0,0.0,45,a,0,0,0,1.0,0.995,1.0,-0.12,-0.03,0.0986,0.0,0.0,0.5935,-0.8782,0.0,2.6589,1.0,0.0,1.0,0.995,89.81,1.0
216055,Florentino,Ipswich Town,MID,30,0,1,0,253.8,2117,0.018,0.0222,1.9087,12.9009,0.0,295,0.0183,0.0214,1.6932,13.4237,0.0,1.4396,2.2394,1.44,2.24,0.0508,0.0627,5.3824,36.3805,0.0,40.682,0.64,0.52,46.74,313,0,358,14.4262,0.06,0.07,5.550000000000001,44,0,55,295,16.7797,48,a,1,0,1,0.8212,0.551,0.0,-0.0985,-0.0246,0.0479,0.072,0.1093,0.1085,0.0,0.3155,1.5867,0.675,0.1462,0.8212,0.551,50.68,0.595
474120,Enciso,Ipswich Town,MID,413,5,0,0,61.4,73,0.4191,0.0616,2.1694,6.1629,0.0,73,0.4192,0.0616,2.1699,6.1644,0.0,1.4396,2.2394,1.44,2.24,0.2859,0.042,1.48,4.2045,0.0,9.2499,0.34,0.05,1.76,5,0,11,13.5585,0.34,0.05,1.76,5,0,11,73,13.5616,55,a,0,1,1,1.0,0.914,0.0,-0.12,-0.03,0.4137,0.371,0.9014,0.1561,0.0,0.0076,3.6062,1.0,0.0,1.0,0.914,79.97,0.9178
572584,Ouattara,Ipswich Town,DEF,131,1,0,0,75.7,90,0.02,0.01,2.2394,7.998,0.0,90,0.02,0.01,2.24,8.0,0.0,1.4396,2.2394,1.44,2.24,0.0168,0.0084,1.8836,6.7272,0.0,14.2952,0.02,0.01,2.24,8,0,17,16.9956,0.02,0.01,2.24,8,0,17,90,17.0,40,a,0,1,1,0.8275,0.799,0.0,-0.0993,-0.0248,0.1939,0.1046,0.2195,0.4766,-0.715,0.2605,1.7819,0.8125,0.015,0.8275,0.799,74.51,0.8339
524180,Humphreys,Ipswich Town,MID,0,0,0,0,0.0,0,0.0,0.0,0.0,0.0,0.0,0,0.0,0.0,0.0,0.0,0.0,1.4396,2.2394,1.44,2.24,0.0,0.0,0.0,0.0,0.0,0.0,0.0,0.0,0.0,0,0,0,0.0,0.0,0.0,0.0,0,0,0,0,0.0,45,u,0,0,0,0.0,0.0,0.0,0.0,0.0,0.0,0.0,0.0,0.0,0.0,0.0,0.0,0.0,0.0,0.0,0.0,0.0,0.0
218543,Palacios,Ipswich Town,MID,275,3,0,0,67.3,80,0.0,0.0225,2.3278,6.7472,0.0,80,0.0,0.0225,2.3288,6.75,0.0,1.4396,2.2394,1.44,2.24,0.0,0.0168,1.7407,5.0454,0.0,12.6134,0.0,0.02,2.07,6,0,15,16.8678,0.0,0.02,2.07,6,0,15,80,16.875,50,a,0,1,1,1.0,0.9684,0.0,-0.12,-0.03,0.407,0.3788,0.6105,0.1444,0.0,0.0189,3.3591,1.0,0.0,1.0,0.9684,90.41,1.0
431639,Flemming,Ipswich Town,FWD,60,0,1,0,292.5,1773,0.3933,0.021,1.8409,5.8626,0.6636,337,0.3178,0.024,1.6157,5.3412,0.8012,1.4396,2.2394,1.44,2.24,1.2783,0.0684,5.9828,19.0534,2.1566,55.6795,8.04,0.41,37.22,102,11,369,17.1322,1.19,0.09,6.05,20,3,63,337,16.8249,55,a,1,0,1,0.7594,0.4595,0.0,-0.0911,-0.0228,0.3674,0.065,0.7916,0.0,0.0,0.0064,2.329,0.5625,0.1969,0.7594,0.4595,43.73,0.5125
153682,Wilson,Leeds,MID,145,1,0,0,292.6,2674,0.1951,0.1627,1.4834,5.7524,0.5705,243,0.1481,0.1222,1.737,5.9259,0.0,1.4685,1.4879,1.256,1.714,0.6343,0.5288,4.8226,18.7017,1.8548,66.2112,5.88,4.7700000000000005,40.14,177,21,637,20.3657,0.4,0.33,4.69,16,0,43,243,15.9259,62,a,0,0,0,0.945,0.8713,0.0,-0.1134,-0.0284,0.5061,0.4498,0.8829,0.2306,0.0,0.0558,3.7441,0.9,0.045,0.945,0.8713,82.54,0.93
201595,Perri,Leeds,GK,0,0,0,0,69.4,1440,0.0,0.0,1.699,0.0,0.2892,0,0.0,0.0,0.0,0.0,0.0,1.4685,1.4879,1.256,1.714,0.0,0.0,1.3101,0.0,0.223,7.4255,0.0,0.0,26.68,0,3,153,9.6296,0.0,0.0,0.0,0,0,0,0,0.0,45,u,0,0,0,0.0,0.0,0.0,0.0,0.0,0.0,0.0,0.0,0.0,0.0,0.0,0.0,0.0,0.0,0.0,0.0,0.0,0.0
434752,Bijol,Leeds,DEF,164,2,0,0,286.4,1888,0.0344,0.0306,1.5154,11.4094,0.3304,339,0.0,0.0319,1.8239,12.2124,0.2655,1.4685,1.4879,1.256,1.714,0.1096,0.0975,4.8224,36.3073,1.0513,54.3676,0.9,0.75,31.48,219,6,323,17.0848,0.0,0.12,6.87,46,1,67,339,17.7876,50,a,0,0,0,0.908,0.8521,0.0,-0.109,-0.0272,0.2931,0.0829,0.1816,1.004,-0.4094,0.5194,2.7761,0.9,0.008,0.908,0.8521,72.52,0.8218
214225,Rodon,Leeds,DEF,123,2,0,0,327.7,2952,0.0367,0.0257,1.6189,8.0015,0.0352,360,0.045,0.02,1.8775,6.25,0.0,1.4685,1.4879,1.256,1.714,0.1336,0.0935,5.8946,29.1345,0.128,41.2088,1.4,0.56,48.54,274,5,373,11.3176,0.18,0.08,7.51,25,0,39,360,9.75,43,i,0,0,0,0.0,0.0,0.0,0.0,0.0,0.0,0.0,0.0,0.0,0.0,0.0,0.0,0.0,0.0,0.0,0.0,0.0,0.0
226182,Bogle,Leeds,DEF,365,5,0,0,342.3,2861,0.065,0.1419,1.2014,5.1974,0.0603,233,0.0386,0.2047,1.1511,5.0215,0.0,1.4685,1.4879,1.256,1.714,0.2474,0.5396,4.5695,19.7674,0.2293,55.5443,2.15,3.11,40.59,179,1,325,14.6041,0.1,0.53,2.98,13,0,46,233,17.7682,46,a,0,1,1,1.0,0.8712,0.0,-0.12,-0.03,0.0864,0.3209,0.3084,1.1604,-0.3863,0.0142,3.211,1.0,0.0,1.0,0.8712,70.3,0.8111
243526,Gudmundsson,Leeds,DEF,252,3,0,0,304.0,2727,0.0207,0.0992,1.3184,5.7949,0.0744,90,0.0,0.03,1.06,5.0,0.0,1.4685,1.4879,1.256,1.714,0.0699,0.3351,4.4531,19.5738,0.2513,47.5353,1.1,2.92,42.12,189,8,313,14.073,0.0,0.03,1.06,5,0,27,90,27.0,45,a,0,1,1,1.0,0.957,0.0,-0.12,-0.03,0.1001,0.2621,0.1346,1.0977,-0.4699,0.0596,2.9315,1.0,0.0,1.0,0.957,82.62,0.9333
220627,Justin,Leeds,DEF,450,5,0,0,415.1,1983,0.084,0.062,1.4577,8.8293,0.6669,450,0.054,0.044,1.714,8.2,0.4,1.4685,1.4879,1.256,1.714,0.3875,0.2858,6.7231,40.7229,3.0761,88.8084,1.88,1.28,34.07,192,11,369,19.255,0.27,0.22,8.57,41,2,90,450,18.0,45,a,0,1,1,1.0,0.9779,0.0,-0.12,-0.03,0.6119,0.1806,0.4734,1.0354,-0.5162,0.3975,3.6129,1.0,0.0,1.0,0.9779,89.16,1.0
437738,Bornauw,Leeds,DEF,0,0,0,0,72.3,429,0.096,0.001,2.2165,9.3075,0.0,125,0.144,0.0,2.7216,7.92,0.0,1.4685,1.4879,1.256,1.714,0.0771,0.0008,1.7806,7.477,0.0,12.4536,0.2,0.01,8.71,49,0,73,15.5024,0.2,0.0,3.78,11,0,25,125,18.0,45,u,0,0,0,0.0,0.0,0.0,0.0,0.0,0.0,0.0,0.0,0.0,0.0,0.0,0.0,0.0,0.0,0.0,0.0,0.0,0.0
522047,Muharemović,Leeds,DEF,450,5,0,0,75.7,90,0.3999,0.01,1.0598,7.998,0.0,90,0.4,0.01,1.06,8.0,0.0,1.4685,1.4879,1.256,1.714,0.3364,0.0084,0.8914,6.7272,0.0,18.4997,0.4,0.01,1.06,8,0,22,21.9944,0.4,0.01,1.06,8,0,22,90,22.0,50,a,0,1,1,1.0,0.9779,0.0,-0.12,-0.03,0.2386,0.1255,0.7294,1.0354,-0.5162,0.2939,3.4406,1.0,0.0,1.0,0.9779,89.16,1.0
466525,Stach,Leeds,MID,447,5,0,0,315.3,2459,0.0919,0.1431,1.2352,10.8641,0.5087,324,0.1194,0.0722,1.3556,9.4444,0.8333,1.4685,1.4879,1.256,1.714,0.322,0.5015,4.3274,38.0604,1.782,66.2116,2.93,4.55,35.11,279,14,563,18.8996,0.43,0.26,4.880000000000001,34,3,65,324,18.0556,60,a,0,1,1,1.0,0.9569,0.0,-0.12,-0.03,0.5076,0.429,0.4924,0.2553,0.0,0.5888,3.4912,1.0,0.0,1.0,0.9569,87.79,0.9933
435997,Okafor,Leeds,MID,299,4,0,0,208.2,1628,0.2567,0.0652,1.1201,6.7395,0.9108,139,0.2266,0.0906,0.4986,7.1223,1.295,1.4685,1.4879,1.256,1.714,0.5938,0.1509,2.5912,15.5906,2.107,60.3973,5.2700000000000005,1.33,25.22,118,11,371,26.1083,0.35,0.14,0.77,11,2,47,139,30.4317,58,a,0,1,1,1.0,0.8003,0.0,-0.12,-0.03,0.8381,0.1998,0.9876,0.2602,0.0,0.0318,3.936,1.0,0.0,1.0,0.8003,70.21,0.8306
427637,Aaronson,Leeds,MID,194,2,1,0,318.8,2471,0.1262,0.106,1.4814,7.9537,0.0764,251,0.1004,0.1649,2.0367,7.8884,0.0,1.4685,1.4879,1.256,1.714,0.4469,0.3756,5.2476,28.1738,0.2705,49.0601,4.53,3.6,37.47,220,5,451,13.8501,0.28,0.4599999999999999,5.68,22,0,31,251,11.1155,53,a,1,0,1,1.0,0.9437,0.0,-0.12,-0.03,0.129,0.3232,0.6242,0.26,0.0,0.1881,3.1301,1.0,0.0,1.0,0.9437,85.03,0.9667
199598,Ampadu,Leeds,MID,450,5,0,0,464.7,3209,0.0577,0.0703,1.4291,12.1543,0.3834,450,0.018,0.038,1.714,11.4,0.6,1.4685,1.4879,1.256,1.714,0.298,0.3631,7.379,62.7568,1.9796,91.33,2.47,2.3,49.72,430,11,605,17.6882,0.09,0.19,8.57,57,3,88,450,17.6,54,a,0,1,1,1.0,0.9597,0.0,-0.12,-0.03,0.3949,0.2344,0.3339,0.254,0.0,0.8342,3.0269,1.0,0.0,1.0,0.9597,88.47,1.0
180135,Longstaff,Leeds,MID,10,0,0,0,51.0,1003,0.2644,0.3312,2.2405,11.3199,0.6238,49,0.4592,0.4776,2.7,16.5306,0.0,1.4685,1.4879,1.256,1.714,0.1498,0.1877,1.2696,6.4146,0.3535,18.0408,1.23,1.87,15.88,110,5,273,31.8367,0.25,0.26,1.47,9,0,10,49,18.3673,48,a,0,0,0,0.4519,0.0042,0.0,-0.0542,-0.0136,0.0021,0.0865,0.119,0.0017,0.0,0.0004,0.5976,0.0035,0.4484,0.4519,0.0042,9.14,0.1014
492859,Gnonto,Leeds,MID,0,0,0,0,61.9,521,0.0683,0.1266,2.1725,10.9265,0.0,79,0.0456,0.0228,2.5291,10.2532,0.0,1.4685,1.4879,1.256,1.714,0.047,0.0871,1.4942,7.515,0.0,17.1094,0.4,0.77,11.99,59,0,134,24.8763,0.04,0.02,2.22,9,0,18,79,20.5063,50,u,0,0,0,0.0,0.0,0.0,0.0,0.0,0.0,0.0,0.0,0.0,0.0,0.0,0.0,0.0,0.0,0.0,0.0,0.0,0.0
221399,Harrison,Leeds,MID,0,0,0,0,6.9,262,0.103,0.0809,1.3696,7.6761,0.0,0,0.0,0.0,0.0,0.0,0.0,1.4685,1.4879,1.256,1.714,0.0079,0.0062,0.105,0.5885,0.0,1.3359,0.28,0.2299999999999999,3.82,24,0,51,17.4248,0.0,0.0,0.0,0,0,0,0,0.0,50,u,0,0,0,0.0,0.0,0.0,0.0,0.0,0.0,0.0,0.0,0.0,0.0,0.0,0.0,0.0,0.0,0.0,0.0,0.0,0.0
200617,James,Leeds,MID,52,0,1,0,86.2,570,0.0894,0.0634,2.296,6.1592,0.0,165,0.1091,0.0655,2.3236,5.4545,0.0,1.4685,1.4879,1.256,1.714,0.0856,0.0607,2.1991,5.8991,0.0,14.7512,0.91,0.71,14.79,36,0,96,15.4015,0.2,0.12,4.26,10,0,24,165,13.0909,49,i,1,0,1,0.0,0.0,0.0,0.0,0.0,0.0,0.0,0.0,0.0,0.0,0.0,0.0,0.0,0.0,0.0,0.0,0.0,0.0
486520,Gruev,Leeds,MID,0,0,0,0,128.4,1318,0.045,0.0625,1.5993,7.376,0.2629,0,0.0,0.0,0.0,0.0,0.0,1.4685,1.4879,1.256,1.714,0.0642,0.0892,2.2817,10.5231,0.375,21.9094,0.4899999999999999,0.86,25.27,114,3,245,15.3571,0.0,0.0,0.0,0,0,0,0,0.0,50,a,0,0,0,0.0,0.0,0.0,0.0,0.0,0.0,0.0,0.0,0.0,0.0,0.0,0.0,0.0,0.0,0.0,0.0,0.0,0.0
248056,Tanaka,Leeds,MID,255,3,0,0,254.5,1374,0.1093,0.0778,1.3141,9.7473,0.2539,364,0.0692,0.0223,1.5008,10.8791,0.4945,1.4685,1.4879,1.256,1.714,0.3092,0.2201,3.7159,27.5631,0.7179,42.8465,1.58,1.39,22.15,152,4,288,15.152,0.28,0.09,6.07,44,2,64,364,15.8242,49,a,0,1,1,1.0,0.9299,0.0,-0.12,-0.03,0.3039,0.262,0.5552,0.2631,0.0,0.2933,3.164,1.0,0.0,1.0,0.9299,82.69,0.9444
177815,Calvert-Lewin,Leeds,FWD,419,5,0,0,435.0,2811,0.5306,0.0164,1.2869,4.5428,0.4607,428,0.4921,0.0105,1.6213,4.2056,0.8411,1.4685,1.4879,1.256,1.714,2.5646,0.0791,6.2199,21.9567,2.2265,65.8362,16.09,1.06,36.8,113,20,479,13.6213,2.34,0.05,7.71,20,4,89,428,18.715,60,a,0,1,1,1.0,0.9201,0.0,-0.12,-0.03,0.4761,0.0871,1.9017,0.0,0.0,0.0071,4.2351,1.0,0.0,1.0,0.9201,81.26,0.9311
174594,Nmecha,Leeds,FWD,64,0,1,0,150.9,1079,0.4233,0.2029,1.9943,5.9701,0.3703,186,0.2903,0.2806,2.3274,8.2258,0.0,1.4685,1.4879,1.256,1.714,0.7098,0.3402,3.3438,10.0098,0.6208,31.7848,7.25,1.58,22.21,59,8,272,18.9571,0.6000000000000001,0.5800000000000001,4.81,17,0,33,186,15.9677,54,a,1,0,1,0.7594,0.4537,0.0,-0.0911,-0.0228,0.2399,0.292,0.831,0.0,0.0,0.0048,2.4621,0.5625,0.1969,0.7594,0.4537,43.6,0.5125
235826,Piroe,Leeds,FWD,0,0,0,0,17.4,244,0.4298,0.0579,4.0422,8.326,0.0,28,0.2893,0.0,4.8536,9.6429,0.0,1.4685,1.4879,1.256,1.714,0.0831,0.0112,0.7815,1.6097,0.0,5.1543,0.9,0.13,6.8100000000000005,14,0,42,26.6602,0.09,0.0,1.51,3,0,5,28,16.0714,50,u,0,0,0,0.0,0.0,0.0,0.0,0.0,0.0,0.0,0.0,0.0,0.0,0.0,0.0,0.0,0.0,0.0,0.0,0.0,0.0
565297,Mateo Joseph,Leeds,FWD,0,0,0,0,0.0,0,0.0,0.0,0.0,0.0,0.0,0,0.0,0.0,0.0,0.0,0.0,1.4685,1.4879,1.256,1.714,0.0,0.0,0.0,0.0,0.0,0.0,0.0,0.0,0.0,0,0,0,0.0,0.0,0.0,0.0,0,0,0,0,0.0,45,i,0,0,0,0.0,0.0,0.0,0.0,0.0,0.0,0.0,0.0,0.0,0.0,0.0,0.0,0.0,0.0,0.0,0.0,0.0,0.0
432720,Trafford,Leeds,GK,450,5,0,0,115.0,450,0.0,0.0,1.2868,0.0,1.9743,180,0.0,0.0,1.415,0.0,1.5,1.4685,1.4879,1.256,1.714,0.0,0.0,1.6442,0.0,2.5227,31.5586,0.0,0.0,6.8,0,3,101,24.698,0.0,0.0,2.83,0,3,39,180,19.5,50,a,0,1,1,1.0,0.995,1.0,-0.12,-0.03,1.198,0.0,0.0,1.0535,-0.5162,0.0,4.5803,1.0,0.0,1.0,0.995,89.81,1.0
173774,Elvedi,Leeds,DEF,326,3,0,0,75.7,90,0.07,0.01,1.0598,3.999,0.0,90,0.07,0.01,1.06,4.0,0.0,1.4685,1.4879,1.256,1.714,0.0589,0.0084,0.8914,3.3636,0.0,22.7042,0.07,0.01,1.06,4,0,27,26.9931,0.07,0.01,1.06,4,0,27,90,27.0,45,a,0,1,1,1.0,0.9823,0.0,-0.12,-0.03,0.2386,0.1255,0.3245,1.04,-0.5162,0.2105,3.0447,1.0,0.0,1.0,0.9823,91.29,1.0
643970,Lienou,Leeds,DEF,0,0,0,0,0.0,0,0.0,0.0,0.0,0.0,0.0,0,0.0,0.0,0.0,0.0,0.0,1.4685,1.4879,1.256,1.714,0.0,0.0,0.0,0.0,0.0,0.0,0.0,0.0,0.0,0,0,0,0.0,0.0,0.0,0.0,0,0,0,0,0.0,40,a,0,0,0,0.0,0.0,0.0,0.0,0.0,0.0,0.0,0.0,0.0,0.0,0.0,0.0,0.0,0.0,0.0,0.0,0.0,0.0
592740,Cresswell,Leeds,MID,0,0,0,0,0.0,0,0.0,0.0,0.0,0.0,0.0,0,0.0,0.0,0.0,0.0,0.0,1.4685,1.4879,1.256,1.714,0.0,0.0,0.0,0.0,0.0,0.0,0.0,0.0,0.0,0,0,0,0.0,0.0,0.0,0.0,0,0,0,0,0.0,45,a,0,0,0,0.0,0.0,0.0,0.0,0.0,0.0,0.0,0.0,0.0,0.0,0.0,0.0,0.0,0.0,0.0,0.0,0.0,0.0
97846,Cairns,Leeds,GK,0,0,0,0,0.0,0,0.0,0.0,0.0,0.0,0.0,0,0.0,0.0,0.0,0.0,0.0,1.4685,1.4879,1.256,1.714,0.0,0.0,0.0,0.0,0.0,0.0,0.0,0.0,0.0,0,0,0,0.0,0.0,0.0,0.0,0,0,0,0,0.0,40,a,0,0,0,0.0,0.0,0.0,0.0,0.0,0.0,0.0,0.0,0.0,0.0,0.0,0.0,0.0,0.0,0.0,0.0,0.0,0.0
155465,Zetterer,Leeds,GK,0,0,0,0,0.0,0,0.0,0.0,0.0,0.0,0.0,0,0.0,0.0,0.0,0.0,0.0,1.4685,1.4879,1.256,1.714,0.0,0.0,0.0,0.0,0.0,0.0,0.0,0.0,0.0,0,0,0,0.0,0.0,0.0,0.0,0,0,0,0,0.0,40,a,0,0,0,0.0,0.0,0.0,0.0,0.0,0.0,0.0,0.0,0.0,0.0,0.0,0.0,0.0,0.0,0.0,0.0,0.0,0.0
437497,Bard,Leeds,DEF,18,0,0,0,0.0,0,0.0,0.0,0.0,0.0,0.0,0,0.0,0.0,0.0,0.0,0.0,1.4685,1.4879,1.256,1.714,0.0,0.0,0.0,0.0,0.0,0.0,0.0,0.0,0.0,0,0,0,0.0,0.0,0.0,0.0,0,0,0,0,0.0,45,a,0,0,0,0.0858,0.0039,0.0,-0.0103,-0.0026,0.0018,0.003,0.0059,0.0062,-0.0051,0.0001,0.0887,0.0063,0.0795,0.0858,0.0039,1.89,0.0208
587982,Bahoya,Leeds,MID,1,0,1,0,0.8,1,0.0,0.0,0.0,0.0,0.0,1,0.0,0.0,0.0,0.0,0.0,1.4685,1.4879,1.256,1.714,0.0,0.0,0.0,0.0,0.0,4.2045,0.0,0.0,0.0,0,0,5,473.0062,0.0,0.0,0.0,0,0,5,1,450.0,50,a,1,0,1,0.7594,0.4537,0.0,-0.0911,-0.0228,0.2804,0.23,0.3833,0.147,0.0,0.001,2.1399,0.5625,0.1969,0.7594,0.4537,43.6,0.5125
116535,A.Becker,Liverpool,GK,450,5,0,0,289.7,2430,0.0,0.0006,1.1036,0.0,0.7227,180,0.0,0.0,1.175,0.0,1.0,1.5881,1.2791,1.45,1.55,0.0,0.0019,3.5523,0.0,2.3264,59.5594,0.0,0.03,30.37,0,10,419,18.5031,0.0,0.0,2.35,0,2,37,180,18.5,55,a,0,1,1,1.0,0.995,1.0,-0.12,-0.03,0.6569,0.0016,0.0,1.2483,-0.4192,0.0,4.3325,1.0,0.0,1.0,0.995,89.81,1.0
449027,Mamardashvili,Liverpool,GK,0,0,0,0,129.0,867,0.0,0.0,1.3202,0.0,0.3199,180,0.0,0.0,1.175,0.0,0.0,1.5881,1.2791,1.45,1.55,0.0,0.0,1.8923,0.0,0.4585,19.9573,0.0,0.0,13.29,0,2,139,13.9237,0.0,0.0,2.35,0,0,19,180,9.5,48,a,0,0,0,0.0,0.0,0.0,0.0,0.0,0.0,0.0,0.0,0.0,0.0,0.0,0.0,0.0,0.0,0.0,0.0,0.0,0.0
155503,Woodman,Liverpool,GK,0,0,0,0,59.3,212,0.0,0.0,2.0516,0.0,0.0,180,0.0,0.0,2.3,0.0,0.0,1.5881,1.2791,1.45,1.55,0.0,0.0,1.3518,0.0,0.0,9.2837,0.0,0.0,4.76,0,0,34,14.0899,0.0,0.0,4.6,0,0,27,180,13.5,40,a,0,0,0,0.0,0.0,0.0,0.0,0.0,0.0,0.0,0.0,0.0,0.0,0.0,0.0,0.0,0.0,0.0,0.0,0.0,0.0
586268,Pecsi,Liverpool,GK,0,0,0,0,0.0,0,0.0,0.0,0.0,0.0,0.0,0,0.0,0.0,0.0,0.0,0.0,1.5881,1.2791,1.45,1.55,0.0,0.0,0.0,0.0,0.0,0.0,0.0,0.0,0.0,0,0,0,0.0,0.0,0.0,0.0,0,0,0,0,0.0,40,u,0,0,0,0.0,0.0,0.0,0.0,0.0,0.0,0.0,0.0,0.0,0.0,0.0,0.0,0.0,0.0,0.0,0.0,0.0,0.0
432987,Jaros,Liverpool,GK,0,0,0,0,0.0,0,0.0,0.0,0.0,0.0,0.0,0,0.0,0.0,0.0,0.0,0.0,1.5881,1.2791,1.45,1.55,0.0,0.0,0.0,0.0,0.0,0.0,0.0,0.0,0.0,0,0,0,0.0,0.0,0.0,0.0,0,0,0,0,0.0,40,i,0,0,0,0.0,0.0,0.0,0.0,0.0,0.0,0.0,0.0,0.0,0.0,0.0,0.0,0.0,0.0,0.0,0.0,0.0,0.0
464353,Davies,Liverpool,GK,0,0,0,0,0.0,0,0.0,0.0,0.0,0.0,0.0,0,0.0,0.0,0.0,0.0,0.0,1.5881,1.2791,1.45,1.55,0.0,0.0,0.0,0.0,0.0,0.0,0.0,0.0,0.0,0,0,0,0.0,0.0,0.0,0.0,0,0,0,0,0.0,40,a,0,0,0,0.0,0.0,0.0,0.0,0.0,0.0,0.0,0.0,0.0,0.0,0.0,0.0,0.0,0.0,0.0,0.0,0.0,0.0
97032,Virgil,Liverpool,DEF,450,5,0,0,478.2,3510,0.1211,0.0416,1.2791,9.3247,0.1907,540,0.1267,0.04,1.55,8.8333,0.0,1.5881,1.2791,1.45,1.55,0.6435,0.2211,6.7964,49.5453,1.0132,92.7186,3.77,1.45,48.42,365,10,619,17.4502,0.76,0.24,9.3,53,0,87,540,14.5,65,a,0,1,1,1.0,0.9732,0.0,-0.12,-0.03,0.2006,0.1271,0.6879,1.221,-0.4192,0.4749,3.6405,1.0,0.0,1.0,0.9732,88.98,1.0
216094,Frimpong,Liverpool,DEF,178,2,0,0,162.3,1032,0.0328,0.1084,1.2321,2.1629,0.098,211,0.0299,0.0597,1.736,0.8531,0.0,1.5881,1.2791,1.45,1.55,0.0591,0.1955,2.2218,3.9004,0.1768,30.2067,0.5,1.55,12.97,30,1,237,16.7505,0.07,0.14,4.07,2,0,10,211,4.2654,53,a,0,0,0,0.862,0.8246,0.0,-0.1034,-0.0259,0.1268,0.2368,0.188,1.0467,-0.3513,0.0033,2.8043,0.85,0.012,0.862,0.8246,74.95,0.8432
544877,Kerkez,Liverpool,DEF,385,4,0,0,299.5,2341,0.0587,0.0191,1.1465,4.9543,0.0969,311,0.0232,0.0145,1.1344,4.6302,0.0,1.5881,1.2791,1.45,1.55,0.1955,0.0635,3.8153,16.4867,0.3225,52.8205,1.55,0.7000000000000001,30.89,141,4,379,15.8726,0.08,0.05,3.92,16,0,41,311,11.865,53,a,0,1,1,1.0,0.9786,0.0,-0.12,-0.03,0.1233,0.0694,0.3454,1.2277,-0.4192,0.0516,3.1752,1.0,0.0,1.0,0.9786,91.14,1.0
171287,Gomez,Liverpool,DEF,0,0,0,0,84.2,594,0.0345,0.0485,1.5428,6.651,0.0945,82,0.0549,0.022,1.4159,7.6829,0.0,1.5881,1.2791,1.45,1.55,0.0323,0.0454,1.4434,6.2224,0.0884,7.745,0.28,0.64,9.31,46,2,94,8.2785,0.05,0.02,1.29,7,0,3,82,3.2927,49,a,0,0,0,0.0,0.0,0.0,0.0,0.0,0.0,0.0,0.0,0.0,0.0,0.0,0.0,0.0,0.0,0.0,0.0,0.0,0.0
492777,Bradley,Liverpool,DEF,0,0,0,0,44.5,928,0.0206,0.0742,0.8802,6.9201,0.3278,0,0.0,0.0,0.0,0.0,0.0,1.5881,1.2791,1.45,1.55,0.0102,0.0367,0.4352,3.4216,0.1621,9.4775,0.18,0.8400000000000001,10.77,65,2,157,19.168,0.0,0.0,0.0,0,0,0,0,0.0,50,i,0,0,0,0.0,0.0,0.0,0.0,0.0,0.0,0.0,0.0,0.0,0.0,0.0,0.0,0.0,0.0,0.0,0.0,0.0,0.0
519440,Lucky,Liverpool,DEF,0,0,0,0,0.0,0,0.0,0.0,0.0,0.0,0.0,0,0.0,0.0,0.0,0.0,0.0,1.5881,1.2791,1.45,1.55,0.0,0.0,0.0,0.0,0.0,0.0,0.0,0.0,0.0,0,0,0,0.0,0.0,0.0,0.0,0,0,0,0,0.0,40,a,0,0,0,0.0,0.0,0.0,0.0,0.0,0.0,0.0,0.0,0.0,0.0,0.0,0.0,0.0,0.0,0.0,0.0,0.0,0.0
606702,Jacquet,Liverpool,DEF,415,5,0,0,75.7,90,0.0,0.02,0.7898,7.998,0.0,90,0.0,0.02,0.79,8.0,0.0,1.5881,1.2791,1.45,1.55,0.0,0.0168,0.6643,6.7272,0.0,21.8633,0.0,0.02,0.79,8,0,26,25.9934,0.0,0.02,0.79,8,0,26,90,26.0,50,a,0,1,1,1.0,0.9421,0.0,-0.12,-0.03,0.2386,0.1214,0.2201,1.2837,-0.374,0.206,3.2819,1.0,0.0,1.0,0.9421,81.2,0.9222
647681,Leoni,Liverpool,DEF,0,0,0,0,0.0,0,0.0,0.0,0.0,0.0,0.0,0,0.0,0.0,0.0,0.0,0.0,1.5881,1.2791,1.45,1.55,0.0,0.0,0.0,0.0,0.0,0.0,0.0,0.0,0.0,0,0,0,0.0,0.0,0.0,0.0,0,0,0,0,0.0,40,i,0,0,0,0.0,0.0,0.0,0.0,0.0,0.0,0.0,0.0,0.0,0.0,0.0,0.0,0.0,0.0,0.0,0.0,0.0,0.0
214285,Tsimikas,Liverpool,DEF,64,1,0,0,0.0,0,0.0,0.0,0.0,0.0,0.0,0,0.0,0.0,0.0,0.0,0.0,1.5881,1.2791,1.45,1.55,0.0,0.0,0.0,0.0,0.0,0.0,0.0,0.0,0.0,0,0,0,0.0,0.0,0.0,0.0,0,0,0,0,0.0,49,a,0,0,0,0.8275,0.5632,0.0,-0.0993,-0.0248,0.2061,0.0737,0.1474,0.9659,-0.2084,0.0144,2.4512,0.8125,0.015,0.8275,0.5632,49.31,0.5811
489580,Ramsay,Liverpool,DEF,0,0,0,0,0.0,0,0.0,0.0,0.0,0.0,0.0,0,0.0,0.0,0.0,0.0,0.0,1.5881,1.2791,1.45,1.55,0.0,0.0,0.0,0.0,0.0,0.0,0.0,0.0,0.0,0,0,0,0.0,0.0,0.0,0.0,0,0,0,0,0.0,40,u,0,0,0,0.0,0.0,0.0,0.0,0.0,0.0,0.0,0.0,0.0,0.0,0.0,0.0,0.0,0.0,0.0,0.0,0.0,0.0
494595,Wirtz,Liverpool,MID,402,5,0,0,306.5,2444,0.2867,0.1667,1.4003,7.7035,0.4471,291,0.334,0.1021,2.0845,8.0412,0.3093,1.5881,1.2791,1.45,1.55,0.9764,0.5676,4.7687,26.2346,1.5226,75.9321,7.05,5.19,34.65,184,17,546,22.2965,1.0799999999999998,0.33,6.739999999999999,26,1,68,291,21.0309,73,a,0,1,1,1.0,0.8615,0.0,-0.12,-0.03,0.4537,0.4411,1.2041,0.3027,0.0,0.1057,4.1132,1.0,0.0,1.0,0.8615,76.47,0.8933
243298,Gakpo,Liverpool,MID,370,4,0,0,422.8,2826,0.2526,0.1669,1.2439,4.6954,0.0355,509,0.2599,0.1026,1.6267,3.89,0.0,1.5881,1.2791,1.45,1.55,1.1868,0.7842,5.8434,22.0578,0.1667,54.6832,8.55,5.16,35.73,157,5,462,11.6402,1.47,0.58,9.2,22,0,43,509,7.6031,72,i,0,1,1,0.0,0.0,0.0,0.0,0.0,0.0,0.0,0.0,0.0,0.0,0.0,0.0,0.0,0.0,0.0,0.0,0.0,0.0
424876,Szoboszlai,Liverpool,MID,440,5,0,0,451.0,3312,0.1378,0.2048,1.2983,8.531,0.5416,530,0.1664,0.2377,1.5572,6.4528,0.6792,1.5881,1.2791,1.45,1.55,0.6905,1.0261,6.5057,42.7497,2.7139,104.5251,4.89,6.85,46.29,344,21,785,20.8587,0.98,1.4,9.17,38,4,137,530,23.2642,69,a,0,1,1,1.0,0.939,0.0,-0.12,-0.03,0.5376,0.5854,0.6794,0.3015,0.0,0.2715,3.8929,1.0,0.0,1.0,0.939,85.8,0.9778
611922,Ngumoha,Liverpool,MID,99,1,0,0,136.6,547,0.1634,0.2499,1.2867,4.7287,0.6668,243,0.1111,0.0963,1.2889,4.4444,0.3704,1.5881,1.2791,1.45,1.55,0.248,0.3793,1.953,7.1771,1.012,34.1272,1.34,2.01,8.92,30,4,188,22.485,0.3,0.26,3.4800000000000004,12,1,40,243,14.8148,57,a,0,0,0,0.8969,0.7813,0.0,-0.1076,-0.0269,0.4889,0.5374,0.6717,0.2451,0.0,0.0142,3.4867,0.8125,0.0844,0.8969,0.7813,75.17,0.8493
223541,Chiesa,Liverpool,MID,0,0,0,0,31.6,317,0.2865,0.1401,2.0934,6.155,0.0,40,0.2025,0.0,2.4525,2.25,0.0,1.5881,1.2791,1.45,1.55,0.1006,0.0492,0.735,2.1611,0.0,9.609,1.45,0.61,6.5,30,0,135,27.3674,0.09,0.0,1.09,1,0,10,40,22.5,53,d,0,0,0,0.0,0.0,0.0,0.0,0.0,0.0,0.0,0.0,0.0,0.0,0.0,0.0,0.0,0.0,0.0,0.0,0.0,0.0
441266,Gravenberch,Liverpool,MID,190,2,1,0,351.3,3000,0.0567,0.0622,1.2635,8.2668,0.4164,347,0.0597,0.0441,1.3643,6.4841,0.7781,1.5881,1.2791,1.45,1.55,0.2215,0.2428,4.932,32.2681,1.6252,73.407,1.89,2.27,38.55,299,17,674,18.8062,0.23,0.17,5.26,25,3,78,347,20.2305,58,a,1,0,1,1.0,0.9151,0.0,-0.12,-0.03,0.4251,0.2022,0.3138,0.3044,0.0,0.2011,3.0107,1.0,0.0,1.0,0.9151,82.2,0.9444
243016,Mac Allister,Liverpool,MID,306,3,0,0,413.3,2744,0.1107,0.0552,1.3106,8.7509,0.3878,540,0.085,0.0633,1.55,8.5,0.5,1.5881,1.2791,1.45,1.55,0.5082,0.2536,6.0184,40.1863,1.7808,80.3196,3.89,1.74,37.76,242,9,509,17.4904,0.51,0.38,9.3,51,3,108,540,18.0,54,a,0,1,1,1.0,0.9611,0.0,-0.12,-0.03,0.4005,0.1978,0.5757,0.3014,0.0,0.3446,3.2865,1.0,0.0,1.0,0.9611,90.45,1.0
206915,C.Jones,Liverpool,MID,0,0,0,0,282.3,1923,0.1314,0.0867,1.5198,11.8261,0.5245,446,0.1453,0.0404,1.7173,10.2915,0.6054,1.5881,1.2791,1.45,1.55,0.4121,0.2719,4.7671,37.0946,1.6453,68.05,2.21,2.77,31.44,237,6,447,21.695,0.72,0.2,8.51,51,3,112,446,22.6009,55,u,0,0,0,0.0,0.0,0.0,0.0,0.0,0.0,0.0,0.0,0.0,0.0,0.0,0.0,0.0,0.0,0.0,0.0,0.0,0.0
158983,Endo,Liverpool,MID,0,0,0,0,16.5,170,0.03,0.0305,1.5595,11.976,0.0,0,0.0,0.0,0.0,0.0,0.0,1.5881,1.2791,1.45,1.55,0.0055,0.0056,0.2859,2.1956,0.0,3.7094,0.04,0.05,4.11,23,0,49,20.2331,0.0,0.0,0.0,0,0,0,0,0.0,49,a,0,0,0,0.0,0.0,0.0,0.0,0.0,0.0,0.0,0.0,0.0,0.0,0.0,0.0,0.0,0.0,0.0,0.0,0.0,0.0
591386,Nyoni,Liverpool,MID,38,0,1,0,21.0,40,0.2571,0.0249,1.5703,24.366,0.0,26,0.0,0.0346,2.0077,27.6923,0.0,1.5881,1.2791,1.45,1.55,0.06,0.0058,0.3664,5.6854,0.0,4.5651,0.37,0.02,0.99,10,0,14,19.5647,0.0,0.01,0.5800000000000001,8,0,5,26,17.3077,48,a,1,0,1,0.7594,0.4306,0.0,-0.0911,-0.0228,0.2524,0.2109,0.4125,0.1614,0.0,0.015,2.1133,0.5625,0.1969,0.7594,0.4306,43.07,0.5125
535928,Bajcetic,Liverpool,MID,0,0,0,0,0.0,0,0.0,0.0,0.0,0.0,0.0,0,0.0,0.0,0.0,0.0,0.0,1.5881,1.2791,1.45,1.55,0.0,0.0,0.0,0.0,0.0,0.0,0.0,0.0,0.0,0,0,0,0.0,0.0,0.0,0.0,0,0,0,0,0.0,50,u,0,0,0,0.0,0.0,0.0,0.0,0.0,0.0,0.0,0.0,0.0,0.0,0.0,0.0,0.0,0.0,0.0,0.0,0.0,0.0
551499,Munoz,Liverpool,MID,257,3,1,0,15.1,18,0.0,0.301,0.7015,15.036,0.0,18,0.0,0.3,0.7,15.0,0.0,1.5881,1.2791,1.45,1.55,0.0,0.0505,0.1177,2.5227,0.0,5.8863,0.0,0.06,0.14,3,0,7,35.0839,0.0,0.06,0.14,3,0,7,18,35.0,65,a,1,0,1,1.0,0.8401,0.0,-0.12,-0.03,0.4755,0.4144,0.6261,0.3002,0.0,0.0067,3.5064,1.0,0.0,1.0,0.8401,74.68,0.8778
491501,McConnell,Liverpool,MID,0,0,0,0,0.0,0,0.0,0.0,0.0,0.0,0.0,0,0.0,0.0,0.0,0.0,0.0,1.5881,1.2791,1.45,1.55,0.0,0.0,0.0,0.0,0.0,0.0,0.0,0.0,0.0,0,0,0,0.0,0.0,0.0,0.0,0,0,0,0,0.0,44,a,0,0,0,0.0,0.0,0.0,0.0,0.0,0.0,0.0,0.0,0.0,0.0,0.0,0.0,0.0,0.0,0.0,0.0,0.0,0.0
219168,Isak,Liverpool,FWD,413,5,0,0,136.7,774,0.5612,0.0148,1.0414,2.3869,2.0901,181,0.5867,0.0149,1.3475,2.9834,2.4862,1.5881,1.2791,1.45,1.55,0.8524,0.0225,1.5818,3.6255,3.1746,42.5828,3.34,0.1,9.04,31,7,171,28.0355,1.18,0.03,2.71,6,5,68,181,33.8122,91,i,0,1,1,0.0,0.0,0.0,0.0,0.0,0.0,0.0,0.0,0.0,0.0,0.0,0.0,0.0,0.0,0.0,0.0,0.0,0.0
510663,Ekitiké,Liverpool,FWD,0,0,0,0,138.0,1797,0.545,0.1583,1.2987,4.3034,0.9612,0,0.0,0.0,0.0,0.0,0.0,1.5881,1.2791,1.45,1.55,0.8357,0.2427,1.9914,6.5985,1.4739,31.1097,10.1,2.45,26.11,85,22,433,20.2889,0.0,0.0,0.0,0,0,0,0,0.0,74,i,0,0,0,0.0,0.0,0.0,0.0,0.0,0.0,0.0,0.0,0.0,0.0,0.0,0.0,0.0,0.0,0.0,0.0,0.0,0.0
514514,Koumas,Liverpool,MID,22,0,1,0,7.6,9,2.4892,0.0,1.3938,0.0,0.0,9,2.5,0.0,1.4,0.0,0.0,1.5881,1.2791,1.45,1.55,0.2102,0.0,0.1177,0.0,0.0,5.8863,0.25,0.0,0.14,0,0,7,69.7062,0.25,0.0,0.14,0,0,7,9,70.0,50,a,1,0,1,0.7594,0.4306,0.0,-0.0911,-0.0228,0.2742,0.2248,0.5347,0.1614,0.0,0.0008,2.2712,0.5625,0.1969,0.7594,0.4306,43.07,0.5125
500058,Danns,Liverpool,FWD,0,0,0,0,0.0,0,0.0,0.0,0.0,0.0,0.0,0,0.0,0.0,0.0,0.0,0.0,1.5881,1.2791,1.45,1.55,0.0,0.0,0.0,0.0,0.0,0.0,0.0,0.0,0.0,0,0,0,0.0,0.0,0.0,0.0,0,0,0,0,0.0,45,a,0,0,0,0.0,0.0,0.0,0.0,0.0,0.0,0.0,0.0,0.0,0.0,0.0,0.0,0.0,0.0,0.0,0.0,0.0,0.0
444884,Elliott,Liverpool,MID,0,0,0,0,3.7,110,0.3819,0.0876,0.9365,5.4827,0.0,0,0.0,0.0,0.0,0.0,0.0,1.5881,1.2791,1.45,1.55,0.0157,0.0036,0.0385,0.2254,0.0,0.7363,0.29,0.08,1.7400000000000002,6,0,17,17.91,0.0,0.0,0.0,0,0,0,0,0.0,54,u,0,0,0,0.0,0.0,0.0,0.0,0.0,0.0,0.0,0.0,0.0,0.0,0.0,0.0,0.0,0.0,0.0,0.0,0.0,0.0
445087,Araujo,Liverpool,DEF,284,3,0,0,75.7,90,0.0,0.01,0.7898,4.9987,0.9997,90,0.0,0.01,0.79,5.0,1.0,1.5881,1.2791,1.45,1.55,0.0,0.0084,0.6643,4.2045,0.8409,23.5451,0.0,0.01,0.79,5,1,28,27.9929,0.0,0.01,0.79,5,1,28,90,28.0,54,a,0,1,1,1.0,0.9786,0.0,-0.12,-0.03,0.4431,0.1255,0.2386,1.2277,-0.4192,0.2351,3.4443,1.0,0.0,1.0,0.9786,91.14,1.0
482616,Barcola,Liverpool,MID,168,2,0,0,59.7,71,0.0633,0.038,0.8367,3.8031,0.0,71,0.0634,0.038,0.8366,3.8028,0.0,1.5881,1.2791,1.45,1.55,0.042,0.0252,0.555,2.5227,0.0,6.7272,0.05,0.03,0.66,3,0,8,10.1415,0.05,0.03,0.66,3,0,8,71,10.1408,80,a,0,1,1,1.0,0.9054,0.0,-0.12,-0.03,0.4157,0.3671,0.6318,0.3048,0.0,0.0044,3.4747,1.0,0.0,1.0,0.9054,80.97,0.9333
448047,Enzo,Man City,MID,271,3,0,0,442.6,3204,0.1911,0.2287,1.7233,6.329,0.5335,450,0.108,0.224,1.948,5.6,1.0,2.2972,1.7508,2.374,2.156,0.9399,1.1247,8.4748,31.1248,2.6236,110.493,11.3,7.52,48.46,249,19,733,22.4681,0.54,1.12,9.74,28,5,125,450,25.0,69,a,0,1,1,1.0,0.949,0.0,-0.12,-0.03,0.5302,0.6628,0.9353,0.2042,0.0,0.0895,4.1315,1.0,0.0,1.0,0.949,88.38,1.0
440993,Ndiaye,Man City,MID,385,4,0,0,419.2,2855,0.206,0.1033,1.8012,7.6041,0.1691,524,0.2834,0.0515,1.7588,5.1527,0.0,2.2972,1.7508,2.374,2.156,0.9594,0.481,8.3894,35.4183,0.7875,84.4752,6.78,4.550000000000001,45.83,287,7,571,18.1364,1.65,0.3,10.239999999999998,30,0,75,524,12.8817,58,a,0,1,1,1.0,0.9578,0.0,-0.12,-0.03,0.2052,0.3252,0.9994,0.2061,0.0,0.2087,3.5438,1.0,0.0,1.0,0.9578,90.31,1.0
204936,Donnarumma,Man City,GK,450,5,0,0,447.1,3150,0.0,0.0078,1.5975,0.0,0.2028,450,0.0,0.026,1.85,0.0,0.4,2.2972,1.7508,2.374,2.156,0.0,0.0386,7.936,0.0,1.0073,76.0334,0.0,0.13,42.07,0,5,576,15.3053,0.0,0.13,9.25,0,2,70,450,14.0,55,a,0,1,1,1.0,0.995,1.0,-0.12,-0.03,0.2025,0.0211,0.0,0.8565,-0.6412,0.0,3.2838,1.0,0.0,1.0,0.995,89.81,1.0
122074,Bettinelli,Man City,GK,0,0,0,0,0.0,0,0.0,0.0,0.0,0.0,0.0,0,0.0,0.0,0.0,0.0,0.0,2.2972,1.7508,2.374,2.156,0.0,0.0,0.0,0.0,0.0,0.0,0.0,0.0,0.0,0,0,0,0.0,0.0,0.0,0.0,0,0,0,0,0.0,45,a,0,0,0,0.0,0.0,0.0,0.0,0.0,0.0,0.0,0.0,0.0,0.0,0.0,0.0,0.0,0.0,0.0,0.0,0.0,0.0
472769,O'Reilly,Man City,DEF,163,2,1,0,306.0,2648,0.4868,0.1022,1.3264,5.4667,0.47,275,0.5531,0.0851,1.764,4.5818,0.0,2.2972,1.7508,2.374,2.156,1.6551,0.3474,4.5096,18.5868,1.5981,66.8637,6.9,2.67,35.36,174,10,570,19.6658,1.69,0.26,5.39,14,0,30,275,9.8182,63,d,1,0,1,1.0,0.807,0.0,-0.12,-0.03,0.4502,0.2291,2.0773,0.924,-0.4709,0.0154,4.8666,1.0,0.0,1.0,0.807,67.74,0.7944
209036,Guéhi,Man City,DEF,450,5,0,0,439.7,3240,0.1069,0.0444,1.648,6.964,0.3412,450,0.054,0.03,1.85,6.4,0.2,2.2972,1.7508,2.374,2.156,0.5223,0.2169,8.0513,34.0229,1.6668,93.3539,4.11,2.38,48.15,282,14,701,19.1081,0.27,0.15,9.25,32,1,96,450,19.2,60,a,0,1,1,1.0,0.9709,0.0,-0.12,-0.03,0.3372,0.1348,0.6081,0.8357,-0.6412,0.177,3.0955,1.0,0.0,1.0,0.9709,88.89,1.0
465351,Matheus N.,Man City,DEF,213,2,0,0,421.1,2951,0.0053,0.0564,1.6101,6.0022,0.2627,417,0.0,0.0259,1.9381,6.4748,0.0,2.2972,1.7508,2.374,2.156,0.0246,0.2639,7.5335,28.0838,1.2292,76.4144,0.3399999999999999,2.24,38.46,204,16,676,16.3317,0.0,0.12,8.98,30,0,51,417,11.0072,59,a,0,1,1,1.0,0.9768,0.0,-0.12,-0.03,0.2667,0.1672,0.0602,0.8408,-0.6412,0.1101,2.5204,1.0,0.0,1.0,0.9768,91.07,1.0
171314,Rúben,Man City,DEF,450,5,0,0,233.4,2229,0.0787,0.02,1.9932,5.673,0.1132,180,0.1,0.01,2.67,3.5,0.0,2.2972,1.7508,2.374,2.156,0.2041,0.0519,5.169,14.7119,0.2935,23.2302,0.77,0.65,29.64,171,4,446,8.9577,0.2,0.02,5.34,7,0,-1,180,-0.5,55,a,0,1,1,1.0,0.9709,0.0,-0.12,-0.03,0.1386,0.0722,0.4488,0.8357,-0.6412,0.0821,2.675,1.0,0.0,1.0,0.9709,88.89,1.0
477424,Gvardiol,Man City,DEF,434,5,0,0,154.9,1460,0.0827,0.3341,2.2775,6.7669,0.1159,159,0.034,0.3906,2.4509,6.2264,0.0,2.2972,1.7508,2.374,2.156,0.1424,0.5751,3.9199,11.6466,0.1995,35.4239,2.25,1.33,19.62,110,5,325,20.582,0.06,0.69,4.33,11,0,34,159,19.2453,57,a,0,1,1,1.0,0.9583,0.0,-0.12,-0.03,0.1515,0.8077,0.442,0.8658,-0.6114,0.1436,3.4638,1.0,0.0,1.0,0.9583,85.35,0.9644
448514,Aït-Nouri,Man City,DEF,0,0,0,0,144.9,971,0.0534,0.1925,1.09,5.1055,0.8763,103,0.0437,0.2359,0.9,4.3689,0.0,2.2972,1.7508,2.374,2.156,0.0859,0.3099,1.7549,8.2198,1.4109,37.9257,0.53,2.01,12.25,67,9,237,23.5563,0.05,0.27,1.03,5,0,22,103,19.2233,52,a,0,0,0,0.0,0.0,0.0,0.0,0.0,0.0,0.0,0.0,0.0,0.0,0.0,0.0,0.0,0.0,0.0,0.0,0.0,0.0
578153,Khusanov,Man City,DEF,268,3,0,0,236.8,1427,0.0466,0.1398,1.3717,7.1939,0.2851,270,0.0233,0.28,1.8133,5.6667,0.0,2.2972,1.7508,2.374,2.156,0.1225,0.3677,3.609,18.9279,0.75,48.3237,0.65,1.21,20.89,123,3,293,18.3663,0.07,0.8400000000000001,5.44,17,0,44,270,14.6667,54,a,0,0,0,0.885,0.8476,0.0,-0.1062,-0.0266,0.252,0.319,0.2469,0.737,-0.5562,0.1773,2.5986,0.875,0.01,0.885,0.8476,77.34,0.8707
494307,Alleyne,Man City,DEF,0,0,0,0,12.3,135,0.1741,0.0395,1.0185,7.1729,0.0,0,0.0,0.0,0.0,0.0,0.0,2.2972,1.7508,2.374,2.156,0.0238,0.0054,0.1392,0.9803,0.0,2.4665,0.26,0.06,1.54,11,0,27,18.0476,0.0,0.0,0.0,0,0,0,0,0.0,50,u,0,0,0,0.0,0.0,0.0,0.0,0.0,0.0,0.0,0.0,0.0,0.0,0.0,0.0,0.0,0.0,0.0,0.0,0.0,0.0
477064,Lewis,Man City,DEF,56,1,0,0,49.7,401,0.0723,0.1396,1.7357,1.4539,0.0565,90,0.08,0.08,1.77,0.0,0.0,2.2972,1.7508,2.374,2.156,0.0399,0.0771,0.9585,0.8029,0.0312,1.4496,0.19,1.39,6.8100000000000005,19,2,72,2.625,0.08,0.08,1.77,0,0,-3,90,-3.0,44,a,0,0,0,0.8275,0.447,0.0,-0.0993,-0.0248,0.1381,0.1494,0.189,0.6151,-0.2721,0.0005,1.9699,0.8125,0.015,0.8275,0.447,44.34,0.5089
616222,Vitor Reis,Man City,DEF,1,0,0,0,0.0,0,0.0,0.0,0.0,0.0,0.0,0,0.0,0.0,0.0,0.0,0.0,2.2972,1.7508,2.374,2.156,0.0,0.0,0.0,0.0,0.0,0.0,0.0,0.0,0.0,0,0,0,0.0,0.0,0.0,0.0,0,0,0,0,0.0,45,a,0,0,0,0.0804,0.0006,0.0,-0.0096,-0.0024,0.0001,0.0027,0.0054,0.0008,-0.0053,0.0,0.0727,0.0004,0.08,0.0804,0.0006,1.62,0.018
437730,Semenyo,Man City,MID,450,5,0,0,442.8,3290,0.2367,0.107,1.5766,5.7054,0.5946,456,0.1421,0.1224,1.4408,4.9342,0.5921,2.2972,1.7508,2.374,2.156,1.1644,0.5263,7.7571,28.0708,2.9253,129.55,11.26,3.29,51.24,243,20,743,26.3313,0.72,0.6200000000000001,7.3,25,3,141,456,27.8289,84,d,0,1,1,1.0,0.947,0.0,-0.12,-0.03,0.5855,0.3334,1.1418,0.2038,0.0,0.0536,4.0615,1.0,0.0,1.0,0.947,87.99,1.0
209244,Foden,Man City,MID,217,3,0,0,198.5,2078,0.233,0.2296,1.426,7.197,0.6349,251,0.2474,0.2653,1.7319,7.1713,1.0757,2.2972,1.7508,2.374,2.156,0.5138,0.5065,3.1452,15.8733,1.4002,51.9083,6.03,4.76,27.38,160,13,563,23.5352,0.6900000000000001,0.74,4.83,20,3,66,251,23.6653,69,s,0,0,0,0.0,0.0,0.0,0.0,0.0,0.0,0.0,0.0,0.0,0.0,0.0,0.0,0.0,0.0,0.0,0.0,0.0,0.0
466052,Cherki,Man City,MID,302,4,0,0,315.3,1856,0.2244,0.3433,1.8804,5.4092,0.7161,310,0.1945,0.27,2.5519,4.0645,0.2903,2.2972,1.7508,2.374,2.156,0.7863,1.2028,6.5878,18.9503,2.5086,99.7759,4.41,9.0,28.41,140,17,615,28.4803,0.67,0.93,8.79,14,1,82,310,23.8065,78,a,0,1,1,1.0,0.7551,0.0,-0.12,-0.03,0.6818,0.7868,0.8917,0.203,0.0,0.0105,4.1684,1.0,0.0,1.0,0.7551,69.74,0.8389
248875,Doku,Man City,MID,15,0,1,0,231.9,1788,0.2233,0.3433,1.3159,6.8799,0.8964,314,0.2408,0.3382,1.499,4.8726,1.7197,2.2972,1.7508,2.374,2.156,0.5753,0.8845,3.3907,17.7273,2.3096,81.4658,3.1,6.180000000000001,23.62,128,15,533,31.6167,0.8400000000000001,1.1800000000000002,5.23,17,6,143,314,40.9873,74,a,1,0,1,0.7594,0.4191,0.0,-0.0911,-0.0228,0.4677,0.4792,0.5415,0.1135,0.0,0.0194,2.6665,0.5625,0.1969,0.7594,0.4191,42.8,0.5125
220566,Rodrigo,Man City,MID,0,0,0,0,203.6,1510,0.1062,0.159,1.2895,11.8643,0.4798,90,0.36,0.12,1.99,12.0,1.0,2.2972,1.7508,2.374,2.156,0.2402,0.3596,2.9171,26.8397,1.0855,48.6558,1.15,2.45,20.74,206,6,350,21.508,0.36,0.12,1.99,12,1,27,90,27.0,65,u,0,0,0,0.0,0.0,0.0,0.0,0.0,0.0,0.0,0.0,0.0,0.0,0.0,0.0,0.0,0.0,0.0,0.0,0.0,0.0
433036,Reijnders,Man City,MID,0,0,0,0,121.9,1623,0.3304,0.1361,1.0217,5.1782,0.2353,135,0.4333,0.0533,1.0267,3.3333,0.0,2.2972,1.7508,2.374,2.156,0.4475,0.1844,1.3839,7.0136,0.3187,20.4411,4.61,2.35,18.82,100,6,337,15.0919,0.65,0.08,1.54,5,0,12,135,8.0,60,u,0,0,0,0.0,0.0,0.0,0.0,0.0,0.0,0.0,0.0,0.0,0.0,0.0,0.0,0.0,0.0,0.0,0.0,0.0,0.0
91651,Kovačić,Man City,MID,42,0,0,0,41.6,125,0.0969,0.2782,2.8335,13.553,0.0,112,0.1045,0.3134,2.7161,14.4643,0.0,2.2972,1.7508,2.374,2.156,0.0448,0.1286,1.3097,6.2645,0.0,12.137,0.13,0.42,4.0,18,0,41,26.2579,0.13,0.39,3.38,18,0,34,112,27.3214,53,a,0,0,0,0.4581,0.0103,0.0,-0.055,-0.0137,0.0054,0.0584,0.072,0.0035,0.0,0.0001,0.539,0.0147,0.4434,0.4581,0.0103,9.58,0.1059
575204,Echeverri,Man City,MID,0,0,0,0,0.0,0,0.0,0.0,0.0,0.0,0.0,0,0.0,0.0,0.0,0.0,0.0,2.2972,1.7508,2.374,2.156,0.0,0.0,0.0,0.0,0.0,0.0,0.0,0.0,0.0,0,0,0,0.0,0.0,0.0,0.0,0,0,0,0,0.0,49,u,0,0,0,0.0,0.0,0.0,0.0,0.0,0.0,0.0,0.0,0.0,0.0,0.0,0.0,0.0,0.0,0.0,0.0,0.0,0.0
155405,Phillips,Man City,MID,0,0,0,0,0.0,0,0.0,0.0,0.0,0.0,0.0,0,0.0,0.0,0.0,0.0,0.0,2.2972,1.7508,2.374,2.156,0.0,0.0,0.0,0.0,0.0,0.0,0.0,0.0,0.0,0,0,0,0.0,0.0,0.0,0.0,0,0,0,0,0.0,50,u,0,0,0,0.0,0.0,0.0,0.0,0.0,0.0,0.0,0.0,0.0,0.0,0.0,0.0,0.0,0.0,0.0,0.0,0.0,0.0
590039,Mukasa,Man City,MID,0,0,0,0,1.9,25,0.0,0.6395,1.2647,2.9605,0.0,0,0.0,0.0,0.0,0.0,0.0,2.2972,1.7508,2.374,2.156,0.0,0.0135,0.0267,0.0625,0.0,0.4142,0.0,0.21,0.3399999999999999,1,0,5,19.62,0.0,0.0,0.0,0,0,0,0,0.0,45,u,0,0,0,0.0,0.0,0.0,0.0,0.0,0.0,0.0,0.0,0.0,0.0,0.0,0.0,0.0,0.0,0.0,0.0,0.0,0.0
649208,Monga,Man City,MID,0,0,0,0,0.0,0,0.0,0.0,0.0,0.0,0.0,0,0.0,0.0,0.0,0.0,0.0,2.2972,1.7508,2.374,2.156,0.0,0.0,0.0,0.0,0.0,0.0,0.0,0.0,0.0,0,0,0,0.0,0.0,0.0,0.0,0,0,0,0,0.0,49,u,0,0,0,0.0,0.0,0.0,0.0,0.0,0.0,0.0,0.0,0.0,0.0,0.0,0.0,0.0,0.0,0.0,0.0,0.0,0.0
223094,Haaland,Man City,FWD,450,5,0,0,391.0,3043,0.7424,0.0928,1.7005,2.762,0.9273,360,0.7675,0.16,2.1425,2.0,1.5,2.2972,1.7508,2.374,2.156,3.2251,0.4031,7.3877,11.9993,4.0286,110.9218,26.59,2.69,42.17,106,43,977,25.5319,3.0700000000000003,0.64,8.57,8,6,132,360,33.0,156,a,0,1,1,1.0,0.947,0.0,-0.12,-0.03,0.8935,0.2961,2.8077,0.0,0.0,0.0005,5.7943,1.0,0.0,1.0,0.947,87.99,1.0
215379,Anderson,Man City,MID,413,5,0,0,452.2,3422,0.0598,0.1515,1.8849,13.2682,0.6074,469,0.0748,0.2168,2.3335,13.049,1.1514,2.2972,1.7508,2.374,2.156,0.3006,0.7611,9.4707,66.6651,3.052,113.0748,2.96,4.8100000000000005,57.22,524,16,810,22.5049,0.39,1.13,12.16,68,6,148,469,28.4009,63,a,0,1,1,1.0,0.8805,0.0,-0.12,-0.03,0.5974,0.4167,0.3128,0.212,0.0,0.7711,3.2695,1.0,0.0,1.0,0.8805,78.94,0.9178
106921,Rulli,Man City,GK,0,0,0,0,0.0,0,0.0,0.0,0.0,0.0,0.0,0,0.0,0.0,0.0,0.0,0.0,2.2972,1.7508,2.374,2.156,0.0,0.0,0.0,0.0,0.0,0.0,0.0,0.0,0.0,0,0,0,0.0,0.0,0.0,0.0,0,0,0,0,0.0,50,a,0,0,0,0.0,0.0,0.0,0.0,0.0,0.0,0.0,0.0,0.0,0.0,0.0,0.0,0.0,0.0,0.0,0.0,0.0,0.0
637238,Bouaddi,Man City,MID,22,0,0,0,0.0,0,0.0,0.0,0.0,0.0,0.0,0,0.0,0.0,0.0,0.0,0.0,2.2972,1.7508,2.374,2.156,0.0,0.0,0.0,0.0,0.0,0.0,0.0,0.0,0.0,0,0,0,0.0,0.0,0.0,0.0,0,0,0,0,0.0,55,a,0,0,0,0.4542,0.0065,0.0,-0.0545,-0.0136,0.0036,0.0436,0.0727,0.0022,0.0,0.0,0.5148,0.0077,0.4465,0.4542,0.0065,9.3,0.1031
616288,McAidoo,Man City,MID,11,0,0,0,0.0,0,0.0,0.0,0.0,0.0,0.0,0,0.0,0.0,0.0,0.0,0.0,2.2972,1.7508,2.374,2.156,0.0,0.0,0.0,0.0,0.0,0.0,0.0,0.0,0.0,0,0,0,0.0,0.0,0.0,0.0,0,0,0,0,0.0,44,a,0,0,0,0.4522,0.0044,0.0,-0.0543,-0.0136,0.0019,0.0443,0.0739,0.0015,0.0,0.0,0.5103,0.0039,0.4483,0.4522,0.0044,9.15,0.1016
554054,Braithwaite,Man City,DEF,1,0,0,0,0.0,0,0.0,0.0,0.0,0.0,0.0,0,0.0,0.0,0.0,0.0,0.0,2.2972,1.7508,2.374,2.156,0.0,0.0,0.0,0.0,0.0,0.0,0.0,0.0,0.0,0,0,0,0.0,0.0,0.0,0.0,0,0,0,0,0.0,40,a,0,0,0,0.0804,0.0006,0.0,-0.0096,-0.0024,0.0001,0.0027,0.0054,0.0008,-0.0053,0.0,0.0727,0.0004,0.08,0.0804,0.0006,1.62,0.018
624777,Allan,Man City,MID,0,0,0,0,0.0,0,0.0,0.0,0.0,0.0,0.0,0,0.0,0.0,0.0,0.0,0.0,2.2972,1.7508,2.374,2.156,0.0,0.0,0.0,0.0,0.0,0.0,0.0,0.0,0.0,0,0,0,0.0,0.0,0.0,0.0,0,0,0,0,0.0,60,a,0,0,0,0.8075,0.4839,0.0,-0.0969,-0.0242,0.325,0.2595,0.4325,0.1311,0.0,0.0011,2.3184,0.65,0.1575,0.8075,0.4839,48.06,0.5767
595480,Samba,Man City,MID,0,0,0,0,0.0,0,0.0,0.0,0.0,0.0,0.0,0,0.0,0.0,0.0,0.0,0.0,2.2972,1.7508,2.374,2.156,0.0,0.0,0.0,0.0,0.0,0.0,0.0,0.0,0.0,0,0,0,0.0,0.0,0.0,0.0,0,0,0,0,0.0,45,a,0,0,0,0.0,0.0,0.0,0.0,0.0,0.0,0.0,0.0,0.0,0.0,0.0,0.0,0.0,0.0,0.0,0.0,0.0,0.0
166989,Tielemans,Man Utd,MID,402,5,0,0,310.6,1947,0.0535,0.1633,1.4532,10.8955,0.0636,449,0.0481,0.1243,1.343,10.6236,0.0,1.6964,1.3408,2.0117,1.31,0.1848,0.5634,5.015,37.6017,0.2194,72.5836,1.23,3.46,32.96,216,3,439,21.032,0.24,0.6200000000000001,6.7,53,0,100,449,20.0445,58,a,0,1,1,1.0,0.8735,0.0,-0.12,-0.03,0.1301,0.4322,0.3046,0.2931,0.0,0.3675,2.8835,1.0,0.0,1.0,0.8735,76.81,0.8933
535301,Baleba,Man Utd,MID,0,0,0,0,193.7,1646,0.0612,0.0631,0.9208,12.8137,0.0,266,0.0744,0.0372,1.0049,15.2256,0.0,1.6964,1.3408,2.0117,1.31,0.1317,0.1357,1.9818,27.578,0.0,34.1824,0.78,0.72,20.4,209,0,231,15.8824,0.22,0.11,2.97,45,0,56,266,18.9474,49,a,0,0,0,0.0,0.0,0.0,0.0,0.0,0.0,0.0,0.0,0.0,0.0,0.0,0.0,0.0,0.0,0.0,0.0,0.0,0.0
532605,Andrey Santos,Man Utd,MID,82,1,0,0,164.8,1247,0.1071,0.053,1.3556,8.2378,0.5793,184,0.1223,0.0245,1.1152,7.8261,1.4674,1.6964,1.3408,2.0117,1.31,0.1961,0.097,2.4822,15.0844,1.0607,42.8427,2.0,0.88,18.91,129,3,257,23.3971,0.25,0.05,2.28,16,3,71,184,34.7283,48,a,0,0,0,0.8969,0.726,0.0,-0.1076,-0.0269,0.4566,0.1691,0.4421,0.2388,0.0,0.1019,2.795,0.8125,0.0844,0.8969,0.726,65.7,0.759
59735,Darlow,Man Utd,GK,0,0,0,0,331.1,1980,0.0,0.0021,1.4791,0.0,0.2883,360,0.0,0.0025,1.8775,0.0,0.75,1.6964,1.3408,2.0117,1.31,0.0,0.0078,5.4416,0.0,1.0607,63.2103,0.0,0.05,28.36,0,3,334,17.1819,0.0,0.01,7.51,0,3,68,360,17.0,45,d,0,0,0,0.0,0.0,0.0,0.0,0.0,0.0,0.0,0.0,0.0,0.0,0.0,0.0,0.0,0.0,0.0,0.0,0.0,0.0
465247,Lammens,Man Utd,GK,450,5,0,0,467.6,2970,0.0,0.0,1.3362,0.0,0.3627,540,0.0,0.0,1.31,0.0,0.3333,1.6964,1.3408,2.0117,1.31,0.0,0.0,6.9422,0.0,1.8846,82.1313,0.0,0.0,40.87,0,11,435,15.808,0.0,0.0,7.859999999999999,0,2,105,540,17.5,49,a,0,1,1,1.0,0.995,1.0,-0.12,-0.03,0.3455,0.0,0.0,1.1867,-0.4476,0.0,3.9296,1.0,0.0,1.0,0.995,89.81,1.0
451302,Bayindir,Man Utd,GK,0,0,0,0,10.6,540,0.0,0.0076,1.5453,0.0,0.0,0,0.0,0.0,0.0,0.0,0.0,1.6964,1.3408,2.0117,1.31,0.0,0.0009,0.182,0.0,0.0,0.9411,0.0,0.05,9.24,0,0,49,7.9905,0.0,0.0,0.0,0,0,0,0,0.0,45,u,0,0,0,0.0,0.0,0.0,0.0,0.0,0.0,0.0,0.0,0.0,0.0,0.0,0.0,0.0,0.0,0.0,0.0,0.0,0.0
21205,Heaton,Man Utd,GK,0,0,0,0,0.0,0,0.0,0.0,0.0,0.0,0.0,0,0.0,0.0,0.0,0.0,0.0,1.6964,1.3408,2.0117,1.31,0.0,0.0,0.0,0.0,0.0,0.0,0.0,0.0,0.0,0,0,0,0.0,0.0,0.0,0.0,0,0,0,0,0.0,40,i,0,0,0,0.0,0.0,0.0,0.0,0.0,0.0,0.0,0.0,0.0,0.0,0.0,0.0,0.0,0.0,0.0,0.0,0.0,0.0
596777,Dorgu,Man Utd,MID,171,2,1,0,113.9,1446,0.3385,0.1784,0.8686,5.9837,1.4232,117,0.5077,0.3308,0.6385,3.8462,2.3077,1.6964,1.3408,2.0117,1.31,0.4284,0.2258,1.0993,7.5727,1.8012,50.1805,2.52,1.85,19.61,100,11,333,39.651,0.6599999999999999,0.43,0.8300000000000001,5,3,72,117,55.3846,58,i,1,0,1,0.0,0.0,0.0,0.0,0.0,0.0,0.0,0.0,0.0,0.0,0.0,0.0,0.0,0.0,0.0,0.0,0.0,0.0
209365,De Ligt,Man Utd,DEF,0,0,0,0,32.4,1170,0.1133,0.0689,1.4017,8.0564,0.2881,0,0.0,0.0,0.0,0.0,0.0,1.6964,1.3408,2.0117,1.31,0.0408,0.0248,0.5046,2.9003,0.1037,4.5675,1.38,0.8300000000000001,18.73,107,5,169,12.6875,0.0,0.0,0.0,0,0,0,0,0.0,49,i,0,0,0,0.0,0.0,0.0,0.0,0.0,0.0,0.0,0.0,0.0,0.0,0.0,0.0,0.0,0.0,0.0,0.0,0.0,0.0
216051,Dalot,Man Utd,DEF,346,4,0,0,372.2,2699,0.0736,0.0707,1.3268,5.5457,0.1945,360,0.105,0.0575,1.455,6.25,0.0,1.6964,1.3408,2.0117,1.31,0.3043,0.2923,5.4869,22.9347,0.8045,54.6507,1.99,2.62,38.19,182,9,425,13.2148,0.42,0.2299999999999999,5.82,25,0,30,360,7.5,49,a,0,1,1,1.0,0.9638,0.0,-0.12,-0.03,0.2066,0.197,0.4088,1.1997,-0.4236,0.0577,3.4023,1.0,0.0,1.0,0.9638,85.25,0.9611
95658,Maguire,Man Utd,DEF,450,5,0,0,357.2,1739,0.042,0.0384,1.2772,8.2439,0.1817,540,0.0533,0.0567,1.31,9.6667,0.3333,1.6964,1.3408,2.0117,1.31,0.1668,0.1523,5.0692,32.7191,0.7213,68.3548,1.13,0.53,24.57,156,5,332,17.2227,0.32,0.34,7.859999999999999,58,2,128,540,21.3333,48,a,0,1,1,1.0,0.9755,0.0,-0.12,-0.03,0.2015,0.121,0.26,1.1634,-0.4476,0.3217,3.1239,1.0,0.0,1.0,0.9755,89.07,1.0
221820,Martinez,Man Utd,DEF,360,4,0,0,269.4,1319,0.0544,0.0314,1.3649,6.7424,0.0873,360,0.06,0.015,1.385,7.25,0.0,1.6964,1.3408,2.0117,1.31,0.1628,0.0939,4.0855,20.1822,0.2613,46.5697,0.3,0.62,16.84,109,3,247,15.5578,0.24,0.06,5.54,29,0,78,360,19.5,49,a,0,1,1,1.0,0.9755,0.0,-0.12,-0.03,0.1319,0.1059,0.3209,1.1634,-0.4476,0.1716,3.0999,1.0,0.0,1.0,0.9755,89.07,1.0
550864,Yoro,Man Utd,DEF,22,0,0,0,159.1,1730,0.0969,0.0467,1.4594,9.2208,0.0096,34,0.0,0.0,1.0588,13.2353,0.0,1.6964,1.3408,2.0117,1.31,0.1713,0.0826,2.5799,16.3004,0.017,19.8342,1.34,0.5900000000000001,26.83,156,1,191,11.2198,0.0,0.0,0.3999999999999999,5,0,7,34,18.5294,48,a,0,0,0,0.0871,0.0046,0.0,-0.0105,-0.0026,0.0005,0.003,0.0115,0.008,-0.0045,0.0004,0.0972,0.0077,0.0794,0.0871,0.0046,1.96,0.0215
606745,Heaven,Man Utd,DEF,90,1,0,0,118.1,920,0.0216,0.0088,1.1955,7.8233,0.5715,180,0.0,0.005,1.16,5.0,0.0,1.6964,1.3408,2.0117,1.31,0.0284,0.0116,1.5688,10.2659,0.75,21.5471,0.34,0.18,11.95,93,3,164,16.4203,0.0,0.01,2.32,10,0,22,180,11.0,43,a,0,0,0,0.8275,0.7927,0.0,-0.0993,-0.0248,0.4036,0.0493,0.144,0.9454,-0.3643,0.2242,2.6741,0.8125,0.015,0.8275,0.7927,72.67,0.8158
230001,Mazraoui,Man Utd,DEF,97,1,0,0,152.9,977,0.0172,0.0221,1.3509,8.491,0.7093,208,0.0,0.0216,1.0601,10.3846,1.2981,1.6964,1.3408,2.0117,1.31,0.0293,0.0376,2.295,14.4253,1.205,40.7655,0.19,0.35,12.99,94,6,233,23.9954,0.0,0.05,2.45,24,3,69,208,29.8558,44,d,0,0,0,0.8275,0.7967,0.0,-0.0993,-0.0248,0.4886,0.0737,0.1293,0.9502,-0.3643,0.3041,2.7776,0.8125,0.015,0.8275,0.7967,74.42,0.8339
106760,Shaw,Man Utd,DEF,335,4,0,0,445.1,3303,0.027,0.0633,1.355,6.459,0.1517,506,0.0338,0.0889,1.3411,7.2925,0.0,1.6964,1.3408,2.0117,1.31,0.1334,0.313,6.701,31.9432,0.75,70.3634,0.73,2.0500000000000003,46.52,227,3,456,14.2276,0.19,0.5,7.54,41,0,99,506,17.6087,43,a,0,1,1,1.0,0.9512,0.0,-0.12,-0.03,0.1659,0.1732,0.1631,1.2247,-0.4049,0.0915,3.1232,1.0,0.0,1.0,0.9512,82.2,0.9306
577974,Amass,Man Utd,DEF,0,0,0,0,0.0,0,0.0,0.0,0.0,0.0,0.0,0,0.0,0.0,0.0,0.0,0.0,1.6964,1.3408,2.0117,1.31,0.0,0.0,0.0,0.0,0.0,0.0,0.0,0.0,0.0,0,0,0,0.0,0.0,0.0,0.0,0,0,0,0,0.0,40,a,0,0,0,0.0,0.0,0.0,0.0,0.0,0.0,0.0,0.0,0.0,0.0,0.0,0.0,0.0,0.0,0.0,0.0,0.0,0.0
547676,Fredricson,Man Utd,DEF,0,0,0,0,0.1,2,0.0,0.0,18.36,122.67,0.0,0,0.0,0.0,0.0,0.0,0.0,1.6964,1.3408,2.0117,1.31,0.0,0.0,0.0204,0.1363,0.0,0.2726,0.0,0.0,0.3,2,0,4,245.34,0.0,0.0,0.0,0,0,0,0,0.0,40,u,0,0,0,0.0,0.0,0.0,0.0,0.0,0.0,0.0,0.0,0.0,0.0,0.0,0.0,0.0,0.0,0.0,0.0,0.0,0.0
141746,B.Fernandes,Man Utd,MID,450,5,0,0,452.4,3155,0.2307,0.3958,1.3614,6.8529,1.0625,540,0.115,0.4783,1.31,7.0,0.8333,1.6964,1.3408,2.0117,1.31,1.1595,1.9897,6.8432,34.4471,5.3408,146.4466,11.07,12.47,46.04,293,41,1023,29.1339,0.6900000000000001,2.87,7.859999999999999,42,5,178,540,29.6667,119,a,0,1,1,1.0,0.9555,0.0,-0.12,-0.03,1.0063,1.1138,1.1132,0.2849,0.0,0.1259,5.3237,1.0,0.0,1.0,0.9555,88.31,1.0
446008,Mbeumo,Man Utd,MID,450,5,0,0,365.3,2701,0.5324,0.1583,1.2749,4.6856,0.3069,404,0.9379,0.1671,1.3166,4.4554,0.2228,1.6964,1.3408,2.0117,1.31,2.1609,0.6426,5.1745,19.0183,1.2455,76.3887,12.25,5.24,37.49,143,16,551,18.8201,4.21,0.75,5.91,20,1,95,404,21.1634,79,a,0,1,1,1.0,0.9555,0.0,-0.12,-0.03,0.3291,0.472,2.4427,0.2849,0.0,0.0189,5.3341,1.0,0.0,1.0,0.9555,88.31,1.0
430871,Cunha,Man Utd,MID,407,5,0,0,371.6,2583,0.184,0.1828,1.3973,6.8702,1.075,345,0.2061,0.2661,1.4035,7.0435,1.3043,1.6964,1.3408,2.0117,1.31,0.7599,0.7549,5.7694,28.3662,4.4384,105.5865,6.95,3.75,37.37,214,17,623,25.5726,0.79,1.02,5.380000000000001,27,5,117,345,30.5217,79,a,0,1,1,1.0,0.886,0.0,-0.12,-0.03,1.0064,0.4854,0.8137,0.2936,0.0,0.0697,4.3351,1.0,0.0,1.0,0.886,78.05,0.9044
176297,Rashford,Man Utd,MID,351,4,0,0,63.9,76,0.4738,0.1658,1.9187,2.3687,0.0,76,0.4737,0.1658,1.9184,2.3684,0.0,1.6964,1.3408,2.0117,1.31,0.3364,0.1177,1.3623,1.6818,0.0,12.6134,0.4,0.14,1.62,2,0,15,17.7654,0.4,0.14,1.62,2,0,15,76,17.7632,69,d,0,1,1,1.0,0.9427,0.0,-0.12,-0.03,0.4108,0.447,1.0129,0.2889,0.0,0.0039,3.9523,1.0,0.0,1.0,0.9427,85.7,0.975
184341,Mount,Man Utd,MID,10,0,1,0,109.5,1020,0.1222,0.1158,0.9395,13.9217,0.0796,198,0.05,0.1,0.9455,16.8182,0.0,1.6964,1.3408,2.0117,1.31,0.1487,0.1409,1.1431,16.9381,0.0968,22.2544,1.65,1.63,12.46,103,3,204,18.2913,0.11,0.22,2.08,37,0,39,198,17.7273,54,a,1,0,1,0.7594,0.4422,0.0,-0.0911,-0.0228,0.1052,0.1915,0.3313,0.1587,0.0,0.2372,1.8744,0.5625,0.1969,0.7594,0.4422,43.33,0.5125
493250,Amad,Man Utd,MID,0,0,0,0,277.1,2339,0.1804,0.2148,1.3291,6.9589,0.2007,344,0.2198,0.3192,1.3919,5.7558,0.2616,1.6964,1.3408,2.0117,1.31,0.5554,0.6613,4.0922,21.4256,0.6178,48.5257,5.46,4.74,31.69,198,7,463,15.7608,0.84,1.2200000000000002,5.32,22,1,48,344,12.5581,57,i,0,0,0,0.0,0.0,0.0,0.0,0.0,0.0,0.0,0.0,0.0,0.0,0.0,0.0,0.0,0.0,0.0,0.0,0.0,0.0
516895,Mainoo,Man Utd,MID,354,4,0,0,373.6,1732,0.0376,0.0734,1.3391,10.9556,0.1432,529,0.051,0.0885,1.3372,11.3989,0.3403,1.6964,1.3408,2.0117,1.31,0.1561,0.3048,5.5587,45.478,0.5946,79.1359,0.54,1.37,24.5,199,2,358,19.0638,0.3,0.52,7.859999999999999,67,2,127,529,21.6068,55,d,0,1,1,1.0,0.9473,0.0,-0.12,-0.03,0.2032,0.2545,0.2778,0.2877,0.0,0.53,2.8204,1.0,0.0,1.0,0.9473,86.58,0.9833
232112,Ugarte,Man Utd,MID,0,0,0,0,68.9,876,0.1392,0.0158,1.921,14.5805,0.0,0,0.0,0.0,0.0,0.0,0.0,1.6964,1.3408,2.0117,1.31,0.1066,0.0121,1.4706,11.1622,0.0,14.8675,0.72,0.16,18.22,142,0,183,19.4205,0.0,0.0,0.0,0,0,0,0,0.0,50,i,0,0,0,0.0,0.0,0.0,0.0,0.0,0.0,0.0,0.0,0.0,0.0,0.0,0.0,0.0,0.0,0.0,0.0,0.0,0.0
547037,J.Fletcher,Man Utd,MID,0,0,0,0,7.5,107,0.0264,0.018,1.5672,9.1632,0.0,0,0.0,0.0,0.0,0.0,0.0,1.6964,1.3408,2.0117,1.31,0.0022,0.0015,0.1306,0.7636,0.0,0.7186,0.03,0.02,1.86,11,0,10,8.6232,0.0,0.0,0.0,0,0,0,0,0.0,49,a,0,0,0,0.0,0.0,0.0,0.0,0.0,0.0,0.0,0.0,0.0,0.0,0.0,0.0,0.0,0.0,0.0,0.0,0.0,0.0
576628,Lacey,Man Utd,MID,10,0,0,0,11.7,40,0.1323,0.03,1.2431,6.6115,0.0,28,0.0964,0.0321,1.2857,6.4286,0.0,1.6964,1.3408,2.0117,1.31,0.0172,0.0039,0.1616,0.8595,0.0,0.9632,0.1,0.01,0.51,3,0,9,7.4092,0.03,0.01,0.4,2,0,1,28,3.2143,49,a,0,0,0,0.4519,0.0042,0.0,-0.0542,-0.0136,0.0016,0.0419,0.0751,0.0018,0.0,0.0,0.5087,0.0035,0.4484,0.4519,0.0042,9.14,0.1014
490881,Collyer,Man Utd,MID,0,0,0,0,0.0,0,0.0,0.0,0.0,0.0,0.0,0,0.0,0.0,0.0,0.0,0.0,1.6964,1.3408,2.0117,1.31,0.0,0.0,0.0,0.0,0.0,0.0,0.0,0.0,0.0,0,0,0,0.0,0.0,0.0,0.0,0,0,0,0,0.0,50,u,0,0,0,0.0,0.0,0.0,0.0,0.0,0.0,0.0,0.0,0.0,0.0,0.0,0.0,0.0,0.0,0.0,0.0,0.0,0.0
576620,Bendito Mantato,Man Utd,MID,0,0,0,0,1.1,15,0.0,0.0573,0.3027,0.0,0.0,0,0.0,0.0,0.0,0.0,0.0,1.6964,1.3408,2.0117,1.31,0.0,0.0007,0.0037,0.0,0.0,0.223,0.0,0.01,0.05,0,0,3,18.2455,0.0,0.0,0.0,0,0,0,0,0.0,44,a,0,0,0,0.0,0.0,0.0,0.0,0.0,0.0,0.0,0.0,0.0,0.0,0.0,0.0,0.0,0.0,0.0,0.0,0.0,0.0
519913,Fletcher,Man Utd,MID,0,0,0,0,6.3,17,0.0,0.0171,1.7429,11.0157,0.0,16,0.0,0.0,1.7438,11.25,0.0,1.6964,1.3408,2.0117,1.31,0.0,0.0012,0.122,0.7711,0.0,1.5317,0.0,0.01,0.33,2,0,6,21.8814,0.0,0.0,0.31,2,0,3,16,16.875,44,a,0,0,0,0.0,0.0,0.0,0.0,0.0,0.0,0.0,0.0,0.0,0.0,0.0,0.0,0.0,0.0,0.0,0.0,0.0,0.0
485711,Šeško,Man Utd,FWD,76,0,0,0,172.3,1630,0.6199,0.0134,1.5401,3.155,1.1655,132,1.1455,0.0273,1.0364,4.0909,1.3636,1.6964,1.3408,2.0117,1.31,1.1868,0.0257,2.9484,6.04,2.2312,53.6782,9.21,0.28,27.05,64,19,405,28.0385,1.68,0.04,1.52,6,2,61,132,41.5909,70,i,0,0,0,0.0,0.0,0.0,0.0,0.0,0.0,0.0,0.0,0.0,0.0,0.0,0.0,0.0,0.0,0.0,0.0,0.0,0.0
458249,Zirkzee,Man Utd,FWD,20,0,1,0,71.4,620,0.4102,0.0372,1.3726,6.4209,0.4482,108,0.4667,0.0167,1.4833,5.8333,0.0,1.6964,1.3408,2.0117,1.31,0.3254,0.0295,1.0889,5.0939,0.3556,17.3283,2.74,0.34,9.41,45,6,150,21.8424,0.56,0.02,1.78,7,0,16,108,13.3333,53,a,1,0,1,0.7594,0.4422,0.0,-0.0911,-0.0228,0.2829,0.1198,0.7964,0.0,0.0,0.0037,2.2868,0.5625,0.1969,0.7594,0.4422,43.33,0.5125
596047,Obi,Man Utd,FWD,0,0,0,0,0.0,0,0.0,0.0,0.0,0.0,0.0,0,0.0,0.0,0.0,0.0,0.0,1.6964,1.3408,2.0117,1.31,0.0,0.0,0.0,0.0,0.0,0.0,0.0,0.0,0.0,0,0,0,0.0,0.0,0.0,0.0,0,0,0,0,0.0,45,u,0,0,0,0.0,0.0,0.0,0.0,0.0,0.0,0.0,0.0,0.0,0.0,0.0,0.0,0.0,0.0,0.0,0.0,0.0,0.0
465694,N.Gonzalez,Newcastle,MID,164,3,0,0,125.0,1561,0.0484,0.0652,1.4403,12.1452,0.0268,164,0.0549,0.0549,1.8549,10.4268,0.0,1.5159,1.5465,1.5167,1.245,0.0672,0.0906,2.0004,16.8684,0.0372,26.9672,0.68,1.12,20.35,206,1,337,19.4164,0.1,0.1,3.38,19,0,32,164,17.561,55,a,0,0,0,0.9313,0.4815,0.0,-0.1118,-0.0279,0.0993,0.1318,0.1823,0.1859,0.0,0.0898,1.8723,0.875,0.0563,0.9313,0.4815,47.91,0.544
98747,Pope,Newcastle,GK,0,0,0,0,276.8,2416,0.0077,0.0,1.3295,0.0,0.0167,450,0.0,0.0,1.176,0.0,0.0,1.5159,1.5465,1.5167,1.245,0.0238,0.0,4.0888,0.0,0.0515,42.4755,0.16,0.0,32.89,0,3,414,13.8107,0.0,0.0,5.88,0,0,78,450,15.6,49,a,0,0,0,0.0,0.0,0.0,0.0,0.0,0.0,0.0,0.0,0.0,0.0,0.0,0.0,0.0,0.0,0.0,0.0,0.0,0.0
81441,Gillespie,Newcastle,GK,0,0,0,0,0.0,0,0.0,0.0,0.0,0.0,0.0,0,0.0,0.0,0.0,0.0,0.0,1.5159,1.5465,1.5167,1.245,0.0,0.0,0.0,0.0,0.0,0.0,0.0,0.0,0.0,0,0,0,0.0,0.0,0.0,0.0,0,0,0,0,0.0,45,a,0,0,0,0.0,0.0,0.0,0.0,0.0,0.0,0.0,0.0,0.0,0.0,0.0,0.0,0.0,0.0,0.0,0.0,0.0,0.0
554578,Jaouen,Newcastle,GK,0,0,0,0,0.0,0,0.0,0.0,0.0,0.0,0.0,0,0.0,0.0,0.0,0.0,0.0,1.5159,1.5465,1.5167,1.245,0.0,0.0,0.0,0.0,0.0,0.0,0.0,0.0,0.0,0,0,0,0.0,0.0,0.0,0.0,0,0,0,0,0.0,44,i,0,0,0,0.0,0.0,0.0,0.0,0.0,0.0,0.0,0.0,0.0,0.0,0.0,0.0,0.0,0.0,0.0,0.0,0.0,0.0
465642,Thiaw,Newcastle,DEF,450,5,0,0,456.5,3053,0.1353,0.022,1.5971,9.0346,0.1976,540,0.1367,0.01,1.245,8.0,0.0,1.5159,1.5465,1.5167,1.245,0.6863,0.1115,8.101,45.8253,1.0024,61.1097,4.8,0.97,50.8,305,12,449,12.0479,0.82,0.06,7.470000000000001,48,0,67,540,11.1667,50,a,0,1,1,1.0,0.9767,0.0,-0.12,-0.03,0.2081,0.0746,0.7592,0.9869,-0.5439,0.432,3.3116,1.0,0.0,1.0,0.9767,89.11,1.0
119471,Schär,Newcastle,DEF,25,0,1,0,72.5,1113,0.0797,0.0516,2.0511,14.0939,0.0,24,0.0,0.0375,4.05,26.25,0.0,1.5159,1.5465,1.5167,1.245,0.0642,0.0416,1.6523,11.3534,0.0,9.0129,0.97,0.6100000000000001,14.93,122,0,187,11.1884,0.0,0.01,1.08,7,0,1,24,3.75,49,a,1,0,1,0.5975,0.4991,0.0,-0.0717,-0.0179,0.0404,0.0732,0.2076,0.6212,-0.2401,0.3595,1.7092,0.5625,0.035,0.5975,0.4991,41.43,0.4765
220237,Botman,Newcastle,DEF,450,5,0,0,358.4,1924,0.0769,0.0428,1.4801,13.4285,0.1172,540,0.0483,0.07,1.245,15.0,0.0,1.5159,1.5465,1.5167,1.245,0.3062,0.1703,5.8942,53.4754,0.4669,56.3539,1.78,0.86,29.17,234,6,344,14.1514,0.29,0.42,7.470000000000001,90,0,86,540,14.3333,50,a,0,1,1,1.0,0.9767,0.0,-0.12,-0.03,0.1453,0.1317,0.4366,0.9869,-0.5439,1.0643,2.9833,1.0,0.0,1.0,0.9767,89.11,1.0
78916,Burn,Newcastle,DEF,0,0,0,0,248.1,2195,0.0866,0.0089,1.5074,9.2089,0.0518,368,0.0685,0.0098,1.2302,7.8261,0.0,1.5159,1.5465,1.5167,1.245,0.2387,0.0245,4.1553,25.386,0.1428,29.4656,1.08,0.36,30.15,225,5,286,10.6889,0.28,0.04,5.03,32,0,54,368,13.2065,48,i,0,0,0,0.0,0.0,0.0,0.0,0.0,0.0,0.0,0.0,0.0,0.0,0.0,0.0,0.0,0.0,0.0,0.0,0.0,0.0
487838,Hall,Newcastle,DEF,449,5,0,0,382.2,2266,0.0713,0.106,1.6578,7.1307,0.6673,382,0.0825,0.0825,1.4065,7.0681,0.7068,1.5159,1.5465,1.5167,1.245,0.3028,0.4503,7.0401,30.2816,2.834,73.7047,1.2,2.89,39.31,183,7,385,17.3559,0.35,0.35,5.970000000000001,30,3,74,382,17.4346,53,a,0,1,1,1.0,0.9762,0.0,-0.12,-0.03,0.6182,0.2949,0.4098,0.9891,-0.5422,0.1964,3.5958,1.0,0.0,1.0,0.9762,88.9,0.9978
441191,Livramento,Newcastle,DEF,33,0,0,0,99.8,1326,0.0068,0.0766,1.9293,4.2341,0.0423,0,0.0,0.0,0.0,0.0,0.0,1.5159,1.5465,1.5167,1.245,0.0075,0.0849,2.1394,4.6951,0.0469,14.4851,0.13,0.89,18.62,68,3,252,13.0627,0.0,0.0,0.0,0,0,0,0,0.0,49,d,0,0,0,0.0907,0.0068,0.0,-0.0109,-0.0027,0.0011,0.005,0.0022,0.0105,-0.0065,0.0,0.0963,0.0116,0.0791,0.0907,0.0068,2.14,0.0234
545477,A.Murphy,Newcastle,DEF,0,0,0,0,2.4,7,0.0,0.0,4.3425,47.6738,0.0,6,0.0,0.0,3.3,45.0,0.0,1.5159,1.5465,1.5167,1.245,0.0,0.0,0.1158,1.2713,0.0,1.4276,0.0,0.0,0.49,4,0,3,53.535,0.0,0.0,0.22,3,0,4,6,60.0,40,u,0,0,0,0.0,0.0,0.0,0.0,0.0,0.0,0.0,0.0,0.0,0.0,0.0,0.0,0.0,0.0,0.0,0.0,0.0,0.0
201666,Barnes,Newcastle,MID,450,5,0,0,309.9,2041,0.2334,0.1138,1.6246,5.4412,0.4723,284,0.2694,0.1838,1.3405,5.0704,0.6338,1.5159,1.5465,1.5167,1.245,0.8036,0.3919,5.594,18.7359,1.6262,73.5984,6.95,2.83,31.89,109,10,383,21.3742,0.85,0.58,4.23,16,2,112,284,35.493,61,a,0,1,1,1.0,0.9576,0.0,-0.12,-0.03,0.4764,0.3573,1.106,0.2419,0.0,0.0396,3.9891,1.0,0.0,1.0,0.9576,88.39,1.0
449434,Elanga,Newcastle,MID,232,3,0,0,130.1,1302,0.1098,0.139,1.7523,4.1396,0.0,33,0.5727,0.0818,1.8273,5.4545,0.0,1.5159,1.5465,1.5167,1.245,0.1587,0.2009,2.533,5.984,0.0,18.5905,1.65,1.74,21.11,55,0,179,12.8605,0.21,0.03,0.6699999999999999,2,0,8,33,21.8182,61,i,0,0,0,0.0,0.0,0.0,0.0,0.0,0.0,0.0,0.0,0.0,0.0,0.0,0.0,0.0,0.0,0.0,0.0,0.0,0.0
232653,J.Ramsey,Newcastle,MID,69,0,0,0,232.9,1441,0.0624,0.0966,1.6638,9.5577,0.3307,300,0.024,0.144,1.131,11.4,0.6,1.5159,1.5465,1.5167,1.245,0.1615,0.2501,4.3056,24.7333,0.8558,56.7063,1.2,1.45,27.24,149,3,303,21.9131,0.08,0.48,3.77,38,2,91,300,27.3,48,i,0,0,0,0.0,0.0,0.0,0.0,0.0,0.0,0.0,0.0,0.0,0.0,0.0,0.0,0.0,0.0,0.0,0.0,0.0,0.0
114243,J.Murphy,Newcastle,MID,181,2,0,0,263.1,1696,0.0634,0.088,1.6023,6.6115,0.3274,342,0.0132,0.0816,1.2711,6.5789,0.7895,1.5159,1.5465,1.5167,1.245,0.1853,0.2572,4.6842,19.3276,0.9572,43.1972,3.1,2.73,25.94,98,5,326,14.7767,0.05,0.31,4.83,25,3,61,342,16.0526,59,a,0,1,1,1.0,0.9599,0.0,-0.12,-0.03,0.3569,0.2958,0.3911,0.2425,0.0,0.0962,3.0962,1.0,0.0,1.0,0.9599,88.96,1.0
180974,Joelinton,Newcastle,MID,0,0,0,0,199.5,1950,0.1144,0.0655,1.5165,11.1541,0.0671,180,0.135,0.1,1.315,12.0,0.0,1.5159,1.5465,1.5167,1.245,0.2536,0.1453,3.3616,24.7249,0.1487,28.4854,2.36,1.35,28.75,238,2,304,12.8506,0.27,0.2,2.63,24,0,23,180,11.5,54,d,0,0,0,0.0,0.0,0.0,0.0,0.0,0.0,0.0,0.0,0.0,0.0,0.0,0.0,0.0,0.0,0.0,0.0,0.0,0.0
547719,L.Miley,Newcastle,MID,396,5,0,0,236.9,1583,0.0373,0.0712,1.555,11.1798,0.1683,270,0.0,0.0333,1.2033,10.6667,0.0,1.5159,1.5465,1.5167,1.245,0.0981,0.1873,4.0932,29.4277,0.4429,47.5025,1.36,2.14,22.81,171,5,353,18.0465,0.0,0.1,3.61,32,0,43,270,14.3333,55,d,0,1,1,1.0,0.8638,0.0,-0.12,-0.03,0.2284,0.2256,0.2539,0.2534,0.0,0.3496,2.6751,1.0,0.0,1.0,0.8638,75.49,0.88
200089,Willock,Newcastle,MID,284,3,0,0,243.1,1058,0.134,0.1026,1.5913,6.7824,0.9339,365,0.1529,0.1159,1.3241,4.6849,0.7397,1.5159,1.5465,1.5167,1.245,0.3619,0.2771,4.2982,18.32,2.5227,61.5554,1.43,1.11,19.29,95,3,204,22.7889,0.62,0.47,5.37,19,3,90,365,22.1918,50,a,0,1,1,1.0,0.9662,0.0,-0.12,-0.03,0.826,0.3431,0.6899,0.2441,0.0,0.0989,3.9193,1.0,0.0,1.0,0.9662,90.65,1.0
611665,Touré,Newcastle,MID,50,0,1,0,13.5,16,0.0,0.0,3.3633,11.212,0.0,16,0.0,0.0,3.375,11.25,0.0,1.5159,1.5465,1.5167,1.245,0.0,0.0,0.5045,1.6818,0.0,1.6818,0.0,0.0,0.6,2,0,2,11.212,0.0,0.0,0.6,2,0,2,16,11.25,58,a,1,0,1,0.7594,0.448,0.0,-0.0911,-0.0228,0.269,0.2205,0.3676,0.1394,0.0,0.0018,2.09,0.5625,0.1969,0.7594,0.448,43.47,0.5125
636852,Steur,Newcastle,MID,223,2,0,0,54.7,65,0.0,0.0415,0.7195,9.685,0.0,65,0.0,0.0415,0.72,9.6923,0.0,1.5159,1.5465,1.5167,1.245,0.0,0.0252,0.4373,5.8863,0.0,15.1361,0.0,0.03,0.52,7,0,18,24.904,0.0,0.03,0.52,7,0,18,65,24.9231,49,a,0,1,1,1.0,0.9662,0.0,-0.12,-0.03,0.4217,0.399,0.6325,0.2441,0.0,0.0309,3.5135,1.0,0.0,1.0,0.9662,90.65,1.0
470313,Woltemade,Newcastle,FWD,19,0,0,0,197.1,1896,0.1669,0.1243,1.2855,5.3627,0.4936,226,0.0796,0.2708,1.1071,4.7788,0.7965,1.5159,1.5465,1.5167,1.245,0.3655,0.2722,2.8152,11.7443,1.081,43.9604,6.59,1.53,25.67,105,12,399,20.0732,0.2,0.6799999999999999,2.78,12,2,63,226,25.0885,59,u,0,0,0,0.0,0.0,0.0,0.0,0.0,0.0,0.0,0.0,0.0,0.0,0.0,0.0,0.0,0.0,0.0,0.0,0.0,0.0
216646,Wissa,Newcastle,FWD,441,5,0,0,145.1,607,0.7532,0.0339,1.7873,4.4054,0.0,184,0.988,0.0098,1.7413,3.913,0.0,1.5159,1.5465,1.5167,1.245,1.2143,0.0546,2.8815,7.1025,0.0,8.6827,3.97,0.55,11.56,27,0,70,5.3855,2.02,0.02,3.56,8,0,6,184,2.9348,62,a,0,1,1,1.0,0.9481,0.0,-0.12,-0.03,0.2194,0.2245,2.3745,0.0,0.0,0.0029,4.6165,1.0,0.0,1.0,0.9481,86.32,0.98
538207,Osula,Newcastle,FWD,55,1,0,0,171.9,805,0.5629,0.0934,1.5714,3.1208,1.8401,351,0.5795,0.1333,1.0026,2.0513,1.5385,1.5159,1.5465,1.5167,1.245,1.0752,0.1784,3.0013,5.9607,3.5146,62.3845,4.28,0.62,14.48,31,13,284,32.662,2.26,0.52,3.91,8,6,112,351,28.7179,58,d,0,0,0,0.8969,0.4473,0.0,-0.1076,-0.0269,1.1898,0.1709,1.0272,0.0,0.0,0.0,3.5976,0.8125,0.0844,0.8969,0.4473,45.28,0.5153
599303,Neave,Newcastle,FWD,0,0,0,0,5.0,13,0.2088,0.0,2.5686,0.0,0.0,13,0.2077,0.0,2.5615,0.0,0.0,1.5159,1.5465,1.5167,1.245,0.0116,0.0,0.1427,0.0,0.0,0.7711,0.03,0.0,0.37,0,0,2,13.8798,0.03,0.0,0.37,0,0,2,13,13.8462,45,u,0,0,0,0.0,0.0,0.0,0.0,0.0,0.0,0.0,0.0,0.0,0.0,0.0,0.0,0.0,0.0,0.0,0.0,0.0,0.0
632794,Bamba,Newcastle,MID,27,0,1,0,2.5,3,0.0,0.0,4.2372,121.0896,0.0,3,0.0,0.0,4.2,120.0,0.0,1.5159,1.5465,1.5167,1.245,0.0,0.0,0.1177,3.3636,0.0,2.5227,0.0,0.0,0.14,4,0,3,90.8172,0.0,0.0,0.14,4,0,3,3,90.0,49,a,1,0,1,0.7594,0.448,0.0,-0.0911,-0.0228,0.2789,0.2287,0.3811,0.1394,0.0,0.0047,2.1215,0.5625,0.1969,0.7594,0.448,43.47,0.5125
470551,Horníček,Newcastle,GK,450,5,0,0,75.7,90,0.0,0.0,1.5896,0.0,0.0,90,0.0,0.0,1.59,0.0,0.0,1.5159,1.5465,1.5167,1.245,0.0,0.0,1.337,0.0,0.0,11.7725,0.0,0.0,1.59,0,0,14,13.9964,0.0,0.0,1.59,0,0,14,90,14.0,50,a,0,1,1,1.0,0.995,1.0,-0.12,-0.03,0.1591,0.0,0.0,1.0053,-0.5439,0.0,3.4656,1.0,0.0,1.0,0.995,89.81,1.0
463726,Dedić,Newcastle,DEF,327,4,0,0,0.0,0,0.0,0.0,0.0,0.0,0.0,0,0.0,0.0,0.0,0.0,0.0,1.5159,1.5465,1.5167,1.245,0.0,0.0,0.0,0.0,0.0,0.0,0.0,0.0,0.0,0,0,0,0.0,0.0,0.0,0.0,0,0,0,0,0.0,45,d,0,0,0,1.0,0.9425,0.0,-0.12,-0.03,0.1551,0.0704,0.1409,1.0671,-0.4773,0.0051,2.7487,1.0,0.0,1.0,0.9425,80.04,0.9083
553746,Shahar,Newcastle,DEF,0,0,0,0,0.0,0,0.0,0.0,0.0,0.0,0.0,0,0.0,0.0,0.0,0.0,0.0,1.5159,1.5465,1.5167,1.245,0.0,0.0,0.0,0.0,0.0,0.0,0.0,0.0,0.0,0,0,0,0.0,0.0,0.0,0.0,0,0,0,0,0.0,40,u,0,0,0,0.0,0.0,0.0,0.0,0.0,0.0,0.0,0.0,0.0,0.0,0.0,0.0,0.0,0.0,0.0,0.0,0.0,0.0
613221,Fernandez-Pardo,Newcastle,FWD,157,2,0,0,61.4,73,0.0616,0.0,1.2203,2.4652,0.0,73,0.0616,0.0,1.2205,2.4658,0.0,1.5159,1.5465,1.5167,1.245,0.042,0.0,0.8325,1.6818,0.0,5.8863,0.05,0.0,0.99,2,0,7,8.6281,0.05,0.0,0.99,2,0,7,73,8.6301,60,a,0,1,1,1.0,0.8538,0.0,-0.12,-0.03,0.4965,0.3248,1.0475,0.0,0.0,0.0,3.5725,1.0,0.0,1.0,0.8538,74.63,0.8722
665243,Miley,Newcastle,MID,0,0,0,0,0.0,0,0.0,0.0,0.0,0.0,0.0,0,0.0,0.0,0.0,0.0,0.0,1.5159,1.5465,1.5167,1.245,0.0,0.0,0.0,0.0,0.0,0.0,0.0,0.0,0.0,0,0,0,0.0,0.0,0.0,0.0,0,0,0,0,0.0,45,a,0,0,0,0.0,0.0,0.0,0.0,0.0,0.0,0.0,0.0,0.0,0.0,0.0,0.0,0.0,0.0,0.0,0.0,0.0,0.0
578512,Pivas,Newcastle,DEF,0,0,0,0,0.0,0,0.0,0.0,0.0,0.0,0.0,0,0.0,0.0,0.0,0.0,0.0,1.5159,1.5465,1.5167,1.245,0.0,0.0,0.0,0.0,0.0,0.0,0.0,0.0,0.0,0,0,0,0.0,0.0,0.0,0.0,0,0,0,0,0.0,40,a,0,0,0,0.0,0.0,0.0,0.0,0.0,0.0,0.0,0.0,0.0,0.0,0.0,0.0,0.0,0.0,0.0,0.0,0.0,0.0
601767,Salia,Newcastle,FWD,0,0,0,0,0.0,0,0.0,0.0,0.0,0.0,0.0,0,0.0,0.0,0.0,0.0,0.0,1.5159,1.5465,1.5167,1.245,0.0,0.0,0.0,0.0,0.0,0.0,0.0,0.0,0.0,0,0,0,0.0,0.0,0.0,0.0,0,0,0,0,0.0,45,a,0,0,0,0.0,0.0,0.0,0.0,0.0,0.0,0.0,0.0,0.0,0.0,0.0,0.0,0.0,0.0,0.0,0.0,0.0,0.0
655585,Mills,Newcastle,MID,0,0,0,0,0.0,0,0.0,0.0,0.0,0.0,0.0,0,0.0,0.0,0.0,0.0,0.0,1.5159,1.5465,1.5167,1.245,0.0,0.0,0.0,0.0,0.0,0.0,0.0,0.0,0.0,0,0,0,0.0,0.0,0.0,0.0,0,0,0,0,0.0,45,a,0,0,0,0.0,0.0,0.0,0.0,0.0,0.0,0.0,0.0,0.0,0.0,0.0,0.0,0.0,0.0,0.0,0.0,0.0,0.0
671875,Thompson,Newcastle,MID,0,0,0,0,0.0,0,0.0,0.0,0.0,0.0,0.0,0,0.0,0.0,0.0,0.0,0.0,1.5159,1.5465,1.5167,1.245,0.0,0.0,0.0,0.0,0.0,0.0,0.0,0.0,0.0,0,0,0,0.0,0.0,0.0,0.0,0,0,0,0,0.0,45,a,0,0,0,0.0,0.0,0.0,0.0,0.0,0.0,0.0,0.0,0.0,0.0,0.0,0.0,0.0,0.0,0.0,0.0,0.0,0.0
463034,Delap,Nott'm Forest,FWD,277,3,0,0,225.1,1182,0.2556,0.0802,1.2241,5.0508,0.0353,228,0.1618,0.0908,1.3303,4.3421,0.0,1.2872,1.4297,1.4983,1.7533,0.6394,0.2005,3.0617,12.6326,0.0884,19.2153,4.67,0.44,17.34,50,1,132,7.6827,0.41,0.2299999999999999,3.37,11,0,7,228,2.7632,56,a,0,1,1,1.0,0.9679,0.0,-0.12,-0.03,0.1643,0.2884,1.1087,0.0,0.0,0.0155,3.3793,1.0,0.0,1.0,0.9679,90.72,1.0
247348,Muñoz,Nott'm Forest,DEF,257,3,0,0,360.7,2482,0.0784,0.1088,1.2794,6.6475,0.1842,523,0.0533,0.0964,1.504,6.0229,0.1721,1.2872,1.4297,1.4983,1.7533,0.3144,0.436,5.1277,26.6416,0.7381,49.9949,2.57,3.96,34.95,199,9,474,12.4745,0.31,0.5599999999999999,8.74,35,1,53,523,9.1205,54,a,0,1,1,1.0,0.9641,0.0,-0.12,-0.03,0.1985,0.2899,0.4277,1.1311,-0.457,0.1199,3.4044,1.0,0.0,1.0,0.9641,84.46,0.9519
85633,Sels,Nott'm Forest,GK,450,5,0,0,406.2,2757,0.0,0.0005,1.4427,0.0,0.0641,540,0.0,0.0,1.7533,0.0,0.0,1.2872,1.4297,1.4983,1.7533,0.0,0.0021,6.5115,0.0,0.2892,69.6233,0.0,0.06,45.79,0,3,441,15.4261,0.0,0.0,10.52,0,0,104,540,17.3333,50,a,0,1,1,1.0,0.995,1.0,-0.12,-0.03,0.0794,0.0013,0.0,1.104,-0.489,0.0,3.5408,1.0,0.0,1.0,0.995,89.81,1.0
221389,John,Nott'm Forest,GK,0,0,0,0,29.8,437,0.0,0.0,1.3107,0.0,0.0,0,0.0,0.0,0.0,0.0,0.0,1.2872,1.4297,1.4983,1.7533,0.0,0.0,0.434,0.0,0.0,1.8573,0.0,0.0,6.13,0,0,32,5.6093,0.0,0.0,0.0,0,0,0,0,0.0,45,a,0,0,0,0.0,0.0,0.0,0.0,0.0,0.0,0.0,0.0,0.0,0.0,0.0,0.0,0.0,0.0,0.0,0.0,0.0,0.0
215136,N.Williams,Nott'm Forest,DEF,450,5,0,0,442.5,3293,0.0563,0.1335,1.4061,6.3461,0.3803,495,0.0418,0.0691,1.8509,7.4545,0.0,1.2872,1.4297,1.4983,1.7533,0.277,0.6566,6.9132,31.2016,1.87,77.1553,2.1,4.18,52.03,249,15,550,15.6926,0.23,0.38,10.18,41,0,68,495,12.3636,50,d,0,1,1,1.0,0.9779,0.0,-0.12,-0.03,0.3726,0.3764,0.3342,1.085,-0.489,0.1232,3.5071,1.0,0.0,1.0,0.9779,89.16,1.0
485047,Morato,Nott'm Forest,DEF,0,0,0,0,186.8,1340,0.134,0.0132,1.9766,10.0422,0.0232,400,0.1102,0.0158,2.1398,9.45,0.0,1.2872,1.4297,1.4983,1.7533,0.2782,0.0274,4.1026,20.8432,0.0482,26.8012,1.32,0.15,24.34,144,1,190,12.9128,0.49,0.07,9.51,42,0,42,400,9.45,50,u,0,0,0,0.0,0.0,0.0,0.0,0.0,0.0,0.0,0.0,0.0,0.0,0.0,0.0,0.0,0.0,0.0,0.0,0.0,0.0
227444,Milenković,Nott'm Forest,DEF,270,3,0,0,389.2,3375,0.0106,0.0259,1.5487,8.5949,0.0598,405,0.0044,0.0489,1.9378,10.2222,0.0,1.2872,1.4297,1.4983,1.7533,0.0457,0.1119,6.6972,37.1683,0.2584,50.7569,0.83,0.68,54.98,311,2,401,11.7372,0.02,0.22,8.72,46,0,48,405,10.6667,54,i,0,0,0,0.0,0.0,0.0,0.0,0.0,0.0,0.0,0.0,0.0,0.0,0.0,0.0,0.0,0.0,0.0,0.0,0.0,0.0
575476,Murillo,Nott'm Forest,DEF,449,5,0,0,274.3,2220,0.0446,0.031,1.1567,9.7582,0.0399,90,0.07,0.08,0.67,11.0,0.0,1.2872,1.4297,1.4983,1.7533,0.1358,0.0944,3.5254,29.7409,0.1216,45.7603,0.8,0.55,33.66,234,3,349,15.0143,0.07,0.08,0.67,11,0,16,90,16.0,55,a,0,1,1,1.0,0.9773,0.0,-0.12,-0.03,0.0753,0.1005,0.2714,1.0871,-0.4875,0.5255,2.8742,1.0,0.0,1.0,0.9773,88.94,0.9978
159506,Aina,Nott'm Forest,DEF,306,4,0,0,215.9,1587,0.0245,0.0369,1.2697,7.4484,0.3052,90,0.05,0.01,0.7,9.0,0.0,1.2872,1.4297,1.4983,1.7533,0.0587,0.0884,3.0458,17.8678,0.7321,41.8773,0.41,0.8400000000000001,25.31,130,5,264,17.457,0.05,0.01,0.7,9,0,31,90,31.0,44,a,0,0,0,1.0,0.907,0.0,-0.12,-0.03,0.3043,0.1001,0.1484,1.1997,-0.3901,0.1071,3.1194,1.0,0.0,1.0,0.907,74.22,0.85
575458,Jair Cunha,Nott'm Forest,DEF,360,4,0,0,193.4,604,0.038,0.0136,1.2205,7.8683,0.0,342,0.0395,0.0184,1.3816,7.6316,0.0,1.2872,1.4297,1.4983,1.7533,0.0817,0.0293,2.6228,16.9082,0.0,15.0453,0.29,0.07,11.02,55,0,53,7.0014,0.15,0.07,5.25,29,0,29,342,7.6316,45,a,0,1,1,1.0,0.9779,0.0,-0.12,-0.03,0.1101,0.0809,0.2544,1.085,-0.489,0.2826,2.8693,1.0,0.0,1.0,0.9779,89.16,1.0
500151,Savona,Nott'm Forest,DEF,0,0,0,0,45.4,1025,0.1023,0.0442,1.2543,4.6469,0.0,0,0.0,0.0,0.0,0.0,0.0,1.2872,1.4297,1.4983,1.7533,0.0516,0.0223,0.6327,2.3441,0.0,5.6899,1.34,0.45,15.04,57,0,131,11.2795,0.0,0.0,0.0,0,0,0,0,0.0,45,i,0,0,0,0.0,0.0,0.0,0.0,0.0,0.0,0.0,0.0,0.0,0.0,0.0,0.0,0.0,0.0,0.0,0.0,0.0,0.0
204822,O.Richards,Nott'm Forest,DEF,0,0,0,0,0.0,0,0.0,0.0,0.0,0.0,0.0,0,0.0,0.0,0.0,0.0,0.0,1.2872,1.4297,1.4983,1.7533,0.0,0.0,0.0,0.0,0.0,0.0,0.0,0.0,0.0,0,0,0,0.0,0.0,0.0,0.0,0,0,0,0,0.0,40,a,0,0,0,0.0,0.0,0.0,0.0,0.0,0.0,0.0,0.0,0.0,0.0,0.0,0.0,0.0,0.0,0.0,0.0,0.0,0.0
549067,Abbott,Nott'm Forest,DEF,0,0,0,0,25.1,165,0.0,0.0043,1.6017,5.8618,0.0,45,0.0,0.0,0.68,6.0,0.0,1.2872,1.4297,1.4983,1.7533,0.0,0.0012,0.4467,1.6348,0.0,0.3574,0.0,0.01,3.47,13,0,3,1.2815,0.0,0.0,0.34,3,0,2,45,4.0,40,u,0,0,0,0.0,0.0,0.0,0.0,0.0,0.0,0.0,0.0,0.0,0.0,0.0,0.0,0.0,0.0,0.0,0.0,0.0,0.0
470315,Netz,Nott'm Forest,DEF,27,0,1,0,112.5,360,0.0,0.0616,2.0713,6.6615,0.0,312,0.0,0.0202,2.2558,7.5,0.0,1.2872,1.4297,1.4983,1.7533,0.0,0.077,2.5891,8.3269,0.0,13.04,0.0,0.43,7.87,27,0,38,10.432,0.0,0.07,7.82,26,0,30,312,8.6538,44,a,1,0,1,0.5975,0.5023,0.0,-0.0717,-0.0179,0.0832,0.0799,0.0705,0.6777,-0.215,0.0466,1.7065,0.5625,0.035,0.5975,0.5023,41.5,0.4765
538638,Bindon,Nott'm Forest,DEF,0,0,0,0,0.0,0,0.0,0.0,0.0,0.0,0.0,0,0.0,0.0,0.0,0.0,0.0,1.2872,1.4297,1.4983,1.7533,0.0,0.0,0.0,0.0,0.0,0.0,0.0,0.0,0.0,0,0,0,0.0,0.0,0.0,0.0,0,0,0,0,0.0,40,u,0,0,0,0.0,0.0,0.0,0.0,0.0,0.0,0.0,0.0,0.0,0.0,0.0,0.0,0.0,0.0,0.0,0.0,0.0,0.0
222531,Gibbs-White,Nott'm Forest,MID,450,5,0,0,416.4,3191,0.3243,0.1505,1.328,4.7289,0.6669,380,0.3434,0.2676,1.6437,5.4474,0.9474,1.2872,1.4297,1.4983,1.7533,1.5003,0.6962,6.1443,21.8789,3.0854,121.8317,10.81,3.31,50.37,180,18,737,26.3325,1.45,1.13,6.94,23,4,140,380,33.1579,80,a,0,1,1,1.0,0.9597,0.0,-0.12,-0.03,0.6504,0.4514,1.5354,0.2662,0.0,0.0203,4.713,1.0,0.0,1.0,0.9597,88.47,1.0
209046,Hudson-Odoi,Nott'm Forest,MID,1,0,0,0,159.0,1838,0.1296,0.1807,1.4656,5.2906,0.3858,0,0.0,0.0,0.0,0.0,0.0,1.2872,1.4297,1.4983,1.7533,0.229,0.3193,2.5892,9.3467,0.6816,33.0578,2.77,3.02,30.88,106,8,358,18.712,0.0,0.0,0.0,0,0,0,0,0.0,58,a,0,0,0,0.4502,0.0024,0.0,-0.054,-0.0135,0.0002,0.0528,0.0665,0.001,0.0,0.0,0.5056,0.0004,0.4498,0.4502,0.0024,9.01,0.1002
456512,Ndoye,Nott'm Forest,MID,316,5,0,0,104.6,1225,0.2012,0.0974,1.0843,4.7737,0.0562,58,0.3103,0.0776,0.9776,1.5517,0.0,1.2872,1.4297,1.4983,1.7533,0.2338,0.1132,1.2602,5.5481,0.0653,12.0578,1.25,1.5599999999999998,16.59,97,4,181,10.3748,0.2,0.05,0.63,1,0,3,58,4.6552,55,a,0,1,1,1.0,0.55,0.0,-0.12,-0.03,0.1548,0.2298,0.6665,0.2174,0.0,0.001,2.6685,1.0,0.0,1.0,0.55,58.16,0.7022
503301,Hutchinson,Nott'm Forest,MID,0,0,0,0,234.6,1676,0.0634,0.1859,1.3067,6.7084,0.0666,248,0.0544,0.2685,1.9669,6.8952,0.0,1.2872,1.4297,1.4983,1.7533,0.1653,0.4847,3.4062,17.4865,0.1735,42.929,2.01,3.87,24.42,129,3,329,16.4689,0.15,0.74,5.42,19,0,50,248,18.1452,54,u,0,0,0,0.0,0.0,0.0,0.0,0.0,0.0,0.0,0.0,0.0,0.0,0.0,0.0,0.0,0.0,0.0,0.0,0.0,0.0
476887,Bakwa,Nott'm Forest,MID,0,0,0,0,83.1,549,0.0584,0.1501,1.9644,4.4313,0.322,162,0.0222,0.1611,2.2222,2.7778,0.5556,1.2872,1.4297,1.4983,1.7533,0.0539,0.1386,1.8138,4.0916,0.2973,16.6437,0.54,1.01,10.94,35,1,100,18.0257,0.04,0.29,4.0,5,1,40,162,22.2222,55,u,0,0,0,0.0,0.0,0.0,0.0,0.0,0.0,0.0,0.0,0.0,0.0,0.0,0.0,0.0,0.0,0.0,0.0,0.0,0.0
432714,McAtee,Nott'm Forest,MID,416,5,0,0,111.1,370,0.1831,0.0813,1.4276,8.3057,0.0,197,0.169,0.1051,1.7406,10.5076,0.0,1.2872,1.4297,1.4983,1.7533,0.226,0.1004,1.7623,10.2529,0.0,25.5087,0.39,0.41,8.01,36,0,77,20.6641,0.37,0.23,3.81,23,0,45,197,20.5584,55,a,0,1,1,1.0,0.9148,0.0,-0.12,-0.03,0.2431,0.3181,0.772,0.2771,0.0,0.0625,3.375,1.0,0.0,1.0,0.9148,80.54,0.9244
250199,Dominguez,Nott'm Forest,MID,1,0,0,0,158.7,1168,0.1249,0.0691,2.0014,12.6943,0.1504,229,0.1258,0.059,1.9651,13.7555,0.0,1.2872,1.4297,1.4983,1.7533,0.2202,0.1218,3.5291,22.3843,0.2652,35.4058,1.47,0.77,23.21,143,3,229,20.0789,0.32,0.15,4.999999999999999,35,0,41,229,16.1135,49,a,0,0,0,0.4502,0.0024,0.0,-0.054,-0.0135,0.0001,0.0264,0.0654,0.001,0.0,0.0005,0.478,0.0004,0.4498,0.4502,0.0024,9.01,0.1002
210462,I.Sangaré,Nott'm Forest,MID,105,1,1,0,253.8,2080,0.0278,0.0661,1.4213,12.7196,0.0406,136,0.0,0.0397,1.939,19.1912,0.0,1.2872,1.4297,1.4983,1.7533,0.0783,0.1864,4.008,35.8693,0.1146,43.8339,1.16,1.8,33.17,267,2,369,15.5439,0.0,0.06,2.93,29,0,29,136,19.1912,48,a,1,0,1,0.945,0.8371,0.0,-0.1134,-0.0284,0.0961,0.2017,0.1952,0.2477,0.0,0.648,2.381,0.9,0.045,0.945,0.8371,75.32,0.86
204968,Yates,Nott'm Forest,MID,0,0,0,0,86.6,602,0.1285,0.0664,1.5359,11.5661,0.0,183,0.1328,0.0738,1.7262,13.2787,0.0,1.2872,1.4297,1.4983,1.7533,0.1236,0.0639,1.4779,11.1292,0.0,16.0569,0.49,0.37,8.56,69,0,123,16.6873,0.27,0.15,3.51,27,0,21,183,10.3279,44,a,0,0,0,0.0,0.0,0.0,0.0,0.0,0.0,0.0,0.0,0.0,0.0,0.0,0.0,0.0,0.0,0.0,0.0,0.0,0.0
60689,Wood,Nott'm Forest,FWD,62,0,1,0,134.2,913,0.3473,0.0486,1.5508,3.3385,0.2143,275,0.3796,0.0589,1.8393,4.5818,0.3273,1.2872,1.4297,1.4983,1.7533,0.5179,0.0724,2.3124,4.9781,0.3195,22.3193,4.29,0.32,14.48,29,4,149,14.9682,1.16,0.18,5.62,14,1,56,275,18.3273,58,a,1,0,1,0.7594,0.4537,0.0,-0.0911,-0.0228,0.1807,0.1179,0.7135,0.0,0.0,0.0001,2.1113,0.5625,0.1969,0.7594,0.4537,43.6,0.5125
482973,Igor Jesus,Nott'm Forest,FWD,257,2,1,0,336.0,2324,0.2749,0.04,1.4344,5.4733,0.5888,397,0.3673,0.0249,1.7479,6.5743,0.6801,1.2872,1.4297,1.4983,1.7533,1.0262,0.1492,5.3552,20.4338,2.1982,70.1848,6.64,1.27,38.81,126,13,411,18.7995,1.62,0.11,7.71,29,3,101,397,22.8967,58,i,1,0,1,0.0,0.0,0.0,0.0,0.0,0.0,0.0,0.0,0.0,0.0,0.0,0.0,0.0,0.0,0.0,0.0,0.0,0.0
465680,Kalimuendo,Nott'm Forest,FWD,1,0,0,0,2.6,89,0.5123,0.0138,1.1665,7.6881,0.0,0,0.0,0.0,0.0,0.0,0.0,1.2872,1.4297,1.4983,1.7533,0.0148,0.0004,0.0337,0.2221,0.0,0.9609,0.4399999999999999,0.02,1.57,6,0,24,33.2619,0.0,0.0,0.0,0,0,0,0,0.0,54,a,0,0,0,0.4502,0.0024,0.0,-0.054,-0.0135,0.0002,0.0368,0.1534,0.0,0.0,0.0,0.5754,0.0004,0.4498,0.4502,0.0024,9.01,0.1002
204561,Schlager,Nott'm Forest,MID,376,4,0,0,75.7,90,0.0499,0.1,0.6698,6.9982,0.0,90,0.05,0.1,0.67,7.0,0.0,1.2872,1.4297,1.4983,1.7533,0.042,0.0841,0.5634,5.8863,0.0,13.4543,0.05,0.1,0.67,7,0,16,15.9959,0.05,0.1,0.67,7,0,16,90,16.0,50,a,0,1,1,1.0,0.9679,0.0,-0.12,-0.03,0.3977,0.4193,0.6476,0.2685,0.0,0.022,3.551,1.0,0.0,1.0,0.9679,90.72,1.0
568420,Diomande,Nott'm Forest,DEF,163,2,0,0,60.5,72,0.0625,0.0125,0.7881,6.2546,0.0,72,0.0625,0.0125,0.7875,6.25,0.0,1.2872,1.4297,1.4983,1.7533,0.042,0.0084,0.5298,4.2045,0.0,3.3636,0.05,0.01,0.63,5,0,4,5.0037,0.05,0.01,0.63,5,0,4,72,5.0,54,a,0,1,1,1.0,0.9439,0.0,-0.12,-0.03,0.2488,0.1185,0.2833,1.1691,-0.4264,0.1628,3.1872,1.0,0.0,1.0,0.9439,79.84,0.9056
428971,Benda,Nott'm Forest,GK,0,0,0,0,0.0,0,0.0,0.0,0.0,0.0,0.0,0,0.0,0.0,0.0,0.0,0.0,1.2872,1.4297,1.4983,1.7533,0.0,0.0,0.0,0.0,0.0,0.0,0.0,0.0,0.0,0,0,0,0.0,0.0,0.0,0.0,0,0,0,0,0.0,45,a,0,0,0,0.0,0.0,0.0,0.0,0.0,0.0,0.0,0.0,0.0,0.0,0.0,0.0,0.0,0.0,0.0,0.0,0.0,0.0
469142,Van Hecke,Spurs,DEF,450,5,0,0,455.2,3300,0.1572,0.0932,1.1943,9.2189,0.1279,450,0.258,0.104,1.372,8.8,0.0,1.2197,1.2199,1.2683,0.76,0.795,0.4716,6.0403,46.6274,0.6471,83.7956,3.66,1.87,47.43,326,8,592,16.5677,1.29,0.52,6.86,44,0,59,450,11.8,49,a,0,1,1,1.0,0.9767,0.0,-0.12,-0.03,0.1444,0.2672,0.8815,1.2869,-0.3922,0.4599,4.0145,1.0,0.0,1.0,0.9767,89.11,1.0
109646,Tosin,Spurs,DEF,5,0,0,0,49.3,788,0.0073,0.0427,1.8394,11.3031,0.1481,45,0.0,0.0,2.18,6.0,0.0,1.2197,1.2199,1.2683,0.76,0.004,0.0234,1.0076,6.1916,0.0811,7.6348,0.11,0.4,13.25,97,2,130,13.9378,0.0,0.0,1.09,3,0,1,45,2.0,44,a,0,0,0,0.0817,0.0014,0.0,-0.0098,-0.0025,0.0004,0.0025,0.0023,0.0026,-0.003,0.0002,0.0756,0.0018,0.0799,0.0817,0.0014,1.68,0.0187
438234,Marmoush,Spurs,FWD,339,4,0,0,173.6,781,0.192,0.0521,1.0898,4.2708,0.2963,215,0.2428,0.0544,1.0465,4.6047,0.4186,1.2197,1.2199,1.2683,0.76,0.3703,0.1004,2.1021,8.2379,0.5716,36.8972,2.8000000000000003,0.81,9.08,43,5,190,19.1287,0.5800000000000001,0.13,2.5,11,1,68,215,28.4651,70,a,0,1,1,1.0,0.9241,0.0,-0.12,-0.03,0.3903,0.2328,0.9074,0.0,0.0,0.0023,3.3045,1.0,0.0,1.0,0.9241,82.27,0.9417
510281,Sávio,Spurs,MID,240,3,0,0,186.8,907,0.3087,0.1572,1.3531,4.9544,0.1562,305,0.2597,0.1446,1.4695,3.8361,0.2951,1.2197,1.2199,1.2683,0.76,0.6408,0.3262,2.8085,10.2831,0.3242,43.7493,2.79,1.76,12.4,64,1,169,21.0784,0.8799999999999999,0.49,4.98,13,1,68,305,20.0656,65,a,0,1,1,1.0,0.8745,0.0,-0.12,-0.03,0.2519,0.4139,1.1756,0.3227,0.0,0.0093,3.8886,1.0,0.0,1.0,0.8745,76.49,0.8889
432422,Tonali,Spurs,MID,427,5,0,0,349.7,2617,0.0599,0.131,1.4174,9.5289,0.0479,405,0.04,0.1333,1.0089,9.7778,0.0,1.2197,1.2199,1.2683,0.76,0.2326,0.509,5.5075,37.0251,0.1862,66.7317,1.81,3.08,37.29,268,2,495,17.1743,0.18,0.6,4.54,44,0,77,405,17.1111,53,a,0,1,1,1.0,0.9293,0.0,-0.12,-0.03,0.1012,0.3793,0.3346,0.3225,0.0,0.337,2.9169,1.0,0.0,1.0,0.9293,83.04,0.9489
184254,Vicario,Spurs,GK,0,0,0,0,212.4,2790,0.0,0.002,1.6506,0.0,0.0651,0,0.0,0.0,0.0,0.0,0.0,1.2197,1.2199,1.2683,0.76,0.0,0.0047,3.8954,0.0,0.1537,23.4057,0.0,0.04,46.21,0,6,412,9.9177,0.0,0.0,0.0,0,0,0,0,0.0,45,u,0,0,0,0.0,0.0,0.0,0.0,0.0,0.0,0.0,0.0,0.0,0.0,0.0,0.0,0.0,0.0,0.0,0.0,0.0,0.0
214572,Austin,Spurs,GK,0,0,0,0,0.0,0,0.0,0.0,0.0,0.0,0.0,0,0.0,0.0,0.0,0.0,0.0,1.2197,1.2199,1.2683,0.76,0.0,0.0,0.0,0.0,0.0,0.0,0.0,0.0,0.0,0,0,0,0.0,0.0,0.0,0.0,0,0,0,0,0.0,40,a,0,0,0,0.0,0.0,0.0,0.0,0.0,0.0,0.0,0.0,0.0,0.0,0.0,0.0,0.0,0.0,0.0,0.0,0.0,0.0
485055,Kinsky,Spurs,GK,450,5,0,0,265.8,720,0.0,0.0,0.8758,0.0,0.0,540,0.0,0.0,0.76,0.0,0.0,1.2197,1.2199,1.2683,0.76,0.0,0.0,2.5866,0.0,0.0,27.5356,0.0,0.0,6.71,0,0,81,9.3236,0.0,0.0,4.5600000000000005,0,0,66,540,11.0,45,a,0,1,1,1.0,0.995,1.0,-0.12,-0.03,0.0654,0.0,0.0,1.311,-0.3922,0.0,3.8292,1.0,0.0,1.0,0.995,89.81,1.0
67089,Dubravka,Spurs,GK,0,0,0,0,304.8,3150,0.0,0.0009,2.0549,0.0,0.1368,90,0.0,0.0,1.64,0.0,0.0,1.2197,1.2199,1.2683,0.76,0.0,0.003,6.9594,0.0,0.4633,39.4877,0.0,0.04,71.26,0,7,436,11.6598,0.0,0.0,1.64,0,0,13,90,13.0,40,a,0,0,0,0.0,0.0,0.0,0.0,0.0,0.0,0.0,0.0,0.0,0.0,0.0,0.0,0.0,0.0,0.0,0.0,0.0,0.0
221466,Senesi,Spurs,DEF,90,1,0,0,394.3,3288,0.039,0.094,1.5259,10.1354,0.4398,360,0.0,0.05,1.405,10.25,0.75,1.2197,1.2199,1.2683,0.76,0.1707,0.412,6.6853,44.4042,1.9268,72.8916,1.53,4.72,54.77,419,14,571,16.6377,0.0,0.2,5.62,41,3,89,360,22.25,58,a,0,0,0,0.908,0.8791,0.0,-0.109,-0.0272,0.3837,0.2428,0.2167,1.1583,-0.3533,0.539,3.2992,0.9,0.008,0.908,0.8791,80.36,0.9018
441164,Pedro Porro,Spurs,DEF,198,3,0,0,356.1,2811,0.0472,0.1498,1.047,7.3938,0.3803,468,0.0365,0.1885,0.6615,8.6538,0.5769,1.2197,1.2199,1.2683,0.76,0.1868,0.5928,4.1428,29.2549,1.5049,65.7721,1.06,4.37,37.79,219,8,506,16.6231,0.19,0.98,3.44,45,3,108,468,20.7692,54,i,0,1,1,0.0,0.0,0.0,0.0,0.0,0.0,0.0,0.0,0.0,0.0,0.0,0.0,0.0,0.0,0.0,0.0,0.0,0.0
221632,Romero,Spurs,DEF,0,0,0,0,123.7,1869,0.0696,0.0712,1.4081,9.7423,0.3947,0,0.0,0.0,0.0,0.0,0.0,1.2197,1.2199,1.2683,0.76,0.0956,0.0978,1.9353,13.3902,0.5425,16.4734,1.39,1.25,28.32,197,10,305,11.9855,0.0,0.0,0.0,0,0,0,0,0.0,50,u,0,0,0,0.0,0.0,0.0,0.0,0.0,0.0,0.0,0.0,0.0,0.0,0.0,0.0,0.0,0.0,0.0,0.0,0.0,0.0
122798,Robertson,Spurs,DEF,366,4,0,0,253.0,1255,0.0805,0.1465,1.3989,3.5201,0.1212,316,0.1139,0.1709,1.8655,3.1329,0.0,1.2197,1.2199,1.2683,0.76,0.2262,0.4119,3.9326,9.8954,0.3408,41.5628,1.1,1.66,18.6,58,4,231,14.7852,0.4,0.6,6.55,11,0,49,316,13.9557,44,a,0,1,1,1.0,0.9803,0.0,-0.12,-0.03,0.1602,0.3764,0.4431,1.2916,-0.3922,0.0185,3.7094,1.0,0.0,1.0,0.9803,90.72,1.0
491279,Van de Ven,Spurs,DEF,360,4,0,0,427.2,3131,0.0351,0.0071,1.1067,5.7623,0.1055,540,0.0083,0.0067,0.76,4.3333,0.0,1.2197,1.2199,1.2683,0.76,0.1667,0.0336,5.2532,27.3516,0.5009,48.2448,2.8400000000000003,0.39,44.15,218,10,438,10.1639,0.05,0.04,4.5600000000000005,26,0,85,540,14.1667,50,a,0,1,1,1.0,0.9767,0.0,-0.12,-0.03,0.1251,0.0342,0.2196,1.2869,-0.3922,0.0825,3.1003,1.0,0.0,1.0,0.9767,89.11,1.0
232859,Spence,Spurs,DEF,0,0,0,0,201.4,2049,0.0307,0.0766,1.2125,5.372,0.2741,229,0.0157,0.0118,0.7074,4.3231,0.786,1.2197,1.2199,1.2683,0.76,0.0686,0.1714,2.7132,12.0213,0.6134,27.8359,0.9,1.7699999999999998,31.42,116,3,271,12.4391,0.04,0.03,1.7999999999999998,11,2,52,229,20.4367,45,u,0,0,0,0.0,0.0,0.0,0.0,0.0,0.0,0.0,0.0,0.0,0.0,0.0,0.0,0.0,0.0,0.0,0.0,0.0,0.0
487053,Udogie,Spurs,DEF,86,1,0,0,203.2,1335,0.0082,0.0366,0.955,4.68,0.1708,331,0.0054,0.0136,0.5601,4.8943,0.2719,1.2197,1.2199,1.2683,0.76,0.0185,0.0826,2.1562,10.5664,0.3856,21.7776,0.18,0.72,19.15,68,1,121,9.6456,0.02,0.05,2.06,18,1,44,331,11.9637,44,a,0,0,0,0.8275,0.783,0.0,-0.0993,-0.0248,0.1606,0.0921,0.079,1.0794,-0.2993,0.0291,2.5982,0.8125,0.015,0.8275,0.783,69.17,0.7797
548308,Phillips,Spurs,DEF,0,0,0,0,0.0,0,0.0,0.0,0.0,0.0,0.0,0,0.0,0.0,0.0,0.0,0.0,1.2197,1.2199,1.2683,0.76,0.0,0.0,0.0,0.0,0.0,0.0,0.0,0.0,0.0,0,0,0,0.0,0.0,0.0,0.0,0,0,0,0,0.0,45,u,0,0,0,0.0,0.0,0.0,0.0,0.0,0.0,0.0,0.0,0.0,0.0,0.0,0.0,0.0,0.0,0.0,0.0,0.0,0.0
115556,Davies,Spurs,DEF,0,0,0,0,10.6,136,0.3371,0.0484,0.7463,8.3539,0.6886,0,0.0,0.0,0.0,0.0,0.0,1.2197,1.2199,1.2683,0.76,0.0397,0.0057,0.0879,0.9839,0.0811,2.2402,0.49,0.07,1.11,14,1,29,19.0206,0.0,0.0,0.0,0,0,0,0,0.0,39,a,0,0,0,0.0,0.0,0.0,0.0,0.0,0.0,0.0,0.0,0.0,0.0,0.0,0.0,0.0,0.0,0.0,0.0,0.0,0.0
640419,Byfield,Spurs,DEF,0,0,0,0,0.1,1,0.0,0.0,0.0,0.0,0.0,0,0.0,0.0,0.0,0.0,0.0,1.2197,1.2199,1.2683,0.76,0.0,0.0,0.0,0.0,0.0,0.3439,0.0,0.0,0.0,0,0,3,309.51,0.0,0.0,0.0,0,0,0,0,0.0,40,a,0,0,0,0.0,0.0,0.0,0.0,0.0,0.0,0.0,0.0,0.0,0.0,0.0,0.0,0.0,0.0,0.0,0.0,0.0,0.0
499716,Rowswell,Spurs,DEF,0,0,0,0,0.2,1,0.0,0.0,31.23,0.0,0.0,0,0.0,0.0,0.0,0.0,0.0,1.2197,1.2199,1.2683,0.76,0.0,0.0,0.0694,0.0,0.0,0.5783,0.0,0.0,0.36,0,0,3,260.235,0.0,0.0,0.0,0,0,0,0,0.0,40,a,0,0,0,0.0,0.0,0.0,0.0,0.0,0.0,0.0,0.0,0.0,0.0,0.0,0.0,0.0,0.0,0.0,0.0,0.0,0.0
616221,Souza,Spurs,DEF,0,0,0,0,24.0,142,0.0146,0.0184,1.5551,3.7691,0.0,0,0.0,0.0,0.0,0.0,0.0,1.2197,1.2199,1.2683,0.76,0.0039,0.0049,0.4147,1.0051,0.0,-0.0945,0.02,0.03,2.6100000000000003,6,0,0,-0.3544,0.0,0.0,0.0,0,0,0,0,0.0,40,u,0,0,0,0.0,0.0,0.0,0.0,0.0,0.0,0.0,0.0,0.0,0.0,0.0,0.0,0.0,0.0,0.0,0.0,0.0,0.0
460842,Kudus,Spurs,MID,123,0,1,0,96.0,1580,0.1148,0.2358,1.0598,10.4966,0.2203,45,0.14,0.4,0.7,14.0,0.0,1.2197,1.2199,1.2683,0.76,0.1224,0.2515,1.1304,11.1964,0.235,29.3991,1.99,2.61,23.09,140,7,281,27.5617,0.07,0.2,0.35,7,0,24,45,48.0,65,a,1,0,1,0.7594,0.448,0.0,-0.0911,-0.0228,0.1525,0.3386,0.3105,0.1752,0.0,0.1202,2.0703,0.5625,0.1969,0.7594,0.448,43.47,0.5125
493362,Xavi,Spurs,MID,0,0,0,0,168.0,1747,0.2154,0.2091,1.6077,7.0283,0.4751,62,0.1742,0.0435,0.3774,5.8065,0.0,1.2197,1.2199,1.2683,0.76,0.402,0.3904,3.0011,13.1195,0.8869,36.5115,3.06,3.85,30.71,149,7,345,19.5597,0.12,0.03,0.26,4,0,10,62,14.5161,59,i,0,0,0,0.0,0.0,0.0,0.0,0.0,0.0,0.0,0.0,0.0,0.0,0.0,0.0,0.0,0.0,0.0,0.0,0.0,0.0
511499,Tel,Spurs,MID,257,3,0,0,232.8,1334,0.1383,0.2039,1.0173,7.268,0.3735,381,0.085,0.2362,0.6449,7.3228,0.4724,1.2197,1.2199,1.2683,0.76,0.3578,0.5274,2.6314,18.8,0.9661,40.0791,2.47,2.43,17.29,111,7,266,15.4945,0.36,1.0,2.73,31,2,64,381,15.1181,57,a,0,0,0,0.9313,0.8152,0.0,-0.1118,-0.0279,0.3498,0.4887,0.5949,0.282,0.0,0.0864,3.3222,0.875,0.0563,0.9313,0.8152,74.06,0.8454
172780,Maddison,Spurs,MID,59,0,1,0,32.3,58,0.3475,0.1028,0.9936,19.0806,0.0,58,0.419,0.1241,1.2414,17.069,0.0,1.2197,1.2199,1.2683,0.76,0.1247,0.0369,0.3566,6.8478,0.0,9.4051,0.27,0.08,0.8,11,0,14,26.2062,0.27,0.08,0.8,11,0,14,58,21.7241,63,a,1,0,1,0.7594,0.448,0.0,-0.0911,-0.0228,0.2413,0.2203,0.4563,0.1752,0.0,0.0164,2.1866,0.5625,0.1969,0.7594,0.448,43.47,0.5125
202993,Bentancur,Spurs,MID,370,4,0,0,284.0,1963,0.0319,0.0335,0.8727,14.6888,0.13,490,0.0478,0.0367,0.6778,13.9592,0.1837,1.2197,1.2199,1.2683,0.76,0.1008,0.1058,2.7538,46.3513,0.4102,55.0724,0.72,0.88,24.75,295,4,381,17.4525,0.26,0.2,3.69,76,1,91,490,16.7143,55,a,0,1,1,1.0,0.9662,0.0,-0.12,-0.03,0.186,0.1534,0.2489,0.3183,0.0,1.1778,2.7227,1.0,0.0,1.0,0.9662,90.65,1.0
550839,Odobert,Spurs,MID,0,0,0,0,60.4,972,0.1986,0.1159,1.527,7.73,0.636,0,0.0,0.0,0.0,0.0,0.0,1.2197,1.2199,1.2683,0.76,0.1333,0.0778,1.0248,5.1877,0.4268,11.6615,1.92,1.21,14.24,77,6,176,17.3764,0.0,0.0,0.0,0,0,0,0,0.0,55,i,0,0,0,0.0,0.0,0.0,0.0,0.0,0.0,0.0,0.0,0.0,0.0,0.0,0.0,0.0,0.0,0.0,0.0,0.0,0.0
482442,P.M.Sarr,Spurs,MID,0,0,0,0,140.4,1388,0.102,0.0735,1.7326,12.231,0.1747,39,0.3,0.0692,1.0615,6.9231,0.0,1.2197,1.2199,1.2683,0.76,0.1591,0.1146,2.7028,19.0804,0.2726,32.8698,1.63,1.11,26.67,183,2,313,21.0704,0.13,0.03,0.4599999999999999,3,0,20,39,46.1538,49,u,0,0,0,0.0,0.0,0.0,0.0,0.0,0.0,0.0,0.0,0.0,0.0,0.0,0.0,0.0,0.0,0.0,0.0,0.0,0.0
232787,Gallagher,Spurs,MID,134,2,1,0,261.6,1189,0.2031,0.0409,1.1372,10.46,0.3068,447,0.1973,0.0282,0.6362,11.0738,0.604,1.2197,1.2199,1.2683,0.76,0.5902,0.1188,3.3055,30.4037,0.8919,65.6996,1.58,0.7,19.1,128,3,235,22.6031,0.98,0.14,3.16,55,3,109,447,21.9463,53,a,1,0,1,1.0,0.55,0.0,-0.12,-0.03,0.3507,0.1249,0.6049,0.2564,0.0,0.0467,2.7369,1.0,0.0,1.0,0.55,54.75,0.6333
570526,Bergvall,Spurs,MID,78,1,1,0,75.0,961,0.1129,0.0412,1.626,7.2802,0.0,43,0.1047,0.0209,1.7791,6.2791,0.0,1.2197,1.2199,1.2683,0.76,0.0941,0.0343,1.355,6.0668,0.0,14.0468,1.23,0.44,13.73,80,0,166,16.8562,0.05,0.01,0.8500000000000001,3,0,14,43,29.3023,53,a,1,0,1,0.8969,0.4473,0.0,-0.1076,-0.0269,0.1085,0.1143,0.333,0.2086,0.0,0.0055,1.974,0.8125,0.0844,0.8969,0.4473,46.62,0.5424
445044,Kulusevski,Spurs,MID,0,0,0,0,0.0,0,0.0,0.0,0.0,0.0,0.0,0,0.0,0.0,0.0,0.0,0.0,1.2197,1.2199,1.2683,0.76,0.0,0.0,0.0,0.0,0.0,0.0,0.0,0.0,0.0,0,0,0,0.0,0.0,0.0,0.0,0,0,0,0,0.0,65,i,0,0,0,0.0,0.0,0.0,0.0,0.0,0.0,0.0,0.0,0.0,0.0,0.0,0.0,0.0,0.0,0.0,0.0,0.0,0.0
547701,Gray,Spurs,MID,307,3,1,0,237.7,1542,0.1118,0.0772,1.5902,7.3421,0.2323,79,0.1595,0.0114,1.5608,6.8354,0.0,1.2197,1.2199,1.2683,0.76,0.2952,0.2039,4.2,19.3914,0.6134,40.3697,1.64,1.3,25.92,137,6,251,15.2851,0.14,0.01,1.37,6,0,16,79,18.2278,49,a,1,0,1,1.0,0.9662,0.0,-0.12,-0.03,0.2818,0.272,0.5943,0.3183,0.0,0.1563,3.2826,1.0,0.0,1.0,0.9662,90.65,1.0
499721,Moore,Spurs,MID,89,1,0,0,0.0,0,0.0,0.0,0.0,0.0,0.0,0,0.0,0.0,0.0,0.0,0.0,1.2197,1.2199,1.2683,0.76,0.0,0.0,0.0,0.0,0.0,0.0,0.0,0.0,0.0,0,0,0,0.0,0.0,0.0,0.0,0,0,0,0,0.0,50,u,0,0,0,0.0,0.0,0.0,0.0,0.0,0.0,0.0,0.0,0.0,0.0,0.0,0.0,0.0,0.0,0.0,0.0,0.0,0.0
499726,Olusesi,Spurs,MID,0,0,0,0,2.7,14,0.0,0.0633,4.82,12.8533,0.0,0,0.0,0.0,0.0,0.0,0.0,1.2197,1.2199,1.2683,0.76,0.0,0.0019,0.1446,0.3856,0.0,0.5783,0.0,0.01,0.75,2,0,3,19.2767,0.0,0.0,0.0,0,0,0,0,0.0,44,a,0,0,0,0.0,0.0,0.0,0.0,0.0,0.0,0.0,0.0,0.0,0.0,0.0,0.0,0.0,0.0,0.0,0.0,0.0,0.0
551226,Fernandes,Spurs,MID,249,3,0,0,428.6,3062,0.08,0.0912,1.4518,11.1594,0.1799,495,0.1473,0.0873,1.6436,11.6364,0.1818,1.2197,1.2199,1.2683,0.76,0.3809,0.4345,6.9136,53.1434,0.8567,85.027,2.06,2.98,49.12,376,7,661,17.8545,0.81,0.48,9.04,64,1,96,495,17.4545,57,a,0,1,1,1.0,0.9084,0.0,-0.12,-0.03,0.2127,0.269,0.402,0.3239,0.0,0.5068,2.9661,1.0,0.0,1.0,0.9084,80.16,0.9222
154566,Solanke,Spurs,FWD,170,2,0,0,221.4,1062,0.2326,0.025,1.4878,7.0192,0.2117,104,0.1038,0.0779,0.9865,12.1154,0.0,1.2197,1.2199,1.2683,0.76,0.5721,0.0615,3.6601,17.2672,0.5207,36.2505,3.09,0.3399999999999999,18.81,77,4,196,14.736,0.12,0.09,1.14,14,0,18,104,15.5769,58,a,0,1,1,1.0,0.9262,0.0,-0.12,-0.03,0.308,0.1586,0.9886,0.0,0.0,0.0482,3.2314,1.0,0.0,1.0,0.9262,82.56,0.9444
212319,Richarlison,Spurs,FWD,67,1,0,0,240.1,1954,0.4642,0.0518,0.9756,6.5434,0.8401,392,0.489,0.0436,0.6819,5.7398,0.9184,1.2197,1.2199,1.2683,0.76,1.2384,0.1381,2.6028,17.4564,2.2413,55.2226,8.64,1.46,25.64,147,17,505,20.6999,2.13,0.19,2.97,25,4,79,392,18.1378,59,u,0,0,0,0.0,0.0,0.0,0.0,0.0,0.0,0.0,0.0,0.0,0.0,0.0,0.0,0.0,0.0,0.0,0.0,0.0,0.0
490145,Scarlett,Spurs,FWD,0,0,0,0,0.7,7,0.0,0.1414,0.4114,13.5129,0.0,0,0.0,0.0,0.0,0.0,0.0,1.2197,1.2199,1.2683,0.76,0.0,0.0011,0.0032,0.1051,0.0,0.4774,0.0,0.01,0.03,1,0,5,61.38,0.0,0.0,0.0,0,0,0,0,0.0,45,u,0,0,0,0.0,0.0,0.0,0.0,0.0,0.0,0.0,0.0,0.0,0.0,0.0,0.0,0.0,0.0,0.0,0.0,0.0,0.0
465920,Mudryk,Spurs,MID,16,0,0,0,0.0,0,0.0,0.0,0.0,0.0,0.0,0,0.0,0.0,0.0,0.0,0.0,1.2197,1.2199,1.2683,0.76,0.0,0.0,0.0,0.0,0.0,0.0,0.0,0.0,0.0,0,0,0,0.0,0.0,0.0,0.0,0,0,0,0,0.0,53,i,0,0,0,0.0,0.0,0.0,0.0,0.0,0.0,0.0,0.0,0.0,0.0,0.0,0.0,0.0,0.0,0.0,0.0,0.0,0.0
611917,Williams-Barnett,Spurs,MID,0,0,0,0,0.0,0,0.0,0.0,0.0,0.0,0.0,0,0.0,0.0,0.0,0.0,0.0,1.2197,1.2199,1.2683,0.76,0.0,0.0,0.0,0.0,0.0,0.0,0.0,0.0,0.0,0,0,0,0.0,0.0,0.0,0.0,0,0,0,0,0.0,45,a,0,0,0,0.0,0.0,0.0,0.0,0.0,0.0,0.0,0.0,0.0,0.0,0.0,0.0,0.0,0.0,0.0,0.0,0.0,0.0
135720,Danso,Sunderland,DEF,270,3,0,0,334.8,1579,0.0609,0.0126,1.4074,10.1741,0.0084,540,0.0667,0.0133,1.0367,9.5,0.0,1.5476,1.616,1.4783,1.365,0.2266,0.0468,5.2355,37.8477,0.0312,30.4772,0.6900000000000001,0.29,22.97,200,1,211,8.1928,0.4,0.08,6.22,57,0,75,540,12.5,50,a,0,1,1,1.0,0.979,0.0,-0.12,-0.03,0.0613,0.0582,0.3535,0.9362,-0.5768,0.5744,2.6614,1.0,0.0,1.0,0.979,89.2,1.0
498016,Roefs,Sunderland,GK,450,5,0,0,426.1,3240,0.0,0.0038,1.6459,0.0,0.2079,540,0.0,0.0017,1.365,0.0,0.0,1.5476,1.616,1.4783,1.365,0.0,0.0182,7.7922,0.0,0.9843,47.3172,0.0,0.11,52.87,0,12,565,9.9942,0.0,0.01,8.19,0,0,50,540,8.3333,49,a,0,1,1,1.0,0.995,1.0,-0.12,-0.03,0.2071,0.0103,0.0,0.9515,-0.5768,0.0,3.4371,1.0,0.0,1.0,0.995,89.81,1.0
232571,Patterson,Sunderland,GK,0,0,0,0,0.0,0,0.0,0.0,0.0,0.0,0.0,0,0.0,0.0,0.0,0.0,0.0,1.5476,1.616,1.4783,1.365,0.0,0.0,0.0,0.0,0.0,0.0,0.0,0.0,0.0,0,0,0,0.0,0.0,0.0,0.0,0,0,0,0,0.0,40,u,0,0,0,0.0,0.0,0.0,0.0,0.0,0.0,0.0,0.0,0.0,0.0,0.0,0.0,0.0,0.0,0.0,0.0,0.0,0.0
515046,Ellborg,Sunderland,GK,0,0,0,0,52.2,270,0.0,0.0067,1.3691,0.0,0.9143,0,0.0,0.0,0.0,0.0,0.0,1.5476,1.616,1.4783,1.365,0.0,0.0039,0.7941,0.0,0.5303,11.667,0.0,0.02,4.1,0,3,62,20.1155,0.0,0.0,0.0,0,0,0,0,0.0,44,a,0,0,0,0.0,0.0,0.0,0.0,0.0,0.0,0.0,0.0,0.0,0.0,0.0,0.0,0.0,0.0,0.0,0.0,0.0,0.0
223827,Ballard,Sunderland,DEF,450,5,0,0,274.4,2234,0.0985,0.0152,1.8353,11.7229,0.1708,203,0.0798,0.0222,1.7379,9.7537,0.0,1.5476,1.616,1.4783,1.365,0.3004,0.0464,5.5955,35.7417,0.5206,10.5754,2.6,0.63,36.02,278,9,328,3.4686,0.18,0.05,3.92,22,0,-31,203,-13.7438,49,i,0,1,1,0.0,0.0,0.0,0.0,0.0,0.0,0.0,0.0,0.0,0.0,0.0,0.0,0.0,0.0,0.0,0.0,0.0,0.0
200834,Mukiele,Sunderland,DEF,360,4,0,0,393.9,2874,0.0646,0.124,1.641,7.9733,0.2525,540,0.065,0.13,1.365,7.5,0.1667,1.5476,1.616,1.4783,1.365,0.2829,0.5426,7.1823,34.8965,1.1053,55.5216,1.67,2.88,47.53,282,11,494,12.6858,0.39,0.78,8.19,45,1,68,540,11.3333,54,a,0,1,1,1.0,0.979,0.0,-0.12,-0.03,0.2577,0.3479,0.3781,0.9362,-0.5768,0.291,3.1721,1.0,0.0,1.0,0.979,89.2,1.0
487676,Hume,Sunderland,DEF,206,2,1,0,351.7,3043,0.1024,0.0856,1.6047,5.5183,0.1371,429,0.0797,0.0881,1.2399,4.6154,0.0,1.5476,1.616,1.4783,1.365,0.4001,0.3344,6.2709,21.5642,0.5359,41.4366,2.37,2.06,48.75,204,6,381,10.6036,0.38,0.42,5.91,22,0,50,429,10.4895,43,a,1,0,1,1.0,0.9833,0.0,-0.12,-0.03,0.1539,0.2458,0.582,0.9404,-0.5768,0.0773,3.1785,1.0,0.0,1.0,0.9833,91.33,1.0
201895,Alderete,Sunderland,DEF,23,0,0,0,320.3,2797,0.0437,0.0186,1.4019,10.0501,0.0421,292,0.0771,0.0092,1.0695,8.6301,0.0,1.5476,1.616,1.4783,1.365,0.1555,0.0661,4.9893,35.7671,0.1499,39.1895,1.62,0.91,44.52,312,5,400,11.0117,0.25,0.03,3.47,28,0,22,292,6.7808,48,a,0,0,0,0.0875,0.0049,0.0,-0.0105,-0.0026,0.0006,0.0014,0.0058,0.0073,-0.0062,0.0006,0.0881,0.0081,0.0794,0.0875,0.0049,1.98,0.0217
434399,Reinildo,Sunderland,DEF,360,4,0,0,246.1,1966,0.0025,0.0342,1.1701,7.1484,0.2305,386,0.0,0.0303,0.9303,6.9948,0.0,1.5476,1.616,1.4783,1.365,0.0068,0.0935,3.1996,19.547,0.6304,40.3387,0.13,0.62,26.72,164,6,281,14.7521,0.0,0.13,3.99,30,0,74,386,17.2539,44,a,0,0,0,1.0,0.979,0.0,-0.12,-0.03,0.241,0.1098,0.0581,0.9362,-0.5768,0.2023,2.5973,1.0,0.0,1.0,0.979,89.2,1.0
519634,Seelt,Sunderland,DEF,0,0,0,0,2.2,133,0.0,0.0082,0.9082,8.0182,0.0,0,0.0,0.0,0.0,0.0,0.0,1.5476,1.616,1.4783,1.365,0.0,0.0002,0.0222,0.196,0.0,0.1789,0.0,0.01,1.33,12,0,11,7.3186,0.0,0.0,0.0,0,0,0,0,0.0,45,u,0,0,0,0.0,0.0,0.0,0.0,0.0,0.0,0.0,0.0,0.0,0.0,0.0,0.0,0.0,0.0,0.0,0.0,0.0,0.0
477547,Hjelde,Sunderland,DEF,0,0,0,0,0.0,0,0.0,0.0,0.0,0.0,0.0,0,0.0,0.0,0.0,0.0,0.0,1.5476,1.616,1.4783,1.365,0.0,0.0,0.0,0.0,0.0,0.0,0.0,0.0,0.0,0,0,0,0.0,0.0,0.0,0.0,0,0,0,0,0.0,40,u,0,0,0,0.0,0.0,0.0,0.0,0.0,0.0,0.0,0.0,0.0,0.0,0.0,0.0,0.0,0.0,0.0,0.0,0.0,0.0
167512,O'Nien,Sunderland,DEF,66,1,0,0,143.4,565,0.0333,0.019,1.3892,6.9921,0.242,157,0.0745,0.0057,1.0892,8.5987,0.5732,1.5476,1.616,1.4783,1.365,0.0531,0.0302,2.2135,11.1408,0.3856,23.4807,0.15,0.13,9.24,43,1,90,14.7368,0.13,0.01,1.9,15,1,32,157,18.3439,39,a,0,0,0,0.8275,0.6408,0.0,-0.0993,-0.0248,0.2147,0.0555,0.1427,0.8692,-0.3067,0.0319,2.3194,0.8125,0.015,0.8275,0.6408,51.52,0.5992
105717,Masuaku,Sunderland,DEF,0,0,0,0,3.1,125,0.0494,0.061,1.5358,7.1332,0.0,0,0.0,0.0,0.0,0.0,0.0,1.5476,1.616,1.4783,1.365,0.0017,0.0021,0.0529,0.2457,0.0,0.086,0.07,0.08,2.09,10,0,4,2.4968,0.0,0.0,0.0,0,0,0,0,0.0,40,u,0,0,0,0.0,0.0,0.0,0.0,0.0,0.0,0.0,0.0,0.0,0.0,0.0,0.0,0.0,0.0,0.0,0.0,0.0,0.0
93605,Meunier,Sunderland,DEF,396,5,0,0,65.6,78,0.0,0.5191,1.5459,4.6147,0.0,78,0.0,0.5192,1.5462,4.6154,0.0,1.5476,1.616,1.4783,1.365,0.0,0.3784,1.1268,3.3636,0.0,4.2045,0.0,0.45,1.34,4,0,5,5.7684,0.0,0.45,1.34,4,0,5,78,5.7692,45,a,0,1,1,1.0,0.9326,0.0,-0.12,-0.03,0.2453,0.3577,0.2159,1.0411,-0.4854,0.1169,3.1572,1.0,0.0,1.0,0.9326,77.37,0.88
484420,E.Le Fée,Sunderland,MID,438,5,0,0,436.0,3020,0.1132,0.3172,1.6271,8.9113,0.6536,540,0.0967,0.38,1.365,8.6667,1.0,1.5476,1.616,1.4783,1.365,0.5486,1.5367,7.8823,43.1705,3.1662,118.215,5.22,6.470000000000001,49.32,322,16,654,24.4022,0.58,2.28,8.19,52,6,155,540,25.8333,57,a,0,1,1,1.0,0.9501,0.0,-0.12,-0.03,0.6376,0.8755,0.5695,0.235,0.0,0.3098,4.1178,1.0,0.0,1.0,0.9501,85.82,0.9733
547027,Diarra,Sunderland,MID,28,0,0,0,202.7,1403,0.2532,0.0746,1.5259,5.1431,0.1527,124,0.2032,0.1669,1.4444,6.5323,0.0,1.5476,1.616,1.4783,1.365,0.5703,0.1681,3.4366,11.5833,0.3439,34.451,3.27,0.85,21.52,79,3,209,15.2964,0.28,0.23,1.99,9,0,20,124,14.5161,53,i,0,0,0,0.0,0.0,0.0,0.0,0.0,0.0,0.0,0.0,0.0,0.0,0.0,0.0,0.0,0.0,0.0,0.0,0.0,0.0
84450,Xhaka,Sunderland,MID,450,5,0,0,411.3,2991,0.0281,0.1903,1.6407,10.6979,0.2377,540,0.0283,0.2667,1.365,10.3333,0.5,1.5476,1.616,1.4783,1.365,0.1285,0.8697,7.498,48.8896,1.0864,86.1262,1.01,4.11,48.5,370,8,628,18.846,0.1699999999999999,1.6,8.19,62,3,117,540,19.5,55,a,0,1,1,1.0,0.9619,0.0,-0.12,-0.03,0.2652,0.5582,0.2044,0.23,0.0,0.6011,3.0696,1.0,0.0,1.0,0.9619,88.55,1.0
577669,Sadiki,Sunderland,MID,410,5,0,0,411.0,2958,0.0755,0.0428,1.2841,7.1156,0.0,484,0.1116,0.0707,1.0116,6.5083,0.0,1.5476,1.616,1.4783,1.365,0.3448,0.1955,5.8641,32.4946,0.0,57.426,1.47,1.47,42.41,251,0,419,12.575,0.6,0.38,5.44,35,0,65,484,12.0868,49,a,0,1,1,1.0,0.9083,0.0,-0.12,-0.03,0.0529,0.148,0.3799,0.2434,0.0,0.0899,2.5825,1.0,0.0,1.0,0.9083,79.25,0.9111
535818,Adingra,Sunderland,MID,0,0,0,0,31.7,649,0.0494,0.0894,1.8275,6.7466,0.5806,0,0.0,0.0,0.0,0.0,0.0,1.5476,1.616,1.4783,1.365,0.0174,0.0315,0.6437,2.3763,0.2045,3.6352,0.35,0.62,11.3,45,3,81,10.3208,0.0,0.0,0.0,0,0,0,0,0.0,49,u,0,0,0,0.0,0.0,0.0,0.0,0.0,0.0,0.0,0.0,0.0,0.0,0.0,0.0,0.0,0.0,0.0,0.0,0.0,0.0
461199,Mundle,Sunderland,MID,1,0,0,0,38.2,399,0.2325,0.1077,2.062,7.4297,0.0,0,0.0,0.0,0.0,0.0,0.0,1.5476,1.616,1.4783,1.365,0.0987,0.0457,0.8752,3.1535,0.0,3.4321,0.87,0.48,8.54,33,0,42,8.0861,0.0,0.0,0.0,0,0,0,0,0.0,48,i,0,0,0,0.0,0.0,0.0,0.0,0.0,0.0,0.0,0.0,0.0,0.0,0.0,0.0,0.0,0.0,0.0,0.0,0.0,0.0
554197,Rigg,Sunderland,MID,17,0,0,0,106.3,758,0.1175,0.1295,1.7303,6.793,0.178,59,0.1678,0.1068,2.2271,4.5763,0.0,1.5476,1.616,1.4783,1.365,0.1388,0.1529,2.0437,8.0233,0.2102,24.2915,0.86,0.93,12.46,57,1,136,20.5667,0.11,0.0699999999999999,1.46,3,0,21,59,32.0339,49,a,0,0,0,0.4533,0.0055,0.0,-0.0544,-0.0136,0.0017,0.0418,0.0654,0.002,0.0,0.0,0.5017,0.006,0.4473,0.4533,0.0055,9.23,0.1024
549912,Talbi,Sunderland,MID,31,0,0,0,167.9,1553,0.121,0.0894,1.3125,5.2484,0.2237,198,0.0636,0.0955,1.2455,5.0,0.0,1.5476,1.616,1.4783,1.365,0.2258,0.1667,2.4485,9.7911,0.4173,23.3501,2.13,1.1800000000000002,22.26,92,6,248,12.5164,0.14,0.21,2.74,11,0,15,198,6.8182,53,a,0,0,0,0.456,0.0082,0.0,-0.0547,-0.0137,0.003,0.0315,0.0659,0.003,0.0,0.0,0.4992,0.0109,0.4451,0.456,0.0082,9.43,0.1044
699989,Jocelin.T,Sunderland,MID,0,0,0,0,5.6,38,0.0,0.0948,0.5738,7.1679,0.0,0,0.0,0.0,0.0,0.0,0.0,1.5476,1.616,1.4783,1.365,0.0,0.0059,0.0357,0.446,0.0,0.5946,0.0,0.04,0.24,3,0,4,9.5561,0.0,0.0,0.0,0,0,0,0,0.0,49,a,0,0,0,0.0,0.0,0.0,0.0,0.0,0.0,0.0,0.0,0.0,0.0,0.0,0.0,0.0,0.0,0.0,0.0,0.0,0.0
536661,N.Angulo,Sunderland,MID,313,5,0,0,142.5,460,0.3515,0.0219,1.2881,7.3635,0.0,206,0.3189,0.0218,1.0311,6.9903,0.0,1.5476,1.616,1.4783,1.365,0.5566,0.0346,2.0395,11.6589,0.0,20.8537,1.22,0.13,8.01,39,0,56,13.1708,0.73,0.05,2.3600000000000003,16,0,29,206,12.6699,50,a,0,1,1,1.0,0.55,0.0,-0.12,-0.03,0.216,0.1612,0.9196,0.1963,0.0,0.0054,2.8932,1.0,0.0,1.0,0.55,57.83,0.6956
441264,Brobbey,Sunderland,FWD,399,5,0,0,377.7,2010,0.752,0.0367,1.6284,2.5056,0.9981,477,0.7226,0.0472,1.3509,2.4528,0.7547,1.5476,1.616,1.4783,1.365,3.1561,0.1541,6.8339,10.5152,4.1885,118.5736,8.370000000000001,0.71,34.22,74,15,401,28.2542,3.83,0.25,7.16,13,4,145,477,27.3585,57,i,0,1,1,0.0,0.0,0.0,0.0,0.0,0.0,0.0,0.0,0.0,0.0,0.0,0.0,0.0,0.0,0.0,0.0,0.0,0.0
437505,Isidor,Sunderland,FWD,117,0,1,0,94.3,1170,0.4155,0.0868,2.8622,6.2109,0.1463,107,0.2692,0.1766,2.5234,7.5701,0.0,1.5476,1.616,1.4783,1.365,0.4353,0.0909,2.999,6.5076,0.1533,33.1239,4.7,0.38,21.61,53,7,269,31.6135,0.32,0.21,3.0,9,0,45,107,37.8505,55,a,1,0,1,0.7594,0.4595,0.0,-0.0911,-0.0228,0.1411,0.1558,0.8209,0.0,0.0,0.0066,2.2227,0.5625,0.1969,0.7594,0.4595,43.73,0.5125
638411,Methalie,Sunderland,DEF,90,1,0,0,75.7,90,0.03,0.01,2.8192,2.9992,0.0,90,0.03,0.01,2.82,3.0,0.0,1.5476,1.616,1.4783,1.365,0.0252,0.0084,2.3713,2.5227,0.0,-6.7272,0.03,0.01,2.82,3,0,-8,-7.998,0.03,0.01,2.82,3,0,-8,90,-8.0,45,a,0,1,1,0.8275,0.7955,0.0,-0.0993,-0.0248,0.1939,0.1023,0.2247,0.7608,-0.4695,0.1374,2.3111,0.8125,0.015,0.8275,0.7955,72.78,0.8158
696104,Ahoka,Sunderland,MID,0,0,0,0,0.0,0,0.0,0.0,0.0,0.0,0.0,0,0.0,0.0,0.0,0.0,0.0,1.5476,1.616,1.4783,1.365,0.0,0.0,0.0,0.0,0.0,0.0,0.0,0.0,0.0,0,0,0,0.0,0.0,0.0,0.0,0,0,0,0,0.0,45,a,0,0,0,0.0,0.0,0.0,0.0,0.0,0.0,0.0,0.0,0.0,0.0,0.0,0.0,0.0,0.0,0.0,0.0,0.0,0.0
549940,Fofana,Sunderland,MID,60,0,1,0,25.2,30,1.1711,0.03,6.2168,9.0096,0.0,30,1.17,0.03,6.21,9.0,0.0,1.5476,1.616,1.4783,1.365,0.3279,0.0084,1.7407,2.5227,0.0,5.0454,0.39,0.01,2.07,3,0,6,18.0193,0.39,0.01,2.07,3,0,6,30,18.0,55,a,1,0,1,0.7594,0.4595,0.0,-0.0911,-0.0228,0.259,0.2161,0.591,0.1363,0.0,0.0021,2.3074,0.5625,0.1969,0.7594,0.4595,43.73,0.5125
661313,J.Angulo,Sunderland,FWD,0,0,0,0,0.0,0,0.0,0.0,0.0,0.0,0.0,0,0.0,0.0,0.0,0.0,0.0,1.5476,1.616,1.4783,1.365,0.0,0.0,0.0,0.0,0.0,0.0,0.0,0.0,0.0,0,0,0,0.0,0.0,0.0,0.0,0,0,0,0,0.0,45,a,0,0,0,0.0,0.0,0.0,0.0,0.0,0.0,0.0,0.0,0.0,0.0,0.0,0.0,0.0,0.0,0.0,0.0,0.0,0.0
