player_code,web_name,team,position,season_minutes,season_starts,fbref_subs,fbref_unused_subs,long_form_minutes,long_form_expected_goals_90,long_form_expected_assists_90,long_form_expected_goals_conceded_90,long_form_bonus_90,short_form_minutes,short_form_expected_goals_90,short_form_expected_assists_90,short_form_expected_goals_conceded_90,short_form_bonus_90,team_long_form_xg90,team_long_form_xgc90,team_short_form_xg90,team_short_form_xgc90,long_form_expected_goals,long_form_expected_assists,long_form_expected_goals_conceded,long_form_bonus,long_form_bps,long_form_bps_90,short_form_expected_goals,short_form_expected_assists,short_form_expected_goals_conceded,short_form_bonus,short_form_bps,short_form_bps_90,fbref_squads_made,gw,fixture_count,fixture_opponent,fixture_venue,fixture_fdr,fixture_attack_mult,fixture_xgc90,expected_points,c1_app_1_60,c2_app_60_plus,c3_saves,c4_yellow_cards,c5_red_cards,c6_bonus,c7_assists,c8_goals,c9_clean_sheets,c10_goals_conceded,c11_defensive_contributions,p_start,p_app,p_60_plus
438098,Fábio Vieira,Arsenal,MID,0,0,0,0,290.0,0.3879,0.1986,0.5679,0.0,8.0,0.5625,0.5625,0.0,0.0,2.1074,0.7732,2.5867,0.9933,1.25,0.64,1.83,0.0,67.0,20.7931,0.05,0.05,0.0,0.0,0.0,0.0,0,21,1,Spurs,H,2,1.3014,0.8338,0.0,0.0,0.0,0.0,0.0,0.0,0.0,0.0,0.0,0.0,0.0,0.0,0.0,0.0,0.0
205651,G.Jesus,Arsenal,FWD,600,6,0,0,1475.0,0.3826,0.1989,0.7212,0.6102,126.0,0.0786,0.1571,0.2214,0.0,2.1074,0.7732,2.5867,0.9933,6.2700000000000005,3.26,11.82,10.0,272.0,16.5966,0.11,0.22,0.31,0.0,42.0,30.0,6,21,1,Spurs,H,2,1.3014,0.8338,5.059,1.0,1.0,0.0,-0.1,-0.03,0.6607,0.711,1.8172,0.0,0.0,0.0,1.0,1.0,1.0
226597,Gabriel,Arsenal,DEF,2363,28,0,0,3132.0,0.1322,0.0193,0.7658,0.2299,598.0,0.0783,0.0151,0.912,0.301,2.1074,0.7732,2.5867,0.9933,4.6,0.67,26.65,8.0,698.0,20.0575,0.52,0.1,6.0600000000000005,2.0,151.0,22.7258,28,21,1,Spurs,H,2,1.3014,0.8338,4.5696,1.0,1.0,0.0,-0.1,-0.03,0.301,0.0862,0.7889,1.7376,-0.2141,0.0,1.0,1.0,1.0
219847,Havertz,Arsenal,FWD,1872,21,0,0,2717.0,0.4243,0.1298,0.7122,0.5962,611.0,0.545,0.1812,0.8985,1.0311,2.1074,0.7732,2.5867,0.9933,12.81,3.92,21.5,18.0,563.0,18.6492,3.7,1.23,6.1,7.0,194.0,28.5761,21,21,1,Spurs,H,2,1.3014,0.8338,5.5209,1.0,1.0,0.0,-0.1,-0.03,0.8551,0.5557,2.2401,0.0,0.0,0.0,1.0,1.0,1.0
463748,Hein,Arsenal,GK,0,0,0,0,0.0,0.0,0.0,0.0,0.0,0.0,0.0,0.0,0.0,0.0,2.1074,0.7732,2.5867,0.9933,0.0,0.0,0.0,0.0,0.0,0.0,0.0,0.0,0.0,0.0,0.0,0.0,0,21,1,Spurs,H,2,1.3014,0.8338,0.0,0.0,0.0,0.0,0.0,0.0,0.0,0.0,0.0,0.0,0.0,0.0,0.0,0.0,0.0
445122,J.Timber,Arsenal,DEF,2415,27,0,0,91.0,0.0198,0.0297,0.4253,0.0,42.0,0.0429,0.0429,0.3214,0.0,2.1074,0.7732,2.5867,0.9933,0.02,0.03,0.43,0.0,6.0,5.9341,0.02,0.02,0.15,0.0,3.0,6.4286,27,21,1,Spurs,H,2,1.3014,0.8338,4.1248,1.0,1.0,0.0,-0.1,-0.03,0.0,0.1825,0.354,1.7376,-0.2141,0.1949,1.0,1.0,1.0
85955,Jorginho,Arsenal,MID,701,9,0,0,913.0,0.0099,0.1745,0.83,0.0986,19.0,0.0,0.0947,0.0947,0.0,2.1074,0.7732,2.5867,0.9933,0.1,1.77,8.42,1.0,182.0,17.9409,0.0,0.02,0.02,0.0,7.0,33.1579,9,21,1,Spurs,H,2,1.3014,0.8338,3.3159,1.0,1.0,0.0,-0.1,-0.03,0.1174,0.5559,0.3382,0.4344,0.0,0.0,1.0,1.0,1.0
440854,Kiwior,Arsenal,DEF,1117,10,0,0,942.0,0.0707,0.0573,0.492,0.0955,92.0,0.0,0.0293,0.1761,0.0,2.1074,0.7732,2.5867,0.9933,0.74,0.6,5.15,1.0,260.0,24.8408,0.0,0.03,0.18,0.0,27.0,26.413,10,21,1,Spurs,H,2,1.3014,0.8338,4.1698,1.0,1.0,0.0,-0.1,-0.03,0.106,0.2071,0.4618,1.7376,-0.2141,0.0014,1.0,1.0,1.0
444145,Martinelli,Arsenal,MID,2284,25,0,0,2100.0,0.276,0.2301,0.6579,0.2571,276.0,0.3815,0.2087,0.7728,0.0,2.1074,0.7732,2.5867,0.9933,6.44,5.37,15.35,6.0,420.0,18.0,1.1700000000000002,0.64,2.37,0.0,48.0,15.6522,25,21,1,Spurs,H,2,1.3014,0.8338,5.0911,1.0,1.0,0.0,-0.1,-0.03,0.2578,0.8182,1.7107,0.4344,0.0,0.0,1.0,1.0,1.0
499175,Nwaneri,Arsenal,MID,882,11,0,0,13.0,0.0,0.3462,0.9,0.0,0.0,0.0,0.0,0.0,0.0,2.1074,0.7732,2.5867,0.9933,0.0,0.05,0.13,0.0,3.0,20.7692,0.0,0.0,0.0,0.0,0.0,0.0,11,21,1,Spurs,H,2,1.3014,0.8338,3.6957,1.0,1.0,0.0,-0.1,-0.03,0.0,0.539,0.8475,0.4344,0.0,0.0048,1.0,1.0,1.0
184029,Ødegaard,Arsenal,MID,2321,26,0,0,3188.0,0.2131,0.2885,0.7264,0.734,628.0,0.2178,0.3568,0.8713,0.7166,2.1074,0.7732,2.5867,0.9933,7.55,10.22,25.73,26.0,719.0,20.298,1.52,2.49,6.08,5.0,144.0,20.6369,26,21,1,Spurs,H,2,1.3014,0.8338,5.5925,1.0,1.0,0.0,-0.1,-0.03,0.8892,1.0838,1.3151,0.4344,0.0,0.0,1.0,1.0,1.0
154561,Raya,Arsenal,GK,3420,38,0,0,2970.0,0.0,0.0012,0.6964,0.2121,630.0,0.0,0.0014,0.8714,0.5714,2.1074,0.7732,2.5867,0.9933,0.0,0.04,22.98,7.0,597.0,18.0909,0.0,0.01,6.1,4.0,142.0,20.2857,38,21,1,Spurs,H,2,1.3014,0.8338,4.7601,1.0,0.99,1.0221,-0.1,-0.03,0.3657,0.004,0.0,1.7202,-0.2119,0.0,1.0,1.0,0.99
204480,Rice,Arsenal,MID,2823,33,0,0,3309.0,0.0985,0.1398,0.7452,0.4624,624.0,0.1788,0.2048,0.8582,0.5769,2.1074,0.7732,2.5867,0.9933,3.62,5.140000000000001,27.4,17.0,753.0,20.4805,1.24,1.42,5.95,4.0,137.0,19.7596,33,21,1,Spurs,H,2,1.3014,0.8338,4.2381,1.0,1.0,0.0,-0.1,-0.03,0.5975,0.5744,0.7618,0.4344,0.0,0.0,1.0,1.0,1.0
223340,Saka,Arsenal,MID,1724,20,0,0,3001.0,0.4723,0.338,0.7791,0.9297,506.0,0.4785,0.2988,0.9658,1.0672,2.1074,0.7732,2.5867,0.9933,15.75,11.27,25.98,31.0,818.0,24.5318,2.69,1.6800000000000002,5.43,6.0,150.0,26.6798,20,21,1,Spurs,H,2,1.3014,0.8338,7.2,1.0,1.0,0.0,-0.1,-0.03,1.171,1.1163,2.6083,0.4344,0.0,0.0,1.0,1.0,1.0
462424,Saliba,Arsenal,DEF,3039,35,0,0,3510.0,0.0436,0.0231,0.7382,0.3333,630.0,0.0229,0.0143,0.8714,0.7143,2.1074,0.7732,2.5867,0.9933,1.7000000000000002,0.9,28.79,13.0,807.0,20.6923,0.16,0.1,6.1,5.0,167.0,23.8571,35,21,1,Spurs,H,2,1.3014,0.8338,4.3121,1.0,1.0,0.0,-0.1,-0.03,0.5198,0.0955,0.3033,1.7376,-0.2141,0.0,1.0,1.0,1.0
167199,Thomas,Arsenal,MID,2793,31,0,0,875.0,0.0504,0.0658,0.9175,0.0,509.0,0.0743,0.0513,1.0503,0.0,2.1074,0.7732,2.5867,0.9933,0.49,0.64,8.92,0.0,158.0,16.2514,0.42,0.29,5.94,0.0,76.0,13.4381,31,21,1,Spurs,H,2,1.3014,0.8338,3.2814,1.0,1.0,0.0,-0.1,-0.03,0.0,0.3763,0.6007,0.4344,0.0,0.0,1.0,1.0,1.0
192895,Tierney,Arsenal,DEF,250,2,0,0,0.0,0.0,0.0,0.0,0.0,0.0,0.0,0.0,0.0,0.0,2.1074,0.7732,2.5867,0.9933,0.0,0.0,0.0,0.0,0.0,0.0,0.0,0.0,0.0,0.0,0.0,0.0,2,21,1,Spurs,H,2,1.3014,0.8338,3.8477,1.0,1.0,0.0,-0.1,-0.03,0.0,0.1301,0.2603,1.7376,-0.2141,0.0638,1.0,1.0,1.0
223723,Tomiyasu,Arsenal,DEF,6,0,0,0,1140.0,0.1374,0.0537,1.1076,0.3158,431.0,0.2527,0.048,1.1464,0.2088,2.1074,0.7732,2.5867,0.9933,1.74,0.6799999999999999,14.03,4.0,244.0,19.2632,1.21,0.2299999999999999,5.49,1.0,83.0,17.3318,0,21,1,Spurs,H,2,1.3014,0.8338,0.0078,0.0021,0.0014,0.0,-0.0002,-0.0001,0.0007,0.0003,0.0014,0.0024,-0.0003,0.0,0.0021,0.0021,0.0014
116216,Trossard,Arsenal,MID,2546,28,0,0,1643.0,0.4541,0.1621,0.7455,0.6026,436.0,0.3943,0.1899,0.9021,0.6193,2.1074,0.7732,2.5867,0.9933,8.29,2.96,13.61,11.0,400.0,21.9111,1.91,0.92,4.37,3.0,120.0,24.7706,28,21,1,Spurs,H,2,1.3014,0.8338,6.048,1.0,1.0,0.0,-0.1,-0.03,0.7386,0.6375,2.3674,0.4344,0.0,0.0,1.0,1.0,1.0
198869,White,Arsenal,DEF,1195,13,0,0,3077.0,0.0392,0.1088,0.7435,0.4095,608.0,0.0814,0.1021,0.903,0.4441,2.1074,0.7732,2.5867,0.9933,1.34,3.72,25.42,14.0,798.0,23.3409,0.55,0.69,6.1,3.0,166.0,24.5724,13,21,1,Spurs,H,2,1.3014,0.8338,4.6704,1.0,1.0,0.0,-0.1,-0.03,0.5092,0.381,0.3867,1.7376,-0.2141,0.0,1.0,1.0,1.0
206325,Zinchenko,Arsenal,DEF,518,5,0,0,1785.0,0.0303,0.1356,0.6378,0.8067,117.0,0.0,0.0769,0.2769,0.0,2.1074,0.7732,2.5867,0.9933,0.6,2.69,12.65,16.0,490.0,24.7059,0.0,0.1,0.36,0.0,37.0,28.4615,5,21,1,Spurs,H,2,1.3014,0.8338,4.9581,1.0,1.0,0.0,-0.1,-0.03,0.8789,0.4317,0.254,1.7376,-0.2141,0.0,1.0,1.0,1.0
69752,Neto,Arsenal,GK,180,2,0,0,2970.0,0.0,0.0003,1.5442,0.4242,270.0,0.0,0.0,1.5467,0.0,2.1074,0.7732,2.5867,0.9933,0.0,0.01,50.96,14.0,609.0,18.4545,0.0,0.0,4.640000000000001,0.0,44.0,14.6667,2,21,1,Spurs,H,2,1.3014,0.8338,4.8176,1.0,0.99,1.0221,-0.1,-0.03,0.4264,0.0008,0.0,1.7202,-0.2119,0.0,1.0,1.0,0.99
103955,Sterling,Arsenal,MID,490,7,0,0,1972.0,0.2916,0.1976,1.4983,0.3651,125.0,0.1944,0.1944,2.016,1.44,2.1074,0.7732,2.5867,0.9933,6.39,4.33,32.83,8.0,323.0,14.7414,0.27,0.27,2.8,2.0,49.0,35.28,7,21,1,Spurs,H,2,1.3014,0.8338,4.5776,1.0,0.8889,0.0,-0.1,-0.03,0.5899,0.5673,1.2753,0.3861,0.0,0.0,1.0,1.0,0.8889
466075,Calafiori,Arsenal,DEF,978,11,0,0,0.0,0.0,0.0,0.0,0.0,0.0,0.0,0.0,0.0,0.0,2.1074,0.7732,2.5867,0.9933,0.0,0.0,0.0,0.0,0.0,0.0,0.0,0.0,0.0,0.0,0.0,0.0,11,21,1,Spurs,H,2,1.3014,0.8338,3.59,1.0,1.0,0.0,-0.1,-0.03,0.0,0.0652,0.1305,1.7376,-0.2141,0.0007,1.0,1.0,1.0
499169,Lewis-Skelly,Arsenal,MID,1362,15,0,0,0.0,0.0,0.0,0.0,0.0,0.0,0.0,0.0,0.0,0.0,2.1074,0.7732,2.5867,0.9933,0.0,0.0,0.0,0.0,0.0,0.0,0.0,0.0,0.0,0.0,0.0,0.0,15,21,1,Spurs,H,2,1.3014,0.8338,2.7238,1.0,1.0,0.0,-0.1,-0.03,0.0,0.1573,0.2621,0.4344,0.0,0.0,1.0,1.0,1.0
195384,Merino,Arsenal,MID,1575,17,0,0,,,,,,,,,,,2.1074,0.7732,2.5867,0.9933,,,,,,,,,,,,,17,21,1,Spurs,H,2,1.3014,0.8338,2.6807,1.0,1.0,0.0,-0.1,-0.03,0.0,0.1411,0.2352,0.4344,0.0,0.0,1.0,1.0,1.0
498046,Oulad M'hand,Arsenal,MID,0,0,0,0,,,,,,,,,,,2.1074,0.7732,2.5867,0.9933,,,,,,,,,,,,,0,21,1,Spurs,H,2,1.3014,0.8338,0.0,0.0,0.0,0.0,0.0,0.0,0.0,0.0,0.0,0.0,0.0,0.0,0.0,0.0,0.0
551221,Setford,Arsenal,GK,0,0,0,0,,,,,,,,,,,2.1074,0.7732,2.5867,0.9933,,,,,,,,,,,,,0,21,1,Spurs,H,2,1.3014,0.8338,0.0,0.0,0.0,0.0,0.0,0.0,0.0,0.0,0.0,0.0,0.0,0.0,0.0,0.0,0.0
588793,Kacurri,Arsenal,DEF,0,0,0,0,,,,,,,,,,,2.1074,0.7732,2.5867,0.9933,,,,,,,,,,,,,0,21,1,Spurs,H,2,1.3014,0.8338,0.0,0.0,0.0,0.0,0.0,0.0,0.0,0.0,0.0,0.0,0.0,0.0,0.0,0.0,0.0
588796,Kabia,Arsenal,MID,0,0,0,0,,,,,,,,,,,2.1074,0.7732,2.5867,0.9933,,,,,,,,,,,,,0,21,1,Spurs,H,2,1.3014,0.8338,0.0,0.0,0.0,0.0,0.0,0.0,0.0,0.0,0.0,0.0,0.0,0.0,0.0,0.0,0.0
499167,Nichols,Arsenal,DEF,0,0,0,0,,,,,,,,,,,2.1074,0.7732,2.5867,0.9933,,,,,,,,,,,,,0,21,1,Spurs,H,2,1.3014,0.8338,0.0,0.0,0.0,0.0,0.0,0.0,0.0,0.0,0.0,0.0,0.0,0.0,0.0,0.0,0.0
461025,Butler-Oyedeji,Arsenal,FWD,6,0,0,0,,,,,,,,,,,2.1074,0.7732,2.5867,0.9933,,,,,,,,,,,,,0,21,1,Spurs,H,2,1.3014,0.8338,0.0066,0.0021,0.0014,0.0,-0.0002,-0.0001,0.0,0.0008,0.0025,0.0,0.0,0.0,0.0021,0.0021,0.0014
100051017,Arteta,Arsenal,UNK,0,0,0,0,,,,,,,,,,,2.1074,0.7732,2.5867,0.9933,,,,,,,,,,,,,0,21,1,Spurs,H,2,1.3014,0.8338,0.0,0.0,0.0,0.0,0.0,0.0,0.0,0.0,0.0,0.0,0.0,0.0,0.0,0.0,0.0
616059,Porter,Arsenal,GK,0,0,0,0,,,,,,,,,,,2.1074,0.7732,2.5867,0.9933,,,,,,,,,,,,,0,21,1,Spurs,H,2,1.3014,0.8338,0.0,0.0,0.0,0.0,0.0,0.0,0.0,0.0,0.0,0.0,0.0,0.0,0.0,0.0,0.0
538182,Gower,Arsenal,MID,0,0,0,0,,,,,,,,,,,2.1074,0.7732,2.5867,0.9933,,,,,,,,,,,,,0,21,1,Spurs,H,2,1.3014,0.8338,0.0,0.0,0.0,0.0,0.0,0.0,0.0,0.0,0.0,0.0,0.0,0.0,0.0,0.0,0.0
514307,Jack Henry-Francis,Arsenal,MID,0,0,0,0,,,,,,,,,,,2.1074,0.7732,2.5867,0.9933,,,,,,,,,,,,,0,21,1,Spurs,H,2,1.3014,0.8338,0.0,0.0,0.0,0.0,0.0,0.0,0.0,0.0,0.0,0.0,0.0,0.0,0.0,0.0,0.0
563324,Clarke,Arsenal,DEF,0,0,0,0,,,,,,,,,,,2.1074,0.7732,2.5867,0.9933,,,,,,,,,,,,,0,21,1,Spurs,H,2,1.3014,0.8338,0.0,0.0,0.0,0.0,0.0,0.0,0.0,0.0,0.0,0.0,0.0,0.0,0.0,0.0,0.0
215711,Bailey,Aston Villa,MID,1132,14,0,0,2136.0,0.2739,0.311,1.5826,0.4635,413.0,0.2985,0.2898,1.7978,0.6538,1.7282,1.6162,1.625,2.07,6.5,7.38,37.56,11.0,483.0,20.3511,1.37,1.33,8.25,3.0,59.0,12.8571,14,21,1,Everton,A,3,0.9298,1.6033,4.2771,1.0,1.0,0.0,-0.1,-0.03,0.477,0.6818,1.047,0.2012,0.0,0.0,1.0,1.0,1.0
88894,Barkley,Aston Villa,MID,567,3,0,0,2616.0,0.1345,0.0939,2.0931,0.1376,295.0,0.0488,0.0397,1.9464,0.0,1.7282,1.6162,1.625,2.07,3.91,2.73,60.84,4.0,498.0,17.133,0.16,0.13,6.38,0.0,31.0,9.4576,3,21,1,Everton,A,3,0.9298,1.6033,3.0256,1.0,1.0,0.0,-0.1,-0.03,0.1065,0.2685,0.5794,0.2012,0.0,0.0,1.0,1.0,1.0
491287,Barrenechea,Aston Villa,MID,0,0,0,0,0.0,0.0,0.0,0.0,0.0,0.0,0.0,0.0,0.0,0.0,1.7282,1.6162,1.625,2.07,0.0,0.0,0.0,0.0,0.0,0.0,0.0,0.0,0.0,0.0,0.0,0.0,0,21,1,Everton,A,3,0.9298,1.6033,0.0,0.0,0.0,0.0,0.0,0.0,0.0,0.0,0.0,0.0,0.0,0.0,0.0,0.0,0.0
195546,Buendia,Aston Villa,MID,89,0,0,0,0.0,0.0,0.0,0.0,0.0,0.0,0.0,0.0,0.0,0.0,1.7282,1.6162,1.625,2.07,0.0,0.0,0.0,0.0,0.0,0.0,0.0,0.0,0.0,0.0,0.0,0.0,0,21,1,Everton,A,3,0.9298,1.6033,0.0718,0.0312,0.0208,0.0,-0.0031,-0.0009,0.0,0.0074,0.0123,0.0042,0.0,0.0,0.0312,0.0312,0.0208
199796,Cash,Aston Villa,DEF,2069,24,0,0,2219.0,0.1789,0.1006,1.5489,0.1622,325.0,0.0083,0.0471,1.9357,0.0,1.7282,1.6162,1.625,2.07,4.41,2.48,38.19,4.0,344.0,13.9522,0.03,0.1699999999999999,6.99,0.0,35.0,9.6923,24,21,1,Everton,A,3,0.9298,1.6033,3.1286,1.0,1.0,0.0,-0.1,-0.03,0.1242,0.2186,0.6726,0.8049,-0.5618,0.0,1.0,1.0,1.0
151589,Dendoncker,Aston Villa,MID,0,0,0,0,118.0,0.5568,0.0076,1.2051,2.2881,0.0,0.0,0.0,0.0,0.0,1.7282,1.6162,1.625,2.07,0.73,0.01,1.58,3.0,64.0,48.8136,0.0,0.0,0.0,0.0,0.0,0.0,0,21,1,Everton,A,3,0.9298,1.6033,0.0,0.0,0.0,0.0,0.0,0.0,0.0,0.0,0.0,0.0,0.0,0.0,0.0,0.0,0.0
243557,Diaby,Aston Villa,MID,0,0,0,0,2168.0,0.3072,0.176,1.4841,0.4151,394.0,0.4774,0.1736,1.8046,0.4569,1.7282,1.6162,1.625,2.07,7.4,4.24,35.75,10.0,429.0,17.809,2.09,0.76,7.9,2.0,64.0,14.6193,0,21,1,Everton,A,3,0.9298,1.6033,0.0,0.0,0.0,0.0,0.0,0.0,0.0,0.0,0.0,0.0,0.0,0.0,0.0,0.0,0.0
165659,Diego Carlos,Aston Villa,DEF,828,8,0,0,1809.0,0.097,0.0174,1.6502,0.0498,288.0,0.3281,0.0031,2.3562,0.0,1.7282,1.6162,1.625,2.07,1.95,0.35,33.17,1.0,338.0,16.8159,1.05,0.01,7.54,0.0,43.0,13.4375,8,21,1,Everton,A,3,0.9298,1.6033,2.8696,1.0,1.0,0.0,-0.1,-0.03,0.0386,0.0655,0.6524,0.8049,-0.5618,0.0,1.0,1.0,1.0
101188,Digne,Aston Villa,DEF,2348,28,0,0,2478.0,0.036,0.1315,1.5632,0.1816,522.0,0.0086,0.1241,1.9466,0.0,1.7282,1.6162,1.625,2.07,0.99,3.62,43.04,5.0,434.0,15.7627,0.05,0.72,11.29,0.0,60.0,10.3448,28,21,1,Everton,A,3,0.9298,1.6033,2.7169,1.0,1.0,0.0,-0.1,-0.03,0.1323,0.2963,0.1752,0.8049,-0.5618,0.0,1.0,1.0,1.0
461421,Dobbin,Aston Villa,MID,0,0,0,0,226.0,0.1354,0.0478,1.4814,0.0,21.0,0.0,0.0,1.2429,0.0,1.7282,1.6162,1.625,2.07,0.34,0.12,3.72,0.0,54.0,21.5044,0.0,0.0,0.29,0.0,1.0,4.2857,0,21,1,Everton,A,3,0.9298,1.6033,0.0,0.0,0.0,0.0,0.0,0.0,0.0,0.0,0.0,0.0,0.0,0.0,0.0,0.0,0.0
476344,Duran,Aston Villa,FWD,622,4,0,0,489.0,0.4454,0.0276,2.2693,1.4724,154.0,0.561,0.0,3.3604,2.3377,1.7282,1.6162,1.625,2.07,2.42,0.15,12.33,8.0,192.0,35.3374,0.96,0.0,5.75,4.0,93.0,54.3506,4,21,1,Everton,A,3,0.9298,1.6033,5.1159,1.0,1.0,0.0,-0.1,-0.03,1.4983,0.2527,1.4949,0.0,0.0,0.0,1.0,1.0,1.0
462492,Gauci,Aston Villa,GK,0,0,0,0,0.0,0.0,0.0,0.0,0.0,0.0,0.0,0.0,0.0,0.0,1.7282,1.6162,1.625,2.07,0.0,0.0,0.0,0.0,0.0,0.0,0.0,0.0,0.0,0.0,0.0,0.0,0,21,1,Everton,A,3,0.9298,1.6033,0.0,0.0,0.0,0.0,0.0,0.0,0.0,0.0,0.0,0.0,0.0,0.0,0.0,0.0,0.0
123354,Hause,Aston Villa,DEF,0,0,0,0,0.0,0.0,0.0,0.0,0.0,0.0,0.0,0.0,0.0,0.0,1.7282,1.6162,1.625,2.07,0.0,0.0,0.0,0.0,0.0,0.0,0.0,0.0,0.0,0.0,0.0,0.0,0,21,1,Everton,A,3,0.9298,1.6033,0.0,0.0,0.0,0.0,0.0,0.0,0.0,0.0,0.0,0.0,0.0,0.0,0.0,0.0,0.0
469247,Iling Jr,Aston Villa,MID,0,0,0,0,0.0,0.0,0.0,0.0,0.0,0.0,0.0,0.0,0.0,0.0,1.7282,1.6162,1.625,2.07,0.0,0.0,0.0,0.0,0.0,0.0,0.0,0.0,0.0,0.0,0.0,0.0,0,21,1,Everton,A,3,0.9298,1.6033,0.0,0.0,0.0,0.0,0.0,0.0,0.0,0.0,0.0,0.0,0.0,0.0,0.0,0.0,0.0
226944,Kamara,Aston Villa,MID,1720,20,0,0,1653.0,0.0071,0.0757,1.3437,0.0544,0.0,0.0,0.0,0.0,0.0,1.7282,1.6162,1.625,2.07,0.13,1.39,24.68,1.0,247.0,13.4483,0.0,0.0,0.0,0.0,0.0,0.0,20,21,1,Everton,A,3,0.9298,1.6033,2.5495,1.0,1.0,0.0,-0.1,-0.03,0.0515,0.2478,0.179,0.2012,0.0,0.0,1.0,1.0,1.0
465390,Kesler-Hayden,Aston Villa,DEF,0,0,0,0,5.0,0.0,0.0,1.98,0.0,4.0,0.0,0.0,0.0,0.0,1.7282,1.6162,1.625,2.07,0.0,0.0,0.11,0.0,9.0,162.0,0.0,0.0,0.0,0.0,6.0,135.0,0,21,1,Everton,A,3,0.9298,1.6033,0.0,0.0,0.0,0.0,0.0,0.0,0.0,0.0,0.0,0.0,0.0,0.0,0.0,0.0,0.0
199798,Konsa,Aston Villa,DEF,2936,33,0,0,3159.0,0.0749,0.0291,1.5595,0.1994,539.0,0.0301,0.02,2.0638,0.0,1.7282,1.6162,1.625,2.07,2.63,1.02,54.74,7.0,572.0,16.2963,0.18,0.12,12.36,0.0,66.0,11.0204,33,21,1,Everton,A,3,0.9298,1.6033,2.6851,1.0,1.0,0.0,-0.1,-0.03,0.1448,0.0848,0.3424,0.8049,-0.5618,0.0,1.0,1.0,1.0
441302,Maatsen,Aston Villa,DEF,1125,10,0,0,216.0,0.3083,0.1,2.5542,0.0,16.0,0.0,0.225,5.9625,0.0,1.7282,1.6162,1.625,2.07,0.74,0.24,6.13,0.0,29.0,12.0833,0.0,0.04,1.06,0.0,5.0,28.125,10,21,1,Everton,A,3,0.9298,1.6033,3.045,1.0,1.0,0.0,-0.1,-0.03,0.0,0.183,0.6981,0.8049,-0.5618,0.0507,1.0,1.0,1.0
462381,Marschall,Aston Villa,GK,0,0,0,0,0.0,0.0,0.0,0.0,0.0,0.0,0.0,0.0,0.0,0.0,1.7282,1.6162,1.625,2.07,0.0,0.0,0.0,0.0,0.0,0.0,0.0,0.0,0.0,0.0,0.0,0.0,0,21,1,Everton,A,3,0.9298,1.6033,0.0,0.0,0.0,0.0,0.0,0.0,0.0,0.0,0.0,0.0,0.0,0.0,0.0,0.0,0.0
98980,Martinez,Aston Villa,GK,3195,37,0,0,3105.0,0.0,0.0003,1.5168,0.5507,315.0,0.0,0.0,1.8286,0.0,1.7282,1.6162,1.625,2.07,0.0,0.01,52.33,19.0,651.0,18.8696,0.0,0.0,6.4,0.0,49.0,14.0,37,21,1,Everton,A,3,0.9298,1.6033,3.5462,1.0,0.99,1.0218,-0.1,-0.03,0.4232,0.0005,0.0,0.7969,-0.5562,0.0,1.0,1.0,0.99
122806,McGinn,Aston Villa,MID,2217,27,0,0,3061.0,0.1561,0.147,1.5033,0.2646,507.0,0.1331,0.0604,1.9953,0.0,1.7282,1.6162,1.625,2.07,5.31,5.0,51.13,9.0,508.0,14.9363,0.75,0.34,11.24,0.0,54.0,9.5858,27,21,1,Everton,A,3,0.9298,1.6033,3.2372,1.0,1.0,0.0,-0.1,-0.03,0.1933,0.3335,0.6392,0.2012,0.0,0.0,1.0,1.0,1.0
149484,Mings,Aston Villa,DEF,1119,12,0,0,30.0,0.03,0.48,3.24,0.0,0.0,0.0,0.0,0.0,0.0,1.7282,1.6162,1.625,2.07,0.01,0.16,1.08,0.0,5.0,15.0,0.0,0.0,0.0,0.0,0.0,0.0,12,21,1,Everton,A,3,0.9298,1.6033,2.8018,1.0,1.0,0.0,-0.1,-0.03,0.0,0.2074,0.2726,0.8049,-0.5618,0.2087,1.0,1.0,1.0
578545,Nedeljkovic,Aston Villa,DEF,121,0,0,0,8.0,0.0,0.0,11.7,0.0,8.0,0.0,0.0,11.7,0.0,1.7282,1.6162,1.625,2.07,0.0,0.0,1.04,0.0,6.0,67.5,0.0,0.0,1.04,0.0,6.0,67.5,0,21,1,Everton,A,3,0.9298,1.6033,0.0838,0.0425,0.0283,0.0,-0.0043,-0.0013,0.0,0.0039,0.0078,0.0228,-0.0159,0.0,0.0425,0.0425,0.0283
111782,Olsen,Aston Villa,GK,225,1,0,0,405.0,0.0,0.0,2.2289,0.6667,225.0,0.0,0.0,2.408,1.2,1.7282,1.6162,1.625,2.07,0.0,0.0,10.03,3.0,107.0,23.7778,0.0,0.0,6.02,3.0,70.0,28.0,1,21,1,Everton,A,3,0.9298,1.6033,3.8341,1.0,0.99,1.0218,-0.1,-0.03,0.7116,0.0,0.0,0.7969,-0.5562,0.0,1.0,1.0,0.99
244954,Pau,Aston Villa,DEF,2019,23,0,0,2552.0,0.0339,0.0254,1.4974,0.1411,450.0,0.002,0.014,1.988,0.0,1.7282,1.6162,1.625,2.07,0.96,0.72,42.46,4.0,478.0,16.8574,0.01,0.07,9.94,0.0,73.0,14.6,23,21,1,Everton,A,3,0.9298,1.6033,2.4648,1.0,1.0,0.0,-0.1,-0.03,0.1044,0.0765,0.1707,0.8049,-0.5618,0.0,1.0,1.0,1.0
232653,Ramsey,Aston Villa,MID,1616,19,0,0,876.0,0.2209,0.1551,1.4404,0.0,28.0,0.1929,0.4179,3.7607,0.0,1.7282,1.6162,1.625,2.07,2.15,1.51,14.02,0.0,119.0,12.226,0.06,0.13,1.17,0.0,18.0,57.8571,19,21,1,Everton,A,3,0.9298,1.6033,3.3418,1.0,1.0,0.0,-0.1,-0.03,0.0,0.4182,0.8524,0.2012,0.0,0.0,1.0,1.0,1.0
244850,Rogers,Aston Villa,MID,3115,37,0,0,726.0,0.1934,0.0508,2.1087,0.0,295.0,0.1586,0.0641,1.7359,0.0,1.7282,1.6162,1.625,2.07,1.56,0.41,17.009999999999998,0.0,128.0,15.8678,0.52,0.21,5.69,0.0,60.0,18.3051,37,21,1,Everton,A,3,0.9298,1.6033,3.0633,1.0,1.0,0.0,-0.1,-0.03,0.0,0.2489,0.7432,0.2012,0.0,0.0,1.0,1.0,1.0
248164,Sinisalo,Aston Villa,GK,0,0,0,0,0.0,0.0,0.0,0.0,0.0,0.0,0.0,0.0,0.0,0.0,1.7282,1.6162,1.625,2.07,0.0,0.0,0.0,0.0,0.0,0.0,0.0,0.0,0.0,0.0,0.0,0.0,0,21,1,Everton,A,3,0.9298,1.6033,0.0,0.0,0.0,0.0,0.0,0.0,0.0,0.0,0.0,0.0,0.0,0.0,0.0,0.0,0.0
514315,Sousa,Aston Villa,DEF,0,0,0,0,0.0,0.0,0.0,0.0,0.0,0.0,0.0,0.0,0.0,0.0,1.7282,1.6162,1.625,2.07,0.0,0.0,0.0,0.0,0.0,0.0,0.0,0.0,0.0,0.0,0.0,0.0,0,21,1,Everton,A,3,0.9298,1.6033,0.0,0.0,0.0,0.0,0.0,0.0,0.0,0.0,0.0,0.0,0.0,0.0,0.0,0.0,0.0
166989,Tielemans,Aston Villa,MID,3025,35,0,0,1703.0,0.075,0.1173,1.772,0.2114,270.0,0.12,0.1267,1.8633,1.0,1.7282,1.6162,1.625,2.07,1.42,2.22,33.53,4.0,351.0,18.5496,0.36,0.38,5.59,3.0,78.0,26.0,35,21,1,Everton,A,3,0.9298,1.6033,3.1887,1.0,1.0,0.0,-0.1,-0.03,0.3308,0.3399,0.4467,0.2012,0.0,0.0,1.0,1.0,1.0
178301,Watkins,Aston Villa,FWD,2593,31,0,0,3283.0,0.4589,0.1102,1.5442,0.795,489.0,0.2337,0.081,2.0098,0.184,1.7282,1.6162,1.625,2.07,16.74,4.0200000000000005,56.33,29.0,755.0,20.6975,1.27,0.44,10.92,1.0,50.0,9.2025,31,21,1,Everton,A,3,0.9298,1.6033,4.1589,1.0,1.0,0.0,-0.1,-0.03,0.6223,0.2877,1.3789,0.0,0.0,0.0,1.0,1.0,1.0
220362,Disasi,Aston Villa,DEF,851,9,0,0,2579.0,0.082,0.0509,1.5341,0.2094,99.0,0.8364,0.0091,3.2091,0.0,1.7282,1.6162,1.625,2.07,2.35,1.46,43.96,6.0,468.0,16.3319,0.92,0.01,3.53,0.0,19.0,17.2727,9,21,1,Everton,A,3,0.9298,1.6033,3.1772,1.0,1.0,0.0,-0.1,-0.03,0.1797,0.1325,0.7519,0.8049,-0.5618,0.0,1.0,1.0,1.0
449871,Onana,Aston Villa,MID,1613,20,0,0,2175.0,0.1146,0.0579,1.6303,0.331,332.0,0.2006,0.0244,1.8271,0.8133,1.7282,1.6162,1.625,2.07,2.77,1.4,39.4,8.0,342.0,14.1517,0.74,0.09,6.74,3.0,76.0,20.6024,20,21,1,Everton,A,3,0.9298,1.6033,3.2179,1.0,1.0,0.0,-0.1,-0.03,0.4016,0.1817,0.5635,0.2012,0.0,0.0,1.0,1.0,1.0
176297,Rashford,Aston Villa,MID,1414,16,0,0,2354.0,0.2726,0.1113,1.8631,0.0,112.0,0.0562,0.0884,0.5143,0.0,1.7282,1.6162,1.625,2.07,7.13,2.91,48.73,0.0,335.0,12.808,0.07,0.11,0.64,0.0,12.0,9.6429,16,21,1,Everton,A,3,0.9298,1.6033,3.4467,1.0,1.0,0.0,-0.1,-0.03,0.0,0.3198,1.0557,0.2012,0.0,0.0,1.0,1.0,1.0
515597,Bogarde,Aston Villa,DEF,473,5,0,0,0.0,0.0,0.0,0.0,0.0,0.0,0.0,0.0,0.0,0.0,1.7282,1.6162,1.625,2.07,0.0,0.0,0.0,0.0,0.0,0.0,0.0,0.0,0.0,0.0,0.0,0.0,5,21,1,Everton,A,3,0.9298,1.6033,2.336,1.0,1.0,0.0,-0.1,-0.03,0.0,0.0717,0.1433,0.8049,-0.5618,0.0078,1.0,1.0,1.0
514287,Swinkels,Aston Villa,DEF,0,0,0,0,,,,,,,,,,,1.7282,1.6162,1.625,2.07,,,,,,,,,,,,,0,21,1,Everton,A,3,0.9298,1.6033,0.0,0.0,0.0,0.0,0.0,0.0,0.0,0.0,0.0,0.0,0.0,0.0,0.0,0.0,0.0
516159,Zych,Aston Villa,GK,0,0,0,0,0.0,0.0,0.0,0.0,0.0,0.0,0.0,0.0,0.0,0.0,1.7282,1.6162,1.625,2.07,0.0,0.0,0.0,0.0,0.0,0.0,0.0,0.0,0.0,0.0,0.0,0.0,0,21,1,Everton,A,3,0.9298,1.6033,0.0,0.0,0.0,0.0,0.0,0.0,0.0,0.0,0.0,0.0,0.0,0.0,0.0,0.0,0.0
537403,Young,Aston Villa,MID,0,0,0,0,0.0,0.0,0.0,0.0,0.0,0.0,0.0,0.0,0.0,0.0,1.7282,1.6162,1.625,2.07,0.0,0.0,0.0,0.0,0.0,0.0,0.0,0.0,0.0,0.0,0.0,0.0,0,21,1,Everton,A,3,0.9298,1.6033,0.0,0.0,0.0,0.0,0.0,0.0,0.0,0.0,0.0,0.0,0.0,0.0,0.0,0.0,0.0
577731,Broggio,Aston Villa,MID,0,0,0,0,,,,,,,,,,,1.7282,1.6162,1.625,2.07,,,,,,,,,,,,,0,21,1,Everton,A,3,0.9298,1.6033,0.0,0.0,0.0,0.0,0.0,0.0,0.0,0.0,0.0,0.0,0.0,0.0,0.0,0.0,0.0
559962,Jimoh,Aston Villa,MID,0,0,0,0,,,,,,,,,,,1.7282,1.6162,1.625,2.07,,,,,,,,,,,,,0,21,1,Everton,A,3,0.9298,1.6033,0.0,0.0,0.0,0.0,0.0,0.0,0.0,0.0,0.0,0.0,0.0,0.0,0.0,0.0,0.0
204646,Malen,Aston Villa,MID,296,2,0,0,,,,,,,,,,,1.7282,1.6162,1.625,2.07,,,,,,,,,,,,,2,21,1,Everton,A,3,0.9298,1.6033,2.7723,1.0,1.0,0.0,-0.1,-0.03,0.0,0.2628,0.438,0.2012,0.0,0.0002,1.0,1.0,1.0
606798,A. Garcia,Aston Villa,DEF,316,5,0,0,,,,,,,,,,,1.7282,1.6162,1.625,2.07,,,,,,,,,,,,,5,21,1,Everton,A,3,0.9298,1.6033,1.9696,1.0,0.7378,0.0,-0.1,-0.03,0.0,0.06,0.12,0.5939,-0.4145,0.0023,1.0,1.0,0.7378
100037568,Emery,Aston Villa,UNK,0,0,0,0,,,,,,,,,,,1.7282,1.6162,1.625,2.07,,,,,,,,,,,,,0,21,1,Everton,A,3,0.9298,1.6033,0.0,0.0,0.0,0.0,0.0,0.0,0.0,0.0,0.0,0.0,0.0,0.0,0.0,0.0,0.0
174292,M.Asensio,Aston Villa,MID,740,9,0,0,,,,,,,,,,,1.7282,1.6162,1.625,2.07,,,,,,,,,,,,,9,21,1,Everton,A,3,0.9298,1.6033,2.4823,1.0,1.0,0.0,-0.1,-0.03,0.0,0.1541,0.2569,0.2012,0.0,0.0,1.0,1.0,1.0
232980,Aarons,Bournemouth,DEF,84,1,0,0,1233.0,0.0029,0.065,1.9526,0.0,128.0,0.0,0.007,1.7227,0.0,1.5908,1.6273,1.74,1.8433,0.04,0.89,26.75,0.0,199.0,14.5255,0.0,0.01,2.45,0.0,19.0,13.3594,1,21,1,Chelsea,A,4,0.9709,2.2108,1.6964,1.0,1.0,0.0,-0.1,-0.03,0.0,0.1518,0.0941,0.4385,-0.8583,0.0003,1.0,1.0,1.0
200785,Adams,Bournemouth,MID,1959,21,0,0,118.0,0.0,0.0229,1.3805,0.7627,9.0,0.0,0.2,6.5,0.0,1.5908,1.6273,1.74,1.8433,0.0,0.03,1.81,1.0,28.0,21.3559,0.0,0.02,0.65,0.0,4.0,40.0,21,21,1,Chelsea,A,4,0.9709,2.2108,3.6791,1.0,1.0,0.0,-0.1,-0.03,0.7376,0.3679,0.5903,0.1096,0.0,0.0037,1.0,1.0,1.0
444180,Anthony,Bournemouth,MID,0,0,0,0,151.0,0.0417,0.0119,2.6464,0.0,0.0,0.0,0.0,0.0,0.0,1.5908,1.6273,1.74,1.8433,0.07,0.02,4.44,0.0,4.0,2.3841,0.0,0.0,0.0,0.0,0.0,0.0,0,21,1,Chelsea,A,4,0.9709,2.2108,0.0,0.0,0.0,0.0,0.0,0.0,0.0,0.0,0.0,0.0,0.0,0.0,0.0,0.0,0.0
111317,Brooks,Bournemouth,MID,941,9,0,0,271.0,0.8137,0.1561,2.0192,0.6642,0.0,0.0,0.0,0.0,0.0,1.5908,1.6273,1.74,1.8433,2.45,0.47,6.08,2.0,71.0,23.5793,0.0,0.0,0.0,0.0,0.0,0.0,9,21,1,Chelsea,A,4,0.9709,2.2108,4.9338,1.0,1.0,0.0,-0.1,-0.03,0.6497,0.4432,1.8607,0.1096,0.0,0.0007,1.0,1.0,1.0
158499,Christie,Bournemouth,MID,2114,27,0,0,2935.0,0.0764,0.165,1.4992,0.1533,475.0,0.1156,0.1629,1.5499,0.0,1.5908,1.6273,1.74,1.8433,2.49,5.38,48.89,5.0,438.0,13.431,0.61,0.86,8.18,0.0,80.0,15.1579,27,21,1,Chelsea,A,4,0.9709,2.2108,2.9137,1.0,1.0,0.0,-0.1,-0.03,0.1165,0.4106,0.4071,0.1096,0.0,0.0,1.0,1.0,1.0
155408,Cook,Bournemouth,MID,2976,32,0,0,2870.0,0.0132,0.0982,1.61,0.1568,623.0,0.0043,0.0982,1.6382,0.0,1.5908,1.6273,1.74,1.8433,0.42,3.13,51.34,5.0,458.0,14.3624,0.03,0.6799999999999999,11.34,0.0,99.0,14.3018,32,21,1,Chelsea,A,4,0.9709,2.2108,2.5814,1.0,1.0,0.0,-0.1,-0.03,0.1159,0.3128,0.1731,0.1096,0.0,0.0,1.0,1.0,1.0
168636,Enes Ünal,Bournemouth,FWD,330,2,0,0,317.0,0.8063,0.0369,1.2748,0.8517,178.0,0.9,0.0253,1.1427,1.5169,1.5908,1.6273,1.74,1.8433,2.84,0.13,4.49,3.0,99.0,28.1073,1.7800000000000002,0.05,2.26,3.0,41.0,20.7303,2,21,1,Chelsea,A,4,0.9709,2.2108,5.1452,1.0,1.0,0.0,-0.1,-0.03,0.9235,0.3122,2.0394,0.0,0.0,0.0,1.0,1.0,1.0
441240,Faivre,Bournemouth,MID,0,0,0,0,37.0,0.3649,0.073,0.3405,0.0,1.0,0.0,0.0,9.0,0.0,1.5908,1.6273,1.74,1.8433,0.15,0.03,0.14,0.0,9.0,21.8919,0.0,0.0,0.1,0.0,4.0,360.0,0,21,1,Chelsea,A,4,0.9709,2.2108,0.0,0.0,0.0,0.0,0.0,0.0,0.0,0.0,0.0,0.0,0.0,0.0,0.0,0.0,0.0
424044,H.Traorè,Bournemouth,MID,0,0,0,0,44.0,0.3477,0.0205,1.7182,0.0,0.0,0.0,0.0,0.0,0.0,1.5908,1.6273,1.74,1.8433,0.1699999999999999,0.01,0.84,0.0,10.0,20.4545,0.0,0.0,0.0,0.0,0.0,0.0,0,21,1,Chelsea,A,4,0.9709,2.2108,0.0,0.0,0.0,0.0,0.0,0.0,0.0,0.0,0.0,0.0,0.0,0.0,0.0,0.0,0.0
463981,Hill,Bournemouth,DEF,443,6,0,0,74.0,0.0,0.0122,1.6297,0.0,4.0,0.0,0.0,4.275,0.0,1.5908,1.6273,1.74,1.8433,0.0,0.01,1.34,0.0,22.0,26.7568,0.0,0.0,0.19,0.0,8.0,180.0,6,21,1,Chelsea,A,4,0.9709,2.2108,1.8572,1.0,0.9741,0.0,-0.1,-0.03,0.0,0.1079,0.2083,0.4271,-0.8361,0.1059,1.0,1.0,0.9741
523700,Jebbison,Bournemouth,FWD,105,0,0,0,41.0,0.0,0.0,2.678,0.0,41.0,0.0,0.0,2.678,0.0,1.5908,1.6273,1.74,1.8433,0.0,0.0,1.22,0.0,7.0,15.3659,0.0,0.0,1.22,0.0,7.0,15.3659,0,21,1,Chelsea,A,4,0.9709,2.2108,0.0975,0.0368,0.0246,0.0,-0.0037,-0.0011,0.0,0.0099,0.0309,0.0,0.0,0.0,0.0368,0.0368,0.0246
544877,Kerkez,Bournemouth,DEF,3336,38,0,0,2056.0,0.0578,0.0468,1.67,0.0438,348.0,0.0621,0.0776,1.4069,0.0,1.5908,1.6273,1.74,1.8433,1.32,1.07,38.15,1.0,295.0,12.9134,0.24,0.3,5.44,0.0,41.0,10.6034,38,21,1,Chelsea,A,4,0.9709,2.2108,1.9551,1.0,1.0,0.0,-0.1,-0.03,0.0344,0.1484,0.3222,0.4385,-0.8583,0.0,1.0,1.0,1.0
222683,Kluivert,Bournemouth,MID,2339,29,0,0,1936.0,0.2678,0.079,1.4109,0.093,476.0,0.3025,0.0605,1.5202,0.0,1.5908,1.6273,1.74,1.8433,5.76,1.7000000000000002,30.35,2.0,229.0,10.6457,1.6,0.32,8.04,0.0,25.0,4.7269,29,21,1,Chelsea,A,4,0.9709,2.2108,3.3615,1.0,1.0,0.0,-0.1,-0.03,0.0706,0.2419,1.0694,0.1096,0.0,0.0,1.0,1.0,1.0
223911,Mepham,Bournemouth,DEF,0,0,0,0,613.0,0.0132,0.025,1.5181,0.0,0.0,0.0,0.0,0.0,0.0,1.5908,1.6273,1.74,1.8433,0.09,0.17,10.34,0.0,113.0,16.5905,0.0,0.0,0.0,0.0,0.0,0.0,0,21,1,Chelsea,A,4,0.9709,2.2108,0.0,0.0,0.0,0.0,0.0,0.0,0.0,0.0,0.0,0.0,0.0,0.0,0.0,0.0,0.0
533463,O.Dango,Bournemouth,MID,1998,21,0,0,1282.0,0.2015,0.0779,1.555,0.2106,442.0,0.1609,0.0631,1.9894,0.0,1.5908,1.6273,1.74,1.8433,2.87,1.11,22.15,3.0,215.0,15.0936,0.79,0.31,9.77,0.0,55.0,11.1991,21,21,1,Chelsea,A,4,0.9709,2.2108,3.2975,1.0,1.0,0.0,-0.1,-0.03,0.1612,0.2861,0.8706,0.1096,0.0,0.0,1.0,1.0,1.0
495145,Paulsen,Bournemouth,GK,0,0,0,0,0.0,0.0,0.0,0.0,0.0,0.0,0.0,0.0,0.0,0.0,1.5908,1.6273,1.74,1.8433,0.0,0.0,0.0,0.0,0.0,0.0,0.0,0.0,0.0,0.0,0.0,0.0,0,21,1,Chelsea,A,4,0.9709,2.2108,0.0,0.0,0.0,0.0,0.0,0.0,0.0,0.0,0.0,0.0,0.0,0.0,0.0,0.0,0.0
168991,Philip,Bournemouth,MID,176,1,0,0,1391.0,0.1637,0.1365,1.9093,0.1941,60.0,0.03,0.0,3.405,0.0,1.5908,1.6273,1.74,1.8433,2.53,2.11,29.51,3.0,229.0,14.8167,0.02,0.0,2.27,0.0,11.0,16.5,1,21,1,Chelsea,A,4,0.9709,2.2108,3.294,1.0,1.0,0.0,-0.1,-0.03,0.1778,0.3902,0.7464,0.1096,0.0,0.0,1.0,1.0,1.0
503139,Scott,Bournemouth,MID,745,8,0,0,1065.0,0.0693,0.0904,1.598,0.2535,332.0,0.0623,0.0949,2.1253,0.0,1.5908,1.6273,1.74,1.8433,0.8200000000000001,1.07,18.91,3.0,174.0,14.7042,0.23,0.35,7.84,0.0,53.0,14.3675,8,21,1,Chelsea,A,4,0.9709,2.2108,2.9754,1.0,1.0,0.0,-0.1,-0.03,0.2001,0.3259,0.4698,0.1096,0.0,0.0,1.0,1.0,1.0
437730,Semenyo,Bournemouth,MID,3202,36,0,0,2189.0,0.2109,0.0917,1.4682,0.6167,567.0,0.1825,0.1254,1.6508,0.6349,1.5908,1.6273,1.74,1.8433,5.13,2.23,35.71,15.0,388.0,15.9525,1.15,0.79,10.4,4.0,77.0,12.2222,36,21,1,Chelsea,A,4,0.9709,2.2108,3.8286,1.0,1.0,0.0,-0.1,-0.03,0.6074,0.3184,0.9231,0.1096,0.0,0.0,1.0,1.0,1.0
221466,Senesi,Bournemouth,DEF,1103,13,0,0,2239.0,0.0796,0.0912,1.6412,0.5226,490.0,0.1929,0.0661,1.5796,0.551,1.5908,1.6273,1.74,1.8433,1.98,2.27,40.83,13.0,486.0,19.5355,1.05,0.36,8.6,3.0,120.0,22.0408,13,21,1,Chelsea,A,4,0.9709,2.2108,2.6946,1.0,1.0,0.0,-0.1,-0.03,0.5174,0.2141,0.5129,0.4385,-0.8583,0.0,1.0,1.0,1.0
224995,Sinisterra,Bournemouth,MID,229,1,0,0,748.0,0.3333,0.1263,1.4932,0.2406,63.0,0.2143,0.0286,1.4571,0.0,1.5908,1.6273,1.74,1.8433,2.77,1.05,12.41,2.0,156.0,18.7701,0.15,0.02,1.02,0.0,7.0,10.0,1,21,1,Chelsea,A,4,0.9709,2.2108,3.8107,1.0,1.0,0.0,-0.1,-0.03,0.2197,0.3856,1.2257,0.1096,0.0,0.0,1.0,1.0,1.0
54469,Smith,Bournemouth,DEF,1586,19,0,0,2210.0,0.002,0.0615,1.3862,0.1629,455.0,0.0059,0.0119,1.5527,0.1978,1.5908,1.6273,1.74,1.8433,0.05,1.51,34.04,4.0,386.0,15.7195,0.03,0.06,7.85,1.0,83.0,16.4176,19,21,1,Chelsea,A,4,0.9709,2.2108,1.8236,1.0,1.0,0.0,-0.1,-0.03,0.1668,0.1364,0.0702,0.4385,-0.8583,0.0,1.0,1.0,1.0
201658,Tavernier,Bournemouth,MID,1932,20,0,0,2208.0,0.1753,0.1777,1.3745,0.2038,171.0,0.2947,0.1316,1.3421,0.0,1.5908,1.6273,1.74,1.8433,4.3,4.36,33.72,5.0,338.0,13.7772,0.56,0.25,2.55,0.0,26.0,13.6842,20,21,1,Chelsea,A,4,0.9709,2.2108,3.5266,1.0,1.0,0.0,-0.1,-0.03,0.1723,0.4865,0.8882,0.1096,0.0,0.0,1.0,1.0,1.0
229600,Travers,Bournemouth,GK,450,5,0,0,360.0,0.0,0.0,1.74,0.5,360.0,0.0,0.0,1.74,0.5,1.5908,1.6273,1.74,1.8433,0.0,0.0,6.96,2.0,79.0,19.75,0.0,0.0,6.96,2.0,79.0,19.75,5,21,1,Chelsea,A,4,0.9709,2.2108,3.1869,1.0,0.99,1.2535,-0.1,-0.03,0.489,0.0,0.0,0.4341,-0.8497,0.0,1.0,1.0,0.99
477580,Zabarnyi,Bournemouth,DEF,3109,35,0,0,3420.0,0.0297,0.015,1.5705,0.0789,540.0,0.0,0.0083,1.7667,0.1667,1.5908,1.6273,1.74,1.8433,1.13,0.57,59.68,3.0,592.0,15.5789,0.0,0.05,10.6,1.0,94.0,15.6667,35,21,1,Chelsea,A,4,0.9709,2.2108,1.7572,1.0,1.0,0.0,-0.1,-0.03,0.0972,0.0548,0.155,0.4385,-0.8583,0.0,1.0,1.0,1.0
109745,Arrizabalaga,Bournemouth,GK,2790,31,0,0,0.0,0.0,0.0,0.0,0.0,0.0,0.0,0.0,0.0,0.0,1.5908,1.6273,1.74,1.8433,0.0,0.0,0.0,0.0,0.0,0.0,0.0,0.0,0.0,0.0,0.0,0.0,31,21,1,Chelsea,A,4,0.9709,2.2108,2.6979,1.0,0.99,1.2535,-0.1,-0.03,0.0,0.0,0.0,0.4341,-0.8497,0.0,1.0,1.0,0.99
554605,Huijsen,Bournemouth,DEF,2422,26,0,0,90.0,0.0,0.01,1.3,0.0,90.0,0.0,0.01,1.3,0.0,1.5908,1.6273,1.74,1.8433,0.0,0.01,1.3,0.0,9.0,9.0,0.0,0.01,1.3,0.0,9.0,9.0,26,21,1,Chelsea,A,4,0.9709,2.2108,2.0501,1.0,1.0,0.0,-0.1,-0.03,0.0,0.1279,0.2468,0.4385,-0.8583,0.2252,1.0,1.0,1.0
436893,J.Araujo,Bournemouth,DEF,492,7,0,0,27.0,0.0,0.0333,0.9333,0.0,27.0,0.0,0.0333,0.9333,0.0,1.5908,1.6273,1.74,1.8433,0.0,0.01,0.28,0.0,4.0,13.3333,0.0,0.01,0.28,0.0,4.0,13.3333,7,21,1,Chelsea,A,4,0.9709,2.2108,1.8423,1.0,0.8952,0.0,-0.1,-0.03,0.0,0.1118,0.2158,0.3925,-0.7683,0.1253,1.0,1.0,0.8952
444172,Dennis,Bournemouth,GK,0,0,0,0,0.0,0.0,0.0,0.0,0.0,0.0,0.0,0.0,0.0,0.0,1.5908,1.6273,1.74,1.8433,0.0,0.0,0.0,0.0,0.0,0.0,0.0,0.0,0.0,0.0,0.0,0.0,0,21,1,Chelsea,A,4,0.9709,2.2108,0.0,0.0,0.0,0.0,0.0,0.0,0.0,0.0,0.0,0.0,0.0,0.0,0.0,0.0,0.0
444102,Evanilson,Bournemouth,FWD,2317,28,0,0,,,,,,,,,,,1.5908,1.6273,1.74,1.8433,,,,,,,,,,,,,28,21,1,Chelsea,A,4,0.9709,2.2108,2.1631,1.0,1.0,0.0,-0.1,-0.03,0.0,0.0713,0.2218,0.0,0.0,0.0,1.0,1.0,1.0
496683,Kinsey,Bournemouth,DEF,0,0,0,0,0.0,0.0,0.0,0.0,0.0,0.0,0.0,0.0,0.0,0.0,1.5908,1.6273,1.74,1.8433,0.0,0.0,0.0,0.0,0.0,0.0,0.0,0.0,0.0,0.0,0.0,0.0,0,21,1,Chelsea,A,4,0.9709,2.2108,0.0,0.0,0.0,0.0,0.0,0.0,0.0,0.0,0.0,0.0,0.0,0.0,0.0,0.0,0.0
606775,Winterburn,Bournemouth,MID,22,0,0,0,,,,,,,,,,,1.5908,1.6273,1.74,1.8433,,,,,,,,,,,,,0,21,1,Chelsea,A,4,0.9709,2.2108,0.018,0.0077,0.0051,0.0,-0.0008,-0.0002,0.0,0.0021,0.0036,0.0006,0.0,0.0,0.0077,0.0077,0.0051
632822,Harris,Bournemouth,DEF,0,0,0,0,,,,,,,,,,,1.5908,1.6273,1.74,1.8433,,,,,,,,,,,,,0,21,1,Chelsea,A,4,0.9709,2.2108,0.0,0.0,0.0,0.0,0.0,0.0,0.0,0.0,0.0,0.0,0.0,0.0,0.0,0.0,0.0
606774,Rees-Dottin,Bournemouth,FWD,1,0,0,0,,,,,,,,,,,1.5908,1.6273,1.74,1.8433,,,,,,,,,,,,,0,21,1,Chelsea,A,4,0.9709,2.2108,0.0009,0.0004,0.0002,0.0,-0.0,-0.0,0.0,0.0001,0.0003,0.0,0.0,0.0,0.0004,0.0004,0.0002
541462,Akinmboni,Bournemouth,DEF,0,0,0,0,,,,,,,,,,,1.5908,1.6273,1.74,1.8433,,,,,,,,,,,,,0,21,1,Chelsea,A,4,0.9709,2.2108,0.0,0.0,0.0,0.0,0.0,0.0,0.0,0.0,0.0,0.0,0.0,0.0,0.0,0.0,0.0
575901,Soler,Bournemouth,DEF,9,0,0,0,,,,,,,,,,,1.5908,1.6273,1.74,1.8433,,,,,,,,,,,,,0,21,1,Chelsea,A,4,0.9709,2.2108,0.0049,0.0032,0.0021,0.0,-0.0003,-0.0001,0.0,0.0003,0.0006,0.0009,-0.0018,0.0,0.0032,0.0032,0.0021
590760,Adu-Adjei,Bournemouth,FWD,0,0,0,0,,,,,,,,,,,1.5908,1.6273,1.74,1.8433,,,,,,,,,,,,,0,21,1,Chelsea,A,4,0.9709,2.2108,0.0,0.0,0.0,0.0,0.0,0.0,0.0,0.0,0.0,0.0,0.0,0.0,0.0,0.0,0.0
550596,Sadi,Bournemouth,MID,0,0,0,0,1.0,0.0,0.0,0.0,0.0,1.0,0.0,0.0,0.0,0.0,1.5908,1.6273,1.74,1.8433,0.0,0.0,0.0,0.0,3.0,270.0,0.0,0.0,0.0,0.0,3.0,270.0,0,21,1,Chelsea,A,4,0.9709,2.2108,0.0,0.0,0.0,0.0,0.0,0.0,0.0,0.0,0.0,0.0,0.0,0.0,0.0,0.0,0.0
568791,McKenna,Bournemouth,GK,0,0,0,0,0.0,0.0,0.0,0.0,0.0,0.0,0.0,0.0,0.0,0.0,1.5908,1.6273,1.74,1.8433,0.0,0.0,0.0,0.0,0.0,0.0,0.0,0.0,0.0,0.0,0.0,0.0,0,21,1,Chelsea,A,4,0.9709,2.2108,0.0,0.0,0.0,0.0,0.0,0.0,0.0,0.0,0.0,0.0,0.0,0.0,0.0,0.0,0.0
530121,Silcott-Duberry,Bournemouth,MID,1,0,0,0,,,,,,,,,,,1.5908,1.6273,1.74,1.8433,,,,,,,,,,,,,0,21,1,Chelsea,A,4,0.9709,2.2108,0.0008,0.0004,0.0002,0.0,-0.0,-0.0,0.0,0.0001,0.0001,0.0,0.0,0.0,0.0004,0.0004,0.0002
100050427,Iraola,Bournemouth,UNK,0,0,0,0,,,,,,,,,,,1.5908,1.6273,1.74,1.8433,,,,,,,,,,,,,0,21,1,Chelsea,A,4,0.9709,2.2108,0.0,0.0,0.0,0.0,0.0,0.0,0.0,0.0,0.0,0.0,0.0,0.0,0.0,0.0,0.0
191866,Ajer,Brentford,DEF,1433,17,0,0,1916.0,0.0705,0.1259,1.4364,0.1409,354.0,0.1119,0.0305,0.7068,0.0,1.6139,1.5168,1.5083,1.3033,1.5,2.68,30.58,3.0,327.0,15.3601,0.44,0.12,2.78,0.0,62.0,15.7627,17,21,1,Man City,H,4,0.6879,1.9556,2.247,1.0,1.0,0.0,-0.1,-0.03,0.0853,0.1806,0.2779,0.5659,-0.7328,0.0001,1.0,1.0,1.0
494041,Brierley,Brentford,MID,0,0,0,0,0.0,0.0,0.0,0.0,0.0,0.0,0.0,0.0,0.0,0.0,1.6139,1.5168,1.5083,1.3033,0.0,0.0,0.0,0.0,0.0,0.0,0.0,0.0,0.0,0.0,0.0,0.0,0,21,1,Man City,H,4,0.6879,1.9556,0.0,0.0,0.0,0.0,0.0,0.0,0.0,0.0,0.0,0.0,0.0,0.0,0.0,0.0,0.0
432830,Collins,Brentford,DEF,3420,38,0,0,2739.0,0.0595,0.0312,1.4057,0.2957,450.0,0.044,0.014,0.882,0.4,1.6139,1.5168,1.5083,1.3033,1.81,0.95,42.78,9.0,512.0,16.8237,0.22,0.07,4.41,2.0,94.0,18.8,38,21,1,Man City,H,4,0.6879,1.9556,2.2359,1.0,1.0,0.0,-0.1,-0.03,0.2406,0.0651,0.227,0.5659,-0.7328,0.0,1.0,1.0,1.0
440089,Damsgaard,Brentford,MID,2911,34,0,0,845.0,0.0809,0.0991,1.1482,0.0,290.0,0.0372,0.1148,1.0583,0.0,1.6139,1.5168,1.5083,1.3033,0.76,0.93,10.78,0.0,158.0,16.8284,0.12,0.37,3.41,0.0,37.0,11.4828,34,21,1,Man City,H,4,0.6879,1.9556,2.5896,1.0,1.0,0.0,-0.1,-0.03,0.0,0.238,0.34,0.1415,0.0,0.0,1.0,1.0,1.0
183656,Dasilva,Brentford,MID,0,0,0,0,22.0,0.0,0.9409,0.4091,0.0,0.0,0.0,0.0,0.0,0.0,1.6139,1.5168,1.5083,1.3033,0.0,0.23,0.1,0.0,6.0,24.5455,0.0,0.0,0.0,0.0,0.0,0.0,0,21,1,Man City,H,4,0.6879,1.9556,0.0,0.0,0.0,0.0,0.0,0.0,0.0,0.0,0.0,0.0,0.0,0.0,0.0,0.0,0.0
118342,Flekken,Brentford,GK,3275,37,0,0,3375.0,0.0,0.0037,1.4715,0.32,540.0,0.0,0.0,1.3033,0.5,1.6139,1.5168,1.5083,1.3033,0.0,0.1399999999999999,55.18,12.0,707.0,18.8533,0.0,0.0,7.82,3.0,110.0,18.3333,37,21,1,Man City,H,4,0.6879,1.9556,3.1214,1.0,0.99,1.1483,-0.1,-0.03,0.2734,0.0049,0.0,0.5603,-0.7254,0.0,1.0,1.0,0.99
194010,Henry,Brentford,DEF,94,0,0,0,401.0,0.0157,0.202,1.1491,0.0,0.0,0.0,0.0,0.0,0.0,1.6139,1.5168,1.5083,1.3033,0.07,0.9,5.12,0.0,74.0,16.6085,0.0,0.0,0.0,0.0,0.0,0.0,0,21,1,Man City,H,4,0.6879,1.9556,0.0555,0.033,0.022,0.0,-0.0033,-0.001,0.0,0.0053,0.0032,0.0125,-0.0161,0.0,0.033,0.033,0.022
472713,Hickey,Brentford,DEF,0,0,0,0,713.0,0.0252,0.0164,1.2875,0.0,0.0,0.0,0.0,0.0,0.0,1.6139,1.5168,1.5083,1.3033,0.2,0.13,10.2,0.0,87.0,10.9818,0.0,0.0,0.0,0.0,0.0,0.0,0,21,1,Man City,H,4,0.6879,1.9556,0.0,0.0,0.0,0.0,0.0,0.0,0.0,0.0,0.0,0.0,0.0,0.0,0.0,0.0,0.0
204580,Janelt,Brentford,MID,2251,27,0,0,3127.0,0.0544,0.0999,1.3858,0.0288,449.0,0.0702,0.1624,1.1486,0.0,1.6139,1.5168,1.5083,1.3033,1.89,3.47,48.15,1.0,476.0,13.7,0.35,0.81,5.73,0.0,106.0,21.2472,27,21,1,Man City,H,4,0.6879,1.9556,2.4896,1.0,1.0,0.0,-0.1,-0.03,0.017,0.2285,0.2326,0.1415,0.0,0.0,1.0,1.0,1.0
207283,Jensen,Brentford,MID,846,8,0,0,2284.0,0.028,0.1939,1.4568,0.394,344.0,0.0262,0.1727,1.227,0.0,1.6139,1.5168,1.5083,1.3033,0.71,4.92,36.97,10.0,433.0,17.0622,0.1,0.6599999999999999,4.69,0.0,50.0,13.0814,8,21,1,Man City,H,4,0.6879,1.9556,2.8079,1.0,1.0,0.0,-0.1,-0.03,0.2392,0.3745,0.1826,0.1415,0.0,0.0,1.0,1.0,1.0
570241,Ji-soo,Brentford,DEF,28,0,0,0,0.0,0.0,0.0,0.0,0.0,0.0,0.0,0.0,0.0,0.0,1.6139,1.5168,1.5083,1.3033,0.0,0.0,0.0,0.0,0.0,0.0,0.0,0.0,0.0,0.0,0.0,0.0,0,21,1,Man City,H,4,0.6879,1.9556,0.0158,0.0098,0.0065,0.0,-0.001,-0.0003,0.0,0.0006,0.0013,0.0037,-0.0048,0.0,0.0098,0.0098,0.0065
628204,Konak,Brentford,MID,53,0,0,0,0.0,0.0,0.0,0.0,0.0,0.0,0.0,0.0,0.0,0.0,1.6139,1.5168,1.5083,1.3033,0.0,0.0,0.0,0.0,0.0,0.0,0.0,0.0,0.0,0.0,0.0,0.0,0,21,1,Man City,H,4,0.6879,1.9556,0.0396,0.0186,0.0124,0.0,-0.0019,-0.0006,0.0,0.0035,0.0058,0.0018,0.0,0.0,0.0186,0.0186,0.0124
249231,Lewis-Potter,Brentford,MID,3092,36,0,0,1444.0,0.4001,0.1035,1.3014,0.0623,235.0,0.7774,0.046,0.7583,0.0,1.6139,1.5168,1.5083,1.3033,6.42,1.66,20.88,1.0,190.0,11.8421,2.03,0.12,1.98,0.0,24.0,9.1915,36,21,1,Man City,H,4,0.6879,1.9556,3.49,1.0,1.0,0.0,-0.1,-0.03,0.0394,0.2169,1.2223,0.1415,0.0,0.0,1.0,1.0,1.0
446008,Mbeumo,Brentford,MID,3415,38,0,0,2046.0,0.4306,0.2692,1.2968,0.6158,539.0,0.1703,0.2889,1.3058,0.8349,1.6139,1.5168,1.5083,1.3033,9.79,6.12,29.48,14.0,399.0,17.5513,1.02,1.73,7.82,5.0,106.0,17.6994,38,21,1,Man City,H,4,0.6879,1.9556,4.1196,1.0,1.0,0.0,-0.1,-0.03,0.5037,0.5061,1.0983,0.1415,0.0,0.0,1.0,1.0,1.0
51927,Mee,Brentford,DEF,180,2,0,0,1273.0,0.111,0.0551,1.7533,0.2121,1.0,0.0,0.0,0.0,0.0,1.6139,1.5168,1.5083,1.3033,1.5699999999999998,0.78,24.8,3.0,213.0,15.0589,0.0,0.0,0.0,0.0,3.0,270.0,2,21,1,Man City,H,4,0.6879,1.9556,2.3608,1.0,1.0,0.0,-0.1,-0.03,0.16,0.1106,0.3866,0.5659,-0.7328,0.0004,1.0,1.0,1.0
128295,Nørgaard,Brentford,MID,2820,34,0,0,2594.0,0.1253,0.085,1.5433,0.1041,419.0,0.0129,0.0773,1.5337,0.0,1.6139,1.5168,1.5083,1.3033,3.61,2.45,44.48,3.0,429.0,14.8843,0.06,0.36,7.140000000000001,0.0,70.0,15.0358,34,21,1,Man City,H,4,0.6879,1.9556,2.6066,1.0,1.0,0.0,-0.1,-0.03,0.0619,0.1826,0.3506,0.1415,0.0,0.0,1.0,1.0,1.0
428580,Onyeka,Brentford,MID,23,0,0,0,1153.0,0.1631,0.1124,1.7563,0.0,14.0,0.0,0.2571,3.8571,0.0,1.6139,1.5168,1.5083,1.3033,2.09,1.44,22.5,0.0,152.0,11.8647,0.0,0.04,0.6000000000000001,0.0,9.0,57.8571,0,21,1,Man City,H,4,0.6879,1.9556,0.0175,0.0081,0.0054,0.0,-0.0008,-0.0002,0.0,0.0014,0.0029,0.0008,0.0,0.0,0.0081,0.0081,0.0054
450539,Peart-Harris,Brentford,MID,0,0,0,0,11.0,0.0,0.0,0.5727,0.0,0.0,0.0,0.0,0.0,0.0,1.6139,1.5168,1.5083,1.3033,0.0,0.0,0.07,0.0,6.0,49.0909,0.0,0.0,0.0,0.0,0.0,0.0,0,21,1,Man City,H,4,0.6879,1.9556,0.0,0.0,0.0,0.0,0.0,0.0,0.0,0.0,0.0,0.0,0.0,0.0,0.0,0.0,0.0
231065,Pinnock,Brentford,DEF,1912,21,0,0,2611.0,0.0696,0.0286,1.3895,0.1723,540.0,0.0633,0.0033,1.3033,0.0,1.6139,1.5168,1.5083,1.3033,2.02,0.8300000000000001,40.31,5.0,482.0,16.6143,0.38,0.02,7.82,0.0,83.0,13.8333,21,21,1,Man City,H,4,0.6879,1.9556,2.1275,1.0,1.0,0.0,-0.1,-0.03,0.0998,0.0576,0.267,0.5659,-0.7328,0.0,1.0,1.0,1.0
226956,Roerslev,Brentford,DEF,1100,11,0,0,2065.0,0.0458,0.0584,1.6945,0.1308,245.0,0.0257,0.0551,2.0204,0.0,1.6139,1.5168,1.5083,1.3033,1.05,1.34,38.88,3.0,358.0,15.6029,0.07,0.15,5.5,0.0,33.0,12.1224,11,21,1,Man City,H,4,0.6879,1.9556,2.0835,1.0,1.0,0.0,-0.1,-0.03,0.0823,0.1158,0.1821,0.5659,-0.7328,0.0001,1.0,1.0,1.0
513418,Schade,Brentford,MID,2281,26,0,0,400.0,0.3195,0.1642,0.918,0.45,144.0,0.3875,0.0188,1.075,0.0,1.6139,1.5168,1.5083,1.3033,1.42,0.73,4.08,2.0,79.0,17.775,0.62,0.03,1.72,0.0,23.0,14.375,26,21,1,Man City,H,4,0.6879,1.9556,3.3651,1.0,1.0,0.0,-0.1,-0.03,0.2985,0.2988,0.756,0.1415,0.0,0.0003,1.0,1.0,1.0
502500,Thiago,Brentford,FWD,167,1,0,0,0.0,0.0,0.0,0.0,0.0,0.0,0.0,0.0,0.0,0.0,1.6139,1.5168,1.5083,1.3033,0.0,0.0,0.0,0.0,0.0,0.0,0.0,0.0,0.0,0.0,0.0,0.0,1,21,1,Man City,H,4,0.6879,1.9556,2.824,1.0,1.0,0.0,-0.1,-0.03,0.0,0.2321,0.7219,0.0,0.0,0.0,1.0,1.0,1.0
144485,Toney,Brentford,FWD,0,0,0,0,1449.0,0.3553,0.0938,1.728,0.2484,360.0,0.32,0.0225,1.515,0.0,1.6139,1.5168,1.5083,1.3033,5.72,1.51,27.82,4.0,159.0,9.8758,1.28,0.09,6.0600000000000005,0.0,18.0,4.5,0,21,1,Man City,H,4,0.6879,1.9556,0.0,0.0,0.0,0.0,0.0,0.0,0.0,0.0,0.0,0.0,0.0,0.0,0.0,0.0,0.0
507433,Valdimarsson,Brentford,GK,144,1,0,0,0.0,0.0,0.0,0.0,0.0,0.0,0.0,0.0,0.0,0.0,1.6139,1.5168,1.5083,1.3033,0.0,0.0,0.0,0.0,0.0,0.0,0.0,0.0,0.0,0.0,0.0,0.0,1,21,1,Man City,H,4,0.6879,1.9556,2.8432,1.0,0.99,1.1483,-0.1,-0.03,0.0,0.0,0.0,0.5603,-0.7254,0.0,1.0,1.0,0.99
216646,Wissa,Brentford,FWD,2921,34,0,0,2571.0,0.404,0.0641,1.3358,0.6301,365.0,0.5499,0.0838,1.4622,2.4658,1.6139,1.5168,1.5083,1.3033,11.54,1.83,38.16,18.0,504.0,17.6429,2.23,0.34,5.930000000000001,10.0,194.0,47.8356,34,21,1,Man City,H,4,0.6879,1.9556,3.8863,1.0,1.0,0.0,-0.1,-0.03,0.7549,0.1648,1.0966,0.0,0.0,0.0,1.0,1.0,1.0
508395,Yarmoliuk,Brentford,MID,1435,15,0,0,670.0,0.1263,0.1343,1.2654,0.0,57.0,0.0789,0.0316,1.5947,0.0,1.6139,1.5168,1.5083,1.3033,0.94,1.0,9.42,0.0,95.0,12.7612,0.05,0.02,1.01,0.0,14.0,22.1053,15,21,1,Man City,H,4,0.6879,1.9556,2.7606,1.0,1.0,0.0,-0.1,-0.03,0.0,0.2842,0.4648,0.1415,0.0,0.0,1.0,1.0,1.0
48760,Zanka,Brentford,DEF,0,0,0,0,1086.0,0.0613,0.0456,1.6343,0.2486,90.0,0.0,0.12,3.41,0.0,1.6139,1.5168,1.5083,1.3033,0.74,0.5499999999999999,19.72,3.0,179.0,14.8343,0.0,0.12,3.41,0.0,19.0,19.0,0,21,1,Man City,H,4,0.6879,1.9556,0.0,0.0,0.0,0.0,0.0,0.0,0.0,0.0,0.0,0.0,0.0,0.0,0.0,0.0,0.0
244858,Carvalho,Brentford,MID,443,3,0,0,6.0,0.0,0.0,8.4,0.0,6.0,0.0,0.0,8.4,0.0,1.6139,1.5168,1.5083,1.3033,0.0,0.0,0.56,0.0,5.0,75.0,0.0,0.0,0.56,0.0,5.0,75.0,3,21,1,Man City,H,4,0.6879,1.9556,2.8446,1.0,1.0,0.0,-0.1,-0.03,0.0,0.3059,0.5098,0.1415,0.0,0.0175,1.0,1.0,1.0
444765,Van den Berg,Brentford,DEF,2584,29,0,0,0.0,0.0,0.0,0.0,0.0,0.0,0.0,0.0,0.0,0.0,1.6139,1.5168,1.5083,1.3033,0.0,0.0,0.0,0.0,0.0,0.0,0.0,0.0,0.0,0.0,0.0,0.0,29,21,1,Man City,H,4,0.6879,1.9556,1.7528,1.0,1.0,0.0,-0.1,-0.03,0.0,0.0166,0.0331,0.5659,-0.7328,0.0,1.0,1.0,1.0
591357,Trevitt,Brentford,MID,3,0,0,0,0.0,0.0,0.0,0.0,0.0,0.0,0.0,0.0,0.0,0.0,1.6139,1.5168,1.5083,1.3033,0.0,0.0,0.0,0.0,0.0,0.0,0.0,0.0,0.0,0.0,0.0,0.0,0,21,1,Man City,H,4,0.6879,1.9556,0.0023,0.0011,0.0007,0.0,-0.0001,-0.0,0.0,0.0002,0.0004,0.0001,0.0,0.0,0.0011,0.0011,0.0007
626464,G.Nunes,Brentford,MID,11,0,0,0,,,,,,,,,,,1.6139,1.5168,1.5083,1.3033,,,,,,,,,,,,,0,21,1,Man City,H,4,0.6879,1.9556,0.0085,0.0039,0.0026,0.0,-0.0004,-0.0001,0.0,0.0008,0.0013,0.0004,0.0,0.0,0.0039,0.0039,0.0026
499717,Meghoma,Brentford,DEF,4,0,0,0,,,,,,,,,,,1.6139,1.5168,1.5083,1.3033,,,,,,,,,,,,,0,21,1,Man City,H,4,0.6879,1.9556,0.0022,0.0014,0.0009,0.0,-0.0001,-0.0,0.0,0.0001,0.0002,0.0005,-0.0007,0.0,0.0014,0.0014,0.0009
592662,Yogane,Brentford,MID,0,0,0,0,,,,,,,,,,,1.6139,1.5168,1.5083,1.3033,,,,,,,,,,,,,0,21,1,Man City,H,4,0.6879,1.9556,0.0,0.0,0.0,0.0,0.0,0.0,0.0,0.0,0.0,0.0,0.0,0.0,0.0,0.0,0.0
220695,Maghoma,Brentford,MID,112,0,0,0,,,,,,,,,,,1.6139,1.5168,1.5083,1.3033,,,,,,,,,,,,,0,21,1,Man City,H,4,0.6879,1.9556,0.0818,0.0393,0.0262,0.0,-0.0039,-0.0012,0.0,0.0066,0.011,0.0037,0.0,0.0,0.0393,0.0393,0.0262
622536,Arthur,Brentford,DEF,0,0,0,0,0.0,0.0,0.0,0.0,0.0,0.0,0.0,0.0,0.0,0.0,1.6139,1.5168,1.5083,1.3033,0.0,0.0,0.0,0.0,0.0,0.0,0.0,0.0,0.0,0.0,0.0,0.0,0,21,1,Man City,H,4,0.6879,1.9556,0.0,0.0,0.0,0.0,0.0,0.0,0.0,0.0,0.0,0.0,0.0,0.0,0.0,0.0,0.0
100042830,Frank,Brentford,UNK,0,0,0,0,,,,,,,,,,,1.6139,1.5168,1.5083,1.3033,,,,,,,,,,,,,0,21,1,Man City,H,4,0.6879,1.9556,0.0,0.0,0.0,0.0,0.0,0.0,0.0,0.0,0.0,0.0,0.0,0.0,0.0,0.0,0.0
607464,Kayode,Brentford,DEF,523,6,0,0,,,,,,,,,,,1.6139,1.5168,1.5083,1.3033,,,,,,,,,,,,,6,21,1,Man City,H,4,0.6879,1.9556,1.8631,1.0,1.0,0.0,-0.1,-0.03,0.0,0.0488,0.0977,0.5659,-0.7328,0.0134,1.0,1.0,1.0
535017,Eyestone,Brentford,GK,0,0,0,0,,,,,,,,,,,1.6139,1.5168,1.5083,1.3033,,,,,,,,,,,,,0,21,1,Man City,H,4,0.6879,1.9556,0.0,0.0,0.0,0.0,0.0,0.0,0.0,0.0,0.0,0.0,0.0,0.0,0.0,0.0,0.0
533710,Morgan,Brentford,FWD,0,0,0,0,,,,,,,,,,,1.6139,1.5168,1.5083,1.3033,,,,,,,,,,,,,0,21,1,Man City,H,4,0.6879,1.9556,0.0,0.0,0.0,0.0,0.0,0.0,0.0,0.0,0.0,0.0,0.0,0.0,0.0,0.0,0.0
612534,Benjamin Fredrick,Brentford,DEF,0,0,0,0,0.0,0.0,0.0,0.0,0.0,0.0,0.0,0.0,0.0,0.0,1.6139,1.5168,1.5083,1.3033,0.0,0.0,0.0,0.0,0.0,0.0,0.0,0.0,0.0,0.0,0.0,0.0,0,21,1,Man City,H,4,0.6879,1.9556,0.0,0.0,0.0,0.0,0.0,0.0,0.0,0.0,0.0,0.0,0.0,0.0,0.0,0.0,0.0
535818,Adingra,Brighton,MID,1081,12,0,0,2265.0,0.1732,0.1315,1.4642,0.3179,501.0,0.1635,0.2102,1.3257,0.0,1.5761,1.4929,1.625,1.2567,4.36,3.31,36.85,8.0,354.0,14.0662,0.91,1.17,7.38,0.0,70.0,12.5749,12,21,1,Ipswich,A,2,1.6005,0.4593,4.902,1.0,1.0,0.0,-0.1,-0.03,0.3495,0.7179,1.3328,0.6317,0.0,0.0,1.0,1.0,1.0
475480,Baker-Boaitey,Brighton,MID,0,0,0,0,37.0,0.0486,0.2432,1.9459,0.0,23.0,0.0783,0.2739,1.3304,0.0,1.5761,1.4929,1.625,1.2567,0.02,0.1,0.8,0.0,10.0,24.3243,0.02,0.07,0.34,0.0,-1.0,-3.913,0,21,1,Ipswich,A,2,1.6005,0.4593,0.0,0.0,0.0,0.0,0.0,0.0,0.0,0.0,0.0,0.0,0.0,0.0,0.0,0.0,0.0
535301,Baleba,Brighton,MID,2660,31,0,0,1314.0,0.0582,0.0164,1.6158,0.0,197.0,0.0365,0.0137,1.1193,0.0,1.5761,1.4929,1.625,1.2567,0.85,0.24,23.59,0.0,174.0,11.9178,0.08,0.03,2.45,0.0,32.0,14.6193,31,21,1,Ipswich,A,2,1.6005,0.4593,3.4003,1.0,1.0,0.0,-0.1,-0.03,0.0,0.2592,0.6394,0.6317,0.0,0.0,1.0,1.0,1.0
543158,Barco,Brighton,DEF,0,0,0,0,307.0,0.0586,0.1114,1.4951,0.0,306.0,0.0588,0.1118,1.4882,0.0,1.5761,1.4929,1.625,1.2567,0.2,0.38,5.1,0.0,33.0,9.6743,0.2,0.38,5.06,0.0,32.0,9.4118,0,21,1,Ipswich,A,2,1.6005,0.4593,0.0,0.0,0.0,0.0,0.0,0.0,0.0,0.0,0.0,0.0,0.0,0.0,0.0,0.0,0.0
519324,Cozier-Duberry,Brighton,MID,0,0,0,0,0.0,0.0,0.0,0.0,0.0,0.0,0.0,0.0,0.0,0.0,1.5761,1.4929,1.625,1.2567,0.0,0.0,0.0,0.0,0.0,0.0,0.0,0.0,0.0,0.0,0.0,0.0,0,21,1,Ipswich,A,2,1.6005,0.4593,0.0,0.0,0.0,0.0,0.0,0.0,0.0,0.0,0.0,0.0,0.0,0.0,0.0,0.0,0.0
168090,Dahoud,Brighton,MID,0,0,0,0,449.0,0.0441,0.1082,1.0343,0.0,0.0,0.0,0.0,0.0,0.0,1.5761,1.4929,1.625,1.2567,0.22,0.54,5.16,0.0,68.0,13.6303,0.0,0.0,0.0,0.0,0.0,0.0,0,21,1,Ipswich,A,2,1.6005,0.4593,0.0,0.0,0.0,0.0,0.0,0.0,0.0,0.0,0.0,0.0,0.0,0.0,0.0,0.0,0.0
83299,Dunk,Brighton,DEF,2081,23,0,0,2944.0,0.0984,0.0685,1.535,0.3363,480.0,0.0281,0.0038,1.3762,0.1875,1.5761,1.4929,1.625,1.2567,3.22,2.24,50.21,11.0,590.0,18.0367,0.15,0.02,7.34,1.0,103.0,19.3125,23,21,1,Ipswich,A,2,1.6005,0.4593,5.7441,1.0,1.0,0.0,-0.1,-0.03,0.4311,0.256,0.7395,2.5269,-0.0794,0.0,1.0,1.0,1.0
204214,Estupiñan,Brighton,DEF,2399,26,0,0,1242.0,0.0725,0.1609,1.9203,0.5072,0.0,0.0,0.0,0.0,0.0,1.5761,1.4929,1.625,1.2567,1.0,2.22,26.5,7.0,291.0,21.087,0.0,0.0,0.0,0.0,0.0,0.0,26,21,1,Ipswich,A,2,1.6005,0.4593,6.2931,1.0,1.0,0.0,-0.1,-0.03,0.7217,0.6197,0.6342,2.5269,-0.0794,0.0,1.0,1.0,1.0
243568,Gilmour,Brighton,MID,97,1,0,0,2124.0,0.0415,0.1085,1.5271,0.1695,349.0,0.0309,0.1057,1.5808,0.0,1.5761,1.4929,1.625,1.2567,0.98,2.56,36.04,4.0,358.0,15.1695,0.12,0.41,6.13,0.0,48.0,12.3782,1,21,1,Ipswich,A,2,1.6005,0.4593,3.768,1.0,1.0,0.0,-0.1,-0.03,0.1936,0.5627,0.51,0.6317,0.0,0.0,1.0,1.0,1.0
60307,Gross,Brighton,MID,0,0,0,0,3112.0,0.1851,0.2571,1.4796,0.8387,540.0,0.1667,0.215,1.4283,0.0,1.5761,1.4929,1.625,1.2567,6.4,8.89,51.16,29.0,724.0,20.9383,1.0,1.29,8.57,0.0,84.0,14.0,0,21,1,Ipswich,A,2,1.6005,0.4593,0.0,0.0,0.0,0.0,0.0,0.0,0.0,0.0,0.0,0.0,0.0,0.0,0.0,0.0,0.0
532529,Hinshelwood,Brighton,MID,1839,22,0,0,956.0,0.1977,0.0348,1.3886,0.4707,90.0,0.0,0.01,0.45,0.0,1.5761,1.4929,1.625,1.2567,2.1,0.37,14.75,5.0,169.0,15.91,0.0,0.01,0.45,0.0,14.0,14.0,22,21,1,Ipswich,A,2,1.6005,0.4593,4.7071,1.0,1.0,0.0,-0.1,-0.03,0.6112,0.3351,1.259,0.6317,0.0,0.0,1.0,1.0,1.0
612855,I.Osman,Brighton,MID,0,0,0,0,0.0,0.0,0.0,0.0,0.0,0.0,0.0,0.0,0.0,0.0,1.5761,1.4929,1.625,1.2567,0.0,0.0,0.0,0.0,0.0,0.0,0.0,0.0,0.0,0.0,0.0,0.0,0,21,1,Ipswich,A,2,1.6005,0.4593,0.0,0.0,0.0,0.0,0.0,0.0,0.0,0.0,0.0,0.0,0.0,0.0,0.0,0.0,0.0
223434,Igor,Brighton,DEF,959,10,0,0,1631.0,0.0138,0.0276,1.3442,0.0552,467.0,0.0193,0.0424,1.43,0.0,1.5761,1.4929,1.625,1.2567,0.25,0.5,24.36,1.0,311.0,17.1613,0.1,0.22,7.42,0.0,101.0,19.4647,10,21,1,Ipswich,A,2,1.6005,0.4593,4.7853,1.0,1.0,0.0,-0.1,-0.03,0.0611,0.1728,0.2339,2.5269,-0.0794,0.0,1.0,1.0,1.0
475168,João Pedro,Brighton,FWD,1946,23,0,0,2118.0,0.5116,0.198,1.4057,0.5099,528.0,0.4739,0.225,1.1506,0.1705,1.5761,1.4929,1.625,1.2567,12.04,4.66,33.08,12.0,415.0,17.6346,2.78,1.32,6.75,1.0,80.0,13.6364,23,21,1,Ipswich,A,2,1.6005,0.4593,6.1733,1.0,1.0,0.0,-0.1,-0.03,0.6137,0.8675,2.8221,0.0,0.0,0.0,1.0,1.0,1.0
484658,Kozlowski,Brighton,MID,0,0,0,0,0.0,0.0,0.0,0.0,0.0,0.0,0.0,0.0,0.0,0.0,1.5761,1.4929,1.625,1.2567,0.0,0.0,0.0,0.0,0.0,0.0,0.0,0.0,0.0,0.0,0.0,0.0,0,21,1,Ipswich,A,2,1.6005,0.4593,0.0,0.0,0.0,0.0,0.0,0.0,0.0,0.0,0.0,0.0,0.0,0.0,0.0,0.0,0.0
232792,Lamptey,Brighton,DEF,856,10,0,0,908.0,0.0337,0.0892,1.4224,0.0,143.0,0.0,0.2014,2.0266,0.0,1.5761,1.4929,1.625,1.2567,0.3399999999999999,0.9,14.35,0.0,155.0,15.3634,0.0,0.32,3.22,0.0,27.0,16.993,10,21,1,Ipswich,A,2,1.6005,0.4593,5.0366,1.0,1.0,0.0,-0.1,-0.03,0.0,0.3778,0.3413,2.5269,-0.0794,0.0,1.0,1.0,1.0
109345,March,Brighton,MID,161,1,0,0,555.0,0.3405,0.1573,1.7027,0.973,0.0,0.0,0.0,0.0,0.0,1.5761,1.4929,1.625,1.2567,2.1,0.97,10.5,6.0,134.0,21.7297,0.0,0.0,0.0,0.0,0.0,0.0,1,21,1,Ipswich,A,2,1.6005,0.4593,6.6273,1.0,1.0,0.0,-0.1,-0.03,1.3845,0.7387,2.0024,0.6317,0.0,0.0,1.0,1.0,1.0
550141,Mazilu,Brighton,MID,0,0,0,0,0.0,0.0,0.0,0.0,0.0,0.0,0.0,0.0,0.0,0.0,1.5761,1.4929,1.625,1.2567,0.0,0.0,0.0,0.0,0.0,0.0,0.0,0.0,0.0,0.0,0.0,0.0,0,21,1,Ipswich,A,2,1.6005,0.4593,0.0,0.0,0.0,0.0,0.0,0.0,0.0,0.0,0.0,0.0,0.0,0.0,0.0,0.0,0.0
15157,Milner,Brighton,MID,170,3,0,0,851.0,0.0307,0.2422,1.4024,0.0,81.0,0.0,0.1222,0.5,0.0,1.5761,1.4929,1.625,1.2567,0.29,2.29,13.26,0.0,156.0,16.4982,0.0,0.11,0.45,0.0,10.0,11.1111,3,21,1,Ipswich,A,2,1.6005,0.4593,2.8233,1.0,0.5926,0.0,-0.1,-0.03,0.0,0.6061,0.3802,0.3744,0.0,0.0,1.0,1.0,0.5926
592031,Minteh,Brighton,MID,1831,20,0,0,45.0,0.0,1.3,0.5,0.0,45.0,0.0,1.3,0.5,0.0,1.5761,1.4929,1.625,1.2567,0.0,0.65,0.25,0.0,18.0,36.0,0.0,0.65,0.25,0.0,18.0,36.0,20,21,1,Ipswich,A,2,1.6005,0.4593,4.7792,1.0,1.0,0.0,-0.1,-0.03,0.0,1.1761,1.1013,0.6317,0.0,0.0001,1.0,1.0,1.0
451340,Mitoma,Brighton,MID,2597,28,0,0,1573.0,0.2552,0.206,1.4355,0.4005,88.0,0.992,0.0409,0.4602,0.0,1.5761,1.4929,1.625,1.2567,4.46,3.6,25.09,7.0,279.0,15.9631,0.97,0.04,0.45,0.0,27.0,27.6136,28,21,1,Ipswich,A,2,1.6005,0.4593,6.0946,1.0,1.0,0.0,-0.1,-0.03,0.5209,0.8693,2.2027,0.6317,0.0,0.0,1.0,1.0,1.0
243505,Moder,Brighton,MID,9,0,0,0,608.0,0.1155,0.0992,1.8651,0.0,170.0,0.0424,0.2435,1.2812,0.0,1.5761,1.4929,1.625,1.2567,0.78,0.6699999999999999,12.6,0.0,89.0,13.1743,0.08,0.46,2.42,0.0,31.0,16.4118,0,21,1,Ipswich,A,2,1.6005,0.4593,0.0097,0.0032,0.0021,0.0,-0.0003,-0.0001,0.0,0.0013,0.0021,0.0013,0.0,0.0,0.0032,0.0032,0.0021
574402,O’Mahony,Brighton,FWD,0,0,0,0,61.0,0.0885,0.0,1.8885,0.0,60.0,0.09,0.0,1.875,0.0,1.5761,1.4929,1.625,1.2567,0.06,0.0,1.28,0.0,5.0,7.377,0.06,0.0,1.25,0.0,6.0,9.0,0,21,1,Ipswich,A,2,1.6005,0.4593,0.0,0.0,0.0,0.0,0.0,0.0,0.0,0.0,0.0,0.0,0.0,0.0,0.0,0.0,0.0
445548,Offiah,Brighton,DEF,0,0,0,0,126.0,0.0,0.0214,1.8286,0.0,126.0,0.0,0.0214,1.8286,0.0,1.5761,1.4929,1.625,1.2567,0.0,0.03,2.56,0.0,21.0,15.0,0.0,0.03,2.56,0.0,21.0,15.0,0,21,1,Ipswich,A,2,1.6005,0.4593,0.0,0.0,0.0,0.0,0.0,0.0,0.0,0.0,0.0,0.0,0.0,0.0,0.0,0.0,0.0
491598,Peupion,Brighton,MID,0,0,0,0,0.0,0.0,0.0,0.0,0.0,0.0,0.0,0.0,0.0,0.0,1.5761,1.4929,1.625,1.2567,0.0,0.0,0.0,0.0,0.0,0.0,0.0,0.0,0.0,0.0,0.0,0.0,0,21,1,Ipswich,A,2,1.6005,0.4593,0.0,0.0,0.0,0.0,0.0,0.0,0.0,0.0,0.0,0.0,0.0,0.0,0.0,0.0,0.0
441192,Sarmiento,Brighton,MID,8,0,0,0,8.0,0.0,0.0,0.0,0.0,8.0,0.0,0.0,0.0,0.0,1.5761,1.4929,1.625,1.2567,0.0,0.0,0.0,0.0,3.0,33.75,0.0,0.0,0.0,0.0,3.0,33.75,0,21,1,Ipswich,A,2,1.6005,0.4593,0.0091,0.0028,0.0019,0.0,-0.0003,-0.0001,0.0,0.0013,0.0022,0.0012,0.0,0.0,0.0028,0.0028,0.0019
49262,Steele,Brighton,GK,180,2,0,0,1620.0,0.0,0.0,1.4061,0.3333,270.0,0.0,0.0,0.9833,0.3333,1.5761,1.4929,1.625,1.2567,0.0,0.0,25.31,6.0,331.0,18.3889,0.0,0.0,2.95,1.0,61.0,20.3333,2,21,1,Ipswich,A,2,1.6005,0.4593,5.2348,1.0,0.99,0.4775,-0.1,-0.03,0.4743,0.0,0.0,2.5016,-0.0786,0.0,1.0,1.0,0.99
450434,Undav,Brighton,FWD,0,0,0,0,0.0,0.0,0.0,0.0,0.0,0.0,0.0,0.0,0.0,0.0,1.5761,1.4929,1.625,1.2567,0.0,0.0,0.0,0.0,0.0,0.0,0.0,0.0,0.0,0.0,0.0,0.0,0,21,1,Ipswich,A,2,1.6005,0.4593,0.0,0.0,0.0,0.0,0.0,0.0,0.0,0.0,0.0,0.0,0.0,0.0,0.0,0.0,0.0
469142,Van Hecke,Brighton,DEF,2960,33,0,0,2458.0,0.052,0.0341,1.3793,0.1098,180.0,0.0,0.0,0.875,0.0,1.5761,1.4929,1.625,1.2567,1.42,0.93,37.67,3.0,482.0,17.6485,0.0,0.0,1.75,0.0,41.0,20.5,33,21,1,Ipswich,A,2,1.6005,0.4593,5.0485,1.0,1.0,0.0,-0.1,-0.03,0.1344,0.1591,0.4376,2.5269,-0.0794,0.0,1.0,1.0,1.0
111478,Veltman,Brighton,DEF,1694,19,0,0,1669.0,0.0248,0.0286,1.4064,0.1078,280.0,0.0514,0.0129,0.7425,0.6429,1.5761,1.4929,1.625,1.2567,0.46,0.53,26.08,2.0,328.0,17.6872,0.16,0.04,2.31,2.0,70.0,22.5,19,21,1,Ipswich,A,2,1.6005,0.4593,5.0909,1.0,1.0,0.0,-0.1,-0.03,0.2891,0.1527,0.3316,2.5269,-0.0794,0.0,1.0,1.0,1.0
489639,Verbruggen,Brighton,GK,3240,36,0,0,1890.0,0.0,0.0,1.5048,0.3333,360.0,0.0,0.0,1.5175,0.25,1.5761,1.4929,1.625,1.2567,0.0,0.0,31.6,7.0,417.0,19.8571,0.0,0.0,6.07,1.0,83.0,20.75,36,21,1,Ipswich,A,2,1.6005,0.4593,5.2111,1.0,0.99,0.4775,-0.1,-0.03,0.4506,0.0,0.0,2.5016,-0.0786,0.0,1.0,1.0,0.99
110735,Webster,Brighton,DEF,885,11,0,0,1156.0,0.0389,0.0272,1.4138,0.1557,390.0,0.03,0.0231,1.2185,0.4615,1.5761,1.4929,1.625,1.2567,0.5,0.35,18.16,2.0,221.0,17.2059,0.13,0.1,5.28,2.0,79.0,18.2308,11,21,1,Ipswich,A,2,1.6005,0.4593,5.1312,1.0,1.0,0.0,-0.1,-0.03,0.3115,0.147,0.3552,2.5269,-0.0794,0.0,1.0,1.0,1.0
50175,Welbeck,Brighton,FWD,2109,24,0,0,1777.0,0.2679,0.076,1.4298,0.4052,496.0,0.2613,0.0381,1.1486,0.5444,1.5761,1.4929,1.625,1.2567,5.29,1.5,28.23,8.0,302.0,15.2954,1.44,0.21,6.33,3.0,98.0,17.7823,24,21,1,Ipswich,A,2,1.6005,0.4593,4.7017,1.0,1.0,0.0,-0.1,-0.03,0.6215,0.4135,1.7968,0.0,0.0,0.0,1.0,1.0,1.0
467779,Wieffer,Brighton,MID,1003,10,0,0,90.0,0.0,0.02,0.45,0.0,90.0,0.0,0.02,0.45,0.0,1.5761,1.4929,1.625,1.2567,0.0,0.02,0.45,0.0,20.0,20.0,0.0,0.02,0.45,0.0,20.0,20.0,10,21,1,Ipswich,A,2,1.6005,0.4593,4.1441,1.0,1.0,0.0,-0.1,-0.03,0.0,0.625,1.0173,0.6317,0.0,0.0001,1.0,1.0,1.0
513433,Gruda,Brighton,MID,676,8,0,0,0.0,0.0,0.0,0.0,0.0,0.0,0.0,0.0,0.0,0.0,1.5761,1.4929,1.625,1.2567,0.0,0.0,0.0,0.0,0.0,0.0,0.0,0.0,0.0,0.0,0.0,0.0,8,21,1,Ipswich,A,2,1.6005,0.4593,3.2684,1.0,1.0,0.0,-0.1,-0.03,0.0,0.2875,0.4792,0.6317,0.0,0.0,1.0,1.0,1.0
509416,Ayari,Brighton,MID,1958,22,0,0,1.0,0.0,0.0,0.0,0.0,1.0,0.0,0.0,0.0,0.0,1.5761,1.4929,1.625,1.2567,0.0,0.0,0.0,0.0,0.0,0.0,0.0,0.0,0.0,0.0,0.0,0.0,22,21,1,Ipswich,A,2,1.6005,0.4593,4.3974,1.0,1.0,0.0,-0.1,-0.03,0.0,0.7108,1.1847,0.6317,0.0,0.0002,1.0,1.0,1.0
513834,Moran,Brighton,MID,0,0,0,0,0.0,0.0,0.0,0.0,0.0,0.0,0.0,0.0,0.0,0.0,1.5761,1.4929,1.625,1.2567,0.0,0.0,0.0,0.0,0.0,0.0,0.0,0.0,0.0,0.0,0.0,0.0,0,21,1,Ipswich,A,2,1.6005,0.4593,0.0,0.0,0.0,0.0,0.0,0.0,0.0,0.0,0.0,0.0,0.0,0.0,0.0,0.0,0.0
472739,Rushworth,Brighton,GK,0,0,0,0,0.0,0.0,0.0,0.0,0.0,0.0,0.0,0.0,0.0,0.0,1.5761,1.4929,1.625,1.2567,0.0,0.0,0.0,0.0,0.0,0.0,0.0,0.0,0.0,0.0,0.0,0.0,0,21,1,Ipswich,A,2,1.6005,0.4593,0.0,0.0,0.0,0.0,0.0,0.0,0.0,0.0,0.0,0.0,0.0,0.0,0.0,0.0,0.0
463067,Georginio,Brighton,MID,1651,19,0,0,,,,,,,,,,,1.5761,1.4929,1.625,1.2567,,,,,,,,,,,,,19,21,1,Ipswich,A,2,1.6005,0.4593,2.9328,1.0,1.0,0.0,-0.1,-0.03,0.0,0.1616,0.2694,0.6317,0.0,0.0,1.0,1.0,1.0
231416,F.Kadıoğlu,Brighton,DEF,385,5,0,0,,,,,,,,,,,1.5761,1.4929,1.625,1.2567,,,,,,,,,,,,,5,21,1,Ipswich,A,2,1.6005,0.4593,4.6658,1.0,1.0,0.0,-0.1,-0.03,0.0,0.116,0.2321,2.5269,-0.0794,0.0002,1.0,1.0,1.0
219249,O'Riley,Brighton,MID,929,11,0,0,,,,,,,,,,,1.5761,1.4929,1.625,1.2567,,,,,,,,,,,,,11,21,1,Ipswich,A,2,1.6005,0.4593,3.1323,1.0,1.0,0.0,-0.1,-0.03,0.0,0.2365,0.3941,0.6317,0.0,0.0,1.0,1.0,1.0
447720,Samuels,Brighton,DEF,0,0,0,0,,,,,,,,,,,1.5761,1.4929,1.625,1.2567,,,,,,,,,,,,,0,21,1,Ipswich,A,2,1.6005,0.4593,0.0,0.0,0.0,0.0,0.0,0.0,0.0,0.0,0.0,0.0,0.0,0.0,0.0,0.0,0.0
565858,Cahill,Brighton,GK,0,0,0,0,,,,,,,,,,,1.5761,1.4929,1.625,1.2567,,,,,,,,,,,,,0,21,1,Ipswich,A,2,1.6005,0.4593,0.0,0.0,0.0,0.0,0.0,0.0,0.0,0.0,0.0,0.0,0.0,0.0,0.0,0.0,0.0
539721,McConville,Brighton,DEF,0,0,0,0,,,,,,,,,,,1.5761,1.4929,1.625,1.2567,,,,,,,,,,,,,0,21,1,Ipswich,A,2,1.6005,0.4593,0.0,0.0,0.0,0.0,0.0,0.0,0.0,0.0,0.0,0.0,0.0,0.0,0.0,0.0,0.0
589100,Slater,Brighton,DEF,0,0,0,0,,,,,,,,,,,1.5761,1.4929,1.625,1.2567,,,,,,,,,,,,,0,21,1,Ipswich,A,2,1.6005,0.4593,0.0,0.0,0.0,0.0,0.0,0.0,0.0,0.0,0.0,0.0,0.0,0.0,0.0,0.0,0.0
514254,Gómez,Brighton,MID,507,4,0,0,,,,,,,,,,,1.5761,1.4929,1.625,1.2567,,,,,,,,,,,,,4,21,1,Ipswich,A,2,1.6005,0.4593,3.4554,1.0,1.0,0.0,-0.1,-0.03,0.0,0.3576,0.596,0.6317,0.0,0.0,1.0,1.0,1.0
100053901,Hürzeler,Brighton,UNK,0,0,0,0,,,,,,,,,,,1.5761,1.4929,1.625,1.2567,,,,,,,,,,,,,0,21,1,Ipswich,A,2,1.6005,0.4593,0.0,0.0,0.0,0.0,0.0,0.0,0.0,0.0,0.0,0.0,0.0,0.0,0.0,0.0,0.0
567121,Knight,Brighton,MID,0,0,0,0,,,,,,,,,,,1.5761,1.4929,1.625,1.2567,,,,,,,,,,,,,0,21,1,Ipswich,A,2,1.6005,0.4593,0.0,0.0,0.0,0.0,0.0,0.0,0.0,0.0,0.0,0.0,0.0,0.0,0.0,0.0,0.0
439135,Cashin,Brighton,DEF,19,0,0,0,,,,,,,,,,,1.5761,1.4929,1.625,1.2567,,,,,,,,,,,,,0,21,1,Ipswich,A,2,1.6005,0.4593,0.0241,0.0067,0.0044,0.0,-0.0007,-0.0002,0.0,0.001,0.002,0.0111,-0.0003,0.0,0.0067,0.0067,0.0044
547720,Charlie Tasker,Brighton,DEF,0,0,0,0,,,,,,,,,,,1.5761,1.4929,1.625,1.2567,,,,,,,,,,,,,0,21,1,Ipswich,A,2,1.6005,0.4593,0.0,0.0,0.0,0.0,0.0,0.0,0.0,0.0,0.0,0.0,0.0,0.0,0.0,0.0,0.0
604988,Freddie Simmonds,Brighton,DEF,0,0,0,0,,,,,,,,,,,1.5761,1.4929,1.625,1.2567,,,,,,,,,,,,,0,21,1,Ipswich,A,2,1.6005,0.4593,0.0,0.0,0.0,0.0,0.0,0.0,0.0,0.0,0.0,0.0,0.0,0.0,0.0,0.0,0.0
597320,Harry Howell,Brighton,MID,6,0,0,0,,,,,,,,,,,1.5761,1.4929,1.625,1.2567,,,,,,,,,,,,,0,21,1,Ipswich,A,2,1.6005,0.4593,0.0068,0.0021,0.0014,0.0,-0.0002,-0.0001,0.0,0.001,0.0017,0.0009,0.0,0.0,0.0021,0.0021,0.0014
532605,Andrey Santos,Chelsea,MID,0,0,0,0,7.0,0.7714,0.0,0.2571,0.0,0.0,0.0,0.0,0.0,0.0,2.03,1.6073,2.4517,1.7483,0.06,0.0,0.02,0.0,1.0,12.8571,0.0,0.0,0.0,0.0,0.0,0.0,0,21,1,Bournemouth,H,3,1.1466,1.4667,0.0,0.0,0.0,0.0,0.0,0.0,0.0,0.0,0.0,0.0,0.0,0.0,0.0,0.0,0.0
518620,Ângelo,Chelsea,MID,0,0,0,0,0.0,0.0,0.0,0.0,0.0,0.0,0.0,0.0,0.0,0.0,2.03,1.6073,2.4517,1.7483,0.0,0.0,0.0,0.0,0.0,0.0,0.0,0.0,0.0,0.0,0.0,0.0,0,21,1,Bournemouth,H,3,1.1466,1.4667,0.0,0.0,0.0,0.0,0.0,0.0,0.0,0.0,0.0,0.0,0.0,0.0,0.0,0.0,0.0
242880,B.Badiashile,Chelsea,DEF,332,3,0,0,1337.0,0.0182,0.0619,1.7111,0.2693,597.0,0.0166,0.0392,1.7548,0.0,2.03,1.6073,2.4517,1.7483,0.27,0.92,25.42,4.0,267.0,17.9731,0.11,0.26,11.64,0.0,113.0,17.0352,3,21,1,Bournemouth,H,3,1.1466,1.4667,2.8995,1.0,1.0,0.0,-0.1,-0.03,0.2265,0.1874,0.1893,0.9227,-0.4967,0.0002,1.0,1.0,1.0
482158,Bergström,Chelsea,GK,0,0,0,0,0.0,0.0,0.0,0.0,0.0,0.0,0.0,0.0,0.0,0.0,2.03,1.6073,2.4517,1.7483,0.0,0.0,0.0,0.0,0.0,0.0,0.0,0.0,0.0,0.0,0.0,0.0,0,21,1,Bournemouth,H,3,1.1466,1.4667,0.0,0.0,0.0,0.0,0.0,0.0,0.0,0.0,0.0,0.0,0.0,0.0,0.0,0.0,0.0
122074,Bettinelli,Chelsea,GK,0,0,0,0,0.0,0.0,0.0,0.0,0.0,0.0,0.0,0.0,0.0,0.0,2.03,1.6073,2.4517,1.7483,0.0,0.0,0.0,0.0,-3.0,0.0,0.0,0.0,0.0,0.0,0.0,0.0,0,21,1,Bournemouth,H,3,1.1466,1.4667,0.0,0.0,0.0,0.0,0.0,0.0,0.0,0.0,0.0,0.0,0.0,0.0,0.0,0.0,0.0
486672,Caicedo,Chelsea,MID,3351,38,0,0,2955.0,0.0137,0.063,1.4485,0.1827,693.0,0.0156,0.1065,1.5481,0.7792,2.03,1.6073,2.4517,1.7483,0.45,2.07,47.56,6.0,478.0,14.5584,0.12,0.82,11.92,6.0,150.0,19.4805,38,21,1,Bournemouth,H,3,1.1466,1.4667,2.9751,1.0,1.0,0.0,-0.1,-0.03,0.3689,0.2937,0.2119,0.2307,0.0,0.0,1.0,1.0,1.0
505187,Casadei,Chelsea,MID,0,0,0,0,71.0,0.0,0.1014,4.4113,0.0,43.0,0.0,0.0419,4.8977,0.0,2.03,1.6073,2.4517,1.7483,0.0,0.08,3.48,0.0,38.0,48.169,0.0,0.02,2.34,0.0,21.0,43.9535,0,21,1,Bournemouth,H,3,1.1466,1.4667,0.0,0.0,0.0,0.0,0.0,0.0,0.0,0.0,0.0,0.0,0.0,0.0,0.0,0.0,0.0
180736,Chalobah,Chelsea,DEF,1969,23,0,0,949.0,0.019,0.0152,1.4472,0.3793,555.0,0.0324,0.0227,1.4724,0.6486,2.03,1.6073,2.4517,1.7483,0.1999999999999999,0.16,15.26,4.0,221.0,20.9589,0.1999999999999999,0.14,9.08,4.0,143.0,23.1892,23,21,1,Bournemouth,H,3,1.1466,1.4667,3.0948,1.0,1.0,0.0,-0.1,-0.03,0.4905,0.0954,0.2122,0.9227,-0.4967,0.0006,1.0,1.0,1.0
478912,Chukwuemeka,Chelsea,MID,0,0,0,0,222.0,0.0486,0.1176,1.8649,0.0,0.0,0.0,0.0,0.0,0.0,2.03,1.6073,2.4517,1.7483,0.12,0.29,4.6,0.0,53.0,21.4865,0.0,0.0,0.0,0.0,0.0,0.0,0,21,1,Bournemouth,H,3,1.1466,1.4667,0.0,0.0,0.0,0.0,0.0,0.0,0.0,0.0,0.0,0.0,0.0,0.0,0.0,0.0,0.0
460028,Colwill,Chelsea,DEF,3150,35,0,0,1884.0,0.0616,0.0258,1.3949,0.1911,90.0,0.0,0.01,0.77,0.0,2.03,1.6073,2.4517,1.7483,1.29,0.54,29.2,4.0,363.0,17.3408,0.0,0.01,0.77,0.0,8.0,8.0,35,21,1,Bournemouth,H,3,1.1466,1.4667,2.9702,1.0,1.0,0.0,-0.1,-0.03,0.1932,0.1037,0.3771,0.9227,-0.4967,0.0,1.0,1.0,1.0
179268,Cucurella,Chelsea,DEF,2988,33,0,0,1862.0,0.0561,0.0498,1.5404,0.145,709.0,0.0241,0.0673,1.5893,0.2539,2.03,1.6073,2.4517,1.7483,1.16,1.03,31.87,3.0,334.0,16.1439,0.19,0.53,12.52,2.0,134.0,17.0099,33,21,1,Bournemouth,H,3,1.1466,1.4667,3.0039,1.0,1.0,0.0,-0.1,-0.03,0.1913,0.183,0.3335,0.9227,-0.4967,0.0,1.0,1.0,1.0
520295,D.D.Fofana,Chelsea,FWD,0,0,0,0,876.0,0.4705,0.0308,1.7373,0.8219,70.0,0.18,0.0514,2.9957,0.0,2.03,1.6073,2.4517,1.7483,4.58,0.3,16.91,8.0,133.0,13.6644,0.14,0.04,2.33,0.0,11.0,14.1429,0,21,1,Bournemouth,H,3,1.1466,1.4667,0.0,0.0,0.0,0.0,0.0,0.0,0.0,0.0,0.0,0.0,0.0,0.0,0.0,0.0,0.0
617054,Deivid,Chelsea,FWD,0,0,0,0,11.0,3.8455,0.0,13.7455,0.0,0.0,0.0,0.0,0.0,0.0,2.03,1.6073,2.4517,1.7483,0.47,0.0,1.68,0.0,5.0,40.9091,0.0,0.0,0.0,0.0,0.0,0.0,0,21,1,Bournemouth,H,3,1.1466,1.4667,0.0,0.0,0.0,0.0,0.0,0.0,0.0,0.0,0.0,0.0,0.0,0.0,0.0,0.0,0.0
215413,Dewsbury-Hall,Chelsea,MID,257,2,0,0,24.0,0.0,0.0375,0.4125,0.0,24.0,0.0,0.0375,0.4125,0.0,2.03,1.6073,2.4517,1.7483,0.0,0.01,0.11,0.0,4.0,15.0,0.0,0.01,0.11,0.0,4.0,15.0,2,21,1,Bournemouth,H,3,1.1466,1.4667,3.4252,1.0,1.0,0.0,-0.1,-0.03,0.0,0.4982,0.8206,0.2307,0.0,0.0058,1.0,1.0,1.0
448047,Enzo,Chelsea,MID,2943,32,0,0,2298.0,0.2326,0.1512,1.6018,0.1567,156.0,0.1788,0.0577,2.0019,0.0,2.03,1.6073,2.4517,1.7483,5.94,3.86,40.9,4.0,385.0,15.0783,0.31,0.1,3.47,0.0,21.0,12.1154,32,21,1,Bournemouth,H,3,1.1466,1.4667,3.9463,1.0,1.0,0.0,-0.1,-0.03,0.1514,0.4862,1.208,0.2307,0.0,0.0,1.0,1.0,1.0
232787,Gallagher,Chelsea,MID,0,0,0,0,3129.0,0.1153,0.1015,1.5081,0.2876,618.0,0.1704,0.0714,1.6893,0.2913,2.03,1.6073,2.4517,1.7483,4.01,3.53,52.43,10.0,618.0,17.7756,1.17,0.49,11.6,2.0,122.0,17.767,0,21,1,Bournemouth,H,3,1.1466,1.4667,0.0,0.0,0.0,0.0,0.0,0.0,0.0,0.0,0.0,0.0,0.0,0.0,0.0,0.0,0.0
514280,Gilchrist,Chelsea,DEF,0,0,0,0,200.0,0.144,0.0225,2.457,0.0,162.0,0.0556,0.0111,2.1,0.0,2.03,1.6073,2.4517,1.7483,0.32,0.05,5.46,0.0,67.0,30.15,0.1,0.02,3.78,0.0,33.0,18.3333,0,21,1,Bournemouth,H,3,1.1466,1.4667,0.0,0.0,0.0,0.0,0.0,0.0,0.0,0.0,0.0,0.0,0.0,0.0,0.0,0.0,0.0
482609,Gusto,Chelsea,DEF,1853,19,0,0,1836.0,0.0495,0.1696,1.3181,0.4902,223.0,0.0686,0.2341,0.9525,1.2108,2.03,1.6073,2.4517,1.7483,1.01,3.46,26.89,10.0,409.0,20.049,0.1699999999999999,0.58,2.3600000000000003,3.0,44.0,17.7578,19,21,1,Bournemouth,H,3,1.1466,1.4667,3.8341,1.0,1.0,0.0,-0.1,-0.03,0.6696,0.5112,0.3572,0.9227,-0.4967,0.0,1.0,1.0,1.0
225796,James,Chelsea,DEF,1057,12,0,0,416.0,0.0649,0.2942,2.4469,0.0,30.0,0.0,1.05,3.33,0.0,2.03,1.6073,2.4517,1.7483,0.3,1.36,11.31,0.0,106.0,22.9327,0.0,0.35,1.11,0.0,11.0,33.0,12,21,1,Bournemouth,H,3,1.1466,1.4667,3.2585,1.0,1.0,0.0,-0.1,-0.03,0.0,0.5747,0.3746,0.9227,-0.4967,0.0132,1.0,1.0,1.0
549068,Kellyman,Chelsea,MID,0,0,0,0,35.0,0.1029,0.0,2.6486,0.0,22.0,0.0,0.0,1.35,0.0,2.03,1.6073,2.4517,1.7483,0.04,0.0,1.03,0.0,6.0,15.4286,0.0,0.0,0.33,0.0,3.0,12.2727,0,21,1,Bournemouth,H,3,1.1466,1.4667,0.0,0.0,0.0,0.0,0.0,0.0,0.0,0.0,0.0,0.0,0.0,0.0,0.0,0.0,0.0
514356,Lavia,Chelsea,MID,792,11,0,0,97.0,0.0,0.1763,0.9186,0.0,65.0,0.0,0.2492,0.9138,0.0,2.03,1.6073,2.4517,1.7483,0.0,0.19,0.99,0.0,20.0,18.5567,0.0,0.18,0.66,0.0,18.0,24.9231,11,21,1,Bournemouth,H,3,1.1466,1.4667,3.0238,1.0,0.9333,0.0,-0.1,-0.03,0.0,0.4265,0.5783,0.2153,0.0,0.0005,1.0,1.0,0.9333
66749,Lukaku,Chelsea,FWD,0,0,0,0,0.0,0.0,0.0,0.0,0.0,0.0,0.0,0.0,0.0,0.0,2.03,1.6073,2.4517,1.7483,0.0,0.0,0.0,0.0,0.0,0.0,0.0,0.0,0.0,0.0,0.0,0.0,0,21,1,Bournemouth,H,3,1.1466,1.4667,0.0,0.0,0.0,0.0,0.0,0.0,0.0,0.0,0.0,0.0,0.0,0.0,0.0,0.0,0.0
204727,M.Sarr,Chelsea,DEF,0,0,0,0,0.0,0.0,0.0,0.0,0.0,0.0,0.0,0.0,0.0,0.0,2.03,1.6073,2.4517,1.7483,0.0,0.0,0.0,0.0,0.0,0.0,0.0,0.0,0.0,0.0,0.0,0.0,0,21,1,Bournemouth,H,3,1.1466,1.4667,0.0,0.0,0.0,0.0,0.0,0.0,0.0,0.0,0.0,0.0,0.0,0.0,0.0,0.0,0.0
248857,Madueke,Chelsea,MID,2028,27,0,0,1044.0,0.2164,0.1836,1.5836,0.6034,521.0,0.1814,0.1917,1.6342,0.8637,2.03,1.6073,2.4517,1.7483,2.51,2.13,18.37,7.0,253.0,21.8103,1.05,1.11,9.46,5.0,115.0,19.8656,27,21,1,Bournemouth,H,3,1.1466,1.4667,4.2312,1.0,1.0,0.0,-0.1,-0.03,0.7351,0.4967,0.8988,0.2307,0.0,0.0,1.0,1.0,1.0
499309,Marc Guiu,Chelsea,FWD,71,0,0,0,24.0,0.0,0.0,0.4125,0.0,24.0,0.0,0.0,0.4125,0.0,2.03,1.6073,2.4517,1.7483,0.0,0.0,0.11,0.0,2.0,7.5,0.0,0.0,0.11,0.0,2.0,7.5,0,21,1,Bournemouth,H,3,1.1466,1.4667,0.0719,0.0249,0.0166,0.0,-0.0025,-0.0007,0.0,0.0082,0.0254,0.0,0.0,0.0,0.0249,0.0249,0.0166
465920,Mudryk,Chelsea,MID,145,1,0,0,1564.0,0.2745,0.1813,1.4415,0.2877,416.0,0.1709,0.0995,1.4885,0.0,2.03,1.6073,2.4517,1.7483,4.77,3.1500000000000004,25.05,5.0,291.0,16.7455,0.79,0.46,6.88,0.0,55.0,11.899,1,21,1,Bournemouth,H,3,1.1466,1.4667,4.1888,1.0,1.0,0.0,-0.1,-0.03,0.2511,0.5507,1.2862,0.2307,0.0,0.0,1.0,1.0,1.0
517052,N.Jackson,Chelsea,FWD,2220,28,0,0,2866.0,0.5844,0.0961,1.5111,0.3768,694.0,0.6744,0.0493,1.5549,0.389,2.03,1.6073,2.4517,1.7483,18.61,3.06,48.12,12.0,482.0,15.1361,5.2,0.38,11.99,3.0,137.0,17.7666,28,21,1,Bournemouth,H,3,1.1466,1.4667,4.8504,1.0,1.0,0.0,-0.1,-0.03,0.4209,0.2908,2.2687,0.0,0.0,0.0,1.0,1.0,1.0
213198,Nkunku,Chelsea,MID,904,9,0,0,494.0,0.4773,0.0783,1.7126,0.7287,177.0,0.3508,0.0915,1.4797,1.0169,2.03,1.6073,2.4517,1.7483,2.62,0.43,9.4,4.0,102.0,18.583,0.69,0.18,2.91,2.0,43.0,21.8644,9,21,1,Bournemouth,H,3,1.1466,1.4667,5.0558,1.0,1.0,0.0,-0.1,-0.03,0.8517,0.4021,1.7012,0.2307,0.0,0.0001,1.0,1.0,1.0
244851,Palmer,Chelsea,MID,3193,36,0,0,2707.0,0.5792,0.2779,1.5377,1.0639,626.0,0.4457,0.3134,1.2134,0.4313,2.03,1.6073,2.4517,1.7483,17.42,8.36,46.25,32.0,862.0,28.659,3.1,2.18,8.440000000000001,3.0,162.0,23.2907,36,21,1,Bournemouth,H,3,1.1466,1.4667,6.6666,1.0,1.0,0.0,-0.1,-0.03,1.0074,0.8857,2.6728,0.2307,0.0,0.0,1.0,1.0,1.0
457569,Petrović,Chelsea,GK,0,0,0,0,1986.0,0.0,0.0,1.5829,0.2266,630.0,0.0,0.0,1.69,0.2857,2.03,1.6073,2.4517,1.7483,0.0,0.0,34.93,5.0,414.0,18.7613,0.0,0.0,11.83,2.0,140.0,20.0,0,21,1,Bournemouth,H,3,1.1466,1.4667,0.0,0.0,0.0,0.0,0.0,0.0,0.0,0.0,0.0,0.0,0.0,0.0,0.0,0.0,0.0
551230,Renato Veiga,Chelsea,MID,176,1,0,0,10.0,0.0,0.0,0.72,0.0,10.0,0.0,0.0,0.72,0.0,2.03,1.6073,2.4517,1.7483,0.0,0.0,0.08,0.0,2.0,18.0,0.0,0.0,0.08,0.0,2.0,18.0,1,21,1,Bournemouth,H,3,1.1466,1.4667,3.4565,1.0,1.0,0.0,-0.1,-0.03,0.0,0.5059,0.8431,0.2307,0.0,0.0069,1.0,1.0,1.0
215059,Sánchez,Chelsea,GK,2880,32,0,0,1523.0,0.0,0.0,1.4472,0.4137,90.0,0.0,0.0,0.77,0.0,2.03,1.6073,2.4517,1.7483,0.0,0.0,24.49,7.0,324.0,19.1464,0.0,0.0,0.77,0.0,7.0,7.0,32,21,1,Bournemouth,H,3,1.1466,1.4667,3.6173,1.0,0.99,0.9171,-0.1,-0.03,0.4183,0.0,0.0,0.9135,-0.4917,0.0,1.0,1.0,0.99
109646,Tosin,Chelsea,DEF,1403,15,0,0,1616.0,0.0434,0.0178,1.57,0.1114,90.0,0.0,0.0,1.02,0.0,2.03,1.6073,2.4517,1.7483,0.78,0.32,28.19,2.0,327.0,18.2116,0.0,0.0,1.02,0.0,13.0,13.0,15,21,1,Bournemouth,H,3,1.1466,1.4667,2.7844,1.0,1.0,0.0,-0.1,-0.03,0.1126,0.0852,0.2905,0.9227,-0.4967,0.0,1.0,1.0,1.0
444463,W.Fofana,Chelsea,DEF,1172,14,0,0,90.0,0.04,0.01,0.77,0.0,90.0,0.04,0.01,0.77,0.0,2.03,1.6073,2.4517,1.7483,0.04,0.01,0.77,0.0,3.0,3.0,0.04,0.01,0.77,0.0,3.0,3.0,14,21,1,Bournemouth,H,3,1.1466,1.4667,2.8526,1.0,1.0,0.0,-0.1,-0.03,0.0,0.1405,0.3102,0.9227,-0.4967,0.1058,1.0,1.0,1.0
209243,Sancho,Chelsea,MID,1754,19,0,0,76.0,0.0,0.0829,2.2026,0.0,0.0,0.0,0.0,0.0,0.0,2.03,1.6073,2.4517,1.7483,0.0,0.07,1.86,0.0,11.0,13.0263,0.0,0.0,0.0,0.0,0.0,0.0,19,21,1,Bournemouth,H,3,1.1466,1.4667,3.3357,1.0,1.0,0.0,-0.1,-0.03,0.0,0.4855,0.7465,0.2307,0.0,0.003,1.0,1.0,1.0
247632,Neto,Chelsea,MID,2262,24,0,0,1548.0,0.1866,0.2238,1.6977,0.4651,44.0,0.1841,0.3477,1.4114,0.0,2.03,1.6073,2.4517,1.7483,3.21,3.85,29.2,8.0,316.0,18.3721,0.09,0.17,0.69,0.0,9.0,18.4091,24,21,1,Bournemouth,H,3,1.1466,1.4667,4.328,1.0,1.0,0.0,-0.1,-0.03,0.4901,0.7211,1.0161,0.2307,0.0,0.0,1.0,1.0,1.0
488464,Wiley,Chelsea,DEF,0,0,0,0,0.0,0.0,0.0,0.0,0.0,0.0,0.0,0.0,0.0,0.0,2.03,1.6073,2.4517,1.7483,0.0,0.0,0.0,0.0,0.0,0.0,0.0,0.0,0.0,0.0,0.0,0.0,0,21,1,Bournemouth,H,3,1.1466,1.4667,0.0,0.0,0.0,0.0,0.0,0.0,0.0,0.0,0.0,0.0,0.0,0.0,0.0,0.0,0.0
508479,Jørgensen,Chelsea,GK,540,6,0,0,0.0,0.0,0.0,0.0,0.0,0.0,0.0,0.0,0.0,0.0,2.03,1.6073,2.4517,1.7483,0.0,0.0,0.0,0.0,0.0,0.0,0.0,0.0,0.0,0.0,0.0,0.0,6,21,1,Bournemouth,H,3,1.1466,1.4667,3.199,1.0,0.99,0.9171,-0.1,-0.03,0.0,0.0,0.0,0.9135,-0.4917,0.0,1.0,1.0,0.99
428399,João Félix,Chelsea,MID,362,3,0,0,,,,,,,,,,,2.03,1.6073,2.4517,1.7483,,,,,,,,,,,,,3,21,1,Bournemouth,H,3,1.1466,1.4667,2.8989,1.0,1.0,0.0,-0.1,-0.03,0.0,0.2993,0.4988,0.2307,0.0,0.0001,1.0,1.0,1.0
547692,Rak-Sakyi,Chelsea,MID,0,0,0,0,,,,,,,,,,,2.03,1.6073,2.4517,1.7483,,,,,,,,,,,,,0,21,1,Bournemouth,H,3,1.1466,1.4667,0.0,0.0,0.0,0.0,0.0,0.0,0.0,0.0,0.0,0.0,0.0,0.0,0.0,0.0,0.0
550615,George,Chelsea,MID,177,1,0,0,0.0,0.0,0.0,0.0,0.0,0.0,0.0,0.0,0.0,0.0,2.03,1.6073,2.4517,1.7483,0.0,0.0,0.0,0.0,0.0,0.0,0.0,0.0,0.0,0.0,0.0,0.0,1,21,1,Bournemouth,H,3,1.1466,1.4667,3.1178,1.0,1.0,0.0,-0.1,-0.03,0.0,0.3811,0.6351,0.2307,0.0,0.0009,1.0,1.0,1.0
577016,Acheampong,Chelsea,DEF,168,2,0,0,5.0,0.0,0.0,10.26,0.0,5.0,0.0,0.0,10.26,0.0,2.03,1.6073,2.4517,1.7483,0.0,0.0,0.57,0.0,4.0,72.0,0.0,0.0,0.57,0.0,4.0,72.0,2,21,1,Bournemouth,H,3,1.1466,1.4667,2.9881,1.0,1.0,0.0,-0.1,-0.03,0.0,0.1589,0.3179,0.9227,-0.4967,0.2153,1.0,1.0,1.0
100048548,Maresca,Chelsea,UNK,0,0,0,0,,,,,,,,,,,2.03,1.6073,2.4517,1.7483,,,,,,,,,,,,,0,21,1,Bournemouth,H,3,1.1466,1.4667,0.0,0.0,0.0,0.0,0.0,0.0,0.0,0.0,0.0,0.0,0.0,0.0,0.0,0.0,0.0
609640,Amougou,Chelsea,MID,7,0,0,0,,,,,,,,,,,2.03,1.6073,2.4517,1.7483,,,,,,,,,,,,,0,21,1,Bournemouth,H,3,1.1466,1.4667,0.0063,0.0025,0.0016,0.0,-0.0003,-0.0001,0.0,0.0008,0.0014,0.0004,0.0,0.0,0.0025,0.0025,0.0016
622758,Anselmino,Chelsea,DEF,0,0,0,0,,,,,,,,,,,2.03,1.6073,2.4517,1.7483,,,,,,,,,,,,,0,21,1,Bournemouth,H,3,1.1466,1.4667,0.0,0.0,0.0,0.0,0.0,0.0,0.0,0.0,0.0,0.0,0.0,0.0,0.0,0.0,0.0
567119,Mheuka,Chelsea,FWD,1,0,0,0,,,,,,,,,,,2.03,1.6073,2.4517,1.7483,,,,,,,,,,,,,0,21,1,Bournemouth,H,3,1.1466,1.4667,0.001,0.0004,0.0002,0.0,-0.0,-0.0,0.0,0.0001,0.0003,0.0,0.0,0.0,0.0004,0.0004,0.0002
536238,Samuels-Smith,Chelsea,DEF,0,0,0,0,0.0,0.0,0.0,0.0,0.0,0.0,0.0,0.0,0.0,0.0,2.03,1.6073,2.4517,1.7483,0.0,0.0,0.0,0.0,0.0,0.0,0.0,0.0,0.0,0.0,0.0,0.0,0,21,1,Bournemouth,H,3,1.1466,1.4667,0.0,0.0,0.0,0.0,0.0,0.0,0.0,0.0,0.0,0.0,0.0,0.0,0.0,0.0,0.0
591382,Genesis Antwi,Chelsea,DEF,0,0,0,0,,,,,,,,,,,2.03,1.6073,2.4517,1.7483,,,,,,,,,,,,,0,21,1,Bournemouth,H,3,1.1466,1.4667,0.0,0.0,0.0,0.0,0.0,0.0,0.0,0.0,0.0,0.0,0.0,0.0,0.0,0.0,0.0
205533,Nketiah,Crystal Palace,FWD,1018,9,0,0,1065.0,0.393,0.0448,0.8628,0.4225,0.0,0.0,0.0,0.0,0.0,1.3095,1.4511,2.0417,1.175,4.65,0.53,10.21,5.0,206.0,17.4085,0.0,0.0,0.0,0.0,0.0,0.0,9,21,1,Leicester,A,1,0.7429,0.9802,3.5099,1.0,1.0,0.0,-0.1,-0.03,0.3381,0.1748,1.127,0.0,0.0,0.0,1.0,1.0,1.0
172850,Chilwell,Crystal Palace,DEF,254,1,0,0,752.0,0.1328,0.1939,1.496,0.2394,0.0,0.0,0.0,0.0,0.0,1.3095,1.4511,2.0417,1.175,1.11,1.62,12.5,2.0,123.0,14.7207,0.0,0.0,0.0,0.0,0.0,0.0,1,21,1,Leicester,A,1,0.7429,0.9802,4.0363,1.0,1.0,0.0,-0.1,-0.03,0.1916,0.3041,0.4445,1.5009,-0.2753,0.0004,1.0,1.0,1.0
466117,Ahamada,Crystal Palace,MID,0,0,0,0,332.0,0.1084,0.0325,2.4208,0.0,104.0,0.0779,0.0433,1.4885,0.0,1.3095,1.4511,2.0417,1.175,0.4,0.12,8.93,0.0,52.0,14.0964,0.09,0.05,1.7200000000000002,0.0,7.0,6.0577,0,21,1,Leicester,A,1,0.7429,0.9802,0.0,0.0,0.0,0.0,0.0,0.0,0.0,0.0,0.0,0.0,0.0,0.0,0.0,0.0,0.0
438464,C.Doucouré,Crystal Palace,MID,443,4,0,0,926.0,0.0272,0.0739,1.3374,0.0,6.0,0.0,0.0,0.0,0.0,1.3095,1.4511,2.0417,1.175,0.28,0.76,13.76,0.0,145.0,14.0929,0.0,0.0,0.0,0.0,4.0,60.0,4,21,1,Leicester,A,1,0.7429,0.9802,2.7302,1.0,1.0,0.0,-0.1,-0.03,0.0,0.2237,0.2613,0.3752,0.0,0.0,1.0,1.0,1.0
427623,C.Richards,Crystal Palace,DEF,1921,22,0,0,2174.0,0.0248,0.0075,1.4386,0.1656,623.0,0.0419,0.0058,1.0719,0.2889,1.3095,1.4511,2.0417,1.175,0.6,0.18,34.75,4.0,371.0,15.3588,0.29,0.04,7.42,2.0,137.0,19.7913,22,21,1,Leicester,A,1,0.7429,0.9802,3.4329,1.0,1.0,0.0,-0.1,-0.03,0.1566,0.0355,0.1451,1.5009,-0.2753,0.0,1.0,1.0,1.0
515621,Chadi Riad,Crystal Palace,DEF,90,1,0,0,0.0,0.0,0.0,0.0,0.0,0.0,0.0,0.0,0.0,0.0,1.3095,1.4511,2.0417,1.175,0.0,0.0,0.0,0.0,0.0,0.0,0.0,0.0,0.0,0.0,0.0,0.0,1,21,1,Leicester,A,1,0.7429,0.9802,3.4399,1.0,1.0,0.0,-0.1,-0.03,0.0,0.0944,0.1889,1.5009,-0.2753,0.061,1.0,1.0,1.0
57328,Clyne,Crystal Palace,DEF,477,5,0,0,1335.0,0.0142,0.0142,1.4596,0.0,527.0,0.029,0.0205,0.9956,0.0,1.3095,1.4511,2.0417,1.175,0.21,0.21,21.65,0.0,259.0,17.4607,0.1699999999999999,0.12,5.83,0.0,124.0,21.1765,5,21,1,Leicester,A,1,0.7429,0.9802,3.2762,1.0,1.0,0.0,-0.1,-0.03,0.0,0.0581,0.1223,1.5009,-0.2753,0.0,1.0,1.0,1.0
450535,Ebiowei,Crystal Palace,MID,0,0,0,0,0.0,0.0,0.0,0.0,0.0,0.0,0.0,0.0,0.0,0.0,1.3095,1.4511,2.0417,1.175,0.0,0.0,0.0,0.0,0.0,0.0,0.0,0.0,0.0,0.0,0.0,0.0,0,21,1,Leicester,A,1,0.7429,0.9802,0.0,0.0,0.0,0.0,0.0,0.0,0.0,0.0,0.0,0.0,0.0,0.0,0.0,0.0,0.0
232413,Eze,Crystal Palace,MID,2588,31,0,0,2144.0,0.4,0.2397,1.4264,0.4618,510.0,0.4871,0.24,1.0394,0.7059,1.3095,1.4511,2.0417,1.175,9.53,5.71,33.980000000000004,11.0,504.0,21.1567,2.76,1.36,5.890000000000001,4.0,158.0,27.8824,31,21,1,Leicester,A,1,0.7429,0.9802,4.3563,1.0,1.0,0.0,-0.1,-0.03,0.4142,0.4548,1.2421,0.3752,0.0,0.0,1.0,1.0,1.0
209036,Guéhi,Crystal Palace,DEF,3059,34,0,0,2110.0,0.0247,0.0435,1.4118,0.2559,197.0,0.0,0.0274,1.3614,0.0,1.3095,1.4511,2.0417,1.175,0.5800000000000001,1.02,33.1,6.0,406.0,17.3175,0.0,0.06,2.9800000000000004,0.0,46.0,21.0152,34,21,1,Leicester,A,1,0.7429,0.9802,3.4876,1.0,1.0,0.0,-0.1,-0.03,0.1745,0.0959,0.1215,1.5009,-0.2753,0.0,1.0,1.0,1.0
172649,Henderson,Crystal Palace,GK,3420,38,0,0,1710.0,0.0,0.0005,1.4768,0.1053,630.0,0.0,0.0,1.06,0.0,1.3095,1.4511,2.0417,1.175,0.0,0.01,28.06,2.0,298.0,15.6842,0.0,0.0,7.42,0.0,106.0,15.1429,38,21,1,Leicester,A,1,0.7429,0.9802,3.9338,1.0,0.99,0.7962,-0.1,-0.03,0.0636,0.0006,0.0,1.4859,-0.2725,0.0,1.0,1.0,0.99
156074,Holding,Crystal Palace,DEF,0,0,0,0,0.0,0.0,0.0,0.0,0.0,0.0,0.0,0.0,0.0,0.0,1.3095,1.4511,2.0417,1.175,0.0,0.0,0.0,0.0,0.0,0.0,0.0,0.0,0.0,0.0,0.0,0.0,0,21,1,Leicester,A,1,0.7429,0.9802,0.0,0.0,0.0,0.0,0.0,0.0,0.0,0.0,0.0,0.0,0.0,0.0,0.0,0.0,0.0
108413,Hughes,Crystal Palace,MID,2100,24,0,0,1969.0,0.0142,0.08,1.4819,0.0914,424.0,0.0297,0.0722,1.021,0.4245,1.3095,1.4511,2.0417,1.175,0.31,1.75,32.42,2.0,262.0,11.9756,0.14,0.34,4.81,2.0,75.0,15.9198,24,21,1,Leicester,A,1,0.7429,0.9802,2.7565,1.0,1.0,0.0,-0.1,-0.03,0.1301,0.206,0.1751,0.3752,0.0,0.0,1.0,1.0,1.0
209400,Kamada,Crystal Palace,MID,1545,15,0,0,69.0,0.0,0.0783,0.8348,0.0,69.0,0.0,0.0783,0.8348,0.0,1.3095,1.4511,2.0417,1.175,0.0,0.06,0.64,0.0,2.0,2.6087,0.0,0.06,0.64,0.0,2.0,2.6087,15,21,1,Leicester,A,1,0.7429,0.9802,3.0507,1.0,1.0,0.0,-0.1,-0.03,0.0,0.3149,0.4896,0.3752,0.0,0.0009,1.0,1.0,1.0
152551,Lerma,Crystal Palace,MID,2270,26,0,0,2415.0,0.0973,0.0783,1.4575,0.1491,30.0,0.0,0.96,2.85,0.0,1.3095,1.4511,2.0417,1.175,2.61,2.1,39.11,4.0,345.0,12.8571,0.0,0.32,0.95,0.0,12.0,36.0,26,21,1,Leicester,A,1,0.7429,0.9802,2.986,1.0,1.0,0.0,-0.1,-0.03,0.1151,0.2516,0.374,0.3752,0.0,0.0,1.0,1.0,1.0
231747,Mateta,Crystal Palace,FWD,2642,33,0,0,2319.0,0.4207,0.0508,1.5897,0.8538,480.0,0.7406,0.0394,1.0875,2.25,1.3095,1.4511,2.0417,1.175,10.84,1.31,40.96,22.0,564.0,21.8887,3.95,0.21,5.800000000000001,12.0,271.0,50.8125,33,21,1,Leicester,A,1,0.7429,0.9802,4.1644,1.0,1.0,0.0,-0.1,-0.03,0.9335,0.1376,1.2234,0.0,0.0,0.0,1.0,1.0,1.0
536694,M.França,Crystal Palace,MID,52,0,0,0,224.0,0.1326,0.1848,1.4022,0.0,0.0,0.0,0.0,0.0,0.0,1.3095,1.4511,2.0417,1.175,0.33,0.4600000000000001,3.49,0.0,47.0,18.8839,0.0,0.0,0.0,0.0,0.0,0.0,0,21,1,Leicester,A,1,0.7429,0.9802,0.0435,0.0182,0.0122,0.0,-0.0018,-0.0005,0.0,0.0044,0.0066,0.0046,0.0,0.0,0.0182,0.0182,0.0122
169593,Matthews,Crystal Palace,GK,0,0,0,0,3.0,0.0,0.0,2.1,0.0,0.0,0.0,0.0,0.0,0.0,1.3095,1.4511,2.0417,1.175,0.0,0.0,0.07,0.0,3.0,90.0,0.0,0.0,0.0,0.0,0.0,0.0,0,21,1,Leicester,A,1,0.7429,0.9802,0.0,0.0,0.0,0.0,0.0,0.0,0.0,0.0,0.0,0.0,0.0,0.0,0.0,0.0,0.0
244723,Mitchell,Crystal Palace,DEF,3090,37,0,0,3294.0,0.038,0.0661,1.4325,0.2732,603.0,0.1209,0.0836,1.0463,0.0,1.3095,1.4511,2.0417,1.175,1.39,2.42,52.43,10.0,596.0,16.2842,0.81,0.56,7.01,0.0,125.0,18.6567,37,21,1,Leicester,A,1,0.7429,0.9802,3.6349,1.0,1.0,0.0,-0.1,-0.03,0.1658,0.1388,0.2348,1.5009,-0.2753,0.0,1.0,1.0,1.0
247348,Muñoz,Crystal Palace,DEF,3229,37,0,0,1530.0,0.0741,0.0753,1.2529,0.1765,630.0,0.07,0.13,1.0257,0.2857,1.3095,1.4511,2.0417,1.175,1.26,1.28,21.3,3.0,281.0,16.5294,0.49,0.91,7.18,2.0,144.0,20.5714,37,21,1,Leicester,A,1,0.7429,0.9802,3.7153,1.0,1.0,0.0,-0.1,-0.03,0.1626,0.1686,0.2884,1.5009,-0.2753,0.0,1.0,1.0,1.0
531989,Ozoh,Crystal Palace,MID,0,0,0,0,148.0,0.0,0.0061,1.8608,0.0,0.0,0.0,0.0,0.0,0.0,1.3095,1.4511,2.0417,1.175,0.0,0.01,3.06,0.0,27.0,16.4189,0.0,0.0,0.0,0.0,0.0,0.0,0,21,1,Leicester,A,1,0.7429,0.9802,0.0,0.0,0.0,0.0,0.0,0.0,0.0,0.0,0.0,0.0,0.0,0.0,0.0,0.0,0.0
450542,Rak-Sakyi,Crystal Palace,MID,0,0,0,0,132.0,0.2795,0.0955,2.1886,0.0,0.0,0.0,0.0,0.0,0.0,1.3095,1.4511,2.0417,1.175,0.41,0.14,3.21,0.0,21.0,14.3182,0.0,0.0,0.0,0.0,0.0,0.0,0,21,1,Leicester,A,1,0.7429,0.9802,0.0,0.0,0.0,0.0,0.0,0.0,0.0,0.0,0.0,0.0,0.0,0.0,0.0,0.0,0.0
86417,Schlupp,Crystal Palace,MID,95,0,0,0,1340.0,0.1142,0.0947,1.5085,0.2687,37.0,0.1946,0.0486,1.2649,7.2973,1.3095,1.4511,2.0417,1.175,1.7,1.41,22.46,4.0,201.0,13.5,0.08,0.02,0.52,3.0,41.0,99.7297,0,21,1,Leicester,A,1,0.7429,0.9802,0.0904,0.0333,0.0222,0.0,-0.0033,-0.001,0.0151,0.0054,0.0104,0.0083,0.0,0.0,0.0333,0.0333,0.0222
55494,Ward,Crystal Palace,DEF,71,1,0,0,1978.0,0.04,0.0114,1.4087,0.0,3.0,0.0,0.0,9.0,0.0,1.3095,1.4511,2.0417,1.175,0.88,0.25,30.96,0.0,304.0,13.8322,0.0,0.0,0.3,0.0,6.0,180.0,1,21,1,Leicester,A,1,0.7429,0.9802,3.0788,1.0,0.9111,0.0,-0.1,-0.03,0.0,0.0337,0.1473,1.3675,-0.2508,0.0,1.0,1.0,0.9111
496221,Wharton,Crystal Palace,MID,1314,16,0,0,1369.0,0.0309,0.0999,1.228,0.263,571.0,0.0347,0.0867,0.9646,0.4729,1.3095,1.4511,2.0417,1.175,0.47,1.52,18.68,4.0,240.0,15.7779,0.22,0.55,6.12,3.0,103.0,16.2347,16,21,1,Leicester,A,1,0.7429,0.9802,2.9517,1.0,1.0,0.0,-0.1,-0.03,0.2504,0.229,0.2271,0.3752,0.0,0.0,1.0,1.0,1.0
224068,Turner,Crystal Palace,GK,0,0,0,0,1530.0,0.0,0.0,1.4959,0.0,0.0,0.0,0.0,0.0,0.0,1.3095,1.4511,2.0417,1.175,0.0,0.0,25.43,0.0,278.0,16.3529,0.0,0.0,0.0,0.0,0.0,0.0,0,21,1,Leicester,A,1,0.7429,0.9802,0.0,0.0,0.0,0.0,0.0,0.0,0.0,0.0,0.0,0.0,0.0,0.0,0.0,0.0,0.0
232185,I.Sarr,Crystal Palace,MID,2708,30,0,0,6.0,0.0,0.0,0.0,0.0,6.0,0.0,0.0,0.0,0.0,1.3095,1.4511,2.0417,1.175,0.0,0.0,0.0,0.0,3.0,45.0,0.0,0.0,0.0,0.0,3.0,45.0,30,21,1,Leicester,A,1,0.7429,0.9802,3.1282,1.0,1.0,0.0,-0.1,-0.03,0.0,0.3303,0.5506,0.3752,0.0,0.0021,1.0,1.0,1.0
574398,Umeh-Chibueze,Crystal Palace,MID,0,0,0,0,0.0,0.0,0.0,0.0,0.0,0.0,0.0,0.0,0.0,0.0,1.3095,1.4511,2.0417,1.175,0.0,0.0,0.0,0.0,0.0,0.0,0.0,0.0,0.0,0.0,0.0,0.0,0,21,1,Leicester,A,1,0.7429,0.9802,0.0,0.0,0.0,0.0,0.0,0.0,0.0,0.0,0.0,0.0,0.0,0.0,0.0,0.0,0.0
489706,Devenny,Crystal Palace,MID,494,4,0,0,,,,,,,,,,,1.3095,1.4511,2.0417,1.175,,,,,,,,,,,,,4,21,1,Leicester,A,1,0.7429,0.9802,2.6937,1.0,1.0,0.0,-0.1,-0.03,0.0,0.1682,0.2803,0.3752,0.0,0.0,1.0,1.0,1.0
579075,Agbinone,Crystal Palace,MID,4,0,0,0,,,,,,,,,,,1.3095,1.4511,2.0417,1.175,,,,,,,,,,,,,0,21,1,Leicester,A,1,0.7429,0.9802,0.0033,0.0014,0.0009,0.0,-0.0001,-0.0,0.0,0.0003,0.0005,0.0003,0.0,0.0,0.0014,0.0014,0.0009
530318,Rodney,Crystal Palace,MID,0,0,0,0,0.0,0.0,0.0,0.0,0.0,0.0,0.0,0.0,0.0,0.0,1.3095,1.4511,2.0417,1.175,0.0,0.0,0.0,0.0,0.0,0.0,0.0,0.0,0.0,0.0,0.0,0.0,0,21,1,Leicester,A,1,0.7429,0.9802,0.0,0.0,0.0,0.0,0.0,0.0,0.0,0.0,0.0,0.0,0.0,0.0,0.0,0.0,0.0
437499,Lacroix,Crystal Palace,DEF,3116,35,0,0,,,,,,,,,,,1.3095,1.4511,2.0417,1.175,,,,,,,,,,,,,35,21,1,Leicester,A,1,0.7429,0.9802,3.1414,1.0,1.0,0.0,-0.1,-0.03,0.0,0.0152,0.0305,1.5009,-0.2753,0.0,1.0,1.0,1.0
590012,Kporha,Crystal Palace,DEF,11,0,0,0,,,,,,,,,,,1.3095,1.4511,2.0417,1.175,,,,,,,,,,,,,0,21,1,Leicester,A,1,0.7429,0.9802,0.01,0.0039,0.0026,0.0,-0.0004,-0.0001,0.0,0.0003,0.0006,0.0039,-0.0007,0.0,0.0039,0.0039,0.0026
576980,Marsh,Crystal Palace,FWD,0,0,0,0,,,,,,,,,,,1.3095,1.4511,2.0417,1.175,,,,,,,,,,,,,0,21,1,Leicester,A,1,0.7429,0.9802,0.0,0.0,0.0,0.0,0.0,0.0,0.0,0.0,0.0,0.0,0.0,0.0,0.0,0.0,0.0
606921,Esse,Crystal Palace,MID,138,1,0,0,,,,,,,,,,,1.3095,1.4511,2.0417,1.175,,,,,,,,,,,,,1,21,1,Leicester,A,1,0.7429,0.9802,2.9443,1.0,1.0,0.0,-0.1,-0.03,0.0,0.262,0.4367,0.3752,0.0,0.0004,1.0,1.0,1.0
100044409,Glasner,Crystal Palace,UNK,0,0,0,0,,,,,,,,,,,1.3095,1.4511,2.0417,1.175,,,,,,,,,,,,,0,21,1,Leicester,A,1,0.7429,0.9802,0.0,0.0,0.0,0.0,0.0,0.0,0.0,0.0,0.0,0.0,0.0,0.0,0.0,0.0,0.0
440323,Broja,Everton,FWD,327,4,0,0,529.0,0.3811,0.0391,1.4291,0.0,28.0,0.0,0.0,4.5643,0.0,1.4829,1.5395,1.1433,1.47,2.24,0.23,8.4,0.0,72.0,12.2495,0.0,0.0,1.4200000000000002,0.0,4.0,12.8571,4,21,1,Aston Villa,H,3,1.139,1.5256,3.6466,1.0,1.0,0.0,-0.1,-0.03,0.0,0.2893,1.4873,0.0,0.0,0.0,1.0,1.0,1.0
121599,A.Doucoure,Everton,MID,2563,31,0,0,2694.0,0.2953,0.0508,1.4496,0.2339,543.0,0.3464,0.0481,1.4171,0.0,1.4829,1.5395,1.1433,1.47,8.84,1.52,43.39,7.0,337.0,11.2584,2.09,0.29,8.55,0.0,64.0,10.6077,31,21,1,Aston Villa,H,3,1.139,1.5256,3.9553,1.0,1.0,0.0,-0.1,-0.03,0.1976,0.2157,1.4545,0.2175,0.0,0.0,1.0,1.0,1.0
486385,Beto,Everton,FWD,1521,15,0,0,957.0,0.6075,0.0282,1.7097,0.2821,58.0,0.0,0.0466,0.8845,0.0,1.4829,1.5395,1.1433,1.47,6.46,0.3,18.18,3.0,107.0,10.0627,0.0,0.03,0.5700000000000001,0.0,9.0,13.9655,15,21,1,Aston Villa,H,3,1.139,1.5256,4.6481,1.0,1.0,0.0,-0.1,-0.03,0.2918,0.2474,2.239,0.0,0.0,0.0,1.0,1.0,1.0
480455,Branthwaite,Everton,DEF,2509,28,0,0,3116.0,0.0468,0.0373,1.4277,0.2888,540.0,0.0283,0.0333,1.3733,0.5,1.4829,1.5395,1.1433,1.47,1.62,1.29,49.43,10.0,621.0,17.9365,0.1699999999999999,0.2,8.24,3.0,142.0,23.6667,28,21,1,Aston Villa,H,3,1.139,1.5256,3.017,1.0,1.0,0.0,-0.1,-0.03,0.3727,0.1314,0.2975,0.87,-0.5246,0.0,1.0,1.0,1.0
177815,Calvert-Lewin,Everton,FWD,1602,19,0,0,2241.0,0.5165,0.0639,1.3361,0.3614,462.0,0.4052,0.1519,1.3539,0.3896,1.4829,1.5395,1.1433,1.47,12.86,1.59,33.27,9.0,264.0,10.6024,2.08,0.78,6.95,2.0,79.0,15.3896,19,21,1,Aston Villa,H,3,1.139,1.5256,4.5581,1.0,1.0,0.0,-0.1,-0.03,0.4053,0.3122,1.9705,0.0,0.0,0.0,1.0,1.0,1.0
59949,Coleman,Everton,DEF,214,3,0,0,661.0,0.0,0.0953,1.4269,0.4085,203.0,0.0,0.0089,1.7335,0.4433,1.4829,1.5395,1.1433,1.47,0.0,0.7000000000000001,10.48,3.0,141.0,19.1982,0.0,0.02,3.91,1.0,37.0,16.4039,3,21,1,Aston Villa,H,3,1.139,1.5256,2.8698,1.0,0.9185,0.0,-0.1,-0.03,0.4561,0.1829,0.124,0.7991,-0.4819,0.0011,1.0,1.0,0.9185
80801,Gana,Everton,MID,3063,35,0,0,1975.0,0.0579,0.0378,1.4054,0.4557,590.0,0.0366,0.0366,1.3836,1.2203,1.4829,1.5395,1.1433,1.47,1.27,0.83,30.84,10.0,343.0,15.6304,0.24,0.24,9.07,8.0,140.0,21.3559,35,21,1,Aston Villa,H,3,1.139,1.5256,3.4222,1.0,1.0,0.0,-0.1,-0.03,0.7048,0.2119,0.418,0.2175,0.0,0.0,1.0,1.0,1.0
232928,Garner,Everton,MID,1590,17,0,0,3001.0,0.0786,0.1125,1.4578,0.09,437.0,0.0803,0.0597,1.4664,0.0,1.4829,1.5395,1.1433,1.47,2.62,3.75,48.61,3.0,421.0,12.6258,0.39,0.29,7.12,0.0,46.0,9.4737,17,21,1,Aston Villa,H,3,1.139,1.5256,3.0574,1.0,1.0,0.0,-0.1,-0.03,0.0778,0.3738,0.5184,0.2175,0.0,0.0,1.0,1.0,1.0
221399,Harrison,Everton,MID,2068,24,0,0,2296.0,0.1497,0.1286,1.3919,0.196,444.0,0.0953,0.2108,1.2304,0.0,1.4829,1.5395,1.1433,1.47,3.82,3.28,35.51,5.0,301.0,11.7988,0.47,1.04,6.07,0.0,48.0,9.7297,24,21,1,Aston Villa,H,3,1.139,1.5256,3.5037,1.0,1.0,0.0,-0.1,-0.03,0.1691,0.4816,0.7655,0.2175,0.0,0.0,1.0,1.0,1.0
194164,Holgate,Everton,DEF,5,0,0,0,716.0,0.0691,0.0251,2.4486,0.0,182.0,0.1038,0.0,3.0115,0.0,1.4829,1.5395,1.1433,1.47,0.55,0.2,19.48,0.0,68.0,8.5475,0.21,0.0,6.09,0.0,10.0,4.9451,0,21,1,Aston Villa,H,3,1.139,1.5256,0.0038,0.0018,0.0012,0.0,-0.0002,-0.0001,0.0,0.0001,0.0005,0.001,-0.0006,0.0,0.0018,0.0018,0.0012
490094,Iroegbunam,Everton,MID,562,5,0,0,247.0,0.051,0.0036,2.3247,0.0,127.0,0.0992,0.0071,1.4669,0.0,1.4829,1.5395,1.1433,1.47,0.14,0.01,6.38,0.0,35.0,12.753,0.14,0.01,2.07,0.0,9.0,6.378,5,21,1,Aston Villa,H,3,1.139,1.5256,3.1264,1.0,1.0,0.0,-0.1,-0.03,0.0,0.3537,0.6845,0.2175,0.0,0.0007,1.0,1.0,1.0
222627,J.Virginia,Everton,GK,0,0,0,0,0.0,0.0,0.0,0.0,0.0,0.0,0.0,0.0,0.0,0.0,1.4829,1.5395,1.1433,1.47,0.0,0.0,0.0,0.0,0.0,0.0,0.0,0.0,0.0,0.0,0.0,0.0,0,21,1,Aston Villa,H,3,1.139,1.5256,0.0,0.0,0.0,0.0,0.0,0.0,0.0,0.0,0.0,0.0,0.0,0.0,0.0,0.0,0.0
106611,Keane,Everton,DEF,1046,11,0,0,527.0,0.0973,0.012,2.0903,0.3416,91.0,0.0099,0.0099,1.4143,0.0,1.4829,1.5395,1.1433,1.47,0.57,0.07,12.24,2.0,72.0,12.296,0.01,0.01,1.43,0.0,3.0,2.967,11,21,1,Aston Villa,H,3,1.139,1.5256,3.151,1.0,1.0,0.0,-0.1,-0.03,0.3434,0.1064,0.4754,0.87,-0.5246,0.0105,1.0,1.0,1.0
115382,Maupay,Everton,FWD,0,0,0,0,1417.0,0.4376,0.1264,1.6742,0.3811,24.0,0.1125,0.0375,3.7875,0.0,1.4829,1.5395,1.1433,1.47,6.89,1.99,26.36,6.0,248.0,15.7516,0.03,0.01,1.01,0.0,-1.0,-3.75,0,21,1,Aston Villa,H,3,1.139,1.5256,0.0,0.0,0.0,0.0,0.0,0.0,0.0,0.0,0.0,0.0,0.0,0.0,0.0,0.0,0.0
433154,McNeil,Everton,MID,1366,15,0,0,2981.0,0.0984,0.2433,1.4036,0.2415,608.0,0.0562,0.265,1.3885,0.2961,1.4829,1.5395,1.1433,1.47,3.26,8.06,46.49,8.0,523.0,15.79,0.38,1.79,9.38,2.0,130.0,19.2434,15,21,1,Aston Villa,H,3,1.139,1.5256,3.7224,1.0,1.0,0.0,-0.1,-0.03,0.2809,0.7914,0.5627,0.2175,0.0,0.0,1.0,1.0,1.0
224967,Mykolenko,Everton,DEF,3082,35,0,0,2559.0,0.0524,0.0376,1.456,0.3165,225.0,0.008,0.008,1.428,0.0,1.4829,1.5395,1.1433,1.47,1.4900000000000002,1.07,41.4,9.0,447.0,15.721,0.02,0.02,3.5700000000000003,0.0,27.0,10.8,35,21,1,Aston Villa,H,3,1.139,1.5256,2.9383,1.0,1.0,0.0,-0.1,-0.03,0.2934,0.1206,0.3089,0.87,-0.5246,0.0,1.0,1.0,1.0
440993,Ndiaye,Everton,FWD,2426,29,0,0,27.0,0.0,0.0,1.0,0.0,27.0,0.0,0.0,1.0,0.0,1.4829,1.5395,1.1433,1.47,0.0,0.0,0.3,0.0,3.0,10.0,0.0,0.0,0.3,0.0,3.0,10.0,29,21,1,Aston Villa,H,3,1.139,1.5256,3.7283,1.0,1.0,0.0,-0.1,-0.03,0.0,0.452,1.4062,0.0,0.0,0.0,1.0,1.0,1.0
243571,Patterson,Everton,DEF,342,3,0,0,1000.0,0.0306,0.0927,1.854,0.27,0.0,0.0,0.0,0.0,0.0,1.4829,1.5395,1.1433,1.47,0.3399999999999999,1.03,20.6,3.0,187.0,16.83,0.0,0.0,0.0,0.0,0.0,0.0,3,21,1,Aston Villa,H,3,1.139,1.5256,3.035,1.0,1.0,0.0,-0.1,-0.03,0.2977,0.2681,0.2533,0.87,-0.5246,0.0006,1.0,1.0,1.0
111234,Pickford,Everton,GK,3420,38,0,0,3510.0,0.0,0.0123,1.4728,0.5641,630.0,0.0,0.01,1.3814,1.1429,1.4829,1.5395,1.1433,1.47,0.0,0.48,57.44,22.0,736.0,18.8718,0.0,0.07,9.67,8.0,155.0,22.1429,38,21,1,Aston Villa,H,3,1.139,1.5256,3.9819,1.0,0.99,0.9677,-0.1,-0.03,0.7783,0.034,0.0,0.8613,-0.5194,0.0,1.0,1.0,0.99
17761,Tarkowski,Everton,DEF,2922,33,0,0,3510.0,0.0656,0.0685,1.4633,0.2564,630.0,0.03,0.0243,1.3814,0.5714,1.4829,1.5395,1.1433,1.47,2.56,2.67,57.07,10.0,645.0,16.5385,0.21,0.1699999999999999,9.67,4.0,132.0,18.8571,33,21,1,Aston Villa,H,3,1.139,1.5256,3.1485,1.0,1.0,0.0,-0.1,-0.03,0.3678,0.19,0.3754,0.87,-0.5246,0.0,1.0,1.0,1.0
491012,Y. Chermiti,Everton,FWD,42,0,0,0,196.0,0.3398,0.1378,2.3143,0.0,128.0,0.1125,0.1828,1.7719,0.0,1.4829,1.5395,1.1433,1.47,0.74,0.3,5.04,0.0,28.0,12.8571,0.16,0.26,2.52,0.0,11.0,7.7344,0,21,1,Aston Villa,H,3,1.139,1.5256,0.0427,0.0147,0.0098,0.0,-0.0015,-0.0004,0.0,0.005,0.0152,0.0,0.0,0.0,0.0147,0.0147,0.0098
18892,Young,Everton,DEF,1864,19,0,0,2342.0,0.0257,0.0646,1.4972,0.1153,536.0,0.0067,0.042,1.3097,0.1679,1.4829,1.5395,1.1433,1.47,0.67,1.6800000000000002,38.96,3.0,365.0,14.0265,0.04,0.25,7.800000000000001,1.0,90.0,15.1119,19,21,1,Aston Villa,H,3,1.139,1.5256,2.7381,1.0,1.0,0.0,-0.1,-0.03,0.1406,0.1962,0.1859,0.87,-0.5246,0.0,1.0,1.0,1.0
502697,Alcaraz,Everton,MID,766,7,0,0,9.0,0.7,0.3,0.0,0.0,9.0,0.7,0.3,0.0,0.0,1.4829,1.5395,1.1433,1.47,0.07,0.03,0.0,0.0,4.0,40.0,0.07,0.03,0.0,0.0,4.0,40.0,7,21,1,Aston Villa,H,3,1.139,1.5256,3.5274,1.0,1.0,0.0,-0.1,-0.03,0.0,0.5216,0.9096,0.2175,0.0,0.0087,1.0,1.0,1.0
463903,Lindstrøm,Everton,MID,1229,15,0,0,0.0,0.0,0.0,0.0,0.0,0.0,0.0,0.0,0.0,0.0,1.4829,1.5395,1.1433,1.47,0.0,0.0,0.0,0.0,0.0,0.0,0.0,0.0,0.0,0.0,0.0,0.0,15,21,1,Aston Villa,H,3,1.139,1.5256,2.4473,1.0,1.0,0.0,-0.1,-0.03,0.0,0.1349,0.2249,0.2175,0.0,0.0,1.0,1.0,1.0
512462,O'Brien,Everton,DEF,1568,17,0,0,0.0,0.0,0.0,0.0,0.0,0.0,0.0,0.0,0.0,0.0,1.4829,1.5395,1.1433,1.47,0.0,0.0,0.0,0.0,0.0,0.0,0.0,0.0,0.0,0.0,0.0,0.0,17,21,1,Aston Villa,H,3,1.139,1.5256,2.3393,1.0,1.0,0.0,-0.1,-0.03,0.0,0.0413,0.0826,0.87,-0.5246,0.0,1.0,1.0,1.0
609873,Armstrong,Everton,MID,47,0,0,0,0.0,0.0,0.0,0.0,0.0,0.0,0.0,0.0,0.0,0.0,1.4829,1.5395,1.1433,1.47,0.0,0.0,0.0,0.0,0.0,0.0,0.0,0.0,0.0,0.0,0.0,0.0,0,21,1,Aston Villa,H,3,1.139,1.5256,0.0415,0.0165,0.011,0.0,-0.0016,-0.0005,0.0,0.0052,0.0086,0.0024,0.0,0.0,0.0165,0.0165,0.011
491557,Metcalfe,Everton,MID,0,0,0,0,0.0,0.0,0.0,0.0,0.0,0.0,0.0,0.0,0.0,0.0,1.4829,1.5395,1.1433,1.47,0.0,0.0,0.0,0.0,0.0,0.0,0.0,0.0,0.0,0.0,0.0,0.0,0,21,1,Aston Villa,H,3,1.139,1.5256,0.0,0.0,0.0,0.0,0.0,0.0,0.0,0.0,0.0,0.0,0.0,0.0,0.0,0.0,0.0
40349,Begovic,Everton,GK,0,0,0,0,,,,,,,,,,,1.4829,1.5395,1.1433,1.47,,,,,,,,,,,,,0,21,1,Aston Villa,H,3,1.139,1.5256,0.0,0.0,0.0,0.0,0.0,0.0,0.0,0.0,0.0,0.0,0.0,0.0,0.0,0.0,0.0
496178,Dixon,Everton,DEF,90,1,0,0,,,,,,,,,,,1.4829,1.5395,1.1433,1.47,,,,,,,,,,,,,1,21,1,Aston Villa,H,3,1.139,1.5256,2.8213,1.0,1.0,0.0,-0.1,-0.03,0.0,0.1448,0.2896,0.87,-0.5246,0.1716,1.0,1.0,1.0
179519,Mangala,Everton,MID,1257,14,0,0,1562.0,0.0444,0.0161,1.4117,0.0,0.0,0.0,0.0,0.0,0.0,1.4829,1.5395,1.1433,1.47,0.77,0.28,24.5,0.0,186.0,10.717,0.0,0.0,0.0,0.0,0.0,0.0,14,21,1,Aston Villa,H,3,1.139,1.5256,2.6508,1.0,1.0,0.0,-0.1,-0.03,0.0,0.1656,0.3977,0.2175,0.0,0.0,1.0,1.0,1.0
547801,Bates,Everton,MID,0,0,0,0,,,,,,,,,,,1.4829,1.5395,1.1433,1.47,,,,,,,,,,,,,0,21,1,Aston Villa,H,3,1.139,1.5256,0.0,0.0,0.0,0.0,0.0,0.0,0.0,0.0,0.0,0.0,0.0,0.0,0.0,0.0,0.0
536241,Sherif,Everton,FWD,0,0,0,0,,,,,,,,,,,1.4829,1.5395,1.1433,1.47,,,,,,,,,,,,,0,21,1,Aston Villa,H,3,1.139,1.5256,0.0,0.0,0.0,0.0,0.0,0.0,0.0,0.0,0.0,0.0,0.0,0.0,0.0,0.0,0.0
100000084,Moyes,Everton,UNK,0,0,0,0,,,,,,,,,,,1.4829,1.5395,1.1433,1.47,,,,,,,,,,,,,0,21,1,Aston Villa,H,3,1.139,1.5256,0.0,0.0,0.0,0.0,0.0,0.0,0.0,0.0,0.0,0.0,0.0,0.0,0.0,0.0,0.0
496279,Heath,Everton,MID,0,0,0,0,,,,,,,,,,,1.4829,1.5395,1.1433,1.47,,,,,,,,,,,,,0,21,1,Aston Villa,H,3,1.139,1.5256,0.0,0.0,0.0,0.0,0.0,0.0,0.0,0.0,0.0,0.0,0.0,0.0,0.0,0.0,0.0
504296,Coby Ebere,Everton,MID,0,0,0,0,,,,,,,,,,,1.4829,1.5395,1.1433,1.47,,,,,,,,,,,,,0,21,1,Aston Villa,H,3,1.139,1.5256,0.0,0.0,0.0,0.0,0.0,0.0,0.0,0.0,0.0,0.0,0.0,0.0,0.0,0.0,0.0
474907,Welch,Everton,DEF,0,0,0,0,,,,,,,,,,,1.4829,1.5395,1.1433,1.47,,,,,,,,,,,,,0,21,1,Aston Villa,H,3,1.139,1.5256,0.0,0.0,0.0,0.0,0.0,0.0,0.0,0.0,0.0,0.0,0.0,0.0,0.0,0.0,0.0
200641,Nelson,Fulham,MID,483,5,0,0,256.0,0.0633,0.1512,0.7664,0.0,0.0,0.0,0.0,0.0,0.0,1.3336,1.9113,0.7917,1.8733,0.18,0.43,2.18,0.0,58.0,20.3906,0.0,0.0,0.0,0.0,0.0,0.0,5,21,1,West Ham,A,2,1.1757,1.8228,3.2716,1.0,1.0,0.0,-0.1,-0.03,0.0,0.5305,0.7092,0.1616,0.0,0.0003,1.0,1.0,1.0
209289,Smith Rowe,Fulham,MID,2036,25,0,0,406.0,0.4123,0.0887,0.798,0.0,84.0,0.2679,0.0107,1.6071,0.0,1.3336,1.9113,0.7917,1.8733,1.86,0.4,3.6,0.0,84.0,18.6207,0.25,0.01,1.5,0.0,12.0,12.8571,25,21,1,West Ham,A,2,1.1757,1.8228,3.7893,1.0,1.0,0.0,-0.1,-0.03,0.0,0.3854,1.3722,0.1616,0.0,0.0,1.0,1.0,1.0
174874,Andersen,Fulham,DEF,2673,30,0,0,3506.0,0.0459,0.0539,1.4196,0.308,626.0,0.0604,0.0676,1.0668,0.1438,1.3336,1.9113,0.7917,1.8733,1.79,2.1,55.3,12.0,682.0,17.5071,0.42,0.47,7.42,1.0,128.0,18.4026,30,21,1,West Ham,A,2,1.1757,1.8228,2.6928,1.0,1.0,0.0,-0.1,-0.03,0.3024,0.1961,0.3459,0.6463,-0.6679,0.0,1.0,1.0,1.0
159533,Adama,Fulham,MID,1756,18,0,0,440.0,0.3252,0.1841,2.6284,0.2045,231.0,0.1169,0.1052,2.0688,0.3896,1.3336,1.9113,0.7917,1.8733,1.59,0.9,12.85,1.0,118.0,24.1364,0.3,0.27,5.3100000000000005,1.0,48.0,18.7013,18,21,1,West Ham,A,2,1.1757,1.8228,4.114,1.0,1.0,0.0,-0.1,-0.03,0.2646,0.5629,1.2549,0.1616,0.0,0.0001,1.0,1.0,1.0
156689,Andreas,Fulham,MID,2004,25,0,0,2701.0,0.1506,0.1959,1.4888,0.2332,411.0,0.0482,0.1445,1.4518,0.0,1.3336,1.9113,0.7917,1.8733,4.52,5.88,44.68,7.0,474.0,15.7942,0.22,0.66,6.630000000000001,0.0,50.0,10.9489,25,21,1,West Ham,A,2,1.1757,1.8228,3.4959,1.0,1.0,0.0,-0.1,-0.03,0.2077,0.5611,0.6955,0.1616,0.0,0.0,1.0,1.0,1.0
232892,Bassey,Fulham,DEF,3074,34,0,0,2389.0,0.0177,0.0072,1.6297,0.1507,540.0,0.0167,0.0067,1.7417,0.0,1.3336,1.9113,0.7917,1.8733,0.47,0.19,43.26,4.0,447.0,16.8397,0.1,0.04,10.45,0.0,85.0,14.1667,34,21,1,West Ham,A,2,1.1757,1.8228,2.2045,1.0,1.0,0.0,-0.1,-0.03,0.1304,0.0558,0.1699,0.6463,-0.6679,0.0,1.0,1.0,1.0
428971,Benda,Fulham,GK,0,0,0,0,0.0,0.0,0.0,0.0,0.0,0.0,0.0,0.0,0.0,0.0,1.3336,1.9113,0.7917,1.8733,0.0,0.0,0.0,0.0,0.0,0.0,0.0,0.0,0.0,0.0,0.0,0.0,0,21,1,West Ham,A,2,1.1757,1.8228,0.0,0.0,0.0,0.0,0.0,0.0,0.0,0.0,0.0,0.0,0.0,0.0,0.0,0.0,0.0
76357,Cairney,Fulham,MID,610,3,0,0,1498.0,0.0619,0.158,1.8306,0.1202,125.0,0.0576,0.1656,2.5632,0.0,1.3336,1.9113,0.7917,1.8733,1.03,2.6300000000000003,30.47,2.0,348.0,20.9079,0.08,0.23,3.56,0.0,16.0,11.52,3,21,1,West Ham,A,2,1.1757,1.8228,3.2062,1.0,1.0,0.0,-0.1,-0.03,0.1207,0.5518,0.5021,0.1616,0.0,0.0,1.0,1.0,1.0
166477,Castagne,Fulham,DEF,1642,17,0,0,2630.0,0.0441,0.0705,1.4054,0.2395,361.0,0.0474,0.1197,1.4734,0.2493,1.3336,1.9113,0.7917,1.8733,1.29,2.06,41.07,7.0,510.0,17.4525,0.19,0.48,5.91,1.0,77.0,19.1967,17,21,1,West Ham,A,2,1.1757,1.8228,2.7071,1.0,1.0,0.0,-0.1,-0.03,0.2726,0.2634,0.3227,0.6463,-0.6679,0.0,1.0,1.0,1.0
219924,Diop,Fulham,DEF,1334,15,0,0,1513.0,0.0155,0.025,2.1194,0.1785,360.0,0.02,0.005,2.0275,0.0,1.3336,1.9113,0.7917,1.8733,0.26,0.42,35.63,3.0,272.0,16.1798,0.08,0.02,8.110000000000001,0.0,53.0,13.25,15,21,1,West Ham,A,2,1.1757,1.8228,2.2912,1.0,1.0,0.0,-0.1,-0.03,0.1612,0.1015,0.18,0.6463,-0.6679,0.0001,1.0,1.0,1.0
515024,Harris,Fulham,MID,0,0,0,0,74.0,0.3405,0.0122,2.7486,0.0,0.0,0.0,0.0,0.0,0.0,1.3336,1.9113,0.7917,1.8733,0.28,0.01,2.26,0.0,2.0,2.4324,0.0,0.0,0.0,0.0,0.0,0.0,0,21,1,West Ham,A,2,1.1757,1.8228,0.0,0.0,0.0,0.0,0.0,0.0,0.0,0.0,0.0,0.0,0.0,0.0,0.0,0.0,0.0
153133,Iwobi,Fulham,MID,2981,35,0,0,2421.0,0.1959,0.1617,1.4892,0.3346,534.0,0.0438,0.1331,1.7545,0.0,1.3336,1.9113,0.7917,1.8733,5.2700000000000005,4.35,40.06,9.0,430.0,15.9851,0.26,0.79,10.41,0.0,70.0,11.7978,35,21,1,West Ham,A,2,1.1757,1.8228,3.7169,1.0,1.0,0.0,-0.1,-0.03,0.29,0.5141,0.8813,0.1616,0.0,0.0,1.0,1.0,1.0
80201,Leno,Fulham,GK,3420,38,0,0,3510.0,0.0,0.0,1.7069,0.3846,540.0,0.0,0.0,1.7417,0.0,1.3336,1.9113,0.7917,1.8733,0.0,0.0,66.57,15.0,794.0,20.359,0.0,0.0,10.45,0.0,116.0,19.3333,38,21,1,West Ham,A,2,1.1757,1.8228,3.1677,1.0,0.99,0.9961,-0.1,-0.03,0.3329,0.0,0.0,0.6398,-0.6612,0.0,1.0,1.0,0.99
212314,Lukić,Fulham,MID,2348,28,0,0,1203.0,0.1115,0.0352,1.8426,0.0,275.0,0.0229,0.0262,1.2207,0.0,1.3336,1.9113,0.7917,1.8733,1.49,0.47,24.63,0.0,173.0,12.9426,0.07,0.08,3.73,0.0,44.0,14.4,28,21,1,West Ham,A,2,1.1757,1.8228,2.8876,1.0,1.0,0.0,-0.1,-0.03,0.0,0.2347,0.6213,0.1616,0.0,0.0,1.0,1.0,1.0
120721,Mbabu,Fulham,DEF,0,0,0,0,0.0,0.0,0.0,0.0,0.0,0.0,0.0,0.0,0.0,0.0,1.3336,1.9113,0.7917,1.8733,0.0,0.0,0.0,0.0,0.0,0.0,0.0,0.0,0.0,0.0,0.0,0.0,0,21,1,West Ham,A,2,1.1757,1.8228,0.0,0.0,0.0,0.0,0.0,0.0,0.0,0.0,0.0,0.0,0.0,0.0,0.0,0.0,0.0
244042,Muniz,Fulham,FWD,943,8,0,0,1666.0,0.4792,0.0508,1.5256,0.6483,381.0,0.3638,0.0118,1.4291,0.0,1.3336,1.9113,0.7917,1.8733,8.87,0.94,28.24,12.0,309.0,16.6927,1.54,0.05,6.05,0.0,55.0,12.9921,8,21,1,West Ham,A,2,1.1757,1.8228,4.7144,1.0,1.0,0.0,-0.1,-0.03,0.582,0.2503,2.012,0.0,0.0,0.0,1.0,1.0,1.0
102057,Raúl,Fulham,FWD,2486,30,0,0,1402.0,0.3447,0.0616,2.4586,0.8345,128.0,0.4852,0.0633,2.1094,2.1094,1.3336,1.9113,0.7917,1.8733,5.37,0.96,38.3,13.0,240.0,15.4066,0.69,0.09,3.0,3.0,60.0,42.1875,30,21,1,West Ham,A,2,1.1757,1.8228,4.8044,1.0,1.0,0.0,-0.1,-0.03,1.1042,0.2821,1.548,0.0,0.0,0.0,1.0,1.0,1.0
82514,Ream,Fulham,DEF,0,0,0,0,1503.0,0.0575,0.0096,2.0377,0.2395,90.0,0.0,0.0,2.11,0.0,1.3336,1.9113,0.7917,1.8733,0.96,0.16,34.03,4.0,267.0,15.988,0.0,0.0,2.11,0.0,15.0,15.0,0,21,1,West Ham,A,2,1.1757,1.8228,0.0,0.0,0.0,0.0,0.0,0.0,0.0,0.0,0.0,0.0,0.0,0.0,0.0,0.0,0.0
153366,Reed,Fulham,MID,100,0,0,0,1318.0,0.0198,0.1017,1.7973,0.0,159.0,0.0566,0.0679,1.8509,0.0,1.3336,1.9113,0.7917,1.8733,0.29,1.49,26.32,0.0,209.0,14.2716,0.1,0.12,3.27,0.0,35.0,19.8113,0,21,1,West Ham,A,2,1.1757,1.8228,0.0756,0.0351,0.0234,0.0,-0.0035,-0.0011,0.0,0.0093,0.0086,0.0038,0.0,0.0,0.0351,0.0351,0.0234
169528,Robinson,Fulham,DEF,3166,35,0,0,3356.0,0.0182,0.1008,1.726,0.2145,528.0,0.0102,0.0222,1.7165,0.1705,1.3336,1.9113,0.7917,1.8733,0.6799999999999999,3.76,64.36,8.0,677.0,18.1555,0.06,0.13,10.07,1.0,90.0,15.3409,35,21,1,West Ham,A,2,1.1757,1.8228,2.5048,1.0,1.0,0.0,-0.1,-0.03,0.2307,0.2734,0.1524,0.6463,-0.6679,0.0,1.0,1.0,1.0
490146,Stansfield,Fulham,FWD,1,0,0,0,1.0,0.0,0.0,60.3,0.0,1.0,0.0,0.0,60.3,0.0,1.3336,1.9113,0.7917,1.8733,0.0,0.0,0.67,0.0,2.0,180.0,0.0,0.0,0.67,0.0,2.0,180.0,0,21,1,West Ham,A,2,1.1757,1.8228,0.001,0.0004,0.0002,0.0,-0.0,-0.0,0.0,0.0001,0.0003,0.0,0.0,0.0,0.0004,0.0004,0.0002
167074,Tete,Fulham,DEF,1773,21,0,0,953.0,0.0897,0.0434,2.3987,0.0,180.0,0.045,0.025,2.27,0.0,1.3336,1.9113,0.7917,1.8733,0.95,0.46,25.4,0.0,168.0,15.8657,0.09,0.05,4.54,0.0,16.0,8.0,21,21,1,West Ham,A,2,1.1757,1.8228,2.4651,1.0,1.0,0.0,-0.1,-0.03,0.0,0.1464,0.4699,0.6463,-0.6679,0.0004,1.0,1.0,1.0
245824,Vinicius,Fulham,FWD,13,0,0,0,306.0,0.4676,0.0324,1.3235,0.5882,0.0,0.0,0.0,0.0,0.0,1.3336,1.9113,0.7917,1.8733,1.59,0.11,4.5,2.0,77.0,22.6471,0.0,0.0,0.0,0.0,0.0,0.0,0,21,1,West Ham,A,2,1.1757,1.8228,0.0167,0.0046,0.003,0.0,-0.0005,-0.0001,0.0031,0.0011,0.0056,0.0,0.0,0.0,0.0046,0.0046,0.003
153682,Wilson,Fulham,MID,1148,12,0,0,1615.0,0.1923,0.1471,1.888,0.2786,143.0,0.1699,0.1196,2.6119,1.2587,1.3336,1.9113,0.7917,1.8733,3.45,2.64,33.88,5.0,311.0,17.3313,0.27,0.19,4.15,2.0,62.0,39.021,12,21,1,West Ham,A,2,1.1757,1.8228,4.0474,1.0,1.0,0.0,-0.1,-0.03,0.4487,0.5128,1.0544,0.1616,0.0,0.0,1.0,1.0,1.0
184349,Sessegnon,Fulham,DEF,574,7,0,0,0.0,0.0,0.0,0.0,0.0,0.0,0.0,0.0,0.0,0.0,1.3336,1.9113,0.7917,1.8733,0.0,0.0,0.0,0.0,0.0,0.0,0.0,0.0,0.0,0.0,0.0,0.0,7,21,1,West Ham,A,2,1.1757,1.8228,2.0747,1.0,1.0,0.0,-0.1,-0.03,0.0,0.0748,0.1496,0.6463,-0.6679,0.0019,1.0,1.0,1.0
246301,J.Cuenca,Fulham,DEF,349,4,0,0,0.0,0.0,0.0,0.0,0.0,0.0,0.0,0.0,0.0,0.0,1.3336,1.9113,0.7917,1.8733,0.0,0.0,0.0,0.0,0.0,0.0,0.0,0.0,0.0,0.0,0.0,0.0,4,21,1,West Ham,A,2,1.1757,1.8228,2.1643,1.0,1.0,0.0,-0.1,-0.03,0.0,0.1007,0.2014,0.6463,-0.6679,0.0138,1.0,1.0,1.0
577725,King,Fulham,MID,126,1,0,0,0.0,0.0,0.0,0.0,0.0,0.0,0.0,0.0,0.0,0.0,1.3336,1.9113,0.7917,1.8733,0.0,0.0,0.0,0.0,0.0,0.0,0.0,0.0,0.0,0.0,0.0,0.0,1,21,1,West Ham,A,2,1.1757,1.8228,3.1597,1.0,1.0,0.0,-0.1,-0.03,0.0,0.4226,0.7043,0.1616,0.0,0.0012,1.0,1.0,1.0
573062,Godo,Fulham,MID,21,0,0,0,0.0,0.0,0.0,0.0,0.0,0.0,0.0,0.0,0.0,0.0,1.3336,1.9113,0.7917,1.8733,0.0,0.0,0.0,0.0,0.0,0.0,0.0,0.0,0.0,0.0,0.0,0.0,0,21,1,West Ham,A,2,1.1757,1.8228,0.0188,0.0074,0.0049,0.0,-0.0007,-0.0002,0.0,0.0025,0.0041,0.0008,0.0,0.0,0.0074,0.0074,0.0049
207189,Berge,Fulham,MID,2221,26,0,0,3002.0,0.0612,0.0498,2.0075,0.0899,450.0,0.022,0.126,2.534,0.0,1.3336,1.9113,0.7917,1.8733,2.04,1.66,66.96000000000001,3.0,430.0,12.8914,0.11,0.63,12.67,0.0,87.0,17.4,26,21,1,West Ham,A,2,1.1757,1.8228,2.7668,1.0,1.0,0.0,-0.1,-0.03,0.0793,0.27,0.3859,0.1616,0.0,0.0,1.0,1.0,1.0
591385,Amissah,Fulham,DEF,0,0,0,0,,,,,,,,,,,1.3336,1.9113,0.7917,1.8733,,,,,,,,,,,,,0,21,1,West Ham,A,2,1.1757,1.8228,0.0,0.0,0.0,0.0,0.0,0.0,0.0,0.0,0.0,0.0,0.0,0.0,0.0,0.0,0.0
100041800,Silva,Fulham,UNK,0,0,0,0,,,,,,,,,,,1.3336,1.9113,0.7917,1.8733,,,,,,,,,,,,,0,21,1,West Ham,A,2,1.1757,1.8228,0.0,0.0,0.0,0.0,0.0,0.0,0.0,0.0,0.0,0.0,0.0,0.0,0.0,0.0,0.0
47431,Willian,Fulham,MID,251,2,0,0,2048.0,0.2237,0.2057,1.5495,0.2637,130.0,0.0,0.0138,1.5369,0.0,1.3336,1.9113,0.7917,1.8733,5.09,4.68,35.26,6.0,390.0,17.1387,0.0,0.02,2.22,0.0,13.0,9.0,2,21,1,West Ham,A,2,1.1757,1.8228,4.0229,1.0,1.0,0.0,-0.1,-0.03,0.2639,0.6229,1.1046,0.1616,0.0,0.0,1.0,1.0,1.0
474120,Enciso,Ipswich,MID,1155,14,0,0,468.0,0.2654,0.2462,1.8673,0.0,236.0,0.2746,0.2555,1.7619,0.0,0.46,2.65,0.46,2.65,1.38,1.28,9.71,0.0,62.0,11.9231,0.72,0.67,4.62,0.0,27.0,10.2966,14,21,1,Brighton,H,3,1.0515,2.3954,3.5091,1.0,1.0,0.0,-0.1,-0.03,0.0,0.5644,0.9835,0.0911,0.0,0.0,1.0,1.0,1.0
462387,Al-Hamadi,Ipswich,FWD,125,0,0,0,16.0,0.0,0.0,3.2625,0.0,16.0,0.0,0.0,3.2625,0.0,0.46,2.65,0.46,2.65,0.0,0.0,0.58,0.0,2.0,11.25,0.0,0.0,0.58,0.0,2.0,11.25,0,21,1,Brighton,H,3,1.0515,2.3954,0.1224,0.0439,0.0292,0.0,-0.0044,-0.0013,0.0,0.0134,0.0417,0.0,0.0,0.0,0.0439,0.0439,0.0292
517178,Baggott,Ipswich,DEF,0,0,0,0,0.0,0.0,0.0,0.0,0.0,0.0,0.0,0.0,0.0,0.0,0.46,2.65,0.46,2.65,0.0,0.0,0.0,0.0,0.0,0.0,0.0,0.0,0.0,0.0,0.0,0.0,0,21,1,Brighton,H,3,1.0515,2.3954,0.0,0.0,0.0,0.0,0.0,0.0,0.0,0.0,0.0,0.0,0.0,0.0,0.0,0.0,0.0
173818,Broadhead,Ipswich,MID,690,7,0,0,0.0,0.0,0.0,0.0,0.0,0.0,0.0,0.0,0.0,0.0,0.46,2.65,0.46,2.65,0.0,0.0,0.0,0.0,0.0,0.0,0.0,0.0,0.0,0.0,0.0,0.0,7,21,1,Brighton,H,3,1.0515,2.3954,2.4913,1.0,1.0,0.0,-0.1,-0.03,0.0,0.1988,0.3314,0.0911,0.0,0.0,1.0,1.0,1.0
122411,Burgess,Ipswich,DEF,1540,16,0,0,0.0,0.0,0.0,0.0,0.0,0.0,0.0,0.0,0.0,0.0,0.46,2.65,0.46,2.65,0.0,0.0,0.0,0.0,0.0,0.0,0.0,0.0,0.0,0.0,0.0,0.0,16,21,1,Brighton,H,3,1.0515,2.3954,1.401,1.0,1.0,0.0,-0.1,-0.03,0.0,0.0387,0.0773,0.3645,-0.9496,0.0,1.0,1.0,1.0
149929,Burns,Ipswich,MID,922,12,0,0,56.0,0.0,0.0,0.7393,0.0,56.0,0.0,0.0,0.7393,0.0,0.46,2.65,0.46,2.65,0.0,0.0,0.46,0.0,-2.0,-3.2143,0.0,0.0,0.46,0.0,-2.0,-3.2143,12,21,1,Brighton,H,3,1.0515,2.3954,2.9311,1.0,1.0,0.0,-0.1,-0.03,0.0,0.3633,0.6054,0.0911,0.0,0.0012,1.0,1.0,1.0
196411,Chaplin,Ipswich,MID,845,10,0,0,64.0,0.0,0.0141,2.0391,0.0,64.0,0.0,0.0141,2.0391,0.0,0.46,2.65,0.46,2.65,0.0,0.01,1.45,0.0,12.0,16.875,0.0,0.01,1.45,0.0,12.0,16.875,10,21,1,Brighton,H,3,1.0515,2.3954,3.0183,1.0,1.0,0.0,-0.1,-0.03,0.0,0.3986,0.6564,0.0911,0.0,0.0022,1.0,1.0,1.0
232228,H.Clarke,Ipswich,DEF,377,4,0,0,0.0,0.0,0.0,0.0,0.0,0.0,0.0,0.0,0.0,0.0,0.46,2.65,0.46,2.65,0.0,0.0,0.0,0.0,0.0,0.0,0.0,0.0,0.0,0.0,0.0,0.0,4,21,1,Brighton,H,3,1.0515,2.3954,1.5723,1.0,1.0,0.0,-0.1,-0.03,0.0,0.0899,0.1798,0.3645,-0.9496,0.0176,1.0,1.0,1.0
455084,Davis,Ipswich,DEF,2742,32,0,0,90.0,0.0,0.02,2.65,0.0,90.0,0.0,0.02,2.65,0.0,0.46,2.65,0.46,2.65,0.0,0.02,2.65,0.0,-1.0,-1.0,0.0,0.02,2.65,0.0,-1.0,-1.0,32,21,1,Brighton,H,3,1.0515,2.3954,1.7921,1.0,1.0,0.0,-0.1,-0.03,0.0,0.1364,0.2545,0.3645,-0.9496,0.1162,1.0,1.0,1.0
463034,Delap,Ipswich,FWD,2587,32,0,0,73.0,0.0,0.0,2.5521,0.0,73.0,0.0,0.0,2.5521,0.0,0.46,2.65,0.46,2.65,0.0,0.0,2.07,0.0,8.0,9.863,0.0,0.0,2.07,0.0,8.0,9.863,32,21,1,Brighton,H,3,1.0515,2.3954,3.3948,1.0,1.0,0.0,-0.1,-0.03,0.0,0.3709,1.1539,0.0,0.0,0.0,1.0,1.0,1.0
214964,Edmundson,Ipswich,DEF,1,0,0,0,0.0,0.0,0.0,0.0,0.0,0.0,0.0,0.0,0.0,0.0,0.46,2.65,0.46,2.65,0.0,0.0,0.0,0.0,0.0,0.0,0.0,0.0,0.0,0.0,0.0,0.0,0,21,1,Brighton,H,3,1.0515,2.3954,0.0005,0.0004,0.0002,0.0,-0.0,-0.0,0.0,0.0,0.0001,0.0001,-0.0002,0.0,0.0004,0.0004,0.0002
449429,Greaves,Ipswich,DEF,2205,25,0,0,90.0,0.1,0.0,2.65,0.0,90.0,0.1,0.0,2.65,0.0,0.46,2.65,0.46,2.65,0.1,0.0,2.65,0.0,12.0,12.0,0.1,0.0,2.65,0.0,12.0,12.0,25,21,1,Brighton,H,3,1.0515,2.3954,1.9052,1.0,1.0,0.0,-0.1,-0.03,0.0,0.131,0.3563,0.3645,-0.9496,0.1329,1.0,1.0,1.0
167191,Harness,Ipswich,MID,43,0,0,0,25.0,0.0,0.108,4.356,0.0,25.0,0.0,0.108,4.356,0.0,0.46,2.65,0.46,2.65,0.0,0.03,1.21,0.0,1.0,3.6,0.0,0.03,1.21,0.0,1.0,3.6,0,21,1,Brighton,H,3,1.0515,2.3954,0.0365,0.0151,0.0101,0.0,-0.0015,-0.0005,0.0,0.0047,0.0076,0.0009,0.0,0.0,0.0151,0.0151,0.0101
222625,Hirst,Ipswich,FWD,645,5,0,0,0.0,0.0,0.0,0.0,0.0,0.0,0.0,0.0,0.0,0.0,0.46,2.65,0.46,2.65,0.0,0.0,0.0,0.0,0.0,0.0,0.0,0.0,0.0,0.0,0.0,0.0,5,21,1,Brighton,H,3,1.0515,2.3954,2.7195,1.0,1.0,0.0,-0.1,-0.03,0.0,0.2066,0.6428,0.0,0.0,0.0,1.0,1.0,1.0
524180,Humphreys,Ipswich,MID,0,0,0,0,0.0,0.0,0.0,0.0,0.0,0.0,0.0,0.0,0.0,0.0,0.46,2.65,0.46,2.65,0.0,0.0,0.0,0.0,0.0,0.0,0.0,0.0,0.0,0.0,0.0,0.0,0,21,1,Brighton,H,3,1.0515,2.3954,0.0,0.0,0.0,0.0,0.0,0.0,0.0,0.0,0.0,0.0,0.0,0.0,0.0,0.0,0.0
503301,Hutchinson,Ipswich,MID,2585,30,0,0,90.0,0.27,0.02,2.65,0.0,90.0,0.27,0.02,2.65,0.0,0.46,2.65,0.46,2.65,0.27,0.02,2.65,0.0,11.0,11.0,0.27,0.02,2.65,0.0,11.0,11.0,30,21,1,Brighton,H,3,1.0515,2.3954,3.2033,1.0,1.0,0.0,-0.1,-0.03,0.0,0.3931,0.8472,0.0911,0.0,0.0018,1.0,1.0,1.0
222018,Johnson,Ipswich,DEF,1346,14,0,0,571.0,0.0394,0.0173,2.3989,0.0,78.0,0.0,0.0115,3.2192,0.0,0.46,2.65,0.46,2.65,0.25,0.11,15.22,0.0,85.0,13.3975,0.0,0.01,2.79,0.0,8.0,9.2308,14,21,1,Brighton,H,3,1.0515,2.3954,1.6659,1.0,1.0,0.0,-0.1,-0.03,0.0,0.1038,0.2709,0.3645,-0.9496,0.0062,1.0,1.0,1.0
94926,Ladapo,Ipswich,FWD,0,0,0,0,0.0,0.0,0.0,0.0,0.0,0.0,0.0,0.0,0.0,0.0,0.46,2.65,0.46,2.65,0.0,0.0,0.0,0.0,0.0,0.0,0.0,0.0,0.0,0.0,0.0,0.0,0,21,1,Brighton,H,3,1.0515,2.3954,0.0,0.0,0.0,0.0,0.0,0.0,0.0,0.0,0.0,0.0,0.0,0.0,0.0,0.0,0.0
106606,Luongo,Ipswich,MID,195,2,0,0,64.0,0.0,0.0,2.0391,0.0,64.0,0.0,0.0,2.0391,0.0,0.46,2.65,0.46,2.65,0.0,0.0,1.45,0.0,8.0,11.25,0.0,0.0,1.45,0.0,8.0,11.25,2,21,1,Brighton,H,3,1.0515,2.3954,3.0832,1.0,1.0,0.0,-0.1,-0.03,0.0,0.4195,0.6991,0.0911,0.0,0.0034,1.0,1.0,1.0
74944,Morsy,Ipswich,MID,2749,31,0,0,90.0,0.0,0.08,2.65,0.0,90.0,0.0,0.08,2.65,0.0,0.46,2.65,0.46,2.65,0.0,0.08,2.65,0.0,14.0,14.0,0.0,0.08,2.65,0.0,14.0,14.0,31,21,1,Brighton,H,3,1.0515,2.3954,3.0549,1.0,1.0,0.0,-0.1,-0.03,0.0,0.433,0.6585,0.0911,0.0,0.0022,1.0,1.0,1.0
246265,Ndaba,Ipswich,DEF,0,0,0,0,0.0,0.0,0.0,0.0,0.0,0.0,0.0,0.0,0.0,0.0,0.46,2.65,0.46,2.65,0.0,0.0,0.0,0.0,0.0,0.0,0.0,0.0,0.0,0.0,0.0,0.0,0,21,1,Brighton,H,3,1.0515,2.3954,0.0,0.0,0.0,0.0,0.0,0.0,0.0,0.0,0.0,0.0,0.0,0.0,0.0,0.0,0.0
434044,Slicker,Ipswich,GK,0,0,0,0,0.0,0.0,0.0,0.0,0.0,0.0,0.0,0.0,0.0,0.0,0.46,2.65,0.46,2.65,0.0,0.0,0.0,0.0,0.0,0.0,0.0,0.0,0.0,0.0,0.0,0.0,0,21,1,Brighton,H,3,1.0515,2.3954,0.0,0.0,0.0,0.0,0.0,0.0,0.0,0.0,0.0,0.0,0.0,0.0,0.0,0.0,0.0
231899,Taylor,Ipswich,MID,837,4,0,0,25.0,0.072,0.036,4.356,0.0,25.0,0.072,0.036,4.356,0.0,0.46,2.65,0.46,2.65,0.02,0.01,1.21,0.0,3.0,10.8,0.02,0.01,1.21,0.0,3.0,10.8,4,21,1,Brighton,H,3,1.0515,2.3954,3.1918,1.0,1.0,0.0,-0.1,-0.03,0.0,0.4561,0.7691,0.0911,0.0,0.0055,1.0,1.0,1.0
180804,Tuanzebe,Ipswich,DEF,1710,20,0,0,73.0,0.0863,0.0,2.5521,0.0,73.0,0.0863,0.0,2.5521,0.0,0.46,2.65,0.46,2.65,0.07,0.0,2.07,0.0,1.0,1.2329,0.07,0.0,2.07,0.0,1.0,1.2329,20,21,1,Brighton,H,3,1.0515,2.3954,1.8749,1.0,1.0,0.0,-0.1,-0.03,0.0,0.1307,0.3274,0.3645,-0.9496,0.1318,1.0,1.0,1.0
108813,Walton,Ipswich,GK,630,7,0,0,90.0,0.0,0.0,2.65,0.0,90.0,0.0,0.0,2.65,0.0,0.46,2.65,0.46,2.65,0.0,0.0,2.65,0.0,9.0,9.0,0.0,0.0,2.65,0.0,9.0,9.0,7,21,1,Brighton,H,3,1.0515,2.3954,2.1924,1.0,0.99,0.9116,-0.1,-0.03,0.0,0.0,0.0,0.3609,-0.9401,0.0,1.0,1.0,0.99
220583,Woolfenden,Ipswich,DEF,1187,12,0,0,90.0,0.0,0.0,2.65,0.0,90.0,0.0,0.0,2.65,0.0,0.46,2.65,0.46,2.65,0.0,0.0,2.65,0.0,7.0,7.0,0.0,0.0,2.65,0.0,7.0,7.0,12,21,1,Brighton,H,3,1.0515,2.3954,1.8318,1.0,1.0,0.0,-0.1,-0.03,0.0,0.1337,0.2673,0.3645,-0.9496,0.1458,1.0,1.0,1.0
155405,Phillips,Ipswich,MID,1231,14,0,0,394.0,0.0503,0.0251,2.4556,0.0,15.0,0.0,0.06,0.84,0.0,0.46,2.65,0.46,2.65,0.22,0.11,10.75,0.0,27.0,6.1675,0.0,0.01,0.14,0.0,4.0,24.0,14,21,1,Brighton,H,3,1.0515,2.3954,2.8014,1.0,1.0,0.0,-0.1,-0.03,0.0,0.2952,0.545,0.0911,0.0,0.0001,1.0,1.0,1.0
232917,Muric,Ipswich,GK,1620,18,0,0,900.0,0.0,0.005,2.043,1.2,450.0,0.0,0.006,2.534,2.0,0.46,2.65,0.46,2.65,0.0,0.05,20.43,12.0,241.0,24.1,0.0,0.03,12.67,10.0,144.0,28.8,18,21,1,Brighton,H,3,1.0515,2.3954,3.6303,1.0,0.99,0.9116,-0.1,-0.03,1.4278,0.0101,0.0,0.3609,-0.9401,0.0,1.0,1.0,0.99
481624,Jaden,Ipswich,MID,796,7,0,0,19.0,0.3316,0.0474,8.1,0.0,16.0,0.3938,0.0562,5.9625,0.0,0.46,2.65,0.46,2.65,0.07,0.01,1.71,0.0,4.0,18.9474,0.07,0.01,1.06,0.0,1.0,5.625,7,21,1,Brighton,H,3,1.0515,2.3954,3.2522,1.0,1.0,0.0,-0.1,-0.03,0.0,0.4614,0.8237,0.0911,0.0,0.006,1.0,1.0,1.0
108053,Townsend,Ipswich,DEF,334,3,0,0,0.0,0.0,0.0,0.0,0.0,0.0,0.0,0.0,0.0,0.0,0.46,2.65,0.46,2.65,0.0,0.0,0.0,0.0,0.0,0.0,0.0,0.0,0.0,0.0,0.0,0.0,3,21,1,Brighton,H,3,1.0515,2.3954,1.5924,1.0,1.0,0.0,-0.1,-0.03,0.0,0.0946,0.1891,0.3645,-0.9496,0.0238,1.0,1.0,1.0
172453,Szmodics,Ipswich,MID,988,13,0,0,16.0,0.0,0.1125,3.2625,0.0,16.0,0.0,0.1125,3.2625,0.0,0.46,2.65,0.46,2.65,0.0,0.02,0.58,0.0,2.0,11.25,0.0,0.02,0.58,0.0,2.0,11.25,13,21,1,Brighton,H,3,1.0515,2.3954,3.0048,1.0,1.0,0.0,-0.1,-0.03,0.0,0.3965,0.6453,0.0911,0.0,0.0019,1.0,1.0,1.0
454667,Cajuste,Ipswich,MID,1960,25,0,0,,,,,,,,,,,0.46,2.65,0.46,2.65,,,,,,,,,,,,,25,21,1,Brighton,H,3,1.0515,2.3954,2.1845,1.0,1.0,0.0,-0.1,-0.03,0.0,0.0838,0.1396,0.0911,0.0,0.0,1.0,1.0,1.0
216616,O'Shea,Ipswich,DEF,3122,35,0,0,2892.0,0.023,0.028,1.9512,0.0622,450.0,0.034,0.034,2.534,0.0,0.46,2.65,0.46,2.65,0.74,0.9,62.7,2.0,478.0,14.8755,0.1699999999999999,0.1699999999999999,12.67,0.0,79.0,15.8,35,21,1,Brighton,H,3,1.0515,2.3954,1.6242,1.0,1.0,0.0,-0.1,-0.03,0.0505,0.103,0.1858,0.3645,-0.9496,0.0,1.0,1.0,1.0
443261,J.Clarke,Ipswich,MID,1161,12,0,0,,,,,,,,,,,0.46,2.65,0.46,2.65,,,,,,,,,,,,,12,21,1,Brighton,H,3,1.0515,2.3954,2.341,1.0,1.0,0.0,-0.1,-0.03,0.0,0.1424,0.2374,0.0911,0.0,0.0,1.0,1.0,1.0
229164,Ogbene,Ipswich,MID,237,3,0,0,1987.0,0.2025,0.1585,2.0971,0.3171,92.0,0.1174,0.0098,1.7022,0.0,0.46,2.65,0.46,2.65,4.47,3.5,46.3,7.0,387.0,17.5289,0.12,0.01,1.7400000000000002,0.0,28.0,27.3913,3,21,1,Brighton,H,3,1.0515,2.3954,3.5211,1.0,1.0,0.0,-0.1,-0.03,0.3,0.4051,0.8549,0.0911,0.0,0.0,1.0,1.0,1.0
198826,Godfrey,Ipswich,DEF,158,2,0,0,1120.0,0.1414,0.0442,1.5051,0.0,270.0,0.09,0.0067,1.2867,0.0,0.46,2.65,0.46,2.65,1.76,0.55,18.73,0.0,166.0,13.3393,0.27,0.02,3.86,0.0,55.0,18.3333,2,21,1,Brighton,H,3,1.0515,2.3954,1.9792,1.0,1.0,0.0,-0.1,-0.03,0.0,0.1159,0.5782,0.3645,-0.9496,0.0002,1.0,1.0,1.0
100047417,McKenna,Ipswich,UNK,0,0,0,0,,,,,,,,,,,0.46,2.65,0.46,2.65,,,,,,,,,,,,,0,21,1,Brighton,H,3,1.0515,2.3954,0.0,0.0,0.0,0.0,0.0,0.0,0.0,0.0,0.0,0.0,0.0,0.0,0.0,0.0,0.0
112520,Palmer,Ipswich,GK,1170,13,0,0,,,,,,,,,,,0.46,2.65,0.46,2.65,,,,,,,,,,,,,13,21,1,Brighton,H,3,1.0515,2.3954,2.1924,1.0,0.99,0.9116,-0.1,-0.03,0.0,0.0,0.0,0.3609,-0.9401,0.0,1.0,1.0,0.99
547693,Boniface,Ipswich,DEF,0,0,0,0,,,,,,,,,,,0.46,2.65,0.46,2.65,,,,,,,,,,,,,0,21,1,Brighton,H,3,1.0515,2.3954,0.0,0.0,0.0,0.0,0.0,0.0,0.0,0.0,0.0,0.0,0.0,0.0,0.0,0.0,0.0
592712,Tom Taylor,Ipswich,MID,0,0,0,0,,,,,,,,,,,0.46,2.65,0.46,2.65,,,,,,,,,,,,,0,21,1,Brighton,H,3,1.0515,2.3954,0.0,0.0,0.0,0.0,0.0,0.0,0.0,0.0,0.0,0.0,0.0,0.0,0.0,0.0,0.0
536916,Buonanotte,Leicester,MID,1508,14,0,0,1434.0,0.1469,0.0847,1.3883,0.0628,363.0,0.1165,0.0669,1.6562,0.0,1.01,1.23,1.01,1.23,2.34,1.35,22.12,1.0,173.0,10.8577,0.47,0.27,6.68,0.0,34.0,8.4298,14,21,1,Crystal Palace,H,3,1.0221,0.9244,3.3612,1.0,1.0,0.0,-0.1,-0.03,0.051,0.3102,0.7332,0.3968,0.0,0.0,1.0,1.0,1.0
80146,J.Ayew,Leicester,MID,1649,19,0,0,2560.0,0.1557,0.09,1.3261,0.1055,196.0,0.248,0.0597,0.9413,0.0,1.01,1.23,1.01,1.23,4.43,2.56,37.72,3.0,320.0,11.25,0.54,0.13,2.05,0.0,31.0,14.2347,19,21,1,Crystal Palace,H,3,1.0221,0.9244,3.463,1.0,1.0,0.0,-0.1,-0.03,0.0915,0.2881,0.8167,0.3968,0.0,0.0,1.0,1.0,1.0
199670,Edouard,Leicester,FWD,141,1,0,0,1590.0,0.3611,0.0498,1.2243,0.5094,145.0,0.0807,0.0559,0.9993,0.0,1.01,1.23,1.01,1.23,6.38,0.88,21.63,9.0,247.0,13.9811,0.13,0.09,1.61,0.0,9.0,5.5862,1,21,1,Crystal Palace,H,3,1.0221,0.9244,3.9201,1.0,1.0,0.0,-0.1,-0.03,0.4545,0.2347,1.3609,0.0,0.0,0.0,1.0,1.0,1.0
225902,B.Soumaré,Leicester,MID,2165,25,0,0,11.0,0.0,0.0,2.0455,0.0,11.0,0.0,0.0,2.0455,0.0,1.01,1.23,1.01,1.23,0.0,0.0,0.25,0.0,3.0,24.5455,0.0,0.0,0.25,0.0,3.0,24.5455,25,21,1,Crystal Palace,H,3,1.0221,0.9244,3.4246,1.0,1.0,0.0,-0.1,-0.03,0.0,0.433,0.7217,0.3968,0.0,0.0031,1.0,1.0,1.0
461416,Cannon,Leicester,FWD,0,0,0,0,1.0,0.0,0.0,25.2,0.0,0.0,0.0,0.0,0.0,0.0,1.01,1.23,1.01,1.23,0.0,0.0,0.28,0.0,3.0,270.0,0.0,0.0,0.0,0.0,0.0,0.0,0,21,1,Crystal Palace,H,3,1.0221,0.9244,0.0,0.0,0.0,0.0,0.0,0.0,0.0,0.0,0.0,0.0,0.0,0.0,0.0,0.0,0.0
197469,Choudhury,Leicester,MID,129,1,0,0,0.0,0.0,0.0,0.0,0.0,0.0,0.0,0.0,0.0,0.0,1.01,1.23,1.01,1.23,0.0,0.0,0.0,0.0,0.0,0.0,0.0,0.0,0.0,0.0,0.0,0.0,1,21,1,Crystal Palace,H,3,1.0221,0.9244,3.2427,1.0,1.0,0.0,-0.1,-0.03,0.0,0.3656,0.6094,0.3968,0.0,0.0009,1.0,1.0,1.0
94147,Coady,Leicester,DEF,1712,19,0,0,0.0,0.0,0.0,0.0,0.0,0.0,0.0,0.0,0.0,0.0,1.01,1.23,1.01,1.23,0.0,0.0,0.0,0.0,0.0,0.0,0.0,0.0,0.0,0.0,0.0,0.0,19,21,1,Crystal Palace,H,3,1.0221,0.9244,3.3095,1.0,1.0,0.0,-0.1,-0.03,0.0,0.0347,0.0693,1.5871,-0.2516,0.0,1.0,1.0,1.0
245419,Daka,Leicester,FWD,717,6,0,0,0.0,0.0,0.0,0.0,0.0,0.0,0.0,0.0,0.0,0.0,1.01,1.23,1.01,1.23,0.0,0.0,0.0,0.0,0.0,0.0,0.0,0.0,0.0,0.0,0.0,0.0,6,21,1,Crystal Palace,H,3,1.0221,0.9244,2.6469,1.0,1.0,0.0,-0.1,-0.03,0.0,0.189,0.5879,0.0,0.0,0.0,1.0,1.0,1.0
96994,De Cordova-Reid,Leicester,MID,734,9,0,0,1495.0,0.2775,0.068,1.7958,0.4214,293.0,0.1904,0.0461,1.327,0.0,1.01,1.23,1.01,1.23,4.61,1.13,29.83,7.0,292.0,17.5786,0.6199999999999999,0.15,4.32,0.0,21.0,6.4505,9,21,1,Crystal Palace,H,3,1.0221,0.9244,3.9284,1.0,1.0,0.0,-0.1,-0.03,0.3503,0.2451,1.0661,0.3968,0.0,0.0,1.0,1.0,1.0
218218,Faes,Leicester,DEF,2812,30,0,0,90.0,0.0,0.0,1.23,0.0,90.0,0.0,0.0,1.23,0.0,1.01,1.23,1.01,1.23,0.0,0.0,1.23,0.0,7.0,7.0,0.0,0.0,1.23,0.0,7.0,7.0,30,21,1,Crystal Palace,H,3,1.0221,0.9244,3.6985,1.0,1.0,0.0,-0.1,-0.03,0.0,0.1299,0.2599,1.5871,-0.2516,0.1032,1.0,1.0,1.0
549640,Golding,Leicester,MID,1,0,0,0,0.0,0.0,0.0,0.0,0.0,0.0,0.0,0.0,0.0,0.0,1.01,1.23,1.01,1.23,0.0,0.0,0.0,0.0,0.0,0.0,0.0,0.0,0.0,0.0,0.0,0.0,0,21,1,Crystal Palace,H,3,1.0221,0.9244,0.0009,0.0004,0.0002,0.0,-0.0,-0.0,0.0,0.0001,0.0002,0.0001,0.0,0.0,0.0004,0.0004,0.0002
467189,Hermansen,Leicester,GK,2385,27,0,0,90.0,0.0,0.0,1.23,0.0,90.0,0.0,0.0,1.23,0.0,1.01,1.23,1.01,1.23,0.0,0.0,1.23,0.0,15.0,15.0,0.0,0.0,1.23,0.0,15.0,15.0,27,21,1,Crystal Palace,H,3,1.0221,0.9244,3.9906,1.0,0.99,0.8084,-0.1,-0.03,0.0,0.0,0.0,1.5712,-0.249,0.0,1.0,1.0,0.99
207270,Iversen,Leicester,GK,0,0,0,0,0.0,0.0,0.0,0.0,0.0,0.0,0.0,0.0,0.0,0.0,1.01,1.23,1.01,1.23,0.0,0.0,0.0,0.0,0.0,0.0,0.0,0.0,0.0,0.0,0.0,0.0,0,21,1,Crystal Palace,H,3,1.0221,0.9244,0.0,0.0,0.0,0.0,0.0,0.0,0.0,0.0,0.0,0.0,0.0,0.0,0.0,0.0,0.0
220627,Justin,Leicester,DEF,2912,34,0,0,90.0,0.06,0.01,1.23,0.0,90.0,0.06,0.01,1.23,0.0,1.01,1.23,1.01,1.23,0.06,0.01,1.23,0.0,15.0,15.0,0.06,0.01,1.23,0.0,15.0,15.0,34,21,1,Crystal Palace,H,3,1.0221,0.9244,3.7151,1.0,1.0,0.0,-0.1,-0.03,0.0,0.1281,0.3007,1.5871,-0.2516,0.0808,1.0,1.0,1.0
481510,Kristiansen,Leicester,DEF,2481,29,0,0,90.0,0.0,0.03,1.23,0.0,90.0,0.0,0.03,1.23,0.0,1.01,1.23,1.01,1.23,0.0,0.03,1.23,0.0,9.0,9.0,0.0,0.03,1.23,0.0,9.0,9.0,29,21,1,Crystal Palace,H,3,1.0221,0.9244,3.6697,1.0,1.0,0.0,-0.1,-0.03,0.0,0.1368,0.247,1.5871,-0.2516,0.0803,1.0,1.0,1.0
461584,Marcal,Leicester,MID,0,0,0,0,0.0,0.0,0.0,0.0,0.0,0.0,0.0,0.0,0.0,0.0,1.01,1.23,1.01,1.23,0.0,0.0,0.0,0.0,0.0,0.0,0.0,0.0,0.0,0.0,0.0,0.0,0,21,1,Crystal Palace,H,3,1.0221,0.9244,0.0,0.0,0.0,0.0,0.0,0.0,0.0,0.0,0.0,0.0,0.0,0.0,0.0,0.0,0.0
154048,Mavididi,Leicester,MID,1606,16,0,0,11.0,0.0,0.2455,2.0455,0.0,11.0,0.0,0.2455,2.0455,0.0,1.01,1.23,1.01,1.23,0.0,0.03,0.25,0.0,4.0,32.7273,0.0,0.03,0.25,0.0,4.0,32.7273,16,21,1,Crystal Palace,H,3,1.0221,0.9244,3.4871,1.0,1.0,0.0,-0.1,-0.03,0.0,0.4662,0.7501,0.3968,0.0,0.004,1.0,1.0,1.0
461587,McAteer,Leicester,MID,846,9,0,0,4.0,0.45,0.0,4.275,0.0,4.0,0.45,0.0,4.275,0.0,1.01,1.23,1.01,1.23,0.02,0.0,0.19,0.0,3.0,67.5,0.02,0.0,0.19,0.0,3.0,67.5,9,21,1,Crystal Palace,H,3,1.0221,0.9244,3.5062,1.0,1.0,0.0,-0.1,-0.03,0.0,0.4563,0.7787,0.3968,0.0,0.0044,1.0,1.0,1.0
203341,Ndidi,Leicester,MID,2325,28,0,0,90.0,0.07,0.01,1.23,0.0,90.0,0.07,0.01,1.23,0.0,1.01,1.23,1.01,1.23,0.07,0.01,1.23,0.0,14.0,14.0,0.07,0.01,1.23,0.0,14.0,14.0,28,21,1,Crystal Palace,H,3,1.0221,0.9244,3.2812,1.0,1.0,0.0,-0.1,-0.03,0.0,0.3639,0.6497,0.3968,0.0,0.0008,1.0,1.0,1.0
473341,Okoli,Leicester,DEF,1122,12,0,0,0.0,0.0,0.0,0.0,0.0,0.0,0.0,0.0,0.0,0.0,1.01,1.23,1.01,1.23,0.0,0.0,0.0,0.0,0.0,0.0,0.0,0.0,0.0,0.0,0.0,0.0,12,21,1,Crystal Palace,H,3,1.0221,0.9244,3.3474,1.0,1.0,0.0,-0.1,-0.03,0.0,0.0473,0.0945,1.5871,-0.2516,0.0001,1.0,1.0,1.0
111931,Ricardo,Leicester,DEF,382,4,0,0,0.0,0.0,0.0,0.0,0.0,0.0,0.0,0.0,0.0,0.0,1.01,1.23,1.01,1.23,0.0,0.0,0.0,0.0,0.0,0.0,0.0,0.0,0.0,0.0,0.0,0.0,4,21,1,Crystal Palace,H,3,1.0221,0.9244,3.477,1.0,1.0,0.0,-0.1,-0.03,0.0,0.0869,0.1738,1.5871,-0.2516,0.0107,1.0,1.0,1.0
194190,Souttar,Leicester,DEF,0,0,0,0,0.0,0.0,0.0,0.0,0.0,0.0,0.0,0.0,0.0,0.0,1.01,1.23,1.01,1.23,0.0,0.0,0.0,0.0,0.0,0.0,0.0,0.0,0.0,0.0,0.0,0.0,0,21,1,Crystal Palace,H,3,1.0221,0.9244,0.0,0.0,0.0,0.0,0.0,0.0,0.0,0.0,0.0,0.0,0.0,0.0,0.0,0.0,0.0
436680,Stolarczyk,Leicester,GK,900,10,0,0,0.0,0.0,0.0,0.0,0.0,0.0,0.0,0.0,0.0,0.0,1.01,1.23,1.01,1.23,0.0,0.0,0.0,0.0,0.0,0.0,0.0,0.0,0.0,0.0,0.0,0.0,10,21,1,Crystal Palace,H,3,1.0221,0.9244,3.9906,1.0,0.99,0.8084,-0.1,-0.03,0.0,0.0,0.0,1.5712,-0.249,0.0,1.0,1.0,0.99
244619,Thomas,Leicester,DEF,1109,13,0,0,916.0,0.0521,0.0177,2.1321,0.0,0.0,0.0,0.0,0.0,0.0,1.01,1.23,1.01,1.23,0.53,0.18,21.7,0.0,80.0,7.8603,0.0,0.0,0.0,0.0,0.0,0.0,13,21,1,Crystal Palace,H,3,1.0221,0.9244,3.5889,1.0,1.0,0.0,-0.1,-0.03,0.0,0.0846,0.2986,1.5871,-0.2516,0.0002,1.0,1.0,1.0
101668,Vardy,Leicester,FWD,2825,35,0,0,78.0,0.9231,0.0,1.1308,2.3077,78.0,0.9231,0.0,1.1308,2.3077,1.01,1.23,1.01,1.23,0.8,0.0,0.98,2.0,33.0,38.0769,0.8,0.0,0.98,2.0,33.0,38.0769,35,21,1,Crystal Palace,H,3,1.0221,0.9244,6.1395,1.0,1.0,0.0,-0.1,-0.03,2.3458,0.3568,1.5668,0.0,0.0,0.0,1.0,1.0,1.0
93100,Vestergaard,Leicester,DEF,1390,16,0,0,90.0,0.0,0.0,1.23,0.0,90.0,0.0,0.0,1.23,0.0,1.01,1.23,1.01,1.23,0.0,0.0,1.23,0.0,6.0,6.0,0.0,0.0,1.23,0.0,6.0,6.0,16,21,1,Crystal Palace,H,3,1.0221,0.9244,3.6686,1.0,1.0,0.0,-0.1,-0.03,0.0,0.1254,0.2508,1.5871,-0.2516,0.0868,1.0,1.0,1.0
95463,Ward,Leicester,GK,135,1,0,0,0.0,0.0,0.0,0.0,0.0,0.0,0.0,0.0,0.0,0.0,1.01,1.23,1.01,1.23,0.0,0.0,0.0,0.0,0.0,0.0,0.0,0.0,0.0,0.0,0.0,0.0,1,21,1,Crystal Palace,H,3,1.0221,0.9244,3.9906,1.0,0.99,0.8084,-0.1,-0.03,0.0,0.0,0.0,1.5712,-0.249,0.0,1.0,1.0,0.99
157668,Winks,Leicester,MID,1536,17,0,0,90.0,0.0,0.03,1.23,0.0,90.0,0.0,0.03,1.23,0.0,1.01,1.23,1.01,1.23,0.0,0.03,1.23,0.0,17.0,17.0,0.0,0.03,1.23,0.0,17.0,17.0,17,21,1,Crystal Palace,H,3,1.0221,0.9244,3.3217,1.0,1.0,0.0,-0.1,-0.03,0.0,0.4038,0.6496,0.3968,0.0,0.0015,1.0,1.0,1.0
209042,Skipp,Leicester,MID,1118,10,0,0,691.0,0.1003,0.0651,2.2467,0.0,122.0,0.0369,0.1328,1.7262,0.0,1.01,1.23,1.01,1.23,0.77,0.5,17.25,0.0,105.0,13.6758,0.05,0.18,2.34,0.0,18.0,13.2787,10,21,1,Crystal Palace,H,3,1.0221,0.9244,3.1997,1.0,1.0,0.0,-0.1,-0.03,0.0,0.3275,0.6054,0.3968,0.0,0.0,1.0,1.0,1.0
531442,A.Fatawu,Leicester,MID,576,6,0,0,90.0,0.0,0.6,1.23,3.0,90.0,0.0,0.6,1.23,3.0,1.01,1.23,1.01,1.23,0.0,0.6,1.23,3.0,37.0,37.0,0.0,0.6,1.23,3.0,37.0,37.0,6,21,1,Crystal Palace,H,3,1.0221,0.9244,6.6379,1.0,1.0,0.0,-0.1,-0.03,3.0496,0.6704,0.6496,0.3968,0.0,0.0015,1.0,1.0,1.0
532534,Alves,Leicester,MID,1,0,0,0,0.0,0.0,0.0,0.0,0.0,0.0,0.0,0.0,0.0,0.0,1.01,1.23,1.01,1.23,0.0,0.0,0.0,0.0,0.0,0.0,0.0,0.0,0.0,0.0,0.0,0.0,0,21,1,Crystal Palace,H,3,1.0221,0.9244,0.0009,0.0004,0.0002,0.0,-0.0,-0.0,0.0,0.0001,0.0002,0.0001,0.0,0.0,0.0004,0.0004,0.0002
501770,Nelson,Leicester,DEF,0,0,0,0,0.0,0.0,0.0,0.0,0.0,0.0,0.0,0.0,0.0,0.0,1.01,1.23,1.01,1.23,0.0,0.0,0.0,0.0,0.0,0.0,0.0,0.0,0.0,0.0,0.0,0.0,0,21,1,Crystal Palace,H,3,1.0221,0.9244,0.0,0.0,0.0,0.0,0.0,0.0,0.0,0.0,0.0,0.0,0.0,0.0,0.0,0.0,0.0
513527,El Khannouss,Leicester,MID,2179,27,0,0,,,,,,,,,,,1.01,1.23,1.01,1.23,,,,,,,,,,,,,27,21,1,Crystal Palace,H,3,1.0221,0.9244,2.472,1.0,1.0,0.0,-0.1,-0.03,0.0,0.077,0.1283,0.3968,0.0,0.0,1.0,1.0,1.0
531997,Cartwright,Leicester,MID,0,0,0,0,,,,,,,,,,,1.01,1.23,1.01,1.23,,,,,,,,,,,,,0,21,1,Crystal Palace,H,3,1.0221,0.9244,0.0,0.0,0.0,0.0,0.0,0.0,0.0,0.0,0.0,0.0,0.0,0.0,0.0,0.0,0.0
532535,Wilson-Brown,Leicester,DEF,0,0,0,0,,,,,,,,,,,1.01,1.23,1.01,1.23,,,,,,,,,,,,,0,21,1,Crystal Palace,H,3,1.0221,0.9244,0.0,0.0,0.0,0.0,0.0,0.0,0.0,0.0,0.0,0.0,0.0,0.0,0.0,0.0,0.0
488439,Coulibaly,Leicester,DEF,107,1,0,0,,,,,,,,,,,1.01,1.23,1.01,1.23,,,,,,,,,,,,,1,21,1,Crystal Palace,H,3,1.0221,0.9244,3.6742,1.0,1.0,0.0,-0.1,-0.03,0.0,0.1263,0.2526,1.5871,-0.2516,0.0898,1.0,1.0,1.0
100050995,Van Nistelrooy,Leicester,UNK,0,0,0,0,,,,,,,,,,,1.01,1.23,1.01,1.23,,,,,,,,,,,,,0,21,1,Crystal Palace,H,3,1.0221,0.9244,0.0,0.0,0.0,0.0,0.0,0.0,0.0,0.0,0.0,0.0,0.0,0.0,0.0,0.0,0.0
649208,Monga,Leicester,MID,105,0,0,0,,,,,,,,,,,1.01,1.23,1.01,1.23,,,,,,,,,,,,,0,21,1,Crystal Palace,H,3,1.0221,0.9244,0.0913,0.0368,0.0246,0.0,-0.0037,-0.0011,0.0,0.0094,0.0156,0.0098,0.0,0.0,0.0368,0.0368,0.0246
619146,Olabade Aluko,Leicester,DEF,1,0,0,0,,,,,,,,,,,1.01,1.23,1.01,1.23,,,,,,,,,,,,,0,21,1,Crystal Palace,H,3,1.0221,0.9244,0.0009,0.0004,0.0002,0.0,-0.0,-0.0,0.0,0.0,0.0001,0.0003,-0.0001,0.0,0.0004,0.0004,0.0002
630664,Jake Evans,Leicester,MID,21,0,0,0,,,,,,,,,,,1.01,1.23,1.01,1.23,,,,,,,,,,,,,0,21,1,Crystal Palace,H,3,1.0221,0.9244,0.019,0.0074,0.0049,0.0,-0.0007,-0.0002,0.0,0.0022,0.0036,0.0019,0.0,0.0,0.0074,0.0074,0.0049
519223,Braybrooke,Leicester,MID,0,0,0,0,,,,,,,,,,,1.01,1.23,1.01,1.23,,,,,,,,,,,,,0,21,1,Crystal Palace,H,3,1.0221,0.9244,0.0,0.0,0.0,0.0,0.0,0.0,0.0,0.0,0.0,0.0,0.0,0.0,0.0,0.0,0.0
116535,A.Becker,Liverpool,GK,2508,28,0,0,2610.0,0.0,0.0,1.2297,0.3448,630.0,0.0,0.0,1.16,0.1429,2.5241,1.3195,3.0267,1.22,0.0,0.0,35.660000000000004,10.0,603.0,20.7931,0.0,0.0,8.12,1.0,140.0,20.0,28,21,1,Nott'm Forest,A,4,0.8981,1.1507,3.9785,1.0,0.99,0.9399,-0.1,-0.03,0.2725,0.0,0.0,1.253,-0.3469,0.0,1.0,1.0,0.99
169187,Alexander-Arnold,Liverpool,DEF,2362,28,0,0,2229.0,0.1147,0.2762,1.1455,0.8479,565.0,0.1322,0.3584,1.217,0.4779,2.5241,1.3195,3.0267,1.22,2.84,6.84,28.37,21.0,621.0,25.074,0.8300000000000001,2.25,7.64,3.0,140.0,22.3009,28,21,1,Nott'm Forest,A,4,0.8981,1.1507,4.6263,1.0,1.0,0.0,-0.1,-0.03,0.7014,0.6138,0.5258,1.2657,-0.3504,0.0,1.0,1.0,1.0
535928,Bajcetic,Liverpool,MID,0,0,0,0,25.0,0.0,0.0,3.168,0.0,25.0,0.0,0.0,3.168,0.0,2.5241,1.3195,3.0267,1.22,0.0,0.0,0.88,0.0,3.0,10.8,0.0,0.0,0.88,0.0,3.0,10.8,0,21,1,Nott'm Forest,A,4,0.8981,1.1507,0.0,0.0,0.0,0.0,0.0,0.0,0.0,0.0,0.0,0.0,0.0,0.0,0.0,0.0,0.0
492777,Bradley,Liverpool,DEF,744,7,0,0,765.0,0.1353,0.1482,0.8835,0.8235,32.0,0.675,0.0562,0.2531,0.0,2.5241,1.3195,3.0267,1.22,1.15,1.26,7.51,7.0,214.0,25.1765,0.24,0.02,0.09,0.0,6.0,16.875,7,21,1,Nott'm Forest,A,4,0.8981,1.1507,4.4125,1.0,1.0,0.0,-0.1,-0.03,0.7316,0.2869,0.6077,1.2657,-0.3504,0.001,1.0,1.0,1.0
491970,Clark,Liverpool,MID,0,0,0,0,86.0,0.1465,0.0105,1.8314,0.0,0.0,0.0,0.0,0.0,0.0,2.5241,1.3195,3.0267,1.22,0.14,0.01,1.75,0.0,7.0,7.3256,0.0,0.0,0.0,0.0,0.0,0.0,0,21,1,Nott'm Forest,A,4,0.8981,1.1507,0.0,0.0,0.0,0.0,0.0,0.0,0.0,0.0,0.0,0.0,0.0,0.0,0.0,0.0,0.0
447203,Darwin,Liverpool,FWD,1113,8,0,0,2033.0,0.7185,0.1935,1.1213,0.3984,166.0,0.5855,0.0759,1.3229,0.0,2.5241,1.3195,3.0267,1.22,16.23,4.37,25.33,9.0,397.0,17.575,1.08,0.14,2.44,0.0,6.0,3.253,8,21,1,Nott'm Forest,A,4,0.8981,1.1507,4.8929,1.0,1.0,0.0,-0.1,-0.03,0.3186,0.4627,2.2416,0.0,0.0,0.0,1.0,1.0,1.0
194634,Diogo J.,Liverpool,MID,1182,14,0,0,1219.0,0.457,0.1322,1.1532,0.5168,151.0,0.7689,0.0417,0.5364,1.1921,2.5241,1.3195,3.0267,1.22,6.19,1.79,15.62,7.0,352.0,25.9885,1.29,0.07,0.8999999999999999,2.0,55.0,32.7815,14,21,1,Nott'm Forest,A,4,0.8981,1.1507,4.7001,1.0,1.0,0.0,-0.1,-0.03,0.555,0.3287,1.6301,0.3164,0.0,0.0,1.0,1.0,1.0
496208,Doak,Liverpool,MID,0,0,0,0,13.0,0.0,0.0,0.9692,0.0,0.0,0.0,0.0,0.0,0.0,2.5241,1.3195,3.0267,1.22,0.0,0.0,0.14,0.0,3.0,20.7692,0.0,0.0,0.0,0.0,0.0,0.0,0,21,1,Nott'm Forest,A,4,0.8981,1.1507,0.0,0.0,0.0,0.0,0.0,0.0,0.0,0.0,0.0,0.0,0.0,0.0,0.0,0.0,0.0
444884,Elliott,Liverpool,MID,359,2,0,0,1330.0,0.1841,0.3167,1.3053,0.5414,443.0,0.2418,0.3129,1.2657,0.4063,2.5241,1.3195,3.0267,1.22,2.72,4.68,19.29,8.0,402.0,27.203,1.19,1.54,6.23,2.0,128.0,26.0045,2,21,1,Nott'm Forest,A,4,0.8981,1.1507,4.1924,1.0,1.0,0.0,-0.1,-0.03,0.4724,0.7146,0.8191,0.3164,0.0,0.0,1.0,1.0,1.0
158983,Endo,Liverpool,MID,259,1,0,0,1714.0,0.0268,0.0803,1.1772,0.0,424.0,0.0085,0.034,1.1611,0.0,2.5241,1.3195,3.0267,1.22,0.51,1.53,22.42,0.0,250.0,13.1272,0.04,0.16,5.470000000000001,0.0,68.0,14.434,1,21,1,Nott'm Forest,A,4,0.8981,1.1507,2.6814,1.0,1.0,0.0,-0.1,-0.03,0.0,0.245,0.25,0.3164,0.0,0.0,1.0,1.0,1.0
243298,Gakpo,Liverpool,FWD,1921,23,0,0,1644.0,0.4965,0.1484,1.3106,0.6569,430.0,0.5693,0.2302,1.2328,0.6279,2.5241,1.3195,3.0267,1.22,9.07,2.71,23.94,12.0,408.0,22.3358,2.72,1.1,5.89,3.0,117.0,24.4884,23,21,1,Nott'm Forest,A,4,0.8981,1.1507,4.4385,1.0,1.0,0.0,-0.1,-0.03,0.6003,0.4044,1.5638,0.0,0.0,0.0,1.0,1.0,1.0
171287,Gomez,Liverpool,DEF,517,6,0,0,1772.0,0.0518,0.0543,1.3754,0.1016,144.0,0.0812,0.0312,2.8938,0.0,2.5241,1.3195,3.0267,1.22,1.02,1.07,27.08,2.0,390.0,19.8081,0.13,0.05,4.63,0.0,42.0,26.25,6,21,1,Nott'm Forest,A,4,0.8981,1.1507,3.2785,1.0,1.0,0.0,-0.1,-0.03,0.0823,0.1319,0.279,1.2657,-0.3504,0.0,1.0,1.0,1.0
441266,Gravenberch,Liverpool,MID,3160,37,0,0,1200.0,0.156,0.1305,1.1625,0.225,303.0,0.1396,0.2376,0.7842,0.8911,2.5241,1.3195,3.0267,1.22,2.08,1.74,15.5,3.0,182.0,13.65,0.47,0.8,2.64,3.0,67.0,19.901,37,21,1,Nott'm Forest,A,4,0.8981,1.1507,3.5394,1.0,1.0,0.0,-0.1,-0.03,0.3213,0.384,0.6477,0.3164,0.0,0.0,1.0,1.0,1.0
206915,Jones,Liverpool,MID,1702,19,0,0,1156.0,0.2133,0.081,1.5119,0.1557,85.0,0.1271,0.0847,1.4082,0.0,2.5241,1.3195,3.0267,1.22,2.74,1.04,19.42,2.0,171.0,13.3131,0.12,0.08,1.33,0.0,14.0,14.8235,19,21,1,Nott'm Forest,A,4,0.8981,1.1507,3.4359,1.0,1.0,0.0,-0.1,-0.03,0.1316,0.2768,0.841,0.3164,0.0,0.0,1.0,1.0,1.0
200720,Kelleher,Liverpool,GK,900,10,0,0,900.0,0.0,0.001,1.033,0.3,0.0,0.0,0.0,0.0,0.0,2.5241,1.3195,3.0267,1.22,0.0,0.01,10.33,3.0,198.0,19.8,0.0,0.0,0.0,0.0,0.0,0.0,10,21,1,Nott'm Forest,A,4,0.8981,1.1507,3.9845,1.0,0.99,0.9399,-0.1,-0.03,0.2768,0.0017,0.0,1.253,-0.3469,0.0,1.0,1.0,0.99
204716,Konaté,Liverpool,DEF,2561,30,0,0,1615.0,0.039,0.0262,1.202,0.1115,107.0,0.0,0.0084,0.7654,0.0,2.5241,1.3195,3.0267,1.22,0.7,0.47,21.57,2.0,327.0,18.2229,0.0,0.01,0.91,0.0,21.0,17.6636,30,21,1,Nott'm Forest,A,4,0.8981,1.1507,3.1559,1.0,1.0,0.0,-0.1,-0.03,0.0926,0.0791,0.1989,1.2657,-0.3504,0.0,1.0,1.0,1.0
244731,Luis Díaz,Liverpool,MID,2393,28,0,0,2715.0,0.4157,0.1694,1.1824,0.2983,550.0,0.324,0.2504,1.1095,0.0,2.5241,1.3195,3.0267,1.22,12.54,5.11,35.67,9.0,426.0,14.1215,1.98,1.53,6.78,0.0,61.0,9.9818,28,21,1,Nott'm Forest,A,4,0.8981,1.1507,4.3494,1.0,1.0,0.0,-0.1,-0.03,0.2106,0.4639,1.4885,0.3164,0.0,0.0,1.0,1.0,1.0
118748,M.Salah,Liverpool,MID,3374,38,0,0,2621.0,0.7414,0.2617,1.1218,0.9271,477.0,0.7264,0.1698,1.3151,0.566,2.5241,1.3195,3.0267,1.22,21.59,7.62,32.67,27.0,659.0,22.6288,3.85,0.9,6.97,3.0,107.0,20.1887,38,21,1,Nott'm Forest,A,4,0.8981,1.1507,6.3388,1.0,1.0,0.0,-0.1,-0.03,0.7808,0.5951,2.7764,0.3164,0.0,0.0,1.0,1.0,1.0
243016,Mac Allister,Liverpool,MID,2597,30,0,0,2690.0,0.1235,0.1656,1.2583,0.4015,519.0,0.196,0.1751,1.2416,0.1734,2.5241,1.3195,3.0267,1.22,3.69,4.95,37.61,12.0,519.0,17.3643,1.13,1.01,7.16,1.0,81.0,14.0462,30,21,1,Nott'm Forest,A,4,0.8981,1.1507,3.5481,1.0,1.0,0.0,-0.1,-0.03,0.322,0.4263,0.6134,0.3164,0.0,0.0,1.0,1.0,1.0
491501,McConnell,Liverpool,MID,0,0,0,0,3.0,0.0,0.0,0.3,0.0,0.0,0.0,0.0,0.0,0.0,2.5241,1.3195,3.0267,1.22,0.0,0.0,0.01,0.0,8.0,240.0,0.0,0.0,0.0,0.0,0.0,0.0,0,21,1,Nott'm Forest,A,4,0.8981,1.1507,0.0,0.0,0.0,0.0,0.0,0.0,0.0,0.0,0.0,0.0,0.0,0.0,0.0,0.0,0.0
440148,Morton,Liverpool,MID,0,0,0,0,0.0,0.0,0.0,0.0,0.0,0.0,0.0,0.0,0.0,0.0,2.5241,1.3195,3.0267,1.22,0.0,0.0,0.0,0.0,0.0,0.0,0.0,0.0,0.0,0.0,0.0,0.0,0,21,1,Nott'm Forest,A,4,0.8981,1.1507,0.0,0.0,0.0,0.0,0.0,0.0,0.0,0.0,0.0,0.0,0.0,0.0,0.0,0.0,0.0
197464,N.Phillips,Liverpool,DEF,0,0,0,0,0.0,0.0,0.0,0.0,0.0,0.0,0.0,0.0,0.0,0.0,2.5241,1.3195,3.0267,1.22,0.0,0.0,0.0,0.0,0.0,0.0,0.0,0.0,0.0,0.0,0.0,0.0,0,21,1,Nott'm Forest,A,4,0.8981,1.1507,0.0,0.0,0.0,0.0,0.0,0.0,0.0,0.0,0.0,0.0,0.0,0.0,0.0,0.0,0.0
441428,Quansah,Liverpool,DEF,488,4,0,0,1233.0,0.0759,0.0139,1.065,0.365,522.0,0.1586,0.0155,1.2379,0.8621,2.5241,1.3195,3.0267,1.22,1.04,0.19,14.59,5.0,270.0,19.708,0.92,0.09,7.18,5.0,145.0,25.0,4,21,1,Nott'm Forest,A,4,0.8981,1.1507,3.7317,1.0,1.0,0.0,-0.1,-0.03,0.4425,0.0691,0.4346,1.2657,-0.3504,0.0002,1.0,1.0,1.0
219937,R.Williams,Liverpool,DEF,0,0,0,0,0.0,0.0,0.0,0.0,0.0,0.0,0.0,0.0,0.0,0.0,2.5241,1.3195,3.0267,1.22,0.0,0.0,0.0,0.0,0.0,0.0,0.0,0.0,0.0,0.0,0.0,0.0,0,21,1,Nott'm Forest,A,4,0.8981,1.1507,0.0,0.0,0.0,0.0,0.0,0.0,0.0,0.0,0.0,0.0,0.0,0.0,0.0,0.0,0.0
122798,Robertson,Liverpool,DEF,2479,29,0,0,1767.0,0.0968,0.2307,1.1837,0.4075,494.0,0.1968,0.3243,0.6923,0.9109,2.5241,1.3195,3.0267,1.22,1.9,4.53,23.24,8.0,487.0,24.8048,1.08,1.7800000000000002,3.8,5.0,171.0,31.1538,29,21,1,Nott'm Forest,A,4,0.8981,1.1507,4.3019,1.0,1.0,0.0,-0.1,-0.03,0.481,0.514,0.5215,1.2657,-0.3504,0.0,1.0,1.0,1.0
424876,Szoboszlai,Liverpool,MID,2485,29,0,0,2192.0,0.1556,0.2205,1.0474,0.3285,187.0,0.2599,0.2262,1.0059,0.4813,2.5241,1.3195,3.0267,1.22,3.79,5.37,25.51,8.0,465.0,19.0922,0.54,0.47,2.09,1.0,54.0,25.9893,29,21,1,Nott'm Forest,A,4,0.8981,1.1507,3.7502,1.0,1.0,0.0,-0.1,-0.03,0.3232,0.5297,0.7109,0.3164,0.0,0.0,1.0,1.0,1.0
214285,Tsimikas,Liverpool,DEF,829,9,0,0,686.0,0.0118,0.1666,1.1152,0.5248,17.0,0.0,0.0529,0.4235,0.0,2.5241,1.3195,3.0267,1.22,0.09,1.27,8.5,4.0,204.0,26.7638,0.0,0.01,0.08,0.0,5.0,26.4706,9,21,1,Nott'm Forest,A,4,0.8981,1.1507,3.7228,1.0,1.0,0.0,-0.1,-0.03,0.4741,0.3112,0.1506,1.2657,-0.3504,0.0015,1.0,1.0,1.0
97032,Virgil,Liverpool,DEF,3330,37,0,0,3267.0,0.0793,0.0289,1.2719,0.2204,630.0,0.0786,0.0114,1.16,0.0,2.5241,1.3195,3.0267,1.22,2.88,1.05,46.17,8.0,686.0,18.8981,0.55,0.08,8.12,0.0,121.0,17.2857,37,21,1,Nott'm Forest,A,4,0.8981,1.1507,3.4173,1.0,1.0,0.0,-0.1,-0.03,0.1535,0.0773,0.4012,1.2657,-0.3504,0.0,1.0,1.0,1.0
223541,Chiesa,Liverpool,MID,103,1,0,0,,,,,,,,,,,2.5241,1.3195,3.0267,1.22,,,,,,,,,,,,,1,21,1,Nott'm Forest,A,4,0.8981,1.1507,3.0813,1.0,1.0,0.0,-0.1,-0.03,0.0,0.3351,0.5585,0.3164,0.0,0.0012,1.0,1.0,1.0
432987,Jaros,Liverpool,GK,11,0,0,0,,,,,,,,,,,2.5241,1.3195,3.0267,1.22,,,,,,,,,,,,,0,21,1,Nott'm Forest,A,4,0.8981,1.1507,0.0143,0.0039,0.0038,0.0037,-0.0004,-0.0001,0.0,0.0,0.0,0.0048,-0.0013,0.0,0.0039,0.0039,0.0038
464353,Davies,Liverpool,GK,0,0,0,0,,,,,,,,,,,2.5241,1.3195,3.0267,1.22,,,,,,,,,,,,,0,21,1,Nott'm Forest,A,4,0.8981,1.1507,0.0,0.0,0.0,0.0,0.0,0.0,0.0,0.0,0.0,0.0,0.0,0.0,0.0,0.0,0.0
591386,Nyoni,Liverpool,MID,0,0,0,0,0.0,0.0,0.0,0.0,0.0,0.0,0.0,0.0,0.0,0.0,2.5241,1.3195,3.0267,1.22,0.0,0.0,0.0,0.0,0.0,0.0,0.0,0.0,0.0,0.0,0.0,0.0,0,21,1,Nott'm Forest,A,4,0.8981,1.1507,0.0,0.0,0.0,0.0,0.0,0.0,0.0,0.0,0.0,0.0,0.0,0.0,0.0,0.0,0.0
611926,Nallo,Liverpool,DEF,0,0,0,0,0.0,0.0,0.0,0.0,0.0,0.0,0.0,0.0,0.0,0.0,2.5241,1.3195,3.0267,1.22,0.0,0.0,0.0,0.0,0.0,0.0,0.0,0.0,0.0,0.0,0.0,0.0,0,21,1,Nott'm Forest,A,4,0.8981,1.1507,0.0,0.0,0.0,0.0,0.0,0.0,0.0,0.0,0.0,0.0,0.0,0.0,0.0,0.0,0.0
500058,Danns,Liverpool,FWD,10,0,0,0,7.0,0.0,0.1286,1.6714,0.0,0.0,0.0,0.0,0.0,0.0,2.5241,1.3195,3.0267,1.22,0.0,0.01,0.13,0.0,1.0,12.8571,0.0,0.0,0.0,0.0,0.0,0.0,0,21,1,Nott'm Forest,A,4,0.8981,1.1507,0.0091,0.0035,0.0023,0.0,-0.0003,-0.0001,0.0,0.0009,0.0029,0.0,0.0,0.0,0.0035,0.0035,0.0023
100052173,Slot,Liverpool,UNK,0,0,0,0,,,,,,,,,,,2.5241,1.3195,3.0267,1.22,,,,,,,,,,,,,0,21,1,Nott'm Forest,A,4,0.8981,1.1507,0.0,0.0,0.0,0.0,0.0,0.0,0.0,0.0,0.0,0.0,0.0,0.0,0.0,0.0,0.0
211975,Akanji,Man City,DEF,2012,23,0,0,2602.0,0.0612,0.0623,0.9246,0.2767,610.0,0.121,0.0516,0.7746,0.2951,2.2484,0.9765,2.36,0.8767,1.77,1.8,26.73,8.0,588.0,20.3382,0.82,0.35,5.25,2.0,148.0,21.8361,23,21,1,Brentford,A,3,0.9159,1.054,3.7527,1.0,1.0,0.0,-0.1,-0.03,0.2632,0.1545,0.3782,1.3942,-0.3074,0.0,1.0,1.0,1.0
126184,Aké,Man City,DEF,677,8,0,0,2039.0,0.109,0.0503,0.9331,0.2648,288.0,0.1312,0.0094,0.7906,0.0,2.2484,0.9765,2.36,0.8767,2.47,1.14,21.14,6.0,483.0,21.3193,0.42,0.03,2.53,0.0,75.0,23.4375,8,21,1,Brentford,A,3,0.9159,1.054,3.7856,1.0,1.0,0.0,-0.1,-0.03,0.2031,0.115,0.5107,1.3942,-0.3074,0.0,1.0,1.0,1.0
165809,Bernardo,Man City,MID,2667,29,0,0,2666.0,0.1239,0.2785,0.9253,0.6752,606.0,0.0594,0.2629,0.753,0.5941,2.2484,0.9765,2.36,0.8767,3.67,8.25,27.41,20.0,630.0,21.2678,0.4,1.77,5.07,4.0,158.0,23.4653,29,21,1,Brentford,A,3,0.9159,1.054,4.0546,1.0,1.0,0.0,-0.1,-0.03,0.6138,0.6906,0.5317,0.3485,0.0,0.0,1.0,1.0,1.0
477555,Bobb,Man City,MID,14,0,0,0,294.0,0.4592,0.3367,0.8908,0.6122,9.0,0.0,0.6,0.0,0.0,2.2484,0.9765,2.36,0.8767,1.5,1.1,2.91,2.0,112.0,34.2857,0.0,0.06,0.0,0.0,5.0,50.0,0,21,1,Brentford,A,3,0.9159,1.054,0.0174,0.0049,0.0033,0.0,-0.0005,-0.0001,0.0028,0.002,0.004,0.0012,0.0,0.0,0.0049,0.0049,0.0033
17601,Carson,Man City,GK,0,0,0,0,0.0,0.0,0.0,0.0,0.0,0.0,0.0,0.0,0.0,0.0,2.2484,0.9765,2.36,0.8767,0.0,0.0,0.0,0.0,0.0,0.0,0.0,0.0,0.0,0.0,0.0,0.0,0,21,1,Brentford,A,3,0.9159,1.054,0.0,0.0,0.0,0.0,0.0,0.0,0.0,0.0,0.0,0.0,0.0,0.0,0.0,0.0,0.0
61366,De Bruyne,Man City,MID,1694,19,0,0,1309.0,0.1698,0.4964,0.8202,0.7563,559.0,0.1771,0.3928,0.673,0.483,2.2484,0.9765,2.36,0.8767,2.47,7.22,11.93,11.0,429.0,29.4958,1.1,2.44,4.18,3.0,159.0,25.5993,19,21,1,Brentford,A,3,0.9159,1.054,4.6305,1.0,1.0,0.0,-0.1,-0.03,0.6477,1.0161,0.7482,0.3485,0.0,0.0,1.0,1.0,1.0
248875,Doku,Man City,MID,1506,16,0,0,1675.0,0.1451,0.3192,0.9253,0.6985,283.0,0.1781,0.2671,1.1735,0.0,2.2484,0.9765,2.36,0.8767,2.7,5.94,17.22,13.0,411.0,22.0836,0.56,0.8400000000000001,3.69,0.0,58.0,18.4452,16,21,1,Brentford,A,3,0.9159,1.054,4.1831,1.0,1.0,0.0,-0.1,-0.03,0.5368,0.7374,0.6904,0.3485,0.0,0.0,1.0,1.0,1.0
121160,Ederson M.,Man City,GK,2320,26,0,0,2875.0,0.0,0.0009,0.8903,0.1878,473.0,0.0,0.0,0.7154,0.1903,2.2484,0.9765,2.36,0.8767,0.0,0.03,28.44,6.0,599.0,18.7513,0.0,0.0,3.76,1.0,136.0,25.8774,26,21,1,Brentford,A,3,0.9159,1.054,4.1935,1.0,0.99,1.0797,-0.1,-0.03,0.1763,0.0016,0.0,1.3802,-0.3043,0.0,1.0,1.0,0.99
209244,Foden,Man City,MID,1771,20,0,0,2905.0,0.3151,0.2156,0.9056,0.9604,456.0,0.2467,0.15,0.6039,1.3816,2.2484,0.9765,2.36,0.8767,10.17,6.96,29.23,31.0,872.0,27.0155,1.25,0.76,3.06,7.0,165.0,32.5658,20,21,1,Brentford,A,3,0.9159,1.054,4.9582,1.0,1.0,0.0,-0.1,-0.03,0.9859,0.5197,1.2341,0.3485,0.0,0.0,1.0,1.0,1.0
114283,Grealish,Man City,MID,710,7,0,0,998.0,0.1957,0.2426,1.1345,0.5411,89.0,0.0,0.0809,1.8607,0.0,2.2484,0.9765,2.36,0.8767,2.17,2.69,12.58,6.0,199.0,17.9459,0.0,0.08,1.84,0.0,8.0,8.0899,7,21,1,Brentford,A,3,0.9159,1.054,4.0053,1.0,1.0,0.0,-0.1,-0.03,0.4626,0.552,0.7721,0.3485,0.0,0.0,1.0,1.0,1.0
477424,Gvardiol,Man City,DEF,3278,36,0,0,2417.0,0.118,0.0786,0.9268,0.4841,630.0,0.2057,0.0471,0.7571,1.1429,2.2484,0.9765,2.36,0.8767,3.17,2.11,24.89,13.0,579.0,21.5598,1.44,0.33,5.3,8.0,210.0,30.0,36,21,1,Brentford,A,3,0.9159,1.054,4.4117,1.0,1.0,0.0,-0.1,-0.03,0.6043,0.1832,0.6674,1.3942,-0.3074,0.0,1.0,1.0,1.0
223094,Haaland,Man City,FWD,2736,31,0,0,2643.0,1.0165,0.0742,0.9078,1.0556,461.0,1.1557,0.0332,0.6403,1.5618,2.2484,0.9765,2.36,0.8767,29.85,2.18,26.66,31.0,823.0,28.025,5.92,0.17,3.28,8.0,208.0,40.6074,31,21,1,Brentford,A,3,0.9159,1.054,6.473,1.0,1.0,0.0,-0.1,-0.03,1.0929,0.2185,3.2916,0.0,0.0,0.0,1.0,1.0,1.0
461358,J.Alvarez,Man City,FWD,0,0,0,0,2644.0,0.4449,0.2138,0.8687,0.5787,195.0,0.7385,0.0462,0.9831,0.0,2.2484,0.9765,2.36,0.8767,13.07,6.28,25.52,17.0,662.0,22.534,1.6,0.1,2.13,0.0,91.0,42.0,0,21,1,Brentford,A,3,0.9159,1.054,0.0,0.0,0.0,0.0,0.0,0.0,0.0,0.0,0.0,0.0,0.0,0.0,0.0,0.0,0.0
121145,João Cancelo,Man City,DEF,0,0,0,0,0.0,0.0,0.0,0.0,0.0,0.0,0.0,0.0,0.0,0.0,2.2484,0.9765,2.36,0.8767,0.0,0.0,0.0,0.0,0.0,0.0,0.0,0.0,0.0,0.0,0.0,0.0,0,21,1,Brentford,A,3,0.9159,1.054,0.0,0.0,0.0,0.0,0.0,0.0,0.0,0.0,0.0,0.0,0.0,0.0,0.0,0.0,0.0
91651,Kovačić,Man City,MID,2194,25,0,0,1629.0,0.0757,0.0928,0.8044,0.2762,487.0,0.0388,0.0462,0.6764,0.5544,2.2484,0.9765,2.36,0.8767,1.37,1.68,14.56,5.0,352.0,19.4475,0.21,0.25,3.66,3.0,98.0,18.1109,25,21,1,Brentford,A,3,0.9159,1.054,3.2042,1.0,1.0,0.0,-0.1,-0.03,0.3172,0.269,0.3995,0.3485,0.0,0.0,1.0,1.0,1.0
477064,Lewis,Man City,DEF,1888,21,0,0,894.0,0.0634,0.1268,0.9805,0.2013,109.0,0.0,0.0413,1.0239,0.0,2.2484,0.9765,2.36,0.8767,0.63,1.26,9.74,2.0,237.0,23.8591,0.0,0.05,1.24,0.0,27.0,22.2936,21,21,1,Brentford,A,3,0.9159,1.054,3.6791,1.0,1.0,0.0,-0.1,-0.03,0.1695,0.2532,0.2983,1.3942,-0.3074,0.0012,1.0,1.0,1.0
465351,Matheus N.,Man City,MID,1670,19,0,0,831.0,0.0964,0.1852,1.1253,0.1083,30.0,0.0,0.12,0.93,0.0,2.2484,0.9765,2.36,0.8767,0.89,1.71,10.39,1.0,118.0,12.7798,0.0,0.04,0.31,0.0,7.0,21.0,19,21,1,Brentford,A,3,0.9159,1.054,3.2872,1.0,1.0,0.0,-0.1,-0.03,0.0978,0.4569,0.5138,0.3485,0.0,0.0,1.0,1.0,1.0
432714,McAtee,Man City,MID,340,3,0,0,1815.0,0.1478,0.1071,1.9507,0.0,138.0,0.1043,0.45,2.1587,0.0,2.2484,0.9765,2.36,0.8767,2.98,2.16,39.34,0.0,259.0,12.843,0.16,0.6900000000000001,3.31,0.0,33.0,21.5217,3,21,1,Brentford,A,3,0.9159,1.054,3.2871,1.0,1.0,0.0,-0.1,-0.03,0.0,0.4073,0.6612,0.3485,0.0,0.0,1.0,1.0,1.0
88248,Ortega Moreno,Man City,GK,1099,12,0,0,632.0,0.0,0.0,1.021,0.2848,156.0,0.0,0.0,0.8885,0.0,2.2484,0.9765,2.36,0.8767,0.0,0.0,7.17,2.0,114.0,16.2342,0.0,0.0,1.54,0.0,24.0,13.8462,12,21,1,Brentford,A,3,0.9159,1.054,4.2481,1.0,0.99,1.0797,-0.1,-0.03,0.2325,0.0,0.0,1.3802,-0.3043,0.0,1.0,1.0,0.99
220566,Rodrigo,Man City,MID,72,1,0,0,2931.0,0.1225,0.1888,0.9178,0.5834,528.0,0.0375,0.1653,0.692,0.5114,2.2484,0.9765,2.36,0.8767,3.99,6.15,29.89,19.0,737.0,22.6305,0.22,0.97,4.06,3.0,137.0,23.3523,1,21,1,Brentford,A,3,0.9159,1.054,3.4562,1.0,0.9333,0.0,-0.1,-0.03,0.5306,0.3903,0.4067,0.3253,0.0,0.0,1.0,1.0,0.9333
171314,Rúben,Man City,DEF,2269,25,0,0,2647.0,0.0469,0.0656,0.8884,0.102,360.0,0.055,0.145,0.705,0.5,2.2484,0.9765,2.36,0.8767,1.38,1.93,26.130000000000003,3.0,540.0,18.3604,0.22,0.5800000000000001,2.8200000000000003,2.0,96.0,24.0,25,21,1,Brentford,A,3,0.9159,1.054,3.6028,1.0,1.0,0.0,-0.1,-0.03,0.17,0.2078,0.2681,1.3942,-0.3074,0.0,1.0,1.0,1.0
97299,Stones,Man City,DEF,544,6,0,0,1061.0,0.0899,0.0339,1.0408,0.2545,21.0,0.0,0.0,1.8429,0.0,2.2484,0.9765,2.36,0.8767,1.06,0.4,12.27,3.0,239.0,20.2733,0.0,0.0,0.43,0.0,3.0,12.8571,6,21,1,Brentford,A,3,0.9159,1.054,3.7096,1.0,1.0,0.0,-0.1,-0.03,0.2323,0.106,0.4142,1.3942,-0.3074,0.0004,1.0,1.0,1.0
58621,Walker,Man City,DEF,966,9,0,0,2766.0,0.013,0.1041,0.9309,0.423,506.0,0.0,0.0445,0.7221,0.8893,2.2484,0.9765,2.36,0.8767,0.4,3.2,28.61,13.0,633.0,20.5965,0.0,0.25,4.06,5.0,154.0,27.3913,9,21,1,Brentford,A,3,0.9159,1.054,3.776,1.0,1.0,0.0,-0.1,-0.03,0.4957,0.2284,0.0951,1.3942,-0.3074,0.0,1.0,1.0,1.0
510281,Savinho,Man City,MID,1760,21,0,0,45.0,0.0,0.32,0.6,0.0,45.0,0.0,0.32,0.6,0.0,2.2484,0.9765,2.36,0.8767,0.0,0.16,0.3,0.0,8.0,16.0,0.0,0.16,0.3,0.0,8.0,16.0,21,21,1,Brentford,A,3,0.9159,1.054,3.2279,1.0,1.0,0.0,-0.1,-0.03,0.0,0.4197,0.5868,0.3485,0.0,0.0028,1.0,1.0,1.0
472769,O’Reilly,Man City,MID,525,6,0,0,0.0,0.0,0.0,0.0,0.0,0.0,0.0,0.0,0.0,0.0,2.2484,0.9765,2.36,0.8767,0.0,0.0,0.0,0.0,0.0,0.0,0.0,0.0,0.0,0.0,0.0,0.0,6,21,1,Brentford,A,3,0.9159,1.054,2.7398,1.0,1.0,0.0,-0.1,-0.03,0.0,0.1955,0.3258,0.3485,0.0,0.0,1.0,1.0,1.0
59859,Gündogan,Man City,MID,2218,25,0,0,,,,,,,,,,,2.2484,0.9765,2.36,0.8767,,,,,,,,,,,,,25,21,1,Brentford,A,3,0.9159,1.054,2.4179,1.0,1.0,0.0,-0.1,-0.03,0.0,0.0747,0.1246,0.3485,0.0,0.0,1.0,1.0,1.0
476369,Kaboré,Man City,DEF,0,0,0,0,1727.0,0.0115,0.0975,1.9824,0.1563,34.0,0.0,0.0529,1.8265,0.0,2.2484,0.9765,2.36,0.8767,0.22,1.87,38.04,3.0,236.0,12.2988,0.0,0.02,0.69,0.0,5.0,13.2353,0,21,1,Brentford,A,3,0.9159,1.054,0.0,0.0,0.0,0.0,0.0,0.0,0.0,0.0,0.0,0.0,0.0,0.0,0.0,0.0,0.0
516250,Wright,Man City,MID,0,0,0,0,0.0,0.0,0.0,0.0,0.0,0.0,0.0,0.0,0.0,0.0,2.2484,0.9765,2.36,0.8767,0.0,0.0,0.0,0.0,0.0,0.0,0.0,0.0,0.0,0.0,0.0,0.0,0,21,1,Brentford,A,3,0.9159,1.054,0.0,0.0,0.0,0.0,0.0,0.0,0.0,0.0,0.0,0.0,0.0,0.0,0.0,0.0,0.0
554194,Simpson-Pusey,Man City,DEF,95,1,0,0,,,,,,,,,,,2.2484,0.9765,2.36,0.8767,,,,,,,,,,,,,1,21,1,Brentford,A,3,0.9159,1.054,3.4496,1.0,1.0,0.0,-0.1,-0.03,0.0,0.1154,0.2309,1.3942,-0.3074,0.1464,1.0,1.0,1.0
447880,Wilson-Esbrand,Man City,DEF,0,0,0,0,,,,,,,,,,,2.2484,0.9765,2.36,0.8767,,,,,,,,,,,,,0,21,1,Brentford,A,3,0.9159,1.054,0.0,0.0,0.0,0.0,0.0,0.0,0.0,0.0,0.0,0.0,0.0,0.0,0.0,0.0,0.0
487837,Mubama,Man City,FWD,27,0,0,0,75.0,0.192,0.012,3.468,0.0,0.0,0.0,0.0,0.0,0.0,2.2484,0.9765,2.36,0.8767,0.16,0.01,2.89,0.0,14.0,16.8,0.0,0.0,0.0,0.0,0.0,0.0,0,21,1,Brentford,A,3,0.9159,1.054,0.0245,0.0095,0.0063,0.0,-0.0009,-0.0003,0.0,0.0023,0.0076,0.0,0.0,0.0,0.0095,0.0095,0.0063
494307,Alleyne,Man City,DEF,0,0,0,0,,,,,,,,,,,2.2484,0.9765,2.36,0.8767,,,,,,,,,,,,,0,21,1,Brentford,A,3,0.9159,1.054,0.0,0.0,0.0,0.0,0.0,0.0,0.0,0.0,0.0,0.0,0.0,0.0,0.0,0.0,0.0
613120,Brits,Man City,GK,0,0,0,0,,,,,,,,,,,2.2484,0.9765,2.36,0.8767,,,,,,,,,,,,,0,21,1,Brentford,A,3,0.9159,1.054,0.0,0.0,0.0,0.0,0.0,0.0,0.0,0.0,0.0,0.0,0.0,0.0,0.0,0.0,0.0
578153,Khusanov,Man City,DEF,503,6,0,0,,,,,,,,,,,2.2484,0.9765,2.36,0.8767,,,,,,,,,,,,,6,21,1,Brentford,A,3,0.9159,1.054,3.1532,1.0,1.0,0.0,-0.1,-0.03,0.0,0.0638,0.1276,1.3942,-0.3074,0.005,1.0,1.0,1.0
616222,Vitor Reis,Man City,DEF,1,0,0,0,,,,,,,,,,,2.2484,0.9765,2.36,0.8767,,,,,,,,,,,,,0,21,1,Brentford,A,3,0.9159,1.054,0.0008,0.0004,0.0002,0.0,-0.0,-0.0,0.0,0.0,0.0001,0.0003,-0.0001,0.0,0.0004,0.0004,0.0002
100037973,Guardiola,Man City,UNK,0,0,0,0,,,,,,,,,,,2.2484,0.9765,2.36,0.8767,,,,,,,,,,,,,0,21,1,Brentford,A,3,0.9159,1.054,0.0,0.0,0.0,0.0,0.0,0.0,0.0,0.0,0.0,0.0,0.0,0.0,0.0,0.0,0.0
438234,Marmoush,Man City,FWD,1174,14,0,0,,,,,,,,,,,2.2484,0.9765,2.36,0.8767,,,,,,,,,,,,,14,21,1,Brentford,A,3,0.9159,1.054,2.3415,1.0,1.0,0.0,-0.1,-0.03,0.0,0.1147,0.3568,0.0,0.0,0.0,1.0,1.0,1.0
465694,N.Gonzalez,Man City,MID,760,9,0,0,,,,,,,,,,,2.2484,0.9765,2.36,0.8767,,,,,,,,,,,,,9,21,1,Brentford,A,3,0.9159,1.054,2.6278,1.0,1.0,0.0,-0.1,-0.03,0.0,0.1535,0.2558,0.3485,0.0,0.0,1.0,1.0,1.0
575204,Echeverri,Man City,MID,5,0,0,0,,,,,,,,,,,2.2484,0.9765,2.36,0.8767,,,,,,,,,,,,,0,21,1,Brentford,A,3,0.9159,1.054,0.0045,0.0018,0.0012,0.0,-0.0002,-0.0001,0.0,0.0005,0.0008,0.0004,0.0,0.0,0.0018,0.0018,0.0012
493250,Amad,Man Utd,MID,1898,20,0,0,445.0,0.1072,0.1213,1.5917,0.6067,354.0,0.1119,0.1144,1.7441,0.7627,1.5179,1.7992,1.9617,1.435,0.53,0.6,7.87,3.0,79.0,15.9775,0.44,0.45,6.86,3.0,69.0,17.5424,20,21,1,Southampton,H,1,0.1761,1.8774,2.4014,1.0,1.0,0.0,-0.1,-0.03,0.1913,0.0719,0.1151,0.153,0.0,0.0001,1.0,1.0,1.0
467169,Antony,Man Utd,MID,135,0,0,0,1311.0,0.232,0.1256,1.7286,0.0,223.0,0.678,0.0969,1.574,0.0,1.5179,1.7992,1.9617,1.435,3.38,1.83,25.18,0.0,184.0,12.6316,1.6800000000000002,0.24,3.9,0.0,37.0,14.9327,0,21,1,Southampton,H,1,0.1761,1.8774,0.087,0.0474,0.0316,0.0,-0.0047,-0.0014,0.0,0.0022,0.0071,0.0048,0.0,0.0,0.0474,0.0474,0.0316
141746,B.Fernandes,Man Utd,MID,3017,35,0,0,3208.0,0.3064,0.2878,1.8076,0.6733,418.0,0.4888,0.5426,1.5115,1.0766,1.5179,1.7992,1.9617,1.435,10.92,10.26,64.43,24.0,739.0,20.7325,2.27,2.52,7.02,5.0,136.0,29.2823,35,21,1,Southampton,H,1,0.1761,1.8774,2.6728,1.0,1.0,0.0,-0.1,-0.03,0.2277,0.1575,0.2647,0.153,0.0,0.0,1.0,1.0,1.0
451302,Bayindir,Man Utd,GK,360,4,0,0,0.0,0.0,0.0,0.0,0.0,0.0,0.0,0.0,0.0,0.0,1.5179,1.7992,1.9617,1.435,0.0,0.0,0.0,0.0,0.0,0.0,0.0,0.0,0.0,0.0,0.0,0.0,4,21,1,Southampton,H,1,0.1761,1.8774,2.7791,1.0,0.99,1.0009,-0.1,-0.03,0.0,0.0,0.0,0.6058,-0.6876,0.0,1.0,1.0,0.99
61256,Casemiro,Man Utd,MID,1489,18,0,0,2071.0,0.1651,0.0739,1.7826,0.0,630.0,0.1357,0.1229,1.4743,0.0,1.5179,1.7992,1.9617,1.435,3.8,1.7000000000000002,41.02,0.0,342.0,14.8624,0.95,0.86,10.32,0.0,109.0,15.5714,18,21,1,Southampton,H,1,0.1761,1.8774,2.1981,1.0,1.0,0.0,-0.1,-0.03,0.0,0.0487,0.1263,0.153,0.0,0.0,1.0,1.0,1.0
216051,Dalot,Man Utd,DEF,2812,31,0,0,3264.0,0.046,0.0662,1.7978,0.386,630.0,0.1,0.0371,1.4743,0.5714,1.5179,1.7992,1.9617,1.435,1.67,2.4,65.2,14.0,688.0,18.9706,0.7000000000000001,0.26,10.32,4.0,137.0,19.5714,31,21,1,Southampton,H,1,0.1761,1.8774,2.0083,1.0,1.0,0.0,-0.1,-0.03,0.1294,0.0304,0.061,0.6119,-0.6945,0.0,1.0,1.0,1.0
80607,Eriksen,Man Utd,MID,1052,11,0,0,1134.0,0.077,0.1952,1.5937,0.3175,252.0,0.0893,0.15,1.175,0.0,1.5179,1.7992,1.9617,1.435,0.97,2.46,20.08,4.0,248.0,19.6825,0.25,0.42,3.29,0.0,62.0,22.1429,11,21,1,Southampton,H,1,0.1761,1.8774,2.2852,1.0,1.0,0.0,-0.1,-0.03,0.0792,0.0924,0.0907,0.153,0.0,0.0,1.0,1.0,1.0
37642,Evans,Man Utd,DEF,312,3,0,0,1398.0,0.0039,0.0174,1.7858,0.1931,294.0,0.0,0.0061,1.6622,0.0,1.5179,1.7992,1.9617,1.435,0.06,0.27,27.74,3.0,295.0,18.9914,0.0,0.02,5.43,0.0,51.0,15.6122,3,21,1,Southampton,H,1,0.1761,1.8774,1.8665,1.0,1.0,0.0,-0.1,-0.03,0.0474,0.0135,0.0179,0.6119,-0.6945,0.0003,1.0,1.0,1.0
493105,Garnacho,Man Utd,MID,2188,23,0,0,2593.0,0.3093,0.1007,1.7976,0.243,561.0,0.4219,0.0979,1.5995,0.0,1.5179,1.7992,1.9617,1.435,8.91,2.9,51.79,7.0,383.0,13.2935,2.63,0.61,9.97,0.0,54.0,8.6631,23,21,1,Southampton,H,1,0.1761,1.8774,2.401,1.0,1.0,0.0,-0.1,-0.03,0.0557,0.0579,0.2644,0.153,0.0,0.0,1.0,1.0,1.0
465527,Hannibal,Man Utd,MID,0,0,0,0,131.0,0.0206,0.3298,2.3908,0.0,0.0,0.0,0.0,0.0,0.0,1.5179,1.7992,1.9617,1.435,0.03,0.48,3.48,0.0,34.0,23.3588,0.0,0.0,0.0,0.0,0.0,0.0,0,21,1,Southampton,H,1,0.1761,1.8774,0.0,0.0,0.0,0.0,0.0,0.0,0.0,0.0,0.0,0.0,0.0,0.0,0.0,0.0,0.0
21205,Heaton,Man Utd,GK,0,0,0,0,0.0,0.0,0.0,0.0,0.0,0.0,0.0,0.0,0.0,0.0,1.5179,1.7992,1.9617,1.435,0.0,0.0,0.0,0.0,0.0,0.0,0.0,0.0,0.0,0.0,0.0,0.0,0,21,1,Southampton,H,1,0.1761,1.8774,0.0,0.0,0.0,0.0,0.0,0.0,0.0,0.0,0.0,0.0,0.0,0.0,0.0,0.0,0.0
497894,Højlund,Man Utd,FWD,1998,23,0,0,2156.0,0.291,0.0401,1.6965,0.5844,358.0,0.2338,0.0226,1.2494,1.0056,1.5179,1.7992,1.9617,1.435,6.97,0.96,40.64,14.0,362.0,15.1113,0.93,0.09,4.97,4.0,102.0,25.6425,23,21,1,Southampton,H,1,0.1761,1.8774,2.3023,1.0,1.0,0.0,-0.1,-0.03,0.2005,0.0313,0.2005,0.0,0.0,0.0,1.0,1.0,1.0
184667,Lindelof,Man Utd,DEF,695,6,0,0,1328.0,0.0468,0.0291,1.7614,0.4744,0.0,0.0,0.0,0.0,0.0,1.5179,1.7992,1.9617,1.435,0.69,0.43,25.99,7.0,291.0,19.7214,0.0,0.0,0.0,0.0,0.0,0.0,6,21,1,Southampton,H,1,0.1761,1.8774,1.9987,1.0,1.0,0.0,-0.1,-0.03,0.1423,0.0184,0.0504,0.6119,-0.6945,0.0001,1.0,1.0,1.0
95658,Maguire,Man Utd,DEF,1751,19,0,0,1730.0,0.1009,0.051,1.928,0.3121,260.0,0.0312,0.0138,1.1112,0.6923,1.5179,1.7992,1.9617,1.435,1.94,0.98,37.06,6.0,373.0,19.4046,0.09,0.04,3.21,2.0,71.0,24.5769,19,21,1,Southampton,H,1,0.1761,1.8774,2.0086,1.0,1.0,0.0,-0.1,-0.03,0.1132,0.0243,0.0836,0.6119,-0.6945,0.0001,1.0,1.0,1.0
516895,Mainoo,Man Utd,MID,1646,19,0,0,2010.0,0.0403,0.0609,1.941,0.3582,573.0,0.0958,0.0832,1.4325,0.3141,1.5179,1.7992,1.9617,1.435,0.9,1.36,43.35,8.0,348.0,15.5821,0.61,0.53,9.12,2.0,124.0,19.4764,19,21,1,Southampton,H,1,0.1761,1.8774,2.235,1.0,1.0,0.0,-0.1,-0.03,0.1043,0.0435,0.0642,0.153,0.0,0.0,1.0,1.0,1.0
222690,Malacia,Man Utd,DEF,99,2,0,0,0.0,0.0,0.0,0.0,0.0,0.0,0.0,0.0,0.0,0.0,1.5179,1.7992,1.9617,1.435,0.0,0.0,0.0,0.0,0.0,0.0,0.0,0.0,0.0,0.0,0.0,0.0,2,21,1,Southampton,H,1,0.1761,1.8774,1.3103,1.0,0.4333,0.0,-0.1,-0.03,0.0,0.0121,0.0243,0.2652,-0.3009,0.0064,1.0,1.0,0.4333
221820,Martinez,Man Utd,DEF,1751,20,0,0,733.0,0.0,0.0123,1.4844,0.1228,155.0,0.0,0.0116,1.1903,0.5806,1.5179,1.7992,1.9617,1.435,0.0,0.1,12.09,1.0,160.0,19.6453,0.0,0.02,2.0500000000000003,1.0,42.0,24.3871,20,21,1,Southampton,H,1,0.1761,1.8774,1.8821,1.0,1.0,0.0,-0.1,-0.03,0.0544,0.0147,0.0222,0.6119,-0.6945,0.0035,1.0,1.0,1.0
195851,McTominay,Man Utd,MID,17,0,0,0,1897.0,0.2847,0.0195,1.8982,0.2372,328.0,0.1756,0.0165,1.8384,0.0,1.5179,1.7992,1.9617,1.435,6.0,0.41,40.01,5.0,310.0,14.7074,0.64,0.06,6.7,0.0,18.0,4.939,0,21,1,Southampton,H,1,0.1761,1.8774,0.0111,0.006,0.004,0.0,-0.0006,-0.0002,0.0003,0.0001,0.0008,0.0006,0.0,0.0,0.006,0.006,0.004
184341,Mount,Man Utd,MID,613,8,0,0,569.0,0.106,0.0633,1.607,0.0,140.0,0.2443,0.045,0.9386,0.0,1.5179,1.7992,1.9617,1.435,0.6699999999999999,0.4,10.16,0.0,92.0,14.5518,0.38,0.07,1.46,0.0,14.0,9.0,8,21,1,Southampton,H,1,0.1761,1.8774,2.1721,1.0,1.0,0.0,-0.1,-0.03,0.0,0.0471,0.102,0.153,0.0,0.0,1.0,1.0,1.0
202641,Onana,Man Utd,GK,3060,34,0,0,3510.0,0.0,0.0021,1.7969,0.2564,630.0,0.0,0.0029,1.4743,0.1429,1.5179,1.7992,1.9617,1.435,0.0,0.08,70.08,10.0,766.0,19.641,0.0,0.02,10.32,1.0,141.0,20.1429,34,21,1,Southampton,H,1,0.1761,1.8774,2.8488,1.0,0.99,1.0009,-0.1,-0.03,0.0686,0.001,0.0,0.6058,-0.6876,0.0,1.0,1.0,0.99
488404,Pellistri,Man Utd,MID,0,0,0,0,164.0,0.2799,0.214,2.2884,0.0,0.0,0.0,0.0,0.0,0.0,1.5179,1.7992,1.9617,1.435,0.51,0.39,4.17,0.0,36.0,19.7561,0.0,0.0,0.0,0.0,0.0,0.0,0,21,1,Southampton,H,1,0.1761,1.8774,0.0,0.0,0.0,0.0,0.0,0.0,0.0,0.0,0.0,0.0,0.0,0.0,0.0,0.0,0.0
106760,Shaw,Man Utd,DEF,346,4,0,0,960.0,0.0047,0.0834,1.8909,0.0,0.0,0.0,0.0,0.0,0.0,1.5179,1.7992,1.9617,1.435,0.05,0.8899999999999999,20.17,0.0,195.0,18.2812,0.0,0.0,0.0,0.0,0.0,0.0,4,21,1,Southampton,H,1,0.1761,1.8774,1.8451,1.0,1.0,0.0,-0.1,-0.03,0.0,0.0365,0.0205,0.6119,-0.6945,0.0006,1.0,1.0,1.0
458249,Zirkzee,Man Utd,FWD,1385,14,0,0,29.0,0.2172,0.0,0.7138,9.3103,29.0,0.2172,0.0,0.7138,9.3103,1.5179,1.7992,1.9617,1.435,0.07,0.0,0.23,3.0,33.0,102.4138,0.07,0.0,0.23,3.0,33.0,102.4138,14,21,1,Southampton,H,1,0.1761,1.8774,4.9794,1.0,1.0,0.0,-0.1,-0.03,2.7931,0.0749,0.2414,0.0,0.0,0.0,1.0,1.0,1.0
550864,Yoro,Man Utd,DEF,1160,12,0,0,0.0,0.0,0.0,0.0,0.0,0.0,0.0,0.0,0.0,0.0,1.5179,1.7992,1.9617,1.435,0.0,0.0,0.0,0.0,0.0,0.0,0.0,0.0,0.0,0.0,0.0,0.0,12,21,1,Southampton,H,1,0.1761,1.8774,1.8116,1.0,1.0,0.0,-0.1,-0.03,0.0,0.008,0.0159,0.6119,-0.6945,0.0003,1.0,1.0,1.0
209365,De Ligt,Man Utd,DEF,2119,25,0,0,9.0,0.0,0.0,0.6,0.0,9.0,0.0,0.0,0.6,0.0,1.5179,1.7992,1.9617,1.435,0.0,0.0,0.06,0.0,3.0,30.0,0.0,0.0,0.06,0.0,3.0,30.0,25,21,1,Southampton,H,1,0.1761,1.8774,2.129,1.0,1.0,0.0,-0.1,-0.03,0.0,0.0244,0.0489,0.6119,-0.6945,0.2682,1.0,1.0,1.0
230001,Mazraoui,Man Utd,DEF,2836,34,0,0,80.0,0.0,0.0113,0.4275,2.25,80.0,0.0,0.0113,0.4275,2.25,1.5179,1.7992,1.9617,1.435,0.0,0.01,0.38,2.0,32.0,36.0,0.0,0.01,0.38,2.0,32.0,36.0,34,21,1,Southampton,H,1,0.1761,1.8774,2.6714,1.0,1.0,0.0,-0.1,-0.03,0.675,0.0219,0.0422,0.6119,-0.6945,0.1449,1.0,1.0,1.0
490881,Collyer,Man Utd,MID,174,0,0,0,0.0,0.0,0.0,0.0,0.0,0.0,0.0,0.0,0.0,0.0,1.5179,1.7992,1.9617,1.435,0.0,0.0,0.0,0.0,0.0,0.0,0.0,0.0,0.0,0.0,0.0,0.0,0,21,1,Southampton,H,1,0.1761,1.8774,0.1065,0.0611,0.0407,0.0,-0.0061,-0.0018,0.0,0.0024,0.004,0.0062,0.0,0.0,0.0611,0.0611,0.0407
575034,Wheatley,Man Utd,FWD,0,0,0,0,13.0,0.0,0.0,2.2154,0.0,13.0,0.0,0.0,2.2154,0.0,1.5179,1.7992,1.9617,1.435,0.0,0.0,0.32,0.0,6.0,41.5385,0.0,0.0,0.32,0.0,6.0,41.5385,0,21,1,Southampton,H,1,0.1761,1.8774,0.0,0.0,0.0,0.0,0.0,0.0,0.0,0.0,0.0,0.0,0.0,0.0,0.0,0.0,0.0
232112,Ugarte,Man Utd,MID,1777,22,0,0,,,,,,,,,,,1.5179,1.7992,1.9617,1.435,,,,,,,,,,,,,22,21,1,Southampton,H,1,0.1761,1.8774,2.0646,1.0,1.0,0.0,-0.1,-0.03,0.0,0.0156,0.026,0.153,0.0,0.0,1.0,1.0,1.0
606745,Heaven,Man Utd,DEF,169,2,0,0,,,,,,,,,,,1.5179,1.7992,1.9617,1.435,,,,,,,,,,,,,2,21,1,Southampton,H,1,0.1761,1.8774,1.9207,1.0,1.0,0.0,-0.1,-0.03,0.0,0.0185,0.0371,0.6119,-0.6945,0.0777,1.0,1.0,1.0
547037,Fletcher,Man Utd,MID,0,0,0,0,,,,,,,,,,,1.5179,1.7992,1.9617,1.435,,,,,,,,,,,,,0,21,1,Southampton,H,1,0.1761,1.8774,0.0,0.0,0.0,0.0,0.0,0.0,0.0,0.0,0.0,0.0,0.0,0.0,0.0,0.0,0.0
577974,Amass,Man Utd,DEF,345,4,0,0,0.0,0.0,0.0,0.0,0.0,0.0,0.0,0.0,0.0,0.0,1.5179,1.7992,1.9617,1.435,0.0,0.0,0.0,0.0,0.0,0.0,0.0,0.0,0.0,0.0,0.0,0.0,4,21,1,Southampton,H,1,0.1761,1.8774,1.8564,1.0,1.0,0.0,-0.1,-0.03,0.0,0.015,0.03,0.6119,-0.6945,0.024,1.0,1.0,1.0
556639,Fitzgerald,Man Utd,MID,0,0,0,0,,,,,,,,,,,1.5179,1.7992,1.9617,1.435,,,,,,,,,,,,,0,21,1,Southampton,H,1,0.1761,1.8774,0.0,0.0,0.0,0.0,0.0,0.0,0.0,0.0,0.0,0.0,0.0,0.0,0.0,0.0,0.0
576637,Kukonki,Man Utd,DEF,0,0,0,0,,,,,,,,,,,1.5179,1.7992,1.9617,1.435,,,,,,,,,,,,,0,21,1,Southampton,H,1,0.1761,1.8774,0.0,0.0,0.0,0.0,0.0,0.0,0.0,0.0,0.0,0.0,0.0,0.0,0.0,0.0,0.0
100053636,Amorim,Man Utd,UNK,0,0,0,0,,,,,,,,,,,1.5179,1.7992,1.9617,1.435,,,,,,,,,,,,,0,21,1,Southampton,H,1,0.1761,1.8774,0.0,0.0,0.0,0.0,0.0,0.0,0.0,0.0,0.0,0.0,0.0,0.0,0.0,0.0,0.0
588555,Harrison,Man Utd,GK,0,0,0,0,,,,,,,,,,,1.5179,1.7992,1.9617,1.435,,,,,,,,,,,,,0,21,1,Southampton,H,1,0.1761,1.8774,0.0,0.0,0.0,0.0,0.0,0.0,0.0,0.0,0.0,0.0,0.0,0.0,0.0,0.0,0.0
596777,Dorgu,Man Utd,DEF,840,10,0,0,,,,,,,,,,,1.5179,1.7992,1.9617,1.435,,,,,,,,,,,,,10,21,1,Southampton,H,1,0.1761,1.8774,1.8159,1.0,1.0,0.0,-0.1,-0.03,0.0,0.0092,0.0184,0.6119,-0.6945,0.0009,1.0,1.0,1.0
596047,Obi,Man Utd,FWD,160,1,0,0,,,,,,,,,,,1.5179,1.7992,1.9617,1.435,,,,,,,,,,,,,1,21,1,Southampton,H,1,0.1761,1.8774,2.1168,1.0,1.0,0.0,-0.1,-0.03,0.0,0.06,0.1868,0.0,0.0,0.0,1.0,1.0,1.0
547676,Fredricson,Man Utd,DEF,166,2,0,0,,,,,,,,,,,1.5179,1.7992,1.9617,1.435,,,,,,,,,,,,,2,21,1,Southampton,H,1,0.1761,1.8774,1.9148,1.0,1.0,0.0,-0.1,-0.03,0.0,0.0183,0.0366,0.6119,-0.6945,0.0725,1.0,1.0,1.0
559684,Moorhouse,Man Utd,MID,0,0,0,0,,,,,,,,,,,1.5179,1.7992,1.9617,1.435,,,,,,,,,,,,,0,21,1,Southampton,H,1,0.1761,1.8774,0.0,0.0,0.0,0.0,0.0,0.0,0.0,0.0,0.0,0.0,0.0,0.0,0.0,0.0,0.0
618873,Koné,Man Utd,MID,0,0,0,0,,,,,,,,,,,1.5179,1.7992,1.9617,1.435,,,,,,,,,,,,,0,21,1,Southampton,H,1,0.1761,1.8774,0.0,0.0,0.0,0.0,0.0,0.0,0.0,0.0,0.0,0.0,0.0,0.0,0.0,0.0,0.0
439483,Graczyk,Man Utd,GK,0,0,0,0,,,,,,,,,,,1.5179,1.7992,1.9617,1.435,,,,,,,,,,,,,0,21,1,Southampton,H,1,0.1761,1.8774,0.0,0.0,0.0,0.0,0.0,0.0,0.0,0.0,0.0,0.0,0.0,0.0,0.0,0.0,0.0
461537,Dermot Mee,Man Utd,GK,0,0,0,0,0.0,0.0,0.0,0.0,0.0,0.0,0.0,0.0,0.0,0.0,1.5179,1.7992,1.9617,1.435,0.0,0.0,0.0,0.0,0.0,0.0,0.0,0.0,0.0,0.0,0.0,0.0,0,21,1,Southampton,H,1,0.1761,1.8774,0.0,0.0,0.0,0.0,0.0,0.0,0.0,0.0,0.0,0.0,0.0,0.0,0.0,0.0,0.0
545477,A.Murphy,Newcastle,DEF,0,0,0,0,11.0,0.0,0.0,0.6545,0.0,8.0,0.0,0.0,0.9,0.0,2.0703,1.6689,2.5683,1.3117,0.0,0.0,0.08,0.0,6.0,49.0909,0.0,0.0,0.08,0.0,4.0,45.0,0,21,1,Wolves,H,3,1.3742,1.2003,0.0,0.0,0.0,0.0,0.0,0.0,0.0,0.0,0.0,0.0,0.0,0.0,0.0,0.0,0.0
179018,Almirón,Newcastle,MID,150,1,0,0,1930.0,0.2131,0.1115,1.779,0.1865,85.0,0.0529,0.0318,1.0059,0.0,2.0703,1.6689,2.5683,1.3117,4.57,2.39,38.15,4.0,277.0,12.9171,0.05,0.03,0.95,0.0,7.0,7.4118,1,21,1,Wolves,H,3,1.3742,1.2003,4.158,1.0,1.0,0.0,-0.1,-0.03,0.2169,0.4731,1.297,0.3011,0.0,0.0,1.0,1.0,1.0
201666,Barnes,Newcastle,MID,1746,17,0,0,808.0,0.421,0.2116,1.2163,0.3342,231.0,0.3701,0.0857,1.1377,0.0,2.0703,1.6689,2.5683,1.3117,3.78,1.9,10.92,3.0,206.0,22.9455,0.95,0.22,2.9200000000000004,0.0,51.0,19.8701,17,21,1,Wolves,H,3,1.3742,1.2003,5.3385,1.0,1.0,0.0,-0.1,-0.03,0.3557,0.7185,2.0931,0.3011,0.0,0.0,1.0,1.0,1.0
220237,Botman,Newcastle,DEF,412,6,0,0,1375.0,0.0406,0.0353,2.0671,0.2618,0.0,0.0,0.0,0.0,0.0,2.0703,1.6689,2.5683,1.3117,0.62,0.54,31.58,4.0,298.0,19.5055,0.0,0.0,0.0,0.0,0.0,0.0,6,21,1,Wolves,H,3,1.3742,1.2003,3.1707,1.0,0.8593,0.0,-0.1,-0.03,0.3323,0.1234,0.2712,1.035,-0.3204,0.0,1.0,1.0,0.8593
208706,Bruno G.,Newcastle,MID,3273,38,0,0,3354.0,0.1318,0.1674,1.621,0.4025,630.0,0.2243,0.18,1.3129,0.8571,2.0703,1.6689,2.5683,1.3117,4.91,6.24,60.41,15.0,705.0,18.9177,1.57,1.26,9.19,6.0,177.0,25.2857,38,21,1,Wolves,H,3,1.3742,1.2003,4.4943,1.0,1.0,0.0,-0.1,-0.03,0.6522,0.6599,1.0111,0.3011,0.0,0.0,1.0,1.0,1.0
78916,Burn,Newcastle,DEF,3330,37,0,0,2815.0,0.1071,0.0358,1.5343,0.1279,630.0,0.0614,0.0186,1.3129,0.0,2.0703,1.6689,2.5683,1.3117,3.35,1.12,47.99,4.0,511.0,16.3375,0.43,0.13,9.19,0.0,92.0,13.1429,37,21,1,Wolves,H,3,1.3742,1.2003,3.6907,1.0,1.0,0.0,-0.1,-0.03,0.1226,0.1439,0.7227,1.2044,-0.3728,0.0,1.0,1.0,1.0
67089,Dúbravka,Newcastle,GK,900,10,0,0,1984.0,0.0,0.0,2.0114,0.1361,450.0,0.0,0.0,1.24,0.0,2.0703,1.6689,2.5683,1.3117,0.0,0.0,44.34,3.0,426.0,19.3246,0.0,0.0,6.2,0.0,83.0,16.6,10,21,1,Wolves,H,3,1.3742,1.2003,3.6041,1.0,0.99,0.7858,-0.1,-0.03,0.135,0.0,0.0,1.1924,-0.3691,0.0,1.0,1.0,0.99
232826,Gordon,Newcastle,MID,2428,28,0,0,2965.0,0.3045,0.1645,1.6106,0.425,504.0,0.2,0.2482,1.3125,0.3571,2.0703,1.6689,2.5683,1.3117,10.03,5.42,53.06,14.0,606.0,18.3946,1.12,1.39,7.35,2.0,115.0,20.5357,28,21,1,Wolves,H,3,1.3742,1.2003,5.1063,1.0,1.0,0.0,-0.1,-0.03,0.5198,0.7062,1.7092,0.3011,0.0,0.0,1.0,1.0,1.0
487838,Hall,Newcastle,DEF,2188,24,0,0,842.0,0.0374,0.0791,1.5424,0.3207,535.0,0.0555,0.0538,1.366,0.0,2.0703,1.6689,2.5683,1.3117,0.35,0.74,14.43,3.0,188.0,20.095,0.33,0.32,8.120000000000001,0.0,100.0,16.8224,24,21,1,Wolves,H,3,1.3742,1.2003,3.6492,1.0,1.0,0.0,-0.1,-0.03,0.3124,0.2642,0.3703,1.2044,-0.3728,0.0007,1.0,1.0,1.0
153127,Hayden,Newcastle,MID,0,0,0,0,0.0,0.0,0.0,0.0,0.0,0.0,0.0,0.0,0.0,0.0,2.0703,1.6689,2.5683,1.3117,0.0,0.0,0.0,0.0,0.0,0.0,0.0,0.0,0.0,0.0,0.0,0.0,0,21,1,Wolves,H,3,1.3742,1.2003,0.0,0.0,0.0,0.0,0.0,0.0,0.0,0.0,0.0,0.0,0.0,0.0,0.0,0.0,0.0
219168,Isak,Newcastle,FWD,2758,34,0,0,2343.0,0.7767,0.106,1.7355,0.8835,583.0,0.67,0.1451,1.3214,0.7719,2.0703,1.6689,2.5683,1.3117,20.22,2.76,45.18,23.0,667.0,25.621,4.34,0.94,8.559999999999999,5.0,163.0,25.163,34,21,1,Wolves,H,3,1.3742,1.2003,6.7239,1.0,1.0,0.0,-0.1,-0.03,1.0875,0.4552,3.3112,0.0,0.0,0.0,1.0,1.0,1.0
114243,J.Murphy,Newcastle,MID,2356,31,0,0,1213.0,0.1655,0.2493,1.3815,0.2968,421.0,0.2202,0.3998,1.3169,0.2138,2.0703,1.6689,2.5683,1.3117,2.23,3.36,18.62,4.0,321.0,23.817,1.03,1.87,6.16,1.0,145.0,30.9976,31,21,1,Wolves,H,3,1.3742,1.2003,4.3336,1.0,1.0,0.0,-0.1,-0.03,0.3542,0.8315,0.9769,0.3011,0.0,0.0,1.0,1.0,1.0
180974,Joelinton,Newcastle,MID,2394,29,0,0,1366.0,0.2003,0.0725,1.7835,0.3953,233.0,0.3245,0.1661,1.433,1.1588,2.0703,1.6689,2.5683,1.3117,3.04,1.1,27.07,6.0,243.0,16.0102,0.84,0.43,3.71,3.0,63.0,24.3348,29,21,1,Wolves,H,3,1.3742,1.2003,4.4888,1.0,1.0,0.0,-0.1,-0.03,0.6588,0.4016,1.2573,0.3011,0.0,0.0,1.0,1.0,1.0
235530,Kelly,Newcastle,DEF,299,4,0,0,1573.0,0.0195,0.0441,1.4579,0.2861,305.0,0.0089,0.0266,1.6967,0.0,2.0703,1.6689,2.5683,1.3117,0.3399999999999999,0.77,25.48,5.0,297.0,16.993,0.03,0.09,5.75,0.0,62.0,18.2951,4,21,1,Wolves,H,3,1.3742,1.2003,3.316,1.0,0.9944,0.0,-0.1,-0.03,0.2957,0.1484,0.1806,1.1977,-0.3707,0.0,1.0,1.0,0.9944
111773,Krafth,Newcastle,DEF,334,2,0,0,969.0,0.0186,0.0706,1.3486,0.0929,555.0,0.0081,0.0276,1.247,0.0,2.0703,1.6689,2.5683,1.3117,0.2,0.76,14.52,1.0,208.0,19.3189,0.05,0.1699999999999999,7.69,0.0,96.0,15.5676,2,21,1,Wolves,H,3,1.3742,1.2003,3.2605,1.0,1.0,0.0,-0.1,-0.03,0.0901,0.2336,0.2348,1.2044,-0.3728,0.0004,1.0,1.0,1.0
564510,Kuol,Newcastle,MID,0,0,0,0,0.0,0.0,0.0,0.0,0.0,0.0,0.0,0.0,0.0,0.0,2.0703,1.6689,2.5683,1.3117,0.0,0.0,0.0,0.0,0.0,0.0,0.0,0.0,0.0,0.0,0.0,0.0,0,21,1,Wolves,H,3,1.3742,1.2003,0.0,0.0,0.0,0.0,0.0,0.0,0.0,0.0,0.0,0.0,0.0,0.0,0.0,0.0,0.0
101148,Lascelles,Newcastle,DEF,0,0,0,0,1077.0,0.0618,0.01,1.5109,0.2507,0.0,0.0,0.0,0.0,0.0,2.0703,1.6689,2.5683,1.3117,0.74,0.12,18.08,3.0,212.0,17.7159,0.0,0.0,0.0,0.0,0.0,0.0,0,21,1,Wolves,H,3,1.3742,1.2003,0.0,0.0,0.0,0.0,0.0,0.0,0.0,0.0,0.0,0.0,0.0,0.0,0.0,0.0,0.0
194799,Lewis,Newcastle,DEF,0,0,0,0,0.0,0.0,0.0,0.0,0.0,0.0,0.0,0.0,0.0,0.0,2.0703,1.6689,2.5683,1.3117,0.0,0.0,0.0,0.0,0.0,0.0,0.0,0.0,0.0,0.0,0.0,0.0,0,21,1,Wolves,H,3,1.3742,1.2003,0.0,0.0,0.0,0.0,0.0,0.0,0.0,0.0,0.0,0.0,0.0,0.0,0.0,0.0,0.0
441191,Livramento,Newcastle,DEF,2835,32,0,0,1392.0,0.0246,0.0537,1.9655,0.3233,360.0,0.025,0.085,1.4125,0.25,2.0703,1.6689,2.5683,1.3117,0.38,0.83,30.4,5.0,278.0,17.9741,0.1,0.3399999999999999,5.65,1.0,72.0,18.0,32,21,1,Wolves,H,3,1.3742,1.2003,3.586,1.0,1.0,0.0,-0.1,-0.03,0.3917,0.2313,0.2613,1.2044,-0.3728,0.0001,1.0,1.0,1.0
180135,Longstaff,Newcastle,MID,783,8,0,0,2832.0,0.2148,0.0893,1.6958,0.0953,578.0,0.3706,0.0576,1.3048,0.3114,2.0703,1.6689,2.5683,1.3117,6.76,2.81,53.36,3.0,429.0,13.6335,2.38,0.37,8.38,2.0,97.0,15.1038,8,21,1,Wolves,H,3,1.3742,1.2003,4.3507,1.0,1.0,0.0,-0.1,-0.03,0.1864,0.3873,1.6059,0.3011,0.0,0.0,1.0,1.0,1.0
547719,Miley,Newcastle,MID,304,1,0,0,1203.0,0.0913,0.0808,2.2594,0.0748,0.0,0.0,0.0,0.0,0.0,2.0703,1.6689,2.5683,1.3117,1.22,1.08,30.2,1.0,232.0,17.3566,0.0,0.0,0.0,0.0,0.0,0.0,1,21,1,Wolves,H,3,1.3742,1.2003,3.4286,1.0,1.0,0.0,-0.1,-0.03,0.0949,0.4169,0.7457,0.3011,0.0,0.0,1.0,1.0,1.0
111452,Odysseas,Newcastle,GK,0,0,0,0,450.0,0.0,0.002,1.496,0.0,0.0,0.0,0.0,0.0,0.0,2.0703,1.6689,2.5683,1.3117,0.0,0.01,7.48,0.0,79.0,15.8,0.0,0.0,0.0,0.0,0.0,0.0,0,21,1,Wolves,H,3,1.3742,1.2003,0.0,0.0,0.0,0.0,0.0,0.0,0.0,0.0,0.0,0.0,0.0,0.0,0.0,0.0,0.0
98747,Pope,Newcastle,GK,2520,28,0,0,1435.0,0.0013,0.0,1.1095,0.1882,180.0,0.0,0.0,1.495,1.0,2.0703,1.6689,2.5683,1.3117,0.02,0.0,17.69,3.0,306.0,19.1916,0.0,0.0,2.99,2.0,38.0,19.0,28,21,1,Wolves,H,3,1.3742,1.2003,3.8588,1.0,0.99,0.7858,-0.1,-0.03,0.3831,0.0,0.0066,1.1924,-0.3691,0.0,1.0,1.0,0.99
19236,Ruddy,Newcastle,GK,0,0,0,0,0.0,0.0,0.0,0.0,0.0,0.0,0.0,0.0,0.0,0.0,2.0703,1.6689,2.5683,1.3117,0.0,0.0,0.0,0.0,0.0,0.0,0.0,0.0,0.0,0.0,0.0,0.0,0,21,1,Wolves,H,3,1.3742,1.2003,0.0,0.0,0.0,0.0,0.0,0.0,0.0,0.0,0.0,0.0,0.0,0.0,0.0,0.0,0.0
119471,Schär,Newcastle,DEF,2935,33,0,0,3082.0,0.0733,0.0412,1.7182,0.3504,279.0,0.0613,0.0129,1.2419,0.0,2.0703,1.6689,2.5683,1.3117,2.51,1.41,58.84,12.0,621.0,18.1343,0.19,0.04,3.85,0.0,20.0,6.4516,33,21,1,Wolves,H,3,1.3742,1.2003,3.7756,1.0,1.0,0.0,-0.1,-0.03,0.3656,0.1565,0.5519,1.2044,-0.3728,0.0,1.0,1.0,1.0
169359,Targett,Newcastle,DEF,20,0,0,0,77.0,0.0,0.0117,2.0688,0.0,0.0,0.0,0.0,0.0,0.0,2.0703,1.6689,2.5683,1.3117,0.0,0.01,1.77,0.0,15.0,17.5325,0.0,0.0,0.0,0.0,0.0,0.0,0,21,1,Wolves,H,3,1.3742,1.2003,0.0172,0.007,0.0047,0.0,-0.0007,-0.0002,0.0,0.0009,0.0017,0.0057,-0.0018,0.0,0.007,0.007,0.0047
432422,Tonali,Newcastle,MID,2625,28,0,0,437.0,0.1277,0.0968,1.3716,0.0,0.0,0.0,0.0,0.0,0.0,2.0703,1.6689,2.5683,1.3117,0.62,0.47,6.66,0.0,86.0,17.7117,0.0,0.0,0.0,0.0,0.0,0.0,28,21,1,Wolves,H,3,1.3742,1.2003,3.6464,1.0,1.0,0.0,-0.1,-0.03,0.0,0.5161,0.9592,0.3011,0.0,0.0,1.0,1.0,1.0
77794,Trippier,Newcastle,DEF,1299,14,0,0,2235.0,0.0262,0.2807,1.6212,0.8054,72.0,0.0,0.0875,1.575,0.0,2.0703,1.6689,2.5683,1.3117,0.65,6.97,40.26,20.0,589.0,23.7181,0.0,0.0699999999999999,1.26,0.0,15.0,18.75,14,21,1,Wolves,H,3,1.3742,1.2003,4.8151,1.0,1.0,0.0,-0.1,-0.03,0.9469,0.9253,0.2413,1.2044,-0.3728,0.0,1.0,1.0,1.0
461484,White,Newcastle,MID,0,0,0,0,12.0,0.0,0.0,1.8,0.0,1.0,0.0,0.0,9.9,0.0,2.0703,1.6689,2.5683,1.3117,0.0,0.0,0.24,0.0,9.0,67.5,0.0,0.0,0.11,0.0,3.0,270.0,0,21,1,Wolves,H,3,1.3742,1.2003,0.0,0.0,0.0,0.0,0.0,0.0,0.0,0.0,0.0,0.0,0.0,0.0,0.0,0.0,0.0
200089,Willock,Newcastle,MID,1065,11,0,0,415.0,0.1908,0.1236,1.7414,0.0,0.0,0.0,0.0,0.0,0.0,2.0703,1.6689,2.5683,1.3117,0.88,0.57,8.03,0.0,60.0,13.012,0.0,0.0,0.0,0.0,0.0,0.0,11,21,1,Wolves,H,3,1.3742,1.2003,3.898,1.0,1.0,0.0,-0.1,-0.03,0.0,0.569,1.1578,0.3011,0.0,0.0,1.0,1.0,1.0
75115,Wilson,Newcastle,FWD,355,2,0,0,981.0,0.822,0.0495,1.2037,0.367,126.0,1.0429,0.1643,0.7929,0.0,2.0703,1.6689,2.5683,1.3117,8.96,0.54,13.12,4.0,246.0,22.5688,1.46,0.23,1.11,0.0,59.0,42.1429,2,21,1,Wolves,H,3,1.3742,1.2003,6.3399,1.0,1.0,0.0,-0.1,-0.03,0.4139,0.3872,3.6687,0.0,0.0,0.0,1.0,1.0,1.0
578512,Pivas,Newcastle,DEF,0,0,0,0,0.0,0.0,0.0,0.0,0.0,0.0,0.0,0.0,0.0,0.0,2.0703,1.6689,2.5683,1.3117,0.0,0.0,0.0,0.0,0.0,0.0,0.0,0.0,0.0,0.0,0.0,0.0,0,21,1,Wolves,H,3,1.3742,1.2003,0.0,0.0,0.0,0.0,0.0,0.0,0.0,0.0,0.0,0.0,0.0,0.0,0.0,0.0,0.0
538207,Osula,Newcastle,FWD,124,0,0,0,778.0,0.1897,0.0174,2.3356,0.0,26.0,0.1731,0.0692,2.8731,0.0,2.0703,1.6689,2.5683,1.3117,1.64,0.15,20.19,0.0,27.0,3.1234,0.05,0.02,0.83,0.0,4.0,13.8462,0,21,1,Wolves,H,3,1.3742,1.2003,0.1157,0.0435,0.029,0.0,-0.0043,-0.0013,0.0,0.0085,0.0404,0.0,0.0,0.0,0.0435,0.0435,0.029
100038215,Howe,Newcastle,UNK,0,0,0,0,,,,,,,,,,,2.0703,1.6689,2.5683,1.3117,,,,,,,,,,,,,0,21,1,Wolves,H,3,1.3742,1.2003,0.0,0.0,0.0,0.0,0.0,0.0,0.0,0.0,0.0,0.0,0.0,0.0,0.0,0.0,0.0
599303,Neave,Newcastle,FWD,0,0,0,0,,,,,,,,,,,2.0703,1.6689,2.5683,1.3117,,,,,,,,,,,,,0,21,1,Wolves,H,3,1.3742,1.2003,0.0,0.0,0.0,0.0,0.0,0.0,0.0,0.0,0.0,0.0,0.0,0.0,0.0,0.0,0.0
106468,Alex Moreno,Nott'm Forest,DEF,952,11,0,0,1024.0,0.0976,0.0861,1.626,0.4395,1.0,0.0,0.0,4.5,0.0,1.3036,1.4872,1.4283,1.3,1.11,0.98,18.5,5.0,211.0,18.5449,0.0,0.0,0.05,0.0,3.0,270.0,11,21,1,Liverpool,H,5,0.9295,2.153,2.5594,1.0,1.0,0.0,-0.1,-0.03,0.4155,0.1989,0.4391,0.4645,-0.8298,0.0012,1.0,1.0,1.0
159506,Aina,Nott'm Forest,DEF,2996,35,0,0,1743.0,0.0186,0.0532,1.5263,0.1033,413.0,0.0392,0.0937,1.2901,0.0,1.3036,1.4872,1.4283,1.3,0.36,1.03,29.56,2.0,293.0,15.1291,0.18,0.43,5.92,0.0,77.0,16.7797,35,21,1,Liverpool,H,5,0.9295,2.153,1.8962,1.0,1.0,0.0,-0.1,-0.03,0.0771,0.1559,0.1583,0.4645,-0.8298,0.0002,1.0,1.0,1.0
215379,Anderson,Nott'm Forest,MID,2726,33,0,0,1036.0,0.1416,0.1095,1.1363,0.2606,366.0,0.1033,0.1574,1.4385,0.7377,1.3036,1.4872,1.4283,1.3,1.63,1.26,13.08,3.0,148.0,12.8571,0.42,0.64,5.85,3.0,50.0,12.2951,33,21,1,Liverpool,H,5,0.9295,2.153,3.2525,1.0,1.0,0.0,-0.1,-0.03,0.3377,0.3331,0.5956,0.1161,0.0,0.0,1.0,1.0,1.0
210156,Awoniyi,Nott'm Forest,FWD,398,3,0,0,1054.0,0.4244,0.0794,1.3833,0.4269,34.0,0.3176,0.0794,2.2765,0.0,1.3036,1.4872,1.4283,1.3,4.97,0.93,16.2,5.0,253.0,21.6034,0.12,0.03,0.86,0.0,14.0,37.0588,3,21,1,Liverpool,H,5,0.9295,2.153,4.0209,1.0,1.0,0.0,-0.1,-0.03,0.3883,0.2864,1.4762,0.0,0.0,0.0,1.0,1.0,1.0
90585,Boly,Nott'm Forest,DEF,146,1,0,0,1527.0,0.0961,0.0454,1.622,0.4126,443.0,0.0528,0.0223,1.479,0.8126,1.3036,1.4872,1.4283,1.3,1.63,0.77,27.52,7.0,285.0,16.7976,0.26,0.11,7.28,4.0,86.0,17.4718,1,21,1,Liverpool,H,5,0.9295,2.153,2.5246,1.0,1.0,0.0,-0.1,-0.03,0.4729,0.1201,0.4263,0.4645,-0.8298,0.0005,1.0,1.0,1.0
245830,Bowler,Nott'm Forest,MID,0,0,0,0,0.0,0.0,0.0,0.0,0.0,0.0,0.0,0.0,0.0,0.0,1.3036,1.4872,1.4283,1.3,0.0,0.0,0.0,0.0,0.0,0.0,0.0,0.0,0.0,0.0,0.0,0.0,0,21,1,Liverpool,H,5,0.9295,2.153,0.0,0.0,0.0,0.0,0.0,0.0,0.0,0.0,0.0,0.0,0.0,0.0,0.0,0.0,0.0
475123,C.Miguel,Nott'm Forest,GK,0,0,0,0,0.0,0.0,0.0,0.0,0.0,0.0,0.0,0.0,0.0,0.0,1.3036,1.4872,1.4283,1.3,0.0,0.0,0.0,0.0,0.0,0.0,0.0,0.0,0.0,0.0,0.0,0.0,0,21,1,Liverpool,H,5,0.9295,2.153,0.0,0.0,0.0,0.0,0.0,0.0,0.0,0.0,0.0,0.0,0.0,0.0,0.0,0.0,0.0
569014,Da Silva Moreira,Nott'm Forest,MID,28,0,0,0,0.0,0.0,0.0,0.0,0.0,0.0,0.0,0.0,0.0,0.0,1.3036,1.4872,1.4283,1.3,0.0,0.0,0.0,0.0,0.0,0.0,0.0,0.0,0.0,0.0,0.0,0.0,0,21,1,Liverpool,H,5,0.9295,2.153,0.0226,0.0098,0.0065,0.0,-0.001,-0.0003,0.0,0.0026,0.0043,0.0008,0.0,0.0,0.0098,0.0098,0.0065
513046,Danilo,Nott'm Forest,MID,270,5,0,0,1801.0,0.0909,0.047,1.4432,0.1999,425.0,0.0551,0.036,1.3871,0.0,1.3036,1.4872,1.4283,1.3,1.82,0.94,28.88,4.0,303.0,15.1416,0.26,0.17,6.550000000000001,0.0,65.0,13.7647,5,21,1,Liverpool,H,5,0.9295,2.153,2.0111,1.0,0.5333,0.0,-0.1,-0.03,0.1487,0.1186,0.2785,0.0619,0.0,0.0,1.0,1.0,0.5333
230251,Dennis,Nott'm Forest,FWD,0,0,0,0,0.0,0.0,0.0,0.0,0.0,0.0,0.0,0.0,0.0,0.0,1.3036,1.4872,1.4283,1.3,0.0,0.0,0.0,0.0,0.0,0.0,0.0,0.0,0.0,0.0,0.0,0.0,0,21,1,Liverpool,H,5,0.9295,2.153,0.0,0.0,0.0,0.0,0.0,0.0,0.0,0.0,0.0,0.0,0.0,0.0,0.0,0.0,0.0
250199,Dominguez,Nott'm Forest,MID,1954,23,0,0,1525.0,0.0767,0.0726,1.2907,0.3541,120.0,0.0,0.075,0.8625,0.0,1.3036,1.4872,1.4283,1.3,1.3,1.23,21.87,6.0,279.0,16.4656,0.0,0.0999999999999999,1.15,0.0,22.0,16.5,23,21,1,Liverpool,H,5,0.9295,2.153,2.927,1.0,1.0,0.0,-0.1,-0.03,0.2991,0.246,0.3957,0.1161,0.0,0.0,1.0,1.0,1.0
449434,Elanga,Nott'm Forest,MID,2496,31,0,0,2477.0,0.226,0.1526,1.4512,0.1817,334.0,0.0243,0.2344,1.482,0.0,1.3036,1.4872,1.4283,1.3,6.22,4.2,39.94,5.0,399.0,14.4974,0.09,0.87,5.5,0.0,50.0,13.4731,31,21,1,Liverpool,H,5,0.9295,2.153,3.2834,1.0,1.0,0.0,-0.1,-0.03,0.1387,0.4112,0.7473,0.1161,0.0,0.0,1.0,1.0,1.0
222531,Gibbs-White,Nott'm Forest,MID,2806,34,0,0,3246.0,0.1872,0.1902,1.3946,0.3604,540.0,0.19,0.1817,1.3,0.5,1.3036,1.4872,1.4283,1.3,6.75,6.86,50.3,13.0,571.0,15.8318,1.14,1.09,7.8,3.0,97.0,16.1667,34,21,1,Liverpool,H,5,0.9295,2.153,3.5984,1.0,1.0,0.0,-0.1,-0.03,0.372,0.4656,0.7747,0.1161,0.0,0.0,1.0,1.0,1.0
209046,Hudson-Odoi,Nott'm Forest,MID,2190,25,0,0,1917.0,0.1277,0.1042,1.362,0.6573,501.0,0.115,0.1509,1.2539,0.5389,1.3036,1.4872,1.4283,1.3,2.72,2.22,29.01,14.0,384.0,18.0282,0.64,0.8400000000000001,6.98,3.0,116.0,20.8383,25,21,1,Liverpool,H,5,0.9295,2.153,3.5091,1.0,1.0,0.0,-0.1,-0.03,0.5967,0.3344,0.5918,0.1161,0.0,0.0,1.0,1.0,1.0
244930,Mighten,Nott'm Forest,MID,0,0,0,0,0.0,0.0,0.0,0.0,0.0,0.0,0.0,0.0,0.0,0.0,1.3036,1.4872,1.4283,1.3,0.0,0.0,0.0,0.0,0.0,0.0,0.0,0.0,0.0,0.0,0.0,0.0,0,21,1,Liverpool,H,5,0.9295,2.153,0.0,0.0,0.0,0.0,0.0,0.0,0.0,0.0,0.0,0.0,0.0,0.0,0.0,0.0,0.0
575476,Murillo,Nott'm Forest,DEF,3188,36,0,0,2880.0,0.0556,0.02,1.3816,0.0312,523.0,0.0809,0.0069,1.3302,0.0,1.3036,1.4872,1.4283,1.3,1.78,0.64,44.21,1.0,465.0,14.5312,0.47,0.04,7.729999999999999,0.0,72.0,12.3901,36,21,1,Liverpool,H,5,0.9295,2.153,1.9161,1.0,1.0,0.0,-0.1,-0.03,0.0227,0.0626,0.3261,0.4645,-0.8298,0.0,1.0,1.0,1.0
215136,N.Williams,Nott'm Forest,DEF,2588,28,0,0,1720.0,0.0403,0.0874,1.2699,0.1047,214.0,0.0673,0.0799,0.7949,0.0,1.3036,1.4872,1.4283,1.3,0.77,1.67,24.27,2.0,233.0,12.1919,0.16,0.19,1.89,0.0,26.0,10.9346,28,21,1,Liverpool,H,5,0.9295,2.153,2.0596,1.0,1.0,0.0,-0.1,-0.03,0.0838,0.215,0.2558,0.4645,-0.8298,0.0002,1.0,1.0,1.0
204822,O.Richards,Nott'm Forest,DEF,0,0,0,0,0.0,0.0,0.0,0.0,0.0,0.0,0.0,0.0,0.0,0.0,1.3036,1.4872,1.4283,1.3,0.0,0.0,0.0,0.0,0.0,0.0,0.0,0.0,0.0,0.0,0.0,0.0,0,21,1,Liverpool,H,5,0.9295,2.153,0.0,0.0,0.0,0.0,0.0,0.0,0.0,0.0,0.0,0.0,0.0,0.0,0.0,0.0,0.0
243345,O'Brien,Nott'm Forest,MID,0,0,0,0,0.0,0.0,0.0,0.0,0.0,0.0,0.0,0.0,0.0,0.0,1.3036,1.4872,1.4283,1.3,0.0,0.0,0.0,0.0,0.0,0.0,0.0,0.0,0.0,0.0,0.0,0.0,0,21,1,Liverpool,H,5,0.9295,2.153,0.0,0.0,0.0,0.0,0.0,0.0,0.0,0.0,0.0,0.0,0.0,0.0,0.0,0.0,0.0
466404,Omobamidele,Nott'm Forest,DEF,0,0,0,0,782.0,0.0161,0.0023,1.3546,0.0,16.0,0.0,0.0,0.3375,0.0,1.3036,1.4872,1.4283,1.3,0.14,0.02,11.77,0.0,94.0,10.8184,0.0,0.0,0.06,0.0,3.0,16.875,0,21,1,Liverpool,H,5,0.9295,2.153,0.0,0.0,0.0,0.0,0.0,0.0,0.0,0.0,0.0,0.0,0.0,0.0,0.0,0.0,0.0
209035,Panzo,Nott'm Forest,DEF,0,0,0,0,0.0,0.0,0.0,0.0,0.0,0.0,0.0,0.0,0.0,0.0,1.3036,1.4872,1.4283,1.3,0.0,0.0,0.0,0.0,0.0,0.0,0.0,0.0,0.0,0.0,0.0,0.0,0,21,1,Liverpool,H,5,0.9295,2.153,0.0,0.0,0.0,0.0,0.0,0.0,0.0,0.0,0.0,0.0,0.0,0.0,0.0,0.0,0.0
210462,Sangaré,Nott'm Forest,MID,584,7,0,0,1121.0,0.0538,0.0329,1.2822,0.0,128.0,0.0,0.0141,1.1672,0.0,1.3036,1.4872,1.4283,1.3,0.67,0.41,15.97,0.0,102.0,8.1891,0.0,0.02,1.66,0.0,19.0,13.3594,7,21,1,Liverpool,H,5,0.9295,2.153,2.5194,1.0,1.0,0.0,-0.1,-0.03,0.0,0.1817,0.3516,0.1161,0.0,0.0,1.0,1.0,1.0
85633,Sels,Nott'm Forest,GK,3420,38,0,0,1530.0,0.0,0.0053,1.2776,0.0588,540.0,0.0,0.0083,1.3,0.0,1.3036,1.4872,1.4283,1.3,0.0,0.09,21.72,1.0,219.0,12.8824,0.0,0.05,7.8,0.0,77.0,12.8333,38,21,1,Liverpool,H,5,0.9295,2.153,2.7913,1.0,0.99,1.2382,-0.1,-0.03,0.0427,0.0121,0.0,0.4599,-0.8215,0.0,1.0,1.0,0.99
114241,Toffolo,Nott'm Forest,DEF,135,1,0,0,1488.0,0.0677,0.0696,1.4819,0.1815,151.0,0.0119,0.006,1.5318,0.0,1.3036,1.4872,1.4283,1.3,1.12,1.15,24.5,3.0,263.0,15.9073,0.02,0.01,2.57,0.0,17.0,10.1325,1,21,1,Liverpool,H,5,0.9295,2.153,2.1404,1.0,1.0,0.0,-0.1,-0.03,0.1502,0.1629,0.3221,0.4645,-0.8298,0.0004,1.0,1.0,1.0
201440,Ui-jo,Nott'm Forest,FWD,0,0,0,0,0.0,0.0,0.0,0.0,0.0,0.0,0.0,0.0,0.0,0.0,1.3036,1.4872,1.4283,1.3,0.0,0.0,0.0,0.0,0.0,0.0,0.0,0.0,0.0,0.0,0.0,0.0,0,21,1,Liverpool,H,5,0.9295,2.153,0.0,0.0,0.0,0.0,0.0,0.0,0.0,0.0,0.0,0.0,0.0,0.0,0.0,0.0,0.0
60689,Wood,Nott'm Forest,FWD,2958,35,0,0,1872.0,0.5971,0.0452,1.3375,1.2019,508.0,0.7778,0.0177,1.2455,1.063,1.3036,1.4872,1.4283,1.3,12.42,0.94,27.82,25.0,486.0,23.3654,4.39,0.1,7.03,6.0,73.0,12.9331,35,21,1,Liverpool,H,5,0.9295,2.153,5.1346,1.0,1.0,0.0,-0.1,-0.03,1.1077,0.1725,1.9844,0.0,0.0,0.0,1.0,1.0,1.0
208912,Worrall,Nott'm Forest,DEF,0,0,0,0,438.0,0.0205,0.0637,1.8514,0.6164,0.0,0.0,0.0,0.0,0.0,1.3036,1.4872,1.4283,1.3,0.1,0.31,9.01,3.0,74.0,15.2055,0.0,0.0,0.0,0.0,0.0,0.0,0,21,1,Liverpool,H,5,0.9295,2.153,0.0,0.0,0.0,0.0,0.0,0.0,0.0,0.0,0.0,0.0,0.0,0.0,0.0,0.0,0.0
204968,Yates,Nott'm Forest,MID,1901,18,0,0,2054.0,0.1323,0.0272,1.4416,0.1315,319.0,0.2313,0.0226,1.5179,0.5643,1.3036,1.4872,1.4283,1.3,3.02,0.62,32.9,3.0,264.0,11.5677,0.82,0.08,5.38,2.0,84.0,23.6991,18,21,1,Liverpool,H,5,0.9295,2.153,3.0402,1.0,1.0,0.0,-0.1,-0.03,0.2021,0.1509,0.701,0.1161,0.0,0.0,1.0,1.0,1.0
227444,Milenković,Nott'm Forest,DEF,3330,37,0,0,0.0,0.0,0.0,0.0,0.0,0.0,0.0,0.0,0.0,0.0,1.3036,1.4872,1.4283,1.3,0.0,0.0,0.0,0.0,0.0,0.0,0.0,0.0,0.0,0.0,0.0,0.0,37,21,1,Liverpool,H,5,0.9295,2.153,1.5594,1.0,1.0,0.0,-0.1,-0.03,0.0,0.0182,0.0364,0.4645,-0.8298,0.0,1.0,1.0,1.0
510500,Jota Silva,Nott'm Forest,MID,835,5,0,0,0.0,0.0,0.0,0.0,0.0,0.0,0.0,0.0,0.0,0.0,1.3036,1.4872,1.4283,1.3,0.0,0.0,0.0,0.0,0.0,0.0,0.0,0.0,0.0,0.0,0.0,0.0,5,21,1,Liverpool,H,5,0.9295,2.153,2.4039,1.0,1.0,0.0,-0.1,-0.03,0.0,0.1567,0.2611,0.1161,0.0,0.0,1.0,1.0,1.0
502222,Sosa,Nott'm Forest,MID,280,1,0,0,,,,,,,,,,,1.3036,1.4872,1.4283,1.3,,,,,,,,,,,,,1,21,1,Liverpool,H,5,0.9295,2.153,2.7024,1.0,1.0,0.0,-0.1,-0.03,0.0,0.2681,0.4469,0.1161,0.0,0.0013,1.0,1.0,1.0
485047,Morato,Nott'm Forest,DEF,891,6,0,0,,,,,,,,,,,1.3036,1.4872,1.4283,1.3,,,,,,,,,,,,,6,21,1,Liverpool,H,5,0.9295,2.153,1.658,1.0,1.0,0.0,-0.1,-0.03,0.0,0.0501,0.1002,0.4645,-0.8298,0.0029,1.0,1.0,1.0
549067,Abbott,Nott'm Forest,DEF,0,0,0,0,,,,,,,,,,,1.3036,1.4872,1.4283,1.3,,,,,,,,,,,,,0,21,1,Liverpool,H,5,0.9295,2.153,0.0,0.0,0.0,0.0,0.0,0.0,0.0,0.0,0.0,0.0,0.0,0.0,0.0,0.0,0.0
20066,Hennessey,Nott'm Forest,GK,0,0,0,0,0.0,0.0,0.0,0.0,0.0,0.0,0.0,0.0,0.0,0.0,1.3036,1.4872,1.4283,1.3,0.0,0.0,0.0,0.0,0.0,0.0,0.0,0.0,0.0,0.0,0.0,0.0,0,21,1,Liverpool,H,5,0.9295,2.153,0.0,0.0,0.0,0.0,0.0,0.0,0.0,0.0,0.0,0.0,0.0,0.0,0.0,0.0,0.0
100041808,Nuno,Nott'm Forest,UNK,0,0,0,0,,,,,,,,,,,1.3036,1.4872,1.4283,1.3,,,,,,,,,,,,,0,21,1,Liverpool,H,5,0.9295,2.153,0.0,0.0,0.0,0.0,0.0,0.0,0.0,0.0,0.0,0.0,0.0,0.0,0.0,0.0,0.0
225321,Ramsdale,Southampton,GK,2700,30,0,0,540.0,0.0,0.0017,0.9683,0.0,0.0,0.0,0.0,0.0,0.0,1.82,0.25,1.82,0.25,0.0,0.01,5.8100000000000005,0.0,90.0,15.0,0.0,0.0,0.0,0.0,0.0,0.0,30,21,1,Man Utd,A,3,1.0864,0.2539,5.9456,1.0,0.99,1.0378,-0.1,-0.03,0.0,0.0029,0.0,3.072,-0.0271,0.0,1.0,1.0,0.99
433979,Archer,Southampton,FWD,1421,13,0,0,1848.0,0.2664,0.0677,2.0153,0.4383,382.0,0.3864,0.1131,2.4762,0.0,1.82,0.25,1.82,0.25,5.470000000000001,1.39,41.38,9.0,245.0,11.9318,1.64,0.48,10.51,0.0,20.0,4.712,13,21,1,Man Utd,A,3,1.0864,0.2539,3.8771,1.0,1.0,0.0,-0.1,-0.03,0.3708,0.3091,1.3272,0.0,0.0,0.0,1.0,1.0,1.0
503714,Ugochukwu,Southampton,MID,1652,18,0,0,296.0,0.0,0.0426,2.3078,0.0,27.0,0.0,0.1,2.8667,0.0,1.82,0.25,1.82,0.25,0.0,0.14,7.59,0.0,62.0,18.8514,0.0,0.03,0.86,0.0,9.0,30.0,18,21,1,Man Utd,A,3,1.0864,0.2539,3.5267,1.0,1.0,0.0,-0.1,-0.03,0.0,0.3633,0.5174,0.7758,0.0,0.0003,1.0,1.0,1.0
90105,Fraser,Southampton,MID,303,4,0,0,0.0,0.0,0.0,0.0,0.0,0.0,0.0,0.0,0.0,0.0,1.82,0.25,1.82,0.25,0.0,0.0,0.0,0.0,0.0,0.0,0.0,0.0,0.0,0.0,0.0,0.0,4,21,1,Man Utd,A,3,1.0864,0.2539,3.3291,1.0,1.0,0.0,-0.1,-0.03,0.0,0.2562,0.427,0.7758,0.0,0.0001,1.0,1.0,1.0
499724,Amo-Ameyaw,Southampton,MID,26,0,0,0,9.0,0.2,1.3,0.0,0.0,9.0,0.2,1.3,0.0,0.0,1.82,0.25,1.82,0.25,0.02,0.13,0.0,0.0,4.0,40.0,0.02,0.13,0.0,0.0,4.0,40.0,0,21,1,Man Utd,A,3,1.0864,0.2539,0.0271,0.0091,0.0061,0.0,-0.0009,-0.0003,0.0,0.0034,0.005,0.0047,0.0,0.0,0.0091,0.0091,0.0061
193204,Aribo,Southampton,MID,2007,21,0,0,69.0,0.0652,0.5739,0.3261,0.0,69.0,0.0652,0.5739,0.3261,0.0,1.82,0.25,1.82,0.25,0.05,0.44,0.25,0.0,18.0,23.4783,0.05,0.44,0.25,0.0,18.0,23.4783,21,21,1,Man Utd,A,3,1.0864,0.2539,4.064,1.0,1.0,0.0,-0.1,-0.03,0.0,0.6564,0.7589,0.7758,0.0,0.0029,1.0,1.0,1.0
155511,Armstrong,Southampton,FWD,1246,15,0,0,90.0,0.71,0.08,0.25,0.0,90.0,0.71,0.08,0.25,0.0,1.82,0.25,1.82,0.25,0.71,0.08,0.25,0.0,5.0,5.0,0.71,0.08,0.25,0.0,5.0,5.0,15,21,1,Man Utd,A,3,1.0864,0.2539,3.9132,1.0,1.0,0.0,-0.1,-0.03,0.0,0.4191,1.6241,0.0,0.0,0.0,1.0,1.0,1.0
456350,Bazunu,Southampton,GK,0,0,0,0,0.0,0.0,0.0,0.0,0.0,0.0,0.0,0.0,0.0,0.0,1.82,0.25,1.82,0.25,0.0,0.0,0.0,0.0,0.0,0.0,0.0,0.0,0.0,0.0,0.0,0.0,0,21,1,Man Utd,A,3,1.0864,0.2539,0.0,0.0,0.0,0.0,0.0,0.0,0.0,0.0,0.0,0.0,0.0,0.0,0.0,0.0,0.0
171771,Bednarek,Southampton,DEF,2531,30,0,0,80.0,0.0,0.0338,0.2812,0.0,80.0,0.0,0.0338,0.2812,0.0,1.82,0.25,1.82,0.25,0.0,0.03,0.25,0.0,13.0,14.625,0.0,0.03,0.25,0.0,13.0,14.625,30,21,1,Man Utd,A,3,1.0864,0.2539,5.464,1.0,1.0,0.0,-0.1,-0.03,0.0,0.1459,0.2634,3.1031,-0.0274,0.109,1.0,1.0,1.0
477386,Bella-Kotchap,Southampton,DEF,329,2,0,0,0.0,0.0,0.0,0.0,0.0,0.0,0.0,0.0,0.0,0.0,1.82,0.25,1.82,0.25,0.0,0.0,0.0,0.0,0.0,0.0,0.0,0.0,0.0,0.0,0.0,0.0,2,21,1,Man Utd,A,3,1.0864,0.2539,5.2631,1.0,1.0,0.0,-0.1,-0.03,0.0,0.0983,0.1966,3.1031,-0.0274,0.0226,1.0,1.0,1.0
184386,Bree,Southampton,DEF,1070,13,0,0,0.0,0.0,0.0,0.0,0.0,0.0,0.0,0.0,0.0,0.0,1.82,0.25,1.82,0.25,0.0,0.0,0.0,0.0,0.0,0.0,0.0,0.0,0.0,0.0,0.0,0.0,13,21,1,Man Utd,A,3,1.0864,0.2539,5.0882,1.0,1.0,0.0,-0.1,-0.03,0.0,0.0475,0.0949,3.1031,-0.0274,0.0001,1.0,1.0,1.0
463210,Charles,Southampton,MID,0,0,0,0,0.0,0.0,0.0,0.0,0.0,0.0,0.0,0.0,0.0,0.0,1.82,0.25,1.82,0.25,0.0,0.0,0.0,0.0,0.0,0.0,0.0,0.0,0.0,0.0,0.0,0.0,0,21,1,Man Utd,A,3,1.0864,0.2539,0.0,0.0,0.0,0.0,0.0,0.0,0.0,0.0,0.0,0.0,0.0,0.0,0.0,0.0,0.0
490503,Edozie,Southampton,MID,64,0,0,0,45.0,0.0,0.3,0.0,0.0,45.0,0.0,0.3,0.0,0.0,1.82,0.25,1.82,0.25,0.0,0.15,0.0,0.0,0.0,0.0,0.0,0.15,0.0,0.0,0.0,0.0,0,21,1,Man Utd,A,3,1.0864,0.2539,0.0654,0.0225,0.015,0.0,-0.0022,-0.0007,0.0,0.0079,0.0112,0.0116,0.0,0.0,0.0225,0.0225,0.015
500926,Edwards,Southampton,DEF,12,0,0,0,0.0,0.0,0.0,0.0,0.0,0.0,0.0,0.0,0.0,0.0,1.82,0.25,1.82,0.25,0.0,0.0,0.0,0.0,0.0,0.0,0.0,0.0,0.0,0.0,0.0,0.0,0,21,1,Man Utd,A,3,1.0864,0.2539,0.0164,0.0042,0.0028,0.0,-0.0004,-0.0001,0.0,0.0004,0.0009,0.0087,-0.0001,0.0,0.0042,0.0042,0.0028
245719,Harwood-Bellis,Southampton,DEF,2824,32,0,0,90.0,0.0,0.02,0.25,0.0,90.0,0.0,0.02,0.25,0.0,1.82,0.25,1.82,0.25,0.0,0.02,0.25,0.0,6.0,6.0,0.0,0.02,0.25,0.0,6.0,6.0,32,21,1,Man Utd,A,3,1.0864,0.2539,5.4861,1.0,1.0,0.0,-0.1,-0.03,0.0,0.1452,0.2708,3.1031,-0.0274,0.1244,1.0,1.0,1.0
504783,Kamaldeen,Southampton,MID,1394,17,0,0,0.0,0.0,0.0,0.0,0.0,0.0,0.0,0.0,0.0,0.0,1.82,0.25,1.82,0.25,0.0,0.0,0.0,0.0,0.0,0.0,0.0,0.0,0.0,0.0,0.0,0.0,17,21,1,Man Utd,A,3,1.0864,0.2539,2.9593,1.0,1.0,0.0,-0.1,-0.03,0.0,0.1176,0.196,0.7758,0.0,0.0,1.0,1.0,1.0
39155,Lallana,Southampton,MID,352,5,0,0,839.0,0.089,0.1716,1.3012,0.0,101.0,0.2762,0.0446,0.9891,0.0,1.82,0.25,1.82,0.25,0.83,1.6,12.13,0.0,95.0,10.1907,0.31,0.05,1.11,0.0,5.0,4.4554,5,21,1,Man Utd,A,3,1.0864,0.2539,3.3876,1.0,0.8978,0.0,-0.1,-0.03,0.0,0.3971,0.5262,0.6965,0.0,0.0,1.0,1.0,0.8978
515571,Larios,Southampton,DEF,0,0,0,0,0.0,0.0,0.0,0.0,0.0,0.0,0.0,0.0,0.0,0.0,1.82,0.25,1.82,0.25,0.0,0.0,0.0,0.0,0.0,0.0,0.0,0.0,0.0,0.0,0.0,0.0,0,21,1,Man Utd,A,3,1.0864,0.2539,0.0,0.0,0.0,0.0,0.0,0.0,0.0,0.0,0.0,0.0,0.0,0.0,0.0,0.0,0.0
200428,Lis,Southampton,GK,0,0,0,0,0.0,0.0,0.0,0.0,0.0,0.0,0.0,0.0,0.0,0.0,1.82,0.25,1.82,0.25,0.0,0.0,0.0,0.0,0.0,0.0,0.0,0.0,0.0,0.0,0.0,0.0,0,21,1,Man Utd,A,3,1.0864,0.2539,0.0,0.0,0.0,0.0,0.0,0.0,0.0,0.0,0.0,0.0,0.0,0.0,0.0,0.0,0.0
167888,Lumley,Southampton,GK,270,3,0,0,0.0,0.0,0.0,0.0,0.0,0.0,0.0,0.0,0.0,0.0,1.82,0.25,1.82,0.25,0.0,0.0,0.0,0.0,0.0,0.0,0.0,0.0,0.0,0.0,0.0,0.0,3,21,1,Man Utd,A,3,1.0864,0.2539,5.9427,1.0,0.99,1.0378,-0.1,-0.03,0.0,0.0,0.0,3.072,-0.0271,0.0,1.0,1.0,0.99
204863,Manning,Southampton,DEF,1458,18,0,0,0.0,0.0,0.0,0.0,0.0,0.0,0.0,0.0,0.0,0.0,1.82,0.25,1.82,0.25,0.0,0.0,0.0,0.0,0.0,0.0,0.0,0.0,0.0,0.0,0.0,0.0,18,21,1,Man Utd,A,3,1.0864,0.2539,5.058,1.0,1.0,0.0,-0.1,-0.03,0.0,0.0375,0.0749,3.1031,-0.0274,0.0,1.0,1.0,1.0
476888,Mara,Southampton,FWD,0,0,0,0,0.0,0.0,0.0,0.0,0.0,0.0,0.0,0.0,0.0,0.0,1.82,0.25,1.82,0.25,0.0,0.0,0.0,0.0,0.0,0.0,0.0,0.0,0.0,0.0,0.0,0.0,0,21,1,Man Utd,A,3,1.0864,0.2539,0.0,0.0,0.0,0.0,0.0,0.0,0.0,0.0,0.0,0.0,0.0,0.0,0.0,0.0,0.0
58376,McCarthy,Southampton,GK,450,5,0,0,90.0,0.0,0.0,0.25,0.0,90.0,0.0,0.0,0.25,0.0,1.82,0.25,1.82,0.25,0.0,0.0,0.25,0.0,2.0,2.0,0.0,0.0,0.25,0.0,2.0,2.0,5,21,1,Man Utd,A,3,1.0864,0.2539,5.9427,1.0,0.99,1.0378,-0.1,-0.03,0.0,0.0,0.0,3.072,-0.0271,0.0,1.0,1.0,0.99
147611,Onuachu,Southampton,FWD,1038,11,0,0,0.0,0.0,0.0,0.0,0.0,0.0,0.0,0.0,0.0,0.0,1.82,0.25,1.82,0.25,0.0,0.0,0.0,0.0,0.0,0.0,0.0,0.0,0.0,0.0,0.0,0.0,11,21,1,Man Utd,A,3,1.0864,0.2539,2.5234,1.0,1.0,0.0,-0.1,-0.03,0.0,0.1589,0.4945,0.0,0.0,0.0,1.0,1.0,1.0
214466,Smallbone,Southampton,MID,679,6,0,0,90.0,0.31,0.25,0.25,0.0,90.0,0.31,0.25,0.25,0.0,1.82,0.25,1.82,0.25,0.31,0.25,0.25,0.0,13.0,13.0,0.31,0.25,0.25,0.0,13.0,13.0,6,21,1,Man Utd,A,3,1.0864,0.2539,4.134,1.0,1.0,0.0,-0.1,-0.03,0.0,0.5386,0.9474,0.7758,0.0,0.0022,1.0,1.0,1.0
88900,Stephens,Southampton,DEF,1389,17,0,0,90.0,0.0,0.04,0.25,0.0,90.0,0.0,0.04,0.25,0.0,1.82,0.25,1.82,0.25,0.0,0.04,0.25,0.0,6.0,6.0,0.0,0.04,0.25,0.0,6.0,6.0,17,21,1,Man Utd,A,3,1.0864,0.2539,5.4255,1.0,1.0,0.0,-0.1,-0.03,0.0,0.1434,0.2507,3.1031,-0.0274,0.0857,1.0,1.0,1.0
230348,Stewart,Southampton,FWD,382,4,0,0,0.0,0.0,0.0,0.0,0.0,0.0,0.0,0.0,0.0,0.0,1.82,0.25,1.82,0.25,0.0,0.0,0.0,0.0,0.0,0.0,0.0,0.0,0.0,0.0,0.0,0.0,4,21,1,Man Utd,A,3,1.0864,0.2539,3.0094,1.0,1.0,0.0,-0.1,-0.03,0.0,0.2771,0.8622,0.0,0.0,0.0,1.0,1.0,1.0
219279,Sugawara,Southampton,DEF,1548,16,0,0,45.0,0.0,0.44,0.5,0.0,45.0,0.0,0.44,0.5,0.0,1.82,0.25,1.82,0.25,0.0,0.22,0.25,0.0,6.0,12.0,0.0,0.22,0.25,0.0,6.0,12.0,16,21,1,Man Utd,A,3,1.0864,0.2539,5.7058,1.0,1.0,0.0,-0.1,-0.03,0.0,0.2679,0.299,3.1031,-0.0274,0.1932,1.0,1.0,1.0
103914,Taylor,Southampton,DEF,353,3,0,0,2329.0,0.0097,0.0641,1.6918,0.0386,254.0,0.0,0.0354,2.2465,0.0,1.82,0.25,1.82,0.25,0.25,1.66,43.78,1.0,347.0,13.4092,0.0,0.1,6.34,0.0,40.0,14.1732,3,21,1,Man Utd,A,3,1.0864,0.2539,5.2745,1.0,1.0,0.0,-0.1,-0.03,0.0341,0.187,0.1077,3.1031,-0.0274,0.0,1.0,1.0,1.0
158534,Walker-Peters,Southampton,DEF,2918,33,0,0,80.0,0.0675,0.09,0.2812,0.0,80.0,0.0675,0.09,0.2812,0.0,1.82,0.25,1.82,0.25,0.06,0.08,0.25,0.0,8.0,9.0,0.06,0.08,0.25,0.0,8.0,9.0,33,21,1,Man Utd,A,3,1.0864,0.2539,5.595,1.0,1.0,0.0,-0.1,-0.03,0.0,0.1778,0.3357,3.1031,-0.0274,0.1359,1.0,1.0,1.0
244845,Wood,Southampton,DEF,771,9,0,0,0.0,0.0,0.0,0.0,0.0,0.0,0.0,0.0,0.0,0.0,1.82,0.25,1.82,0.25,0.0,0.0,0.0,0.0,0.0,0.0,0.0,0.0,0.0,0.0,0.0,0.0,9,21,1,Man Utd,A,3,1.0864,0.2539,5.1297,1.0,1.0,0.0,-0.1,-0.03,0.0,0.061,0.122,3.1031,-0.0274,0.0009,1.0,1.0,1.0
149519,Cornet,Southampton,MID,71,1,0,0,109.0,0.3303,0.0165,2.3284,0.0,5.0,0.0,0.0,0.0,0.0,1.82,0.25,1.82,0.25,0.3999999999999999,0.02,2.82,0.0,40.0,33.0275,0.0,0.0,0.0,0.0,2.0,36.0,1,21,1,Man Utd,A,3,1.0864,0.2539,3.5915,1.0,0.9111,0.0,-0.1,-0.03,0.0,0.3245,0.7788,0.7068,0.0,0.0003,1.0,1.0,0.9111
220585,Downes,Southampton,MID,2149,25,0,0,90.0,0.11,0.1,0.25,0.0,90.0,0.11,0.1,0.25,0.0,1.82,0.25,1.82,0.25,0.11,0.1,0.25,0.0,12.0,12.0,0.11,0.1,0.25,0.0,12.0,12.0,25,21,1,Man Utd,A,3,1.0864,0.2539,3.8371,1.0,1.0,0.0,-0.1,-0.03,0.0,0.4432,0.7466,0.7758,0.0,0.0016,1.0,1.0,1.0
204814,Brereton Díaz,Southampton,MID,446,4,0,0,1175.0,0.4458,0.0835,1.8506,0.383,589.0,0.4966,0.029,2.1744,0.1528,1.82,0.25,1.82,0.25,5.82,1.09,24.16,5.0,171.0,13.0979,3.25,0.19,14.23,1.0,64.0,9.7793,4,21,1,Man Utd,A,3,1.0864,0.2539,5.2512,1.0,1.0,0.0,-0.1,-0.03,0.3488,0.314,1.9426,0.7758,0.0,0.0,1.0,1.0,1.0
496661,Dibling,Southampton,MID,1863,20,0,0,20.0,0.0,0.09,0.0,0.0,20.0,0.0,0.09,0.0,0.0,1.82,0.25,1.82,0.25,0.0,0.02,0.0,0.0,6.0,27.0,0.0,0.02,0.0,0.0,6.0,27.0,20,21,1,Man Utd,A,3,1.0864,0.2539,3.9159,1.0,1.0,0.0,-0.1,-0.03,0.0,0.4814,0.7835,0.7758,0.0,0.0053,1.0,1.0,1.0
551226,M.Fernandes,Southampton,MID,2911,34,0,0,,,,,,,,,,,1.82,0.25,1.82,0.25,,,,,,,,,,,,,34,21,1,Man Utd,A,3,1.0864,0.2539,2.8276,1.0,1.0,0.0,-0.1,-0.03,0.0,0.0682,0.1136,0.7758,0.0,0.0,1.0,1.0,1.0
545508,O'Brien-Whitmarsh,Southampton,MID,0,0,0,0,,,,,,,,,,,1.82,0.25,1.82,0.25,,,,,,,,,,,,,0,21,1,Man Utd,A,3,1.0864,0.2539,0.0,0.0,0.0,0.0,0.0,0.0,0.0,0.0,0.0,0.0,0.0,0.0,0.0,0.0,0.0
500016,Welington,Southampton,DEF,478,6,0,0,,,,,,,,,,,1.82,0.25,1.82,0.25,,,,,,,,,,,,,6,21,1,Man Utd,A,3,1.0864,0.2539,5.1705,1.0,1.0,0.0,-0.1,-0.03,0.0,0.0737,0.1475,3.1031,-0.0274,0.0035,1.0,1.0,1.0
620408,Kayi Sanda,Southampton,DEF,12,0,0,0,,,,,,,,,,,1.82,0.25,1.82,0.25,,,,,,,,,,,,,0,21,1,Man Utd,A,3,1.0864,0.2539,0.0164,0.0042,0.0028,0.0,-0.0004,-0.0001,0.0,0.0004,0.0009,0.0087,-0.0001,0.0,0.0042,0.0042,0.0028
494779,Grønbæk,Southampton,MID,141,2,0,0,,,,,,,,,,,1.82,0.25,1.82,0.25,,,,,,,,,,,,,2,21,1,Man Utd,A,3,1.0864,0.2539,3.2649,1.0,0.9,0.0,-0.1,-0.03,0.0,0.2987,0.4978,0.6982,0.0,0.0002,1.0,1.0,0.9
100047426,Rusk,Southampton,UNK,0,0,0,0,,,,,,,,,,,1.82,0.25,1.82,0.25,,,,,,,,,,,,,0,21,1,Man Utd,A,3,1.0864,0.2539,0.0,0.0,0.0,0.0,0.0,0.0,0.0,0.0,0.0,0.0,0.0,0.0,0.0,0.0,0.0
495024,Jay Robinson,Southampton,FWD,134,1,0,0,,,,,,,,,,,1.82,0.25,1.82,0.25,,,,,,,,,,,,,1,21,1,Man Utd,A,3,1.0864,0.2539,3.4551,1.0,1.0,0.0,-0.1,-0.03,0.0,0.3856,1.1995,0.0,0.0,0.0,1.0,1.0,1.0
494551,Moore,Southampton,DEF,0,0,0,0,,,,,,,,,,,1.82,0.25,1.82,0.25,,,,,,,,,,,,,0,21,1,Man Utd,A,3,1.0864,0.2539,0.0,0.0,0.0,0.0,0.0,0.0,0.0,0.0,0.0,0.0,0.0,0.0,0.0,0.0,0.0
154566,Solanke,Spurs,FWD,2199,25,0,0,3415.0,0.5266,0.0596,1.518,0.5271,567.0,0.3984,0.0651,1.6778,0.0,1.8786,1.8473,2.684,1.856,19.98,2.26,57.6,20.0,577.0,15.2064,2.51,0.41,10.57,0.0,84.0,13.3333,25,21,1,Arsenal,A,5,0.4672,2.605,3.0645,1.0,1.0,0.0,-0.1,-0.03,0.2272,0.1023,0.865,0.0,0.0,0.0,1.0,1.0,1.0
548308,A.Phillips,Spurs,DEF,0,0,0,0,0.0,0.0,0.0,0.0,0.0,0.0,0.0,0.0,0.0,0.0,1.8786,1.8473,2.684,1.856,0.0,0.0,0.0,0.0,0.0,0.0,0.0,0.0,0.0,0.0,0.0,0.0,0,21,1,Arsenal,A,5,0.4672,2.605,0.0,0.0,0.0,0.0,0.0,0.0,0.0,0.0,0.0,0.0,0.0,0.0,0.0,0.0,0.0
214572,Austin,Spurs,GK,90,1,0,0,0.0,0.0,0.0,0.0,0.0,0.0,0.0,0.0,0.0,0.0,1.8786,1.8473,2.684,1.856,0.0,0.0,0.0,0.0,0.0,0.0,0.0,0.0,0.0,0.0,0.0,0.0,1,21,1,Arsenal,A,5,0.4672,2.605,2.3942,1.0,0.99,1.2844,-0.1,-0.03,0.0,0.0,0.0,0.2927,-1.0429,0.0,1.0,1.0,0.99
202993,Bentancur,Spurs,MID,1640,21,0,0,1074.0,0.1911,0.0913,1.7497,0.0,353.0,0.2346,0.0408,1.6853,0.0,1.8786,1.8473,2.684,1.856,2.28,1.09,20.88,0.0,168.0,14.0782,0.92,0.16,6.61,0.0,59.0,15.0425,21,21,1,Arsenal,A,5,0.4672,2.605,2.4416,1.0,1.0,0.0,-0.1,-0.03,0.0,0.1281,0.3696,0.0739,0.0,0.0,1.0,1.0,1.0
570526,Bergvall,Spurs,MID,1200,11,0,0,12.0,0.45,1.05,0.9,0.0,12.0,0.45,1.05,0.9,0.0,1.8786,1.8473,2.684,1.856,0.06,0.14,0.12,0.0,9.0,67.5,0.06,0.14,0.12,0.0,9.0,67.5,11,21,1,Arsenal,A,5,0.4672,2.605,2.5644,1.0,1.0,0.0,-0.1,-0.03,0.0,0.2398,0.3668,0.0739,0.0,0.0138,1.0,1.0,1.0
227127,Bissouma,Spurs,MID,1396,16,0,0,2070.0,0.0513,0.0726,1.7957,0.0,252.0,0.0143,0.0536,2.05,0.0,1.8786,1.8473,2.684,1.856,1.18,1.67,41.3,0.0,315.0,13.6957,0.04,0.15,5.74,0.0,37.0,13.2143,16,21,1,Arsenal,A,5,0.4672,2.605,2.2169,1.0,1.0,0.0,-0.1,-0.03,0.0,0.1185,0.1545,0.0739,0.0,0.0,1.0,1.0,1.0
436234,Bryan,Spurs,MID,0,0,0,0,200.0,0.3015,0.108,3.2355,0.0,12.0,0.075,0.225,0.225,0.0,1.8786,1.8473,2.684,1.856,0.67,0.24,7.19,0.0,41.0,18.45,0.01,0.03,0.03,0.0,2.0,15.0,0,21,1,Arsenal,A,5,0.4672,2.605,0.0,0.0,0.0,0.0,0.0,0.0,0.0,0.0,0.0,0.0,0.0,0.0,0.0,0.0,0.0
115556,Davies,Spurs,DEF,1329,14,0,0,1085.0,0.1941,0.0473,1.8606,0.0,87.0,0.0,0.0207,1.1172,0.0,1.8786,1.8473,2.684,1.856,2.34,0.5700000000000001,22.43,0.0,216.0,17.9171,0.0,0.02,1.08,0.0,15.0,15.5172,14,21,1,Arsenal,A,5,0.4672,2.605,1.5572,1.0,1.0,0.0,-0.1,-0.03,0.0,0.0654,0.3785,0.2956,-1.0534,0.001,1.0,1.0,1.0
496179,Devine,Spurs,MID,0,0,0,0,0.0,0.0,0.0,0.0,0.0,0.0,0.0,0.0,0.0,0.0,1.8786,1.8473,2.684,1.856,0.0,0.0,0.0,0.0,0.0,0.0,0.0,0.0,0.0,0.0,0.0,0.0,0,21,1,Arsenal,A,5,0.4672,2.605,0.0,0.0,0.0,0.0,0.0,0.0,0.0,0.0,0.0,0.0,0.0,0.0,0.0,0.0,0.0
493125,Dragusin,Spurs,DEF,1250,14,0,0,424.0,0.0297,0.0021,1.7406,0.0,195.0,0.0,0.0,1.4308,0.0,1.8786,1.8473,2.684,1.856,0.14,0.01,8.2,0.0,82.0,17.4057,0.0,0.0,3.1,0.0,39.0,18.0,14,21,1,Arsenal,A,5,0.4672,2.605,1.2919,1.0,1.0,0.0,-0.1,-0.03,0.0,0.0401,0.109,0.2956,-1.0534,0.0306,1.0,1.0,1.0
241157,E.Royal,Spurs,DEF,0,0,0,0,1152.0,0.0172,0.0672,2.243,0.3125,159.0,0.017,0.0283,2.5585,0.0,1.8786,1.8473,2.684,1.856,0.22,0.8600000000000001,28.71,4.0,233.0,18.2031,0.03,0.05,4.52,0.0,23.0,13.0189,0,21,1,Arsenal,A,5,0.4672,2.605,0.0,0.0,0.0,0.0,0.0,0.0,0.0,0.0,0.0,0.0,0.0,0.0,0.0,0.0,0.0
40383,Forster,Spurs,GK,630,7,0,0,0.0,0.0,0.0,0.0,0.0,0.0,0.0,0.0,0.0,0.0,1.8786,1.8473,2.684,1.856,0.0,0.0,0.0,0.0,0.0,0.0,0.0,0.0,0.0,0.0,0.0,0.0,7,21,1,Arsenal,A,5,0.4672,2.605,2.3942,1.0,0.99,1.2844,-0.1,-0.03,0.0,0.0,0.0,0.2927,-1.0429,0.0,1.0,1.0,0.99
547701,Gray,Spurs,MID,1750,19,0,0,12.0,0.0,0.075,0.9,0.0,12.0,0.0,0.075,0.9,0.0,1.8786,1.8473,2.684,1.856,0.0,0.01,0.12,0.0,1.0,7.5,0.0,0.01,0.12,0.0,1.0,7.5,19,21,1,Arsenal,A,5,0.4672,2.605,2.5077,1.0,1.0,0.0,-0.1,-0.03,0.0,0.2078,0.3422,0.0739,0.0,0.0138,1.0,1.0,1.0
132015,Højbjerg,Spurs,MID,0,0,0,0,1289.0,0.0475,0.1096,1.8517,0.0,200.0,0.054,0.054,1.2825,0.0,1.8786,1.8473,2.684,1.856,0.68,1.57,26.52,0.0,239.0,16.6874,0.12,0.12,2.85,0.0,41.0,18.45,0,21,1,Arsenal,A,5,0.4672,2.605,0.0,0.0,0.0,0.0,0.0,0.0,0.0,0.0,0.0,0.0,0.0,0.0,0.0,0.0,0.0
242898,Johnson,Spurs,MID,2171,24,0,0,2394.0,0.394,0.1647,1.6868,0.3383,573.0,0.3911,0.1649,1.6743,0.0,1.8786,1.8473,2.684,1.856,10.48,4.38,44.87,9.0,405.0,15.2256,2.49,1.05,10.66,0.0,60.0,9.4241,24,21,1,Arsenal,A,5,0.4672,2.605,3.1196,1.0,1.0,0.0,-0.1,-0.03,0.1457,0.2267,0.8033,0.0739,0.0,0.0,1.0,1.0,1.0
445044,Kulusevski,Spurs,MID,2386,27,0,0,2770.0,0.1608,0.2125,1.6064,0.4549,450.0,0.264,0.19,1.6,0.6,1.8786,1.8473,2.684,1.856,4.95,6.54,49.44,14.0,463.0,15.0433,1.32,0.95,8.0,3.0,68.0,13.6,27,21,1,Arsenal,A,5,0.4672,2.605,2.897,1.0,1.0,0.0,-0.1,-0.03,0.275,0.2713,0.4068,0.0739,0.0,0.0,1.0,1.0,1.0
200826,Lo Celso,Spurs,MID,0,0,0,0,491.0,0.099,0.3281,2.2839,1.0998,28.0,0.2571,0.6107,4.8214,0.0,1.8786,1.8473,2.684,1.856,0.54,1.79,12.46,6.0,189.0,34.6436,0.08,0.19,1.5,0.0,18.0,57.8571,0,21,1,Arsenal,A,5,0.4672,2.605,0.0,0.0,0.0,0.0,0.0,0.0,0.0,0.0,0.0,0.0,0.0,0.0,0.0,0.0,0.0
172780,Maddison,Spurs,MID,1799,21,0,0,2215.0,0.2661,0.2921,1.3587,0.3657,461.0,0.3612,0.3924,1.2924,0.0,1.8786,1.8473,2.684,1.856,6.55,7.19,33.44,9.0,520.0,21.1287,1.85,2.01,6.619999999999999,0.0,104.0,20.3037,21,21,1,Arsenal,A,5,0.4672,2.605,3.05,1.0,1.0,0.0,-0.1,-0.03,0.161,0.3722,0.5729,0.0739,0.0,0.0,1.0,1.0,1.0
441164,Pedro Porro,Spurs,DEF,2606,28,0,0,3180.0,0.0852,0.184,1.6806,0.5943,615.0,0.0746,0.1829,1.6083,0.5854,1.8786,1.8473,2.684,1.856,3.01,6.5,59.38,21.0,748.0,21.1698,0.51,1.25,10.99,4.0,142.0,20.7805,28,21,1,Arsenal,A,5,0.4672,2.605,1.8903,1.0,1.0,0.0,-0.1,-0.03,0.3346,0.2269,0.2166,0.2956,-1.0534,0.0,1.0,1.0,1.0
199249,Reguilón,Spurs,DEF,194,1,0,0,1524.0,0.0555,0.1671,1.7976,0.8268,419.0,0.0107,0.1418,1.2673,1.074,1.8786,1.8473,2.684,1.856,0.94,2.83,30.44,14.0,350.0,20.6693,0.05,0.66,5.9,5.0,111.0,23.8425,1,21,1,Arsenal,A,5,0.4672,2.605,1.9243,1.0,1.0,0.0,-0.1,-0.03,0.497,0.1829,0.132,0.2956,-1.0534,0.0003,1.0,1.0,1.0
212319,Richarlison,Spurs,FWD,497,4,0,0,1482.0,0.5879,0.0862,1.5577,0.4251,118.0,0.5949,0.1602,1.9068,0.0,1.8786,1.8473,2.684,1.856,9.68,1.42,25.65,7.0,304.0,18.4615,0.78,0.21,2.5,0.0,38.0,28.9831,4,21,1,Arsenal,A,5,0.4672,2.605,3.2165,1.0,1.0,0.0,-0.1,-0.03,0.2147,0.1532,0.9787,0.0,0.0,0.0,1.0,1.0,1.0
221632,Romero,Spurs,DEF,1416,18,0,0,2880.0,0.1044,0.045,1.6741,0.4688,630.0,0.2671,0.02,1.5871,0.0,1.8786,1.8473,2.684,1.856,3.3400000000000003,1.4400000000000002,53.57,15.0,604.0,18.875,1.87,0.14,11.11,0.0,105.0,15.0,18,21,1,Arsenal,A,5,0.4672,2.605,1.6749,1.0,1.0,0.0,-0.1,-0.03,0.2,0.05,0.3127,0.2956,-1.0534,0.0,1.0,1.0,1.0
482442,P.M.Sarr,Spurs,MID,1901,22,0,0,2140.0,0.1337,0.0896,1.5027,0.1682,494.0,0.0674,0.0729,1.5413,0.0,1.8786,1.8473,2.684,1.856,3.18,2.13,35.73,4.0,409.0,17.2009,0.37,0.4,8.46,0.0,67.0,12.2065,22,21,1,Arsenal,A,5,0.4672,2.605,2.4337,1.0,1.0,0.0,-0.1,-0.03,0.0735,0.1345,0.2817,0.0739,0.0,0.0,1.0,1.0,1.0
490145,Scarlett,Spurs,FWD,31,0,0,0,19.0,0.0,0.0,0.0947,0.0,17.0,0.0,0.0,0.0,0.0,1.8786,1.8473,2.684,1.856,0.0,0.0,0.02,0.0,10.0,47.3684,0.0,0.0,0.0,0.0,6.0,31.7647,0,21,1,Arsenal,A,5,0.4672,2.605,0.0229,0.0109,0.0073,0.0,-0.0011,-0.0003,0.0,0.0015,0.0046,0.0,0.0,0.0,0.0109,0.0109,0.0073
235674,Solomon,Spurs,MID,0,0,0,0,196.0,0.1883,0.3444,0.8219,0.9184,0.0,0.0,0.0,0.0,0.0,1.8786,1.8473,2.684,1.856,0.41,0.75,1.79,2.0,53.0,24.3367,0.0,0.0,0.0,0.0,0.0,0.0,0,21,1,Arsenal,A,5,0.4672,2.605,0.0,0.0,0.0,0.0,0.0,0.0,0.0,0.0,0.0,0.0,0.0,0.0,0.0,0.0,0.0
85971,Son,Spurs,MID,2106,24,0,0,3024.0,0.3429,0.2432,1.6289,0.744,627.0,0.3402,0.2397,1.5861,0.1435,1.8786,1.8473,2.684,1.856,11.52,8.17,54.73,25.0,725.0,21.5774,2.37,1.67,11.05,1.0,114.0,16.3636,24,21,1,Arsenal,A,5,0.4672,2.605,3.296,1.0,1.0,0.0,-0.1,-0.03,0.3374,0.3097,0.705,0.0739,0.0,0.0,1.0,1.0,1.0
232859,Spence,Spurs,DEF,1790,19,0,0,1.0,0.0,0.0,5.4,0.0,1.0,0.0,0.0,5.4,0.0,1.8786,1.8473,2.684,1.856,0.0,0.0,0.06,0.0,3.0,270.0,0.0,0.0,0.06,0.0,3.0,270.0,19,21,1,Arsenal,A,5,0.4672,2.605,1.757,1.0,1.0,0.0,-0.1,-0.03,0.0,0.0699,0.1399,0.2956,-1.0534,0.435,1.0,1.0,1.0
487053,Udogie,Spurs,DEF,1923,24,0,0,2481.0,0.0878,0.0878,1.8036,0.2902,90.0,0.0,0.06,1.02,0.0,1.8786,1.8473,2.684,1.856,2.42,2.42,49.72,8.0,404.0,14.6554,0.0,0.06,1.02,0.0,2.0,2.0,24,21,1,Arsenal,A,5,0.4672,2.605,1.5468,1.0,1.0,0.0,-0.1,-0.03,0.1496,0.0986,0.1864,0.2956,-1.0534,0.0,1.0,1.0,1.0
491279,Van de Ven,Spurs,DEF,1014,12,0,0,2431.0,0.0226,0.013,1.4283,0.3702,630.0,0.03,0.0143,1.5871,0.4286,1.8786,1.8473,2.684,1.856,0.61,0.35,38.58,10.0,513.0,18.9922,0.21,0.1,11.11,3.0,117.0,16.7143,12,21,1,Arsenal,A,5,0.4672,2.605,1.4345,1.0,1.0,0.0,-0.1,-0.03,0.2173,0.0272,0.0778,0.2956,-1.0534,0.0,1.0,1.0,1.0
536908,Veliz,Spurs,FWD,0,0,0,0,45.0,0.84,0.0,3.76,0.0,0.0,0.0,0.0,0.0,0.0,1.8786,1.8473,2.684,1.856,0.42,0.0,1.88,0.0,40.0,80.0,0.0,0.0,0.0,0.0,0.0,0.0,0,21,1,Arsenal,A,5,0.4672,2.605,0.0,0.0,0.0,0.0,0.0,0.0,0.0,0.0,0.0,0.0,0.0,0.0,0.0,0.0,0.0
184254,Vicario,Spurs,GK,2160,24,0,0,3510.0,0.0,0.0,1.6564,0.2308,630.0,0.0,0.0,1.5871,0.0,1.8786,1.8473,2.684,1.856,0.0,0.0,64.6,9.0,746.0,19.1282,0.0,0.0,11.11,0.0,137.0,19.5714,24,21,1,Arsenal,A,5,0.4672,2.605,2.4927,1.0,0.99,1.2844,-0.1,-0.03,0.0985,0.0,0.0,0.2927,-1.0429,0.0,1.0,1.0,0.99
165153,Werner,Spurs,MID,504,4,0,0,820.0,0.4182,0.3238,1.2271,0.5488,42.0,0.0,0.0429,0.9,0.0,1.8786,1.8473,2.684,1.856,3.81,2.95,11.18,5.0,176.0,19.3171,0.0,0.02,0.42,0.0,3.0,6.4286,4,21,1,Arsenal,A,5,0.4672,2.605,3.2918,1.0,1.0,0.0,-0.1,-0.03,0.2955,0.3476,0.7047,0.0739,0.0,0.0,1.0,1.0,1.0
175941,Whiteman,Spurs,GK,0,0,0,0,0.0,0.0,0.0,0.0,0.0,0.0,0.0,0.0,0.0,0.0,1.8786,1.8473,2.684,1.856,0.0,0.0,0.0,0.0,0.0,0.0,0.0,0.0,0.0,0.0,0.0,0.0,0,21,1,Arsenal,A,5,0.4672,2.605,0.0,0.0,0.0,0.0,0.0,0.0,0.0,0.0,0.0,0.0,0.0,0.0,0.0,0.0,0.0
552427,Lankshear,Spurs,FWD,10,0,0,0,0.0,0.0,0.0,0.0,0.0,0.0,0.0,0.0,0.0,0.0,1.8786,1.8473,2.684,1.856,0.0,0.0,0.0,0.0,0.0,0.0,0.0,0.0,0.0,0.0,0.0,0.0,0,21,1,Arsenal,A,5,0.4672,2.605,0.0073,0.0035,0.0023,0.0,-0.0003,-0.0001,0.0,0.0005,0.0015,0.0,0.0,0.0,0.0035,0.0035,0.0023
499721,Moore,Spurs,MID,359,3,0,0,3.0,0.0,0.0,1.5,0.0,3.0,0.0,0.0,1.5,0.0,1.8786,1.8473,2.684,1.856,0.0,0.0,0.05,0.0,4.0,120.0,0.0,0.0,0.05,0.0,4.0,120.0,3,21,1,Arsenal,A,5,0.4672,2.605,2.5167,1.0,1.0,0.0,-0.1,-0.03,0.0,0.209,0.3483,0.0739,0.0,0.0155,1.0,1.0,1.0
550839,Odobert,Spurs,MID,843,9,0,0,2095.0,0.1181,0.1426,1.9482,0.1289,444.0,0.0993,0.0892,2.5338,0.0,1.8786,1.8473,2.684,1.856,2.75,3.32,45.35,3.0,303.0,13.0167,0.49,0.44,12.5,0.0,50.0,10.1351,9,21,1,Arsenal,A,5,0.4672,2.605,2.4756,1.0,1.0,0.0,-0.1,-0.03,0.057,0.1895,0.2851,0.0739,0.0,0.0,1.0,1.0,1.0
499726,Olusesi,Spurs,MID,0,0,0,0,,,,,,,,,,,1.8786,1.8473,2.684,1.856,,,,,,,,,,,,,0,21,1,Arsenal,A,5,0.4672,2.605,0.0,0.0,0.0,0.0,0.0,0.0,0.0,0.0,0.0,0.0,0.0,0.0,0.0,0.0,0.0
611920,Hardy,Spurs,DEF,0,0,0,0,,,,,,,,,,,1.8786,1.8473,2.684,1.856,,,,,,,,,,,,,0,21,1,Arsenal,A,5,0.4672,2.605,0.0,0.0,0.0,0.0,0.0,0.0,0.0,0.0,0.0,0.0,0.0,0.0,0.0,0.0,0.0
611917,Williams-Barnett,Spurs,MID,0,0,0,0,,,,,,,,,,,1.8786,1.8473,2.684,1.856,,,,,,,,,,,,,0,21,1,Arsenal,A,5,0.4672,2.605,0.0,0.0,0.0,0.0,0.0,0.0,0.0,0.0,0.0,0.0,0.0,0.0,0.0,0.0,0.0
519321,Dorrington,Spurs,DEF,13,0,0,0,0.0,0.0,0.0,0.0,0.0,0.0,0.0,0.0,0.0,0.0,1.8786,1.8473,2.684,1.856,0.0,0.0,0.0,0.0,0.0,0.0,0.0,0.0,0.0,0.0,0.0,0.0,0,21,1,Arsenal,A,5,0.4672,2.605,0.0053,0.0046,0.003,0.0,-0.0005,-0.0001,0.0,0.0002,0.0004,0.0009,-0.0032,0.0,0.0046,0.0046,0.003
592736,King,Spurs,DEF,0,0,0,0,,,,,,,,,,,1.8786,1.8473,2.684,1.856,,,,,,,,,,,,,0,21,1,Arsenal,A,5,0.4672,2.605,0.0,0.0,0.0,0.0,0.0,0.0,0.0,0.0,0.0,0.0,0.0,0.0,0.0,0.0,0.0
485055,Kinsky,Spurs,GK,540,6,0,0,,,,,,,,,,,1.8786,1.8473,2.684,1.856,,,,,,,,,,,,,6,21,1,Arsenal,A,5,0.4672,2.605,2.3942,1.0,0.99,1.2844,-0.1,-0.03,0.0,0.0,0.0,0.2927,-1.0429,0.0,1.0,1.0,0.99
623095,Yang,Spurs,MID,0,0,0,0,,,,,,,,,,,1.8786,1.8473,2.684,1.856,,,,,,,,,,,,,0,21,1,Arsenal,A,5,0.4672,2.605,0.0,0.0,0.0,0.0,0.0,0.0,0.0,0.0,0.0,0.0,0.0,0.0,0.0,0.0,0.0
574799,Ajayi,Spurs,MID,0,0,0,0,,,,,,,,,,,1.8786,1.8473,2.684,1.856,,,,,,,,,,,,,0,21,1,Arsenal,A,5,0.4672,2.605,0.0,0.0,0.0,0.0,0.0,0.0,0.0,0.0,0.0,0.0,0.0,0.0,0.0,0.0,0.0
100041880,Postecoglou,Spurs,UNK,0,0,0,0,,,,,,,,,,,1.8786,1.8473,2.684,1.856,,,,,,,,,,,,,0,21,1,Arsenal,A,5,0.4672,2.605,0.0,0.0,0.0,0.0,0.0,0.0,0.0,0.0,0.0,0.0,0.0,0.0,0.0,0.0,0.0
501620,Cassanova,Spurs,DEF,0,0,0,0,,,,,,,,,,,1.8786,1.8473,2.684,1.856,,,,,,,,,,,,,0,21,1,Arsenal,A,5,0.4672,2.605,0.0,0.0,0.0,0.0,0.0,0.0,0.0,0.0,0.0,0.0,0.0,0.0,0.0,0.0,0.0
135720,Danso,Spurs,DEF,842,9,0,0,,,,,,,,,,,1.8786,1.8473,2.684,1.856,,,,,,,,,,,,,9,21,1,Arsenal,A,5,0.4672,2.605,1.1928,1.0,1.0,0.0,-0.1,-0.03,0.0,0.0261,0.0522,0.2956,-1.0534,0.0023,1.0,1.0,1.0
511499,Tel,Spurs,MID,908,11,0,0,,,,,,,,,,,1.8786,1.8473,2.684,1.856,,,,,,,,,,,,,11,21,1,Arsenal,A,5,0.4672,2.605,2.1265,1.0,1.0,0.0,-0.1,-0.03,0.0,0.0685,0.1141,0.0739,0.0,0.0,1.0,1.0,1.0
487117,Ferguson,West Ham,FWD,385,3,0,0,1356.0,0.298,0.0511,1.4708,0.3319,0.0,0.0,0.0,0.0,0.0,1.4256,1.9464,1.5167,2.135,4.49,0.77,22.16,5.0,218.0,14.469,0.0,0.0,0.0,0.0,0.0,0.0,3,21,1,Fulham,H,3,1.3465,1.488,4.2794,1.0,1.0,0.0,-0.1,-0.03,0.4149,0.314,1.6805,0.0,0.0,0.0,1.0,1.0,1.0
214590,Wan-Bissaka,West Ham,DEF,3154,35,0,0,1778.0,0.0056,0.0744,1.9524,0.2531,536.0,0.0067,0.0504,1.659,0.0,1.4256,1.9464,1.5167,2.135,0.11,1.47,38.57,5.0,323.0,16.3498,0.04,0.3,9.88,0.0,85.0,14.2724,35,21,1,Fulham,H,3,1.3465,1.488,2.9051,1.0,1.0,0.0,-0.1,-0.03,0.2427,0.2589,0.137,0.9033,-0.5067,0.0,1.0,1.0,1.0
213999,Álvarez,West Ham,MID,1769,20,0,0,2375.0,0.0519,0.0307,1.8891,0.1137,228.0,0.0,0.0474,2.4829,0.0,1.4256,1.9464,1.5167,2.135,1.37,0.8099999999999999,49.85,3.0,345.0,13.0737,0.0,0.12,6.29,0.0,33.0,13.0263,20,21,1,Fulham,H,3,1.3465,1.488,2.8666,1.0,1.0,0.0,-0.1,-0.03,0.1193,0.224,0.4275,0.2258,0.0,0.0,1.0,1.0,1.0
57531,Antonio,West Ham,FWD,834,11,0,0,1764.0,0.2857,0.0653,1.9184,0.4082,459.0,0.3765,0.0059,2.2098,0.1961,1.4256,1.9464,1.5167,2.135,5.6,1.28,37.6,8.0,232.0,11.8367,1.92,0.03,11.27,1.0,61.0,11.9608,11,21,1,Fulham,H,3,1.3465,1.488,4.0216,1.0,1.0,0.0,-0.1,-0.03,0.4518,0.2618,1.4379,0.0,0.0,0.0,1.0,1.0,1.0
84182,Areola,West Ham,GK,2259,25,0,0,2790.0,0.0,0.0,1.8306,0.3548,450.0,0.0,0.0,2.068,0.0,1.4256,1.9464,1.5167,2.135,0.0,0.0,56.75,11.0,603.0,19.4516,0.0,0.0,10.34,0.0,84.0,16.8,25,21,1,Fulham,H,3,1.3465,1.488,3.4165,1.0,0.99,0.8174,-0.1,-0.03,0.3465,0.0,0.0,0.8943,-0.5017,0.0,1.0,1.0,0.99
178186,Bowen,West Ham,MID,2974,34,0,0,3092.0,0.3481,0.1447,1.8672,0.4075,342.0,0.5421,0.1079,2.1211,0.7895,1.4256,1.9464,1.5167,2.135,11.96,4.97,64.15,14.0,522.0,15.194,2.06,0.41,8.06,3.0,41.0,10.7895,34,21,1,Fulham,H,3,1.3465,1.488,5.5196,1.0,1.0,0.0,-0.1,-0.03,0.6028,0.5479,2.2732,0.2258,0.0,0.0,1.0,1.0,1.0
164555,Coufal,West Ham,DEF,1056,11,0,0,3219.0,0.0098,0.087,1.9007,0.2516,534.0,0.0118,0.118,2.1472,0.0,1.4256,1.9464,1.5167,2.135,0.35,3.11,67.98,9.0,513.0,14.343,0.0699999999999999,0.7,12.739999999999998,0.0,54.0,9.1011,11,21,1,Fulham,H,3,1.3465,1.488,2.9944,1.0,1.0,0.0,-0.1,-0.03,0.2414,0.3517,0.1348,0.9033,-0.5067,0.0,1.0,1.0,1.0
55459,Cresswell,West Ham,DEF,818,10,0,0,431.0,0.0,0.0919,1.2404,0.0,155.0,0.0,0.0116,1.9103,0.0,1.4256,1.9464,1.5167,2.135,0.0,0.44,5.94,0.0,71.0,14.826,0.0,0.02,3.29,0.0,24.0,13.9355,10,21,1,Fulham,H,3,1.3465,1.488,2.7118,1.0,1.0,0.0,-0.1,-0.03,0.0,0.2349,0.2049,0.9033,-0.5067,0.0054,1.0,1.0,1.0
490885,Earthy,West Ham,MID,0,0,0,0,33.0,0.9545,0.0,0.4364,0.0,24.0,1.3125,0.0,0.6,0.0,1.4256,1.9464,1.5167,2.135,0.35,0.0,0.16,0.0,27.0,73.6364,0.35,0.0,0.16,0.0,24.0,90.0,0,21,1,Fulham,H,3,1.3465,1.488,0.0,0.0,0.0,0.0,0.0,0.0,0.0,0.0,0.0,0.0,0.0,0.0,0.0,0.0,0.0
109533,Emerson,West Ham,DEF,2108,26,0,0,3228.0,0.0468,0.0583,1.9547,0.223,513.0,0.0947,0.0316,2.2105,0.0,1.4256,1.9464,1.5167,2.135,1.6800000000000002,2.0900000000000003,70.11,8.0,524.0,14.6097,0.54,0.18,12.6,0.0,42.0,7.3684,26,21,1,Fulham,H,3,1.3465,1.488,3.0814,1.0,1.0,0.0,-0.1,-0.03,0.2148,0.1886,0.4115,0.9033,-0.5067,0.0,1.0,1.0,1.0
37096,Fabianski,West Ham,GK,1160,13,0,0,721.0,0.0,0.0,2.1221,0.1248,90.0,0.0,0.0,2.47,0.0,1.4256,1.9464,1.5167,2.135,0.0,0.0,17.0,1.0,152.0,18.9736,0.0,0.0,2.47,0.0,13.0,13.0,13,21,1,Fulham,H,3,1.3465,1.488,3.2124,1.0,0.99,0.8174,-0.1,-0.03,0.1423,0.0,0.0,0.8943,-0.5017,0.0,1.0,1.0,0.99
82143,Foderingham,West Ham,GK,0,0,0,0,2648.0,0.0,0.0017,2.1083,0.2379,450.0,0.0,0.0,2.548,0.0,1.4256,1.9464,1.5167,2.135,0.0,0.05,62.03,7.0,531.0,18.0476,0.0,0.0,12.74,0.0,102.0,20.4,0,21,1,Fulham,H,3,1.3465,1.488,0.0,0.0,0.0,0.0,0.0,0.0,0.0,0.0,0.0,0.0,0.0,0.0,0.0,0.0,0.0
84939,Ings,West Ham,FWD,270,1,0,0,394.0,0.3266,0.0594,2.3985,0.9137,50.0,0.45,0.036,2.142,0.0,1.4256,1.9464,1.5167,2.135,1.43,0.26,10.5,4.0,107.0,24.4416,0.25,0.02,1.19,0.0,12.0,21.6,1,21,1,Fulham,H,3,1.3465,1.488,5.2431,1.0,1.0,0.0,-0.1,-0.03,1.0797,0.4468,1.8467,0.0,0.0,0.0,1.0,1.0,1.0
214048,Kilman,West Ham,DEF,3348,38,0,0,3510.0,0.0456,0.0305,1.7744,0.0769,630.0,0.0057,0.0329,2.46,0.0,1.4256,1.9464,1.5167,2.135,1.78,1.19,69.2,3.0,601.0,15.4103,0.04,0.23,17.22,0.0,101.0,14.4286,38,21,1,Fulham,H,3,1.3465,1.488,2.7737,1.0,1.0,0.0,-0.1,-0.03,0.0726,0.1342,0.3003,0.9033,-0.5067,0.0,1.0,1.0,1.0
460842,Kudus,West Ham,MID,2589,31,0,0,2575.0,0.1797,0.1381,1.801,0.4544,534.0,0.2039,0.1652,2.159,0.0,1.4256,1.9464,1.5167,2.135,5.14,3.95,51.53,13.0,487.0,17.0214,1.21,0.98,12.81,0.0,82.0,13.8202,31,21,1,Fulham,H,3,1.3465,1.488,4.1926,1.0,1.0,0.0,-0.1,-0.03,0.436,0.5453,1.1154,0.2258,0.0,0.0,1.0,1.0,1.0
577114,L.Guilherme,West Ham,MID,139,1,0,0,0.0,0.0,0.0,0.0,0.0,0.0,0.0,0.0,0.0,0.0,1.4256,1.9464,1.5167,2.135,0.0,0.0,0.0,0.0,0.0,0.0,0.0,0.0,0.0,0.0,0.0,0.0,1,21,1,Fulham,H,3,1.3465,1.488,3.361,1.0,1.0,0.0,-0.1,-0.03,0.0,0.4741,0.7902,0.2258,0.0,0.0009,1.0,1.0,1.0
224024,L.Paquetá,West Ham,MID,2374,27,0,0,2700.0,0.1993,0.1657,1.7573,0.2333,496.0,0.156,0.0907,2.1538,0.0,1.4256,1.9464,1.5167,2.135,5.98,4.97,52.72,7.0,419.0,13.9667,0.86,0.5,11.87,0.0,58.0,10.5242,27,21,1,Fulham,H,3,1.3465,1.488,4.1075,1.0,1.0,0.0,-0.1,-0.03,0.2255,0.5878,1.1983,0.2258,0.0,0.0,1.0,1.0,1.0
233963,Mavropanos,West Ham,DEF,2035,21,0,0,1590.0,0.0685,0.0051,1.7768,0.1698,180.0,0.035,0.0,2.02,0.0,1.4256,1.9464,1.5167,2.135,1.21,0.09,31.39,3.0,242.0,13.6981,0.07,0.0,4.039999999999999,0.0,22.0,11.0,21,21,1,Fulham,H,3,1.3465,1.488,3.0016,1.0,1.0,0.0,-0.1,-0.03,0.1825,0.0664,0.486,0.9033,-0.5067,0.0,1.0,1.0,1.0
210494,N.Aguerd,West Ham,DEF,0,0,0,0,1857.0,0.0664,0.0199,1.88,0.0,0.0,0.0,0.0,0.0,0.0,1.4256,1.9464,1.5167,2.135,1.37,0.41,38.79,0.0,282.0,13.6672,0.0,0.0,0.0,0.0,0.0,0.0,0,21,1,Fulham,H,3,1.3465,1.488,0.0,0.0,0.0,0.0,0.0,0.0,0.0,0.0,0.0,0.0,0.0,0.0,0.0,0.0,0.0
215439,Souček,West Ham,MID,2563,30,0,0,2957.0,0.2371,0.0383,1.9604,0.2739,478.0,0.2674,0.081,2.2519,0.5649,1.4256,1.9464,1.5167,2.135,7.79,1.26,64.41,9.0,464.0,14.1224,1.42,0.43,11.96,3.0,92.0,17.3222,30,21,1,Fulham,H,3,1.3465,1.488,4.2258,1.0,1.0,0.0,-0.1,-0.03,0.4237,0.251,1.4553,0.2258,0.0,0.0,1.0,1.0,1.0
101178,Ward-Prowse,West Ham,MID,1433,17,0,0,3016.0,0.1859,0.188,1.8967,0.567,347.0,0.0674,0.1012,1.9608,0.2594,1.4256,1.9464,1.5167,2.135,6.23,6.3,63.56,19.0,711.0,21.2168,0.26,0.39,7.56,1.0,74.0,19.1931,17,21,1,Fulham,H,3,1.3465,1.488,4.3742,1.0,1.0,0.0,-0.1,-0.03,0.6331,0.6334,1.0119,0.2258,0.0,0.0,1.0,1.0,1.0
103192,Zouma,West Ham,DEF,0,0,0,0,2838.0,0.0603,0.0022,1.8964,0.1903,450.0,0.006,0.01,2.156,0.0,1.4256,1.9464,1.5167,2.135,1.9,0.07,59.8,6.0,444.0,14.0803,0.03,0.05,10.78,0.0,60.0,12.0,0,21,1,Fulham,H,3,1.3465,1.488,0.0,0.0,0.0,0.0,0.0,0.0,0.0,0.0,0.0,0.0,0.0,0.0,0.0,0.0,0.0
229384,Irving,West Ham,MID,161,1,0,0,0.0,0.0,0.0,0.0,0.0,0.0,0.0,0.0,0.0,0.0,1.4256,1.9464,1.5167,2.135,0.0,0.0,0.0,0.0,0.0,0.0,0.0,0.0,0.0,0.0,0.0,0.0,1,21,1,Fulham,H,3,1.3465,1.488,3.3187,1.0,1.0,0.0,-0.1,-0.03,0.0,0.4583,0.7639,0.2258,0.0,0.0007,1.0,1.0,1.0
450070,Summerville,West Ham,MID,776,7,0,0,17.0,0.0,0.9,1.4294,0.0,17.0,0.0,0.9,1.4294,0.0,1.4256,1.9464,1.5167,2.135,0.0,0.17,0.27,0.0,9.0,47.6471,0.0,0.17,0.27,0.0,9.0,47.6471,7,21,1,Fulham,H,3,1.3465,1.488,3.7819,1.0,1.0,0.0,-0.1,-0.03,0.0,0.7055,0.9767,0.2258,0.0,0.0039,1.0,1.0,1.0
197024,G.Rodríguez,West Ham,MID,1147,16,0,0,84.0,0.0214,0.0321,2.1,0.0,84.0,0.0214,0.0321,2.1,0.0,1.4256,1.9464,1.5167,2.135,0.02,0.03,1.96,0.0,15.0,16.0714,0.02,0.03,1.96,0.0,15.0,16.0714,16,21,1,Fulham,H,3,1.3465,1.488,3.1391,1.0,0.9264,0.0,-0.1,-0.03,0.0,0.4281,0.7052,0.2092,0.0,0.0003,1.0,1.0,0.9264
91889,Füllkrug,West Ham,FWD,783,6,0,0,17.0,0.0,0.0,1.4294,0.0,17.0,0.0,0.0,1.4294,0.0,1.4256,1.9464,1.5167,2.135,0.0,0.0,0.27,0.0,2.0,10.5882,0.0,0.0,0.27,0.0,2.0,10.5882,6,21,1,Fulham,H,3,1.3465,1.488,4.2791,1.0,1.0,0.0,-0.1,-0.03,0.0,0.586,1.8231,0.0,0.0,0.0,1.0,1.0,1.0
462116,Todibo,West Ham,DEF,1824,20,0,0,5.0,0.0,0.0,1.26,0.0,5.0,0.0,0.0,1.26,0.0,1.4256,1.9464,1.5167,2.135,0.0,0.0,0.07,0.0,2.0,36.0,0.0,0.0,0.07,0.0,2.0,36.0,20,21,1,Fulham,H,3,1.3465,1.488,3.0802,1.0,1.0,0.0,-0.1,-0.03,0.0,0.2,0.4,0.9033,-0.5067,0.2137,1.0,1.0,1.0
518438,Casey,West Ham,DEF,1,0,0,0,1.0,0.0,0.0,0.0,0.0,1.0,0.0,0.0,0.0,0.0,1.4256,1.9464,1.5167,2.135,0.0,0.0,0.0,0.0,3.0,270.0,0.0,0.0,0.0,0.0,3.0,270.0,0,21,1,Fulham,H,3,1.3465,1.488,0.0007,0.0004,0.0002,0.0,-0.0,-0.0,0.0,0.0,0.0001,0.0002,-0.0001,0.0,0.0004,0.0004,0.0002
224860,C.Soler,West Ham,MID,1394,14,0,0,,,,,,,,,,,1.4256,1.9464,1.5167,2.135,,,,,,,,,,,,,14,21,1,Fulham,H,3,1.3465,1.488,2.5224,1.0,1.0,0.0,-0.1,-0.03,0.0,0.16,0.2666,0.2258,0.0,0.0,1.0,1.0,1.0
536109,Scarles,West Ham,DEF,659,7,0,0,0.0,0.0,0.0,0.0,0.0,0.0,0.0,0.0,0.0,0.0,1.4256,1.9464,1.5167,2.135,0.0,0.0,0.0,0.0,0.0,0.0,0.0,0.0,0.0,0.0,0.0,0.0,7,21,1,Fulham,H,3,1.3465,1.488,2.5297,1.0,1.0,0.0,-0.1,-0.03,0.0,0.0871,0.1743,0.9033,-0.5067,0.0017,1.0,1.0,1.0
602903,Mayers,West Ham,DEF,0,0,0,0,,,,,,,,,,,1.4256,1.9464,1.5167,2.135,,,,,,,,,,,,,0,21,1,Fulham,H,3,1.3465,1.488,0.0,0.0,0.0,0.0,0.0,0.0,0.0,0.0,0.0,0.0,0.0,0.0,0.0,0.0,0.0
518442,Orford,West Ham,MID,47,0,0,0,0.0,0.0,0.0,0.0,0.0,0.0,0.0,0.0,0.0,0.0,1.4256,1.9464,1.5167,2.135,0.0,0.0,0.0,0.0,0.0,0.0,0.0,0.0,0.0,0.0,0.0,0.0,0,21,1,Fulham,H,3,1.3465,1.488,0.0441,0.0165,0.011,0.0,-0.0016,-0.0005,0.0,0.0061,0.0102,0.0025,0.0,0.0,0.0165,0.0165,0.011
100046435,Potter,West Ham,UNK,0,0,0,0,,,,,,,,,,,1.4256,1.9464,1.5167,2.135,,,,,,,,,,,,,0,21,1,Fulham,H,3,1.3465,1.488,0.0,0.0,0.0,0.0,0.0,0.0,0.0,0.0,0.0,0.0,0.0,0.0,0.0,0.0,0.0
101982,Johnstone,Wolves,GK,630,7,0,0,1796.0,0.0,0.0,1.3615,0.3508,0.0,0.0,0.0,0.0,0.0,1.255,1.9489,0.8117,3.3033,0.0,0.0,27.17,7.0,310.0,15.5345,0.0,0.0,0.0,0.0,0.0,0.0,7,21,1,Newcastle,A,4,1.0077,2.7023,2.6574,1.0,0.99,1.2697,-0.1,-0.03,0.3528,0.0,0.0,0.2655,-1.0906,0.0,1.0,1.0,0.99
448514,Aït-Nouri,Wolves,DEF,3112,37,0,0,2410.0,0.1173,0.0683,1.7563,0.2241,499.0,0.0451,0.0451,2.5846,0.0,1.255,1.9489,0.8117,3.3033,3.14,1.83,47.03,6.0,371.0,13.8548,0.25,0.25,14.33,0.0,64.0,11.5431,37,21,1,Newcastle,A,4,1.0077,2.7023,1.8934,1.0,1.0,0.0,-0.1,-0.03,0.1742,0.1706,0.512,0.2682,-1.1016,0.0,1.0,1.0,1.0
476502,B.Traore,Wolves,MID,1,0,0,0,802.0,0.0314,0.037,2.103,0.0,368.0,0.044,0.0196,1.8978,0.0,1.255,1.9489,0.8117,3.3033,0.28,0.33,18.74,0.0,122.0,13.6908,0.18,0.08,7.76,0.0,50.0,12.2283,0,21,1,Newcastle,A,4,1.0077,2.7023,0.0007,0.0004,0.0002,0.0,-0.0,-0.0,0.0,0.0,0.0001,0.0,0.0,0.0,0.0004,0.0004,0.0002
231057,Bellegarde,Wolves,MID,1666,20,0,0,1004.0,0.1273,0.0681,2.4329,0.0896,208.0,0.1168,0.0043,3.4615,0.0,1.255,1.9489,0.8117,3.3033,1.42,0.76,27.14,1.0,152.0,13.6255,0.27,0.01,8.0,0.0,22.0,9.5192,20,21,1,Newcastle,A,4,1.0077,2.7023,2.8967,1.0,1.0,0.0,-0.1,-0.03,0.0764,0.2561,0.6272,0.0671,0.0,0.0,1.0,1.0,1.0
79602,Bentley,Wolves,GK,180,2,0,0,382.0,0.0,0.0,1.8353,0.2356,90.0,0.0,0.0,2.7,0.0,1.255,1.9489,0.8117,3.3033,0.0,0.0,7.79,1.0,73.0,17.199,0.0,0.0,2.7,0.0,8.0,8.0,2,21,1,Newcastle,A,4,1.0077,2.7023,2.5208,1.0,0.99,1.2697,-0.1,-0.03,0.2162,0.0,0.0,0.2655,-1.0906,0.0,1.0,1.0,0.99
510363,Chiquinho,Wolves,MID,6,0,0,0,6.0,0.0,0.75,0.0,0.0,6.0,0.0,0.75,0.0,0.0,1.255,1.9489,0.8117,3.3033,0.0,0.05,0.0,0.0,4.0,60.0,0.0,0.05,0.0,0.0,4.0,60.0,0,21,1,Newcastle,A,4,1.0077,2.7023,0.005,0.0021,0.0014,0.0,-0.0002,-0.0001,0.0,0.0007,0.001,0.0001,0.0,0.0,0.0021,0.0021,0.0014
497606,Chirewa,Wolves,MID,0,0,0,0,138.0,0.1043,0.0457,0.9457,0.0,103.0,0.0699,0.0524,0.9612,0.0,1.255,1.9489,0.8117,3.3033,0.16,0.07,1.45,0.0,21.0,13.6957,0.08,0.06,1.1,0.0,11.0,9.6117,0,21,1,Newcastle,A,4,1.0077,2.7023,0.0,0.0,0.0,0.0,0.0,0.0,0.0,0.0,0.0,0.0,0.0,0.0,0.0,0.0,0.0
589507,Chiwome,Wolves,FWD,0,0,0,0,173.0,0.052,0.0104,0.9832,0.0,0.0,0.0,0.0,0.0,0.0,1.255,1.9489,0.8117,3.3033,0.1,0.02,1.89,0.0,12.0,6.2428,0.0,0.0,0.0,0.0,0.0,0.0,0,21,1,Newcastle,A,4,1.0077,2.7023,0.0,0.0,0.0,0.0,0.0,0.0,0.0,0.0,0.0,0.0,0.0,0.0,0.0,0.0,0.0
245923,Cundle,Wolves,MID,0,0,0,0,0.0,0.0,0.0,0.0,0.0,0.0,0.0,0.0,0.0,0.0,1.255,1.9489,0.8117,3.3033,0.0,0.0,0.0,0.0,0.0,0.0,0.0,0.0,0.0,0.0,0.0,0.0,0,21,1,Newcastle,A,4,1.0077,2.7023,0.0,0.0,0.0,0.0,0.0,0.0,0.0,0.0,0.0,0.0,0.0,0.0,0.0,0.0,0.0
430871,Cunha,Wolves,FWD,2596,29,0,0,2471.0,0.3478,0.1089,1.776,0.5463,385.0,0.1894,0.1099,2.6112,0.0,1.255,1.9489,0.8117,3.3033,9.55,2.99,48.76,15.0,529.0,19.2675,0.8099999999999999,0.47,11.17,0.0,50.0,11.6883,29,21,1,Newcastle,A,4,1.0077,2.7023,3.9498,1.0,1.0,0.0,-0.1,-0.03,0.4364,0.3522,1.2911,0.0,0.0,0.0,1.0,1.0,1.0
60232,Dawson,Wolves,DEF,969,10,0,0,2215.0,0.0642,0.0171,1.5631,0.2438,6.0,0.0,0.0,0.0,0.0,1.255,1.9489,0.8117,3.3033,1.58,0.42,38.47,6.0,423.0,17.1874,0.0,0.0,0.0,0.0,2.0,30.0,10,21,1,Newcastle,A,4,1.0077,2.7023,1.7196,1.0,1.0,0.0,-0.1,-0.03,0.2433,0.0698,0.3698,0.2682,-1.1016,0.0,1.0,1.0,1.0
87835,Doherty,Wolves,DEF,2105,25,0,0,1226.0,0.0712,0.0639,1.7912,0.0734,405.0,0.0511,0.02,1.5178,0.0,1.255,1.9489,0.8117,3.3033,0.97,0.87,24.4,1.0,193.0,14.168,0.23,0.09,6.83,0.0,57.0,12.6667,25,21,1,Newcastle,A,4,1.0077,2.7023,1.5937,1.0,1.0,0.0,-0.1,-0.03,0.0583,0.1504,0.348,0.2682,-1.1016,0.0004,1.0,1.0,1.0
220394,Doyle,Wolves,MID,474,3,0,0,1209.0,0.0313,0.0648,1.6541,0.0,161.0,0.0056,0.0671,1.7888,0.0,1.255,1.9489,0.8117,3.3033,0.42,0.8700000000000001,22.22,0.0,197.0,14.665,0.01,0.12,3.2,0.0,19.0,10.6211,3,21,1,Newcastle,A,4,1.0077,2.7023,2.5519,1.0,1.0,0.0,-0.1,-0.03,0.0,0.2784,0.3364,0.0671,0.0,0.0,1.0,1.0,1.0
449988,Fábio Silva,Wolves,FWD,0,0,0,0,259.0,0.3892,0.0313,2.5019,0.0,0.0,0.0,0.0,0.0,0.0,1.255,1.9489,0.8117,3.3033,1.12,0.09,7.2,0.0,7.0,2.4324,0.0,0.0,0.0,0.0,0.0,0.0,0,21,1,Newcastle,A,4,1.0077,2.7023,0.0,0.0,0.0,0.0,0.0,0.0,0.0,0.0,0.0,0.0,0.0,0.0,0.0,0.0,0.0
531363,Fraser,Wolves,FWD,0,0,0,0,183.0,0.1574,0.0295,1.5984,0.0,1.0,0.0,1.8,0.0,0.0,1.255,1.9489,0.8117,3.3033,0.32,0.06,3.25,0.0,17.0,8.3607,0.0,0.02,0.0,0.0,2.0,180.0,0,21,1,Newcastle,A,4,1.0077,2.7023,0.0,0.0,0.0,0.0,0.0,0.0,0.0,0.0,0.0,0.0,0.0,0.0,0.0,0.0,0.0
593001,Gonzalez,Wolves,MID,0,0,0,0,1.0,0.0,0.0,0.0,0.0,1.0,0.0,0.0,0.0,0.0,1.255,1.9489,0.8117,3.3033,0.0,0.0,0.0,0.0,3.0,270.0,0.0,0.0,0.0,0.0,3.0,270.0,0,21,1,Newcastle,A,4,1.0077,2.7023,0.0,0.0,0.0,0.0,0.0,0.0,0.0,0.0,0.0,0.0,0.0,0.0,0.0,0.0,0.0
181284,Guedes,Wolves,MID,979,10,0,0,0.0,0.0,0.0,0.0,0.0,0.0,0.0,0.0,0.0,0.0,1.255,1.9489,0.8117,3.3033,0.0,0.0,0.0,0.0,0.0,0.0,0.0,0.0,0.0,0.0,0.0,0.0,10,21,1,Newcastle,A,4,1.0077,2.7023,2.3459,1.0,1.0,0.0,-0.1,-0.03,0.0,0.1533,0.2555,0.0671,0.0,0.0,1.0,1.0,1.0
490721,H.Bueno,Wolves,DEF,0,0,0,0,727.0,0.0384,0.0842,1.6081,0.0,177.0,0.0102,0.1271,2.3034,0.0,1.255,1.9489,0.8117,3.3033,0.31,0.68,12.99,0.0,136.0,16.8363,0.02,0.25,4.53,0.0,22.0,11.1864,0,21,1,Newcastle,A,4,1.0077,2.7023,0.0,0.0,0.0,0.0,0.0,0.0,0.0,0.0,0.0,0.0,0.0,0.0,0.0,0.0,0.0
184754,Hee Chan,Wolves,MID,646,5,0,0,2206.0,0.3072,0.1204,1.636,0.408,557.0,0.1955,0.084,2.3785,0.0,1.255,1.9489,0.8117,3.3033,7.53,2.95,40.1,10.0,348.0,14.1976,1.21,0.52,14.72,0.0,59.0,9.5332,5,21,1,Newcastle,A,4,1.0077,2.7023,3.8865,1.0,1.0,0.0,-0.1,-0.03,0.3136,0.3629,1.2729,0.0671,0.0,0.0,1.0,1.0,1.0
240299,Hodge,Wolves,MID,0,0,0,0,0.0,0.0,0.0,0.0,0.0,0.0,0.0,0.0,0.0,0.0,1.255,1.9489,0.8117,3.3033,0.0,0.0,0.0,0.0,0.0,0.0,0.0,0.0,0.0,0.0,0.0,0.0,0,21,1,Newcastle,A,4,1.0077,2.7023,0.0,0.0,0.0,0.0,0.0,0.0,0.0,0.0,0.0,0.0,0.0,0.0,0.0,0.0,0.0
441271,Hoever,Wolves,DEF,0,0,0,0,0.0,0.0,0.0,0.0,0.0,0.0,0.0,0.0,0.0,0.0,1.255,1.9489,0.8117,3.3033,0.0,0.0,0.0,0.0,0.0,0.0,0.0,0.0,0.0,0.0,0.0,0.0,0,21,1,Newcastle,A,4,1.0077,2.7023,0.0,0.0,0.0,0.0,0.0,0.0,0.0,0.0,0.0,0.0,0.0,0.0,0.0,0.0,0.0
448089,J.Gomes,Wolves,MID,2975,35,0,0,2729.0,0.06,0.0587,1.7904,0.0989,596.0,0.0513,0.0393,2.481,0.0,1.255,1.9489,0.8117,3.3033,1.82,1.78,54.29,3.0,370.0,12.2023,0.3399999999999999,0.26,16.43,0.0,58.0,8.7584,35,21,1,Newcastle,A,4,1.0077,2.7023,2.5735,1.0,1.0,0.0,-0.1,-0.03,0.0755,0.2047,0.3562,0.0671,0.0,0.0,1.0,1.0,1.0
149065,José Sá,Wolves,GK,2610,29,0,0,3127.0,0.0,0.0,1.7447,0.2303,540.0,0.0,0.0,2.2883,0.0,1.255,1.9489,0.8117,3.3033,0.0,0.0,60.62,8.0,632.0,18.19,0.0,0.0,13.73,0.0,123.0,20.5,29,21,1,Newcastle,A,4,1.0077,2.7023,2.4822,1.0,0.99,1.2697,-0.1,-0.03,0.1776,0.0,0.0,0.2655,-1.0906,0.0,1.0,1.0,0.99
429414,Kalajdžić,Wolves,FWD,0,0,0,0,158.0,0.5753,0.1481,1.4639,2.2785,0.0,0.0,0.0,0.0,0.0,1.255,1.9489,0.8117,3.3033,1.01,0.26,2.5700000000000003,4.0,88.0,50.1266,0.0,0.0,0.0,0.0,0.0,0.0,0,21,1,Newcastle,A,4,1.0077,2.7023,0.0,0.0,0.0,0.0,0.0,0.0,0.0,0.0,0.0,0.0,0.0,0.0,0.0,0.0,0.0
138001,King,Wolves,GK,1,0,0,0,0.0,0.0,0.0,0.0,0.0,0.0,0.0,0.0,0.0,0.0,1.255,1.9489,0.8117,3.3033,0.0,0.0,0.0,0.0,0.0,0.0,0.0,0.0,0.0,0.0,0.0,0.0,0,21,1,Newcastle,A,4,1.0077,2.7023,0.0009,0.0004,0.0003,0.0005,-0.0,-0.0,0.0,0.0,0.0,0.0001,-0.0003,0.0,0.0004,0.0004,0.0003
151086,Mario Jr.,Wolves,MID,1363,15,0,0,3059.0,0.1353,0.0374,1.8068,0.3825,534.0,0.0404,0.0843,2.4354,0.5056,1.255,1.9489,0.8117,3.3033,4.6000000000000005,1.27,61.41,13.0,506.0,14.8872,0.24,0.5,14.45,3.0,86.0,14.4944,15,21,1,Newcastle,A,4,1.0077,2.7023,3.15,1.0,1.0,0.0,-0.1,-0.03,0.4135,0.1977,0.6017,0.0671,0.0,0.0,1.0,1.0,1.0
501837,Mosquera,Wolves,DEF,441,5,0,0,90.0,0.0,0.02,1.24,0.0,90.0,0.0,0.02,1.24,0.0,1.255,1.9489,0.8117,3.3033,0.0,0.02,1.24,0.0,8.0,8.0,0.0,0.02,1.24,0.0,8.0,8.0,5,21,1,Newcastle,A,4,1.0077,2.7023,1.6363,1.0,1.0,0.0,-0.1,-0.03,0.0,0.1346,0.2511,0.2682,-1.1016,0.2141,1.0,1.0,1.0
200402,N.Semedo,Wolves,DEF,2889,32,0,0,3084.0,0.0283,0.0493,2.0162,0.0,387.0,0.0791,0.0093,4.3209,0.0,1.255,1.9489,0.8117,3.3033,0.97,1.69,69.09,0.0,455.0,13.2782,0.34,0.04,18.58,0.0,24.0,5.5814,32,21,1,Newcastle,A,4,1.0077,2.7023,1.4108,1.0,1.0,0.0,-0.1,-0.03,0.0,0.1286,0.2456,0.2682,-1.1016,0.0,1.0,1.0,1.0
641221,Pedro Lima,Wolves,DEF,69,1,0,0,0.0,0.0,0.0,0.0,0.0,0.0,0.0,0.0,0.0,0.0,1.255,1.9489,0.8117,3.3033,0.0,0.0,0.0,0.0,0.0,0.0,0.0,0.0,0.0,0.0,0.0,0.0,1,21,1,Newcastle,A,4,1.0077,2.7023,1.402,1.0,0.8667,0.0,-0.1,-0.03,0.0,0.1018,0.2037,0.2325,-0.9548,0.0821,1.0,1.0,0.8667
200600,Podence,Wolves,MID,46,0,0,0,15.0,0.24,0.0,0.36,0.0,15.0,0.24,0.0,0.36,0.0,1.255,1.9489,0.8117,3.3033,0.04,0.0,0.06,0.0,2.0,12.0,0.04,0.0,0.06,0.0,2.0,12.0,0,21,1,Newcastle,A,4,1.0077,2.7023,0.0386,0.0161,0.0108,0.0,-0.0016,-0.0005,0.0,0.0048,0.0083,0.0007,0.0,0.0,0.0161,0.0161,0.0108
483081,R.Gomes,Wolves,MID,794,7,0,0,74.0,0.0608,0.0122,1.4351,0.0,74.0,0.0608,0.0122,1.4351,0.0,1.255,1.9489,0.8117,3.3033,0.05,0.01,1.18,0.0,6.0,7.2973,0.05,0.01,1.18,0.0,6.0,7.2973,7,21,1,Newcastle,A,4,1.0077,2.7023,3.041,1.0,1.0,0.0,-0.1,-0.03,0.0,0.3998,0.6978,0.0671,0.0,0.0063,1.0,1.0,1.0
231480,S.Bueno,Wolves,DEF,1678,18,0,0,819.0,0.0,0.0011,2.2758,0.0,237.0,0.0,0.0,3.0646,0.0,1.255,1.9489,0.8117,3.3033,0.0,0.01,20.71,0.0,124.0,13.6264,0.0,0.0,8.07,0.0,39.0,14.8101,18,21,1,Newcastle,A,4,1.0077,2.7023,1.2276,1.0,1.0,0.0,-0.1,-0.03,0.0,0.0634,0.1235,0.2682,-1.1016,0.0041,1.0,1.0,1.0
88484,Sarabia,Wolves,MID,800,7,0,0,1743.0,0.2892,0.2587,1.5981,0.4131,141.0,0.1213,0.0957,2.4894,0.0,1.255,1.9489,0.8117,3.3033,5.6000000000000005,5.01,30.95,8.0,364.0,18.7952,0.19,0.15,3.9,0.0,14.0,8.9362,7,21,1,Newcastle,A,4,1.0077,2.7023,4.1692,1.0,1.0,0.0,-0.1,-0.03,0.3656,0.6572,1.2093,0.0671,0.0,0.0,1.0,1.0,1.0
247412,Strand Larsen,Wolves,FWD,2587,30,0,0,83.0,0.0867,0.0,1.3446,0.0,83.0,0.0867,0.0,1.3446,0.0,1.255,1.9489,0.8117,3.3033,0.08,0.0,1.24,0.0,2.0,2.1687,0.08,0.0,1.24,0.0,2.0,2.1687,30,21,1,Newcastle,A,4,1.0077,2.7023,3.4495,1.0,1.0,0.0,-0.1,-0.03,0.0,0.3726,1.2069,0.0,0.0,0.0,1.0,1.0,1.0
510362,Toti,Wolves,DEF,2613,30,0,0,2861.0,0.051,0.0201,1.7207,0.1887,629.0,0.063,0.0043,2.3509,0.4293,1.255,1.9489,0.8117,3.3033,1.62,0.64,54.7,6.0,462.0,14.5334,0.44,0.03,16.43,3.0,66.0,9.4436,30,21,1,Newcastle,A,4,1.0077,2.7023,1.6622,1.0,1.0,0.0,-0.1,-0.03,0.249,0.065,0.3115,0.2682,-1.1016,0.0,1.0,1.0,1.0
560248,Meupiyou,Wolves,DEF,0,0,0,0,,,,,,,,,,,1.255,1.9489,0.8117,3.3033,,,,,,,,,,,,,0,21,1,Newcastle,A,4,1.0077,2.7023,0.0,0.0,0.0,0.0,0.0,0.0,0.0,0.0,0.0,0.0,0.0,0.0,0.0,0.0,0.0
509291,André,Wolves,MID,2472,31,0,0,,,,,,,,,,,1.255,1.9489,0.8117,3.3033,,,,,,,,,,,,,31,21,1,Newcastle,A,4,1.0077,2.7023,2.1173,1.0,1.0,0.0,-0.1,-0.03,0.0,0.0676,0.1127,0.0671,0.0,0.0,1.0,1.0,1.0
463212,Forbs,Wolves,MID,236,1,0,0,,,,,,,,,,,1.255,1.9489,0.8117,3.3033,,,,,,,,,,,,,1,21,1,Newcastle,A,4,1.0077,2.7023,2.7597,1.0,1.0,0.0,-0.1,-0.03,0.0,0.3081,0.5134,0.0671,0.0,0.0011,1.0,1.0,1.0
517179,Pond,Wolves,DEF,1,0,0,0,,,,,,,,,,,1.255,1.9489,0.8117,3.3033,,,,,,,,,,,,,0,21,1,Newcastle,A,4,1.0077,2.7023,0.0005,0.0004,0.0002,0.0,-0.0,-0.0,0.0,0.0,0.0001,0.0001,-0.0002,0.0,0.0004,0.0004,0.0002
596054,Edozie,Wolves,MID,0,0,0,0,,,,,,,,,,,1.255,1.9489,0.8117,3.3033,,,,,,,,,,,,,0,21,1,Newcastle,A,4,1.0077,2.7023,0.0,0.0,0.0,0.0,0.0,0.0,0.0,0.0,0.0,0.0,0.0,0.0,0.0,0.0,0.0
613467,Okoduwa,Wolves,DEF,0,0,0,0,0.0,0.0,0.0,0.0,0.0,0.0,0.0,0.0,0.0,0.0,1.255,1.9489,0.8117,3.3033,0.0,0.0,0.0,0.0,0.0,0.0,0.0,0.0,0.0,0.0,0.0,0.0,0,21,1,Newcastle,A,4,1.0077,2.7023,0.0,0.0,0.0,0.0,0.0,0.0,0.0,0.0,0.0,0.0,0.0,0.0,0.0,0.0,0.0
516939,Agbadou,Wolves,DEF,1410,16,0,0,,,,,,,,,,,1.255,1.9489,0.8117,3.3033,,,,,,,,,,,,,16,21,1,Newcastle,A,4,1.0077,2.7023,1.1529,1.0,1.0,0.0,-0.1,-0.03,0.0,0.0387,0.0775,0.2682,-1.1016,0.0001,1.0,1.0,1.0
100040854,Pereira,Wolves,UNK,0,0,0,0,,,,,,,,,,,1.255,1.9489,0.8117,3.3033,,,,,,,,,,,,,0,21,1,Newcastle,A,4,1.0077,2.7023,0.0,0.0,0.0,0.0,0.0,0.0,0.0,0.0,0.0,0.0,0.0,0.0,0.0,0.0,0.0
531170,Djiga,Wolves,DEF,65,1,0,0,,,,,,,,,,,1.255,1.9489,0.8117,3.3033,,,,,,,,,,,,,1,21,1,Newcastle,A,4,1.0077,2.7023,1.352,1.0,0.7778,0.0,-0.1,-0.03,0.0,0.0966,0.1932,0.2086,-0.8569,0.0626,1.0,1.0,0.7778
433312,Munetsi,Wolves,MID,1077,12,0,0,,,,,,,,,,,1.255,1.9489,0.8117,3.3033,,,,,,,,,,,,,12,21,1,Newcastle,A,4,1.0077,2.7023,2.3194,1.0,1.0,0.0,-0.1,-0.03,0.0,0.1434,0.239,0.0671,0.0,0.0,1.0,1.0,1.0
647671,Mané,Wolves,FWD,1,0,0,0,,,,,,,,,,,1.255,1.9489,0.8117,3.3033,,,,,,,,,,,,,0,21,1,Newcastle,A,4,1.0077,2.7023,0.0009,0.0004,0.0002,0.0,-0.0,-0.0,0.0,0.0001,0.0003,0.0,0.0,0.0,0.0004,0.0004,0.0002
