player_code,web_name,team,position,season_minutes,season_starts,fbref_subs,fbref_unused_subs,long_form_minutes,long_form_unweighted_minutes,long_form_expected_goals_90,long_form_expected_assists_90,long_form_expected_goals_conceded_90,long_form_bonus_90,short_form_minutes,short_form_expected_goals_90,short_form_expected_assists_90,short_form_expected_goals_conceded_90,short_form_bonus_90,team_long_form_xg90,team_long_form_xgc90,team_short_form_xg90,team_short_form_xgc90,long_form_expected_goals,long_form_expected_assists,long_form_expected_goals_conceded,long_form_bonus,long_form_bps,long_form_unweighted_expected_goals,long_form_unweighted_expected_assists,long_form_unweighted_expected_goals_conceded,long_form_unweighted_bonus,long_form_unweighted_bps,long_form_bps_90,short_form_expected_goals,short_form_expected_assists,short_form_expected_goals_conceded,short_form_bonus,short_form_bps,short_form_unweighted_minutes,short_form_bps_90,now_cost,status,season_subs,fbref_starts,fbref_squads_made
438098,Fábio Vieira,Arsenal,MID,0,0,0,0,1.0,290,0.306,0.351,0.603,0.0,0,0.0,0.0,0.0,0.0,1.7106,1.0572,2.102,1.554,0.0034,0.0039,0.0067,0.0,0.1597,1.25,0.64,1.83,0,67,14.373,0.0,0.0,0.0,0,0,0,0.0,54,u,0,0,0
205651,G.Jesus,Arsenal,FWD,600,6,11,0,98.0,2070,0.4582,0.1064,0.8205,1.014,0,0.0,0.0,0.0,0.0,1.7106,1.0572,2.102,1.554,0.4989,0.1159,0.8934,1.1041,25.1744,9.32,3.7800000000000002,17.490000000000002,16,423,23.1193,0.0,0.0,0.0,0,0,0,0.0,65,i,11,6,17
226597,Gabriel,Arsenal,DEF,2363,28,0,0,459.3,5405,0.0696,0.043,0.7913,0.2699,0,0.0,0.0,0.0,0.0,1.7106,1.0572,2.102,1.554,0.355,0.2196,4.0384,1.3774,91.6246,7.18,1.86,49.27,17,1135,17.9539,0.0,0.0,0.0,0,0,0,0.0,61,i,0,28,28
219847,Havertz,Arsenal,FWD,1872,21,2,0,285.0,4499,0.4623,0.0868,0.8412,0.6998,33,0.3818,0.0545,0.8727,0.0,1.7106,1.0572,2.102,1.554,1.4641,0.2748,2.6637,2.2159,51.8604,21.89,5.53,40.35,29,858,16.377,0.14,0.02,0.32,0,3,33,8.1818,77,a,2,21,23
463748,Hein,Arsenal,GK,0,0,0,0,0.0,0,0.0,0.0,0.0,0.0,0,0.0,0.0,0.0,0.0,1.7106,1.0572,2.102,1.554,0.0,0.0,0.0,0.0,0.0,0.0,0.0,0.0,0,0,0.0,0.0,0.0,0.0,0,0,0,0.0,40,u,0,0,0
445122,J.Timber,Arsenal,DEF,2415,27,3,0,540.1,2485,0.0548,0.0452,0.7791,0.4426,90,0.0,0.07,1.75,0.0,1.7106,1.0572,2.102,1.554,0.3287,0.2712,4.6753,2.6558,102.7563,1.23,1.32,21.37,9,430,17.1229,0.0,0.07,1.75,0,16,90,16.0,55,i,3,27,30
85955,Jorginho,Arsenal,MID,701,9,6,0,183.0,1614,0.0073,0.0704,0.8065,0.0077,1,0.0,0.0,19.8,0.0,1.7106,1.0572,2.102,1.554,0.0149,0.1431,1.6399,0.0156,29.68,0.16,2.36,14.47,1,294,14.5967,0.0,0.0,0.22,0,3,1,270.0,46,a,6,9,15
440854,Kiwior,Arsenal,DEF,1117,10,7,0,617.7,2059,0.0147,0.0269,1.1842,0.2687,540,0.0067,0.0233,1.3233,0.3333,1.7106,1.0572,2.102,1.554,0.1011,0.1843,8.1275,1.8441,107.7559,0.91,0.89,19.86,3,438,15.7002,0.04,0.14,7.94,2,106,540,17.6667,49,a,7,10,17
444145,Martinelli,Arsenal,MID,2284,25,8,0,785.8,4294,0.3228,0.1594,1.1694,0.0812,497,0.3712,0.1648,1.4306,0.0,1.7106,1.0572,2.102,1.554,2.8181,1.392,10.2105,0.709,135.6841,13.49,9.64,41.1,12,826,15.5403,2.05,0.9099999999999999,7.9,0,97,497,17.5654,65,a,8,25,33
499175,Nwaneri,Arsenal,MID,882,11,15,0,361.1,895,0.1088,0.1728,0.5384,0.2948,115,0.1565,0.1643,0.6339,0.0,1.7106,1.0572,2.102,1.554,0.4364,0.6932,2.1601,1.1829,93.7006,1.19,1.83,5.51,4,254,23.3538,0.2,0.21000000000000002,0.81,0,47,115,36.7826,43,a,15,11,26
184029,Ødegaard,Arsenal,MID,2321,26,4,0,815.1,5419,0.163,0.2485,1.0192,0.5484,460,0.1135,0.2133,1.3676,0.7826,1.7106,1.0572,2.102,1.554,1.4763,2.2506,9.2303,4.9665,214.4451,12.38,16.84,47.42,37,1232,23.6781,0.58,1.09,6.989999999999999,4,154,460,30.1304,82,a,4,26,30
154561,Raya,Arsenal,GK,3420,38,0,0,1065.1,6300,0.0,0.0015,1.0072,0.1799,540,0.0,0.0033,1.3233,0.1667,1.7106,1.0572,2.102,1.554,0.0,0.0178,11.9198,2.1295,168.4276,0.0,0.07,57.54,16,1124,14.232,0.0,0.02,7.94,1,82,540,13.6667,56,a,0,38,38
204480,Rice,Arsenal,MID,2823,33,2,0,894.1,6048,0.1505,0.1506,0.9132,0.8013,415,0.2017,0.0867,1.1147,1.3012,1.7106,1.0572,2.102,1.554,1.4954,1.4959,9.0719,7.9605,215.3514,7.04,10.73,54.21,34,1371,21.6772,0.9299999999999999,0.4,5.14,6,112,415,24.2892,63,a,2,33,35
223340,Saka,Arsenal,MID,1724,20,5,0,475.1,4646,0.4301,0.4154,1.2278,0.4737,360,0.4175,0.4575,1.375,0.0,1.7106,1.0572,2.102,1.554,2.2705,2.1929,6.4813,2.5004,91.6449,22.27,18.68,43.38,47,1284,17.3606,1.67,1.83,5.5,0,40,360,10.0,104,a,5,20,25
462424,Saliba,Arsenal,DEF,3039,35,0,0,899.5,6459,0.0548,0.0367,1.0485,0.391,405,0.06,0.0156,1.5356,0.0,1.7106,1.0572,2.102,1.554,0.5473,0.3667,10.4796,3.9082,159.6069,4.12,2.18,58.64,27,1345,15.9696,0.27,0.07,6.91,0,57,405,12.6667,64,i,0,35,35
167199,Thomas,Arsenal,MID,2793,31,4,0,843.2,3578,0.075,0.0907,1.1152,0.1953,450,0.054,0.092,1.554,0.0,1.7106,1.0572,2.102,1.554,0.7023,0.8493,10.4485,1.8293,158.9873,2.7,3.22,39.28,8,709,16.9697,0.27,0.46,7.7700000000000005,0,69,450,13.8,49,a,4,31,35
192895,Tierney,Arsenal,DEF,250,2,11,0,159.8,250,0.1414,0.1321,0.9895,1.1264,97,0.1577,0.0464,1.2619,1.8557,1.7106,1.0572,2.102,1.554,0.251,0.2345,1.7569,2.0,66.2519,0.38,0.54,2.69,2,99,37.3133,0.17,0.05,1.3599999999999999,2,45,97,41.7526,43,a,11,2,13
223723,Tomiyasu,Arsenal,DEF,6,0,1,0,12.9,1146,0.2902,0.0495,1.0835,0.2505,0,0.0,0.0,0.0,0.0,1.7106,1.0572,2.102,1.554,0.0416,0.0071,0.1553,0.0359,2.6505,1.92,0.6799999999999999,14.07,4,246,18.4919,0.0,0.0,0.0,0,0,0,0.0,48,i,1,0,1
116216,Trossard,Arsenal,MID,2546,28,10,0,861.6,4179,0.2557,0.1511,1.0227,0.7388,454,0.3211,0.1784,1.3242,1.1894,1.7106,1.0572,2.102,1.554,2.4476,1.4467,9.7905,7.0724,199.5535,15.03,7.08,38.22,29,959,20.8447,1.6199999999999999,0.8999999999999999,6.68,6,135,454,26.7621,67,a,10,28,38
198869,White,Arsenal,DEF,1195,13,4,0,466.3,4182,0.0402,0.1811,1.2552,0.0214,432,0.0167,0.1792,1.2125,0.0,1.7106,1.0572,2.102,1.554,0.2082,0.9383,6.5033,0.1111,92.9264,1.73,4.96,41.83,14,987,17.9356,0.08,0.86,5.819999999999999,0,88,432,18.3333,62,a,4,13,17
206325,Zinchenko,Arsenal,DEF,518,5,10,0,219.6,2235,0.202,0.1556,0.5434,0.5673,165,0.2564,0.2018,0.5564,1.0909,1.7106,1.0572,2.102,1.554,0.4928,0.3796,1.3258,1.3841,60.2703,1.25,3.17,15.540000000000001,18,609,24.7009,0.47,0.37,1.02,2,51,165,27.8182,48,a,10,5,15
69752,Neto,Arsenal,GK,180,2,0,0,28.2,3060,0.0,0.0,1.3988,0.233,0,0.0,0.0,0.0,0.0,1.7106,1.0572,2.102,1.554,0.0,0.0,0.4383,0.073,5.1951,0.0,0.01,52.57,14,622,16.5801,0.0,0.0,0.0,0,0,0,0.0,41,a,0,2,2
103955,Sterling,Arsenal,MID,490,7,10,0,206.0,2462,0.2131,0.0865,0.9211,0.0272,142,0.0697,0.0634,1.1725,0.0,1.7106,1.0572,2.102,1.554,0.4877,0.1981,2.1083,0.0622,28.5706,7.82,4.81,37.16,8,387,12.4823,0.11,0.1,1.85,0,17,142,10.7746,67,a,10,7,17
466075,Calafiori,Arsenal,DEF,978,11,8,0,206.0,978,0.0605,0.0481,0.911,0.025,57,0.0,0.0158,1.2158,0.0,1.7106,1.0572,2.102,1.554,0.1384,0.1102,2.0851,0.0573,26.4577,0.86,0.6900000000000001,10.28,1,142,11.5592,0.0,0.01,0.77,0,9,57,14.2105,58,a,8,11,19
499169,Lewis-Skelly,Arsenal,MID,1362,15,8,0,629.7,1362,0.0143,0.0325,1.2511,0.0,408,0.0265,0.0331,1.5706,0.0,1.7106,1.0572,2.102,1.554,0.1004,0.2277,8.7532,0.0,108.2057,0.16,0.51,16.65,0,237,15.4653,0.12,0.15,7.12,0,75,408,16.5441,45,a,8,15,23
195384,Merino,Arsenal,MID,1575,17,11,0,568.7,1575,0.3819,0.0509,0.9722,0.4559,240,0.645,0.03,1.1662,0.0,1.7106,1.0572,2.102,1.554,2.4134,0.3217,6.1431,2.8808,108.4408,5.75,1.18,15.71,8,326,17.1614,1.72,0.08,3.11,0,38,240,14.25,60,a,11,17,28
498046,Oulad M'hand,Arsenal,MID,0,0,0,0,0.0,0,0.0,0.0,0.0,0.0,0,0.0,0.0,0.0,0.0,1.7106,1.0572,2.102,1.554,0.0,0.0,0.0,0.0,0.0,0.0,0.0,0.0,0,0,0.0,0.0,0.0,0.0,0,0,0,0.0,45,a,0,0,0
551221,Setford,Arsenal,GK,0,0,0,0,0.0,0,0.0,0.0,0.0,0.0,0,0.0,0.0,0.0,0.0,1.7106,1.0572,2.102,1.554,0.0,0.0,0.0,0.0,0.0,0.0,0.0,0.0,0,0,0.0,0.0,0.0,0.0,0,0,0,0.0,45,a,0,0,0
588793,Kacurri,Arsenal,DEF,0,0,0,0,0.0,0,0.0,0.0,0.0,0.0,0,0.0,0.0,0.0,0.0,1.7106,1.0572,2.102,1.554,0.0,0.0,0.0,0.0,0.0,0.0,0.0,0.0,0,0,0.0,0.0,0.0,0.0,0,0,0,0.0,40,u,0,0,0
588796,Kabia,Arsenal,MID,0,0,0,0,0.0,0,0.0,0.0,0.0,0.0,0,0.0,0.0,0.0,0.0,1.7106,1.0572,2.102,1.554,0.0,0.0,0.0,0.0,0.0,0.0,0.0,0.0,0,0,0.0,0.0,0.0,0.0,0,0,0,0.0,45,a,0,0,0
499167,Nichols,Arsenal,DEF,0,0,0,0,0.0,0,0.0,0.0,0.0,0.0,0,0.0,0.0,0.0,0.0,1.7106,1.0572,2.102,1.554,0.0,0.0,0.0,0.0,0.0,0.0,0.0,0.0,0,0,0.0,0.0,0.0,0.0,0,0,0,0.0,40,a,0,0,0
461025,Butler-Oyedeji,Arsenal,FWD,6,0,1,0,3.9,6,1.0477,0.0,0.5977,0.0,6,1.05,0.0,0.6,0.0,1.7106,1.0572,2.102,1.554,0.0454,0.0,0.0259,0.0,3.2421,0.07,0.0,0.04,0,5,74.8177,0.07,0.0,0.04,0,5,6,75.0,45,a,1,0,1
100051017,Arteta,Arsenal,UNK,0,0,0,0,0.0,0,0.0,0.0,0.0,0.0,0,0.0,0.0,0.0,0.0,1.7106,1.0572,2.102,1.554,0.0,0.0,0.0,0.0,0.0,0.0,0.0,0.0,0,0,0.0,0.0,0.0,0.0,0,0,0,0.0,15,a,0,0,0
616059,Porter,Arsenal,GK,0,0,0,0,0.0,0,0.0,0.0,0.0,0.0,0,0.0,0.0,0.0,0.0,1.7106,1.0572,2.102,1.554,0.0,0.0,0.0,0.0,0.0,0.0,0.0,0.0,0,0,0.0,0.0,0.0,0.0,0,0,0,0.0,40,a,0,0,0
538182,Gower,Arsenal,MID,0,0,0,0,0.0,0,0.0,0.0,0.0,0.0,0,0.0,0.0,0.0,0.0,1.7106,1.0572,2.102,1.554,0.0,0.0,0.0,0.0,0.0,0.0,0.0,0.0,0,0,0.0,0.0,0.0,0.0,0,0,0,0.0,45,a,0,0,0
514307,Jack Henry-Francis,Arsenal,MID,0,0,0,0,0.0,0,0.0,0.0,0.0,0.0,0,0.0,0.0,0.0,0.0,1.7106,1.0572,2.102,1.554,0.0,0.0,0.0,0.0,0.0,0.0,0.0,0.0,0,0,0.0,0.0,0.0,0.0,0,0,0,0.0,45,a,0,0,0
563324,Clarke,Arsenal,DEF,0,0,0,0,0.0,0,0.0,0.0,0.0,0.0,0,0.0,0.0,0.0,0.0,1.7106,1.0572,2.102,1.554,0.0,0.0,0.0,0.0,0.0,0.0,0.0,0.0,0,0,0.0,0.0,0.0,0.0,0,0,0,0.0,40,a,0,0,0
215711,Bailey,Aston Villa,MID,1132,14,10,0,188.9,3195,0.1868,0.1898,1.2371,0.2451,1,0.0,0.0,0.0,0.0,1.6053,1.4153,1.554,1.27,0.3921,0.3983,2.5965,0.5145,34.0432,8.02,10.09,50.08,13,656,16.2196,0.0,0.0,0.0,0,5,1,450.0,62,a,10,14,24
88894,Barkley,Aston Villa,MID,567,3,17,0,99.0,3183,0.2939,0.0701,1.8754,0.789,23,0.4304,0.0783,3.7565,0.0,1.6053,1.4153,1.554,1.27,0.3233,0.0771,2.0629,0.8679,35.8338,5.7,3.16,67.16,9,664,32.5762,0.11,0.02,0.96,0,16,23,62.6087,52,a,17,3,20
491287,Barrenechea,Aston Villa,MID,0,0,0,0,0.0,0,0.0,0.0,0.0,0.0,0,0.0,0.0,0.0,0.0,1.6053,1.4153,1.554,1.27,0.0,0.0,0.0,0.0,0.0,0.0,0.0,0.0,0,0,0.0,0.0,0.0,0.0,0,0,0,0.0,49,u,0,0,0
195546,Buendia,Aston Villa,MID,89,0,12,0,15.0,89,0.7476,0.027,2.121,0.0,0,0.0,0.0,0.0,0.0,1.6053,1.4153,1.554,1.27,0.1246,0.0045,0.3535,0.0,4.6242,0.65,0.03,2.27,0,37,27.7452,0.0,0.0,0.0,0,0,0,0.0,51,u,12,0,12
199796,Cash,Aston Villa,DEF,2069,24,3,0,751.1,4207,0.0299,0.0393,1.2379,0.1183,510,0.0282,0.0088,1.1982,0.1765,1.6053,1.4153,1.554,1.27,0.2495,0.3278,10.3311,0.9869,129.5032,4.89,3.7,65.42,6,623,15.5176,0.16,0.05,6.79,1,94,510,16.5882,44,a,3,24,27
151589,Dendoncker,Aston Villa,MID,0,0,0,0,0.5,118,0.666,0.018,1.134,2.736,0,0.0,0.0,0.0,0.0,1.6053,1.4153,1.554,1.27,0.0037,0.0001,0.0063,0.0152,0.2884,0.73,0.01,1.58,3,64,51.912,0.0,0.0,0.0,0,0,0,0.0,45,u,0,0,0
243557,Diaby,Aston Villa,MID,0,0,0,0,17.4,2168,0.3579,0.1624,1.7829,0.4453,0,0.0,0.0,0.0,0.0,1.6053,1.4153,1.554,1.27,0.0692,0.0314,0.3447,0.0861,3.2813,7.4,4.24,35.75,10,429,16.9722,0.0,0.0,0.0,0,0,0,0.0,65,u,0,0,0
165659,Diego Carlos,Aston Villa,DEF,828,8,2,0,103.7,2637,0.0826,0.0089,1.4077,0.1217,0,0.0,0.0,0.0,0.0,1.6053,1.4153,1.554,1.27,0.0952,0.0103,1.622,0.1402,10.2304,2.59,0.43,45.05,2,407,8.8788,0.0,0.0,0.0,0,0,0,0.0,45,u,2,8,10
101188,Digne,Aston Villa,DEF,2348,28,4,0,548.7,4753,0.0195,0.1363,1.3878,0.2114,199,0.0,0.1357,1.0312,0.4523,1.6053,1.4153,1.554,1.27,0.1186,0.8312,8.461,1.2891,95.2804,1.79,7.46,76.59,12,803,15.6283,0.0,0.30000000000000004,2.2800000000000002,1,39,199,17.6382,44,a,4,28,32
461421,Dobbin,Aston Villa,MID,0,0,0,0,1.2,226,0.12,0.0675,1.77,0.0,0,0.0,0.0,0.0,0.0,1.6053,1.4153,1.554,1.27,0.0016,0.0009,0.0236,0.0,0.2673,0.34,0.12,3.7199999999999998,0,54,20.0475,0.0,0.0,0.0,0,0,0,0.0,50,u,0,0,0
476344,Duran,Aston Villa,FWD,622,4,16,0,77.8,1083,0.6327,0.0244,1.4583,1.0402,0,0.0,0.0,0.0,0.0,1.6053,1.4153,1.554,1.27,0.5469,0.0211,1.2606,0.8992,22.5233,7.15,0.39,21.1,16,384,26.0552,0.0,0.0,0.0,0,0,0,0.0,57,u,16,4,20
462492,Gauci,Aston Villa,GK,0,0,0,0,0.0,0,0.0,0.0,0.0,0.0,0,0.0,0.0,0.0,0.0,1.6053,1.4153,1.554,1.27,0.0,0.0,0.0,0.0,0.0,0.0,0.0,0.0,0,0,0.0,0.0,0.0,0.0,0,0,0,0.0,40,u,0,0,0
123354,Hause,Aston Villa,DEF,0,0,0,0,0.0,0,0.0,0.0,0.0,0.0,0,0.0,0.0,0.0,0.0,1.6053,1.4153,1.554,1.27,0.0,0.0,0.0,0.0,0.0,0.0,0.0,0.0,0,0,0.0,0.0,0.0,0.0,0,0,0,0.0,39,a,0,0,0
469247,Iling Jr,Aston Villa,MID,0,0,0,0,0.0,0,0.0,0.0,0.0,0.0,0,0.0,0.0,0.0,0.0,1.6053,1.4153,1.554,1.27,0.0,0.0,0.0,0.0,0.0,0.0,0.0,0.0,0,0,0.0,0.0,0.0,0.0,0,0,0,0.0,54,u,0,0,0
226944,Kamara,Aston Villa,MID,1720,20,6,0,704.6,3373,0.0641,0.0572,1.1686,0.2692,524,0.079,0.0824,1.113,0.3435,1.6053,1.4153,1.554,1.27,0.5015,0.4477,9.1487,2.1079,125.3728,0.95,2.22,47.71,4,543,16.0141,0.45999999999999996,0.48000000000000004,6.48,2,90,524,15.458,50,a,6,20,26
465390,Kesler-Hayden,Aston Villa,DEF,0,0,0,0,0.1,5,0.0,0.0,1.26,0.0,0,0.0,0.0,0.0,0.0,1.6053,1.4153,1.554,1.27,0.0,0.0,0.0014,0.0,0.174,0.0,0.0,0.11,0,9,156.6,0.0,0.0,0.0,0,0,0,0.0,40,u,0,0,0
199798,Konsa,Aston Villa,DEF,2936,33,1,0,947.0,6005,0.0558,0.0196,1.3738,0.4376,540,0.07,0.0233,1.225,0.5,1.6053,1.4153,1.554,1.27,0.5868,0.2058,14.455,4.6049,176.4484,3.85,1.6199999999999999,96.1,17,1010,16.7691,0.42,0.14,7.35,3,109,540,18.1667,45,a,1,33,34
441302,Maatsen,Aston Villa,DEF,1125,10,19,0,511.7,1325,0.0835,0.1322,1.4317,0.0,341,0.1135,0.0792,1.4833,0.0,1.6053,1.4153,1.554,1.27,0.4748,0.7519,8.1402,0.0,94.8209,1.61,2.63,22.38,0,228,16.6775,0.43,0.3,5.62,0,66,341,17.4194,45,a,19,10,29
462381,Marschall,Aston Villa,GK,0,0,0,0,0.0,0,0.0,0.0,0.0,0.0,0,0.0,0.0,0.0,0.0,1.6053,1.4153,1.554,1.27,0.0,0.0,0.0,0.0,0.0,0.0,0.0,0.0,0,0,0.0,0.0,0.0,0.0,0,0,0,0.0,40,u,0,0,0
98980,Martinez,Aston Villa,GK,3195,37,0,0,942.1,6210,0.0,0.0009,1.2194,0.3346,495,0.0,0.0018,1.0182,0.7273,1.6053,1.4153,1.554,1.27,0.0,0.0098,12.7642,3.5027,162.3918,0.0,0.03,94.86,25,1097,15.5135,0.0,0.01,5.6,4,99,495,18.0,50,s,0,37,37
122806,McGinn,Aston Villa,MID,2217,27,7,0,668.9,5217,0.1303,0.0944,1.4825,0.024,330,0.1609,0.0764,1.2409,0.0,1.6053,1.4153,1.554,1.27,0.9681,0.7019,11.0179,0.1787,124.3612,8.11,7.69,84.88,10,862,16.7327,0.59,0.27999999999999997,4.55,0,72,330,19.6364,52,a,7,27,34
149484,Mings,Aston Villa,DEF,1119,12,2,0,427.8,1149,0.0681,0.0186,0.9704,0.3216,159,0.0226,0.017,0.6113,0.0,1.6053,1.4153,1.554,1.27,0.3236,0.0884,4.6124,1.5286,86.1968,0.89,0.39,14.28,5,212,18.134,0.04,0.03,1.08,0,32,159,18.1132,44,a,2,12,14
578545,Nedeljkovic,Aston Villa,DEF,121,0,5,0,9.9,121,0.0,0.0082,1.4645,0.0,0,0.0,0.0,0.0,0.0,1.6053,1.4153,1.554,1.27,0.0,0.0009,0.1611,0.0,0.1024,0.0,0.02,2.23,0,11,0.9309,0.0,0.0,0.0,0,0,0,0.0,39,u,5,0,5
111782,Olsen,Aston Villa,GK,225,1,3,0,112.0,630,0.0,0.0,2.5718,0.0533,45,0.0,0.0,3.5,0.0,1.6053,1.4153,1.554,1.27,0.0,0.0,3.2005,0.0663,12.2151,0.0,0.0,15.53,3,130,9.8157,0.0,0.0,1.75,0,2,45,4.0,45,a,3,1,4
244954,Pau,Aston Villa,DEF,2019,23,1,0,524.6,4481,0.012,0.0196,1.4583,0.3301,380,0.0,0.0213,1.485,0.2368,1.6053,1.4153,1.554,1.27,0.0699,0.114,8.5001,1.9242,84.0684,1.47,1.1400000000000001,69.69,7,715,14.4227,0.0,0.09000000000000001,6.27,1,61,380,14.4474,42,a,1,23,24
232653,Ramsey,Aston Villa,MID,1616,19,10,0,482.9,2464,0.0818,0.093,1.311,0.1524,214,0.0967,0.0589,1.1818,0.0,1.6053,1.4153,1.554,1.27,0.4387,0.499,7.0341,0.8179,71.0127,3.68,3.56,36.839999999999996,3,366,13.2349,0.23,0.14,2.81,0,29,214,12.1963,54,a,10,19,29
244850,Rogers,Aston Villa,MID,3115,37,0,0,970.1,3751,0.1745,0.1624,1.2284,0.3325,517,0.1323,0.2315,0.9609,0.1741,1.6053,1.4153,1.554,1.27,1.8807,1.7509,13.2412,3.5845,170.7242,7.84,5.57,58.25,15,648,15.8388,0.76,1.33,5.52,1,90,517,15.6673,58,a,0,37,37
248164,Sinisalo,Aston Villa,GK,0,0,0,0,0.0,0,0.0,0.0,0.0,0.0,0,0.0,0.0,0.0,0.0,1.6053,1.4153,1.554,1.27,0.0,0.0,0.0,0.0,0.0,0.0,0.0,0.0,0,0,0.0,0.0,0.0,0.0,0,0,0,0.0,40,u,0,0,0
514315,Sousa,Aston Villa,DEF,0,0,0,0,0.0,0,0.0,0.0,0.0,0.0,0,0.0,0.0,0.0,0.0,1.6053,1.4153,1.554,1.27,0.0,0.0,0.0,0.0,0.0,0.0,0.0,0.0,0,0,0.0,0.0,0.0,0.0,0,0,0,0.0,40,u,0,0,0
166989,Tielemans,Aston Villa,MID,3025,35,1,0,784.7,4638,0.1141,0.1393,1.4096,0.6563,290,0.1086,0.0559,1.3997,1.5517,1.6053,1.4153,1.554,1.27,0.9945,1.2143,12.2899,5.7218,191.9722,4.55,7.81,74.94,17,1004,22.018,0.35,0.18,4.51,5,88,290,27.3103,55,a,1,35,36
178301,Watkins,Aston Villa,FWD,2593,31,7,0,800.0,5815,0.3815,0.0783,1.4503,1.186,431,0.2568,0.1044,1.3135,1.2529,1.6053,1.4153,1.554,1.27,3.3913,0.6964,12.8913,10.5426,189.939,31.86,6.09,93.67,61,1383,21.3681,1.23,0.5,6.29,6,95,431,19.8376,92,a,7,31,38
220362,Disasi,Aston Villa,DEF,851,9,4,0,267.2,3430,0.0324,0.0384,1.827,0.0095,29,0.0,0.0,1.769,0.0,1.6053,1.4153,1.554,1.27,0.0961,0.114,5.4243,0.0281,32.8155,2.72,1.83,60.660000000000004,6,601,11.0531,0.0,0.0,0.57,0,-2,29,-6.2069,42,a,4,9,13
449871,Onana,Aston Villa,MID,1613,20,6,0,536.0,3698,0.0544,0.0796,1.1436,0.0416,361,0.0598,0.1022,1.0471,0.0,1.6053,1.4153,1.554,1.27,0.3238,0.4738,6.8109,0.2478,115.9377,4.34,2.23,60.6,10,628,19.4672,0.24000000000000002,0.41000000000000003,4.2,0,89,361,22.1884,48,a,6,20,26
176297,Rashford,Aston Villa,MID,1414,16,9,0,295.7,3678,0.5844,0.2666,1.3246,0.7981,82,1.6354,0.0659,0.9988,1.0976,1.6053,1.4153,1.554,1.27,1.9202,0.8758,4.3519,2.6222,84.3538,11.8,6.23,69.97,9,663,25.6741,1.49,0.060000000000000005,0.91,1,28,82,30.7317,66,a,9,16,25
515597,Bogarde,Aston Villa,DEF,473,5,3,0,97.8,473,0.0092,0.0131,2.439,0.0,0,0.0,0.0,0.0,0.0,1.6053,1.4153,1.554,1.27,0.01,0.0142,2.6504,0.0,5.0146,0.04,0.13,9.28,0,22,4.6147,0.0,0.0,0.0,0,0,0,0.0,39,a,3,5,8
514287,Swinkels,Aston Villa,DEF,0,0,0,0,0.0,0,0.0,0.0,0.0,0.0,0,0.0,0.0,0.0,0.0,1.6053,1.4153,1.554,1.27,0.0,0.0,0.0,0.0,0.0,0.0,0.0,0.0,0,0,0.0,0.0,0.0,0.0,0,0,0,0.0,40,u,0,0,0
516159,Zych,Aston Villa,GK,0,0,0,0,0.0,0,0.0,0.0,0.0,0.0,0,0.0,0.0,0.0,0.0,1.6053,1.4153,1.554,1.27,0.0,0.0,0.0,0.0,0.0,0.0,0.0,0.0,0,0,0.0,0.0,0.0,0.0,0,0,0,0.0,40,a,0,0,0
537403,Young,Aston Villa,MID,0,0,0,0,0.0,0,0.0,0.0,0.0,0.0,0,0.0,0.0,0.0,0.0,1.6053,1.4153,1.554,1.27,0.0,0.0,0.0,0.0,0.0,0.0,0.0,0.0,0,0,0.0,0.0,0.0,0.0,0,0,0,0.0,44,u,0,0,0
577731,Broggio,Aston Villa,MID,0,0,0,0,0.0,0,0.0,0.0,0.0,0.0,0,0.0,0.0,0.0,0.0,1.6053,1.4153,1.554,1.27,0.0,0.0,0.0,0.0,0.0,0.0,0.0,0.0,0,0,0.0,0.0,0.0,0.0,0,0,0,0.0,45,a,0,0,0
559962,Jimoh,Aston Villa,MID,0,0,0,0,0.0,0,0.0,0.0,0.0,0.0,0,0.0,0.0,0.0,0.0,1.6053,1.4153,1.554,1.27,0.0,0.0,0.0,0.0,0.0,0.0,0.0,0.0,0,0,0.0,0.0,0.0,0.0,0,0,0,0.0,45,a,0,0,0
204646,Malen,Aston Villa,MID,296,2,12,0,133.0,296,0.7996,0.0803,1.7827,1.1069,41,1.2951,0.2195,3.161,0.0,1.6053,1.4153,1.554,1.27,1.1817,0.1186,2.6345,1.6358,60.378,2.15,0.15000000000000002,4.77,3,112,40.8573,0.59,0.1,1.44,0,14,41,30.7317,53,a,12,2,14
606798,A. Garcia,Aston Villa,DEF,316,5,2,0,115.9,316,0.0101,0.1489,1.8033,0.0,0,0.0,0.0,0.0,0.0,1.6053,1.4153,1.554,1.27,0.013,0.1917,2.3223,0.0,10.8757,0.04,0.49,6.49,0,26,8.4453,0.0,0.0,0.0,0,0,0,0.0,45,a,2,5,7
100037568,Emery,Aston Villa,UNK,0,0,0,0,0.0,0,0.0,0.0,0.0,0.0,0,0.0,0.0,0.0,0.0,1.6053,1.4153,1.554,1.27,0.0,0.0,0.0,0.0,0.0,0.0,0.0,0.0,0,0,0.0,0.0,0.0,0.0,0,0,0,0.0,8,a,0,0,0
174292,M.Asensio,Aston Villa,MID,740,9,4,0,461.9,740,0.4529,0.1458,1.1568,0.4989,348,0.1733,0.1474,0.8871,0.0,1.6053,1.4153,1.554,1.27,2.3244,0.7483,5.9369,2.5607,84.4842,4.43,1.16,11.11,6,158,16.4615,0.6699999999999999,0.57,3.43,0,47,348,12.1552,60,a,4,9,13
232980,Aarons,Bournemouth,DEF,84,1,2,0,19.7,1317,0.0018,0.0169,0.6917,0.0,0,0.0,0.0,0.0,0.0,1.47,1.2548,0.9883,1.1933,0.0004,0.0037,0.1514,0.0,6.0583,0.04,0.9,27.03,0,230,27.6775,0.0,0.0,0.0,0,0,0,0.0,43,u,2,1,3
200785,Adams,Bournemouth,MID,1959,21,7,0,840.9,2077,0.0459,0.0423,1.2742,0.0282,495,0.0109,0.0545,1.2582,0.0,1.47,1.2548,0.9883,1.1933,0.4292,0.3953,11.905,0.2631,131.7201,1.33,0.79,31.07,2,343,14.0978,0.06,0.30000000000000004,6.92,0,78,495,14.1818,49,a,7,21,28
444180,Anthony,Bournemouth,MID,0,0,0,0,0.2,151,0.045,0.0,2.34,0.0,0,0.0,0.0,0.0,0.0,1.47,1.2548,0.9883,1.1933,0.0001,0.0,0.0052,0.0,0.0048,0.07,0.02,4.4399999999999995,0,4,2.16,0.0,0.0,0.0,0,0,0,0.0,45,u,0,0,0
111317,Brooks,Bournemouth,MID,941,9,20,0,349.3,1212,0.2451,0.1835,1.1714,0.0922,164,0.2085,0.2195,0.461,0.0,1.47,1.2548,0.9883,1.1933,0.9512,0.7122,4.5465,0.3579,63.1576,5.03,2.49,21.11,4,275,16.2731,0.38,0.4,0.8400000000000001,0,28,164,15.3659,49,a,20,9,29
158499,Christie,Bournemouth,MID,2114,27,2,0,420.3,5022,0.1074,0.1405,1.3366,0.2816,0,0.0,0.0,0.0,0.0,1.47,1.2548,0.9883,1.1933,0.5017,0.656,6.2421,1.3153,91.6548,4.63,8.27,78.78,10,868,19.6263,0.0,0.0,0.0,0,0,0,0.0,48,i,2,27,29
155408,Cook,Bournemouth,MID,2976,32,4,0,856.9,5763,0.0241,0.0883,1.4061,0.0697,315,0.0,0.0314,1.5886,0.0,1.47,1.2548,0.9883,1.1933,0.2292,0.8408,13.3872,0.6632,125.7679,1.36,6.68,95.55,8,946,13.2094,0.0,0.11,5.56,0,31,315,8.8571,50,s,4,32,36
168636,Enes Ünal,Bournemouth,FWD,330,2,15,0,46.7,647,0.7466,0.0694,1.5874,1.2394,0,0.0,0.0,0.0,0.0,1.47,1.2548,0.9883,1.1933,0.3874,0.036,0.8237,0.6431,13.8896,5.57,0.39,10.870000000000001,7,196,26.768,0.0,0.0,0.0,0,0,0,0.0,54,i,15,2,17
441240,Faivre,Bournemouth,MID,0,0,0,0,0.5,37,0.234,0.054,0.486,0.0,0,0.0,0.0,0.0,0.0,1.47,1.2548,0.9883,1.1933,0.0013,0.0003,0.0027,0.0,0.1314,0.15000000000000002,0.03,0.14,0,9,23.652,0.0,0.0,0.0,0,0,0,0.0,50,u,0,0,0
424044,H.Traorè,Bournemouth,MID,0,0,0,0,0.1,44,0.18,0.0,0.99,0.0,0,0.0,0.0,0.0,0.0,1.47,1.2548,0.9883,1.1933,0.0002,0.0,0.0011,0.0,0.0131,0.16999999999999998,0.01,0.84,0,10,11.79,0.0,0.0,0.0,0,0,0,0.0,45,u,0,0,0
463981,Hill,Bournemouth,DEF,443,6,4,0,144.7,517,0.0692,0.0402,1.7602,0.0,0,0.0,0.0,0.0,0.0,1.47,1.2548,0.9883,1.1933,0.1113,0.0647,2.83,0.0,14.1866,0.29,0.26,9.88,0,77,8.8237,0.0,0.0,0.0,0,0,0,0.0,39,a,4,6,10
523700,Jebbison,Bournemouth,FWD,105,0,16,0,52.2,125,1.371,0.049,1.126,1.581,40,1.89,0.0,0.495,2.25,1.47,1.2548,0.9883,1.1933,0.7952,0.0284,0.6531,0.917,40.598,1.05,0.12000000000000001,2.99,1,70,69.9966,0.84,0.0,0.22,1,35,40,78.75,45,a,16,0,16
544877,Kerkez,Bournemouth,DEF,3336,38,0,0,1044.0,5302,0.0159,0.0662,1.2576,0.2096,529,0.0136,0.0851,1.2028,0.3403,1.47,1.2548,0.9883,1.1933,0.1842,0.7681,14.5886,2.4319,176.4587,1.9200000000000002,3.63,85.54,11,840,15.212,0.08,0.5,7.07,2,93,529,15.8223,53,a,0,38,38
222683,Kluivert,Bournemouth,MID,2339,29,5,0,718.3,4249,0.2657,0.1581,1.2158,0.3984,405,0.1044,0.1178,0.9711,0.0,1.47,1.2548,0.9883,1.1933,2.1207,1.2622,9.7033,3.1797,134.4314,15.81,5.34,62.67,16,761,16.8437,0.47000000000000003,0.53,4.37,0,38,405,8.4444,59,a,5,29,34
223911,Mepham,Bournemouth,DEF,0,0,0,0,4.9,613,0.0037,0.0294,1.4657,0.0,0,0.0,0.0,0.0,0.0,1.47,1.2548,0.9883,1.1933,0.0002,0.0016,0.0798,0.0,0.9707,0.09,0.17,10.34,0,113,17.8292,0.0,0.0,0.0,0,0,0,0.0,44,u,0,0,0
533463,O.Dango,Bournemouth,MID,1998,21,11,0,613.2,3212,0.3133,0.1161,1.4784,0.1941,231,0.1831,0.0312,1.5545,0.0,1.47,1.2548,0.9883,1.1933,2.1346,0.7913,10.0729,1.3225,112.7179,11.07,4.34,53.089999999999996,10,639,16.5437,0.47,0.08,3.99,0,35,231,13.6364,45,i,11,21,32
495145,Paulsen,Bournemouth,GK,0,0,0,0,0.0,0,0.0,0.0,0.0,0.0,0,0.0,0.0,0.0,0.0,1.47,1.2548,0.9883,1.1933,0.0,0.0,0.0,0.0,0.0,0.0,0.0,0.0,0,0,0.0,0.0,0.0,0.0,0,0,0,0.0,40,u,0,0,0
168991,Philip,Bournemouth,MID,176,1,9,0,33.5,1561,0.2732,0.3573,1.6275,0.0183,0,0.0,0.0,0.0,0.0,1.47,1.2548,0.9883,1.1933,0.1017,0.133,0.6058,0.0068,8.6445,3.08,3.08,32.6,3,280,23.224,0.0,0.0,0.0,0,0,0,0.0,48,u,9,1,10
503139,Scott,Bournemouth,MID,745,8,12,0,307.8,1748,0.1041,0.1477,1.188,0.0044,187,0.0481,0.1203,1.0636,0.0,1.47,1.2548,0.9883,1.1933,0.3559,0.505,4.0629,0.0152,49.8118,1.55,2.06,28.03,3,295,14.5649,0.1,0.25,2.21,0,21,187,10.107,47,a,12,8,20
437730,Semenyo,Bournemouth,MID,3202,36,1,0,993.2,5301,0.2265,0.0953,1.1508,0.5992,469,0.1861,0.0691,0.9134,0.7676,1.47,1.2548,0.9883,1.1933,2.4991,1.0512,12.7002,6.6127,189.2155,14.200000000000001,6.62,78.59,28,934,17.146,0.97,0.36,4.76,4,104,469,19.9574,57,a,1,36,37
221466,Senesi,Bournemouth,DEF,1103,13,4,0,230.1,3342,0.049,0.0311,1.1761,0.1395,96,0.0281,0.0188,1.2656,0.0,1.47,1.2548,0.9883,1.1933,0.1254,0.0794,3.0068,0.3566,37.9079,2.82,2.75,55.59,16,600,14.8271,0.03,0.02,1.35,0,23,96,21.5625,46,a,4,13,17
224995,Sinisterra,Bournemouth,MID,229,1,11,0,26.2,914,0.3645,0.8086,1.5984,0.3803,0,0.0,0.0,0.0,0.0,1.47,1.2548,0.9883,1.1933,0.1061,0.2354,0.4653,0.1107,10.9728,3.8,2.32,15.47,4,239,37.6928,0.0,0.0,0.0,0,0,0,0.0,48,i,11,1,12
54469,Smith,Bournemouth,DEF,1586,19,6,0,516.3,3734,0.015,0.0892,1.0556,0.011,353,0.0127,0.1351,1.0963,0.0,1.47,1.2548,0.9883,1.1933,0.0863,0.5119,6.0559,0.0632,63.9018,0.7000000000000001,2.18,52.06,4,539,11.1392,0.05,0.53,4.3,0,50,353,12.7479,44,a,6,19,25
201658,Tavernier,Bournemouth,MID,1932,20,9,0,608.7,4050,0.1572,0.21,1.2037,0.2258,407,0.0752,0.2587,1.3246,0.2211,1.47,1.2548,0.9883,1.1933,1.0633,1.4204,8.141,1.5273,121.374,9.39,7.89,57.839999999999996,9,686,17.9459,0.34,1.17,5.99,1,79,407,17.4693,54,a,9,20,29
229600,Travers,Bournemouth,GK,450,5,0,0,67.2,810,0.0,0.0012,1.6083,0.1583,0,0.0,0.0,0.0,0.0,1.47,1.2548,0.9883,1.1933,0.0,0.0009,1.2009,0.1182,12.8632,0.0,0.01,14.32,3,155,17.2275,0.0,0.0,0.0,0,0,0,0.0,44,u,0,5,5
477580,Zabarnyi,Bournemouth,DEF,3109,35,1,0,936.0,6439,0.0393,0.0347,1.171,0.4294,537,0.0369,0.0486,1.2,0.838,1.47,1.2548,0.9883,1.1933,0.4083,0.3604,12.1784,4.4661,144.2575,2.33,1.31,100.92,11,1012,13.8709,0.22,0.29000000000000004,7.16,5,102,537,17.095,44,a,1,35,36
109745,Arrizabalaga,Bournemouth,GK,2790,31,0,0,976.9,2790,0.0021,0.0015,1.2248,0.222,540,0.0,0.0017,1.1933,0.0,1.47,1.2548,0.9883,1.1933,0.0231,0.0164,13.295,2.4098,138.7462,0.06,0.03,38.83,7,406,12.7824,0.0,0.01,7.16,0,79,540,13.1667,46,a,0,31,31
554605,Huijsen,Bournemouth,DEF,2422,26,6,0,897.4,2422,0.0449,0.0539,1.3442,0.3714,462,0.037,0.0234,1.3461,0.3896,1.47,1.2548,0.9883,1.1933,0.4473,0.537,13.4028,3.7035,156.7603,1.82,1.57,37.44,14,449,15.7214,0.19,0.12,6.91,2,84,462,16.3636,45,a,6,26,32
436893,J.Araujo,Bournemouth,DEF,492,7,5,0,136.8,492,0.0,0.0359,1.7836,0.0,140,0.0,0.0386,1.7614,0.0,1.47,1.2548,0.9883,1.1933,0.0,0.0545,2.711,0.0,7.4857,0.0,0.1,9.69,0,20,4.9248,0.0,0.060000000000000005,2.74,0,9,140,5.7857,43,a,5,7,12
444172,Dennis,Bournemouth,GK,0,0,0,0,0.0,0,0.0,0.0,0.0,0.0,0,0.0,0.0,0.0,0.0,1.47,1.2548,0.9883,1.1933,0.0,0.0,0.0,0.0,0.0,0.0,0.0,0.0,0,0,0.0,0.0,0.0,0.0,0,0,0,0.0,39,a,0,0,0
444102,Evanilson,Bournemouth,FWD,2317,28,3,0,784.2,2317,0.4889,0.051,0.9783,0.6266,507,0.3071,0.0515,0.971,0.1775,1.47,1.2548,0.9883,1.1933,4.2601,0.4444,8.5245,5.4598,144.2476,12.47,1.74,26.78,20,487,16.5548,1.73,0.29000000000000004,5.470000000000001,1,55,507,9.7633,59,a,3,28,31
496683,Kinsey,Bournemouth,DEF,0,0,0,0,0.0,0,0.0,0.0,0.0,0.0,0,0.0,0.0,0.0,0.0,1.47,1.2548,0.9883,1.1933,0.0,0.0,0.0,0.0,0.0,0.0,0.0,0.0,0,0,0.0,0.0,0.0,0.0,0,0,0,0.0,40,a,0,0,0
606775,Winterburn,Bournemouth,MID,22,0,4,0,9.3,22,0.0,0.0,0.8439,0.0,1,0.0,0.0,0.0,0.0,1.47,1.2548,0.9883,1.1933,0.0,0.0,0.0872,0.0,7.0546,0.0,0.0,0.16,0,14,68.2703,0.0,0.0,0.0,0,3,1,270.0,45,a,4,0,4
632822,Harris,Bournemouth,DEF,0,0,0,0,0.0,0,0.0,0.0,0.0,0.0,0,0.0,0.0,0.0,0.0,1.47,1.2548,0.9883,1.1933,0.0,0.0,0.0,0.0,0.0,0.0,0.0,0.0,0,0,0.0,0.0,0.0,0.0,0,0,0,0.0,40,a,0,0,0
606774,Rees-Dottin,Bournemouth,FWD,1,0,1,0,0.2,1,0.0,0.0,0.0,0.0,0,0.0,0.0,0.0,0.0,1.47,1.2548,0.9883,1.1933,0.0,0.0,0.0,0.0,0.75,0.0,0.0,0.0,0,3,337.5,0.0,0.0,0.0,0,0,0,0.0,45,a,1,0,1
541462,Akinmboni,Bournemouth,DEF,0,0,0,0,0.0,0,0.0,0.0,0.0,0.0,0,0.0,0.0,0.0,0.0,1.47,1.2548,0.9883,1.1933,0.0,0.0,0.0,0.0,0.0,0.0,0.0,0.0,0,0,0.0,0.0,0.0,0.0,0,0,0,0.0,40,a,0,0,0
575901,Soler,Bournemouth,DEF,9,0,3,0,8.0,9,0.0,0.0,0.8258,0.0,8,0.0,0.0,0.9,0.0,1.47,1.2548,0.9883,1.1933,0.0,0.0,0.0734,0.0,5.6506,0.0,0.0,0.08,0,8,63.5692,0.0,0.0,0.08,0,2,8,22.5,39,a,3,0,3
590760,Adu-Adjei,Bournemouth,FWD,0,0,0,0,0.0,0,0.0,0.0,0.0,0.0,0,0.0,0.0,0.0,0.0,1.47,1.2548,0.9883,1.1933,0.0,0.0,0.0,0.0,0.0,0.0,0.0,0.0,0,0,0.0,0.0,0.0,0.0,0,0,0,0.0,45,a,0,0,0
550596,Sadi,Bournemouth,MID,0,0,0,0,0.0,1,0.0,0.0,0.0,0.0,0,0.0,0.0,0.0,0.0,1.47,1.2548,0.9883,1.1933,0.0,0.0,0.0,0.0,0.0608,0.0,0.0,0.0,0,3,0.0,0.0,0.0,0.0,0,0,0,0.0,45,a,0,0,0
568791,McKenna,Bournemouth,GK,0,0,0,0,0.0,0,0.0,0.0,0.0,0.0,0,0.0,0.0,0.0,0.0,1.47,1.2548,0.9883,1.1933,0.0,0.0,0.0,0.0,0.0,0.0,0.0,0.0,0,0,0.0,0.0,0.0,0.0,0,0,0,0.0,40,a,0,0,0
530121,Silcott-Duberry,Bournemouth,MID,1,0,1,0,0.3,1,0.0,0.0,3.27,0.0,0,0.0,0.0,0.0,0.0,1.47,1.2548,0.9883,1.1933,0.0,0.0,0.0109,0.0,1.3631,0.0,0.0,0.04,0,5,408.93,0.0,0.0,0.0,0,0,0,0.0,45,a,1,0,1
100050427,Iraola,Bournemouth,UNK,0,0,0,0,0.0,0,0.0,0.0,0.0,0.0,0,0.0,0.0,0.0,0.0,1.47,1.2548,0.9883,1.1933,0.0,0.0,0.0,0.0,0.0,0.0,0.0,0.0,0,0,0.0,0.0,0.0,0.0,0,0,0,0.0,11,a,0,0,0
191866,Ajer,Brentford,DEF,1433,17,7,0,391.6,3259,0.0782,0.0303,1.225,0.0063,70,0.18,0.0257,2.1086,0.0,1.6645,1.2907,2.0717,1.1667,0.3403,0.1318,5.3301,0.0275,41.5418,2.19,3.16,51.11,3,443,9.5474,0.14,0.02,1.64,0,-7,70,-9.0,44,a,7,17,24
494041,Brierley,Brentford,MID,0,0,0,0,0.0,0,0.0,0.0,0.0,0.0,0,0.0,0.0,0.0,0.0,1.6645,1.2907,2.0717,1.1667,0.0,0.0,0.0,0.0,0.0,0.0,0.0,0.0,0,0,0.0,0.0,0.0,0.0,0,0,0,0.0,44,a,0,0,0
432830,Collins,Brentford,DEF,3420,38,0,0,1066.4,6069,0.03,0.0337,1.2832,0.4679,540,0.0267,0.04,1.1667,0.6667,1.6645,1.2907,2.0717,1.1667,0.3555,0.3997,15.2046,5.544,180.0405,4.03,2.52,97.92,19,1038,15.1947,0.16,0.24,7.0,4,89,540,14.8333,46,a,0,38,38
440089,Damsgaard,Brentford,MID,2911,34,4,0,939.5,3740,0.0712,0.2155,1.1889,0.1668,502,0.043,0.2331,1.0255,0.0,1.6645,1.2907,2.0717,1.1667,0.7434,2.25,12.411,1.7413,170.9847,3.67,7.94,55.71,10,766,16.3796,0.24,1.3,5.72,0,87,502,15.5976,49,a,4,34,38
183656,Dasilva,Brentford,MID,0,0,0,0,0.1,22,0.0,1.35,0.27,0.0,0,0.0,0.0,0.0,0.0,1.6645,1.2907,2.0717,1.1667,0.0,0.0015,0.0003,0.0,0.0226,0.0,0.23,0.1,0,6,20.34,0.0,0.0,0.0,0,0,0,0.0,48,i,0,0,0
118342,Flekken,Brentford,GK,3275,37,0,0,1035.1,6560,0.0,0.0024,1.3022,0.5421,540,0.0,0.0,1.1667,0.8333,1.6645,1.2907,2.0717,1.1667,0.0,0.0277,14.9762,6.2347,188.9076,0.0,0.25,108.83,24,1269,16.4252,0.0,0.0,7.0,5,96,540,16.0,45,a,0,37,37
194010,Henry,Brentford,DEF,94,0,5,0,68.8,495,0.0001,0.0133,1.8198,0.0,91,0.0,0.0099,1.8791,0.0,1.6645,1.2907,2.0717,1.1667,0.0001,0.0102,1.3911,0.0,3.5238,0.07,0.91,7.28,0,79,4.6096,0.0,0.01,1.9,0,2,91,1.978,43,a,5,0,5
472713,Hickey,Brentford,DEF,0,0,0,0,1.1,713,0.0245,0.0164,1.3255,0.0,0,0.0,0.0,0.0,0.0,1.6645,1.2907,2.0717,1.1667,0.0003,0.0002,0.0162,0.0,0.1352,0.2,0.13,10.2,0,87,11.0618,0.0,0.0,0.0,0,0,0,0.0,43,a,0,0,0
204580,Janelt,Brentford,MID,2251,27,5,0,472.3,5305,0.0311,0.082,1.3599,0.0344,3,0.0,1.2,2.1,0.0,1.6645,1.2907,2.0717,1.1667,0.163,0.4301,7.1367,0.1804,70.7573,2.65,5.82,85.02,3,850,13.4833,0.0,0.04,0.07,0,6,3,180.0,48,i,5,27,32
207283,Jensen,Brentford,MID,846,8,16,0,206.5,3047,0.0114,0.2856,1.9074,0.0382,101,0.0,0.4901,2.3168,0.0,1.6645,1.2907,2.0717,1.1667,0.0261,0.6552,4.3764,0.0876,52.9685,0.94,6.64,52.77,11,601,23.0855,0.0,0.55,2.6,0,34,101,30.297,53,a,16,8,24
570241,Ji-soo,Brentford,DEF,28,0,3,0,5.4,28,0.0,0.0,0.9433,0.0,0,0.0,0.0,0.0,0.0,1.6645,1.2907,2.0717,1.1667,0.0,0.0,0.0566,0.0,2.1772,0.0,0.0,0.32,0,8,36.2867,0.0,0.0,0.0,0,0,0,0.0,39,a,3,0,3
628204,Konak,Brentford,MID,53,0,10,0,22.0,53,0.0417,0.0,2.0209,0.0,26,0.0,0.0,1.7308,0.0,1.6645,1.2907,2.0717,1.1667,0.0102,0.0,0.494,0.0,11.7182,0.15,0.0,1.79,0,30,47.9381,0.0,0.0,0.5,0,8,26,27.6923,44,a,10,0,10
249231,Lewis-Potter,Brentford,MID,3092,36,2,0,980.0,4520,0.0932,0.1276,1.2379,0.0004,455,0.1009,0.091,1.0147,0.0,1.6645,1.2907,2.0717,1.1667,1.0152,1.3897,13.4789,0.0043,137.3617,9.38,6.6000000000000005,70.83,1,646,12.6148,0.51,0.46,5.130000000000001,0,61,455,12.0659,50,a,2,36,38
446008,Mbeumo,Brentford,MID,3415,38,0,0,1059.8,5372,0.3421,0.2409,1.2776,0.6032,540,0.3817,0.2267,1.1667,0.6667,1.6645,1.2907,2.0717,1.1667,4.0287,2.8368,15.045,7.1033,292.1652,22.22,14.91,83.71,41,1312,24.8112,2.29,1.36,7.0,4,190,540,31.6667,83,a,0,38,38
51927,Mee,Brentford,DEF,180,2,5,0,38.1,1452,0.0246,0.0146,1.3708,0.0234,0,0.0,0.0,0.0,0.0,1.6645,1.2907,2.0717,1.1667,0.0104,0.0062,0.5803,0.0099,7.1653,1.5699999999999998,0.8,27.51,3,240,16.9259,0.0,0.0,0.0,0,0,0,0.0,42,a,5,2,7
128295,Nørgaard,Brentford,MID,2820,34,0,0,957.2,5324,0.142,0.0628,1.27,0.434,540,0.1883,0.085,1.1667,0.5,1.6645,1.2907,2.0717,1.1667,1.5101,0.6678,13.5068,4.6162,206.1616,7.84,3.8200000000000003,87.85,10,994,19.3842,1.1300000000000001,0.51,7.0,3,125,540,20.8333,48,a,0,34,34
428580,Onyeka,Brentford,MID,23,0,2,0,7.4,1170,0.152,0.0645,1.9897,0.0,0,0.0,0.0,0.0,0.0,1.6645,1.2907,2.0717,1.1667,0.0125,0.0053,0.1636,0.0,1.2686,2.09,1.46,22.63,0,153,15.4289,0.0,0.0,0.0,0,0,0,0.0,49,u,2,0,2
450539,Peart-Harris,Brentford,MID,0,0,0,0,0.0,11,0.0,0.0,0.0,0.0,0,0.0,0.0,0.0,0.0,1.6645,1.2907,2.0717,1.1667,0.0,0.0,0.0003,0.0,0.0239,0.0,0.0,0.07,0,6,0.0,0.0,0.0,0.0,0,0,0,0.0,45,u,0,0,0
231065,Pinnock,Brentford,DEF,1912,21,1,0,334.3,4433,0.0475,0.0169,1.4207,0.0028,0,0.0,0.0,0.0,0.0,1.6645,1.2907,2.0717,1.1667,0.1765,0.0629,5.2771,0.0103,44.7039,3.09,1.47,73.47,5,712,12.0352,0.0,0.0,0.0,0,0,0,0.0,44,a,1,21,22
226956,Roerslev,Brentford,DEF,1100,11,8,0,181.5,3075,0.0268,0.1988,1.7363,0.0151,0,0.0,0.0,0.0,0.0,1.6645,1.2907,2.0717,1.1667,0.0541,0.4009,3.5016,0.0304,23.854,1.25,3.43,59.23,3,479,11.8284,0.0,0.0,0.0,0,0,0,0.0,43,u,8,11,19
513418,Schade,Brentford,MID,2281,26,12,0,835.2,2608,0.3324,0.0682,1.1089,0.5984,449,0.5171,0.0601,1.0423,1.0022,1.6645,1.2907,2.0717,1.1667,3.0844,0.6327,10.2903,5.5534,185.8553,9.74,2.47,34.24,14,579,20.0275,2.58,0.30000000000000004,5.2,5,134,449,26.8597,53,a,12,26,38
502500,Thiago,Brentford,FWD,167,1,7,0,50.4,167,0.0759,0.0348,2.1168,0.0,38,0.0711,0.0474,2.4158,0.0,1.6645,1.2907,2.0717,1.1667,0.0425,0.0195,1.1854,0.0,12.5311,0.13,0.04,3.54,0,32,22.377,0.03,0.02,1.02,0,12,38,28.4211,59,a,7,1,8
144485,Toney,Brentford,FWD,0,0,0,0,18.8,1449,0.3404,0.0819,1.6731,0.1178,0,0.0,0.0,0.0,0.0,1.6645,1.2907,2.0717,1.1667,0.0711,0.0171,0.3495,0.0246,1.5389,5.72,1.51,27.82,4,159,7.3671,0.0,0.0,0.0,0,0,0,0.0,73,u,0,0,0
507433,Valdimarsson,Brentford,GK,144,1,1,0,36.3,144,0.0,0.0,0.9099,0.0,0,0.0,0.0,0.0,0.0,1.6645,1.2907,2.0717,1.1667,0.0,0.0,0.367,0.0,2.957,0.0,0.0,1.49,0,14,7.3314,0.0,0.0,0.0,0,0,0,0.0,39,a,1,1,2
216646,Wissa,Brentford,FWD,2921,34,1,0,1025.4,5409,0.5723,0.0753,1.2534,0.9499,540,0.7267,0.0533,1.1383,1.0,1.6645,1.2907,2.0717,1.1667,6.5199,0.8584,14.2801,10.8221,249.654,29.12,4.02,82.67,47,1196,21.9123,4.36,0.32,6.83,6,158,540,26.3333,69,a,1,34,35
508395,Yarmoliuk,Brentford,MID,1435,15,16,0,647.6,2105,0.0149,0.0676,1.3038,0.0,486,0.0,0.0907,1.0815,0.0,1.6645,1.2907,2.0717,1.1667,0.1075,0.4865,9.3816,0.0,99.8924,1.56,1.9100000000000001,35.85,0,350,13.8825,0.0,0.49,5.84,0,73,486,13.5185,43,a,16,15,31
48760,Zanka,Brentford,DEF,0,0,0,0,13.2,1086,0.0702,0.0464,1.785,0.3484,0,0.0,0.0,0.0,0.0,1.6645,1.2907,2.0717,1.1667,0.0103,0.0068,0.2618,0.0511,2.3856,0.74,0.5499999999999999,19.72,3,179,16.2655,0.0,0.0,0.0,0,0,0,0.0,45,u,0,0,0
244858,Carvalho,Brentford,MID,443,3,16,0,44.0,443,0.6415,0.0878,1.8941,0.1278,0,0.0,0.0,0.0,0.0,1.6645,1.2907,2.0717,1.1667,0.3136,0.0429,0.926,0.0625,18.1307,2.4899999999999998,0.54,11.46,1,127,37.0855,0.0,0.0,0.0,0,0,0,0.0,45,i,16,3,19
444765,Van den Berg,Brentford,DEF,2584,29,2,0,850.6,2584,0.1034,0.0088,1.3149,0.0222,540,0.1333,0.0033,1.1667,0.0,1.6645,1.2907,2.0717,1.1667,0.9775,0.083,12.4268,0.2102,114.1201,2.09,0.52,44.61,1,266,12.0748,0.8,0.02,7.0,0,79,540,13.1667,41,a,2,29,31
591357,Trevitt,Brentford,MID,3,0,1,0,0.2,3,0.0,0.0,0.0,0.0,0,0.0,0.0,0.0,0.0,1.6645,1.2907,2.0717,1.1667,0.0,0.0,0.0,0.0,0.2866,0.0,0.0,0.0,0,5,128.97,0.0,0.0,0.0,0,0,0,0.0,44,u,1,0,1
626464,G.Nunes,Brentford,MID,11,0,3,0,8.2,11,0.0,0.0,2.7878,0.0,10,0.0,0.0,2.34,0.0,1.6645,1.2907,2.0717,1.1667,0.0,0.0,0.254,0.0,7.5846,0.0,0.0,0.35,0,11,83.2456,0.0,0.0,0.26,0,8,10,72.0,49,a,3,0,3
499717,Meghoma,Brentford,DEF,4,0,1,0,0.6,4,0.0,0.0,3.12,0.0,0,0.0,0.0,0.0,0.0,1.6645,1.2907,2.0717,1.1667,0.0,0.0,0.0208,0.0,0.446,0.0,0.0,0.14,0,3,66.9,0.0,0.0,0.0,0,0,0,0.0,40,u,1,0,1
592662,Yogane,Brentford,MID,0,0,0,0,0.0,0,0.0,0.0,0.0,0.0,0,0.0,0.0,0.0,0.0,1.6645,1.2907,2.0717,1.1667,0.0,0.0,0.0,0.0,0.0,0.0,0.0,0.0,0,0,0.0,0.0,0.0,0.0,0,0,0,0.0,45,u,0,0,0
220695,Maghoma,Brentford,MID,112,0,8,0,26.8,112,0.1424,0.0326,1.7953,0.0,0,0.0,0.0,0.0,0.0,1.6645,1.2907,2.0717,1.1667,0.0424,0.0097,0.5346,0.0,8.5174,0.12,0.04,1.8900000000000001,0,32,28.6032,0.0,0.0,0.0,0,0,0,0.0,45,a,8,0,8
622536,Arthur,Brentford,DEF,0,0,0,0,0.0,0,0.0,0.0,0.0,0.0,0,0.0,0.0,0.0,0.0,1.6645,1.2907,2.0717,1.1667,0.0,0.0,0.0,0.0,0.0,0.0,0.0,0.0,0,0,0.0,0.0,0.0,0.0,0,0,0,0.0,40,a,0,0,0
100042830,Frank,Brentford,UNK,0,0,0,0,0.0,0,0.0,0.0,0.0,0.0,0,0.0,0.0,0.0,0.0,1.6645,1.2907,2.0717,1.1667,0.0,0.0,0.0,0.0,0.0,0.0,0.0,0.0,0,0,0.0,0.0,0.0,0.0,0,0,0,0.0,8,a,0,0,0
607464,Kayode,Brentford,DEF,523,6,6,0,406.4,523,0.0336,0.1142,1.1086,0.0,465,0.0368,0.1084,1.0394,0.0,1.6645,1.2907,2.0717,1.1667,0.1517,0.5155,5.0059,0.0,82.6345,0.19,0.7,6.66,0,115,18.3,0.19,0.56,5.37,0,89,465,17.2258,45,a,6,6,12
535017,Eyestone,Brentford,GK,0,0,0,0,0.0,0,0.0,0.0,0.0,0.0,0,0.0,0.0,0.0,0.0,1.6645,1.2907,2.0717,1.1667,0.0,0.0,0.0,0.0,0.0,0.0,0.0,0.0,0,0,0.0,0.0,0.0,0.0,0,0,0,0.0,40,a,0,0,0
533710,Morgan,Brentford,FWD,0,0,0,0,0.0,0,0.0,0.0,0.0,0.0,0,0.0,0.0,0.0,0.0,1.6645,1.2907,2.0717,1.1667,0.0,0.0,0.0,0.0,0.0,0.0,0.0,0.0,0,0,0.0,0.0,0.0,0.0,0,0,0,0.0,45,a,0,0,0
612534,Benjamin Fredrick,Brentford,DEF,0,0,0,0,0.0,0,0.0,0.0,0.0,0.0,0,0.0,0.0,0.0,0.0,1.6645,1.2907,2.0717,1.1667,0.0,0.0,0.0,0.0,0.0,0.0,0.0,0.0,0,0,0.0,0.0,0.0,0.0,0,0,0,0.0,40,a,0,0,0
535818,Adingra,Brighton,MID,1081,12,17,0,450.3,3301,0.1951,0.2102,1.6326,0.0074,270,0.1167,0.16,1.7567,0.0,1.6948,1.4704,1.5833,1.735,0.976,1.0516,8.1682,0.037,77.7662,6.66,5.99,55.58,8,537,15.5429,0.35,0.48000000000000004,5.2700000000000005,0,49,270,16.3333,51,a,17,12,29
475480,Baker-Boaitey,Brighton,MID,0,0,0,0,0.6,37,0.075,0.27,1.695,0.0,0,0.0,0.0,0.0,0.0,1.6948,1.4704,1.5833,1.735,0.0005,0.0018,0.0113,0.0,0.0302,0.02,0.1,0.8,0,10,4.53,0.0,0.0,0.0,0,0,0,0.0,45,u,0,0,0
535301,Baleba,Brighton,MID,2660,31,3,0,921.6,3974,0.0873,0.0379,1.4209,0.2438,514,0.0193,0.021,1.758,0.5253,1.6948,1.4704,1.5833,1.735,0.8938,0.3877,14.5497,2.4963,174.099,3.95,1.45,63.13,7,664,17.0019,0.11000000000000001,0.12,10.040000000000001,3,119,514,20.8366,50,a,3,31,34
543158,Barco,Brighton,DEF,0,0,0,0,6.7,307,0.0645,0.1075,1.4615,0.0,0,0.0,0.0,0.0,0.0,1.6948,1.4704,1.5833,1.735,0.0048,0.008,0.1088,0.0,0.713,0.2,0.38,5.1,0,33,9.5776,0.0,0.0,0.0,0,0,0,0.0,40,u,0,0,0
519324,Cozier-Duberry,Brighton,MID,0,0,0,0,0.0,0,0.0,0.0,0.0,0.0,0,0.0,0.0,0.0,0.0,1.6948,1.4704,1.5833,1.735,0.0,0.0,0.0,0.0,0.0,0.0,0.0,0.0,0,0,0.0,0.0,0.0,0.0,0,0,0,0.0,45,u,0,0,0
168090,Dahoud,Brighton,MID,0,0,0,0,0.9,449,0.06,0.11,1.09,0.0,0,0.0,0.0,0.0,0.0,1.6948,1.4704,1.5833,1.735,0.0006,0.0011,0.0109,0.0,0.1164,0.22000000000000003,0.54,5.16,0,68,11.64,0.0,0.0,0.0,0,0,0,0.0,49,u,0,0,0
83299,Dunk,Brighton,DEF,2081,23,2,0,559.3,4950,0.0285,0.0513,1.5297,0.019,270,0.04,0.0233,1.77,0.0,1.6948,1.4704,1.5833,1.735,0.1771,0.3191,9.506,0.1178,48.062,3.96,3.2600000000000002,85.45,11,790,7.7339,0.12,0.07,5.3100000000000005,0,24,270,8.0,42,a,2,23,25
204214,Estupiñan,Brighton,DEF,2399,26,4,0,801.1,3641,0.0541,0.0812,1.4557,0.2148,450,0.088,0.094,1.692,0.2,1.6948,1.4704,1.5833,1.735,0.4815,0.7225,12.9575,1.9123,105.2282,2.09,4.65,66.35,14,604,11.8219,0.44,0.47000000000000003,8.46,1,55,450,11.0,49,a,4,26,30
243568,Gilmour,Brighton,MID,97,1,1,0,19.6,2213,0.0422,0.0808,1.4317,0.0276,0,0.0,0.0,0.0,0.0,1.6948,1.4704,1.5833,1.735,0.0092,0.0176,0.3118,0.006,3.0886,1.06,2.6,37.36,4,375,14.1823,0.0,0.0,0.0,0,0,0,0.0,50,u,1,1,2
60307,Gross,Brighton,MID,0,0,0,0,27.4,3112,0.1695,0.2513,1.4863,0.5574,0,0.0,0.0,0.0,0.0,1.6948,1.4704,1.5833,1.735,0.0516,0.0765,0.4525,0.1697,5.7066,6.4,8.89,51.16,29,724,18.7443,0.0,0.0,0.0,0,0,0,0.0,65,u,0,0,0
532529,Hinshelwood,Brighton,MID,1839,22,4,0,614.9,2705,0.2386,0.0657,1.3371,0.5708,336,0.367,0.0348,1.5241,0.8036,1.6948,1.4704,1.5833,1.735,1.63,0.4487,9.1357,3.8999,190.5565,4.84,1.86,44.39,13,559,27.8909,1.37,0.13,5.6899999999999995,3,150,336,40.1786,49,a,4,22,26
612855,I.Osman,Brighton,MID,0,0,0,0,0.0,0,0.0,0.0,0.0,0.0,0,0.0,0.0,0.0,0.0,1.6948,1.4704,1.5833,1.735,0.0,0.0,0.0,0.0,0.0,0.0,0.0,0.0,0,0,0.0,0.0,0.0,0.0,0,0,0,0.0,50,u,0,0,0
223434,Igor,Brighton,DEF,959,10,3,0,177.3,2590,0.0035,0.0264,1.976,0.0014,59,0.0,0.0305,2.9746,0.0,1.6948,1.4704,1.5833,1.735,0.0068,0.052,3.8927,0.0028,24.2019,0.3,0.75,41.57,1,424,12.2852,0.0,0.02,1.95,0,10,59,15.2542,43,a,3,10,13
475168,João Pedro,Brighton,FWD,1946,23,4,0,512.2,3983,0.5206,0.1465,1.236,1.1602,60,0.045,0.3,2.37,0.0,1.6948,1.4704,1.5833,1.735,2.963,0.8339,7.0342,6.6026,131.314,20.97,7.74,58.14,38,922,23.0735,0.03,0.2,1.58,0,-6,60,-9.0,55,a,4,23,27
484658,Kozlowski,Brighton,MID,0,0,0,0,0.0,0,0.0,0.0,0.0,0.0,0,0.0,0.0,0.0,0.0,1.6948,1.4704,1.5833,1.735,0.0,0.0,0.0,0.0,0.0,0.0,0.0,0.0,0,0,0.0,0.0,0.0,0.0,0,0,0,0.0,45,u,0,0,0
232792,Lamptey,Brighton,DEF,856,10,5,0,272.9,1764,0.0278,0.1189,1.6889,0.045,94,0.0,0.2585,2.3457,0.0,1.6948,1.4704,1.5833,1.735,0.0842,0.3605,5.121,0.1363,24.842,0.72,1.7,29.71,1,254,8.1927,0.0,0.27,2.45,0,0,94,0.0,44,d,5,10,15
109345,March,Brighton,MID,161,1,7,0,93.4,716,0.0282,0.1753,1.5518,0.0082,86,0.0209,0.0314,1.1302,0.0,1.6948,1.4704,1.5833,1.735,0.0293,0.1819,1.6104,0.0085,11.942,2.19,1.29,13.32,6,159,11.5073,0.02,0.030000000000000002,1.08,0,6,86,6.2791,65,i,7,1,8
550141,Mazilu,Brighton,MID,0,0,0,0,0.0,0,0.0,0.0,0.0,0.0,0,0.0,0.0,0.0,0.0,1.6948,1.4704,1.5833,1.735,0.0,0.0,0.0,0.0,0.0,0.0,0.0,0.0,0,0,0.0,0.0,0.0,0.0,0,0,0,0.0,45,u,0,0,0
15157,Milner,Brighton,MID,170,3,1,0,10.9,940,0.071,0.1288,1.0817,0.0,1,0.0,0.0,0.0,0.0,1.6948,1.4704,1.5833,1.735,0.0086,0.0156,0.131,0.0,4.5529,0.45,2.33,14.790000000000001,0,173,37.5928,0.0,0.0,0.0,0,3,1,270.0,50,a,1,3,4
592031,Minteh,Brighton,MID,1831,20,12,0,721.3,1831,0.1642,0.2097,1.5387,0.4074,434,0.1224,0.1078,1.9141,0.4147,1.6948,1.4704,1.5833,1.735,1.3159,1.6803,12.3317,3.2648,137.1564,4.13,4.99,28.41,8,398,17.1137,0.59,0.52,9.23,2,61,434,12.6498,48,a,12,20,32
451340,Mitoma,Brighton,MID,2597,28,8,0,593.9,4082,0.4191,0.124,1.1469,0.3358,133,1.103,0.2165,1.2045,0.0,1.6948,1.4704,1.5833,1.735,2.7653,0.8183,7.568,2.2161,150.5029,12.68,7.59,61.69,19,788,22.8073,1.63,0.32,1.78,0,88,133,59.5489,63,a,8,28,36
243505,Moder,Brighton,MID,9,0,4,0,10.5,617,0.0703,0.9926,1.8617,0.0,0,0.0,0.0,0.0,0.0,1.6948,1.4704,1.5833,1.735,0.0082,0.1158,0.2172,0.0,3.9342,0.78,1.2,12.86,0,106,33.7217,0.0,0.0,0.0,0,0,0,0.0,44,u,4,0,4
574402,O’Mahony,Brighton,FWD,0,0,0,0,1.2,61,0.09,0.0,1.9275,0.0,0,0.0,0.0,0.0,0.0,1.6948,1.4704,1.5833,1.735,0.0012,0.0,0.0257,0.0,0.0995,0.06,0.0,1.28,0,5,7.4625,0.0,0.0,0.0,0,0,0,0.0,45,u,0,0,0
445548,Offiah,Brighton,DEF,0,0,0,0,2.5,126,0.0,0.0216,1.8504,0.0,0,0.0,0.0,0.0,0.0,1.6948,1.4704,1.5833,1.735,0.0,0.0006,0.0514,0.0,0.4456,0.0,0.03,2.56,0,21,16.0416,0.0,0.0,0.0,0,0,0,0.0,40,u,0,0,0
491598,Peupion,Brighton,MID,0,0,0,0,0.0,0,0.0,0.0,0.0,0.0,0,0.0,0.0,0.0,0.0,1.6948,1.4704,1.5833,1.735,0.0,0.0,0.0,0.0,0.0,0.0,0.0,0.0,0,0,0.0,0.0,0.0,0.0,0,0,0,0.0,44,u,0,0,0
441192,Sarmiento,Brighton,MID,8,0,1,0,0.3,8,0.0,0.0,0.0,0.0,0,0.0,0.0,0.0,0.0,1.6948,1.4704,1.5833,1.735,0.0,0.0,0.0,0.0,0.1216,0.0,0.0,0.0,0,3,36.48,0.0,0.0,0.0,0,0,0,0.0,49,u,1,0,1
49262,Steele,Brighton,GK,180,2,0,0,17.1,1710,0.0,0.0,1.2211,0.3663,0,0.0,0.0,0.0,0.0,1.6948,1.4704,1.5833,1.735,0.0,0.0,0.232,0.0696,3.7119,0.0,0.0,26.740000000000002,6,346,19.5363,0.0,0.0,0.0,0,0,0,0.0,40,d,0,2,2
450434,Undav,Brighton,FWD,0,0,0,0,0.0,0,0.0,0.0,0.0,0.0,0,0.0,0.0,0.0,0.0,1.6948,1.4704,1.5833,1.735,0.0,0.0,0.0,0.0,0.0,0.0,0.0,0.0,0,0,0.0,0.0,0.0,0.0,0,0,0,0.0,55,u,0,0,0
469142,Van Hecke,Brighton,DEF,2960,33,1,0,923.7,5328,0.0375,0.037,1.4638,0.2327,450,0.016,0.026,1.828,0.2,1.6948,1.4704,1.5833,1.735,0.385,0.3801,15.023,2.3881,117.4031,2.74,2.34,81.89,10,860,11.4391,0.08,0.13,9.14,1,54,450,10.8,45,a,1,33,34
111478,Veltman,Brighton,DEF,1694,19,2,0,291.9,3273,0.039,0.0459,1.3504,0.1893,52,0.0,0.0346,1.8173,0.0,1.6948,1.4704,1.5833,1.735,0.1266,0.1489,4.3798,0.614,35.8144,0.93,1.84,50.46,7,543,11.0425,0.0,0.02,1.05,0,2,52,3.4615,43,a,2,19,21
489639,Verbruggen,Brighton,GK,3240,36,0,0,1055.5,5130,0.0,0.0002,1.4741,0.1486,540,0.0,0.0,1.735,0.1667,1.6948,1.4704,1.5833,1.735,0.0,0.0027,17.2875,1.7428,110.6722,0.0,0.01,84.7,13,783,9.4368,0.0,0.0,10.41,1,56,540,9.3333,45,a,0,36,36
110735,Webster,Brighton,DEF,885,11,3,0,459.0,2027,0.0468,0.0278,1.4188,0.3384,270,0.0767,0.0233,1.7,0.6667,1.6948,1.4704,1.5833,1.735,0.2388,0.1417,7.236,1.726,80.2257,0.75,0.61,32.42,4,379,15.7305,0.23,0.07,5.1000000000000005,2,46,270,15.3333,43,a,3,11,14
50175,Welbeck,Brighton,FWD,2109,24,6,0,656.4,3796,0.4042,0.063,1.5744,0.7829,429,0.3671,0.042,1.714,0.6294,1.6948,1.4704,1.5833,1.735,2.9482,0.4595,11.4828,5.71,155.4347,14.67,2.8200000000000003,65.18,26,745,21.3119,1.75,0.2,8.17,3,104,429,21.8182,55,a,6,24,30
467779,Wieffer,Brighton,MID,1003,10,15,0,470.9,1003,0.0511,0.1131,1.576,0.2169,501,0.0413,0.1132,1.5269,0.1796,1.6948,1.4704,1.5833,1.735,0.2672,0.5919,8.246,1.1347,116.1011,0.8,1.0,18.89,4,243,22.1896,0.22999999999999998,0.63,8.5,1,122,501,21.9162,47,a,15,10,25
513433,Gruda,Brighton,MID,676,8,13,0,300.5,676,0.236,0.3841,1.8804,0.2746,187,0.3802,0.6401,2.2187,0.4813,1.6948,1.4704,1.5833,1.735,0.7881,1.2824,6.2783,0.917,103.4763,1.15,1.9300000000000002,12.66,1,176,30.9912,0.79,1.33,4.609999999999999,1,100,187,48.1283,54,a,13,8,21
509416,Ayari,Brighton,MID,1958,22,12,0,624.9,1958,0.1174,0.1236,1.5264,0.366,332,0.0705,0.1111,1.9057,0.8133,1.6948,1.4704,1.5833,1.735,0.8152,0.8585,10.5985,2.5411,133.1722,2.5100000000000002,2.62,30.15,3,358,19.1799,0.26,0.41000000000000003,7.03,3,83,332,22.5,50,a,12,22,34
513834,Moran,Brighton,MID,0,0,0,0,0.0,0,0.0,0.0,0.0,0.0,0,0.0,0.0,0.0,0.0,1.6948,1.4704,1.5833,1.735,0.0,0.0,0.0,0.0,0.0,0.0,0.0,0.0,0,0,0.0,0.0,0.0,0.0,0,0,0,0.0,50,u,0,0,0
472739,Rushworth,Brighton,GK,0,0,0,0,0.0,0,0.0,0.0,0.0,0.0,0,0.0,0.0,0.0,0.0,1.6948,1.4704,1.5833,1.735,0.0,0.0,0.0,0.0,0.0,0.0,0.0,0.0,0,0,0.0,0.0,0.0,0.0,0,0,0,0.0,39,a,0,0,0
463067,Georginio,Brighton,MID,1651,19,9,0,314.4,1651,0.2359,0.0834,1.3325,0.0195,0,0.0,0.0,0.0,0.0,1.6948,1.4704,1.5833,1.735,0.8242,0.2913,4.6549,0.0682,56.9327,4.57,1.6700000000000002,27.9,1,288,16.2975,0.0,0.0,0.0,0,0,0,0.0,50,i,9,19,28
231416,F.Kadıoğlu,Brighton,DEF,385,5,1,0,28.7,385,0.1101,0.0702,2.1092,0.0,0,0.0,0.0,0.0,0.0,1.6948,1.4704,1.5833,1.735,0.0351,0.0224,0.6726,0.0,4.596,0.44,0.31,9.44,0,59,14.4125,0.0,0.0,0.0,0,0,0,0.0,44,i,1,5,6
219249,O'Riley,Brighton,MID,929,11,10,0,406.1,929,0.3258,0.187,1.3498,0.0427,324,0.2778,0.2056,1.525,0.0,1.6948,1.4704,1.5833,1.735,1.4699,0.8438,6.0904,0.1928,94.5291,2.76,2.04,14.27,2,209,20.9496,1.0,0.74,5.49,0,73,324,20.2778,55,a,10,11,21
447720,Samuels,Brighton,DEF,0,0,0,0,0.0,0,0.0,0.0,0.0,0.0,0,0.0,0.0,0.0,0.0,1.6948,1.4704,1.5833,1.735,0.0,0.0,0.0,0.0,0.0,0.0,0.0,0.0,0,0,0.0,0.0,0.0,0.0,0,0,0,0.0,40,u,0,0,0
565858,Cahill,Brighton,GK,0,0,0,0,0.0,0,0.0,0.0,0.0,0.0,0,0.0,0.0,0.0,0.0,1.6948,1.4704,1.5833,1.735,0.0,0.0,0.0,0.0,0.0,0.0,0.0,0.0,0,0,0.0,0.0,0.0,0.0,0,0,0,0.0,39,a,0,0,0
539721,McConville,Brighton,DEF,0,0,0,0,0.0,0,0.0,0.0,0.0,0.0,0,0.0,0.0,0.0,0.0,1.6948,1.4704,1.5833,1.735,0.0,0.0,0.0,0.0,0.0,0.0,0.0,0.0,0,0,0.0,0.0,0.0,0.0,0,0,0,0.0,40,u,0,0,0
589100,Slater,Brighton,DEF,0,0,0,0,0.0,0,0.0,0.0,0.0,0.0,0,0.0,0.0,0.0,0.0,1.6948,1.4704,1.5833,1.735,0.0,0.0,0.0,0.0,0.0,0.0,0.0,0.0,0,0,0.0,0.0,0.0,0.0,0,0,0,0.0,40,a,0,0,0
514254,Gómez,Brighton,MID,507,4,12,0,267.0,507,0.1802,0.2207,1.5399,0.6742,94,0.4787,0.3926,1.5511,1.9149,1.6948,1.4704,1.5833,1.735,0.5347,0.6548,4.5684,2.0,84.3492,0.8200000000000001,1.16,9.28,2,130,28.4323,0.5,0.41000000000000003,1.62,2,56,94,53.617,55,a,12,4,16
100053901,Hürzeler,Brighton,UNK,0,0,0,0,0.0,0,0.0,0.0,0.0,0.0,0,0.0,0.0,0.0,0.0,1.6948,1.4704,1.5833,1.735,0.0,0.0,0.0,0.0,0.0,0.0,0.0,0.0,0,0,0.0,0.0,0.0,0.0,0,0,0,0.0,11,a,0,0,0
567121,Knight,Brighton,MID,0,0,0,0,0.0,0,0.0,0.0,0.0,0.0,0,0.0,0.0,0.0,0.0,1.6948,1.4704,1.5833,1.735,0.0,0.0,0.0,0.0,0.0,0.0,0.0,0.0,0,0,0.0,0.0,0.0,0.0,0,0,0,0.0,45,a,0,0,0
439135,Cashin,Brighton,DEF,19,0,2,0,9.6,19,0.0,0.0,2.0625,0.0,1,0.0,0.0,0.0,0.0,1.6948,1.4704,1.5833,1.735,0.0,0.0,0.22,0.0,-0.5547,0.0,0.0,0.44,0,-2,-5.2003,0.0,0.0,0.0,0,3,1,270.0,45,a,2,0,2
547720,Charlie Tasker,Brighton,DEF,0,0,0,0,0.0,0,0.0,0.0,0.0,0.0,0,0.0,0.0,0.0,0.0,1.6948,1.4704,1.5833,1.735,0.0,0.0,0.0,0.0,0.0,0.0,0.0,0.0,0,0,0.0,0.0,0.0,0.0,0,0,0,0.0,40,a,0,0,0
604988,Freddie Simmonds,Brighton,DEF,0,0,0,0,0.0,0,0.0,0.0,0.0,0.0,0,0.0,0.0,0.0,0.0,1.6948,1.4704,1.5833,1.735,0.0,0.0,0.0,0.0,0.0,0.0,0.0,0.0,0,0,0.0,0.0,0.0,0.0,0,0,0,0.0,40,a,0,0,0
597320,Harry Howell,Brighton,MID,6,0,1,0,5.5,6,0.0,0.7511,0.0,0.0,6,0.0,0.75,0.0,0.0,1.6948,1.4704,1.5833,1.735,0.0,0.0459,0.0,0.0,4.585,0.0,0.05,0.0,0,5,75.0273,0.0,0.05,0.0,0,5,6,75.0,45,a,1,0,1
532605,Andrey Santos,Chelsea,MID,0,0,0,0,0.0,7,0.0,0.0,0.0,0.0,0,0.0,0.0,0.0,0.0,1.5679,1.0861,1.2517,0.825,0.0001,0.0,0.0,0.0,0.0023,0.06,0.0,0.02,0,1,0.0,0.0,0.0,0.0,0,0,0,0.0,45,u,0,0,0
518620,Ângelo,Chelsea,MID,0,0,0,0,0.0,0,0.0,0.0,0.0,0.0,0,0.0,0.0,0.0,0.0,1.5679,1.0861,1.2517,0.825,0.0,0.0,0.0,0.0,0.0,0.0,0.0,0.0,0,0,0.0,0.0,0.0,0.0,0,0,0,0.0,45,u,0,0,0
242880,B.Badiashile,Chelsea,DEF,332,3,2,0,85.1,1669,0.0035,0.0251,1.3347,0.016,0,0.0,0.0,0.0,0.0,1.5679,1.0861,1.2517,0.825,0.0033,0.0237,1.262,0.0151,11.2694,0.27,1.0,30.76,4,302,11.9183,0.0,0.0,0.0,0,0,0,0.0,42,a,2,3,5
482158,Bergström,Chelsea,GK,0,0,0,0,0.0,0,0.0,0.0,0.0,0.0,0,0.0,0.0,0.0,0.0,1.5679,1.0861,1.2517,0.825,0.0,0.0,0.0,0.0,0.0,0.0,0.0,0.0,0,0,0.0,0.0,0.0,0.0,0,0,0,0.0,39,a,0,0,0
122074,Bettinelli,Chelsea,GK,0,0,0,0,0.0,0,0.0,0.0,0.0,0.0,0,0.0,0.0,0.0,0.0,1.5679,1.0861,1.2517,0.825,0.0,0.0,0.0,0.0,-0.0139,0.0,0.0,0.0,0,-3,0.0,0.0,0.0,0.0,0,0,0,0.0,39,a,0,0,0
486672,Caicedo,Chelsea,MID,3351,38,0,0,1055.5,6216,0.0193,0.065,1.065,0.1296,540,0.0133,0.035,0.825,0.1667,1.5679,1.0861,1.2517,0.825,0.2259,0.7619,12.49,1.5195,207.8996,1.23,4.83,92.21000000000001,10,1116,17.7271,0.08,0.21000000000000002,4.95,1,111,540,18.5,49,a,0,38,38
505187,Casadei,Chelsea,MID,0,0,0,0,1.2,71,0.0,0.0675,4.9275,0.0,0,0.0,0.0,0.0,0.0,1.5679,1.0861,1.2517,0.825,0.0,0.0009,0.0657,0.0,0.6619,0.0,0.08,3.48,0,38,49.6425,0.0,0.0,0.0,0,0,0,0.0,44,u,0,0,0
180736,Chalobah,Chelsea,DEF,1969,23,2,0,629.6,2918,0.0818,0.0216,1.1192,0.5216,344,0.0131,0.0105,0.8608,0.7849,1.5679,1.0861,1.2517,0.825,0.5719,0.1509,7.8297,3.6487,119.3079,2.18,0.8,42.41,15,600,17.0548,0.05,0.04,3.29,3,64,344,16.7442,44,a,2,23,25
478912,Chukwuemeka,Chelsea,MID,0,0,0,0,1.3,222,0.0346,0.0692,1.8969,0.0,0,0.0,0.0,0.0,0.0,1.5679,1.0861,1.2517,0.825,0.0005,0.001,0.0274,0.0,0.2981,0.12,0.29,4.6,0,53,20.6377,0.0,0.0,0.0,0,0,0,0.0,47,u,0,0,0
460028,Colwill,Chelsea,DEF,3150,35,0,0,967.6,4944,0.1033,0.0213,1.0665,0.3572,540,0.145,0.005,0.825,0.5,1.5679,1.0861,1.2517,0.825,1.1102,0.2288,11.4664,3.8398,175.7034,3.21,1.84,71.95,10,816,16.3428,0.8699999999999999,0.03,4.95,3,119,540,19.8333,44,a,0,35,35
179268,Cucurella,Chelsea,DEF,2988,33,3,0,989.2,4771,0.0994,0.0561,1.0782,0.7011,540,0.105,0.035,0.825,0.8333,1.5679,1.0861,1.2517,0.825,1.0924,0.6165,11.8501,7.7058,214.9437,3.95,3.4,71.12,17,851,19.5561,0.63,0.21000000000000002,4.95,5,135,540,22.5,54,a,3,33,36
520295,D.D.Fofana,Chelsea,FWD,0,0,0,0,10.4,876,0.4457,0.0346,1.691,0.6811,0,0.0,0.0,0.0,0.0,1.5679,1.0861,1.2517,0.825,0.0515,0.004,0.1954,0.0787,1.3737,4.58,0.3,16.91,8,133,11.8878,0.0,0.0,0.0,0,0,0,0.0,54,u,0,0,0
617054,Deivid,Chelsea,FWD,0,0,0,0,0.1,11,0.99,0.0,4.05,0.0,0,0.0,0.0,0.0,0.0,1.5679,1.0861,1.2517,0.825,0.0011,0.0,0.0045,0.0,0.041,0.47,0.0,1.68,0,5,36.9,0.0,0.0,0.0,0,0,0,0.0,49,u,0,0,0
215413,Dewsbury-Hall,Chelsea,MID,257,2,11,0,82.3,257,0.0601,0.0596,1.6212,0.2734,5,0.0,0.0,10.98,0.0,1.5679,1.0861,1.2517,0.825,0.055,0.0545,1.4825,0.25,25.0888,0.22,0.22,3.88,1,71,27.4361,0.0,0.0,0.61,0,7,5,126.0,55,a,11,2,13
448047,Enzo,Chelsea,MID,2943,32,4,0,1002.6,5151,0.1942,0.155,1.0621,0.36,537,0.1257,0.1056,0.8296,0.3352,1.5679,1.0861,1.2517,0.825,2.1635,1.7269,11.8322,4.0109,226.602,11.95,9.89,78.19,15,1060,20.3413,0.7500000000000001,0.63,4.95,2,124,537,20.7821,47,a,4,32,36
232787,Gallagher,Chelsea,MID,0,0,0,0,27.9,3129,0.1452,0.0832,1.6016,0.2748,0,0.0,0.0,0.0,0.0,1.5679,1.0861,1.2517,0.825,0.045,0.0258,0.4965,0.0852,5.7489,4.01,3.53,52.43,10,618,18.5448,0.0,0.0,0.0,0,0,0,0.0,59,u,0,0,0
514280,Gilchrist,Chelsea,DEF,0,0,0,0,3.6,200,0.14,0.0175,2.1575,0.0,0,0.0,0.0,0.0,0.0,1.5679,1.0861,1.2517,0.825,0.0056,0.0007,0.0863,0.0,1.0657,0.32,0.05,5.46,0,67,26.6425,0.0,0.0,0.0,0,0,0,0.0,40,u,0,0,0
482609,Gusto,Chelsea,DEF,1853,19,13,0,433.7,3599,0.0477,0.1178,1.2602,0.2299,83,0.0217,0.1301,0.9976,0.0,1.5679,1.0861,1.2517,0.825,0.2301,0.5679,6.0726,1.108,95.0326,2.45,5.3,53.55,12,694,19.7209,0.02,0.12,0.9199999999999999,0,28,83,30.3614,49,a,13,19,32
225796,James,Chelsea,DEF,1057,12,7,0,465.7,1473,0.0484,0.1051,1.0167,0.5417,295,0.061,0.0946,0.6193,0.3051,1.5679,1.0861,1.2517,0.825,0.2503,0.544,5.261,2.8028,112.8051,0.75,2.5100000000000002,27.41,5,329,21.8004,0.2,0.31,2.0300000000000002,1,71,295,21.661,48,a,7,12,19
549068,Kellyman,Chelsea,MID,0,0,0,0,0.8,35,0.0675,0.0,2.1038,0.0,0,0.0,0.0,0.0,0.0,1.5679,1.0861,1.2517,0.825,0.0006,0.0,0.0187,0.0,0.1218,0.04,0.0,1.03,0,6,13.7025,0.0,0.0,0.0,0,0,0,0.0,43,i,0,0,0
514356,Lavia,Chelsea,MID,792,11,5,0,263.4,824,0.031,0.0275,1.3665,0.0,254,0.0248,0.0248,1.1941,0.0,1.5679,1.0861,1.2517,0.825,0.0906,0.0804,3.9994,0.0,41.0058,0.25,0.39,14.66,0,127,14.0111,0.07,0.07,3.37,0,41,254,14.5276,45,a,5,11,16
66749,Lukaku,Chelsea,FWD,0,0,0,0,0.0,0,0.0,0.0,0.0,0.0,0,0.0,0.0,0.0,0.0,1.5679,1.0861,1.2517,0.825,0.0,0.0,0.0,0.0,0.0,0.0,0.0,0.0,0,0,0.0,0.0,0.0,0.0,0,0,0,0.0,63,u,0,0,0
204727,M.Sarr,Chelsea,DEF,0,0,0,0,0.0,0,0.0,0.0,0.0,0.0,0,0.0,0.0,0.0,0.0,1.5679,1.0861,1.2517,0.825,0.0,0.0,0.0,0.0,0.0,0.0,0.0,0.0,0,0,0.0,0.0,0.0,0.0,0,0,0,0.0,45,u,0,0,0
248857,Madueke,Chelsea,MID,2028,27,5,0,646.2,3072,0.3792,0.1197,1.0798,0.2133,432,0.3583,0.0979,0.8167,0.0,1.5679,1.0861,1.2517,0.825,2.7227,0.8595,7.7528,1.5316,106.8249,12.13,4.99,47.92,19,678,14.8781,1.72,0.47,3.92,0,51,432,10.625,60,a,5,27,32
499309,Marc Guiu,Chelsea,FWD,71,0,3,0,14.2,71,0.0,0.0374,2.34,0.0,0,0.0,0.0,0.0,0.0,1.5679,1.0861,1.2517,0.825,0.0,0.0059,0.3692,0.0,2.4955,0.0,0.02,1.46,0,11,15.8165,0.0,0.0,0.0,0,0,0,0.0,47,a,3,0,3
465920,Mudryk,Chelsea,MID,145,1,6,0,25.4,1709,0.2378,0.2668,1.6253,0.0797,0,0.0,0.0,0.0,0.0,1.5679,1.0861,1.2517,0.825,0.0671,0.0753,0.4587,0.0225,4.4004,5.01,3.81,28.330000000000002,5,317,15.592,0.0,0.0,0.0,0,0,0,0.0,61,s,6,1,7
517052,N.Jackson,Chelsea,FWD,2220,28,2,0,561.0,5021,0.3176,0.0797,1.0422,0.4637,273,0.0857,0.0692,0.7978,0.6593,1.5679,1.0861,1.2517,0.825,1.9795,0.4966,6.4962,2.8906,55.6634,29.82,4.8999999999999995,75.92999999999999,29,896,8.93,0.26,0.21,2.42,2,25,273,8.2418,77,s,2,28,30
213198,Nkunku,Chelsea,MID,904,9,18,0,250.0,1341,0.3101,0.1026,1.3525,0.3134,0,0.0,0.0,0.0,0.0,1.5679,1.0861,1.2517,0.825,0.8613,0.2849,3.757,0.8706,41.1467,7.58,1.3800000000000001,24.99,9,286,14.8128,0.0,0.0,0.0,0,0,0,0.0,57,a,18,9,27
244851,Palmer,Chelsea,MID,3193,36,1,0,982.7,5810,0.3837,0.2618,1.0863,0.6706,540,0.25,0.2383,0.825,0.5,1.5679,1.0861,1.2517,0.825,4.1892,2.8581,11.861,7.3222,235.2479,34.14,17.7,89.36,67,1796,21.545,1.5000000000000002,1.43,4.95,3,114,540,19.0,105,a,1,36,37
457569,Petrović,Chelsea,GK,0,0,0,0,26.4,1986,0.0,0.0,1.604,0.1998,0,0.0,0.0,0.0,0.0,1.5679,1.0861,1.2517,0.825,0.0,0.0,0.4705,0.0586,5.4917,0.0,0.0,34.93,5,414,18.7217,0.0,0.0,0.0,0,0,0,0.0,44,u,0,0,0
551230,Renato Veiga,Chelsea,MID,176,1,6,0,11.0,176,0.09,0.0892,1.9841,0.0,0,0.0,0.0,0.0,0.0,1.5679,1.0861,1.2517,0.825,0.011,0.0109,0.2425,0.0,1.3927,0.16,0.15000000000000002,3.17,0,22,11.3948,0.0,0.0,0.0,0,0,0,0.0,44,u,6,1,7
215059,Sánchez,Chelsea,GK,2880,32,0,0,896.2,4313,0.0,0.0006,1.0098,0.2881,540,0.0,0.0,0.825,0.3333,1.5679,1.0861,1.2517,0.825,0.0,0.0062,10.0555,2.8687,158.2257,0.0,0.02,62.27,18,787,15.8897,0.0,0.0,4.95,2,100,540,16.6667,45,a,0,32,32
109646,Tosin,Chelsea,DEF,1403,15,7,0,504.6,3019,0.0465,0.0155,1.0878,0.6686,181,0.0149,0.005,0.8304,1.4917,1.5679,1.0861,1.2517,0.825,0.2605,0.0871,6.0991,3.7486,130.0759,1.71,0.55,47.81,9,632,23.2002,0.03,0.01,1.67,3,65,181,32.3204,42,a,7,15,22
444463,W.Fofana,Chelsea,DEF,1172,14,0,0,141.1,1172,0.0339,0.0149,0.8619,0.067,0,0.0,0.0,0.0,0.0,1.5679,1.0861,1.2517,0.825,0.0531,0.0234,1.3513,0.1051,22.356,0.43999999999999995,0.18,14.76,2,162,14.2597,0.0,0.0,0.0,0,0,0,0.0,43,i,0,14,14
209243,Sancho,Chelsea,MID,1754,19,12,0,517.7,1830,0.1138,0.1225,1.0368,0.0711,151,0.143,0.0834,0.7331,0.0,1.5679,1.0861,1.2517,0.825,0.6547,0.7048,5.9637,0.409,97.2958,2.13,3.17,25.52,3,378,16.9145,0.24,0.13999999999999999,1.23,0,24,151,14.3046,62,a,12,19,31
247632,Neto,Chelsea,MID,2262,24,11,0,850.2,3778,0.1702,0.167,0.9474,0.3424,527,0.1742,0.1161,0.7412,0.5123,1.5679,1.0861,1.2517,0.825,1.6082,1.5772,8.9502,3.2344,167.689,6.65,8.16,57.07,17,744,17.7511,1.02,0.68,4.34,3,109,527,18.6148,61,a,11,24,35
488464,Wiley,Chelsea,DEF,0,0,0,0,0.0,0,0.0,0.0,0.0,0.0,0,0.0,0.0,0.0,0.0,1.5679,1.0861,1.2517,0.825,0.0,0.0,0.0,0.0,0.0,0.0,0.0,0.0,0,0,0.0,0.0,0.0,0.0,0,0,0,0.0,40,u,0,0,0
508479,Jørgensen,Chelsea,GK,540,6,0,0,151.1,540,0.0,0.0,1.4439,0.0,0,0.0,0.0,0.0,0.0,1.5679,1.0861,1.2517,0.825,0.0,0.0,2.4241,0.0,18.2196,0.0,0.0,8.83,0,59,10.8522,0.0,0.0,0.0,0,0,0,0.0,42,a,0,6,6
428399,João Félix,Chelsea,MID,362,3,9,0,40.4,362,0.6191,0.1375,1.743,0.0,0,0.0,0.0,0.0,0.0,1.5679,1.0861,1.2517,0.825,0.2779,0.0617,0.7824,0.0,10.3714,2.3,0.45,5.96,0,90,23.1046,0.0,0.0,0.0,0,0,0,0.0,59,u,9,3,12
547692,Rak-Sakyi,Chelsea,MID,0,0,0,0,0.0,0,0.0,0.0,0.0,0.0,0,0.0,0.0,0.0,0.0,1.5679,1.0861,1.2517,0.825,0.0,0.0,0.0,0.0,0.0,0.0,0.0,0.0,0,0,0.0,0.0,0.0,0.0,0,0,0,0.0,45,a,0,0,0
550615,George,Chelsea,MID,177,1,7,0,113.5,177,0.0728,0.0864,0.5254,0.0,93,0.0677,0.0,0.3484,0.0,1.5679,1.0861,1.2517,0.825,0.0918,0.109,0.6626,0.0,30.7977,0.2,0.26,1.41,0,55,24.4211,0.07,0.0,0.36,0,30,93,29.0323,45,a,7,1,8
577016,Acheampong,Chelsea,DEF,168,2,2,0,38.2,173,0.1093,0.0049,1.1076,0.0,0,0.0,0.0,0.0,0.0,1.5679,1.0861,1.2517,0.825,0.0464,0.0021,0.4701,0.0,2.2888,0.22,0.01,2.66,0,12,5.3925,0.0,0.0,0.0,0,0,0,0.0,40,a,2,2,4
100048548,Maresca,Chelsea,UNK,0,0,0,0,0.0,0,0.0,0.0,0.0,0.0,0,0.0,0.0,0.0,0.0,1.5679,1.0861,1.2517,0.825,0.0,0.0,0.0,0.0,0.0,0.0,0.0,0.0,0,0,0.0,0.0,0.0,0.0,0,0,0,0.0,15,a,0,0,0
609640,Amougou,Chelsea,MID,7,0,1,0,2.7,7,0.0,0.0,0.0,0.0,0,0.0,0.0,0.0,0.0,1.5679,1.0861,1.2517,0.825,0.0,0.0,0.0,0.0,0.7711,0.0,0.0,0.0,0,2,25.7033,0.0,0.0,0.0,0,0,0,0.0,45,a,1,0,1
622758,Anselmino,Chelsea,DEF,0,0,0,0,0.0,0,0.0,0.0,0.0,0.0,0,0.0,0.0,0.0,0.0,1.5679,1.0861,1.2517,0.825,0.0,0.0,0.0,0.0,0.0,0.0,0.0,0.0,0,0,0.0,0.0,0.0,0.0,0,0,0,0.0,40,a,0,0,0
567119,Mheuka,Chelsea,FWD,1,0,1,0,0.4,1,5.1975,0.0,0.0,0.0,0,0.0,0.0,0.0,0.0,1.5679,1.0861,1.2517,0.825,0.0231,0.0,0.0,0.0,1.9278,0.06,0.0,0.0,0,5,433.755,0.0,0.0,0.0,0,0,0,0.0,45,a,1,0,1
536238,Samuels-Smith,Chelsea,DEF,0,0,0,0,0.0,0,0.0,0.0,0.0,0.0,0,0.0,0.0,0.0,0.0,1.5679,1.0861,1.2517,0.825,0.0,0.0,0.0,0.0,0.0,0.0,0.0,0.0,0,0,0.0,0.0,0.0,0.0,0,0,0,0.0,40,a,0,0,0
591382,Genesis Antwi,Chelsea,DEF,0,0,0,0,0.0,0,0.0,0.0,0.0,0.0,0,0.0,0.0,0.0,0.0,1.5679,1.0861,1.2517,0.825,0.0,0.0,0.0,0.0,0.0,0.0,0.0,0.0,0,0,0.0,0.0,0.0,0.0,0,0,0,0.0,40,a,0,0,0
205533,Nketiah,Crystal Palace,FWD,1018,9,20,0,331.8,2083,0.7566,0.053,1.2979,0.8533,246,0.7683,0.0073,1.4305,1.0976,2.0322,1.336,2.302,1.26,2.7892,0.1953,4.785,3.1457,78.0737,10.59,1.36,24.5,9,392,21.1773,2.1,0.02,3.91,3,61,246,22.3171,59,a,20,9,29
172850,Chilwell,Crystal Palace,DEF,254,1,7,0,175.3,1006,0.0987,0.3147,1.0949,0.0011,119,0.1286,0.4538,1.2706,0.0,2.0322,1.336,2.302,1.26,0.1922,0.6129,2.1326,0.0021,39.3405,1.3599999999999999,2.5,15.34,2,177,20.1976,0.17,0.6,1.68,0,33,119,24.958,46,d,7,1,8
466117,Ahamada,Crystal Palace,MID,0,0,0,0,3.6,332,0.12,0.0375,1.885,0.0,0,0.0,0.0,0.0,0.0,2.0322,1.336,2.302,1.26,0.0048,0.0015,0.0754,0.0,0.3228,0.4,0.12,8.93,0,52,8.07,0.0,0.0,0.0,0,0,0,0.0,45,u,0,0,0
438464,C.Doucouré,Crystal Palace,MID,443,4,9,0,63.9,1363,0.0748,0.028,1.3894,0.0,0,0.0,0.0,0.0,0.0,2.0322,1.336,2.302,1.26,0.0531,0.0199,0.9865,0.0,9.9592,0.68,0.87,21.29,0,212,14.027,0.0,0.0,0.0,0,0,0,0.0,48,i,9,4,13
427623,C.Richards,Crystal Palace,DEF,1921,22,2,0,770.1,4012,0.0772,0.0411,1.3819,0.0978,405,0.0244,0.1111,1.2156,0.0,2.0322,1.336,2.302,1.26,0.661,0.352,11.8246,0.8368,92.6334,1.93,0.77,62.94,6,619,10.8259,0.11000000000000001,0.5,5.47,0,35,405,7.7778,44,a,2,22,24
515621,Chadi Riad,Crystal Palace,DEF,90,1,0,0,4.0,90,0.0,0.0202,1.3815,0.0,0,0.0,0.0,0.0,0.0,2.0322,1.336,2.302,1.26,0.0,0.0009,0.0614,0.0,0.1326,0.0,0.02,1.39,0,3,2.9835,0.0,0.0,0.0,0,0,0,0.0,43,i,0,1,1
57328,Clyne,Crystal Palace,DEF,477,5,8,0,97.1,1812,0.01,0.0713,1.4788,0.0,0,0.0,0.0,0.0,0.0,2.0322,1.336,2.302,1.26,0.0108,0.0769,1.5955,0.0,9.8157,0.22999999999999998,0.45,31.76,0,307,9.098,0.0,0.0,0.0,0,0,0,0.0,43,d,8,5,13
450535,Ebiowei,Crystal Palace,MID,0,0,0,0,0.0,0,0.0,0.0,0.0,0.0,0,0.0,0.0,0.0,0.0,2.0322,1.336,2.302,1.26,0.0,0.0,0.0,0.0,0.0,0.0,0.0,0.0,0,0,0.0,0.0,0.0,0.0,0,0,0,0.0,45,u,0,0,0
232413,Eze,Crystal Palace,MID,2588,31,3,0,793.7,4642,0.4779,0.1992,1.2025,0.8568,357,0.663,0.3303,0.9403,2.0168,2.0322,1.336,2.302,1.26,4.2142,1.7567,10.6049,7.5559,231.8199,19.51,10.33,67.42,26,1095,26.2867,2.63,1.31,3.73,8,157,357,39.5798,70,a,3,31,34
209036,Guéhi,Crystal Palace,DEF,3059,34,0,0,815.9,5079,0.0457,0.1007,1.0108,0.2904,360,0.065,0.1775,0.8325,0.25,2.0322,1.336,2.302,1.26,0.4142,0.913,9.1637,2.6328,134.021,2.45,3.01,73.06,17,889,14.7835,0.26,0.7100000000000001,3.33,1,72,360,18.0,47,i,0,34,34
172649,Henderson,Crystal Palace,GK,3420,38,0,0,1072.4,5040,0.0001,0.0004,1.304,0.2092,540,0.0,0.0,1.17,0.3333,2.0322,1.336,2.302,1.26,0.0006,0.0047,15.5382,2.4925,143.6396,0.01,0.03,76.8,10,759,12.0548,0.0,0.0,7.02,2,82,540,13.6667,46,a,0,38,38
156074,Holding,Crystal Palace,DEF,0,0,0,0,0.0,0,0.0,0.0,0.0,0.0,0,0.0,0.0,0.0,0.0,2.0322,1.336,2.302,1.26,0.0,0.0,0.0,0.0,0.0,0.0,0.0,0.0,0,0,0.0,0.0,0.0,0.0,0,0,0,0.0,42,u,0,0,0
108413,Hughes,Crystal Palace,MID,2100,24,9,0,655.2,3986,0.039,0.1093,1.3205,0.0613,355,0.033,0.0786,1.1358,0.0,2.0322,1.336,2.302,1.26,0.2838,0.7954,9.6136,0.4461,77.6995,1.4000000000000001,4.34,62.47,5,530,10.673,0.13,0.31000000000000005,4.4799999999999995,0,40,355,10.1408,49,a,9,24,33
209400,Kamada,Crystal Palace,MID,1545,15,19,0,532.4,1545,0.0542,0.0874,1.495,0.0,329,0.052,0.0574,1.2611,0.0,2.0322,1.336,2.302,1.26,0.3207,0.5169,8.8435,0.0,97.0842,1.12,1.55,25.740000000000002,0,246,16.4117,0.19,0.21000000000000002,4.609999999999999,0,66,329,18.0547,51,a,19,15,34
152551,Lerma,Crystal Palace,MID,2270,26,7,0,808.1,4669,0.0329,0.055,1.4344,0.1135,378,0.0167,0.0548,1.3738,0.0,2.0322,1.336,2.302,1.26,0.295,0.4936,12.8796,1.0193,119.4479,3.68,3.5300000000000002,71.71,6,664,13.3032,0.07,0.23000000000000004,5.77,0,49,378,11.6667,48,a,7,26,33
231747,Mateta,Crystal Palace,FWD,2642,33,4,0,731.6,4916,0.5228,0.0715,1.21,0.9562,288,0.5,0.0406,0.975,0.9375,2.0322,1.336,2.302,1.26,4.2494,0.581,9.8361,7.7725,165.8269,24.61,3.58,78.4,49,1139,20.3997,1.6,0.13,3.12,3,52,288,16.25,75,a,4,33,37
536694,M.França,Crystal Palace,MID,52,0,4,0,40.3,276,0.4953,0.2631,0.8259,0.0,28,0.5143,0.0643,1.0607,0.0,2.0322,1.336,2.302,1.26,0.2218,0.1178,0.3698,0.0,20.8925,0.61,0.6400000000000001,3.89,0,81,46.6582,0.16,0.02,0.33,0,7,28,22.5,44,a,4,0,4
169593,Matthews,Crystal Palace,GK,0,0,0,0,0.0,3,0.0,0.0,0.0,0.0,0,0.0,0.0,0.0,0.0,2.0322,1.336,2.302,1.26,0.0,0.0,0.0003,0.0,0.0117,0.0,0.0,0.07,0,3,0.0,0.0,0.0,0.0,0,0,0,0.0,39,a,0,0,0
244723,Mitchell,Crystal Palace,DEF,3090,37,0,0,895.4,6294,0.0412,0.0843,1.3489,0.091,420,0.0171,0.0364,1.1443,0.0,2.0322,1.336,2.302,1.26,0.4094,0.839,13.4201,0.9051,136.5973,2.58,6.06,97.29,14,1045,13.7299,0.08,0.17,5.34,0,89,420,19.0714,48,a,0,37,37
247348,Muñoz,Crystal Palace,DEF,3229,37,0,0,1045.2,4669,0.1108,0.1098,1.2894,0.2915,540,0.0933,0.16,1.17,0.3333,2.0322,1.336,2.302,1.26,1.2866,1.2754,14.9739,3.385,146.768,6.18,4.72,66.01,12,750,12.6379,0.56,0.9600000000000001,7.02,2,83,540,13.8333,52,a,0,37,37
531989,Ozoh,Crystal Palace,MID,0,0,0,0,0.9,148,0.0,0.0,2.14,0.0,0,0.0,0.0,0.0,0.0,2.0322,1.336,2.302,1.26,0.0,0.0,0.0214,0.0,0.1875,0.0,0.01,3.06,0,27,18.75,0.0,0.0,0.0,0,0,0,0.0,45,u,0,0,0
450542,Rak-Sakyi,Crystal Palace,MID,0,0,0,0,0.3,132,0.24,0.06,1.95,0.0,0,0.0,0.0,0.0,0.0,2.0322,1.336,2.302,1.26,0.0008,0.0002,0.0065,0.0,0.0364,0.41,0.14,3.21,0,21,10.92,0.0,0.0,0.0,0,0,0,0.0,45,u,0,0,0
86417,Schlupp,Crystal Palace,MID,95,0,12,0,13.9,1435,0.1515,0.1768,1.4633,0.4099,0,0.0,0.0,0.0,0.0,2.0322,1.336,2.302,1.26,0.0234,0.0273,0.226,0.0633,5.5769,1.87,1.5499999999999998,23.990000000000002,4,244,36.1094,0.0,0.0,0.0,0,0,0,0.0,46,u,12,0,12
55494,Ward,Crystal Palace,DEF,71,1,1,0,75.4,2049,0.0038,0.0121,1.7624,0.0,70,0.0,0.0129,1.5686,0.0,2.0322,1.336,2.302,1.26,0.0032,0.0101,1.4765,0.0,-2.0956,0.88,0.26,32.53,0,301,-2.5014,0.0,0.01,1.22,0,-6,70,-7.7143,43,a,1,1,2
496221,Wharton,Crystal Palace,MID,1314,16,4,0,427.2,2610,0.0248,0.1777,1.313,0.0146,196,0.0597,0.1515,0.9459,0.0,2.0322,1.336,2.302,1.26,0.1175,0.8433,6.2325,0.0693,83.7167,0.76,3.67,37.38,4,466,17.6369,0.13,0.33,2.06,0,41,196,18.8265,47,i,4,16,20
224068,Turner,Crystal Palace,GK,0,0,0,0,4.7,1530,0.0,0.0,1.4745,0.0,0,0.0,0.0,0.0,0.0,2.0322,1.336,2.302,1.26,0.0,0.0,0.077,0.0,0.7745,0.0,0.0,25.43,0,278,14.8309,0.0,0.0,0.0,0,0,0,0.0,39,a,0,0,0
232185,I.Sarr,Crystal Palace,MID,2708,30,8,0,915.6,2708,0.4329,0.2345,1.328,0.5091,436,0.514,0.3427,1.1807,0.4128,2.0322,1.336,2.302,1.26,4.4038,2.3857,13.5103,5.1793,179.1747,10.82,6.82,38.63,14,542,17.6122,2.49,1.6600000000000001,5.72,2,86,436,17.7523,55,a,8,30,38
574398,Umeh-Chibueze,Crystal Palace,MID,0,0,0,0,0.0,0,0.0,0.0,0.0,0.0,0,0.0,0.0,0.0,0.0,2.0322,1.336,2.302,1.26,0.0,0.0,0.0,0.0,0.0,0.0,0.0,0.0,0,0,0.0,0.0,0.0,0.0,0,0,0,0.0,44,a,0,0,0
489706,Devenny,Crystal Palace,MID,494,4,19,0,189.3,494,0.1306,0.049,1.8115,0.05,156,0.1442,0.0173,1.9096,0.0,2.0322,1.336,2.302,1.26,0.2746,0.1031,3.8102,0.1051,49.2558,0.77,0.41000000000000003,9.299999999999999,1,129,23.418,0.25,0.03,3.31,0,32,156,18.4615,45,a,19,4,23
579075,Agbinone,Crystal Palace,MID,4,0,2,0,0.3,4,0.45,0.21,0.0,0.0,0,0.0,0.0,0.0,0.0,2.0322,1.336,2.302,1.26,0.0015,0.0007,0.0,0.0,0.3414,0.02,0.01,0.0,0,4,102.42,0.0,0.0,0.0,0,0,0,0.0,45,u,2,0,2
530318,Rodney,Crystal Palace,MID,0,0,0,0,0.0,0,0.0,0.0,0.0,0.0,0,0.0,0.0,0.0,0.0,2.0322,1.336,2.302,1.26,0.0,0.0,0.0,0.0,0.0,0.0,0.0,0.0,0,0,0.0,0.0,0.0,0.0,0,0,0,0.0,45,a,0,0,0
437499,Lacroix,Crystal Palace,DEF,3116,35,0,0,1020.3,3116,0.1041,0.0348,1.2978,0.2043,540,0.0967,0.0317,1.17,0.0,2.0322,1.336,2.302,1.26,1.1796,0.394,14.7123,2.3165,139.2664,3.5,1.01,44.59,9,463,12.2846,0.5800000000000001,0.19,7.02,0,75,540,12.5,45,a,0,35,35
590012,Kporha,Crystal Palace,DEF,11,0,2,0,1.7,11,0.0,0.1006,0.5135,0.0,0,0.0,0.0,0.0,0.0,2.0322,1.336,2.302,1.26,0.0,0.0019,0.0097,0.0,-0.1008,0.0,0.02,0.06,0,1,-5.3365,0.0,0.0,0.0,0,0,0,0.0,40,a,2,0,2
576980,Marsh,Crystal Palace,FWD,0,0,0,0,0.0,0,0.0,0.0,0.0,0.0,0,0.0,0.0,0.0,0.0,2.0322,1.336,2.302,1.26,0.0,0.0,0.0,0.0,0.0,0.0,0.0,0.0,0,0,0.0,0.0,0.0,0.0,0,0,0,0.0,45,a,0,0,0
606921,Esse,Crystal Palace,MID,138,1,6,0,114.6,138,0.0685,0.2588,1.3743,1.1484,116,0.0,0.2405,1.3966,0.7759,2.0322,1.336,2.302,1.26,0.0872,0.3296,1.75,1.4623,46.4489,0.32,0.39,2.1500000000000004,3,72,36.4782,0.0,0.31000000000000005,1.8,1,39,116,30.2586,47,a,6,1,7
100044409,Glasner,Crystal Palace,UNK,0,0,0,0,0.0,0,0.0,0.0,0.0,0.0,0,0.0,0.0,0.0,0.0,2.0322,1.336,2.302,1.26,0.0,0.0,0.0,0.0,0.0,0.0,0.0,0.0,0,0,0.0,0.0,0.0,0.0,0,0,0,0.0,8,a,0,0,0
440323,Broja,Everton,FWD,327,4,6,0,133.1,856,0.0208,0.0178,0.9245,0.0,62,0.0,0.0,0.3339,0.0,1.2108,1.1636,1.1283,1.1733,0.0307,0.0263,1.3673,0.0,11.336,2.35,0.34,12.22,0,95,7.6652,0.0,0.0,0.23,0,4,62,5.8065,53,a,6,4,10
121599,A.Doucoure,Everton,MID,2563,31,2,0,764.7,5195,0.196,0.0618,1.1162,0.2955,318,0.1642,0.0623,1.217,0.0,1.2108,1.1636,1.1283,1.1733,1.6657,0.5254,9.484,2.5106,112.2633,12.85,2.92,76.64,12,668,13.2126,0.5800000000000001,0.22,4.3,0,39,318,11.0377,51,a,2,31,33
486385,Beto,Everton,FWD,1521,15,15,0,730.8,2464,0.4451,0.0347,1.0842,0.4949,433,0.4635,0.0478,1.1702,0.4157,1.2108,1.1636,1.1283,1.1733,3.6142,0.2814,8.8036,4.0182,120.5936,14.35,0.74,36.910000000000004,14,400,14.8514,2.23,0.23,5.63,2,73,433,15.1732,48,a,15,15,30
480455,Branthwaite,Everton,DEF,2509,28,2,0,930.4,5625,0.0528,0.0298,1.0527,0.0732,433,0.0935,0.0374,1.0206,0.0,1.2108,1.1636,1.1283,1.1733,0.5457,0.3076,10.8823,0.757,147.91,2.8200000000000003,1.9000000000000001,79.26,13,1041,14.3077,0.45,0.18,4.91,0,65,433,13.5104,49,i,2,28,30
177815,Calvert-Lewin,Everton,FWD,1602,19,7,0,221.7,3768,0.5201,0.0308,1.7214,0.1043,31,1.3935,0.0,4.6742,0.0,1.2108,1.1636,1.1283,1.1733,1.2812,0.0758,4.2404,0.2569,27.553,19.39,2.21,56.74,12,416,11.1853,0.48000000000000004,0.0,1.6099999999999999,0,10,31,29.0323,54,a,7,19,26
59949,Coleman,Everton,DEF,214,3,2,0,49.0,875,0.0549,0.0551,1.3889,0.1016,18,0.0,0.1,0.65,0.0,1.2108,1.1636,1.1283,1.1733,0.0299,0.03,0.7562,0.0553,10.4647,0.62,0.7300000000000001,14.930000000000001,3,158,19.2209,0.0,0.02,0.13,0,8,18,40.0,43,i,2,3,5
80801,Gana,Everton,MID,3063,35,2,0,1031.4,4948,0.0173,0.0564,1.0543,0.1579,527,0.0068,0.0171,0.9307,0.0,1.2108,1.1636,1.1283,1.1733,0.1986,0.6467,12.0822,1.8096,173.2093,2.4,2.81,69.29,15,842,15.1142,0.04,0.1,5.45,0,80,527,13.6622,48,a,2,35,37
232928,Garner,Everton,MID,1590,17,4,0,802.7,4591,0.0558,0.0719,1.0881,0.0013,540,0.0633,0.06,1.1733,0.0,1.2108,1.1636,1.1283,1.1733,0.4979,0.6409,9.7042,0.0118,119.3292,3.29,5.12,68.32,3,665,13.3794,0.38,0.36,7.04,0,78,540,13.0,49,a,4,17,21
221399,Harrison,Everton,MID,2068,24,10,0,709.4,4280,0.1132,0.1325,1.2112,0.2318,327,0.0578,0.033,1.1284,0.0,1.2108,1.1636,1.1283,1.1733,0.8923,1.0447,9.5471,1.8268,105.9082,7.22,6.14,65.38,9,583,13.4363,0.21000000000000002,0.12,4.1,0,41,327,11.2844,52,a,10,24,34
194164,Holgate,Everton,DEF,5,0,1,0,10.4,716,0.058,0.0268,2.2249,0.0,0,0.0,0.0,0.0,0.0,1.2108,1.1636,1.1283,1.1733,0.0067,0.0031,0.2571,0.0,1.0161,0.55,0.2,19.48,0,68,8.7932,0.0,0.0,0.0,0,0,0,0.0,40,u,1,0,1
490094,Iroegbunam,Everton,MID,562,5,13,0,107.2,719,0.0126,0.0195,2.1906,0.0,18,0.0,0.0,7.95,0.0,1.2108,1.1636,1.1283,1.1733,0.015,0.0232,2.6092,0.0,25.517,0.23,0.14,17.2,0,111,21.4229,0.0,0.0,1.5899999999999999,0,11,18,55.0,43,i,13,5,18
222627,J.Virginia,Everton,GK,0,0,0,0,0.0,0,0.0,0.0,0.0,0.0,0,0.0,0.0,0.0,0.0,1.2108,1.1636,1.1283,1.1733,0.0,0.0,0.0,0.0,0.0,0.0,0.0,0.0,0,0,0.0,0.0,0.0,0.0,0,0,0,0.0,38,a,0,0,0
106611,Keane,Everton,DEF,1046,11,3,0,257.1,1483,0.0632,0.0004,1.6934,0.3754,234,0.0692,0.0,1.8231,0.3846,1.2108,1.1636,1.1283,1.1733,0.1805,0.001,4.8376,1.0724,55.3736,1.17,0.08,29.97,6,211,19.384,0.18,0.0,4.74,1,52,234,20.0,38,a,3,11,14
115382,Maupay,Everton,FWD,0,0,0,0,8.4,1417,0.3214,0.1146,1.8268,0.2721,0,0.0,0.0,0.0,0.0,1.2108,1.1636,1.1283,1.1733,0.03,0.0107,0.1705,0.0254,1.2995,6.89,1.99,26.36,6,248,13.9232,0.0,0.0,0.0,0,0,0,0.0,49,u,0,0,0
433154,McNeil,Everton,MID,1366,15,6,0,294.8,4257,0.0669,0.2399,1.2836,0.8327,222,0.073,0.2027,1.3541,1.2162,1.2108,1.1636,1.1283,1.1733,0.2192,0.7857,4.2044,2.7276,107.7272,4.3100000000000005,12.39,66.18,17,916,32.8882,0.18,0.5,3.34,3,83,222,33.6486,51,a,6,15,21
224967,Mykolenko,Everton,DEF,3082,35,0,0,1010.7,5551,0.0116,0.0711,1.1,0.3476,540,0.015,0.0683,1.1733,0.5,1.2108,1.1636,1.1283,1.1733,0.1303,0.798,12.3531,3.9038,188.1012,1.9700000000000002,3.19,79.78,18,919,16.7499,0.09,0.41000000000000003,7.04,3,112,540,18.6667,44,a,0,35,35
440993,Ndiaye,Everton,FWD,2426,29,4,0,668.4,2426,0.3455,0.0498,0.9241,0.9398,391,0.2877,0.0414,0.7389,0.6905,1.2108,1.1636,1.1283,1.1733,2.566,0.3702,6.8628,6.9797,187.6639,6.23,1.36,29.009999999999998,21,552,25.2689,1.25,0.18,3.21,3,119,391,27.3913,52,a,4,29,33
243571,Patterson,Everton,DEF,342,3,7,0,177.2,1342,0.0077,0.0566,1.096,0.0036,144,0.0,0.0438,0.8,0.0,1.2108,1.1636,1.1283,1.1733,0.0151,0.1115,2.1579,0.007,20.2627,0.41000000000000003,1.41,25.08,3,234,10.2914,0.0,0.07,1.2799999999999998,0,18,144,11.25,44,a,7,3,10
111234,Pickford,Everton,GK,3420,38,0,0,1086.6,6840,0.0,0.0052,1.1423,0.4617,540,0.0,0.0033,1.1733,0.5,1.2108,1.1636,1.1283,1.1733,0.0,0.0624,13.7908,5.5742,208.8841,0.0,0.68,102.12,37,1327,17.3013,0.0,0.02,7.04,3,109,540,18.1667,52,a,0,38,38
17761,Tarkowski,Everton,DEF,2922,33,0,0,679.0,6342,0.0397,0.0747,1.0995,0.2257,51,0.3176,0.3176,0.4059,0.0,1.2108,1.1636,1.1283,1.1733,0.2993,0.5639,8.2951,1.7031,121.4312,3.87,4.99,94.94,18,1117,16.0954,0.18,0.18,0.23,0,16,51,28.2353,47,i,0,33,33
491012,Y. Chermiti,Everton,FWD,42,0,4,0,29.3,238,0.2055,0.0184,1.232,0.0,27,0.1333,0.0,1.5,0.0,1.2108,1.1636,1.1283,1.1733,0.0669,0.006,0.4011,0.0,5.7449,0.85,0.30000000000000004,5.51,0,37,17.6465,0.04,0.0,0.45,0,4,27,13.3333,49,a,4,0,4
18892,Young,Everton,DEF,1864,19,13,0,485.8,4141,0.0084,0.2207,1.2717,0.3285,286,0.0,0.3304,1.1706,0.3147,1.2108,1.1636,1.1283,1.1733,0.0455,1.1912,6.8642,1.7731,110.7358,0.9400000000000001,4.38,63.9,12,729,20.5151,0.0,1.05,3.7199999999999998,1,76,286,23.9161,42,a,13,19,32
502697,Alcaraz,Everton,MID,766,7,9,0,457.9,766,0.1848,0.0722,1.3216,0.5843,328,0.1098,0.0631,1.4241,0.5488,1.2108,1.1636,1.1283,1.1733,0.9403,0.3671,6.724,2.9726,114.3788,1.78,0.68,11.33,5,191,22.4811,0.4,0.23,5.1899999999999995,2,91,328,24.9695,47,a,9,7,16
463903,Lindstrøm,Everton,MID,1229,15,10,0,262.4,1229,0.1092,0.1287,0.9708,0.0,0,0.0,0.0,0.0,0.0,1.2108,1.1636,1.1283,1.1733,0.3183,0.3751,2.8305,0.0,33.8816,2.15,1.96,13.370000000000001,0,167,11.621,0.0,0.0,0.0,0,0,0,0.0,50,i,10,15,25
512462,O'Brien,Everton,DEF,1568,17,3,0,790.0,1568,0.0439,0.0152,1.1088,0.2968,450,0.016,0.004,1.25,0.2,1.2108,1.1636,1.1283,1.1733,0.385,0.1338,9.7324,2.6051,123.4297,0.77,0.31,18.63,5,233,14.0616,0.08,0.02,6.25,1,67,450,13.4,45,a,3,17,20
609873,Armstrong,Everton,MID,47,0,3,0,9.6,47,0.7294,0.0,0.8869,0.0,0,0.0,0.0,0.0,0.0,1.2108,1.1636,1.1283,1.1733,0.0778,0.0,0.0946,0.0,-0.2834,0.37,0.0,0.45,0,1,-2.6569,0.0,0.0,0.0,0,0,0,0.0,44,u,3,0,3
491557,Metcalfe,Everton,MID,0,0,0,0,0.0,0,0.0,0.0,0.0,0.0,0,0.0,0.0,0.0,0.0,1.2108,1.1636,1.1283,1.1733,0.0,0.0,0.0,0.0,0.0,0.0,0.0,0.0,0,0,0.0,0.0,0.0,0.0,0,0,0,0.0,45,u,0,0,0
40349,Begovic,Everton,GK,0,0,0,0,0.0,0,0.0,0.0,0.0,0.0,0,0.0,0.0,0.0,0.0,1.2108,1.1636,1.1283,1.1733,0.0,0.0,0.0,0.0,0.0,0.0,0.0,0.0,0,0,0.0,0.0,0.0,0.0,0,0,0,0.0,40,a,0,0,0
496178,Dixon,Everton,DEF,90,1,0,0,4.0,90,0.0,0.0,2.4165,0.0,0,0.0,0.0,0.0,0.0,1.2108,1.1636,1.1283,1.1733,0.0,0.0,0.1074,0.0,0.0,0.0,0.0,2.43,0,0,0.0,0.0,0.0,0.0,0,0,0,0.0,39,a,0,1,1
179519,Mangala,Everton,MID,1257,14,5,0,192.0,2819,0.0904,0.0309,1.2184,0.0,0,0.0,0.0,0.0,0.0,1.2108,1.1636,1.1283,1.1733,0.1928,0.066,2.5993,0.0,25.6542,1.9000000000000001,0.87,41.14,0,361,12.0254,0.0,0.0,0.0,0,0,0,0.0,50,i,5,14,19
547801,Bates,Everton,MID,0,0,0,0,0.0,0,0.0,0.0,0.0,0.0,0,0.0,0.0,0.0,0.0,1.2108,1.1636,1.1283,1.1733,0.0,0.0,0.0,0.0,0.0,0.0,0.0,0.0,0,0,0.0,0.0,0.0,0.0,0,0,0,0.0,45,a,0,0,0
536241,Sherif,Everton,FWD,0,0,0,0,0.0,0,0.0,0.0,0.0,0.0,0,0.0,0.0,0.0,0.0,1.2108,1.1636,1.1283,1.1733,0.0,0.0,0.0,0.0,0.0,0.0,0.0,0.0,0,0,0.0,0.0,0.0,0.0,0,0,0,0.0,45,a,0,0,0
100000084,Moyes,Everton,UNK,0,0,0,0,0.0,0,0.0,0.0,0.0,0.0,0,0.0,0.0,0.0,0.0,1.2108,1.1636,1.1283,1.1733,0.0,0.0,0.0,0.0,0.0,0.0,0.0,0.0,0,0,0.0,0.0,0.0,0.0,0,0,0,0.0,5,a,0,0,0
496279,Heath,Everton,MID,0,0,0,0,0.0,0,0.0,0.0,0.0,0.0,0,0.0,0.0,0.0,0.0,1.2108,1.1636,1.1283,1.1733,0.0,0.0,0.0,0.0,0.0,0.0,0.0,0.0,0,0,0.0,0.0,0.0,0.0,0,0,0,0.0,45,a,0,0,0
504296,Coby Ebere,Everton,MID,0,0,0,0,0.0,0,0.0,0.0,0.0,0.0,0,0.0,0.0,0.0,0.0,1.2108,1.1636,1.1283,1.1733,0.0,0.0,0.0,0.0,0.0,0.0,0.0,0.0,0,0,0.0,0.0,0.0,0.0,0,0,0,0.0,45,a,0,0,0
474907,Welch,Everton,DEF,0,0,0,0,0.0,0,0.0,0.0,0.0,0.0,0,0.0,0.0,0.0,0.0,1.2108,1.1636,1.1283,1.1733,0.0,0.0,0.0,0.0,0.0,0.0,0.0,0.0,0,0,0.0,0.0,0.0,0.0,0,0,0,0.0,40,a,0,0,0
200641,Nelson,Fulham,MID,483,5,7,0,48.0,739,0.1674,0.1674,1.1376,0.3223,0,0.0,0.0,0.0,0.0,1.2262,1.4396,1.175,1.5533,0.0893,0.0893,0.6067,0.1719,12.8319,1.25,1.3900000000000001,8.31,2,201,24.0598,0.0,0.0,0.0,0,0,0,0.0,50,i,7,5,12
209289,Smith Rowe,Fulham,MID,2036,25,9,0,528.5,2379,0.1711,0.0892,1.3659,0.5695,213,0.1732,0.1352,2.1211,0.8451,1.2262,1.4396,1.175,1.5533,1.0049,0.5236,8.0206,3.3442,116.3311,6.3100000000000005,2.44,27.45,15,522,19.8104,0.41000000000000003,0.32,5.02,2,66,213,27.8873,50,a,9,25,34
174874,Andersen,Fulham,DEF,2673,30,0,0,992.6,6089,0.047,0.0214,1.4443,0.026,540,0.09,0.025,1.5533,0.0,1.2262,1.4396,1.175,1.5533,0.5184,0.2356,15.9285,0.2864,112.9513,2.79,2.65,91.56,15,985,10.2414,0.54,0.15,9.32,0,58,540,9.6667,42,a,0,30,30
159533,Adama,Fulham,MID,1756,18,18,0,511.5,2119,0.1375,0.2089,1.7193,0.5086,253,0.1209,0.2241,2.3905,0.7115,1.2262,1.4396,1.175,1.5533,0.7817,1.1871,9.7716,2.8903,113.7316,5.6,5.49,36.45,9,497,20.0114,0.33999999999999997,0.63,6.72,2,66,253,23.4783,45,a,18,18,36
156689,Andreas,Fulham,MID,2004,25,8,0,579.0,4615,0.1985,0.2072,1.4664,0.0824,268,0.2787,0.2049,1.4575,0.0,1.2262,1.4396,1.175,1.5533,1.2769,1.3328,9.434,0.5299,84.3781,8.76,10.35,70.26,9,814,13.1158,0.8300000000000001,0.61,4.34,0,12,268,4.0299,49,a,8,25,33
232892,Bassey,Fulham,DEF,3074,34,1,0,889.4,5373,0.0234,0.0162,1.2345,0.0047,450,0.006,0.024,1.296,0.0,1.2262,1.4396,1.175,1.5533,0.2308,0.1596,12.2,0.0467,110.01,1.39,0.58,80.05,4,832,11.1321,0.03,0.12000000000000001,6.48,0,35,450,7.0,45,a,1,34,35
428971,Benda,Fulham,GK,0,0,0,0,0.0,0,0.0,0.0,0.0,0.0,0,0.0,0.0,0.0,0.0,1.2262,1.4396,1.175,1.5533,0.0,0.0,0.0,0.0,0.0,0.0,0.0,0.0,0,0,0.0,0.0,0.0,0.0,0,0,0,0.0,39,a,0,0,0
76357,Cairney,Fulham,MID,610,3,22,0,240.5,2082,0.2113,0.1054,1.6823,0.0041,155,0.3077,0.1103,1.9335,0.0,1.2262,1.4396,1.175,1.5533,0.5647,0.2816,4.4954,0.011,74.2967,1.76,3.72,39.12,2,538,27.8033,0.53,0.19,3.33,0,49,155,28.4516,48,a,22,3,25
166477,Castagne,Fulham,DEF,1642,17,7,0,548.5,4272,0.0228,0.0306,1.3027,0.0091,35,0.0,0.0,1.8257,0.0,1.2262,1.4396,1.175,1.5533,0.1388,0.1865,7.9391,0.0554,65.865,1.67,2.62,63.46,7,715,10.8074,0.0,0.0,0.7100000000000001,0,-2,35,-5.1429,42,i,7,17,24
219924,Diop,Fulham,DEF,1334,15,6,0,250.8,2757,0.0165,0.0072,1.5616,0.0031,0,0.0,0.0,0.0,0.0,1.2262,1.4396,1.175,1.5533,0.046,0.02,4.3517,0.0087,29.2027,0.77,0.49,53.18,3,405,10.4794,0.0,0.0,0.0,0,0,0,0.0,43,a,6,15,21
515024,Harris,Fulham,MID,0,0,0,0,0.1,74,0.36,0.0,2.79,0.0,0,0.0,0.0,0.0,0.0,1.2262,1.4396,1.175,1.5533,0.0004,0.0,0.0031,0.0,0.0028,0.28,0.01,2.26,0,2,2.52,0.0,0.0,0.0,0,0,0,0.0,45,u,0,0,0
153133,Iwobi,Fulham,MID,2981,35,3,0,854.8,5312,0.1242,0.1891,1.2675,0.4021,427,0.1033,0.137,1.3574,0.2108,1.2262,1.4396,1.175,1.5533,1.1799,1.7956,12.0386,3.8195,197.3904,9.56,11.1,75.69,25,1129,20.7828,0.49,0.65,6.44,1,95,427,20.0234,54,a,3,35,38
80201,Leno,Fulham,GK,3420,38,0,0,1071.5,6840,0.0,0.0008,1.4363,0.1381,540,0.0,0.0017,1.5533,0.0,1.2262,1.4396,1.175,1.5533,0.0,0.0092,17.0999,1.6441,141.3499,0.0,0.03,111.89,20,1257,11.8726,0.0,0.01,9.32,0,60,540,10.0,50,a,0,38,38
212314,Lukić,Fulham,MID,2348,28,2,0,749.0,3461,0.0538,0.051,1.5411,0.0212,381,0.0496,0.0378,1.8047,0.0,1.2262,1.4396,1.175,1.5533,0.4478,0.4245,12.8257,0.1768,115.0654,2.65,1.86,55.88,1,511,13.8263,0.21000000000000002,0.16,7.64,0,51,381,12.0472,48,a,2,28,30
120721,Mbabu,Fulham,DEF,0,0,0,0,0.0,0,0.0,0.0,0.0,0.0,0,0.0,0.0,0.0,0.0,1.2262,1.4396,1.175,1.5533,0.0,0.0,0.0,0.0,0.0,0.0,0.0,0.0,0,0,0.0,0.0,0.0,0.0,0,0,0,0.0,40,u,0,0,0
244042,Muniz,Fulham,FWD,943,8,23,0,231.1,2532,0.6601,0.025,1.6479,1.6906,0,0.0,0.0,0.0,0.0,1.2262,1.4396,1.175,1.5533,1.6949,0.0642,4.2315,4.341,100.9832,14.67,1.14,41.95,26,648,39.3271,0.0,0.0,0.0,0,0,0,0.0,55,i,23,8,31
102057,Raúl,Fulham,FWD,2486,30,8,0,838.7,3876,0.3431,0.0494,1.398,0.9512,533,0.2567,0.0371,1.5568,1.0131,1.2262,1.4396,1.175,1.5533,3.1973,0.4604,13.0276,8.8645,164.2758,17.34,3.0300000000000002,70.92,39,776,17.6283,1.52,0.22,9.22,6,92,533,15.5347,53,a,8,30,38
82514,Ream,Fulham,DEF,0,0,0,0,6.8,1503,0.0172,0.0053,2.0118,0.0728,0,0.0,0.0,0.0,0.0,1.2262,1.4396,1.175,1.5533,0.0013,0.0004,0.152,0.0055,1.1846,0.96,0.16,34.03,4,267,15.6785,0.0,0.0,0.0,0,0,0,0.0,45,u,0,0,0
153366,Reed,Fulham,MID,100,0,12,0,37.7,1417,0.2282,0.0387,2.6959,0.0,15,0.0,0.0,1.56,0.0,1.2262,1.4396,1.175,1.5533,0.0956,0.0162,1.1293,0.0,9.6962,0.52,1.58,30.27,0,241,23.1474,0.0,0.0,0.26,0,3,15,18.0,47,i,12,0,12
169528,Robinson,Fulham,DEF,3166,35,1,0,901.9,6432,0.0119,0.1095,1.5184,0.1389,358,0.0,0.098,1.8955,0.0,1.2262,1.4396,1.175,1.5533,0.1191,1.0972,15.216,1.3923,131.2511,1.3800000000000001,7.92,106.72,16,1169,13.0975,0.0,0.39,7.539999999999999,0,45,358,11.3128,47,a,1,35,36
490146,Stansfield,Fulham,FWD,1,0,1,0,0.0,1,0.0,0.0,0.0,0.0,0,0.0,0.0,0.0,0.0,1.2262,1.4396,1.175,1.5533,0.0,0.0,0.0272,0.0,0.0811,0.0,0.0,0.67,0,2,0.0,0.0,0.0,0.0,0,0,0,0.0,50,u,1,0,1
167074,Tete,Fulham,DEF,1773,21,1,0,522.2,2636,0.0588,0.0361,1.5903,0.0,503,0.0626,0.0376,1.5406,0.0,1.2262,1.4396,1.175,1.5533,0.3411,0.2094,9.227,0.0,53.1632,2.23,1.11,48.47,0,368,9.1626,0.35000000000000003,0.21,8.61,0,50,503,8.9463,44,a,1,21,22
245824,Vinicius,Fulham,FWD,13,0,3,0,8.0,319,0.1631,0.0034,0.9281,0.0338,10,0.0,0.0,0.99,0.0,1.2262,1.4396,1.175,1.5533,0.0145,0.0003,0.0825,0.003,6.6047,1.6500000000000001,0.11,4.61,2,91,74.3029,0.0,0.0,0.11,0,8,10,72.0,50,a,3,0,3
153682,Wilson,Fulham,MID,1148,12,13,0,417.4,2751,0.2767,0.0833,1.2978,0.2159,319,0.2539,0.0649,1.2781,0.0,1.2262,1.4396,1.175,1.5533,1.2831,0.3865,6.0191,1.0011,116.0988,7.64,3.8000000000000003,49.23,11,636,25.0333,0.9,0.23,4.53,0,87,319,24.5455,52,a,13,12,25
184349,Sessegnon,Fulham,DEF,574,7,9,0,368.9,574,0.2186,0.1829,1.1462,0.8339,332,0.103,0.1654,0.7509,1.3554,1.2262,1.4396,1.175,1.5533,0.896,0.7497,4.6981,3.4182,79.7378,1.64,1.12,8.200000000000001,5,137,19.4535,0.38,0.6100000000000001,2.77,5,75,332,20.3313,42,a,9,7,16
246301,J.Cuenca,Fulham,DEF,349,4,4,0,178.6,349,0.005,0.0025,2.4524,0.0,91,0.0,0.0,2.8385,0.0,1.2262,1.4396,1.175,1.5533,0.01,0.005,4.8666,0.0,15.6869,0.02,0.01,8.99,0,38,7.9049,0.0,0.0,2.8699999999999997,0,8,91,7.9121,44,a,4,4,8
577725,King,Fulham,MID,126,1,7,0,57.6,126,0.1842,0.2541,0.6444,0.0,48,0.15,0.0375,0.7313,0.0,1.2262,1.4396,1.175,1.5533,0.1179,0.1626,0.4124,0.0,8.8906,0.28,0.67,0.74,0,30,13.8916,0.08,0.02,0.39,0,5,48,9.375,44,a,7,1,8
573062,Godo,Fulham,MID,21,0,2,0,8.2,21,0.0,0.6465,1.012,0.0,7,0.0,0.9,1.2857,0.0,1.2262,1.4396,1.175,1.5533,0.0,0.0589,0.0922,0.0,2.6848,0.0,0.07,0.15000000000000002,0,4,29.4673,0.0,0.07,0.1,0,3,7,38.5714,44,a,2,0,2
207189,Berge,Fulham,MID,2221,26,5,0,752.8,5223,0.0403,0.028,1.3884,0.0336,340,0.0768,0.0291,1.4268,0.0,1.2262,1.4396,1.175,1.5533,0.3373,0.2343,11.6135,0.2809,110.3869,2.49,2.29,97.77,5,764,13.1972,0.29,0.11,5.39,0,46,340,12.1765,50,a,5,26,31
591385,Amissah,Fulham,DEF,0,0,0,0,0.0,0,0.0,0.0,0.0,0.0,0,0.0,0.0,0.0,0.0,1.2262,1.4396,1.175,1.5533,0.0,0.0,0.0,0.0,0.0,0.0,0.0,0.0,0,0,0.0,0.0,0.0,0.0,0,0,0,0.0,40,a,0,0,0
100041800,Silva,Fulham,UNK,0,0,0,0,0.0,0,0.0,0.0,0.0,0.0,0,0.0,0.0,0.0,0.0,1.2262,1.4396,1.175,1.5533,0.0,0.0,0.0,0.0,0.0,0.0,0.0,0.0,0,0,0.0,0.0,0.0,0.0,0,0,0,0.0,11,a,0,0,0
47431,Willian,Fulham,MID,251,2,8,0,154.8,2299,0.1088,0.2818,1.524,0.0087,95,0.1421,0.4263,1.1463,0.0,1.2262,1.4396,1.175,1.5533,0.1871,0.4847,2.6212,0.0149,33.2486,5.37,5.4,39.71,6,444,19.3306,0.15,0.45,1.21,0,22,95,20.8421,50,a,8,2,10
474120,Enciso,Ipswich,MID,1155,14,11,0,566.7,1623,0.1914,0.0897,1.7641,0.5282,365,0.1504,0.0197,1.7655,0.4932,0.9026,1.7773,0.7067,1.5283,1.205,0.5646,11.108,3.326,101.5719,4.2,2.6,31.81,5,286,16.1311,0.61,0.08,7.16,2,52,365,12.8219,54,a,11,14,25
462387,Al-Hamadi,Ipswich,FWD,125,0,11,0,15.5,125,0.3246,0.0221,3.1094,0.0,0,0.0,0.0,0.0,0.0,0.9026,1.7773,0.7067,1.5283,0.0559,0.0038,0.5355,0.0,2.0868,0.35,0.04,3.84,0,15,12.1169,0.0,0.0,0.0,0,0,0,0.0,47,u,11,0,11
517178,Baggott,Ipswich,DEF,0,0,0,0,0.0,0,0.0,0.0,0.0,0.0,0,0.0,0.0,0.0,0.0,0.9026,1.7773,0.7067,1.5283,0.0,0.0,0.0,0.0,0.0,0.0,0.0,0.0,0,0,0.0,0.0,0.0,0.0,0,0,0,0.0,40,u,0,0,0
173818,Broadhead,Ipswich,MID,690,7,11,0,282.1,690,0.2135,0.0858,1.5592,0.319,96,0.1875,0.0188,0.9469,0.9375,0.9026,1.7773,0.7067,1.5283,0.6692,0.2688,4.8873,1.0,64.0984,1.74,1.05,11.719999999999999,1,137,20.4497,0.2,0.02,1.01,1,29,96,27.1875,49,a,11,7,18
122411,Burgess,Ipswich,DEF,1540,16,2,0,525.7,1540,0.0689,0.0152,1.9371,0.0,325,0.0997,0.0083,1.6726,0.0,0.9026,1.7773,0.7067,1.5283,0.4027,0.0886,11.3148,0.0,42.9777,1.08,0.34,35.17,0,122,7.3578,0.36,0.03,6.04,0,28,325,7.7538,38,a,2,16,18
149929,Burns,Ipswich,MID,922,12,6,0,111.2,922,0.0532,0.0994,2.1168,0.0,0,0.0,0.0,0.0,0.0,0.9026,1.7773,0.7067,1.5283,0.0657,0.1228,2.6154,0.0,18.3054,0.5,1.17,23.62,0,144,14.8155,0.0,0.0,0.0,0,0,0,0.0,47,i,6,12,18
196411,Chaplin,Ipswich,MID,845,10,12,0,268.9,845,0.1579,0.0435,1.4066,0.0,231,0.1325,0.0273,0.9623,0.0,0.9026,1.7773,0.7067,1.5283,0.4717,0.1299,4.2026,0.0,30.4143,1.52,0.61,17.93,0,139,10.1796,0.33999999999999997,0.07,2.4699999999999998,0,21,231,8.1818,51,a,12,10,22
232228,H.Clarke,Ipswich,DEF,377,4,3,0,48.2,377,0.0187,0.0217,2.0201,0.0,0,0.0,0.0,0.0,0.0,0.9026,1.7773,0.7067,1.5283,0.01,0.0116,1.0819,0.0,0.2641,0.08,0.1,9.1,0,-5,0.4931,0.0,0.0,0.0,0,0,0,0.0,40,u,3,4,7
455084,Davis,Ipswich,DEF,2742,32,1,0,644.1,2742,0.0288,0.1545,1.7684,0.0469,211,0.0384,0.2389,1.3308,0.0,0.9026,1.7773,0.7067,1.5283,0.206,1.106,12.656,0.3357,10.6103,0.98,4.74,60.7,5,174,1.4826,0.09,0.56,3.12,0,-18,211,-7.6777,42,a,1,32,33
463034,Delap,Ipswich,FWD,2587,32,5,0,679.2,2587,0.284,0.0373,1.7847,0.7493,245,0.1176,0.0147,1.5943,0.0,0.9026,1.7773,0.7067,1.5283,2.1433,0.2813,13.4685,5.6545,112.6618,9.44,1.3800000000000001,53.6,22,472,14.9287,0.32,0.04,4.34,0,14,245,5.1429,56,a,5,32,37
214964,Edmundson,Ipswich,DEF,1,0,1,0,0.0,1,0.0,0.0,0.0,0.0,0,0.0,0.0,0.0,0.0,0.9026,1.7773,0.7067,1.5283,0.0,0.0,0.0,0.0,0.1326,0.0,0.0,0.0,0,3,0.0,0.0,0.0,0.0,0,0,0,0.0,40,u,1,0,1
449429,Greaves,Ipswich,DEF,2205,25,0,0,762.7,2205,0.0464,0.0112,1.6198,0.0,540,0.0117,0.01,1.5283,0.0,0.9026,1.7773,0.7067,1.5283,0.3936,0.0951,13.7267,0.0,49.0964,1.31,0.21000000000000002,45.51,0,171,5.7935,0.07,0.06,9.17,0,27,540,4.5,38,a,0,25,25
167191,Harness,Ipswich,MID,43,0,2,0,1.8,43,0.0,0.105,2.785,0.0,0,0.0,0.0,0.0,0.0,0.9026,1.7773,0.7067,1.5283,0.0,0.0021,0.0557,0.0,0.1731,0.0,0.05,1.3599999999999999,0,4,8.655,0.0,0.0,0.0,0,0,0,0.0,49,u,2,0,2
222625,Hirst,Ipswich,FWD,645,5,21,0,337.0,645,0.2636,0.0294,1.6952,0.2492,290,0.2824,0.0372,1.5052,0.3103,0.9026,1.7773,0.7067,1.5283,0.9872,0.1102,6.3475,0.9332,61.5216,2.14,0.24,15.41,3,157,16.4301,0.91,0.12,4.8500000000000005,1,39,290,12.1034,54,a,21,5,26
524180,Humphreys,Ipswich,MID,0,0,0,0,0.0,0,0.0,0.0,0.0,0.0,0,0.0,0.0,0.0,0.0,0.9026,1.7773,0.7067,1.5283,0.0,0.0,0.0,0.0,0.0,0.0,0.0,0.0,0,0,0.0,0.0,0.0,0.0,0,0,0,0.0,45,u,0,0,0
503301,Hutchinson,Ipswich,MID,2585,30,1,0,692.2,2585,0.1299,0.1228,1.449,0.1525,360,0.1475,0.205,0.9425,0.0,0.9026,1.7773,0.7067,1.5283,0.9988,0.9446,11.1444,1.1726,108.2272,2.93,2.46,51.04,6,352,14.0717,0.5900000000000001,0.82,3.77,0,60,360,15.0,52,a,1,30,31
222018,Johnson,Ipswich,DEF,1346,14,9,0,397.4,1884,0.0925,0.069,2.3201,0.2693,131,0.0,0.0069,2.1092,0.0,0.9026,1.7773,0.7067,1.5283,0.4083,0.3045,10.2446,1.1892,1.1491,1.31,0.94,50.92,2,113,0.2602,0.0,0.01,3.07,0,-28,131,-19.2366,38,a,9,14,23
94926,Ladapo,Ipswich,FWD,0,0,0,0,0.0,0,0.0,0.0,0.0,0.0,0,0.0,0.0,0.0,0.0,0.9026,1.7773,0.7067,1.5283,0.0,0.0,0.0,0.0,0.0,0.0,0.0,0.0,0,0,0.0,0.0,0.0,0.0,0,0,0,0.0,45,u,0,0,0
106606,Luongo,Ipswich,MID,195,2,9,0,27.8,195,0.0,0.0081,3.0775,0.0,16,0.0,0.0,3.0375,0.0,0.9026,1.7773,0.7067,1.5283,0.0,0.0025,0.9506,0.0,15.0494,0.0,0.01,6.840000000000001,0,47,48.7211,0.0,0.0,0.54,0,14,16,78.75,43,a,9,2,11
74944,Morsy,Ipswich,MID,2749,31,2,0,830.0,2749,0.0158,0.0563,1.7403,0.0412,511,0.0211,0.0757,1.5939,0.0,0.9026,1.7773,0.7067,1.5283,0.1457,0.519,16.0496,0.3798,127.6993,0.45,1.51,58.21,5,421,13.8469,0.12000000000000001,0.43,9.05,0,89,511,15.6751,48,a,2,31,33
246265,Ndaba,Ipswich,DEF,0,0,0,0,0.0,0,0.0,0.0,0.0,0.0,0,0.0,0.0,0.0,0.0,0.9026,1.7773,0.7067,1.5283,0.0,0.0,0.0,0.0,0.0,0.0,0.0,0.0,0,0,0.0,0.0,0.0,0.0,0,0,0,0.0,40,u,0,0,0
434044,Slicker,Ipswich,GK,0,0,0,0,0.0,0,0.0,0.0,0.0,0.0,0,0.0,0.0,0.0,0.0,0.9026,1.7773,0.7067,1.5283,0.0,0.0,0.0,0.0,0.0,0.0,0.0,0.0,0,0,0.0,0.0,0.0,0.0,0,0,0,0.0,39,a,0,0,0
231899,Taylor,Ipswich,MID,837,4,28,0,342.4,837,0.0479,0.0322,1.6465,0.0391,302,0.0358,0.0119,1.4245,0.0,0.9026,1.7773,0.7067,1.5283,0.1823,0.1225,6.2639,0.1487,50.865,0.75,0.77,16.28,1,144,13.3699,0.12,0.04,4.78,0,35,302,10.4305,48,a,28,4,32
180804,Tuanzebe,Ipswich,DEF,1710,20,2,0,599.0,1710,0.0032,0.0231,1.5463,0.0,355,0.0,0.0304,1.4628,0.0,0.9026,1.7773,0.7067,1.5283,0.0213,0.1539,10.2917,0.0,22.3176,0.21000000000000002,0.26,32.01,0,80,3.3532,0.0,0.12,5.77,0,13,355,3.2958,39,a,2,20,22
108813,Walton,Ipswich,GK,630,7,0,0,197.6,630,0.0,0.0,1.5912,0.1756,90,0.0,0.0,1.01,0.0,0.9026,1.7773,0.7067,1.5283,0.0,0.0,3.4935,0.3856,9.5068,0.0,0.0,13.879999999999999,2,42,4.33,0.0,0.0,1.01,0,4,90,4.0,43,a,0,7,7
220583,Woolfenden,Ipswich,DEF,1187,12,3,0,335.5,1187,0.0004,0.0007,1.8709,0.0,180,0.0,0.0,1.7,0.0,0.9026,1.7773,0.7067,1.5283,0.0014,0.0025,6.9742,0.0,25.1969,0.03,0.02,26.46,0,93,6.7592,0.0,0.0,3.4000000000000004,0,11,180,5.5,39,a,3,12,15
155405,Phillips,Ipswich,MID,1231,14,5,0,264.5,1625,0.0263,0.033,1.9392,0.0,22,0.0409,0.0,0.2045,0.0,0.9026,1.7773,0.7067,1.5283,0.0772,0.0971,5.6991,0.0,35.5466,0.67,0.57,37.96,0,194,12.0953,0.01,0.0,0.05,0,4,22,16.3636,48,i,5,14,19
232917,Muric,Ipswich,GK,1620,18,0,0,191.0,2520,0.0,0.001,1.8855,0.3287,0,0.0,0.0,0.0,0.0,0.9026,1.7773,0.7067,1.5283,0.0,0.0022,4.0015,0.6976,24.0604,0.0,0.06,56.55,17,427,11.3374,0.0,0.0,0.0,0,0,0,0.0,44,i,0,18,18
481624,Jaden,Ipswich,MID,796,7,14,0,203.8,799,0.3651,0.0348,1.7792,0.5108,0,0.0,0.0,0.0,0.0,0.9026,1.7773,0.7067,1.5283,0.8267,0.0787,4.0288,1.1567,39.8141,2.43,0.33999999999999997,15.059999999999999,3,119,17.5823,0.0,0.0,0.0,0,0,0,0.0,53,i,14,7,21
108053,Townsend,Ipswich,DEF,334,3,3,0,146.8,334,0.0101,0.0555,2.1816,0.0,0,0.0,0.0,0.0,0.0,0.9026,1.7773,0.7067,1.5283,0.0164,0.0905,3.5584,0.0,18.2068,0.03,0.24000000000000002,8.13,0,43,11.1622,0.0,0.0,0.0,0,0,0,0.0,39,d,3,3,6
172453,Szmodics,Ipswich,MID,988,13,7,0,115.4,988,0.2616,0.0483,1.8856,0.1504,12,0.0,0.075,0.6,0.0,0.9026,1.7773,0.7067,1.5283,0.3354,0.0619,2.4178,0.1928,24.8118,3.44,0.45,23.27,2,167,19.3506,0.0,0.01,0.08,0,6,12,45.0,57,a,7,13,20
454667,Cajuste,Ipswich,MID,1960,25,5,0,684.0,1960,0.0458,0.0418,1.831,0.1207,265,0.0577,0.0442,1.5623,0.0,0.9026,1.7773,0.7067,1.5283,0.3479,0.3178,13.9156,0.917,118.6239,0.68,0.73,43.97,2,309,15.6084,0.17,0.13,4.6000000000000005,0,45,265,15.283,45,a,5,25,30
216616,O'Shea,Ipswich,DEF,3122,35,0,0,1054.9,6014,0.0342,0.0259,1.7795,0.0059,540,0.0217,0.005,1.5283,0.0,0.9026,1.7773,0.7067,1.5283,0.4006,0.3032,20.8574,0.0692,75.0632,2.03,1.57,129.83,3,709,6.4041,0.13,0.03,9.17,0,25,540,4.1667,38,a,0,35,35
443261,J.Clarke,Ipswich,MID,1161,12,20,0,393.5,1161,0.0755,0.0703,1.8021,0.0,218,0.0826,0.0619,1.4326,0.0,0.9026,1.7773,0.7067,1.5283,0.3302,0.3073,7.8793,0.0,72.2172,1.1700000000000002,1.11,27.25,0,221,16.5173,0.2,0.15000000000000002,3.47,0,33,218,13.6239,54,a,20,12,32
229164,Ogbene,Ipswich,MID,237,3,2,0,26.7,2224,0.1119,0.0667,1.4144,0.1449,0,0.0,0.0,0.0,0.0,0.9026,1.7773,0.7067,1.5283,0.0332,0.0198,0.4196,0.043,4.5062,4.47,3.55,48.66,7,416,15.1894,0.0,0.0,0.0,0,0,0,0.0,48,i,2,3,5
198826,Godfrey,Ipswich,DEF,158,2,1,0,80.4,1278,0.0194,0.0122,3.3538,0.0,50,0.0,0.0,4.176,0.0,0.9026,1.7773,0.7067,1.5283,0.0173,0.0109,2.9961,0.0,-9.1401,1.76,0.57,24.95,0,139,-10.2315,0.0,0.0,2.32,0,-8,50,-14.4,40,a,1,2,3
100047417,McKenna,Ipswich,UNK,0,0,0,0,0.0,0,0.0,0.0,0.0,0.0,0,0.0,0.0,0.0,0.0,0.9026,1.7773,0.7067,1.5283,0.0,0.0,0.0,0.0,0.0,0.0,0.0,0.0,0,0,0.0,0.0,0.0,0.0,0,0,0,0.0,5,a,0,0,0
112520,Palmer,Ipswich,GK,1170,13,0,0,672.0,1170,0.0,0.0,1.8092,0.0,450,0.0,0.0,1.632,0.0,0.9026,1.7773,0.7067,1.5283,0.0,0.0,13.5088,0.0,54.6522,0.0,0.0,24.64,0,94,7.3195,0.0,0.0,8.16,0,30,450,6.0,45,a,0,13,13
547693,Boniface,Ipswich,DEF,0,0,0,0,0.0,0,0.0,0.0,0.0,0.0,0,0.0,0.0,0.0,0.0,0.9026,1.7773,0.7067,1.5283,0.0,0.0,0.0,0.0,0.0,0.0,0.0,0.0,0,0,0.0,0.0,0.0,0.0,0,0,0,0.0,40,a,0,0,0
592712,Tom Taylor,Ipswich,MID,0,0,0,0,0.0,0,0.0,0.0,0.0,0.0,0,0.0,0.0,0.0,0.0,0.9026,1.7773,0.7067,1.5283,0.0,0.0,0.0,0.0,0.0,0.0,0.0,0.0,0,0,0.0,0.0,0.0,0.0,0,0,0,0.0,45,a,0,0,0
536916,Buonanotte,Leicester,MID,1508,14,17,0,335.3,2864,0.198,0.1088,1.5783,0.538,121,0.2678,0.0446,1.7331,1.4876,0.7924,1.8612,0.8367,1.605,0.7375,0.4054,5.8801,2.0042,63.7714,6.3500000000000005,3.45,50.37,7,459,17.1173,0.36,0.06,2.33,2,40,121,29.7521,45,a,17,14,31
80146,J.Ayew,Leicester,MID,1649,19,12,0,516.8,4189,0.1262,0.0812,1.5656,0.0693,327,0.1018,0.0743,1.5743,0.0,0.7924,1.8612,0.8367,1.605,0.7246,0.4661,8.9901,0.3981,87.5152,7.69,4.05,67.1,6,604,15.2407,0.37,0.27,5.72,0,62,327,17.0642,51,a,12,19,31
199670,Edouard,Leicester,FWD,141,1,5,0,13.5,1686,0.282,0.0553,1.8533,0.1207,0,0.0,0.0,0.0,0.0,0.7924,1.8612,0.8367,1.605,0.0423,0.0083,0.278,0.0181,2.0799,6.72,0.93,24.26,9,260,13.866,0.0,0.0,0.0,0,0,0,0.0,51,a,5,1,6
225902,B.Soumaré,Leicester,MID,2165,25,6,0,786.6,2165,0.009,0.0329,1.9615,0.0,351,0.0,0.0231,1.7231,0.0,0.7924,1.8612,0.8367,1.605,0.0786,0.2875,17.1433,0.0,122.7841,0.29,0.94,46.48,0,327,14.0485,0.0,0.09000000000000001,6.72,0,52,351,13.3333,44,a,6,25,31
461416,Cannon,Leicester,FWD,0,0,0,0,0.0,1,0.0,0.0,0.0,0.0,0,0.0,0.0,0.0,0.0,0.7924,1.8612,0.8367,1.605,0.0,0.0,0.0004,0.0,0.0038,0.0,0.0,0.28,0,3,0.0,0.0,0.0,0.0,0,0,0,0.0,45,u,0,0,0
197469,Choudhury,Leicester,MID,129,1,3,0,19.2,129,0.0,0.143,3.3225,0.0,0,0.0,0.0,0.0,0.0,0.7924,1.8612,0.8367,1.605,0.0,0.0305,0.7088,0.0,4.2951,0.0,0.19,5.28,0,29,20.1333,0.0,0.0,0.0,0,0,0,0.0,44,u,3,1,4
94147,Coady,Leicester,DEF,1712,19,3,0,780.9,1712,0.0487,0.011,1.9057,0.2834,540,0.0867,0.0,1.605,0.5,0.7924,1.8612,0.8367,1.605,0.4225,0.0958,16.5351,2.4592,89.3438,0.52,0.48000000000000004,38.75,3,144,10.297,0.52,0.0,9.629999999999999,3,89,540,14.8333,40,a,3,19,22
245419,Daka,Leicester,FWD,717,6,17,0,305.0,717,0.1482,0.0081,2.1516,0.0738,114,0.0,0.0158,1.9026,0.0,0.7924,1.8612,0.8367,1.605,0.5021,0.0276,7.2915,0.25,36.4388,1.25,0.06,17.37,2,108,10.7524,0.0,0.02,2.41,0,18,114,14.2105,48,a,17,6,23
96994,De Cordova-Reid,Leicester,MID,734,9,14,0,218.4,2144,0.0639,0.0135,1.7271,0.1272,105,0.0343,0.0,2.0657,0.0,0.7924,1.8612,0.8367,1.605,0.1551,0.0327,4.1911,0.3087,32.0905,5.34,1.26,43.4,9,435,13.2241,0.04,0.0,2.41,0,5,105,4.2857,52,i,14,9,23
218218,Faes,Leicester,DEF,2812,30,4,0,905.1,2812,0.0369,0.0077,1.7478,0.1679,540,0.0283,0.0033,1.605,0.3333,0.7924,1.8612,0.8367,1.605,0.3715,0.0778,17.5766,1.6881,96.5027,1.52,0.4,58.54,2,241,9.5959,0.17,0.02,9.629999999999999,2,83,540,13.8333,38,a,4,30,34
549640,Golding,Leicester,MID,1,0,1,0,0.8,1,0.0,0.0,0.0,0.0,1,0.0,0.0,0.0,0.0,0.7924,1.8612,0.8367,1.605,0.0,0.0,0.0,0.0,2.3133,0.0,0.0,0.0,0,3,260.2462,0.0,0.0,0.0,0,3,1,270.0,44,a,1,0,1
467189,Hermansen,Leicester,GK,2385,27,0,0,585.4,2385,0.0,0.0007,2.2027,0.0646,180,0.0,0.0,2.295,0.0,0.7924,1.8612,0.8367,1.605,0.0,0.0045,14.3276,0.4204,48.0452,0.0,0.02,55.09,1,231,7.3865,0.0,0.0,4.59,0,23,180,11.5,44,i,0,27,27
207270,Iversen,Leicester,GK,0,0,0,0,0.0,0,0.0,0.0,0.0,0.0,0,0.0,0.0,0.0,0.0,0.7924,1.8612,0.8367,1.605,0.0,0.0,0.0,0.0,0.0,0.0,0.0,0.0,0,0,0.0,0.0,0.0,0.0,0,0,0,0.0,39,a,0,0,0
220627,Justin,Leicester,DEF,2912,34,2,0,844.4,2912,0.0276,0.0299,1.8495,0.3899,385,0.0047,0.0304,1.3535,0.9351,0.7924,1.8612,0.8367,1.605,0.2589,0.2809,17.3528,3.6584,85.1344,1.47,0.8,63.68,6,218,9.074,0.02,0.13,5.79,4,79,385,18.4675,41,a,2,34,36
481510,Kristiansen,Leicester,DEF,2481,29,1,0,561.2,2481,0.006,0.051,1.9433,0.0,101,0.0,0.0089,1.6307,0.0,0.7924,1.8612,0.8367,1.605,0.0375,0.318,12.1176,0.0,15.9447,0.13,1.74,54.38,0,153,2.5571,0.0,0.01,1.83,0,-1,101,-0.8911,44,a,1,29,30
461584,Marcal,Leicester,MID,0,0,0,0,0.0,0,0.0,0.0,0.0,0.0,0,0.0,0.0,0.0,0.0,0.7924,1.8612,0.8367,1.605,0.0,0.0,0.0,0.0,0.0,0.0,0.0,0.0,0,0,0.0,0.0,0.0,0.0,0,0,0,0.0,45,u,0,0,0
154048,Mavididi,Leicester,MID,1606,16,14,0,338.7,1606,0.0925,0.115,2.2887,0.3617,84,0.0,0.0429,2.7536,0.0,0.7924,1.8612,0.8367,1.605,0.348,0.4326,8.613,1.3611,60.8594,1.85,3.25,36.71,5,270,16.1717,0.0,0.04,2.57,0,8,84,8.5714,50,i,14,16,30
461587,McAteer,Leicester,MID,846,9,9,0,427.3,846,0.0907,0.0816,1.8892,0.0,368,0.0929,0.0685,1.4527,0.0,0.7924,1.8612,0.8367,1.605,0.4307,0.3875,8.9694,0.0,58.3214,0.99,0.63,20.07,0,125,12.2839,0.38,0.28,5.9399999999999995,0,51,368,12.4728,47,a,9,9,18
203341,Ndidi,Leicester,MID,2325,28,0,0,733.4,2325,0.0601,0.0363,1.8851,0.0065,439,0.0574,0.0205,1.5909,0.0,0.7924,1.8612,0.8367,1.605,0.4894,0.296,15.3615,0.0526,117.8839,2.12,1.53,49.32,1,375,14.4663,0.28,0.1,7.76,0,77,439,15.7859,49,a,0,28,28
473341,Okoli,Leicester,DEF,1122,12,7,0,197.2,1122,0.1337,0.0227,2.3536,0.0311,1,0.0,0.0,1.8,0.0,0.7924,1.8612,0.8367,1.605,0.293,0.0498,5.157,0.0682,20.9855,0.62,0.16999999999999998,27.72,1,106,9.5776,0.0,0.0,0.02,0,3,1,270.0,40,a,7,12,19
111931,Ricardo,Leicester,DEF,382,4,6,0,174.7,382,0.0215,0.014,1.8966,0.0,171,0.0,0.0053,2.2526,0.0,0.7924,1.8612,0.8367,1.605,0.0418,0.0272,3.6816,0.0,22.6088,0.09,0.07,7.119999999999999,0,46,11.6473,0.0,0.01,4.279999999999999,0,16,171,8.4211,41,a,6,4,10
194190,Souttar,Leicester,DEF,0,0,0,0,0.0,0,0.0,0.0,0.0,0.0,0,0.0,0.0,0.0,0.0,0.7924,1.8612,0.8367,1.605,0.0,0.0,0.0,0.0,0.0,0.0,0.0,0.0,0,0,0.0,0.0,0.0,0.0,0,0,0,0.0,40,u,0,0,0
436680,Stolarczyk,Leicester,GK,900,10,0,0,437.5,900,0.0,0.0,1.389,0.0,360,0.0,0.0,1.26,0.0,0.7924,1.8612,0.8367,1.605,0.0,0.0,6.7519,0.0,62.2207,0.0,0.0,14.83,0,104,12.7997,0.0,0.0,5.04,0,60,360,15.0,40,a,0,10,10
244619,Thomas,Leicester,DEF,1109,13,1,0,650.2,2025,0.0339,0.0453,1.9562,0.0,507,0.0426,0.0497,1.6154,0.0,0.7924,1.8612,0.8367,1.605,0.245,0.3272,14.1322,0.0,99.9492,0.89,0.67,46.78,0,224,13.8349,0.24,0.28,9.1,0,99,507,17.574,39,a,1,13,14
101668,Vardy,Leicester,FWD,2825,35,0,0,826.6,2825,0.3303,0.0553,1.9239,0.6311,404,0.3921,0.02,1.5082,1.1139,0.7924,1.8612,0.8367,1.605,3.0335,0.5082,17.6698,5.7967,134.1697,11.23,2.55,63.1,18,464,14.6084,1.76,0.09000000000000001,6.7700000000000005,5,89,404,19.8267,54,a,0,35,35
93100,Vestergaard,Leicester,DEF,1390,16,2,0,249.9,1390,0.012,0.0042,1.6077,0.0,0,0.0,0.0,0.0,0.0,0.7924,1.8612,0.8367,1.605,0.0332,0.0118,4.4641,0.0,14.452,0.11000000000000001,0.08,25.05,0,86,5.2048,0.0,0.0,0.0,0,0,0,0.0,39,a,2,16,18
95463,Ward,Leicester,GK,135,1,1,0,21.3,135,0.0,0.0,2.1642,0.0,0,0.0,0.0,0.0,0.0,0.7924,1.8612,0.8367,1.605,0.0,0.0,0.5122,0.0,-0.7971,0.0,0.0,3.35,0,-5,-3.368,0.0,0.0,0.0,0,0,0,0.0,39,a,1,1,2
157668,Winks,Leicester,MID,1536,17,5,0,224.9,1536,0.014,0.0633,1.6635,0.0,0,0.0,0.0,0.0,0.0,0.7924,1.8612,0.8367,1.605,0.0349,0.1582,4.1569,0.0,43.5114,0.23,1.53,29.48,0,282,17.4123,0.0,0.0,0.0,0,0,0,0.0,43,a,5,17,22
209042,Skipp,Leicester,MID,1118,10,14,0,356.0,1809,0.0648,0.014,1.6057,0.0,274,0.0788,0.0099,1.4321,0.0,0.7924,1.8612,0.8367,1.605,0.2563,0.0554,6.3514,0.0,34.1001,1.1400000000000001,0.8200000000000001,43.31,0,226,8.6208,0.24,0.030000000000000002,4.36,0,26,274,8.5401,47,a,14,10,24
531442,A.Fatawu,Leicester,MID,576,6,5,0,38.7,576,0.0656,0.2123,1.5926,0.2828,0,0.0,0.0,0.0,0.0,0.7924,1.8612,0.8367,1.605,0.0282,0.0913,0.6848,0.1216,7.9405,0.41000000000000003,1.42,11.0,3,125,18.4663,0.0,0.0,0.0,0,0,0,0.0,51,i,5,6,11
532534,Alves,Leicester,MID,1,0,1,0,0.2,1,0.0,0.0,0.0,0.0,0,0.0,0.0,0.0,0.0,0.7924,1.8612,0.8367,1.605,0.0,0.0,0.0,0.0,0.5783,0.0,0.0,0.0,0,3,260.235,0.0,0.0,0.0,0,0,0,0.0,44,u,1,0,1
501770,Nelson,Leicester,DEF,0,0,0,0,0.0,0,0.0,0.0,0.0,0.0,0,0.0,0.0,0.0,0.0,0.7924,1.8612,0.8367,1.605,0.0,0.0,0.0,0.0,0.0,0.0,0.0,0.0,0,0,0.0,0.0,0.0,0.0,0,0,0,0.0,40,u,0,0,0
513527,El Khannouss,Leicester,MID,2179,27,5,0,815.0,2179,0.067,0.1256,1.899,0.1673,435,0.0972,0.1531,1.5434,0.0,0.7924,1.8612,0.8367,1.605,0.6065,1.1373,17.1963,1.5149,142.1176,1.29,2.85,48.23,6,376,15.694,0.47000000000000003,0.74,7.46,0,84,435,17.3793,48,a,5,27,32
531997,Cartwright,Leicester,MID,0,0,0,0,0.0,0,0.0,0.0,0.0,0.0,0,0.0,0.0,0.0,0.0,0.7924,1.8612,0.8367,1.605,0.0,0.0,0.0,0.0,0.0,0.0,0.0,0.0,0,0,0.0,0.0,0.0,0.0,0,0,0,0.0,45,a,0,0,0
532535,Wilson-Brown,Leicester,DEF,0,0,0,0,0.0,0,0.0,0.0,0.0,0.0,0,0.0,0.0,0.0,0.0,0.7924,1.8612,0.8367,1.605,0.0,0.0,0.0,0.0,0.0,0.0,0.0,0.0,0,0,0.0,0.0,0.0,0.0,0,0,0,0.0,40,u,0,0,0
488439,Coulibaly,Leicester,DEF,107,1,3,0,35.6,107,0.0356,0.0336,2.0617,0.0,0,0.0,0.0,0.0,0.0,0.7924,1.8612,0.8367,1.605,0.0141,0.0133,0.8155,0.0,-1.7964,0.04,0.04,2.48,0,-4,-4.5415,0.0,0.0,0.0,0,0,0,0.0,40,a,3,1,4
100050995,Van Nistelrooy,Leicester,UNK,0,0,0,0,0.0,0,0.0,0.0,0.0,0.0,0,0.0,0.0,0.0,0.0,0.7924,1.8612,0.8367,1.605,0.0,0.0,0.0,0.0,0.0,0.0,0.0,0.0,0,0,0.0,0.0,0.0,0.0,0,0,0,0.0,5,a,0,0,0
649208,Monga,Leicester,MID,105,0,7,0,85.1,105,0.1528,0.0203,1.4356,0.0,89,0.1719,0.0202,1.3348,0.0,0.7924,1.8612,0.8367,1.605,0.1445,0.0192,1.3574,0.0,23.7627,0.16999999999999998,0.02,1.67,0,29,25.1309,0.16999999999999998,0.02,1.32,0,28,89,28.3146,45,a,7,0,7
619146,Olabade Aluko,Leicester,DEF,1,0,1,0,1.0,1,0.0,0.0,3.6,0.0,1,0.0,0.0,3.6,0.0,0.7924,1.8612,0.8367,1.605,0.0,0.0,0.04,0.0,3.0,0.0,0.0,0.04,0,3,270.0,0.0,0.0,0.04,0,3,1,270.0,40,a,1,0,1
630664,Jake Evans,Leicester,MID,21,0,4,0,18.4,21,0.0,0.0,0.9122,0.0,20,0.0,0.0,0.9,0.0,0.7924,1.8612,0.8367,1.605,0.0,0.0,0.1865,0.0,10.7651,0.0,0.0,0.2,0,13,52.6554,0.0,0.0,0.2,0,10,20,45.0,45,a,4,0,4
519223,Braybrooke,Leicester,MID,0,0,0,0,0.0,0,0.0,0.0,0.0,0.0,0,0.0,0.0,0.0,0.0,0.7924,1.8612,0.8367,1.605,0.0,0.0,0.0,0.0,0.0,0.0,0.0,0.0,0,0,0.0,0.0,0.0,0.0,0,0,0,0.0,45,a,0,0,0
116535,A.Becker,Liverpool,GK,2508,28,0,0,904.1,5028,0.0,0.0032,1.3005,0.1503,540,0.0,0.0,1.6867,0.0,2.2776,1.2659,2.155,1.6867,0.0,0.0324,13.0641,1.51,155.7707,0.0,0.2,62.31,18,1026,15.5064,0.0,0.0,10.120000000000001,0,92,540,15.3333,55,a,0,28,28
169187,Alexander-Arnold,Liverpool,DEF,2362,28,5,0,569.4,4515,0.0936,0.2473,0.9964,0.2721,218,0.1197,0.2683,1.5399,0.0,2.2776,1.2659,2.155,1.6867,0.5922,1.5646,6.3041,1.7214,137.4071,4.59,13.04,49.63,32,1193,21.7187,0.29,0.65,3.7299999999999995,0,41,218,16.9266,72,a,5,28,33
535928,Bajcetic,Liverpool,MID,0,0,0,0,0.6,25,0.0,0.0,2.91,0.0,0,0.0,0.0,0.0,0.0,2.2776,1.2659,2.155,1.6867,0.0,0.0,0.0194,0.0,0.0663,0.0,0.0,0.88,0,3,9.945,0.0,0.0,0.0,0,0,0,0.0,45,u,0,0,0
492777,Bradley,Liverpool,DEF,744,7,12,0,361.8,1496,0.054,0.2559,1.6504,0.4602,290,0.0434,0.3507,1.7286,0.0,2.2776,1.2659,2.155,1.6867,0.2169,1.0288,6.6347,1.8501,79.7426,1.61,2.67,19.87,10,371,19.8365,0.14,1.13,5.57,0,47,290,14.5862,47,a,12,7,19
491970,Clark,Liverpool,MID,0,0,0,0,0.8,86,0.1575,0.0113,1.53,0.0,0,0.0,0.0,0.0,0.0,2.2776,1.2659,2.155,1.6867,0.0014,0.0001,0.0136,0.0,0.0492,0.14,0.01,1.75,0,7,5.535,0.0,0.0,0.0,0,0,0,0.0,45,u,0,0,0
447203,Darwin,Liverpool,FWD,1113,8,22,0,285.2,3146,0.6213,0.0619,1.7264,0.5438,118,0.6559,0.0839,3.0737,0.0,2.2776,1.2659,2.155,1.6867,1.9689,0.196,5.4707,1.7234,54.7075,21.99,4.88,42.18,15,641,17.2639,0.8600000000000001,0.11,4.03,0,11,118,8.3898,70,a,22,8,30
194634,Diogo J.,Liverpool,MID,1182,14,12,0,357.0,2323,0.5713,0.058,1.1388,0.163,148,0.6811,0.0,1.5264,0.0,2.2776,1.2659,2.155,1.6867,2.2663,0.2301,4.5173,0.6466,43.1714,13.22,2.84,26.96,11,553,10.8835,1.12,0.0,2.51,0,-8,148,-4.8649,72,a,12,14,26
496208,Doak,Liverpool,MID,0,0,0,0,0.0,13,0.0,0.0,0.0,0.0,0,0.0,0.0,0.0,0.0,2.2776,1.2659,2.155,1.6867,0.0,0.0,0.0001,0.0,0.0032,0.0,0.0,0.14,0,3,0.0,0.0,0.0,0.0,0,0,0,0.0,45,u,0,0,0
444884,Elliott,Liverpool,MID,359,2,16,0,237.0,1689,0.5272,0.1278,1.707,1.0801,203,0.6074,0.1108,1.9818,1.33,2.2776,1.2659,2.155,1.6867,1.3882,0.3366,4.495,2.8442,76.4932,4.5,5.32,25.43,11,522,29.0481,1.37,0.25,4.47,3,66,203,29.2611,52,a,16,2,18
158983,Endo,Liverpool,MID,259,1,19,0,153.1,1973,0.0029,0.0362,1.7728,0.0,116,0.0,0.0388,2.2112,0.0,2.2776,1.2659,2.155,1.6867,0.005,0.0616,3.0158,0.0,39.4227,0.51,1.62,26.67,0,332,23.1747,0.0,0.05,2.85,0,29,116,22.5,46,a,19,1,20
243298,Gakpo,Liverpool,FWD,1921,23,12,0,655.4,3554,0.2989,0.1902,1.2994,1.1645,433,0.2494,0.2099,1.6379,1.455,2.2776,1.2659,2.155,1.6867,2.1767,1.3854,9.4624,8.48,188.6082,16.19,6.47,45.410000000000004,34,981,25.8998,1.2,1.01,7.88,7,127,433,26.3972,72,a,12,23,35
171287,Gomez,Liverpool,DEF,517,6,3,0,87.0,2289,0.0398,0.0254,1.0142,0.0089,0,0.0,0.0,0.0,0.0,2.2776,1.2659,2.155,1.6867,0.0385,0.0246,0.9804,0.0086,13.5854,1.35,1.16,32.46,2,473,14.0539,0.0,0.0,0.0,0,0,0,0.0,47,a,3,6,9
441266,Gravenberch,Liverpool,MID,3160,37,0,0,921.3,4270,0.0312,0.0854,1.1167,0.0115,419,0.0387,0.0687,1.4134,0.0,2.2776,1.2659,2.155,1.6867,0.3198,0.8744,11.4315,0.1182,155.6313,3.21,4.85,48.11,4,744,15.2033,0.18,0.32,6.58,0,61,419,13.1026,50,s,0,37,37
206915,Jones,Liverpool,MID,1702,19,14,0,599.7,2858,0.1526,0.0908,1.5225,0.0617,296,0.0699,0.0456,2.3108,0.0,2.2776,1.2659,2.155,1.6867,1.0166,0.605,10.1446,0.4108,117.4918,7.08,2.5,42.769999999999996,6,567,17.6326,0.23,0.15000000000000002,7.6,0,56,296,17.027,53,a,14,19,33
200720,Kelleher,Liverpool,GK,900,10,0,0,169.5,1800,0.0,0.0001,0.9362,0.0466,0,0.0,0.0,0.0,0.0,2.2776,1.2659,2.155,1.6867,0.0,0.0001,1.7632,0.0877,27.723,0.0,0.01,21.419999999999998,4,354,14.7202,0.0,0.0,0.0,0,0,0,0.0,39,a,0,10,10
204716,Konaté,Liverpool,DEF,2561,30,1,0,835.3,4131,0.0576,0.0293,1.1147,0.2165,421,0.0385,0.0171,1.3831,0.6413,2.2776,1.2659,2.155,1.6867,0.5349,0.2716,10.3458,2.0097,137.7851,2.5,1.3800000000000001,48.09,6,802,14.8458,0.18,0.08,6.470000000000001,3,60,421,12.8266,53,a,1,30,31
244731,Luis Díaz,Liverpool,MID,2393,28,8,0,755.0,5018,0.5528,0.1718,1.1385,0.7402,338,0.7775,0.1331,1.4698,0.2663,2.2776,1.2659,2.155,1.6867,4.6376,1.4411,9.5508,6.2094,198.7307,23.98,9.07,59.66,30,1047,23.6898,2.92,0.5,5.52,1,82,338,21.8343,75,a,8,28,36
118748,M.Salah,Liverpool,MID,3374,38,0,0,1058.2,5905,0.5446,0.2469,1.2418,1.0709,540,0.4417,0.2617,1.6867,0.6667,2.2776,1.2659,2.155,1.6867,6.4036,2.9032,14.6008,12.5919,269.0669,45.59,16.46,70.05,79,1754,22.8842,2.65,1.57,10.120000000000001,4,73,540,12.1667,136,a,0,38,38
243016,Mac Allister,Liverpool,MID,2597,30,5,0,705.0,5197,0.1096,0.2262,0.9454,0.5179,217,0.0622,0.4355,1.2525,1.2442,2.2776,1.2659,2.155,1.6867,0.8583,1.7717,7.4056,4.0572,181.7036,6.48,10.46,61.37,20,1090,23.1962,0.15,1.05,3.02,3,81,217,33.5945,62,i,5,30,35
491501,McConnell,Liverpool,MID,0,0,0,0,0.0,3,0.0,0.0,0.0,0.0,0,0.0,0.0,0.0,0.0,2.2776,1.2659,2.155,1.6867,0.0,0.0,0.0,0.0,0.0488,0.0,0.0,0.01,0,8,0.0,0.0,0.0,0.0,0,0,0,0.0,43,a,0,0,0
440148,Morton,Liverpool,MID,0,0,0,0,0.0,0,0.0,0.0,0.0,0.0,0,0.0,0.0,0.0,0.0,2.2776,1.2659,2.155,1.6867,0.0,0.0,0.0,0.0,0.0,0.0,0.0,0.0,0,0,0.0,0.0,0.0,0.0,0,0,0,0.0,44,a,0,0,0
197464,N.Phillips,Liverpool,DEF,0,0,0,0,0.0,0,0.0,0.0,0.0,0.0,0,0.0,0.0,0.0,0.0,2.2776,1.2659,2.155,1.6867,0.0,0.0,0.0,0.0,0.0,0.0,0.0,0.0,0,0,0.0,0.0,0.0,0.0,0,0,0,0.0,40,u,0,0,0
441428,Quansah,Liverpool,DEF,488,4,9,0,230.3,1676,0.0329,0.019,2.1956,0.0496,180,0.0,0.005,2.665,0.0,2.2776,1.2659,2.155,1.6867,0.0843,0.0486,5.6184,0.127,12.4567,1.14,0.37,24.66,5,301,4.868,0.0,0.01,5.33,0,-2,180,-1.0,39,a,9,4,13
219937,R.Williams,Liverpool,DEF,0,0,0,0,0.0,0,0.0,0.0,0.0,0.0,0,0.0,0.0,0.0,0.0,2.2776,1.2659,2.155,1.6867,0.0,0.0,0.0,0.0,0.0,0.0,0.0,0.0,0,0,0.0,0.0,0.0,0.0,0,0,0,0.0,40,u,0,0,0
122798,Robertson,Liverpool,DEF,2479,29,4,0,684.8,4168,0.0537,0.1525,1.1048,0.1459,264,0.0784,0.1193,1.4352,0.0,2.2776,1.2659,2.155,1.6867,0.4084,1.1607,8.4065,1.1098,86.4784,3.02,8.67,49.730000000000004,12,860,11.3654,0.23,0.35,4.21,0,26,264,8.8636,58,a,4,29,33
424876,Szoboszlai,Liverpool,MID,2485,29,7,0,752.9,4587,0.2068,0.2514,1.1666,0.4562,371,0.131,0.3954,1.5865,0.2426,2.2776,1.2659,2.155,1.6867,1.7296,2.1034,9.7592,3.8161,195.8916,10.58,11.19,51.84,21,1042,23.4164,0.54,1.6300000000000001,6.54,1,122,371,29.5957,61,a,7,29,36
214285,Tsimikas,Liverpool,DEF,829,9,9,0,348.8,1504,0.051,0.2537,1.2992,0.3607,261,0.0931,0.2862,1.6207,0.6897,2.2776,1.2659,2.155,1.6867,0.1976,0.9834,5.0353,1.3978,74.6239,0.48000000000000004,3.58,17.490000000000002,7,418,19.255,0.27,0.8300000000000001,4.7,2,49,261,16.8966,46,a,9,9,18
97032,Virgil,Liverpool,DEF,3330,37,0,0,991.6,6507,0.066,0.0288,1.1635,0.257,450,0.102,0.036,1.584,0.2,2.2776,1.2659,2.155,1.6867,0.7274,0.3178,12.8195,2.8314,176.8044,5.1,2.02,81.85,16,1293,16.0472,0.51,0.18,7.92,1,75,450,15.0,67,a,0,37,37
223541,Chiesa,Liverpool,MID,103,1,5,0,70.3,103,0.1803,0.0795,2.2646,0.0,70,0.1157,0.0771,2.4557,0.0,2.2776,1.2659,2.155,1.6867,0.1408,0.0621,1.7689,0.0,10.4858,0.33999999999999997,0.15,2.8,0,16,13.4242,0.09,0.06,1.91,0,8,70,10.2857,68,a,5,1,6
432987,Jaros,Liverpool,GK,11,0,1,0,0.7,11,0.0,0.0,1.2214,0.0,0,0.0,0.0,0.0,0.0,2.2776,1.2659,2.155,1.6867,0.0,0.0,0.0095,0.0,0.4089,0.0,0.0,0.14,0,6,52.5729,0.0,0.0,0.0,0,0,0,0.0,40,a,1,0,1
464353,Davies,Liverpool,GK,0,0,0,0,0.0,0,0.0,0.0,0.0,0.0,0,0.0,0.0,0.0,0.0,2.2776,1.2659,2.155,1.6867,0.0,0.0,0.0,0.0,0.0,0.0,0.0,0.0,0,0,0.0,0.0,0.0,0.0,0,0,0,0.0,40,a,0,0,0
591386,Nyoni,Liverpool,MID,0,0,0,0,0.0,0,0.0,0.0,0.0,0.0,0,0.0,0.0,0.0,0.0,2.2776,1.2659,2.155,1.6867,0.0,0.0,0.0,0.0,0.0,0.0,0.0,0.0,0,0,0.0,0.0,0.0,0.0,0,0,0,0.0,45,a,0,0,0
611926,Nallo,Liverpool,DEF,0,0,0,0,0.0,0,0.0,0.0,0.0,0.0,0,0.0,0.0,0.0,0.0,2.2776,1.2659,2.155,1.6867,0.0,0.0,0.0,0.0,0.0,0.0,0.0,0.0,0,0,0.0,0.0,0.0,0.0,0,0,0,0.0,40,a,0,0,0
500058,Danns,Liverpool,FWD,10,0,1,0,2.8,17,0.0,0.09,3.9857,0.0,0,0.0,0.0,0.0,0.0,2.2776,1.2659,2.155,1.6867,0.0,0.0028,0.124,0.0,0.5522,0.0,0.02,0.5800000000000001,0,3,17.7493,0.0,0.0,0.0,0,0,0,0.0,45,u,1,0,1
100052173,Slot,Liverpool,UNK,0,0,0,0,0.0,0,0.0,0.0,0.0,0.0,0,0.0,0.0,0.0,0.0,2.2776,1.2659,2.155,1.6867,0.0,0.0,0.0,0.0,0.0,0.0,0.0,0.0,0,0,0.0,0.0,0.0,0.0,0,0,0,0.0,15,a,0,0,0
211975,Akanji,Man City,DEF,2012,23,3,0,527.0,4524,0.1617,0.0504,1.1652,0.0476,305,0.2567,0.062,0.8675,0.0,1.9518,1.1576,2.082,1.012,0.9471,0.2953,6.823,0.2786,103.5626,3.34,3.09,55.44,9,867,17.6862,0.87,0.21,2.9400000000000004,0,82,305,24.1967,53,a,3,23,26
126184,Aké,Man City,DEF,677,8,2,0,136.1,2716,0.0319,0.0242,1.4889,0.0167,0,0.0,0.0,0.0,0.0,1.9518,1.1576,2.082,1.012,0.0483,0.0366,2.2516,0.0252,25.4963,2.69,1.31,34.58,6,604,16.8602,0.0,0.0,0.0,0,0,0,0.0,53,a,2,8,10
165809,Bernardo,Man City,MID,2667,29,4,0,806.1,5243,0.1225,0.1572,1.141,0.622,540,0.145,0.175,0.9483,1.0,1.9518,1.1576,2.082,1.012,1.0971,1.4084,10.2192,5.5709,183.7472,7.38,12.61,66.08,33,1172,20.5151,0.8699999999999999,1.05,5.69,6,143,540,23.8333,61,a,4,29,33
477555,Bobb,Man City,MID,14,0,3,0,11.0,308,0.0908,0.1587,3.2408,0.0982,1,0.0,0.0,26.1,0.0,1.9518,1.1576,2.082,1.012,0.0111,0.0194,0.3961,0.012,9.2906,1.5,1.1199999999999999,3.38,2,125,76.014,0.0,0.0,0.29,0,3,1,270.0,47,a,3,0,3
17601,Carson,Man City,GK,0,0,0,0,0.0,0,0.0,0.0,0.0,0.0,0,0.0,0.0,0.0,0.0,1.9518,1.1576,2.082,1.012,0.0,0.0,0.0,0.0,0.0,0.0,0.0,0.0,0,0,0.0,0.0,0.0,0.0,0,0,0,0.0,39,a,0,0,0
61366,De Bruyne,Man City,MID,1694,19,9,0,610.7,2913,0.3389,0.3315,1.0809,0.6729,423,0.417,0.3553,0.9277,0.6383,1.9518,1.1576,2.082,1.012,2.2999,2.2495,7.3342,4.5661,155.8715,7.57,13.65,32.39,23,877,22.9711,1.96,1.67,4.36,3,96,423,20.4255,95,a,9,19,28
248875,Doku,Man City,MID,1506,16,13,0,506.8,3091,0.0896,0.2499,0.9072,0.1043,237,0.1063,0.2886,0.7937,0.0,1.9518,1.1576,2.082,1.012,0.5044,1.4074,5.1084,0.5872,126.9043,3.89,9.66,31.39,16,816,22.5363,0.28,0.76,2.09,0,64,237,24.3038,62,a,13,16,29
121160,Ederson M.,Man City,GK,2320,26,0,0,741.0,5105,0.0,0.0106,0.9944,0.302,360,0.0,0.0,0.825,0.0,1.9518,1.1576,2.082,1.012,0.0,0.0871,8.1873,2.4868,152.9208,0.0,0.19,56.93,14,969,18.5734,0.0,0.0,3.3,0,73,360,18.25,53,a,0,26,26
209244,Foden,Man City,MID,1771,20,8,0,436.4,4631,0.2477,0.1972,1.1799,0.5088,89,0.0404,0.2022,0.5562,0.0,1.9518,1.1576,2.082,1.012,1.201,0.956,5.7214,2.467,109.7412,15.34,12.28,57.62,41,1320,22.6322,0.04,0.2,0.55,0,20,89,20.2247,91,a,8,20,28
114283,Grealish,Man City,MID,710,7,13,0,122.8,1708,0.1828,0.1648,1.2994,0.5174,1,0.0,0.0,26.1,0.0,1.9518,1.1576,2.082,1.012,0.2494,0.2248,1.7729,0.706,38.626,3.3,4.36,23.91,10,386,28.309,0.0,0.0,0.29,0,3,1,270.0,64,a,13,7,20
477424,Gvardiol,Man City,DEF,3278,36,1,0,1046.7,5605,0.097,0.0563,1.1199,0.5393,540,0.0617,0.035,0.995,0.6667,1.9518,1.1576,2.082,1.012,1.1284,0.6544,13.0245,6.2716,223.5231,7.74,5.01,68.15,27,1172,19.2195,0.37,0.21000000000000002,5.970000000000001,4,130,540,21.6667,65,a,1,36,37
223094,Haaland,Man City,FWD,2736,31,0,0,671.2,5289,0.6114,0.08,1.1843,0.5558,256,0.3937,0.102,0.7629,0.0,1.9518,1.1576,2.082,1.012,4.5596,0.5964,8.8326,4.1451,165.8165,51.47,4.22,66.92,55,1587,22.234,1.1199999999999999,0.29,2.17,0,45,256,15.8203,149,a,0,31,31
461358,J.Alvarez,Man City,FWD,0,0,0,0,16.9,2644,0.5821,0.1752,0.8947,0.286,0,0.0,0.0,0.0,0.0,1.9518,1.1576,2.082,1.012,0.1093,0.0329,0.168,0.0537,4.4952,13.07,6.28,25.52,17,662,23.9389,0.0,0.0,0.0,0,0,0,0.0,70,u,0,0,0
121145,João Cancelo,Man City,DEF,0,0,0,0,0.0,0,0.0,0.0,0.0,0.0,0,0.0,0.0,0.0,0.0,1.9518,1.1576,2.082,1.012,0.0,0.0,0.0,0.0,0.0,0.0,0.0,0.0,0,0,0.0,0.0,0.0,0.0,0,0,0,0.0,53,u,0,0,0
91651,Kovačić,Man City,MID,2194,25,6,0,639.3,3733,0.0736,0.1162,1.1038,0.3938,341,0.0818,0.0845,0.8129,0.0,1.9518,1.1576,2.082,1.012,0.5226,0.8257,7.8406,2.7976,158.2694,3.15,4.87,45.05,15,858,22.281,0.31,0.32,3.08,0,87,341,22.9619,54,a,6,25,31
477064,Lewis,Man City,DEF,1888,21,7,0,403.6,2692,0.0387,0.047,1.1875,0.0152,82,0.0,0.0768,0.1098,0.0,1.9518,1.1576,2.082,1.012,0.1737,0.2106,5.3254,0.0681,70.3574,1.9500000000000002,2.2600000000000002,36.33,3,500,15.6892,0.0,0.07,0.1,0,24,82,26.3415,43,a,7,21,28
465351,Matheus N.,Man City,MID,1670,19,7,0,670.3,2501,0.0766,0.1408,1.1653,0.3857,450,0.116,0.17,1.174,0.8,1.9518,1.1576,2.082,1.012,0.5703,1.0487,8.679,2.8729,152.4646,2.0,5.03,35.26,7,491,20.4712,0.58,0.8500000000000001,5.87,4,126,450,25.2,49,a,7,19,26
432714,McAtee,Man City,MID,340,3,12,0,188.8,2155,0.6013,0.2495,1.3763,0.0,124,0.0435,0.1306,1.2774,0.0,1.9518,1.1576,2.082,1.012,1.2613,0.5235,2.8871,0.0,42.3807,5.78,2.96,44.589999999999996,0,361,20.2027,0.06,0.18000000000000002,1.76,0,13,124,9.4355,46,a,12,3,15
88248,Ortega Moreno,Man City,GK,1099,12,1,0,326.0,1731,0.0,0.0,1.4754,0.0073,180,0.0,0.0,1.335,0.0,1.9518,1.1576,2.082,1.012,0.0,0.0,5.3443,0.0263,43.7217,0.0,0.0,26.29,2,258,12.0704,0.0,0.0,2.67,0,32,180,16.0,52,a,1,12,13
220566,Rodrigo,Man City,MID,72,1,2,0,35.7,3003,0.0683,0.1366,1.2635,0.4414,7,0.0,0.0,3.7286,0.0,1.9518,1.1576,2.082,1.012,0.0271,0.0542,0.5012,0.1751,10.6013,3.99,6.24,30.22,19,758,26.726,0.0,0.0,0.29,0,3,7,38.5714,62,a,2,1,3
171314,Rúben,Man City,DEF,2269,25,2,0,833.7,4826,0.0409,0.0424,1.0875,0.5476,540,0.0417,0.0467,0.995,1.0,1.9518,1.1576,2.082,1.012,0.3793,0.3927,10.0736,5.0726,183.6809,2.92,3.13,54.6,10,923,19.8288,0.25,0.28,5.970000000000001,6,141,540,23.5,55,a,2,25,27
97299,Stones,Man City,DEF,544,6,5,0,100.1,1605,0.045,0.02,0.9152,0.3852,0,0.0,0.0,0.0,0.0,1.9518,1.1576,2.082,1.012,0.05,0.0223,1.0179,0.4284,15.9027,1.66,0.5700000000000001,18.22,5,331,14.2981,0.0,0.0,0.0,0,0,0,0.0,53,i,5,6,11
58621,Walker,Man City,DEF,966,9,6,0,122.4,3732,0.0064,0.0891,1.6712,0.1021,0,0.0,0.0,0.0,0.0,1.9518,1.1576,2.082,1.012,0.0087,0.1212,2.2729,0.1388,9.9717,0.52,4.54,47.87,13,696,7.3321,0.0,0.0,0.0,0,0,0,0.0,51,u,6,9,15
510281,Savinho,Man City,MID,1760,21,8,0,431.1,1760,0.2587,0.2457,1.0713,0.6425,107,0.2019,0.1346,1.1355,0.0,1.9518,1.1576,2.082,1.012,1.2391,1.177,5.1316,3.0775,104.3381,5.02,6.1000000000000005,21.39,15,442,21.7825,0.24,0.16,1.35,0,23,107,19.3458,60,a,8,21,29
472769,O’Reilly,Man City,MID,525,6,3,0,316.2,525,0.2314,0.1175,0.9791,0.7229,251,0.3693,0.1291,1.1008,1.0757,1.9518,1.1576,2.082,1.012,0.813,0.4128,3.44,2.5399,68.9534,1.28,0.68,5.49,4,118,19.6262,1.03,0.36000000000000004,3.0700000000000003,3,50,251,17.9283,49,a,3,6,9
59859,Gündogan,Man City,MID,2218,25,8,0,724.3,2218,0.1583,0.1848,1.2241,0.4867,437,0.1195,0.173,1.0586,0.6178,1.9518,1.1576,2.082,1.012,1.2739,1.4874,9.8511,3.917,181.0518,3.21,4.43,35.69,5,460,22.4971,0.58,0.84,5.140000000000001,3,122,437,25.1259,63,a,8,25,33
476369,Kaboré,Man City,DEF,0,0,0,0,11.2,1727,0.0032,0.0779,1.853,0.0611,0,0.0,0.0,0.0,0.0,1.9518,1.1576,2.082,1.012,0.0004,0.0097,0.2306,0.0076,1.5851,0.22,1.87,38.04,3,236,12.7374,0.0,0.0,0.0,0,0,0,0.0,45,u,0,0,0
516250,Wright,Man City,MID,0,0,0,0,0.0,0,0.0,0.0,0.0,0.0,0,0.0,0.0,0.0,0.0,1.9518,1.1576,2.082,1.012,0.0,0.0,0.0,0.0,0.0,0.0,0.0,0.0,0,0,0.0,0.0,0.0,0.0,0,0,0,0.0,45,u,0,0,0
554194,Simpson-Pusey,Man City,DEF,95,1,1,0,9.6,95,0.0,0.0094,2.2022,0.0,0,0.0,0.0,0.0,0.0,1.9518,1.1576,2.082,1.012,0.0,0.001,0.2349,0.0,0.9159,0.0,0.01,2.37,0,7,8.5866,0.0,0.0,0.0,0,0,0,0.0,40,a,1,1,2
447880,Wilson-Esbrand,Man City,DEF,0,0,0,0,0.0,0,0.0,0.0,0.0,0.0,0,0.0,0.0,0.0,0.0,1.9518,1.1576,2.082,1.012,0.0,0.0,0.0,0.0,0.0,0.0,0.0,0.0,0,0,0.0,0.0,0.0,0.0,0,0,0,0.0,40,u,0,0,0
487837,Mubama,Man City,FWD,27,0,1,0,7.0,102,0.1363,0.0,0.2533,0.0,0,0.0,0.0,0.0,0.0,1.9518,1.1576,2.082,1.012,0.0106,0.0,0.0197,0.0,0.5627,0.2,0.01,2.9099999999999997,0,16,7.2347,0.0,0.0,0.0,0,0,0,0.0,45,a,1,0,1
494307,Alleyne,Man City,DEF,0,0,0,0,0.0,0,0.0,0.0,0.0,0.0,0,0.0,0.0,0.0,0.0,1.9518,1.1576,2.082,1.012,0.0,0.0,0.0,0.0,0.0,0.0,0.0,0.0,0,0,0.0,0.0,0.0,0.0,0,0,0,0.0,40,a,0,0,0
613120,Brits,Man City,GK,0,0,0,0,0.0,0,0.0,0.0,0.0,0.0,0,0.0,0.0,0.0,0.0,1.9518,1.1576,2.082,1.012,0.0,0.0,0.0,0.0,0.0,0.0,0.0,0.0,0,0,0.0,0.0,0.0,0.0,0,0,0,0.0,40,a,0,0,0
578153,Khusanov,Man City,DEF,503,6,0,0,189.3,503,0.0026,0.0166,1.2468,0.0,0,0.0,0.0,0.0,0.0,1.9518,1.1576,2.082,1.012,0.0055,0.0349,2.6224,0.0,28.7642,0.02,0.09,6.98,0,78,13.6755,0.0,0.0,0.0,0,0,0,0.0,50,a,0,6,6
616222,Vitor Reis,Man City,DEF,1,0,1,0,0.5,1,0.0,0.0,0.0,0.0,0,0.0,0.0,0.0,0.0,1.9518,1.1576,2.082,1.012,0.0,0.0,0.0,0.0,2.0,0.0,0.0,0.0,0,4,360.0,0.0,0.0,0.0,0,0,0,0.0,45,a,1,0,1
100037973,Guardiola,Man City,UNK,0,0,0,0,0.0,0,0.0,0.0,0.0,0.0,0,0.0,0.0,0.0,0.0,1.9518,1.1576,2.082,1.012,0.0,0.0,0.0,0.0,0.0,0.0,0.0,0.0,0,0,0.0,0.0,0.0,0.0,0,0,0,0.0,15,a,0,0,0
438234,Marmoush,Man City,FWD,1174,14,2,0,658.9,1174,0.417,0.1218,1.0923,0.8573,439,0.3321,0.1066,1.0538,0.41,1.9518,1.1576,2.082,1.012,3.0528,0.892,7.9971,6.2767,167.9602,5.41,1.71,14.48,12,326,22.9419,1.62,0.52,5.140000000000001,2,65,439,13.3257,74,a,2,14,16
465694,N.Gonzalez,Man City,MID,760,9,2,0,409.9,760,0.0658,0.0509,1.1898,0.0,189,0.1095,0.0238,1.381,0.0,1.9518,1.1576,2.082,1.012,0.2995,0.2319,5.4188,0.0,74.8231,0.45,0.48000000000000004,8.99,0,123,16.4286,0.23,0.05,2.9,0,43,189,20.4762,60,a,2,9,11
575204,Echeverri,Man City,MID,5,0,1,0,5.0,5,0.0,0.18,8.1,0.0,5,0.0,0.18,8.1,0.0,1.9518,1.1576,2.082,1.012,0.0,0.01,0.45,0.0,2.0,0.0,0.01,0.45,0,2,36.0,0.0,0.01,0.45,0,2,5,36.0,58,a,1,0,1
493250,Amad,Man Utd,MID,1898,20,6,0,523.7,2283,0.2176,0.1852,1.3848,0.9248,307,0.173,0.1642,1.2489,0.8795,1.4493,1.317,1.8067,1.06,1.2662,1.0778,8.058,5.3813,166.9999,5.24,4.45,39.37,20,637,28.6996,0.59,0.56,4.26,3,107,307,31.3681,53,a,6,20,26
467169,Antony,Man Utd,MID,135,0,8,0,32.5,1446,0.3993,0.1326,1.2905,0.0,0,0.0,0.0,0.0,0.0,1.4493,1.317,1.8067,1.06,0.1442,0.0479,0.466,0.0,7.7643,3.98,2.04,27.23,0,221,21.5011,0.0,0.0,0.0,0,0,0,0.0,57,u,8,0,8
141746,B.Fernandes,Man Utd,MID,3017,35,1,0,911.4,6135,0.2331,0.2828,1.2523,0.8849,381,0.2504,0.3827,0.8102,0.7087,1.4493,1.317,1.8067,1.06,2.3605,2.8636,12.6818,8.9606,251.9109,19.66,18.12,109.84,52,1539,24.876,1.06,1.62,3.4299999999999997,3,91,381,21.4961,84,a,1,35,36
451302,Bayindir,Man Utd,GK,360,4,0,0,288.6,360,0.0,0.0,1.6095,0.0,270,0.0,0.0,1.5867,0.0,1.4493,1.317,1.8067,1.06,0.0,0.0,5.1612,0.0,23.796,0.0,0.0,6.93,0,22,7.4208,0.0,0.0,4.76,0,28,270,9.3333,43,a,0,4,4
61256,Casemiro,Man Utd,MID,1489,18,6,0,478.0,3470,0.1097,0.0699,1.0937,0.0458,223,0.1574,0.0444,0.5973,0.0,1.4493,1.317,1.8067,1.06,0.5827,0.3712,5.8088,0.2432,84.4328,5.44,3.19,64.58,3,623,15.8974,0.39,0.11,1.48,0,41,223,16.5471,46,a,6,18,24
216051,Dalot,Man Utd,DEF,2812,31,2,0,653.6,5986,0.0612,0.0758,1.417,0.2233,56,0.0321,0.0482,0.2411,0.0,1.4493,1.317,1.8067,1.06,0.4441,0.5508,10.2905,1.6213,85.4218,3.63,4.73,111.71,22,1014,11.7625,0.02,0.03,0.15,0,3,56,4.8214,50,a,2,31,33
80607,Eriksen,Man Utd,MID,1052,11,12,0,315.8,2186,0.3152,0.2629,1.6005,0.0015,155,0.6503,0.4877,1.5329,0.0,1.4493,1.317,1.8067,1.06,1.1059,0.9225,5.6161,0.0053,86.4942,2.2800000000000002,5.0600000000000005,38.62,4,476,24.65,1.12,0.84,2.64,0,66,155,38.3226,52,a,12,11,23
37642,Evans,Man Utd,DEF,312,3,4,0,58.9,1701,0.0544,0.004,1.2435,0.32,24,0.1125,0.0,1.275,0.0,1.4493,1.317,1.8067,1.06,0.0356,0.0026,0.8138,0.2094,16.03,0.16999999999999998,0.29000000000000004,30.64,6,364,24.4941,0.03,0.0,0.34,0,9,24,33.75,44,a,4,3,7
493105,Garnacho,Man Utd,MID,2188,23,13,0,679.8,4752,0.2544,0.1511,1.338,0.3741,321,0.3252,0.2607,1.1579,0.8411,1.4493,1.317,1.8067,1.06,1.9217,1.1412,10.1064,2.8258,124.8449,15.63,5.57,86.99,14,742,16.5285,1.16,0.93,4.13,3,64,321,17.9439,59,a,13,23,36
465527,Hannibal,Man Utd,MID,0,0,0,0,0.2,131,0.0,0.36,3.51,0.0,0,0.0,0.0,0.0,0.0,1.4493,1.317,1.8067,1.06,0.0,0.0008,0.0078,0.0,0.0608,0.03,0.48,3.48,0,34,27.36,0.0,0.0,0.0,0,0,0,0.0,45,u,0,0,0
21205,Heaton,Man Utd,GK,0,0,0,0,0.0,0,0.0,0.0,0.0,0.0,0,0.0,0.0,0.0,0.0,1.4493,1.317,1.8067,1.06,0.0,0.0,0.0,0.0,0.0,0.0,0.0,0.0,0,0,0.0,0.0,0.0,0.0,0,0,0,0.0,39,a,0,0,0
497894,Højlund,Man Utd,FWD,1998,23,9,0,729.5,4154,0.2934,0.0538,1.1233,0.3906,419,0.4253,0.058,0.6659,0.6444,1.4493,1.317,1.8067,1.06,2.3779,0.4363,9.1051,3.1659,79.7186,12.07,2.1,71.08,22,608,9.8351,1.98,0.27,3.1,3,43,419,9.2363,69,a,9,23,32
184667,Lindelof,Man Utd,DEF,695,6,10,0,443.2,2023,0.0011,0.0087,0.9538,0.0119,333,0.0,0.0081,0.5892,0.0,1.4493,1.317,1.8067,1.06,0.0052,0.0427,4.697,0.0588,66.8916,0.69,0.52,34.58,7,391,13.5836,0.0,0.03,2.18,0,56,333,15.1351,43,a,10,6,16
95658,Maguire,Man Utd,DEF,1751,19,8,0,615.6,3401,0.1259,0.0114,1.3548,0.1445,338,0.1092,0.0107,1.1769,0.0,1.4493,1.317,1.8067,1.06,0.8609,0.0778,9.267,0.9881,80.0791,3.7600000000000002,1.22,63.51,9,568,11.7075,0.41,0.04,4.42,0,37,338,9.8521,49,a,8,19,27
516895,Mainoo,Man Utd,MID,1646,19,6,0,472.5,3573,0.0577,0.1391,1.4626,0.0219,356,0.0607,0.1416,1.3626,0.0,1.4493,1.317,1.8067,1.06,0.3031,0.7301,7.6784,0.1148,61.109,1.71,3.13,68.2,8,556,11.6398,0.24000000000000002,0.56,5.39,0,42,356,10.618,52,a,6,19,25
222690,Malacia,Man Utd,DEF,99,2,1,0,15.4,99,0.0,0.0169,0.9281,0.0,0,0.0,0.0,0.0,0.0,1.4493,1.317,1.8067,1.06,0.0,0.0029,0.1588,0.0,0.8768,0.0,0.02,0.78,0,2,5.1242,0.0,0.0,0.0,0,0,0,0.0,44,u,1,2,3
221820,Martinez,Man Utd,DEF,1751,20,0,0,228.0,2394,0.0579,0.0691,1.5542,0.3975,0,0.0,0.0,0.0,0.0,1.4493,1.317,1.8067,1.06,0.1468,0.1751,3.9373,1.0071,41.1761,1.33,1.29,41.82,5,427,16.2537,0.0,0.0,0.0,0,0,0,0.0,43,i,0,20,20
195851,McTominay,Man Utd,MID,17,0,2,0,16.5,1908,0.2285,0.0185,2.0515,0.0709,0,0.0,0.0,0.0,0.0,1.4493,1.317,1.8067,1.06,0.0419,0.0034,0.3761,0.013,1.8334,6.07,0.41,40.61,5,311,10.0004,0.0,0.0,0.0,0,0,0,0.0,49,u,2,0,2
184341,Mount,Man Utd,MID,613,8,9,0,317.6,1122,0.6719,0.1131,0.9982,0.0,304,0.7816,0.1303,0.903,0.0,1.4493,1.317,1.8067,1.06,2.3711,0.3992,3.5226,0.0,50.8933,3.74,0.9400000000000001,18.19,0,167,14.4219,2.64,0.44,3.0500000000000003,0,53,304,15.6908,63,a,9,8,17
202641,Onana,Man Utd,GK,3060,34,0,0,784.0,6480,0.0,0.0028,1.2104,0.2385,270,0.0,0.0033,0.5333,0.0,1.4493,1.317,1.8067,1.06,0.0,0.0241,10.5437,2.0777,107.7635,0.0,0.28,117.43,18,1184,12.3708,0.0,0.01,1.6,0,24,270,8.0,49,a,0,34,34
488404,Pellistri,Man Utd,MID,0,0,0,0,0.4,164,0.27,0.27,2.295,0.0,0,0.0,0.0,0.0,0.0,1.4493,1.317,1.8067,1.06,0.0012,0.0012,0.0102,0.0,0.0857,0.51,0.39,4.17,0,36,19.2825,0.0,0.0,0.0,0,0,0,0.0,50,u,0,0,0
106760,Shaw,Man Utd,DEF,346,4,3,0,233.3,1306,0.0083,0.2022,1.0965,0.0,266,0.0102,0.203,1.1199,0.0,1.4493,1.317,1.8067,1.06,0.0214,0.5242,2.8425,0.0,17.2819,0.08,1.66,23.98,0,233,6.6668,0.03,0.6,3.31,0,11,266,3.7218,49,a,3,4,7
458249,Zirkzee,Man Utd,FWD,1385,14,18,0,323.5,1385,0.2473,0.0532,1.564,0.1295,0,0.0,0.0,0.0,0.0,1.4493,1.317,1.8067,1.06,0.8889,0.1912,5.6217,0.4655,36.0444,4.64,1.04,24.84,6,216,10.0278,0.0,0.0,0.0,0,0,0,0.0,65,a,18,14,32
550864,Yoro,Man Utd,DEF,1160,12,9,0,471.5,1160,0.025,0.0141,1.439,0.0,198,0.0,0.0227,1.4727,0.0,1.4493,1.317,1.8067,1.06,0.1311,0.0737,7.5389,0.0,41.2573,0.7,0.15,19.35,0,90,7.8752,0.0,0.05,3.24,0,18,198,8.1818,43,a,9,12,21
209365,De Ligt,Man Utd,DEF,2119,25,4,0,440.6,2119,0.0992,0.0122,1.5561,0.0322,34,0.0,0.0,2.0382,0.0,1.4493,1.317,1.8067,1.06,0.4855,0.0597,7.618,0.1577,62.3122,2.48,0.25,38.53,3,312,12.7283,0.0,0.0,0.77,0,-3,34,-7.9412,48,d,4,25,29
230001,Mazraoui,Man Utd,DEF,2836,34,3,0,820.8,2836,0.0191,0.0554,1.2632,0.0898,363,0.0174,0.057,0.7835,0.0,1.4493,1.317,1.8067,1.06,0.1745,0.5051,11.5207,0.8191,110.1477,0.6900000000000001,1.87,46.26,5,410,12.0776,0.07,0.23,3.16,0,48,363,11.9008,42,a,3,34,37
490881,Collyer,Man Utd,MID,174,0,6,0,44.5,174,0.0742,0.3032,1.6095,0.0,0,0.0,0.0,0.0,0.0,1.4493,1.317,1.8067,1.06,0.0367,0.1499,0.7958,0.0,9.3667,0.08,0.37,3.09,0,40,18.9439,0.0,0.0,0.0,0,0,0,0.0,45,a,6,0,6
575034,Wheatley,Man Utd,FWD,0,0,0,0,0.3,13,0.0,0.0,2.13,0.0,0,0.0,0.0,0.0,0.0,1.4493,1.317,1.8067,1.06,0.0,0.0,0.0071,0.0,0.1351,0.0,0.0,0.32,0,6,40.53,0.0,0.0,0.0,0,0,0,0.0,45,u,0,0,0
232112,Ugarte,Man Utd,MID,1777,22,7,0,579.7,1777,0.0682,0.0304,1.5259,0.0549,251,0.0717,0.0323,1.6028,0.0,1.4493,1.317,1.8067,1.06,0.4391,0.1956,9.8288,0.3536,116.7117,1.0,0.6699999999999999,29.54,1,318,18.1198,0.2,0.09,4.47,0,65,251,23.3068,49,a,7,22,29
606745,Heaven,Man Utd,DEF,169,2,2,0,115.1,169,0.0938,0.0078,0.6012,1.5639,74,0.1459,0.0122,0.073,2.4324,1.4493,1.317,1.8067,1.06,0.12,0.01,0.7689,2.0,36.3429,0.12,0.01,1.69,2,47,28.4176,0.12,0.01,0.06,2,27,74,32.8378,40,a,2,2,4
547037,Fletcher,Man Utd,MID,0,0,0,0,0.0,0,0.0,0.0,0.0,0.0,0,0.0,0.0,0.0,0.0,1.4493,1.317,1.8067,1.06,0.0,0.0,0.0,0.0,0.0,0.0,0.0,0.0,0,0,0.0,0.0,0.0,0.0,0,0,0,0.0,45,a,0,0,0
577974,Amass,Man Utd,DEF,345,4,1,0,245.2,345,0.0184,0.0185,1.6798,0.0,270,0.0133,0.0233,1.5367,0.0,1.4493,1.317,1.8067,1.06,0.0501,0.0505,4.5766,0.0,0.0982,0.07,0.07,6.3,0,1,0.036,0.04,0.07,4.609999999999999,0,6,270,2.0,40,a,1,4,5
556639,Fitzgerald,Man Utd,MID,0,0,0,0,0.0,0,0.0,0.0,0.0,0.0,0,0.0,0.0,0.0,0.0,1.4493,1.317,1.8067,1.06,0.0,0.0,0.0,0.0,0.0,0.0,0.0,0.0,0,0,0.0,0.0,0.0,0.0,0,0,0,0.0,45,a,0,0,0
576637,Kukonki,Man Utd,DEF,0,0,0,0,0.0,0,0.0,0.0,0.0,0.0,0,0.0,0.0,0.0,0.0,1.4493,1.317,1.8067,1.06,0.0,0.0,0.0,0.0,0.0,0.0,0.0,0.0,0,0,0.0,0.0,0.0,0.0,0,0,0,0.0,40,a,0,0,0
100053636,Amorim,Man Utd,UNK,0,0,0,0,0.0,0,0.0,0.0,0.0,0.0,0,0.0,0.0,0.0,0.0,1.4493,1.317,1.8067,1.06,0.0,0.0,0.0,0.0,0.0,0.0,0.0,0.0,0,0,0.0,0.0,0.0,0.0,0,0,0,0.0,8,a,0,0,0
588555,Harrison,Man Utd,GK,0,0,0,0,0.0,0,0.0,0.0,0.0,0.0,0,0.0,0.0,0.0,0.0,1.4493,1.317,1.8067,1.06,0.0,0.0,0.0,0.0,0.0,0.0,0.0,0.0,0,0,0.0,0.0,0.0,0.0,0,0,0,0.0,40,a,0,0,0
596777,Dorgu,Man Utd,DEF,840,10,2,0,525.9,840,0.0403,0.1277,0.942,0.1711,403,0.0179,0.0581,0.7169,0.2233,1.4493,1.317,1.8067,1.06,0.2357,0.7464,5.5047,1.0,78.2721,0.43000000000000005,1.27,10.26,1,108,13.3951,0.08,0.26,3.21,1,70,403,15.6328,45,a,2,10,12
596047,Obi,Man Utd,FWD,160,1,6,0,111.7,160,0.4054,0.0133,2.2164,0.0,134,0.4433,0.0134,2.1896,0.0,1.4493,1.317,1.8067,1.06,0.5031,0.0165,2.7508,0.0,13.8691,0.66,0.030000000000000002,3.6999999999999997,0,21,11.1747,0.66,0.02,3.26,0,16,134,10.7463,45,a,6,1,7
547676,Fredricson,Man Utd,DEF,166,2,0,0,117.0,166,0.0,0.01,1.7203,0.0,166,0.0,0.0108,1.594,0.0,1.4493,1.317,1.8067,1.06,0.0,0.013,2.2364,0.0,10.4974,0.0,0.02,2.94,0,16,8.0749,0.0,0.02,2.94,0,16,166,8.6747,40,a,0,2,2
559684,Moorhouse,Man Utd,MID,0,0,0,0,0.0,0,0.0,0.0,0.0,0.0,0,0.0,0.0,0.0,0.0,1.4493,1.317,1.8067,1.06,0.0,0.0,0.0,0.0,0.0,0.0,0.0,0.0,0,0,0.0,0.0,0.0,0.0,0,0,0,0.0,45,a,0,0,0
618873,Koné,Man Utd,MID,0,0,0,0,0.0,0,0.0,0.0,0.0,0.0,0,0.0,0.0,0.0,0.0,1.4493,1.317,1.8067,1.06,0.0,0.0,0.0,0.0,0.0,0.0,0.0,0.0,0,0,0.0,0.0,0.0,0.0,0,0,0,0.0,45,a,0,0,0
439483,Graczyk,Man Utd,GK,0,0,0,0,0.0,0,0.0,0.0,0.0,0.0,0,0.0,0.0,0.0,0.0,1.4493,1.317,1.8067,1.06,0.0,0.0,0.0,0.0,0.0,0.0,0.0,0.0,0,0,0.0,0.0,0.0,0.0,0,0,0,0.0,40,a,0,0,0
461537,Dermot Mee,Man Utd,GK,0,0,0,0,0.0,0,0.0,0.0,0.0,0.0,0,0.0,0.0,0.0,0.0,1.4493,1.317,1.8067,1.06,0.0,0.0,0.0,0.0,0.0,0.0,0.0,0.0,0,0,0.0,0.0,0.0,0.0,0,0,0,0.0,40,a,0,0,0
545477,A.Murphy,Newcastle,DEF,0,0,0,0,0.2,11,0.0,0.0,0.72,0.0,0,0.0,0.0,0.0,0.0,1.8705,1.1322,1.7433,0.895,0.0,0.0,0.0016,0.0,0.0871,0.0,0.0,0.08,0,6,39.195,0.0,0.0,0.0,0,0,0,0.0,40,u,0,0,0
179018,Almirón,Newcastle,MID,150,1,8,0,26.1,2080,0.2555,0.1255,2.2828,0.0376,0,0.0,0.0,0.0,0.0,1.8705,1.1322,1.7433,0.895,0.0741,0.0364,0.662,0.0109,6.4845,5.09,2.58,41.82,4,313,22.3603,0.0,0.0,0.0,0,0,0,0.0,54,u,8,1,9
201666,Barnes,Newcastle,MID,1746,17,16,0,730.8,2534,0.3415,0.1701,1.0385,0.3581,493,0.2026,0.1479,0.8836,0.0,1.8705,1.1322,1.7433,0.895,2.7728,1.3815,8.4325,2.9077,152.4927,10.23,6.3,34.8,16,647,18.7799,1.11,0.81,4.84,0,59,493,10.7708,59,a,16,17,33
220237,Botman,Newcastle,DEF,412,6,2,0,229.3,1787,0.2184,0.0737,0.9402,0.0022,187,0.2695,0.0963,0.7267,0.0,1.8705,1.1322,1.7433,0.895,0.5564,0.1878,2.3955,0.0056,66.2456,1.21,0.76,36.65,4,393,26.0013,0.5599999999999999,0.2,1.51,0,63,187,30.3209,44,a,2,6,8
208706,Bruno G.,Newcastle,MID,3273,38,0,0,1035.0,6537,0.1461,0.1423,1.0757,0.2656,540,0.1483,0.1183,0.895,0.0,1.8705,1.1322,1.7433,0.895,1.6805,1.6367,12.3709,3.0545,206.8412,9.25,11.52,102.05,25,1352,17.9862,0.8899999999999999,0.71,5.369999999999999,0,87,540,14.5,62,a,0,38,38
78916,Burn,Newcastle,DEF,3330,37,0,0,1072.2,6055,0.0693,0.0292,1.1102,0.3092,540,0.1167,0.0117,0.895,0.6667,1.8705,1.1322,1.7433,0.895,0.8259,0.3474,13.2259,3.6831,174.013,5.32,2.21,91.44,13,969,14.6066,0.7,0.07,5.369999999999999,4,97,540,16.1667,46,a,0,37,37
67089,Dúbravka,Newcastle,GK,900,10,0,0,226.6,2884,0.0,0.0,1.2734,0.1967,0,0.0,0.0,0.0,0.0,1.8705,1.1322,1.7433,0.895,0.0,0.0,3.2062,0.4953,36.6528,0.0,0.0,55.53,5,586,14.5576,0.0,0.0,0.0,0,0,0,0.0,40,a,0,10,10
232826,Gordon,Newcastle,MID,2428,28,6,0,623.8,5324,0.1886,0.137,1.1321,0.1566,281,0.0384,0.0961,0.7559,0.0,1.8705,1.1322,1.7433,0.895,1.3073,0.9495,7.8469,1.0853,97.2908,18.22,10.2,84.35,23,1070,14.0368,0.12,0.3,2.36,0,32,281,10.2491,74,a,6,28,34
487838,Hall,Newcastle,DEF,2188,24,3,0,373.5,2961,0.0191,0.138,1.3433,0.5092,0,0.0,0.0,0.0,0.0,1.8705,1.1322,1.7433,0.895,0.0792,0.5729,5.5748,2.1133,72.5967,0.78,4.45,42.83,14,614,17.4932,0.0,0.0,0.0,0,0,0,0.0,47,i,3,24,27
153127,Hayden,Newcastle,MID,0,0,0,0,0.0,0,0.0,0.0,0.0,0.0,0,0.0,0.0,0.0,0.0,1.8705,1.1322,1.7433,0.895,0.0,0.0,0.0,0.0,0.0,0.0,0.0,0.0,0,0,0.0,0.0,0.0,0.0,0,0,0,0.0,44,u,0,0,0
219168,Isak,Newcastle,FWD,2758,34,0,0,858.5,5011,0.6486,0.0856,1.0927,0.9447,421,0.6221,0.0385,0.9791,0.6413,1.8705,1.1322,1.7433,0.895,6.1873,0.8169,10.4236,9.0111,225.8547,40.55,6.2700000000000005,80.26,59,1493,23.6773,2.91,0.18,4.58,3,73,421,15.6057,94,a,0,34,34
114243,J.Murphy,Newcastle,MID,2356,31,4,0,828.2,3540,0.2191,0.2473,1.0306,0.488,406,0.0421,0.2704,0.8712,0.0,1.8705,1.1322,1.7433,0.895,2.016,2.276,9.4835,4.4908,225.983,8.120000000000001,9.49,46.61,15,913,24.5574,0.19,1.22,3.93,0,87,406,19.2857,52,a,4,31,35
180974,Joelinton,Newcastle,MID,2394,29,0,0,516.3,3670,0.115,0.0973,1.204,0.2326,90,0.05,0.31,2.26,0.0,1.8705,1.1322,1.7433,0.895,0.6596,0.558,6.9068,1.3342,89.9208,6.56,3.26,57.09,14,583,15.6747,0.05,0.31,2.26,0,9,90,9.0,60,i,0,29,29
235530,Kelly,Newcastle,DEF,299,4,6,0,34.3,1852,0.1183,0.0394,1.5171,0.0903,0,0.0,0.0,0.0,0.0,1.8705,1.1322,1.7433,0.895,0.0451,0.015,0.5782,0.0344,5.7506,0.75,0.8800000000000001,30.76,5,333,15.089,0.0,0.0,0.0,0,0,0,0.0,42,u,6,4,10
111773,Krafth,Newcastle,DEF,334,2,10,0,98.2,1243,0.0043,0.0168,1.2239,0.0039,66,0.0,0.0136,0.4909,0.0,1.8705,1.1322,1.7433,0.895,0.0047,0.0183,1.3354,0.0043,17.2464,0.24000000000000002,0.8,19.44,1,242,15.8063,0.0,0.01,0.36,0,9,66,12.2727,43,a,10,2,12
564510,Kuol,Newcastle,MID,0,0,0,0,0.0,0,0.0,0.0,0.0,0.0,0,0.0,0.0,0.0,0.0,1.8705,1.1322,1.7433,0.895,0.0,0.0,0.0,0.0,0.0,0.0,0.0,0.0,0,0,0.0,0.0,0.0,0.0,0,0,0,0.0,44,a,0,0,0
101148,Lascelles,Newcastle,DEF,0,0,0,0,3.4,1077,0.0556,0.0106,1.6465,0.2012,0,0.0,0.0,0.0,0.0,1.8705,1.1322,1.7433,0.895,0.0021,0.0004,0.0622,0.0076,0.6752,0.74,0.12,18.08,3,212,17.8729,0.0,0.0,0.0,0,0,0,0.0,45,a,0,0,0
194799,Lewis,Newcastle,DEF,0,0,0,0,0.0,0,0.0,0.0,0.0,0.0,0,0.0,0.0,0.0,0.0,1.8705,1.1322,1.7433,0.895,0.0,0.0,0.0,0.0,0.0,0.0,0.0,0.0,0,0,0.0,0.0,0.0,0.0,0,0,0,0.0,40,u,0,0,0
441191,Livramento,Newcastle,DEF,2835,32,5,0,983.6,4137,0.0167,0.1301,1.07,0.2285,540,0.0283,0.125,0.895,0.1667,1.8705,1.1322,1.7433,0.895,0.1825,1.4216,11.6937,2.4968,184.4035,0.7100000000000001,3.53,66.46,10,729,16.873,0.17,0.75,5.369999999999999,1,97,540,16.1667,46,a,5,32,37
180135,Longstaff,Newcastle,MID,783,8,17,0,121.4,3525,0.101,0.0326,1.4979,0.0411,1,0.0,0.0,0.0,0.0,1.8705,1.1322,1.7433,0.895,0.1363,0.044,2.0205,0.0554,26.2245,7.36,3.02,62.91,3,549,19.4416,0.0,0.0,0.0,0,3,1,270.0,44,a,17,8,25
547719,Miley,Newcastle,MID,304,1,13,0,156.1,1507,0.1123,0.1072,1.3403,0.2056,85,0.0,0.2224,0.2541,0.0,1.8705,1.1322,1.7433,0.895,0.1948,0.186,2.3247,0.3566,37.6702,1.7899999999999998,1.3800000000000001,35.88,2,320,21.7189,0.0,0.21,0.24000000000000002,0,12,85,12.7059,50,a,13,1,14
111452,Odysseas,Newcastle,GK,0,0,0,0,1.4,450,0.0,0.0,1.4914,0.0,0,0.0,0.0,0.0,0.0,1.8705,1.1322,1.7433,0.895,0.0,0.0,0.0232,0.0,0.2289,0.0,0.01,7.48,0,79,14.715,0.0,0.0,0.0,0,0,0,0.0,42,a,0,0,0
98747,Pope,Newcastle,GK,2520,28,0,0,857.4,3865,0.0,0.0,1.068,0.0088,540,0.0,0.0,0.895,0.0,1.8705,1.1322,1.7433,0.895,0.0,0.0,10.1745,0.0838,143.6552,0.02,0.0,50.86,3,663,15.0793,0.0,0.0,5.369999999999999,0,88,540,14.6667,50,a,0,28,28
19236,Ruddy,Newcastle,GK,0,0,0,0,0.0,0,0.0,0.0,0.0,0.0,0,0.0,0.0,0.0,0.0,1.8705,1.1322,1.7433,0.895,0.0,0.0,0.0,0.0,0.0,0.0,0.0,0.0,0,0,0.0,0.0,0.0,0.0,0,0,0,0.0,39,a,0,0,0
119471,Schär,Newcastle,DEF,2935,33,1,0,1004.8,5990,0.1849,0.0242,1.0911,0.2325,523,0.3338,0.0327,0.912,0.1721,1.8705,1.1322,1.7433,0.895,2.0643,0.27,12.1819,2.5961,163.9591,6.41,2.42,95.9,16,1069,14.6858,1.94,0.19,5.3,1,81,523,13.9388,55,a,1,33,34
169359,Targett,Newcastle,DEF,20,0,2,0,7.4,97,0.0,0.5522,0.99,0.0,8,0.0,0.7875,0.7875,0.0,1.8705,1.1322,1.7433,0.895,0.0,0.0454,0.0814,0.0,3.1461,0.0,0.08,2.0300000000000002,0,22,38.2634,0.0,0.07,0.07,0,4,8,45.0,39,d,2,0,2
432422,Tonali,Newcastle,MID,2625,28,8,0,973.3,3062,0.1401,0.1397,1.0509,0.5324,540,0.1517,0.2417,0.895,0.5,1.8705,1.1322,1.7433,0.895,1.5155,1.5112,11.3653,5.7572,230.2855,5.08,3.24,39.839999999999996,10,622,21.2943,0.91,1.4500000000000002,5.369999999999999,3,132,540,22.0,55,a,8,28,36
77794,Trippier,Newcastle,DEF,1299,14,11,0,528.2,3534,0.012,0.1208,1.1376,0.6381,282,0.0128,0.2074,1.1106,0.9574,1.8705,1.1322,1.7433,0.895,0.0705,0.7087,6.6763,3.7452,129.9772,0.77,8.41,57.31,28,876,22.1468,0.04,0.65,3.4799999999999995,3,67,282,21.383,56,a,11,14,25
461484,White,Newcastle,MID,0,0,0,0,0.1,12,0.0,0.0,2.88,0.0,0,0.0,0.0,0.0,0.0,1.8705,1.1322,1.7433,0.895,0.0,0.0,0.0032,0.0,0.1349,0.0,0.0,0.24,0,9,121.41,0.0,0.0,0.0,0,0,0,0.0,45,u,0,0,0
200089,Willock,Newcastle,MID,1065,11,21,0,343.9,1480,0.1735,0.0559,1.0806,0.0,212,0.3057,0.0552,0.5222,0.0,1.8705,1.1322,1.7433,0.895,0.6631,0.2135,4.1291,0.0,35.7171,2.5300000000000002,1.5,23.04,0,199,9.3473,0.72,0.13,1.23,0,15,212,6.3679,47,a,21,11,32
75115,Wilson,Newcastle,FWD,355,2,16,0,198.7,1336,0.0952,0.0332,1.3967,0.0038,127,0.0213,0.0496,1.1835,0.0,1.8705,1.1322,1.7433,0.895,0.2102,0.0733,3.0835,0.0083,24.8518,9.32,0.63,19.19,4,288,11.2565,0.03,0.07,1.67,0,15,127,10.6299,69,a,16,2,18
578512,Pivas,Newcastle,DEF,0,0,0,0,0.0,0,0.0,0.0,0.0,0.0,0,0.0,0.0,0.0,0.0,1.8705,1.1322,1.7433,0.895,0.0,0.0,0.0,0.0,0.0,0.0,0.0,0.0,0,0,0.0,0.0,0.0,0.0,0,0,0,0.0,40,u,0,0,0
538207,Osula,Newcastle,FWD,124,0,14,0,64.2,902,0.1775,0.0423,1.8217,0.9913,41,0.2634,0.0659,0.878,2.1951,1.8705,1.1322,1.7433,0.895,0.1266,0.0302,1.2995,0.7071,28.723,1.8,0.2,23.37,1,86,40.2659,0.12,0.03,0.4,1,32,41,70.2439,49,a,14,0,14
100038215,Howe,Newcastle,UNK,0,0,0,0,0.0,0,0.0,0.0,0.0,0.0,0,0.0,0.0,0.0,0.0,1.8705,1.1322,1.7433,0.895,0.0,0.0,0.0,0.0,0.0,0.0,0.0,0.0,0,0,0.0,0.0,0.0,0.0,0,0,0,0.0,15,a,0,0,0
599303,Neave,Newcastle,FWD,0,0,0,0,0.0,0,0.0,0.0,0.0,0.0,0,0.0,0.0,0.0,0.0,1.8705,1.1322,1.7433,0.895,0.0,0.0,0.0,0.0,0.0,0.0,0.0,0.0,0,0,0.0,0.0,0.0,0.0,0,0,0,0.0,45,a,0,0,0
106468,Alex Moreno,Nott'm Forest,DEF,952,11,4,0,158.9,1976,0.0111,0.1346,1.5402,0.0461,0,0.0,0.0,0.0,0.0,1.2051,1.4831,1.14,1.6033,0.0196,0.2377,2.7193,0.0814,20.9854,1.28,2.08,32.44,6,337,11.886,0.0,0.0,0.0,0,0,0,0.0,42,a,4,11,15
159506,Aina,Nott'm Forest,DEF,2996,35,0,0,845.4,4686,0.0154,0.0917,1.347,0.1713,426,0.0106,0.1606,1.5486,0.0,1.2051,1.4831,1.14,1.6033,0.1446,0.8615,12.6526,1.609,102.9164,0.97,3.2600000000000002,69.6,17,772,10.9563,0.05,0.76,7.33,0,33,426,6.9718,53,a,0,35,35
215379,Anderson,Nott'm Forest,MID,2726,33,4,0,949.7,3744,0.0709,0.0847,1.448,0.2522,502,0.0735,0.0717,1.558,0.5378,1.2051,1.4831,1.14,1.6033,0.7485,0.8942,15.2791,2.6612,152.3412,3.67,4.76,52.85,11,670,14.4369,0.41000000000000003,0.4,8.69,3,81,502,14.5219,50,a,4,33,37
210156,Awoniyi,Nott'm Forest,FWD,398,3,23,0,118.1,1434,0.3531,0.0171,1.6111,0.0155,50,0.0,0.0,2.034,0.0,1.2051,1.4831,1.14,1.6033,0.4634,0.0225,2.1141,0.0203,23.2938,7.0,1.02,22.259999999999998,5,336,17.7514,0.0,0.0,1.13,0,8,50,14.4,55,i,23,3,26
90585,Boly,Nott'm Forest,DEF,146,1,5,0,32.9,1583,0.0274,0.0118,2.2511,0.2695,0,0.0,0.0,0.0,0.0,1.2051,1.4831,1.14,1.6033,0.01,0.0043,0.8229,0.0985,6.4018,1.63,0.77,28.98,7,301,17.5125,0.0,0.0,0.0,0,0,0,0.0,42,a,5,1,6
245830,Bowler,Nott'm Forest,MID,0,0,0,0,0.0,0,0.0,0.0,0.0,0.0,0,0.0,0.0,0.0,0.0,1.2051,1.4831,1.14,1.6033,0.0,0.0,0.0,0.0,0.0,0.0,0.0,0.0,0,0,0.0,0.0,0.0,0.0,0,0,0,0.0,45,u,0,0,0
475123,C.Miguel,Nott'm Forest,GK,0,0,0,0,0.0,0,0.0,0.0,0.0,0.0,0,0.0,0.0,0.0,0.0,1.2051,1.4831,1.14,1.6033,0.0,0.0,0.0,0.0,0.0,0.0,0.0,0.0,0,0,0.0,0.0,0.0,0.0,0,0,0,0.0,41,a,0,0,0
569014,Da Silva Moreira,Nott'm Forest,MID,28,0,2,0,3.5,28,0.0,0.0,0.9977,0.0,0,0.0,0.0,0.0,0.0,1.2051,1.4831,1.14,1.6033,0.0,0.0,0.0388,0.0,1.0152,0.0,0.0,0.31,0,9,26.1051,0.0,0.0,0.0,0,0,0,0.0,43,a,2,0,2
513046,Danilo,Nott'm Forest,MID,270,5,3,0,131.4,2057,0.0175,0.009,1.6647,0.0316,63,0.0,0.0,2.2429,0.0,1.2051,1.4831,1.14,1.6033,0.0256,0.0132,2.4304,0.0461,21.0685,1.82,0.9500000000000001,33.46,4,345,14.4305,0.0,0.0,1.5699999999999998,0,8,63,11.4286,47,a,3,5,8
230251,Dennis,Nott'm Forest,FWD,0,0,0,0,0.0,0,0.0,0.0,0.0,0.0,0,0.0,0.0,0.0,0.0,1.2051,1.4831,1.14,1.6033,0.0,0.0,0.0,0.0,0.0,0.0,0.0,0.0,0,0,0.0,0.0,0.0,0.0,0,0,0,0.0,49,u,0,0,0
250199,Dominguez,Nott'm Forest,MID,1954,23,11,0,692.4,3443,0.05,0.0787,1.5235,0.0031,397,0.0431,0.0635,1.5257,0.0,1.2051,1.4831,1.14,1.6033,0.3848,0.6053,11.7211,0.0242,108.6407,2.88,2.72,53.1,6,568,14.1214,0.19,0.28,6.73,0,55,397,12.4685,48,a,11,23,34
449434,Elanga,Nott'm Forest,MID,2496,31,7,0,870.8,4920,0.169,0.2012,1.5048,0.6237,495,0.1036,0.2436,1.5945,0.3636,1.2051,1.4831,1.14,1.6033,1.6355,1.9463,14.5596,6.0348,190.9808,11.01,9.16,78.13,20,921,19.7385,0.57,1.34,8.77,2,99,495,18.0,55,a,7,31,38
222531,Gibbs-White,Nott'm Forest,MID,2806,34,0,0,989.1,5962,0.2409,0.1077,1.4886,0.6697,517,0.3186,0.0749,1.6242,1.0445,1.2051,1.4831,1.14,1.6033,2.647,1.1834,16.3601,7.3596,211.2784,12.96,11.47,90.29,31,1157,19.2246,1.8299999999999998,0.43,9.33,6,112,517,19.4971,65,a,0,34,34
209046,Hudson-Odoi,Nott'm Forest,MID,2190,25,6,0,534.8,4036,0.0919,0.0937,1.4066,0.3328,117,0.0,0.0385,1.5846,0.0,1.2051,1.4831,1.14,1.6033,0.5458,0.5566,8.3586,1.9777,110.9358,5.17,4.56,56.17,21,825,18.6691,0.0,0.05,2.06,0,23,117,17.6923,51,a,6,25,31
244930,Mighten,Nott'm Forest,MID,0,0,0,0,0.0,0,0.0,0.0,0.0,0.0,0,0.0,0.0,0.0,0.0,1.2051,1.4831,1.14,1.6033,0.0,0.0,0.0,0.0,0.0,0.0,0.0,0.0,0,0,0.0,0.0,0.0,0.0,0,0,0,0.0,45,u,0,0,0
575476,Murillo,Nott'm Forest,DEF,3188,36,0,0,960.1,5978,0.0379,0.0259,1.5059,0.5233,440,0.0634,0.0184,1.6384,0.4091,1.2051,1.4831,1.14,1.6033,0.4038,0.2765,16.0642,5.5828,153.9204,3.25,1.79,90.41,19,992,14.4285,0.31,0.09,8.01,2,67,440,13.7045,47,a,0,36,36
215136,N.Williams,Nott'm Forest,DEF,2588,28,7,0,984.7,4218,0.061,0.065,1.4852,0.3742,540,0.0217,0.07,1.6033,0.5,1.2051,1.4831,1.14,1.6033,0.6679,0.7113,16.2495,4.0938,155.5448,3.03,3.08,61.55,10,659,14.2165,0.13,0.42000000000000004,9.620000000000001,3,78,540,13.0,45,a,7,28,35
204822,O.Richards,Nott'm Forest,DEF,0,0,0,0,0.0,0,0.0,0.0,0.0,0.0,0,0.0,0.0,0.0,0.0,1.2051,1.4831,1.14,1.6033,0.0,0.0,0.0,0.0,0.0,0.0,0.0,0.0,0,0,0.0,0.0,0.0,0.0,0,0,0,0.0,45,u,0,0,0
243345,O'Brien,Nott'm Forest,MID,0,0,0,0,0.0,0,0.0,0.0,0.0,0.0,0,0.0,0.0,0.0,0.0,1.2051,1.4831,1.14,1.6033,0.0,0.0,0.0,0.0,0.0,0.0,0.0,0.0,0,0,0.0,0.0,0.0,0.0,0,0,0,0.0,50,u,0,0,0
466404,Omobamidele,Nott'm Forest,DEF,0,0,0,0,8.7,782,0.0248,0.0021,1.3252,0.0,0,0.0,0.0,0.0,0.0,1.2051,1.4831,1.14,1.6033,0.0024,0.0002,0.1281,0.0,1.0543,0.14,0.02,11.77,0,94,10.9066,0.0,0.0,0.0,0,0,0,0.0,42,u,0,0,0
209035,Panzo,Nott'm Forest,DEF,0,0,0,0,0.0,0,0.0,0.0,0.0,0.0,0,0.0,0.0,0.0,0.0,1.2051,1.4831,1.14,1.6033,0.0,0.0,0.0,0.0,0.0,0.0,0.0,0.0,0,0,0.0,0.0,0.0,0.0,0,0,0,0.0,40,u,0,0,0
210462,Sangaré,Nott'm Forest,MID,584,7,6,0,305.0,1615,0.0009,0.0381,1.4684,0.0,310,0.0,0.0377,1.4284,0.0,1.2051,1.4831,1.14,1.6033,0.0029,0.1292,4.9764,0.0,57.6617,0.69,0.61,23.16,0,196,17.0149,0.0,0.13,4.92,0,54,310,15.6774,43,a,6,7,13
85633,Sels,Nott'm Forest,GK,3420,38,0,0,1065.5,4860,0.0,0.0169,1.4822,0.1611,540,0.0,0.0317,1.6033,0.0,1.2051,1.4831,1.14,1.6033,0.0,0.2004,17.5477,1.9068,141.706,0.0,0.35,70.67,12,727,11.9695,0.0,0.19,9.620000000000001,0,42,540,7.0,52,a,0,38,38
114241,Toffolo,Nott'm Forest,DEF,135,1,3,0,71.6,1587,0.0058,0.0067,1.9927,0.0096,90,0.0,0.0,2.14,0.0,1.2051,1.4831,1.14,1.6033,0.0046,0.0053,1.5853,0.0076,9.4858,1.12,1.1500000000000001,26.71,3,281,11.9235,0.0,0.0,2.14,0,10,90,10.0,42,a,3,1,4
201440,Ui-jo,Nott'm Forest,FWD,0,0,0,0,0.0,0,0.0,0.0,0.0,0.0,0,0.0,0.0,0.0,0.0,1.2051,1.4831,1.14,1.6033,0.0,0.0,0.0,0.0,0.0,0.0,0.0,0.0,0,0,0.0,0.0,0.0,0.0,0,0,0,0.0,45,u,0,0,0
60689,Wood,Nott'm Forest,FWD,2958,35,1,0,924.2,4759,0.4075,0.0669,1.385,0.8798,525,0.432,0.0857,1.584,0.6857,1.2051,1.4831,1.14,1.6033,4.1842,0.6871,14.2224,9.0343,174.4547,25.13,2.5100000000000002,67.83,63,1200,16.9887,2.52,0.5,9.24,4,71,525,12.1714,72,a,1,35,36
208912,Worrall,Nott'm Forest,DEF,0,0,0,0,0.6,438,0.015,0.06,1.95,0.615,0,0.0,0.0,0.0,0.0,1.2051,1.4831,1.14,1.6033,0.0001,0.0004,0.013,0.0041,0.1191,0.1,0.31,9.01,3,74,17.865,0.0,0.0,0.0,0,0,0,0.0,45,u,0,0,0
204968,Yates,Nott'm Forest,MID,1901,18,17,0,441.9,3880,0.0952,0.0158,1.6046,0.0337,169,0.0426,0.0107,1.8,0.0,1.2051,1.4831,1.14,1.6033,0.4674,0.0777,7.8784,0.1654,74.7359,5.19,1.06,59.8,4,541,15.2212,0.08,0.02,3.38,0,18,169,9.5858,48,a,17,18,35
227444,Milenković,Nott'm Forest,DEF,3330,37,0,0,1040.4,3330,0.0816,0.0154,1.4868,0.0525,540,0.07,0.01,1.6033,0.0,1.2051,1.4831,1.14,1.6033,0.9432,0.1785,17.1873,0.6072,149.3685,4.05,0.73,48.95,2,499,12.9212,0.42,0.06,9.620000000000001,0,62,540,10.3333,52,a,0,37,37
510500,Jota Silva,Nott'm Forest,MID,835,5,26,0,183.0,835,0.4007,0.1319,1.4618,0.0,24,0.975,0.0375,1.1625,0.0,1.2051,1.4831,1.14,1.6033,0.8148,0.2681,2.9723,0.0,57.9526,2.13,1.87,12.56,0,212,28.5013,0.26,0.01,0.31,0,10,24,37.5,59,a,26,5,31
502222,Sosa,Nott'm Forest,MID,280,1,18,0,64.0,280,0.2078,0.0806,2.5258,0.0,30,0.21,0.0,2.19,0.0,1.2051,1.4831,1.14,1.6033,0.1478,0.0573,1.7961,0.0,21.6621,1.11,0.36,4.8100000000000005,0,101,30.4623,0.07,0.0,0.73,0,10,30,30.0,55,a,18,1,19
485047,Morato,Nott'm Forest,DEF,891,6,20,0,313.4,891,0.0193,0.0037,1.6065,0.1107,151,0.0,0.006,1.5616,0.0,1.2051,1.4831,1.14,1.6033,0.0673,0.0129,5.5942,0.3856,23.1694,0.18,0.03,14.209999999999999,2,125,6.6536,0.0,0.01,2.62,0,3,151,1.7881,45,a,20,6,26
549067,Abbott,Nott'm Forest,DEF,0,0,0,0,0.0,0,0.0,0.0,0.0,0.0,0,0.0,0.0,0.0,0.0,1.2051,1.4831,1.14,1.6033,0.0,0.0,0.0,0.0,0.0,0.0,0.0,0.0,0,0,0.0,0.0,0.0,0.0,0,0,0,0.0,40,a,0,0,0
20066,Hennessey,Nott'm Forest,GK,0,0,0,0,0.0,0,0.0,0.0,0.0,0.0,0,0.0,0.0,0.0,0.0,1.2051,1.4831,1.14,1.6033,0.0,0.0,0.0,0.0,0.0,0.0,0.0,0.0,0,0,0.0,0.0,0.0,0.0,0,0,0,0.0,40,a,0,0,0
100041808,Nuno,Nott'm Forest,UNK,0,0,0,0,0.0,0,0.0,0.0,0.0,0.0,0,0.0,0.0,0.0,0.0,1.2051,1.4831,1.14,1.6033,0.0,0.0,0.0,0.0,0.0,0.0,0.0,0.0,0,0,0.0,0.0,0.0,0.0,0,0,0,0.0,11,a,0,0,0
225321,Ramsdale,Southampton,GK,2700,30,0,0,957.0,3240,0.0,0.0011,2.1287,0.4674,540,0.0,0.0017,1.9133,0.5,0.7421,2.1905,0.64,1.9133,0.0,0.0121,22.6357,4.9696,113.9602,0.0,0.05,72.15,11,405,10.7173,0.0,0.01,11.48,3,67,540,11.1667,44,a,0,30,30
433979,Archer,Southampton,FWD,1421,13,22,0,352.6,3250,0.3149,0.063,2.1428,0.0817,122,0.4574,0.118,1.9254,0.0,0.7421,2.1905,0.64,1.9133,1.2336,0.2468,8.395,0.32,35.3138,10.99,2.11,78.69,13,386,9.0137,0.62,0.16,2.61,0,13,122,9.5902,48,a,22,13,35
503714,Ugochukwu,Southampton,MID,1652,18,8,0,688.8,1948,0.0438,0.0292,1.9943,0.2542,388,0.0302,0.0116,1.6817,0.6959,0.7421,2.1905,0.64,1.9133,0.3349,0.2237,15.2633,1.9453,89.6329,0.85,0.76,47.87,3,271,11.7116,0.13,0.05,7.25,3,63,388,14.6134,44,a,8,18,26
90105,Fraser,Southampton,MID,303,4,4,0,27.2,303,0.004,0.0261,3.4531,0.0,0,0.0,0.0,0.0,0.0,0.7421,2.1905,0.64,1.9133,0.0012,0.0079,1.0436,0.0,3.5105,0.02,0.09999999999999999,10.39,0,31,11.6156,0.0,0.0,0.0,0,0,0,0.0,48,a,4,4,8
499724,Amo-Ameyaw,Southampton,MID,26,0,2,0,2.7,26,0.0267,0.1767,5.0433,0.0,0,0.0,0.0,0.0,0.0,0.7421,2.1905,0.64,1.9133,0.0008,0.0053,0.1513,0.0,-0.2468,0.02,0.13,1.11,0,1,-8.2267,0.0,0.0,0.0,0,0,0,0.0,44,u,2,0,2
193204,Aribo,Southampton,MID,2007,21,11,0,483.3,2007,0.0678,0.0298,2.5004,0.2774,104,0.0,0.0087,3.349,0.0,0.7421,2.1905,0.64,1.9133,0.3642,0.1601,13.4271,1.4898,94.486,2.69,1.23,56.51,7,394,17.5952,0.0,0.01,3.87,0,20,104,17.3077,49,a,11,21,32
155511,Armstrong,Southampton,FWD,1246,15,5,0,162.2,1246,0.1924,0.0328,2.6765,0.1074,0,0.0,0.0,0.0,0.0,0.7421,2.1905,0.64,1.9133,0.3468,0.0591,4.8237,0.1935,18.7817,3.28,0.56,33.47,2,145,10.4214,0.0,0.0,0.0,0,0,0,0.0,51,u,5,15,20
456350,Bazunu,Southampton,GK,0,0,0,0,0.0,0,0.0,0.0,0.0,0.0,0,0.0,0.0,0.0,0.0,0.7421,2.1905,0.64,1.9133,0.0,0.0,0.0,0.0,0.0,0.0,0.0,0.0,0,0,0.0,0.0,0.0,0.0,0,0,0,0.0,43,u,0,0,0
171771,Bednarek,Southampton,DEF,2531,30,0,0,691.9,2531,0.022,0.0124,1.926,0.1516,360,0.0,0.0075,1.6375,0.25,0.7421,2.1905,0.64,1.9133,0.1688,0.095,14.8064,1.1651,84.4891,0.65,0.84,57.8,3,283,10.9901,0.0,0.03,6.55,1,54,360,13.5,40,d,0,30,30
477386,Bella-Kotchap,Southampton,DEF,329,2,2,0,133.4,329,0.0833,0.0031,2.8037,0.0,0,0.0,0.0,0.0,0.0,0.7421,2.1905,0.64,1.9133,0.1234,0.0046,4.1557,0.0,3.2917,0.32,0.01,10.67,0,7,2.2208,0.0,0.0,0.0,0,0,0,0.0,39,a,2,2,4
184386,Bree,Southampton,DEF,1070,13,4,0,382.1,1070,0.0067,0.0459,2.5726,0.0,184,0.0,0.0196,2.519,0.0,0.7421,2.1905,0.64,1.9133,0.0283,0.1948,10.9221,0.0,39.2004,0.11,0.71,32.05,0,95,9.2333,0.0,0.04,5.15,0,31,184,15.163,39,a,4,13,17
463210,Charles,Southampton,MID,0,0,0,0,0.0,0,0.0,0.0,0.0,0.0,0,0.0,0.0,0.0,0.0,0.7421,2.1905,0.64,1.9133,0.0,0.0,0.0,0.0,0.0,0.0,0.0,0.0,0,0,0.0,0.0,0.0,0.0,0,0,0,0.0,45,u,0,0,0
490503,Edozie,Southampton,MID,64,0,2,0,2.7,64,0.0,0.2033,0.4567,0.0,0,0.0,0.0,0.0,0.0,0.7421,2.1905,0.64,1.9133,0.0,0.0061,0.0137,0.0,0.2652,0.0,0.15,0.31,0,6,8.84,0.0,0.0,0.0,0,0,0,0.0,49,u,2,0,2
500926,Edwards,Southampton,DEF,12,0,1,0,1.5,12,0.0,0.0,2.4,0.0,0,0.0,0.0,0.0,0.0,0.7421,2.1905,0.64,1.9133,0.0,0.0,0.04,0.0,-0.125,0.0,0.0,0.32,0,-1,-7.5,0.0,0.0,0.0,0,0,0,0.0,39,u,1,0,1
245719,Harwood-Bellis,Southampton,DEF,2824,32,2,0,832.4,2824,0.0329,0.0207,2.1437,0.0351,435,0.0083,0.0207,1.92,0.0,0.7421,2.1905,0.64,1.9133,0.3041,0.1917,19.8267,0.3242,80.9588,1.78,0.68,68.5,2,268,8.7534,0.04,0.1,9.280000000000001,0,56,435,11.5862,39,i,2,32,34
504783,Kamaldeen,Southampton,MID,1394,17,9,0,705.0,1394,0.0816,0.0533,2.12,0.0828,430,0.0837,0.0481,1.9716,0.0,0.7421,2.1905,0.64,1.9133,0.6389,0.4173,16.6069,0.6484,66.7908,1.39,0.85,35.69,2,163,8.5265,0.4,0.22999999999999998,9.42,0,23,430,4.814,50,a,9,17,26
39155,Lallana,Southampton,MID,352,5,9,0,44.1,1191,0.0424,0.1088,2.4467,0.1169,0,0.0,0.0,0.0,0.0,0.7421,2.1905,0.64,1.9133,0.0208,0.0533,1.1989,0.0573,8.8004,0.98,2.08,20.09,1,169,17.96,0.0,0.0,0.0,0,0,0,0.0,50,a,9,5,14
515571,Larios,Southampton,DEF,0,0,0,0,0.0,0,0.0,0.0,0.0,0.0,0,0.0,0.0,0.0,0.0,0.7421,2.1905,0.64,1.9133,0.0,0.0,0.0,0.0,0.0,0.0,0.0,0.0,0,0,0.0,0.0,0.0,0.0,0,0,0,0.0,39,a,0,0,0
200428,Lis,Southampton,GK,0,0,0,0,0.0,0,0.0,0.0,0.0,0.0,0,0.0,0.0,0.0,0.0,0.7421,2.1905,0.64,1.9133,0.0,0.0,0.0,0.0,0.0,0.0,0.0,0.0,0,0,0.0,0.0,0.0,0.0,0,0,0,0.0,40,u,0,0,0
167888,Lumley,Southampton,GK,270,3,0,0,33.8,270,0.0,0.0,3.1513,0.0,0,0.0,0.0,0.0,0.0,0.7421,2.1905,0.64,1.9133,0.0,0.0,1.1835,0.0,2.7179,0.0,0.0,9.399999999999999,0,22,7.237,0.0,0.0,0.0,0,0,0,0.0,40,a,0,3,3
204863,Manning,Southampton,DEF,1458,18,6,0,496.1,1458,0.0192,0.1555,1.9137,0.0,266,0.0169,0.1252,1.6376,0.0,0.7421,2.1905,0.64,1.9133,0.1058,0.8572,10.549,0.0,63.8908,0.34,2.8,36.45,0,162,11.5908,0.05,0.37,4.84,0,37,266,12.5188,43,a,6,18,24
476888,Mara,Southampton,FWD,0,0,0,0,0.0,0,0.0,0.0,0.0,0.0,0,0.0,0.0,0.0,0.0,0.7421,2.1905,0.64,1.9133,0.0,0.0,0.0,0.0,0.0,0.0,0.0,0.0,0,0,0.0,0.0,0.0,0.0,0,0,0,0.0,50,u,0,0,0
58376,McCarthy,Southampton,GK,450,5,0,0,55.0,450,0.0,0.0,2.6362,0.0,0,0.0,0.0,0.0,0.0,0.7421,2.1905,0.64,1.9133,0.0,0.0,1.611,0.0,3.0319,0.0,0.0,11.22,0,32,4.9613,0.0,0.0,0.0,0,0,0,0.0,42,a,0,5,5
147611,Onuachu,Southampton,FWD,1038,11,14,0,370.6,1038,0.3284,0.0192,1.8444,0.4163,133,0.2436,0.0068,1.1504,0.0,0.7421,2.1905,0.64,1.9133,1.3524,0.0792,7.595,1.7143,51.5905,3.6100000000000003,0.26,24.35,4,151,12.5287,0.36,0.01,1.7,0,4,133,2.7068,49,a,14,11,25
214466,Smallbone,Southampton,MID,679,6,12,0,216.0,679,0.0827,0.0915,2.7522,0.0,75,0.168,0.144,0.948,0.0,0.7421,2.1905,0.64,1.9133,0.1984,0.2196,6.6053,0.0,42.8494,0.5700000000000001,0.89,19.73,0,119,17.8539,0.14,0.12,0.79,0,14,75,16.8,50,a,12,6,18
88900,Stephens,Southampton,DEF,1389,17,2,0,477.3,1389,0.0426,0.0107,2.0315,0.0432,405,0.0667,0.0133,1.9511,0.0,0.7421,2.1905,0.64,1.9133,0.2261,0.0566,10.7738,0.2293,54.4295,0.5800000000000001,0.26,31.75,2,112,10.2633,0.3,0.06,8.780000000000001,0,61,405,13.5556,40,a,2,17,19
230348,Stewart,Southampton,FWD,382,4,8,0,211.0,382,0.3885,0.009,2.2598,1.2796,216,0.4083,0.0083,1.6375,1.25,0.7421,2.1905,0.64,1.9133,0.9109,0.0212,5.298,3.0,48.199,1.1500000000000001,0.04,9.55,3,59,20.5588,0.98,0.02,3.9299999999999997,3,50,216,20.8333,44,a,8,4,12
219279,Sugawara,Southampton,DEF,1548,16,14,0,343.9,1548,0.0219,0.1196,2.5075,0.0,90,0.01,0.01,2.2,0.0,0.7421,2.1905,0.64,1.9133,0.0836,0.457,9.5814,0.0,13.2308,0.48,2.47,41.15,0,116,3.4626,0.01,0.01,2.2,0,10,90,10.0,42,a,14,16,30
103914,Taylor,Southampton,DEF,353,3,5,0,131.1,2682,0.0014,0.0441,2.4138,0.0023,90,0.0,0.04,2.2,0.0,0.7421,2.1905,0.64,1.9133,0.002,0.0642,3.5161,0.0033,11.409,0.25,1.8,53.59,1,373,7.8323,0.0,0.04,2.2,0,10,90,10.0,39,a,5,3,8
158534,Walker-Peters,Southampton,DEF,2918,33,0,0,770.5,2918,0.0341,0.0497,2.1813,0.031,270,0.0833,0.0167,1.5767,0.0,0.7421,2.1905,0.64,1.9133,0.2919,0.4256,18.6747,0.2652,58.9027,0.8500000000000001,2.3000000000000003,76.26,3,240,6.8803,0.25,0.05,4.73,0,34,270,11.3333,42,d,0,33,33
244845,Wood,Southampton,DEF,771,9,2,0,252.3,771,0.0127,0.0024,2.6637,0.1156,149,0.0,0.0,2.9597,0.0,0.7421,2.1905,0.64,1.9133,0.0356,0.0067,7.4673,0.3242,17.4408,0.22999999999999998,0.04,21.73,2,54,6.2215,0.0,0.0,4.9,0,12,149,7.2483,39,a,2,9,11
149519,Cornet,Southampton,MID,71,1,1,0,5.0,180,0.2268,0.0018,2.241,0.0,0,0.0,0.0,0.0,0.0,0.7421,2.1905,0.64,1.9133,0.0126,0.0001,0.1245,0.0,1.017,0.56,0.02,4.61,0,52,18.306,0.0,0.0,0.0,0,0,0,0.0,47,u,1,1,2
220585,Downes,Southampton,MID,2149,25,2,0,655.4,2149,0.0085,0.0372,1.9324,0.0,540,0.0033,0.0433,1.9133,0.0,0.7421,2.1905,0.64,1.9133,0.0617,0.2707,14.0723,0.0,93.4462,0.64,1.4100000000000001,48.11,0,312,12.8321,0.02,0.26,11.48,0,83,540,13.8333,47,a,2,25,27
204814,Brereton Díaz,Southampton,MID,446,4,6,0,44.0,1551,0.2927,0.0491,2.4803,0.1393,0,0.0,0.0,0.0,0.0,0.7421,2.1905,0.64,1.9133,0.1431,0.024,1.2126,0.0681,5.5447,6.42,1.22,35.34,5,216,11.3414,0.0,0.0,0.0,0,0,0,0.0,48,u,6,4,10
496661,Dibling,Southampton,MID,1863,20,13,0,505.0,1863,0.0936,0.0485,2.4562,0.065,204,0.0618,0.0176,2.4265,0.0,0.7421,2.1905,0.64,1.9133,0.5253,0.2722,13.7821,0.3647,58.5007,2.6,1.47,49.16,4,247,10.4259,0.14,0.04,5.5,0,12,204,5.2941,43,a,13,20,33
551226,M.Fernandes,Southampton,MID,2911,34,2,0,949.8,2911,0.1067,0.1215,2.0902,0.3876,501,0.0539,0.1527,1.8772,0.1796,0.7421,2.1905,0.64,1.9133,1.1256,1.2823,22.0588,4.0905,175.1788,4.12,3.62,70.78,8,513,16.5994,0.30000000000000004,0.85,10.45,1,85,501,15.2695,50,a,2,34,36
545508,O'Brien-Whitmarsh,Southampton,MID,0,0,0,0,0.0,0,0.0,0.0,0.0,0.0,0,0.0,0.0,0.0,0.0,0.7421,2.1905,0.64,1.9133,0.0,0.0,0.0,0.0,0.0,0.0,0.0,0.0,0,0,0.0,0.0,0.0,0.0,0,0,0,0.0,45,u,0,0,0
500016,Welington,Southampton,DEF,478,6,4,0,322.3,478,0.0064,0.0166,2.2291,0.0,272,0.0099,0.0066,2.1971,0.0,0.7421,2.1905,0.64,1.9133,0.023,0.0595,7.9827,0.0,37.0031,0.04,0.16,11.629999999999999,0,53,10.3329,0.03,0.02,6.640000000000001,0,39,272,12.9044,40,a,4,6,10
620408,Kayi Sanda,Southampton,DEF,12,0,2,0,11.3,12,0.0,0.0,1.7522,0.0,12,0.0,0.0,1.65,0.0,0.7421,2.1905,0.64,1.9133,0.0,0.0,0.22,0.0,2.668,0.0,0.0,0.22,0,3,21.2496,0.0,0.0,0.22,0,3,12,22.5,40,a,2,0,2
494779,Grønbæk,Southampton,MID,141,2,2,0,50.9,141,0.0631,0.0074,3.3822,0.0,0,0.0,0.0,0.0,0.0,0.7421,2.1905,0.64,1.9133,0.0357,0.0042,1.9128,0.0,4.8487,0.12,0.01,5.1,0,13,8.5733,0.0,0.0,0.0,0,0,0,0.0,49,d,2,2,4
100047426,Rusk,Southampton,UNK,0,0,0,0,0.0,0,0.0,0.0,0.0,0.0,0,0.0,0.0,0.0,0.0,0.7421,2.1905,0.64,1.9133,0.0,0.0,0.0,0.0,0.0,0.0,0.0,0.0,0,0,0.0,0.0,0.0,0.0,0,0,0,0.0,5,a,0,0,0
495024,Jay Robinson,Southampton,FWD,134,1,3,0,124.2,134,0.0507,0.3499,1.9744,0.0,133,0.0474,0.3519,1.5699,0.0,0.7421,2.1905,0.64,1.9133,0.07,0.4828,2.7247,0.0,15.7561,0.07,0.53,3.17,0,19,11.4175,0.07,0.52,2.32,0,15,133,10.1504,44,a,3,1,4
494551,Moore,Southampton,DEF,0,0,0,0,0.0,0,0.0,0.0,0.0,0.0,0,0.0,0.0,0.0,0.0,0.7421,2.1905,0.64,1.9133,0.0,0.0,0.0,0.0,0.0,0.0,0.0,0.0,0,0,0.0,0.0,0.0,0.0,0,0,0,0.0,40,a,0,0,0
154566,Solanke,Spurs,FWD,2199,25,2,0,571.2,5524,0.4266,0.0252,1.6416,0.32,171,0.5526,0.0,1.7368,0.5263,1.3698,1.7478,1.0867,1.775,2.7074,0.1598,10.4188,2.0307,103.5677,30.53,3.24,96.72,27,964,16.3184,1.05,0.0,3.3,1,65,171,34.2105,73,a,2,25,27
548308,A.Phillips,Spurs,DEF,0,0,0,0,0.0,0,0.0,0.0,0.0,0.0,0,0.0,0.0,0.0,0.0,1.3698,1.7478,1.0867,1.775,0.0,0.0,0.0,0.0,0.0,0.0,0.0,0.0,0,0,0.0,0.0,0.0,0.0,0,0,0,0.0,40,u,0,0,0
214572,Austin,Spurs,GK,90,1,0,0,18.9,90,0.0,0.0,2.5329,0.0,0,0.0,0.0,0.0,0.0,1.3698,1.7478,1.0867,1.775,0.0,0.0,0.5319,0.0,1.4716,0.0,0.0,2.53,0,7,7.0076,0.0,0.0,0.0,0,0,0,0.0,40,a,0,1,1
202993,Bentancur,Spurs,MID,1640,21,5,0,546.7,2637,0.0496,0.051,1.61,0.0159,216,0.0,0.0333,1.6333,0.0,1.3698,1.7478,1.0867,1.775,0.3012,0.31,9.78,0.0964,86.288,3.37,2.07,46.85,1,446,14.2051,0.0,0.08,3.92,0,27,216,11.25,49,a,5,21,26
570526,Bergvall,Spurs,MID,1200,11,16,0,412.0,1200,0.0533,0.0481,1.8124,0.0,99,0.0,0.0091,2.0727,0.0,1.3698,1.7478,1.0867,1.775,0.244,0.2202,8.2969,0.0,63.2931,0.7100000000000001,0.8200000000000001,24.33,0,216,13.8262,0.0,0.01,2.28,0,13,99,11.8182,44,i,16,11,27
227127,Bissouma,Spurs,MID,1396,16,12,0,393.2,3466,0.0364,0.0178,1.7907,0.0612,196,0.0184,0.0,1.777,0.0,1.3698,1.7478,1.0867,1.775,0.159,0.0779,7.8233,0.2672,53.6797,1.82,2.15,67.68,4,573,12.2868,0.04,0.0,3.87,0,15,196,6.8878,48,a,12,16,28
436234,Bryan,Spurs,MID,0,0,0,0,0.9,200,0.36,0.15,3.11,0.0,0,0.0,0.0,0.0,0.0,1.3698,1.7478,1.0867,1.775,0.0036,0.0015,0.0311,0.0,0.1919,0.67,0.24,7.1899999999999995,0,41,19.19,0.0,0.0,0.0,0,0,0,0.0,50,u,0,0,0
115556,Davies,Spurs,DEF,1329,14,3,0,627.2,2414,0.0177,0.0339,1.8179,0.0,429,0.0021,0.0357,1.9217,0.0,1.3698,1.7478,1.0867,1.775,0.1236,0.2365,12.6686,0.0,48.4241,2.61,1.07,48.22,0,370,6.9486,0.01,0.17,9.16,0,22,429,4.6154,43,a,3,14,17
496179,Devine,Spurs,MID,0,0,0,0,0.0,0,0.0,0.0,0.0,0.0,0,0.0,0.0,0.0,0.0,1.3698,1.7478,1.0867,1.775,0.0,0.0,0.0,0.0,0.0,0.0,0.0,0.0,0,0,0.0,0.0,0.0,0.0,0,0,0,0.0,45,u,0,0,0
493125,Dragusin,Spurs,DEF,1250,14,2,0,196.8,1674,0.0109,0.0139,2.0441,0.0,0,0.0,0.0,0.0,0.0,1.3698,1.7478,1.0867,1.775,0.0239,0.0305,4.4698,0.0,13.7456,0.27,0.17,36.79,0,178,6.2861,0.0,0.0,0.0,0,0,0,0.0,43,i,2,14,16
241157,E.Royal,Spurs,DEF,0,0,0,0,8.4,1152,0.015,0.0514,2.175,0.1607,0,0.0,0.0,0.0,0.0,1.3698,1.7478,1.0867,1.775,0.0014,0.0048,0.203,0.015,1.5059,0.22,0.8600000000000001,28.71,4,233,16.1346,0.0,0.0,0.0,0,0,0,0.0,45,u,0,0,0
40383,Forster,Spurs,GK,630,7,0,0,95.1,630,0.0,0.0,2.0489,0.0,0,0.0,0.0,0.0,0.0,1.3698,1.7478,1.0867,1.775,0.0,0.0,2.165,0.0,8.7349,0.0,0.0,14.8,0,64,8.2665,0.0,0.0,0.0,0,0,0,0.0,43,a,0,7,7
547701,Gray,Spurs,MID,1750,19,9,0,710.8,1750,0.0005,0.009,1.9409,0.0,405,0.0,0.0044,2.0067,0.0,1.3698,1.7478,1.0867,1.775,0.0038,0.0709,15.3291,0.0,83.8745,0.03,0.19,37.33,0,253,10.62,0.0,0.02,9.030000000000001,0,33,405,7.3333,46,a,9,19,28
132015,Højbjerg,Spurs,MID,0,0,0,0,10.2,1289,0.0609,0.0926,1.5388,0.0,0,0.0,0.0,0.0,0.0,1.3698,1.7478,1.0867,1.775,0.0069,0.0105,0.1744,0.0,2.116,0.68,1.57,26.52,0,239,18.6706,0.0,0.0,0.0,0,0,0,0.0,50,u,0,0,0
242898,Johnson,Spurs,MID,2171,24,9,0,573.4,4488,0.3419,0.0901,1.7892,0.5752,206,0.2097,0.0087,2.0141,0.0,1.3698,1.7478,1.0867,1.775,2.1782,0.5739,11.3989,3.6648,116.1944,21.11,6.29,82.85,22,858,18.2377,0.48,0.02,4.609999999999999,0,11,206,4.8058,62,a,9,24,33
445044,Kulusevski,Spurs,MID,2386,27,5,0,525.3,5145,0.134,0.1051,1.5258,0.2855,219,0.0575,0.0329,1.0849,0.0,1.3698,1.7478,1.0867,1.775,0.7823,0.6134,8.9055,1.6663,78.5549,9.01,10.4,91.71,23,889,13.4589,0.14,0.08,2.6399999999999997,0,17,219,6.9863,62,i,5,27,32
200826,Lo Celso,Spurs,MID,0,0,0,0,2.9,491,0.1117,0.5214,2.5448,0.7945,0,0.0,0.0,0.0,0.0,1.3698,1.7478,1.0867,1.775,0.0036,0.0168,0.082,0.0256,1.3294,0.54,1.79,12.46,6,189,41.2572,0.0,0.0,0.0,0,0,0,0.0,49,u,0,0,0
172780,Maddison,Spurs,MID,1799,21,10,0,404.4,3936,0.1898,0.2275,1.7148,0.5261,45,0.0,0.18,2.28,0.0,1.3698,1.7478,1.0867,1.775,0.8527,1.0221,7.7052,2.364,116.9116,12.07,12.13,64.92999999999999,24,1087,26.0189,0.0,0.09,1.14,0,18,45,36.0,74,i,10,21,31
441164,Pedro Porro,Spurs,DEF,2606,28,5,0,637.0,5696,0.0409,0.2084,1.8811,0.23,237,0.0418,0.3,1.9975,0.3797,1.3698,1.7478,1.0867,1.775,0.2893,1.4749,13.3139,1.628,101.5166,4.55,10.89,107.79,26,1176,14.343,0.11,0.79,5.26,1,32,237,12.1519,52,a,5,28,33
199249,Reguilón,Spurs,DEF,194,1,3,0,111.6,1718,0.0562,0.0696,1.4285,0.1594,73,0.0616,0.0,1.5904,0.0,1.3698,1.7478,1.0867,1.775,0.0697,0.0863,1.7714,0.1977,10.6155,1.06,3.07,32.91,14,370,8.5609,0.05,0.0,1.29,0,3,73,3.6986,41,a,3,1,4
212319,Richarlison,Spurs,FWD,497,4,11,0,228.3,1978,0.7638,0.0343,1.4013,0.0156,207,0.6957,0.0087,1.0217,0.0,1.3698,1.7478,1.0867,1.775,1.9375,0.0871,3.5547,0.0396,52.5675,13.2,2.02,32.88,7,443,20.7231,1.6,0.02,2.3499999999999996,0,21,207,9.1304,68,a,11,4,15
221632,Romero,Spurs,DEF,1416,18,0,0,322.9,4206,0.1058,0.0271,1.328,0.1723,45,0.2,0.04,0.34,0.0,1.3698,1.7478,1.0867,1.775,0.3795,0.0973,4.7644,0.6183,45.9097,4.7700000000000005,2.22,71.86,18,836,12.7961,0.1,0.02,0.17,0,1,45,2.0,49,i,0,18,18
482442,P.M.Sarr,Spurs,MID,1901,22,14,0,627.0,3964,0.1608,0.034,1.6824,0.205,402,0.1187,0.0358,1.5425,0.0,1.3698,1.7478,1.0867,1.775,1.1204,0.2369,11.7205,1.4279,97.3025,6.89,2.87,71.21,8,762,13.9669,0.53,0.16,6.890000000000001,0,48,402,10.7463,47,a,14,22,36
490145,Scarlett,Spurs,FWD,31,0,3,0,11.2,50,0.1471,0.0,2.4396,0.0,0,0.0,0.0,0.0,0.0,1.3698,1.7478,1.0867,1.775,0.0183,0.0,0.3036,0.0,7.6848,0.04,0.0,0.8500000000000001,0,30,61.7529,0.0,0.0,0.0,0,0,0,0.0,44,a,3,0,3
235674,Solomon,Spurs,MID,0,0,0,0,0.3,196,0.18,0.33,0.78,0.84,0,0.0,0.0,0.0,0.0,1.3698,1.7478,1.0867,1.775,0.0006,0.0011,0.0026,0.0028,0.0765,0.41000000000000003,0.75,1.79,2,53,22.95,0.0,0.0,0.0,0,0,0,0.0,54,u,0,0,0
85971,Son,Spurs,MID,2106,24,6,0,514.4,5040,0.2984,0.1703,1.624,0.2869,105,0.1457,0.0171,1.86,0.0,1.3698,1.7478,1.0867,1.775,1.7057,0.9732,9.2821,1.6398,103.4,18.740000000000002,12.84,91.76,37,1250,18.091,0.16999999999999998,0.02,2.17,0,3,105,2.5714,97,d,6,24,30
232859,Spence,Spurs,DEF,1790,19,6,0,787.5,1790,0.0282,0.0577,1.7595,0.2131,457,0.0177,0.0158,1.8098,0.0,1.3698,1.7478,1.0867,1.775,0.2469,0.5046,15.396,1.8645,60.4896,0.58,1.4100000000000001,34.79,6,216,6.9131,0.09000000000000001,0.08,9.19,0,-9,457,-1.7724,44,a,6,19,25
487053,Udogie,Spurs,DEF,1923,24,1,0,434.2,4314,0.0067,0.0361,1.7856,0.006,180,0.0,0.03,2.275,0.0,1.3698,1.7478,1.0867,1.775,0.0324,0.174,8.6144,0.0288,24.7564,2.73,3.58,81.98,8,635,5.1315,0.0,0.06,4.55,0,-17,180,-8.5,48,a,1,24,25
491279,Van de Ven,Spurs,DEF,1014,12,1,0,226.0,3355,0.0539,0.0207,1.3958,0.1,110,0.0,0.0082,1.2191,0.0,1.3698,1.7478,1.0867,1.775,0.1354,0.052,3.505,0.2512,17.875,1.15,1.0299999999999998,50.84,12,640,7.1184,0.0,0.01,1.49,0,3,110,2.4545,45,a,1,12,13
536908,Veliz,Spurs,FWD,0,0,0,0,0.2,45,0.945,0.0,3.15,0.0,0,0.0,0.0,0.0,0.0,1.3698,1.7478,1.0867,1.775,0.0021,0.0,0.007,0.0,0.1864,0.42,0.0,1.8800000000000001,0,40,83.88,0.0,0.0,0.0,0,0,0,0.0,50,u,0,0,0
184254,Vicario,Spurs,GK,2160,24,0,0,706.4,5580,0.0,0.0,1.5422,0.0599,360,0.0,0.0,1.4675,0.0,1.3698,1.7478,1.0867,1.775,0.0,0.0,12.1048,0.4705,63.2822,0.0,0.0,97.18,11,1023,8.0626,0.0,0.0,5.869999999999999,0,-4,360,-1.0,48,a,0,24,24
165153,Werner,Spurs,MID,504,4,14,0,66.9,1312,0.1613,0.2929,2.1248,0.3878,0,0.0,0.0,0.0,0.0,1.3698,1.7478,1.0867,1.775,0.1199,0.2177,1.5794,0.2883,15.8648,4.8500000000000005,4.48,22.47,7,293,21.3428,0.0,0.0,0.0,0,0,0,0.0,62,d,14,4,18
175941,Whiteman,Spurs,GK,0,0,0,0,0.0,0,0.0,0.0,0.0,0.0,0,0.0,0.0,0.0,0.0,1.3698,1.7478,1.0867,1.775,0.0,0.0,0.0,0.0,0.0,0.0,0.0,0.0,0,0,0.0,0.0,0.0,0.0,0,0,0,0.0,39,a,0,0,0
552427,Lankshear,Spurs,FWD,10,0,3,0,1.6,10,0.0,0.0,0.1688,0.0,0,0.0,0.0,0.0,0.0,1.3698,1.7478,1.0867,1.775,0.0,0.0,0.003,0.0,1.0625,0.0,0.0,0.02,0,7,59.7656,0.0,0.0,0.0,0,0,0,0.0,45,u,3,0,3
499721,Moore,Spurs,MID,359,3,7,0,189.3,362,0.0206,0.0696,2.1781,0.0,179,0.0,0.005,2.4687,0.0,1.3698,1.7478,1.0867,1.775,0.0434,0.1463,4.5813,0.0,19.2305,0.2,0.56,6.92,0,55,9.1429,0.0,0.01,4.91,0,14,179,7.0391,45,a,7,3,10
550839,Odobert,Spurs,MID,843,9,7,0,483.9,2938,0.1761,0.0879,1.9605,0.4329,399,0.2143,0.1241,1.8835,0.6767,1.3698,1.7478,1.0867,1.775,0.9469,0.4724,10.5407,2.3273,55.8102,4.38,4.08,61.64,6,395,10.3801,0.95,0.5499999999999999,8.35,3,54,399,12.1805,53,a,7,9,16
499726,Olusesi,Spurs,MID,0,0,0,0,0.0,0,0.0,0.0,0.0,0.0,0,0.0,0.0,0.0,0.0,1.3698,1.7478,1.0867,1.775,0.0,0.0,0.0,0.0,0.0,0.0,0.0,0.0,0,0,0.0,0.0,0.0,0.0,0,0,0,0.0,45,a,0,0,0
611920,Hardy,Spurs,DEF,0,0,0,0,0.0,0,0.0,0.0,0.0,0.0,0,0.0,0.0,0.0,0.0,1.3698,1.7478,1.0867,1.775,0.0,0.0,0.0,0.0,0.0,0.0,0.0,0.0,0,0,0.0,0.0,0.0,0.0,0,0,0,0.0,40,a,0,0,0
611917,Williams-Barnett,Spurs,MID,0,0,0,0,0.0,0,0.0,0.0,0.0,0.0,0,0.0,0.0,0.0,0.0,1.3698,1.7478,1.0867,1.775,0.0,0.0,0.0,0.0,0.0,0.0,0.0,0.0,0,0,0.0,0.0,0.0,0.0,0,0,0,0.0,45,u,0,0,0
519321,Dorrington,Spurs,DEF,13,0,1,0,1.9,13,0.0,0.0,0.2795,0.0,0,0.0,0.0,0.0,0.0,1.3698,1.7478,1.0867,1.775,0.0,0.0,0.0059,0.0,0.5946,0.0,0.0,0.04,0,4,28.1653,0.0,0.0,0.0,0,0,0,0.0,40,u,1,0,1
592736,King,Spurs,DEF,0,0,0,0,0.0,0,0.0,0.0,0.0,0.0,0,0.0,0.0,0.0,0.0,1.3698,1.7478,1.0867,1.775,0.0,0.0,0.0,0.0,0.0,0.0,0.0,0.0,0,0,0.0,0.0,0.0,0.0,0,0,0,0.0,40,a,0,0,0
485055,Kinsky,Spurs,GK,540,6,0,0,252.6,540,0.0,0.001,2.1317,0.0,180,0.0,0.0,2.39,0.0,1.3698,1.7478,1.0867,1.775,0.0,0.0027,5.9829,0.0,43.816,0.0,0.01,11.8,0,86,15.6114,0.0,0.0,4.78,0,34,180,17.0,41,a,0,6,6
623095,Yang,Spurs,MID,0,0,0,0,0.0,0,0.0,0.0,0.0,0.0,0,0.0,0.0,0.0,0.0,1.3698,1.7478,1.0867,1.775,0.0,0.0,0.0,0.0,0.0,0.0,0.0,0.0,0,0,0.0,0.0,0.0,0.0,0,0,0,0.0,45,u,0,0,0
574799,Ajayi,Spurs,MID,0,0,0,0,0.0,0,0.0,0.0,0.0,0.0,0,0.0,0.0,0.0,0.0,1.3698,1.7478,1.0867,1.775,0.0,0.0,0.0,0.0,0.0,0.0,0.0,0.0,0,0,0.0,0.0,0.0,0.0,0,0,0,0.0,45,a,0,0,0
100041880,Postecoglou,Spurs,UNK,0,0,0,0,0.0,0,0.0,0.0,0.0,0.0,0,0.0,0.0,0.0,0.0,1.3698,1.7478,1.0867,1.775,0.0,0.0,0.0,0.0,0.0,0.0,0.0,0.0,0,0,0.0,0.0,0.0,0.0,0,0,0,0.0,11,a,0,0,0
501620,Cassanova,Spurs,DEF,0,0,0,0,0.0,0,0.0,0.0,0.0,0.0,0,0.0,0.0,0.0,0.0,1.3698,1.7478,1.0867,1.775,0.0,0.0,0.0,0.0,0.0,0.0,0.0,0.0,0,0,0.0,0.0,0.0,0.0,0,0,0,0.0,40,a,0,0,0
135720,Danso,Spurs,DEF,842,9,1,0,539.8,842,0.0307,0.0099,1.9019,0.0,495,0.0127,0.0109,1.9055,0.0,1.3698,1.7478,1.0867,1.775,0.1842,0.0596,11.4072,0.0,55.3486,0.39999999999999997,0.12,17.189999999999998,0,104,9.2282,0.07,0.06,10.48,0,40,495,7.2727,44,a,1,9,10
511499,Tel,Spurs,MID,908,11,2,0,586.4,908,0.2808,0.1716,1.7502,0.1825,509,0.1998,0.2157,1.6709,0.0,1.3698,1.7478,1.0867,1.775,1.8293,1.1183,11.4034,1.1892,98.2699,2.96,1.55,17.39,2,151,15.0824,1.1300000000000001,1.22,9.45,0,66,509,11.6699,58,a,2,11,13
487117,Ferguson,West Ham,FWD,385,3,17,0,95.1,1724,0.3105,0.1382,1.0892,0.1617,14,0.0,0.0,0.9,0.0,1.1539,1.4619,1.1183,1.2917,0.3281,0.146,1.1509,0.1709,21.2598,5.62,1.42,27.81,7,315,20.1197,0.0,0.0,0.14,0,8,14,51.4286,55,a,17,3,20
214590,Wan-Bissaka,West Ham,DEF,3154,35,1,0,997.4,4932,0.025,0.0805,1.5042,0.5743,450,0.036,0.082,1.422,1.0,1.1539,1.4619,1.1183,1.2917,0.2766,0.8921,16.6702,6.365,183.311,1.29,4.22,95.52,20,819,16.541,0.18000000000000002,0.41000000000000003,7.109999999999999,5,96,450,19.2,45,a,1,35,36
213999,Álvarez,West Ham,MID,1769,20,8,0,490.6,4144,0.0268,0.0393,1.5049,0.0049,137,0.0526,0.0328,1.7934,0.0,1.1539,1.4619,1.1183,1.2917,0.1459,0.214,8.2033,0.0268,59.8828,1.76,1.7,80.0,3,566,10.9854,0.08,0.05,2.73,0,12,137,7.8832,50,a,8,20,28
57531,Antonio,West Ham,FWD,834,11,3,0,78.2,2526,0.2384,0.0869,2.0334,0.3057,0,0.0,0.0,0.0,0.0,1.1539,1.4619,1.1183,1.2917,0.2071,0.0755,1.7668,0.2656,9.8961,7.65,2.19,53.67,11,339,11.3894,0.0,0.0,0.0,0,0,0,0.0,52,i,3,11,14
84182,Areola,West Ham,GK,2259,25,1,0,826.8,4959,0.0,0.0,1.4727,0.0985,450,0.0,0.0,1.392,0.2,1.1539,1.4619,1.1183,1.2917,0.0,0.0,13.5293,0.905,107.6413,0.0,0.0,92.5,12,859,11.7171,0.0,0.0,6.96,1,59,450,11.8,42,a,1,25,26
178186,Bowen,West Ham,MID,2974,34,0,0,950.0,5994,0.2675,0.1624,1.3363,0.9506,517,0.2333,0.2002,1.0549,1.5667,1.1539,1.4619,1.1183,1.2917,2.8234,1.7144,14.1051,10.0344,246.2369,20.56,11.370000000000001,113.51,35,1197,23.3277,1.34,1.15,6.0600000000000005,9,174,517,30.2901,79,a,0,34,34
164555,Coufal,West Ham,DEF,1056,11,11,0,396.1,4191,0.0302,0.0572,1.6666,0.073,294,0.0306,0.0276,1.601,0.0,1.1539,1.4619,1.1183,1.2917,0.1331,0.2519,7.3347,0.3213,40.1668,0.7200000000000001,3.9,85.82000000000001,10,603,9.1265,0.1,0.09,5.23,0,32,294,9.7959,41,a,11,11,22
55459,Cresswell,West Ham,DEF,818,10,8,0,391.1,1249,0.0313,0.2286,1.4851,0.2662,235,0.046,0.2566,1.7234,0.0,1.1539,1.4619,1.1183,1.2917,0.1359,0.9933,6.4538,1.1567,79.2528,0.22999999999999998,2.33,18.97,3,230,18.2377,0.12,0.67,4.5,0,50,235,19.1489,39,a,8,10,18
490885,Earthy,West Ham,MID,0,0,0,0,0.8,33,0.945,0.0,0.4725,0.0,0,0.0,0.0,0.0,0.0,1.1539,1.4619,1.1183,1.2917,0.0084,0.0,0.0042,0.0,0.636,0.35,0.0,0.16,0,27,71.55,0.0,0.0,0.0,0,0,0,0.0,45,u,0,0,0
109533,Emerson,West Ham,DEF,2108,26,5,0,511.4,5246,0.0759,0.0652,1.3881,0.3313,261,0.0379,0.0172,0.831,0.6897,1.1539,1.4619,1.1183,1.2917,0.4315,0.3705,7.8876,1.8825,61.2279,3.59,4.26,105.59,12,738,10.7753,0.11,0.05,2.41,2,43,261,14.8276,44,a,5,26,31
37096,Fabianski,West Ham,GK,1160,13,1,0,244.6,1881,0.0,0.0,1.4204,0.0725,90,0.0,0.0,0.79,0.0,1.1539,1.4619,1.1183,1.2917,0.0,0.0,3.8602,0.197,30.6479,0.0,0.0,39.78,3,295,11.2768,0.0,0.0,0.79,0,11,90,11.0,39,a,1,13,14
82143,Foderingham,West Ham,GK,0,0,0,0,17.9,2648,0.0,0.0015,2.2857,0.1006,0,0.0,0.0,0.0,0.0,1.1539,1.4619,1.1183,1.2917,0.0,0.0003,0.4546,0.02,3.7497,0.0,0.05,62.03,7,531,18.8532,0.0,0.0,0.0,0,0,0,0.0,42,a,0,0,0
84939,Ings,West Ham,FWD,270,1,14,0,47.1,659,0.4876,0.0229,1.8237,0.5215,0,0.0,0.0,0.0,0.0,1.1539,1.4619,1.1183,1.2917,0.2552,0.012,0.9544,0.2729,15.1031,3.4299999999999997,0.32,15.32,8,215,28.8594,0.0,0.0,0.0,0,0,0,0.0,48,a,14,1,15
214048,Kilman,West Ham,DEF,3348,38,0,0,1059.4,6768,0.0213,0.0319,1.4669,0.072,540,0.0167,0.025,1.2917,0.0,1.1539,1.4619,1.1183,1.2917,0.2513,0.375,17.2676,0.8477,133.1084,3.33,2.31,126.88,8,987,11.3081,0.1,0.15,7.75,0,64,540,10.6667,43,a,0,38,38
460842,Kudus,West Ham,MID,2589,31,1,0,839.8,5074,0.2037,0.0806,1.4028,0.1781,421,0.186,0.1005,1.1501,0.2138,1.1539,1.4619,1.1183,1.2917,1.901,0.7521,13.09,1.6623,134.2676,12.03,6.15,92.96,18,849,14.3892,0.87,0.47000000000000003,5.38,1,100,421,21.3777,62,a,1,31,32
577114,L.Guilherme,West Ham,MID,139,1,11,0,62.5,139,0.4064,0.053,1.4918,0.0,26,0.9692,0.0346,1.2115,0.0,1.1539,1.4619,1.1183,1.2917,0.2822,0.0368,1.036,0.0,18.3699,0.42,0.13,2.61,0,47,26.4527,0.28,0.01,0.35000000000000003,0,8,26,27.6923,46,a,11,1,12
224024,L.Paquetá,West Ham,MID,2374,27,6,0,667.0,5001,0.1349,0.1455,1.44,0.1066,301,0.0718,0.1645,1.0734,0.0,1.1539,1.4619,1.1183,1.2917,1.0,1.0784,10.6719,0.7903,100.8273,10.55,8.290000000000001,94.28,12,773,13.6049,0.24000000000000002,0.5499999999999999,3.5900000000000003,0,48,301,14.3522,57,a,6,27,33
233963,Mavropanos,West Ham,DEF,2035,21,12,0,551.4,3535,0.0737,0.0066,1.4398,0.0746,193,0.0233,0.0047,1.2777,0.0,1.1539,1.4619,1.1183,1.2917,0.4518,0.0402,8.8214,0.4571,64.2155,2.8000000000000003,0.48,66.47,7,463,10.4813,0.05,0.01,2.74,0,25,193,11.658,43,a,12,21,33
210494,N.Aguerd,West Ham,DEF,0,0,0,0,8.0,1857,0.0461,0.0202,2.0194,0.0,0,0.0,0.0,0.0,0.0,1.1539,1.4619,1.1183,1.2917,0.0041,0.0018,0.1795,0.0,1.3014,1.3699999999999999,0.41000000000000003,38.79,0,282,14.6408,0.0,0.0,0.0,0,0,0,0.0,44,u,0,0,0
215439,Souček,West Ham,MID,2563,30,5,0,794.8,5430,0.2419,0.0246,1.5137,0.5251,416,0.3029,0.0108,1.4776,0.4327,1.1539,1.4619,1.1183,1.2917,2.1366,0.2173,13.3673,4.6375,143.015,13.29,2.41,106.67,24,898,16.1945,1.4,0.05,6.83,2,85,416,18.3894,48,a,5,30,35
101178,Ward-Prowse,West Ham,MID,1433,17,7,0,653.8,4433,0.1679,0.1879,1.2824,0.2932,367,0.2747,0.2305,1.2114,0.4905,1.1539,1.4619,1.1183,1.2917,1.2199,1.3652,9.3157,2.1299,160.5261,7.82,8.98,82.58,21,1001,22.0975,1.12,0.94,4.9399999999999995,2,105,367,25.7493,61,a,7,17,24
103192,Zouma,West Ham,DEF,0,0,0,0,23.5,2838,0.0448,0.0046,2.0103,0.1325,0,0.0,0.0,0.0,0.0,1.1539,1.4619,1.1183,1.2917,0.0117,0.0012,0.5249,0.0346,3.5415,1.9,0.07,59.8,6,444,13.5632,0.0,0.0,0.0,0,0,0,0.0,44,u,0,0,0
229384,Irving,West Ham,MID,161,1,9,0,34.7,161,0.0708,0.0897,2.2905,0.0,0,0.0,0.0,0.0,0.0,1.1539,1.4619,1.1183,1.2917,0.0273,0.0346,0.8831,0.0,7.9425,0.13,0.12,4.48,0,38,20.6001,0.0,0.0,0.0,0,0,0,0.0,47,a,9,1,10
450070,Summerville,West Ham,MID,776,7,12,0,90.8,776,0.18,0.1886,2.0902,0.1607,0,0.0,0.0,0.0,0.0,1.1539,1.4619,1.1183,1.2917,0.1816,0.1903,2.1088,0.1621,14.3814,1.61,1.71,17.58,2,129,14.2547,0.0,0.0,0.0,0,0,0,0.0,55,i,12,7,19
197024,G.Rodríguez,West Ham,MID,1147,16,7,0,211.6,1147,0.0109,0.0233,1.5611,0.0,131,0.0,0.0344,1.587,0.0,1.1539,1.4619,1.1183,1.2917,0.0257,0.0548,3.6704,0.0,44.4823,0.22,0.17,20.67,0,193,18.9197,0.0,0.05,2.31,0,28,131,19.2366,48,a,7,16,23
91889,Füllkrug,West Ham,FWD,783,6,12,0,366.6,783,0.1777,0.0431,1.5041,0.2984,324,0.1,0.0444,1.3222,0.0,1.1539,1.4619,1.1183,1.2917,0.724,0.1757,6.1267,1.2155,56.6375,2.14,0.47000000000000003,14.22,3,152,13.9045,0.36,0.16,4.76,0,32,324,8.8889,67,a,12,6,18
462116,Todibo,West Ham,DEF,1824,20,7,0,725.2,1824,0.0275,0.0033,1.3769,0.0219,521,0.0363,0.0035,1.2472,0.0,1.1539,1.4619,1.1183,1.2917,0.2217,0.0269,11.095,0.1768,87.3448,0.36,0.06,29.86,1,233,10.8398,0.21,0.02,7.220000000000001,0,57,521,9.8464,42,a,7,20,27
518438,Casey,West Ham,DEF,1,0,1,0,0.2,2,0.0,0.0,6.03,0.0,0,0.0,0.0,0.0,0.0,1.1539,1.4619,1.1183,1.2917,0.0,0.0,0.0134,0.0,0.5182,0.0,0.0,0.09,0,6,233.19,0.0,0.0,0.0,0,0,0,0.0,40,a,1,0,1
224860,C.Soler,West Ham,MID,1394,14,17,0,388.3,1394,0.1376,0.1926,1.8339,0.1063,148,0.0912,0.4014,1.6662,0.0,1.1539,1.4619,1.1183,1.2917,0.5935,0.831,7.9122,0.4585,61.2722,1.8499999999999999,1.9300000000000002,28.62,2,216,14.2016,0.15,0.66,2.74,0,27,148,16.4189,50,a,17,14,31
536109,Scarles,West Ham,DEF,659,7,8,0,308.2,659,0.0108,0.0234,1.242,0.2065,81,0.0,0.0111,0.8333,0.0,1.1539,1.4619,1.1183,1.2917,0.0369,0.0803,4.2532,0.7071,42.2997,0.11,0.18,10.12,2,98,12.3523,0.0,0.01,0.75,0,9,81,10.0,40,a,8,7,15
602903,Mayers,West Ham,DEF,0,0,0,0,0.0,0,0.0,0.0,0.0,0.0,0,0.0,0.0,0.0,0.0,1.1539,1.4619,1.1183,1.2917,0.0,0.0,0.0,0.0,0.0,0.0,0.0,0.0,0,0,0.0,0.0,0.0,0.0,0,0,0,0.0,40,a,0,0,0
518442,Orford,West Ham,MID,47,0,2,0,12.4,47,0.0544,0.0791,2.3008,0.0,0,0.0,0.0,0.0,0.0,1.1539,1.4619,1.1183,1.2917,0.0075,0.0109,0.317,0.0,3.4865,0.03,0.04,1.23,0,13,25.3052,0.0,0.0,0.0,0,0,0,0.0,45,a,2,0,2
100046435,Potter,West Ham,UNK,0,0,0,0,0.0,0,0.0,0.0,0.0,0.0,0,0.0,0.0,0.0,0.0,1.1539,1.4619,1.1183,1.2917,0.0,0.0,0.0,0.0,0.0,0.0,0.0,0.0,0,0,0.0,0.0,0.0,0.0,0,0,0,0.0,5,a,0,0,0
101982,Johnstone,Wolves,GK,630,7,0,0,58.3,2426,0.0,0.0,1.6518,0.0219,0,0.0,0.0,0.0,0.0,1.2415,1.4431,1.0417,1.3117,0.0,0.0,1.07,0.0142,4.3537,0.0,0.0,40.15,7,352,6.721,0.0,0.0,0.0,0,0,0,0.0,41,i,0,7,7
448514,Aït-Nouri,Wolves,DEF,3112,37,0,0,965.0,5439,0.0763,0.1632,1.4092,0.4899,491,0.0697,0.121,1.2868,0.3666,1.2415,1.4431,1.0417,1.3117,0.8181,1.7503,15.1098,5.2533,172.5971,5.81,5.79,99.06,19,812,16.0971,0.38,0.66,7.02,2,85,491,15.5804,51,a,0,37,37
476502,B.Traore,Wolves,MID,1,0,1,0,10.0,803,0.0378,0.0234,1.9116,0.0,0,0.0,0.0,0.0,0.0,1.2415,1.4431,1.0417,1.3117,0.0042,0.0026,0.2124,0.0,2.8385,0.28,0.33,18.74,0,125,25.5465,0.0,0.0,0.0,0,0,0,0.0,48,a,1,0,1
231057,Bellegarde,Wolves,MID,1666,20,15,0,521.7,2614,0.086,0.1563,1.3501,0.3125,194,0.0928,0.0974,1.4567,0.0,1.2415,1.4431,1.0417,1.3117,0.4984,0.9059,7.8263,1.8114,122.4053,2.81,3.5,52.7,6,482,21.1165,0.2,0.21,3.14,0,54,194,25.0515,49,a,15,20,35
79602,Bentley,Wolves,GK,180,2,0,0,144.4,562,0.0,0.0,1.5545,0.4062,180,0.0,0.0,1.505,0.5,1.2415,1.4431,1.0417,1.3117,0.0,0.0,2.4941,0.6517,20.6035,0.0,0.0,10.8,2,102,12.8415,0.0,0.0,3.01,1,29,180,14.5,39,a,0,2,2
510363,Chiquinho,Wolves,MID,6,0,1,0,0.2,6,0.0,0.9,0.0,0.0,0,0.0,0.0,0.0,0.0,1.2415,1.4431,1.0417,1.3117,0.0,0.002,0.0,0.0,0.1621,0.0,0.05,0.0,0,4,72.945,0.0,0.0,0.0,0,0,0,0.0,45,u,1,0,1
497606,Chirewa,Wolves,MID,0,0,0,0,2.4,138,0.0863,0.045,0.9562,0.0,0,0.0,0.0,0.0,0.0,1.2415,1.4431,1.0417,1.3117,0.0023,0.0012,0.0255,0.0,0.3422,0.16,0.07,1.45,0,21,12.8325,0.0,0.0,0.0,0,0,0,0.0,45,u,0,0,0
589507,Chiwome,Wolves,FWD,0,0,0,0,2.4,173,0.0525,0.0112,0.9788,0.0,0,0.0,0.0,0.0,0.0,1.2415,1.4431,1.0417,1.3117,0.0014,0.0003,0.0261,0.0,0.1713,0.1,0.02,1.89,0,12,6.4238,0.0,0.0,0.0,0,0,0,0.0,44,i,0,0,0
245923,Cundle,Wolves,MID,0,0,0,0,0.0,0,0.0,0.0,0.0,0.0,0,0.0,0.0,0.0,0.0,1.2415,1.4431,1.0417,1.3117,0.0,0.0,0.0,0.0,0.0,0.0,0.0,0.0,0,0,0.0,0.0,0.0,0.0,0,0,0,0.0,45,u,0,0,0
430871,Cunha,Wolves,FWD,2596,29,4,0,707.7,5034,0.3489,0.1658,1.4411,1.3693,433,0.2848,0.1434,1.2388,1.2471,1.2415,1.4431,1.0417,1.3117,2.7433,1.3035,11.3321,10.7669,218.111,18.22,8.26,93.03999999999999,56,1358,27.7377,1.37,0.69,5.96,6,123,433,25.5658,70,a,4,29,33
60232,Dawson,Wolves,DEF,969,10,5,0,93.9,3178,0.0468,0.0053,1.7028,0.1232,0,0.0,0.0,0.0,0.0,1.2415,1.4431,1.0417,1.3117,0.0488,0.0055,1.7766,0.1285,6.4428,2.08,0.49000000000000005,57.03,7,478,6.1752,0.0,0.0,0.0,0,0,0,0.0,42,a,5,10,15
87835,Doherty,Wolves,DEF,2105,25,5,0,742.7,3241,0.0267,0.0449,1.3777,0.1628,299,0.0,0.012,1.3485,0.0,1.2415,1.4431,1.0417,1.3117,0.2206,0.3706,11.3689,1.3435,117.297,2.01,2.1,55.84,5,493,14.214,0.0,0.04,4.48,0,56,299,16.8562,43,a,5,25,30
220394,Doyle,Wolves,MID,474,3,21,0,75.8,1683,0.0923,0.0659,1.8285,0.0,0,0.0,0.0,0.0,0.0,1.2415,1.4431,1.0417,1.3117,0.0777,0.0555,1.54,0.0,22.005,0.97,1.22,32.38,0,325,26.1273,0.0,0.0,0.0,0,0,0,0.0,47,a,21,3,24
449988,Fábio Silva,Wolves,FWD,0,0,0,0,0.4,259,0.2925,0.0225,2.43,0.0,0,0.0,0.0,0.0,0.0,1.2415,1.4431,1.0417,1.3117,0.0013,0.0001,0.0108,0.0,-0.0008,1.12,0.09000000000000001,7.2,0,7,-0.18,0.0,0.0,0.0,0,0,0,0.0,50,u,0,0,0
531363,Fraser,Wolves,FWD,0,0,0,0,1.8,183,0.18,0.035,1.505,0.0,0,0.0,0.0,0.0,0.0,1.2415,1.4431,1.0417,1.3117,0.0036,0.0007,0.0301,0.0,0.206,0.32,0.06,3.25,0,17,10.3,0.0,0.0,0.0,0,0,0,0.0,45,u,0,0,0
593001,Gonzalez,Wolves,MID,0,0,0,0,0.0,1,0.0,0.0,0.0,0.0,0,0.0,0.0,0.0,0.0,1.2415,1.4431,1.0417,1.3117,0.0,0.0,0.0,0.0,0.0723,0.0,0.0,0.0,0,3,0.0,0.0,0.0,0.0,0,0,0,0.0,44,i,0,0,0
181284,Guedes,Wolves,MID,979,10,19,0,348.2,979,0.3829,0.1009,1.58,0.0838,223,0.4439,0.1211,1.5578,0.0,1.2415,1.4431,1.0417,1.3117,1.4815,0.3905,6.1129,0.3242,38.533,3.2800000000000002,0.92,18.83,2,187,9.9597,1.1,0.30000000000000004,3.86,0,15,223,6.0538,53,a,19,10,29
490721,H.Bueno,Wolves,DEF,0,0,0,0,7.0,727,0.0116,0.1054,1.8386,0.0,0,0.0,0.0,0.0,0.0,1.2415,1.4431,1.0417,1.3117,0.0009,0.0082,0.143,0.0,1.1784,0.31,0.68,12.99,0,136,15.1509,0.0,0.0,0.0,0,0,0,0.0,45,u,0,0,0
184754,Hee Chan,Wolves,MID,646,5,16,0,124.8,2762,0.1435,0.045,2.1059,0.0229,14,0.0,0.0,3.15,0.0,1.2415,1.4431,1.0417,1.3117,0.199,0.0624,2.9202,0.0318,28.8989,8.32,3.19,51.43,10,464,20.8406,0.0,0.0,0.49,0,6,14,38.5714,61,a,16,5,21
240299,Hodge,Wolves,MID,0,0,0,0,0.0,0,0.0,0.0,0.0,0.0,0,0.0,0.0,0.0,0.0,1.2415,1.4431,1.0417,1.3117,0.0,0.0,0.0,0.0,0.0,0.0,0.0,0.0,0,0,0.0,0.0,0.0,0.0,0,0,0,0.0,45,u,0,0,0
441271,Hoever,Wolves,DEF,0,0,0,0,0.0,0,0.0,0.0,0.0,0.0,0,0.0,0.0,0.0,0.0,1.2415,1.4431,1.0417,1.3117,0.0,0.0,0.0,0.0,0.0,0.0,0.0,0.0,0,0,0.0,0.0,0.0,0.0,0,0,0,0.0,40,u,0,0,0
448089,J.Gomes,Wolves,MID,2975,35,1,0,920.7,5621,0.0906,0.0703,1.3821,0.0978,464,0.0582,0.0349,1.1851,0.0,1.2415,1.4431,1.0417,1.3117,0.9264,0.7194,14.1388,1.0009,168.7842,4.76,4.37,102.55,10,848,16.4989,0.30000000000000004,0.18,6.109999999999999,0,90,464,17.4569,49,a,1,35,36
149065,José Sá,Wolves,GK,2610,29,0,0,876.0,5647,0.0,0.0,1.3818,0.1696,360,0.0,0.0,1.18,0.25,1.2415,1.4431,1.0417,1.3117,0.0,0.0004,13.4491,1.651,120.1642,0.0,0.01,101.6,12,927,12.3456,0.0,0.0,4.72,1,64,360,16.0,44,a,0,29,29
429414,Kalajdžić,Wolves,FWD,0,0,0,0,0.4,158,0.45,0.1125,1.4175,1.7325,0,0.0,0.0,0.0,0.0,1.2415,1.4431,1.0417,1.3117,0.002,0.0005,0.0063,0.0077,0.1635,1.01,0.26,2.5700000000000003,4,88,36.7875,0.0,0.0,0.0,0,0,0,0.0,48,i,0,0,0
138001,King,Wolves,GK,1,0,1,0,1.0,1,0.0,0.0,12.6,0.0,1,0.0,0.0,12.6,0.0,1.2415,1.4431,1.0417,1.3117,0.0,0.0,0.14,0.0,3.0,0.0,0.0,0.14,0,3,270.0,0.0,0.0,0.14,0,3,1,270.0,39,a,1,0,1
151086,Mario Jr.,Wolves,MID,1363,15,2,0,142.8,4332,0.0812,0.0575,1.8814,0.2576,0,0.0,0.0,0.0,0.0,1.2415,1.4431,1.0417,1.3117,0.1288,0.0913,2.9852,0.4088,24.764,5.9,2.13,87.43,18,742,15.6076,0.0,0.0,0.0,0,0,0,0.0,48,u,2,15,17
501837,Mosquera,Wolves,DEF,441,5,0,0,21.3,441,0.0646,0.0059,1.1248,0.0,0,0.0,0.0,0.0,0.0,1.2415,1.4431,1.0417,1.3117,0.0153,0.0014,0.2662,0.0,1.2956,0.33,0.03,5.63,0,24,5.4744,0.0,0.0,0.0,0,0,0,0.0,38,i,0,5,5
200402,N.Semedo,Wolves,DEF,2889,32,2,0,954.6,5973,0.0304,0.0578,1.3714,0.0,471,0.0287,0.0745,1.1732,0.0,1.2415,1.4431,1.0417,1.3117,0.3227,0.6134,14.546,0.0,112.6331,2.02,3.4,116.85,0,757,10.6191,0.15000000000000002,0.39,6.140000000000001,0,71,471,13.5669,45,a,2,32,34
641221,Pedro Lima,Wolves,DEF,69,1,2,0,16.1,69,0.1185,0.1258,0.9531,0.0,0,0.0,0.0,0.0,0.0,1.2415,1.4431,1.0417,1.3117,0.0212,0.0225,0.1705,0.0,3.0093,0.06,0.09999999999999999,0.77,0,9,16.8222,0.0,0.0,0.0,0,0,0,0.0,39,a,2,1,3
200600,Podence,Wolves,MID,46,0,2,0,2.0,46,0.072,0.018,1.3815,0.0,0,0.0,0.0,0.0,0.0,1.2415,1.4431,1.0417,1.3117,0.0016,0.0004,0.0307,0.0,0.3904,0.04,0.01,0.7000000000000001,0,9,17.568,0.0,0.0,0.0,0,0,0,0.0,55,u,2,0,2
483081,R.Gomes,Wolves,MID,794,7,18,0,270.6,794,0.1104,0.0934,1.5814,0.0,189,0.1667,0.0333,1.3524,0.0,1.2415,1.4431,1.0417,1.3117,0.332,0.2808,4.7547,0.0,63.9863,0.72,0.87,16.09,0,183,21.2815,0.35,0.07,2.84,0,47,189,22.381,51,a,18,7,25
231480,S.Bueno,Wolves,DEF,1678,18,11,0,387.1,2497,0.0152,0.0063,1.5628,0.1644,103,0.0,0.0175,1.3194,0.0,1.2415,1.4431,1.0417,1.3117,0.0652,0.0272,6.7219,0.7071,55.6751,0.44999999999999996,0.11,50.11,2,298,12.9444,0.0,0.02,1.51,0,32,103,27.9612,43,a,11,18,29
88484,Sarabia,Wolves,MID,800,7,16,0,324.3,2537,0.1969,0.2169,1.7783,0.4713,151,0.1132,0.0536,1.5139,0.0,1.2415,1.4431,1.0417,1.3117,0.7094,0.7817,6.4078,1.6984,71.152,8.4,6.9,46.73,11,533,19.7462,0.19,0.09,2.54,0,36,151,21.457,50,a,16,7,23
247412,Strand Larsen,Wolves,FWD,2587,30,5,0,664.0,2587,0.4403,0.0381,1.4023,0.8236,271,0.3686,0.0199,1.2819,0.6642,1.2415,1.4431,1.0417,1.3117,3.2486,0.2813,10.3455,6.0765,191.4967,10.14,1.0,43.94,17,570,25.9559,1.1099999999999999,0.060000000000000005,3.86,2,89,271,29.5572,52,a,5,30,35
510362,Toti,Wolves,DEF,2613,30,1,0,937.4,5384,0.0374,0.0148,1.3543,0.2746,540,0.0,0.0083,1.3117,0.5,1.2415,1.4431,1.0417,1.3117,0.3894,0.1539,14.1058,2.8604,140.4836,2.35,1.23,95.11,14,838,13.4879,0.0,0.05,7.87,3,78,540,13.0,43,a,1,30,31
560248,Meupiyou,Wolves,DEF,0,0,0,0,0.0,0,0.0,0.0,0.0,0.0,0,0.0,0.0,0.0,0.0,1.2415,1.4431,1.0417,1.3117,0.0,0.0,0.0,0.0,0.0,0.0,0.0,0.0,0,0,0.0,0.0,0.0,0.0,0,0,0,0.0,39,a,0,0,0
509291,André,Wolves,MID,2472,31,2,0,889.0,2472,0.0199,0.024,1.384,0.0426,475,0.0265,0.0303,1.3699,0.0,1.2415,1.4431,1.0417,1.3117,0.197,0.2374,13.6709,0.4204,149.5886,0.41000000000000003,0.52,40.79,1,436,15.144,0.14,0.16,7.23,0,81,475,15.3474,50,a,2,31,33
463212,Forbs,Wolves,MID,236,1,9,0,22.1,236,0.0595,0.033,3.6859,0.0,1,0.0,0.0,4.5,0.0,1.2415,1.4431,1.0417,1.3117,0.0146,0.0081,0.9051,0.0,5.3723,0.15,0.1,8.09,0,35,21.8781,0.0,0.0,0.05,0,3,1,270.0,54,a,9,1,10
517179,Pond,Wolves,DEF,1,0,1,0,0.1,1,0.0,0.0,0.0,0.0,0,0.0,0.0,0.0,0.0,1.2415,1.4431,1.0417,1.3117,0.0,0.0,0.0,0.0,0.3153,0.0,0.0,0.0,0,3,283.77,0.0,0.0,0.0,0,0,0,0.0,39,a,1,0,1
596054,Edozie,Wolves,MID,0,0,0,0,0.0,0,0.0,0.0,0.0,0.0,0,0.0,0.0,0.0,0.0,1.2415,1.4431,1.0417,1.3117,0.0,0.0,0.0,0.0,0.0,0.0,0.0,0.0,0,0,0.0,0.0,0.0,0.0,0,0,0,0.0,45,a,0,0,0
613467,Okoduwa,Wolves,DEF,0,0,0,0,0.0,0,0.0,0.0,0.0,0.0,0,0.0,0.0,0.0,0.0,1.2415,1.4431,1.0417,1.3117,0.0,0.0,0.0,0.0,0.0,0.0,0.0,0.0,0,0,0.0,0.0,0.0,0.0,0,0,0,0.0,40,a,0,0,0
516939,Agbadou,Wolves,DEF,1410,16,0,0,780.2,1410,0.0823,0.0248,1.4102,0.0748,540,0.1033,0.0417,1.3117,0.1667,1.2415,1.4431,1.0417,1.3117,0.7135,0.2146,12.2249,0.6484,123.758,0.9,0.32,23.12,1,223,14.2761,0.62,0.25,7.87,1,90,540,15.0,40,a,0,16,16
100040854,Pereira,Wolves,UNK,0,0,0,0,0.0,0,0.0,0.0,0.0,0.0,0,0.0,0.0,0.0,0.0,1.2415,1.4431,1.0417,1.3117,0.0,0.0,0.0,0.0,0.0,0.0,0.0,0.0,0,0,0.0,0.0,0.0,0.0,0,0,0,0.0,8,a,0,0,0
531170,Djiga,Wolves,DEF,65,1,4,0,48.9,65,0.0,0.0169,1.9791,0.0,46,0.0,0.0196,2.2891,0.0,1.2415,1.4431,1.0417,1.3117,0.0,0.0092,1.0753,0.0,5.6636,0.0,0.01,1.23,0,11,10.4238,0.0,0.01,1.1700000000000002,0,3,46,5.8696,45,a,4,1,5
433312,Munetsi,Wolves,MID,1077,12,2,0,653.0,1077,0.2142,0.1069,1.264,0.3915,469,0.0652,0.1957,1.2665,0.3838,1.2415,1.4431,1.0417,1.3117,1.5539,0.7758,9.171,2.8409,84.2831,3.32,1.08,14.59,4,134,11.6164,0.33999999999999997,1.02,6.6,2,52,469,9.9787,50,a,2,12,14
647671,Mané,Wolves,FWD,1,0,1,0,0.8,1,0.0,0.0,0.0,0.0,1,0.0,0.0,0.0,0.0,1.2415,1.4431,1.0417,1.3117,0.0,0.0,0.0,0.0,2.5227,0.0,0.0,0.0,0,3,283.8038,0.0,0.0,0.0,0,3,1,270.0,45,a,1,0,1
